time_ns,input_v,hspice_native_pad_v,hspice_native_ku,hspice_native_kd,legacy_input_v,legacy_pad_v,legacy_ku,legacy_kd,coefficient_value_match_input_v,coefficient_value_match_pad_v,coefficient_value_match_ku,coefficient_value_match_kd,coefficient_value_match_kuleg,coefficient_value_match_kdleg,coefficient_value_match_hfall_after_rise,coefficient_value_match_hrise_after_fall,coefficient_value_match_hreverse_edge,coefficient_value_match_kutarget,coefficient_value_match_kdtarget,coefficient_value_match_coeff_jump_ku,coefficient_value_match_coeff_jump_kd,pad_voltage_input_v,pad_voltage_pad_v,pad_voltage_ku,pad_voltage_kd,pad_voltage_kuleg,pad_voltage_kdleg,pad_voltage_padsamp,pad_voltage_padslewpre,pad_voltage_padslewsamp,pad_voltage_tr_pad_early,pad_voltage_tf_pad_early,pad_voltage_tr_pad_late,pad_voltage_tf_pad_late,pad_voltage_padstartcmd,pad_voltage_padstart_latch,pad_voltage_padstartspan,pad_voltage_padmatch_ambiguous,pad_voltage_pmt0,pad_voltage_pmelapsed,pad_voltage_padarg,pad_voltage_kupadmatch,pad_voltage_kdpadmatch,pad_voltage_padmapactive,pad_voltage_hfall_after_rise,pad_voltage_hrise_after_fall,pad_voltage_hreverse_edge,pad_voltage_pmsample,pad_voltage_pmlatchpulse,pad_voltage_kutarget,pad_voltage_kdtarget,pad_voltage_coeff_jump_ku,pad_voltage_coeff_jump_kd,pad_slew_input_v,pad_slew_pad_v,pad_slew_ku,pad_slew_kd,pad_slew_kuleg,pad_slew_kdleg,pad_slew_padsamp,pad_slew_padslewpre,pad_slew_padslewsamp,pad_slew_tr_pad_early,pad_slew_tf_pad_early,pad_slew_tr_pad_late,pad_slew_tf_pad_late,pad_slew_tr_pad_score,pad_slew_tf_pad_score,pad_slew_tr_pad_score_late,pad_slew_tf_pad_score_late,pad_slew_padstartcmd,pad_slew_padstart_latch,pad_slew_padstartspan,pad_slew_padmatch_ambiguous,pad_slew_pmt0,pad_slew_pmelapsed,pad_slew_padarg,pad_slew_kupadmatch,pad_slew_kdpadmatch,pad_slew_padmapactive,pad_slew_hfall_after_rise,pad_slew_hrise_after_fall,pad_slew_hreverse_edge,pad_slew_pmsample,pad_slew_pmlatchpulse,pad_slew_kutarget,pad_slew_kdtarget,pad_slew_coeff_jump_ku,pad_slew_coeff_jump_kd
0.0,0.0,7.470019e-09,0.0,1.0,0.0,7.412644716551909e-09,0.0,1.0,0.0,7.412644716551909e-09,0.0,1.0,0.0,1.0,0.0,0.0,0.0,0.0,1.0,0.0,0.0,0.0,7.412644716551908e-09,0.0,0.9999999999999999,0.0,1.0,0.0,0.0,0.0,0.1626240004903894,11.58314141590642,1.06940634300869,13.98314141590596,11.58314141590642,0.0,2.399999999999544,1.0,0.0,0.0,0.0,0.9868245456194074,0.01225488636315029,0.0,0.0,0.0,0.0,0.0,0.0,0.0,1.0,0.0,1.110223024625157e-16,0.0,7.412644716551908e-09,0.0,0.9999999999999999,0.0,1.0,0.0,0.0,0.0,0.1626240004903894,11.58314141590642,1.06940634300869,13.98314141590596,0.6643238726460741,13.783141415906,0.9266901922220062,13.783141415906,13.783141415906,0.0,0.0,0.0,0.0,0.0,0.0,0.9868245456194074,0.01225488636315029,0.0,0.0,0.0,0.0,0.0,0.0,0.0,1.0,0.0,1.110223024625157e-16
0.001,0.0,7.470019e-09,0.0,1.0,0.0,7.412644716551899e-09,0.0,1.0,0.0,7.412644716551899e-09,0.0,1.0,0.0,1.0,0.0,0.0,0.0,0.0,1.0,0.0,0.0,0.0,7.412655354686475e-09,0.0,0.9999999999999996,0.0,1.0,0.0,9.851331621287085e-13,0.0,0.1626240004903894,11.58314141590642,1.06940634300869,13.98314141590596,11.58314141590642,0.0,2.399999999999544,1.0,0.0,0.0,0.0,0.9868245456194074,0.01225488636315029,0.0,0.0,0.0,0.0,0.0,0.0,0.0,1.0,0.0,3.95516952522712e-16,0.0,7.412655354686475e-09,0.0,0.9999999999999996,0.0,1.0,0.0,9.851331621287085e-13,0.0,0.1626240004903894,11.58314141590642,1.06940634300869,13.98314141590596,0.6643238726460741,13.783141415906,0.9266901922220062,13.783141415906,13.783141415906,0.0,0.0,0.0,0.0,0.0,0.0,0.9868245456194074,0.01225488636315029,0.0,0.0,0.0,0.0,0.0,0.0,0.0,1.0,0.0,3.95516952522712e-16
0.002,0.0,7.470019e-09,0.0,1.0,0.0,7.412644716551898e-09,0.0,1.0,0.0,7.412644716551898e-09,0.0,1.0,0.0,1.0,0.0,0.0,0.0,0.0,1.0,0.0,0.0,0.0,7.412698606795991e-09,0.0,0.9999999999999997,0.0,1.0,0.0,4.90976546252282e-12,0.0,0.1626240004903894,11.58314141590642,1.06940634300869,13.98314141590596,11.58314141590642,0.0,2.399999999999544,1.0,0.0,0.0,0.0,0.9868245456194074,0.01225488636315029,0.0,0.0,0.0,0.0,0.0,0.0,0.0,1.0,0.0,3.816391647148976e-16,0.0,7.412698606795991e-09,0.0,0.9999999999999997,0.0,1.0,0.0,4.90976546252282e-12,0.0,0.1626240004903894,11.58314141590642,1.06940634300869,13.98314141590596,0.6643238726460741,13.783141415906,0.9266901922220062,13.783141415906,13.783141415906,0.0,0.0,0.0,0.0,0.0,0.0,0.9868245456194074,0.01225488636315029,0.0,0.0,0.0,0.0,0.0,0.0,0.0,1.0,0.0,3.816391647148976e-16
0.0052,0.0,7.470019e-09,0.0,1.0,0.0,7.412644716551895e-09,0.0,1.0,0.0,7.412644716551895e-09,0.0,1.0,0.0,1.0,0.0,0.0,0.0,0.0,1.0,0.0,0.0,0.0,7.412870410575134e-09,0.0,0.9999999999999999,0.0,1.0,0.0,1.8162129371213294e-11,0.0,0.1626240004903894,11.58314141590642,1.06940634300869,13.98314141590596,11.58314141590642,0.0,2.399999999999544,1.0,0.0,0.0,0.0,0.9868245456194074,0.01225488636315029,0.0,0.0,0.0,0.0,0.0,0.0,0.0,1.0,0.0,1.5099033134902132e-16,0.0,7.412870410575134e-09,0.0,0.9999999999999999,0.0,1.0,0.0,1.8162129371213294e-11,0.0,0.1626240004903894,11.58314141590642,1.06940634300869,13.98314141590596,0.6643238726460741,13.783141415906,0.9266901922220062,13.783141415906,13.783141415906,0.0,0.0,0.0,0.0,0.0,0.0,0.9868245456194074,0.01225488636315029,0.0,0.0,0.0,0.0,0.0,0.0,0.0,1.0,0.0,1.5099033134902132e-16
0.01544,0.0,7.470019e-09,0.0,1.0,0.0,7.4126447165519e-09,0.0,1.0,0.0,7.4126447165519e-09,0.0,1.0,0.0,1.0,0.0,0.0,0.0,0.0,1.0,0.0,0.0,0.0,7.413252563598014e-09,0.0,1.0,0.0,1.0,0.0,3.018519254231603e-11,0.0,0.1626240004903894,11.58314141590642,1.06940634300869,13.98314141590596,11.58314141590642,0.0,2.399999999999544,1.0,0.0,0.0,0.0,0.9868245456194074,0.01225488636315029,0.0,0.0,0.0,0.0,0.0,0.0,0.0,1.0,0.0,0.0,0.0,7.413252563598014e-09,0.0,1.0,0.0,1.0,0.0,3.018519254231603e-11,0.0,0.1626240004903894,11.58314141590642,1.06940634300869,13.98314141590596,0.6643238726460741,13.783141415906,0.9266901922220062,13.783141415906,13.783141415906,0.0,0.0,0.0,0.0,0.0,0.0,0.9868245456194074,0.01225488636315029,0.0,0.0,0.0,0.0,0.0,0.0,0.0,1.0,0.0,0.0
0.048208,0.0,7.470019e-09,0.0,1.0,0.0,7.412644716551901e-09,0.0,1.0,0.0,7.412644716551901e-09,0.0,1.0,0.0,1.0,0.0,0.0,0.0,0.0,1.0,0.0,0.0,0.0,7.414172460485828e-09,0.0,1.0,0.0,1.0,0.0,2.573168900849795e-11,0.0,0.1626240004903894,11.58314141590642,1.06940634300869,13.98314141590596,11.58314141590642,0.0,2.399999999999544,1.0,0.0,0.0,0.0,0.9868245456194074,0.01225488636315029,0.0,0.0,0.0,0.0,0.0,0.0,0.0,1.0,0.0,0.0,0.0,7.414172460485828e-09,0.0,1.0,0.0,1.0,0.0,2.573168900849795e-11,0.0,0.1626240004903894,11.58314141590642,1.06940634300869,13.98314141590596,0.6643238726460741,13.783141415906,0.9266901922220062,13.783141415906,13.783141415906,0.0,0.0,0.0,0.0,0.0,0.0,0.9868245456194074,0.01225488636315029,0.0,0.0,0.0,0.0,0.0,0.0,0.0,1.0,0.0,0.0
0.1530656,0.0,7.470019e-09,0.0,1.0,0.0,7.412644716551901e-09,0.0,1.0,0.0,7.412644716551901e-09,0.0,1.0,0.0,1.0,0.0,0.0,0.0,0.0,1.0,0.0,0.0,0.0,7.415540460988049e-09,0.0,1.0,0.0,1.0,0.0,7.409912127084255e-12,0.0,0.1626240004903894,11.58314141590642,1.06940634300869,13.98314141590596,11.58314141590642,0.0,2.399999999999544,1.0,0.0,0.0,0.0,0.9868245456194074,0.01225488636315029,0.0,0.0,0.0,0.0,0.0,0.0,0.0,1.0,0.0,0.0,0.0,7.415540460988049e-09,0.0,1.0,0.0,1.0,0.0,7.409912127084255e-12,0.0,0.1626240004903894,11.58314141590642,1.06940634300869,13.98314141590596,0.6643238726460741,13.783141415906,0.9266901922220062,13.783141415906,13.783141415906,0.0,0.0,0.0,0.0,0.0,0.0,0.9868245456194074,0.01225488636315029,0.0,0.0,0.0,0.0,0.0,0.0,0.0,1.0,0.0,0.0
0.4886099,0.0,7.470019e-09,0.0,1.0,0.0,7.412644716551901e-09,0.0,1.0,0.0,7.412644716551901e-09,0.0,1.0,0.0,1.0,0.0,0.0,0.0,0.0,1.0,0.0,0.0,0.0,7.416075160156416e-09,0.0,1.0,0.0,1.0,0.0,1.3298283137839573e-13,0.0,0.1626240004903894,11.58314141590642,1.06940634300869,13.98314141590596,11.58314141590642,0.0,2.399999999999544,1.0,0.0,0.0,0.0,0.9868245456194074,0.01225488636315029,0.0,0.0,0.0,0.0,0.0,0.0,0.0,1.0,0.0,0.0,0.0,7.416075160156416e-09,0.0,1.0,0.0,1.0,0.0,1.3298283137839573e-13,0.0,0.1626240004903894,11.58314141590642,1.06940634300869,13.98314141590596,0.6643238726460741,13.783141415906,0.9266901922220062,13.783141415906,13.783141415906,0.0,0.0,0.0,0.0,0.0,0.0,0.9868245456194074,0.01225488636315029,0.0,0.0,0.0,0.0,0.0,0.0,0.0,1.0,0.0,0.0
1.562352,0.0,7.470019e-09,0.0,1.0,0.0,7.412644716551901e-09,0.0,1.0,0.0,7.412644716551901e-09,0.0,1.0,0.0,1.0,0.0,0.0,0.0,0.0,1.0,0.0,0.0,0.0,7.416084931525116e-09,0.0,1.0,0.0,1.0,0.0,3.4357858626295292e-19,0.0,0.1626240004903894,11.58314141590642,1.06940634300869,13.98314141590596,11.58314141590642,0.0,2.399999999999544,1.0,0.0,0.0,0.0,0.9868245456194074,0.01225488636315029,0.0,0.0,0.0,0.0,0.0,0.0,0.0,1.0,0.0,0.0,0.0,7.416084931525116e-09,0.0,1.0,0.0,1.0,0.0,3.4357858626295292e-19,0.0,0.1626240004903894,11.58314141590642,1.06940634300869,13.98314141590596,0.6643238726460741,13.783141415906,0.9266901922220062,13.783141415906,13.783141415906,0.0,0.0,0.0,0.0,0.0,0.0,0.9868245456194074,0.01225488636315029,0.0,0.0,0.0,0.0,0.0,0.0,0.0,1.0,0.0,0.0
2.662352,0.0,7.470019e-09,0.0,1.0,0.0,7.412644716551901e-09,0.0,1.0,0.0,7.412644716551901e-09,0.0,1.0,0.0,1.0,0.0,0.0,0.0,0.0,1.0,0.0,0.0,0.0,7.416084931550333e-09,0.0,1.0,0.0,1.0,0.0,5.293955920339377e-22,0.0,0.1626240004903894,11.58314141590642,1.06940634300869,13.98314141590596,11.58314141590642,0.0,2.399999999999544,1.0,0.0,0.0,0.0,0.9868245456194074,0.01225488636315029,0.0,0.0,0.0,0.0,0.0,0.0,0.0,1.0,0.0,0.0,0.0,7.416084931550333e-09,0.0,1.0,0.0,1.0,0.0,5.293955920339377e-22,0.0,0.1626240004903894,11.58314141590642,1.06940634300869,13.98314141590596,0.6643238726460741,13.783141415906,0.9266901922220062,13.783141415906,13.783141415906,0.0,0.0,0.0,0.0,0.0,0.0,0.9868245456194074,0.01225488636315029,0.0,0.0,0.0,0.0,0.0,0.0,0.0,1.0,0.0,0.0
3.762352,0.0,7.470019e-09,0.0,1.0,0.0,7.412644716551901e-09,0.0,1.0,0.0,7.412644716551901e-09,0.0,1.0,0.0,1.0,0.0,0.0,0.0,0.0,1.0,0.0,0.0,0.0,7.416084931550333e-09,0.0,1.0,0.0,1.0,0.0,5.293955920339377e-22,0.0,0.1626240004903894,11.58314141590642,1.06940634300869,13.98314141590596,11.58314141590642,0.0,2.399999999999544,1.0,0.0,0.0,0.0,0.9868245456194074,0.01225488636315029,0.0,0.0,0.0,0.0,0.0,0.0,0.0,1.0,0.0,0.0,0.0,7.416084931550333e-09,0.0,1.0,0.0,1.0,0.0,5.293955920339377e-22,0.0,0.1626240004903894,11.58314141590642,1.06940634300869,13.98314141590596,0.6643238726460741,13.783141415906,0.9266901922220062,13.783141415906,13.783141415906,0.0,0.0,0.0,0.0,0.0,0.0,0.9868245456194074,0.01225488636315029,0.0,0.0,0.0,0.0,0.0,0.0,0.0,1.0,0.0,0.0
4.862352,0.0,7.470019e-09,0.0,1.0,0.0,7.412644716551901e-09,0.0,1.0,0.0,7.412644716551901e-09,0.0,1.0,0.0,1.0,0.0,0.0,0.0,0.0,1.0,0.0,0.0,0.0,7.416084931550333e-09,0.0,1.0,0.0,1.0,0.0,5.293955920339377e-22,0.0,0.1626240004903894,11.58314141590642,1.06940634300869,13.98314141590596,11.58314141590642,0.0,2.399999999999544,1.0,0.0,0.0,0.0,0.9868245456194074,0.01225488636315029,0.0,0.0,0.0,0.0,0.0,0.0,0.0,1.0,0.0,0.0,0.0,7.416084931550333e-09,0.0,1.0,0.0,1.0,0.0,5.293955920339377e-22,0.0,0.1626240004903894,11.58314141590642,1.06940634300869,13.98314141590596,0.6643238726460741,13.783141415906,0.9266901922220062,13.783141415906,13.783141415906,0.0,0.0,0.0,0.0,0.0,0.0,0.9868245456194074,0.01225488636315029,0.0,0.0,0.0,0.0,0.0,0.0,0.0,1.0,0.0,0.0
5.0,0.0,7.470019e-09,0.0,1.0,0.0,7.4126447165519e-09,0.0,1.0,0.0,7.4126447165519e-09,0.0,1.0,0.0,1.0,0.0,0.0,0.0,0.0,1.0,0.0,0.0,0.0,7.416137777149893e-09,0.0,0.9999999999999997,0.0,1.0,0.0,4.472303491292373e-12,0.0,0.1626240004903894,11.58314141590642,1.06940634300869,13.98314141590596,11.58314141590642,0.0,2.399999999999544,1.0,0.0,0.0,0.0,0.9868245456194074,0.01225488636315029,0.0,0.0,0.0,0.0,0.0,0.0,0.0,1.0,0.0,3.33066907387547e-16,0.0,7.416137777149893e-09,0.0,0.9999999999999997,0.0,1.0,0.0,4.472303491292373e-12,0.0,0.1626240004903894,11.58314141590642,1.06940634300869,13.98314141590596,0.6643238726460741,13.783141415906,0.9266901922220062,13.783141415906,13.783141415906,0.0,0.0,0.0,0.0,0.0,0.0,0.9868245456194074,0.01225488636315029,0.0,0.0,0.0,0.0,0.0,0.0,0.0,1.0,0.0,3.33066907387547e-16
5.0003,0.0198,7.470019e-09,0.0,1.0,0.01979999999999157,7.412644716551899e-09,0.0,1.0,0.01979999999999157,7.412644716551899e-09,0.0,1.0,0.0,1.0,0.0,0.0,0.0,0.0,1.0,0.0,0.0,0.01979999999999157,7.416126588384128e-09,0.0,0.9999999999999996,0.0,1.0,0.0,3.2532987204581814e-12,0.0,0.1626240004903894,11.58314141590642,1.06940634300869,13.98314141590596,11.58314141590642,0.0,2.399999999999544,1.0,0.0,0.0,0.0,0.9868245456194074,0.01225488636315029,0.0,0.0,0.0,0.0,0.0,0.0,0.0,1.0,0.0,4.440892098500626e-16,0.01979999999999157,7.416126588384128e-09,0.0,0.9999999999999996,0.0,1.0,0.0,3.2532987204581814e-12,0.0,0.1626240004903894,11.58314141590642,1.06940634300869,13.98314141590596,0.6643238726460741,13.783141415906,0.9266901922220062,13.783141415906,13.783141415906,0.0,0.0,0.0,0.0,0.0,0.0,0.9868245456194074,0.01225488636315029,0.0,0.0,0.0,0.0,0.0,0.0,0.0,1.0,0.0,4.440892098500626e-16
5.001259999999999,0.08316,7.470019e-09,0.0,1.0,0.08315999999991625,7.412644716551897e-09,0.0,1.0,0.08315999999991625,7.412644716551897e-09,0.0,1.0,0.0,1.0,0.0,0.0,0.0,0.0,1.0,0.0,0.0,0.08315999999991625,7.416074906011298e-09,0.0,0.9999999999999996,0.0,1.0,0.0,-1.9546135244476977e-12,0.0,0.1626240004903894,11.58314141590642,1.06940634300869,13.98314141590596,11.58314141590642,0.0,2.399999999999544,1.0,0.0,0.0,0.0,0.9868245456194074,0.01225488636315029,0.0,0.0,0.0,0.0,0.0,0.0,0.0,1.0,0.0,4.440892098500626e-16,0.08315999999991625,7.416074906011298e-09,0.0,0.9999999999999996,0.0,1.0,0.0,-1.9546135244476977e-12,0.0,0.1626240004903894,11.58314141590642,1.06940634300869,13.98314141590596,0.6643238726460741,13.783141415906,0.9266901922220062,13.783141415906,13.783141415906,0.0,0.0,0.0,0.0,0.0,0.0,0.9868245456194074,0.01225488636315029,0.0,0.0,0.0,0.0,0.0,0.0,0.0,1.0,0.0,4.440892098500626e-16
5.004332,0.285912,7.470019e-09,0.0,1.0,0.2859119999999866,7.412644716551893e-09,0.0,1.0,0.2859119999999866,7.412644716551893e-09,0.0,1.0,0.0,1.0,0.0,0.0,0.0,0.0,1.0,0.0,0.0,0.2859119999999866,7.416076861861751e-09,0.0,0.9999999999999996,0.0,1.0,0.0,1.353284160877971e-12,0.0,0.1626240004903894,11.58314141590642,1.06940634300869,13.98314141590596,11.58314141590642,0.0,2.399999999999544,1.0,0.0,0.0,0.0,0.9868245456194074,0.01225488636315029,0.0,0.0,0.0,0.0,0.0,0.0,0.0,1.0,0.0,4.0700776082757207e-16,0.2859119999999866,7.416076861861751e-09,0.0,0.9999999999999996,0.0,1.0,0.0,1.353284160877971e-12,0.0,0.1626240004903894,11.58314141590642,1.06940634300869,13.98314141590596,0.6643238726460741,13.783141415906,0.9266901922220062,13.783141415906,13.783141415906,0.0,0.0,0.0,0.0,0.0,0.0,0.9868245456194074,0.01225488636315029,0.0,0.0,0.0,0.0,0.0,0.0,0.0,1.0,0.0,4.0700776082757207e-16
5.010221,0.6746,7.470019e-09,0.0,1.0,0.6745859999999556,7.412644716551892e-09,0.0,1.0,0.6745859999999556,7.412644716551892e-09,0.0,1.0,0.0,1.0,0.0,0.0,0.0,0.0,1.0,0.0,0.0,0.6745859999999556,7.416084233833282e-09,0.0,1.0,0.0,1.0,0.0,2.6289386479977396e-13,0.0,0.1626240004903894,11.58314141590642,1.06940634300869,13.98314141590596,11.58314141590642,0.0,2.399999999999544,1.0,0.0,0.0,0.0,0.9868245456194074,0.01225488636315029,0.0,0.0,0.0,0.0,0.0,0.0,0.0,1.0,0.0,0.0,0.6745859999999556,7.416084233833282e-09,0.0,1.0,0.0,1.0,0.0,2.6289386479977396e-13,0.0,0.1626240004903894,11.58314141590642,1.06940634300869,13.98314141590596,0.6643238726460741,13.783141415906,0.9266901922220062,13.783141415906,13.783141415906,0.0,0.0,0.0,0.0,0.0,0.0,0.9868245456194074,0.01225488636315029,0.0,0.0,0.0,0.0,0.0,0.0,0.0,1.0,0.0,0.0
5.011221,0.7406,7.470019e-09,0.0,1.0,0.7405860000000012,7.412644716551892e-09,0.0,1.0,0.7405860000000012,7.412644716551892e-09,0.0,1.0,0.0,1.0,0.0,0.0,0.0,0.0,1.0,0.0,0.0,0.7405860000000012,7.416084386400899e-09,0.0,1.0,0.0,1.0,0.0,2.192801756609749e-13,0.0,0.1626240004903894,11.58314141590642,1.06940634300869,13.98314141590596,11.58314141590642,0.0,2.399999999999544,1.0,0.0,0.0,0.0,0.9868245456194074,0.01225488636315029,0.0,0.0,0.0,0.0,0.0,0.0,0.0,1.0,0.0,0.0,0.7405860000000012,7.416084386400899e-09,0.0,1.0,0.0,1.0,0.0,2.192801756609749e-13,0.0,0.1626240004903894,11.58314141590642,1.06940634300869,13.98314141590596,0.6643238726460741,13.783141415906,0.9266901922220062,13.783141415906,13.783141415906,0.0,0.0,0.0,0.0,0.0,0.0,0.9868245456194074,0.01225488636315029,0.0,0.0,0.0,0.0,0.0,0.0,0.0,1.0,0.0,0.0
5.012220999999999,0.8066,7.470019e-09,0.0,1.0,0.8065859999999654,7.412644716551892e-09,0.0,1.0,0.8065859999999654,7.412644716551892e-09,0.0,1.0,0.0,1.0,0.0,0.0,0.0,0.0,1.0,0.0,0.0,0.8065859999999654,7.41608444941793e-09,0.0,1.0,0.0,1.0,0.0,1.9154265545260155e-13,0.0,0.1626240004903894,11.58314141590642,1.06940634300869,13.98314141590596,11.58314141590642,0.0,2.399999999999544,1.0,0.0,0.0,0.0,0.9868245456194074,0.01225488636315029,0.0,0.0,0.0,0.0,0.0,0.0,0.0,1.0,0.0,0.0,0.8065859999999654,7.41608444941793e-09,0.0,1.0,0.0,1.0,0.0,1.9154265545260155e-13,0.0,0.1626240004903894,11.58314141590642,1.06940634300869,13.98314141590596,0.6643238726460741,13.783141415906,0.9266901922220062,13.783141415906,13.783141415906,0.0,0.0,0.0,0.0,0.0,0.0,0.9868245456194074,0.01225488636315029,0.0,0.0,0.0,0.0,0.0,0.0,0.0,1.0,0.0,0.0
5.012621,0.833,1.321057e-05,0.004570847,0.9977215,0.8329860000000213,7.412644716551892e-09,0.0,1.0,0.8329860000000213,7.412644716551892e-09,0.0,1.0,0.0,1.0,0.0,0.0,0.0,0.0,1.0,0.0,0.0,0.8329860000000213,7.416084474624742e-09,0.0,1.0,0.0,1.0,0.0,1.8044764736922265e-13,0.0,0.1626240004903894,11.58314141590642,1.06940634300869,13.98314141590596,11.58314141590642,0.0,2.399999999999544,1.0,0.0,0.0,0.0,0.9868245456194074,0.01225488636315029,0.0,0.0,0.0,0.0,0.0,0.0,0.0,1.0,0.0,0.0,0.8329860000000213,7.416084474624742e-09,0.0,1.0,0.0,1.0,0.0,1.8044764736922265e-13,0.0,0.1626240004903894,11.58314141590642,1.06940634300869,13.98314141590596,0.6643238726460741,13.783141415906,0.9266901922220062,13.783141415906,13.783141415906,0.0,0.0,0.0,0.0,0.0,0.0,0.9868245456194074,0.01225488636315029,0.0,0.0,0.0,0.0,0.0,0.0,0.0,1.0,0.0,0.0
5.013076,0.8630284,3.503045e-05,0.008727732,0.9956463,0.8630159999999987,7.412644716551892e-09,0.0,1.0,0.8630159999999987,7.412644716551892e-09,0.0,1.0,0.0,1.0,0.0,0.0,0.0,0.0,1.0,0.0,0.0,0.8630159999999987,7.416084500352023e-09,0.0,1.0,0.0,1.0,0.0,1.685335731498106e-13,0.0,0.1626240004903894,11.58314141590642,1.06940634300869,13.98314141590596,11.58314141590642,0.0,2.399999999999544,1.0,0.0,0.0,0.0,0.9868245456194074,0.01225488636315029,0.0,0.0,0.0,0.0,0.0,0.0,0.0,1.0,0.0,0.0,0.8630159999999987,7.416084500352023e-09,0.0,1.0,0.0,1.0,0.0,1.685335731498106e-13,0.0,0.1626240004903894,11.58314141590642,1.06940634300869,13.98314141590596,0.6643238726460741,13.783141415906,0.9266901922220062,13.783141415906,13.783141415906,0.0,0.0,0.0,0.0,0.0,0.0,0.9868245456194074,0.01225488636315029,0.0,0.0,0.0,0.0,0.0,0.0,0.0,1.0,0.0,0.0
5.014192,0.936644,0.0001457009,0.01891849,0.9905589,0.9366720000000365,7.412644716551892e-09,0.0,1.0,0.9366720000000365,7.412644716551892e-09,0.0,1.0,0.0,1.0,0.0,0.0,0.0,0.0,1.0,0.0,0.0,0.9366720000000365,7.416084527427151e-09,0.0,1.0,0.0,1.0,0.0,1.4795285826213413e-13,0.0,0.1626240004903894,11.58314141590642,1.06940634300869,13.98314141590596,11.58314141590642,0.0,2.399999999999544,1.0,0.0,0.0,0.0,0.9868245456194074,0.01225488636315029,0.0,0.0,0.0,0.0,0.0,0.0,0.0,1.0,0.0,0.0,0.9366720000000365,7.416084527427151e-09,0.0,1.0,0.0,1.0,0.0,1.4795285826213413e-13,0.0,0.1626240004903894,11.58314141590642,1.06940634300869,13.98314141590596,0.6643238726460741,13.783141415906,0.9266901922220062,13.783141415906,13.783141415906,0.0,0.0,0.0,0.0,0.0,0.0,0.9868245456194074,0.01225488636315029,0.0,0.0,0.0,0.0,0.0,0.0,0.0,1.0,0.0,0.0
5.016005,1.056337,0.0004069612,0.02169832,0.9893525,1.056329999999998,7.412644716551892e-09,0.0,1.0,1.056329999999998,7.412644716551892e-09,0.0,1.0,0.0,1.0,0.0,0.0,0.0,0.0,1.0,0.0,0.0,1.056329999999998,7.416084558213526e-09,0.0,1.0,0.0,1.0,0.0,1.1946564122726726e-13,0.0,0.1626240004903894,11.58314141590642,1.06940634300869,13.98314141590596,11.58314141590642,0.0,2.399999999999544,1.0,0.0,0.0,0.0,0.9868245456194074,0.01225488636315029,0.0,0.0,0.0,0.0,0.0,0.0,0.0,1.0,0.0,0.0,1.056329999999998,7.416084558213526e-09,0.0,1.0,0.0,1.0,0.0,1.1946564122726726e-13,0.0,0.1626240004903894,11.58314141590642,1.06940634300869,13.98314141590596,0.6643238726460741,13.783141415906,0.9266901922220062,13.783141415906,13.783141415906,0.0,0.0,0.0,0.0,0.0,0.0,0.9868245456194074,0.01225488636315029,0.0,0.0,0.0,0.0,0.0,0.0,0.0,1.0,0.0,0.0
5.0182,1.201187,0.0007417892,0.02224103,0.9893381,1.2012000000000607,7.412644716551892e-09,0.0,1.0,1.2012000000000607,7.412644716551892e-09,0.0,1.0,0.0,1.0,0.0,0.0,0.0,0.0,1.0,0.0,0.0,1.2012000000000607,7.416084577225618e-09,0.0,1.0,0.0,1.0,0.0,9.345179017781617e-14,0.0,0.1626240004903894,11.58314141590642,1.06940634300869,13.98314141590596,11.58314141590642,0.0,2.399999999999544,1.0,0.0,0.0,0.0,0.9868245456194074,0.01225488636315029,0.0,0.0,0.0,0.0,0.0,0.0,0.0,1.0,0.0,0.0,1.2012000000000607,7.416084577225618e-09,0.0,1.0,0.0,1.0,0.0,9.345179017781617e-14,0.0,0.1626240004903894,11.58314141590642,1.06940634300869,13.98314141590596,0.6643238726460741,13.783141415906,0.9266901922220062,13.783141415906,13.783141415906,0.0,0.0,0.0,0.0,0.0,0.0,0.9868245456194074,0.01225488636315029,0.0,0.0,0.0,0.0,0.0,0.0,0.0,1.0,0.0,0.0
5.020833,1.374992,0.001015943,0.009348288,0.9941916,1.3749779999999954,7.412644716551892e-09,0.0,1.0,1.3749779999999954,7.412644716551892e-09,0.0,1.0,0.0,1.0,0.0,0.0,0.0,0.0,1.0,0.0,0.0,1.3749779999999954,7.416084591702562e-09,0.0,1.0,0.0,1.0,0.0,6.980593879556749e-14,0.0,0.1626240004903894,11.58314141590642,1.06940634300869,13.98314141590596,11.58314141590642,0.0,2.399999999999544,1.0,0.0,0.0,0.0,0.9868245456194074,0.01225488636315029,0.0,0.0,0.0,0.0,0.0,0.0,0.0,1.0,0.0,0.0,1.3749779999999954,7.416084591702562e-09,0.0,1.0,0.0,1.0,0.0,6.980593879556749e-14,0.0,0.1626240004903894,11.58314141590642,1.06940634300869,13.98314141590596,0.6643238726460741,13.783141415906,0.9266901922220062,13.783141415906,13.783141415906,0.0,0.0,0.0,0.0,0.0,0.0,0.9868245456194074,0.01225488636315029,0.0,0.0,0.0,0.0,0.0,0.0,0.0,1.0,0.0,0.0
5.025,1.650004,0.0009664268,-0.009348746,1.00085,1.6500000000000399,7.412644716551892e-09,0.0,1.0,1.6500000000000983,7.412644716551876e-09,0.0,1.0,0.0,1.0,0.0,0.0,0.0,0.0,1.0,0.0,0.0,1.6500000000000399,7.416084609510079e-09,0.0,1.0,0.0,1.0,0.0,4.4102017760677315e-14,0.0,0.1626240004903894,11.58314141590642,1.06940634300869,13.98314141590596,0.1626240004903894,0.0,0.9067823425183004,1.0,0.0,0.0,0.0,0.02073874534365481,0.990187129966237,0.0,0.0,0.0,0.0,0.0,0.0,0.0,1.0,0.0,0.0,1.6500000000000399,7.416084609510079e-09,0.0,1.0,0.0,1.0,0.0,4.4102017760677315e-14,0.0,0.1626240004903894,11.58314141590642,1.06940634300869,13.98314141590596,0.6643238726460741,13.783141415906,0.9266901922220062,13.783141415906,0.6643238726460741,0.0,0.2623663195759321,0.0,0.0,0.0,0.0,0.02073874534365481,0.990187129966237,0.0,0.0,0.0,0.0,0.0,0.0,0.0,1.0,0.0,0.0
5.0290170000000005,1.915132,0.0006448124,-0.01004997,1.002701,1.9151220000001106,7.412644716551892e-09,0.0,1.0,1.9151220000000233,7.412644716551879e-09,0.0,1.0,0.0,1.0,0.0,0.0,0.0,0.0,1.0,0.0,0.0,1.9151220000001106,7.416084625030413e-09,0.0,1.0,0.0,1.0,0.0,2.8022226702697358e-14,0.0,0.1626240004903894,11.58314141590642,1.06940634300869,13.98314141590596,0.1626240004903894,0.0,0.9067823425183004,1.0,0.0,0.0,0.0,0.02073874534365481,0.990187129966237,0.0,0.0,0.0,0.0,0.0,0.0,0.0,1.0,0.0,0.0,1.9151220000001106,7.416084625030413e-09,0.0,1.0,0.0,1.0,0.0,2.8022226702697358e-14,0.0,0.1626240004903894,11.58314141590642,1.06940634300869,13.98314141590596,0.6643238726460741,13.783141415906,0.9266901922220062,13.783141415906,0.6643238726460741,0.0,0.2623663195759321,0.0,0.0,0.0,0.0,0.02073874534365481,0.990187129966237,0.0,0.0,0.0,0.0,0.0,0.0,0.0,1.0,0.0,0.0
5.034745,2.293171,0.0001758368,-0.01115686,1.006358,2.293170000000038,0.012207504134473541,1.0,0.0,2.2931700000000332,-0.00019431277711951672,-0.009108450757580175,1.003149131159945,-0.009108450757580175,1.003149131159945,0.0,0.0,0.0,-0.009108450757580175,1.003149131159945,0.0,0.0,2.293170000000025,0.0018495261696860783,0.28826516703340016,0.7118645191218022,1.0,0.0,0.0,0.1739513591158396,0.0,0.1626240004903894,11.58314141590642,1.06940634300869,13.98314141590596,0.1626240004903894,0.0,0.9067823425183004,1.0,0.0,0.0,0.0,0.02073874534365481,0.990187129966237,0.0,0.0,0.0,0.0,0.0,0.0,1.0,0.0,0.7117348329665998,0.7118645191218022,2.293170000000025,0.0018495261696860783,0.28826516703340016,0.7118645191218022,1.0,0.0,0.0,0.1739513591158396,0.0,0.1626240004903894,11.58314141590642,1.06940634300869,13.98314141590596,0.6643238726460741,13.783141415906,0.9266901922220062,13.783141415906,0.6643238726460741,0.0,0.2623663195759321,0.0,0.0,0.0,0.0,0.02073874534365481,0.990187129966237,0.0,0.0,0.0,0.0,0.0,0.0,1.0,0.0,0.7117348329665998,0.7118645191218022
5.04072,2.687535,-0.0002773954,-0.009922806,0.9978059,2.6875200000000317,0.012397055318482654,-0.009108450757580048,1.0031491311599443,2.687520000000055,-0.000558576289951811,-0.009108450757580091,1.0031491311599445,-0.009108450757580091,1.0031491311599445,0.0,0.0,0.0,-0.009108450757580091,1.0031491311599445,0.0,0.0,2.6875200000000645,0.009449140756120864,0.09070618355470833,0.9053167600338781,-0.009108450757580114,1.0031491311599448,0.0,0.634348312530746,0.0,0.1626240004903894,11.58314141590642,1.06940634300869,13.98314141590596,0.1626240004903894,0.0,0.9067823425183004,1.0,0.0,0.0,0.0,0.02073874534365481,0.990187129966237,0.0,0.0,0.0,0.0,0.0,0.0,-0.009108450757580114,1.0031491311599448,0.09981463431228843,0.0978323711260665,2.6875200000000645,0.009449140756120864,0.09070618355470833,0.9053167600338781,-0.009108450757580114,1.0031491311599448,0.0,0.634348312530746,0.0,0.1626240004903894,11.58314141590642,1.06940634300869,13.98314141590596,0.6643238726460741,13.783141415906,0.9266901922220062,13.783141415906,0.6643238726460741,0.0,0.2623663195759321,0.0,0.0,0.0,0.0,0.02073874534365481,0.990187129966237,0.0,0.0,0.0,0.0,0.0,0.0,-0.009108450757580114,1.0031491311599448,0.09981463431228843,0.0978323711260665
5.05,3.3,-0.0007128752,-0.004679053,1.008834,3.2999999999998826,0.010672642978538397,-0.009835863414451244,1.002985581393959,3.2999999999998826,-0.0011208515373524585,-0.009835863414451244,1.002985581393959,-0.009835863414451244,1.002985581393959,0.0,0.0,0.0,-0.009835863414451244,1.002985581393959,0.0,0.0,3.2999999999998826,0.01085566475725463,0.007102828516438078,0.9875385401515347,-0.009835863414451244,1.002985581393959,0.0,0.3158125797832797,0.0,0.1626240004903894,11.58314141590642,1.06940634300869,13.98314141590596,0.1626240004903894,0.0,0.9067823425183004,1.0,0.0,0.0,0.0,0.02073874534365481,0.990187129966237,0.0,0.0,0.0,0.0,0.0,0.0,-0.009835863414451244,1.002985581393959,0.016938691930889316,0.015447041242424249,3.2999999999998826,0.01085566475725463,0.007102828516438078,0.9875385401515347,-0.009835863414451244,1.002985581393959,0.0,0.3158125797832797,0.0,0.1626240004903894,11.58314141590642,1.06940634300869,13.98314141590596,0.6643238726460741,13.783141415906,0.9266901922220062,13.783141415906,0.6643238726460741,0.0,0.2623663195759321,0.0,0.0,0.0,0.0,0.02073874534365481,0.990187129966237,0.0,0.0,0.0,0.0,0.0,0.0,-0.009835863414451244,1.002985581393959,0.016938691930889316,0.015447041242424249
5.0502460000000005,3.3,-0.000719082,-0.004689331,1.008848,3.3,0.010623634588429768,-0.009835863414451423,1.002985581393961,3.3,-0.0011350119313759492,-0.009835863414451291,1.0029855813939597,-0.009835863414451291,1.0029855813939597,0.0,0.0,0.0,-0.009835863414451291,1.0029855813939597,0.0,0.0,3.3,0.010835181934486092,0.006303604056733889,0.9882673835144921,-0.009835863414451303,1.0029855813939597,0.0,0.30620025489435154,0.0,0.1626240004903894,11.58314141590642,1.06940634300869,13.98314141590596,0.1626240004903894,0.0,0.9067823425183004,1.0,0.0,0.0,0.0,0.02073874534365481,0.990187129966237,0.0,0.0,0.0,0.0,0.0,0.0,-0.009835863414451303,1.0029855813939597,0.01613946747118519,0.014718197879467522,3.3,0.010835181934486092,0.006303604056733889,0.9882673835144921,-0.009835863414451303,1.0029855813939597,0.0,0.30620025489435154,0.0,0.1626240004903894,11.58314141590642,1.06940634300869,13.98314141590596,0.6643238726460741,13.783141415906,0.9266901922220062,13.783141415906,0.6643238726460741,0.0,0.2623663195759321,0.0,0.0,0.0,0.0,0.02073874534365481,0.990187129966237,0.0,0.0,0.0,0.0,0.0,0.0,-0.009835863414451303,1.0029855813939597,0.01613946747118519,0.014718197879467522
5.05074,3.3,-0.0007315377,-0.004709956,1.008875,3.3,0.010525641696416855,-0.009835863414451324,1.0029855813939599,3.3,-0.001163338747241823,-0.009835863414451338,1.00298558139396,-0.009835863414451338,1.00298558139396,0.0,0.0,0.0,-0.009835863414451338,1.00298558139396,0.0,0.0,3.3,0.01079030936782552,0.00480601350212264,0.9896330936387291,-0.009835863414451244,1.002985581393959,0.0,0.28720288144518263,0.0,0.1626240004903894,11.58314141590642,1.06940634300869,13.98314141590596,0.1626240004903894,0.0,0.9067823425183004,1.0,0.0,0.0,0.0,0.02073874534365481,0.990187129966237,0.0,0.0,0.0,0.0,0.0,0.0,-0.009835863414451244,1.002985581393959,0.014641876916573883,0.013352487755229936,3.3,0.01079030936782552,0.00480601350212264,0.9896330936387291,-0.009835863414451244,1.002985581393959,0.0,0.28720288144518263,0.0,0.1626240004903894,11.58314141590642,1.06940634300869,13.98314141590596,0.6643238726460741,13.783141415906,0.9266901922220062,13.783141415906,0.6643238726460741,0.0,0.2623663195759321,0.0,0.0,0.0,0.0,0.02073874534365481,0.990187129966237,0.0,0.0,0.0,0.0,0.0,0.0,-0.009835863414451244,1.002985581393959,0.014641876916573883,0.013352487755229936
5.05232,3.3,-0.0007666313,-0.003937109,1.007245,3.3,0.01021604867906312,-0.009835863414451244,1.002985581393959,3.3,-0.0012428238157392772,-0.006633282236726008,1.0047675325046979,-0.006633282236726008,1.0047675325046979,0.0,0.0,0.0,-0.006633282236726008,1.0047675325046979,0.0,0.0,3.3,0.010618308927229342,0.0008487206579036182,0.9932419003885306,-0.009835863414451189,1.0029855813939585,0.0,0.22947982589125637,0.0,0.1626240004903894,11.58314141590642,1.06940634300869,13.98314141590596,0.1626240004903894,0.0,0.9067823425183004,1.0,0.0,0.0,0.0,0.02073874534365481,0.990187129966237,0.0,0.0,0.0,0.0,0.0,0.0,-0.009835863414451189,1.0029855813939585,0.01068458407235481,0.009743681005427881,3.3,0.010618308927229342,0.0008487206579036182,0.9932419003885306,-0.009835863414451189,1.0029855813939585,0.0,0.22947982589125637,0.0,0.1626240004903894,11.58314141590642,1.06940634300869,13.98314141590596,0.6643238726460741,13.783141415906,0.9266901922220062,13.783141415906,0.6643238726460741,0.0,0.2623663195759321,0.0,0.0,0.0,0.0,0.02073874534365481,0.990187129966237,0.0,0.0,0.0,0.0,0.0,0.0,-0.009835863414451189,1.0029855813939585,0.01068458407235481,0.009743681005427881
5.055618,3.3,-0.0007925302,-0.0008491516,1.000889,3.3,0.009874538990592777,-0.0056801593260990555,1.006706972740107,3.3,-0.0013261007053115205,-0.005727999131009613,1.006606106321496,-0.005727999131009613,1.006606106321496,0.0,0.0,0.0,-0.005727999131009613,1.006606106321496,0.0,0.0,3.3,0.01021541218762846,0.0002989851497242047,0.9968314629482092,-0.005680159326097618,1.0067069727401095,0.0,0.1304496244228819,0.0,0.1626240004903894,11.58314141590642,1.06940634300869,13.98314141590596,0.1626240004903894,0.0,0.9067823425183004,1.0,0.0,0.0,0.0,0.02073874534365481,0.990187129966237,0.0,0.0,0.0,0.0,0.0,0.0,-0.005680159326097618,1.0067069727401095,0.005979144475821823,0.009875509791900463,3.3,0.01021541218762846,0.0002989851497242047,0.9968314629482092,-0.005680159326097618,1.0067069727401095,0.0,0.1304496244228819,0.0,0.1626240004903894,11.58314141590642,1.06940634300869,13.98314141590596,0.6643238726460741,13.783141415906,0.9266901922220062,13.783141415906,0.6643238726460741,0.0,0.2623663195759321,0.0,0.0,0.0,0.0,0.02073874534365481,0.990187129966237,0.0,0.0,0.0,0.0,0.0,0.0,-0.005680159326097618,1.0067069727401095,0.005979144475821823,0.009875509791900463
5.060655,3.3,-0.0007709926,-0.0005954368,1.000476,3.3,0.00909059093339446,-0.005680159326098503,1.006706972740108,3.3,-0.0014481945316965718,-0.005680159326098136,1.0067069727401086,-0.005680159326098136,1.0067069727401086,0.0,0.0,0.0,-0.005680159326098136,1.0067069727401086,0.0,0.0,3.3,0.009548345120864521,-0.003549024472557518,1.0031818014265497,-0.0056801593260974,1.00670697274011,0.0,0.025751290970194404,0.0,0.1626240004903894,11.58314141590642,1.06940634300869,13.98314141590596,0.1626240004903894,0.0,0.9067823425183004,1.0,0.0,0.0,0.0,0.02073874534365481,0.990187129966237,0.0,0.0,0.0,0.0,0.0,0.0,-0.0056801593260974,1.00670697274011,0.0021311348535398822,0.003525171313560818,3.3,0.009548345120864521,-0.003549024472557518,1.0031818014265497,-0.0056801593260974,1.00670697274011,0.0,0.025751290970194404,0.0,0.1626240004903894,11.58314141590642,1.06940634300869,13.98314141590596,0.6643238726460741,13.783141415906,0.9266901922220062,13.783141415906,0.6643238726460741,0.0,0.2623663195759321,0.0,0.0,0.0,0.0,0.02073874534365481,0.990187129966237,0.0,0.0,0.0,0.0,0.0,0.0,-0.0056801593260974,1.00670697274011,0.0021311348535398822,0.003525171313560818
5.066488,3.3,-0.0007415849,-0.0005523641,1.000511,3.3,0.008494827088730348,-0.0034478790693577,1.007352706302004,3.3,-0.0015050186930969367,-0.0034602489316745803,1.0073773835152326,-0.0034602489316745803,1.0073773835152326,0.0,0.0,0.0,-0.0034602489316745803,1.0073773835152326,0.0,0.0,3.3,0.008781671126805153,-0.0017877214295987133,1.0038162734323657,-0.0034478790693575206,1.007352706302004,0.0,0.04309417066297926,0.0,0.1626240004903894,11.58314141590642,1.06940634300869,13.98314141590596,0.1626240004903894,0.0,0.9067823425183004,1.0,0.0,0.0,0.0,0.02073874534365481,0.990187129966237,0.0,0.0,0.0,0.0,0.0,0.0,-0.0034478790693575206,1.007352706302004,0.0016601576397588073,0.0035364328696386275,3.3,0.008781671126805153,-0.0017877214295987133,1.0038162734323657,-0.0034478790693575206,1.007352706302004,0.0,0.04309417066297926,0.0,0.1626240004903894,11.58314141590642,1.06940634300869,13.98314141590596,0.6643238726460741,13.783141415906,0.9266901922220062,13.783141415906,0.6643238726460741,0.0,0.2623663195759321,0.0,0.0,0.0,0.0,0.02073874534365481,0.990187129966237,0.0,0.0,0.0,0.0,0.0,0.0,-0.0034478790693575206,1.007352706302004,0.0016601576397588073,0.0035364328696386275
5.074625,3.3,-0.0007005322,-0.0004761816,1.000575,3.3,0.007624298910890039,0.02073874534365481,0.990187129966237,3.3,-0.0015318758979556576,-0.0022572390855241653,1.0049774432630019,-0.0022572390855241653,1.0049774432630019,0.0,0.0,0.0,-0.0022572390855241653,1.0049774432630019,0.0,0.0,3.3,0.00783011004423763,-0.001320251734338987,1.004866293364808,0.02073874534365481,0.990187129966237,0.0,0.08392416961690981,0.0,0.1626240004903894,11.58314141590642,1.06940634300869,13.98314141590596,0.1626240004903894,0.0,0.9067823425183004,1.0,0.0,0.0,0.0,0.02073874534365481,0.990187129966237,0.0,0.0,0.0,0.0,0.0,0.0,0.02073874534365481,0.990187129966237,0.022058997077993803,0.014679163398571025,3.3,0.00783011004423763,-0.001320251734338987,1.004866293364808,0.02073874534365481,0.990187129966237,0.0,0.08392416961690981,0.0,0.1626240004903894,11.58314141590642,1.06940634300869,13.98314141590596,0.6643238726460741,13.783141415906,0.9266901922220062,13.783141415906,0.6643238726460741,0.0,0.2623663195759321,0.0,0.0,0.0,0.0,0.02073874534365481,0.990187129966237,0.0,0.0,0.0,0.0,0.0,0.0,0.02073874534365481,0.990187129966237,0.022058997077993803,0.014679163398571025
5.100662000000001,3.3,-0.0005438043,4.910591e-05,0.9984921,3.3,0.005614845287540451,-0.00031369306153009984,0.9912410649160182,3.3,-0.0012828017678644305,-0.000313693061530051,0.9912410649160148,-0.000313693061530051,0.9912410649160148,0.0,0.0,0.0,-0.000313693061530051,0.9912410649160148,0.0,0.0,3.3,0.00572203694566774,0.00039362358193653906,0.9943675439800752,-0.0003136930615300286,0.9912410649160134,0.0,0.07357360435236589,0.0,0.1626240004903894,11.58314141590642,1.06940634300869,13.98314141590596,0.1626240004903894,0.0,0.9067823425183004,1.0,0.0,0.0,0.0,0.02073874534365481,0.990187129966237,0.0,0.0,0.0,0.0,0.0,0.0,-0.0003136930615300286,0.9912410649160134,0.0007073166434665677,0.0031264790640619347,3.3,0.00572203694566774,0.00039362358193653906,0.9943675439800752,-0.0003136930615300286,0.9912410649160134,0.0,0.07357360435236589,0.0,0.1626240004903894,11.58314141590642,1.06940634300869,13.98314141590596,0.6643238726460741,13.783141415906,0.9266901922220062,13.783141415906,0.6643238726460741,0.0,0.2623663195759321,0.0,0.0,0.0,0.0,0.02073874534365481,0.990187129966237,0.0,0.0,0.0,0.0,0.0,0.0,-0.0003136930615300286,0.9912410649160134,0.0007073166434665677,0.0031264790640619347
5.133995,3.3,-0.0002283804,0.001264842,1.001052,3.3,0.004043506021908173,-0.0004522405273519795,0.9961732513006166,3.3,-0.0007914704658106727,0.000900310171939172,1.001093414937006,0.000900310171939172,1.001093414937006,0.0,0.0,0.0,0.000900310171939172,1.001093414937006,0.0,0.0,3.3,0.004074406207095296,0.0016875838733653823,0.9995262257717602,0.0005805711943260994,1.000359077690768,0.0,0.04500385212442299,0.0,0.1626240004903894,11.58314141590642,1.06940634300869,13.98314141590596,0.1626240004903894,0.0,0.9067823425183004,1.0,0.0,0.0,0.0,0.02073874534365481,0.990187129966237,0.0,0.0,0.0,0.0,0.0,0.0,0.0005805711943260994,1.000359077690768,0.001107012679039283,0.000832851919007601,3.3,0.004074406207095296,0.0016875838733653823,0.9995262257717602,0.0005805711943260994,1.000359077690768,0.0,0.04500385212442299,0.0,0.1626240004903894,11.58314141590642,1.06940634300869,13.98314141590596,0.6643238726460741,13.783141415906,0.9266901922220062,13.783141415906,0.6643238726460741,0.0,0.2623663195759321,0.0,0.0,0.0,0.0,0.02073874534365481,0.990187129966237,0.0,0.0,0.0,0.0,0.0,0.0,0.0005805711943260994,1.000359077690768,0.001107012679039283,0.000832851919007601
5.167328,3.3,0.0001541915,0.001770631,1.000501,3.3,0.0031668232698807645,0.0014957513594295797,0.9958245260774226,3.3,-0.00027664150241420794,0.00149675724439666,0.9958308061922484,0.00149675724439666,0.9958308061922484,0.0,0.0,0.0,0.00149675724439666,0.9958308061922484,0.0,0.0,3.3,0.0031339352471714695,0.002452857979084798,0.9950611980010085,0.0014958123003255192,0.9958249065541537,0.0,0.02482598211400226,0.0,0.1626240004903894,11.58314141590642,1.06940634300869,13.98314141590596,0.1626240004903894,0.0,0.9067823425183004,1.0,0.0,0.0,0.0,0.02073874534365481,0.990187129966237,0.0,0.0,0.0,0.0,0.0,0.0,0.0014958123003255192,0.9958249065541537,0.0009570456787592793,0.0007637085531452022,3.3,0.0031339352471714695,0.002452857979084798,0.9950611980010085,0.0014958123003255192,0.9958249065541537,0.0,0.02482598211400226,0.0,0.1626240004903894,11.58314141590642,1.06940634300869,13.98314141590596,0.6643238726460741,13.783141415906,0.9266901922220062,13.783141415906,0.6643238726460741,0.0,0.2623663195759321,0.0,0.0,0.0,0.0,0.02073874534365481,0.990187129966237,0.0,0.0,0.0,0.0,0.0,0.0,0.0014958123003255192,0.9958249065541537,0.0009570456787592793,0.0007637085531452022
5.200662,3.3,0.0005098829,0.002270173,1.000917,3.3,0.002638989269828244,0.0019809581561109776,0.9988538529856911,3.3,0.0001711268392501703,0.0019809010256405667,0.9988534962988671,0.0019809010256405667,0.9988534962988671,0.0,0.0,0.0,0.0019809010256405667,0.9988534962988671,0.0,0.0,3.3,0.0025615257736113064,0.002299218721196963,0.9982833919692623,0.0019809122250899485,0.9988535662212047,0.0,0.015162980699331037,0.0,0.1626240004903894,11.58314141590642,1.06940634300869,13.98314141590596,0.1626240004903894,0.0,0.9067823425183004,1.0,0.0,0.0,0.0,0.02073874534365481,0.990187129966237,0.0,0.0,0.0,0.0,0.0,0.0,0.0019809122250899485,0.9988535662212047,0.00031830649610701384,0.0005701742519424115,3.3,0.0025615257736113064,0.002299218721196963,0.9982833919692623,0.0019809122250899485,0.9988535662212047,0.0,0.015162980699331037,0.0,0.1626240004903894,11.58314141590642,1.06940634300869,13.98314141590596,0.6643238726460741,13.783141415906,0.9266901922220062,13.783141415906,0.6643238726460741,0.0,0.2623663195759321,0.0,0.0,0.0,0.0,0.02073874534365481,0.990187129966237,0.0,0.0,0.0,0.0,0.0,0.0,0.0019809122250899485,0.9988535662212047,0.00031830649610701384,0.0005701742519424115
5.233995,3.3,0.0008358045,0.002652665,1.000263,3.3,0.002353791340258603,0.0019220529782829772,0.9984860860016934,3.3,0.0005790862545482641,0.002609861666139495,0.9862986275186634,0.002609861666139495,0.9862986275186634,0.0,0.0,0.0,0.002609861666139495,0.9862986275186634,0.0,0.0,3.3,0.0022611703236619543,0.0027342562807136706,1.0001839386488365,0.0024644159514238583,1.001872260226419,0.0,0.008226193105099111,0.0,0.1626240004903894,11.58314141590642,1.06940634300869,13.98314141590596,0.1626240004903894,0.0,0.9067823425183004,1.0,0.0,0.0,0.0,0.02073874534365481,0.990187129966237,0.0,0.0,0.0,0.0,0.0,0.0,0.0024644159514238583,1.001872260226419,0.00026984032928981235,0.001688321577582634,3.3,0.0022611703236619543,0.0027342562807136706,1.0001839386488365,0.0024644159514238583,1.001872260226419,0.0,0.008226193105099111,0.0,0.1626240004903894,11.58314141590642,1.06940634300869,13.98314141590596,0.6643238726460741,13.783141415906,0.9266901922220062,13.783141415906,0.6643238726460741,0.0,0.2623663195759321,0.0,0.0,0.0,0.0,0.02073874534365481,0.990187129966237,0.0,0.0,0.0,0.0,0.0,0.0,0.0024644159514238583,1.001872260226419,0.00026984032928981235,0.001688321577582634
5.267328,3.3,0.001130617,0.003040449,1.000586,3.3,0.0022305799215880115,0.0030001426597995157,0.9903692702563839,3.3,0.0009492860541457636,0.003001447765733674,0.9903828825513179,0.003001447765733674,0.9903828825513179,0.0,0.0,0.0,0.003001447765733674,0.9903828825513179,0.0,0.0,3.3,0.002076452841405724,0.0028047804037800513,0.9908089553120739,0.0030010071939128905,0.9903782873737104,0.0,0.005089610662868656,0.0,0.1626240004903894,11.58314141590642,1.06940634300869,13.98314141590596,0.1626240004903894,0.0,0.9067823425183004,1.0,0.0,0.0,0.0,0.02073874534365481,0.990187129966237,0.0,0.0,0.0,0.0,0.0,0.0,0.0030010071939128905,0.9903782873737104,0.0001962267901328394,0.0004306679383636054,3.3,0.002076452841405724,0.0028047804037800513,0.9908089553120739,0.0030010071939128905,0.9903782873737104,0.0,0.005089610662868656,0.0,0.1626240004903894,11.58314141590642,1.06940634300869,13.98314141590596,0.6643238726460741,13.783141415906,0.9266901922220062,13.783141415906,0.6643238726460741,0.0,0.2623663195759321,0.0,0.0,0.0,0.0,0.02073874534365481,0.990187129966237,0.0,0.0,0.0,0.0,0.0,0.0,0.0030010071939128905,0.9903782873737104,0.0001962267901328394,0.0004306679383636054
5.300662,3.3,0.001415718,0.003533424,1.000995,3.3,0.002123139105811902,0.003390035983464311,0.9944358695841605,3.3,0.0012824808250448355,0.003389851637364427,0.994433946848683,0.003389851637364427,0.994433946848683,0.0,0.0,0.0,0.003389851637364427,0.994433946848683,0.0,0.0,3.3,0.001976067146385779,0.0031372270761444326,0.9943755873722325,0.003389974322801156,0.9944352264615521,0.0,0.0025879051081741326,0.0,0.1626240004903894,11.58314141590642,1.06940634300869,13.98314141590596,0.1626240004903894,0.0,0.9067823425183004,1.0,0.0,0.0,0.0,0.02073874534365481,0.990187129966237,0.0,0.0,0.0,0.0,0.0,0.0,0.003389974322801156,0.9944352264615521,0.0002527472466567241,5.963908931956162e-05,3.3,0.001976067146385779,0.0031372270761444326,0.9943755873722325,0.003389974322801156,0.9944352264615521,0.0,0.0025879051081741326,0.0,0.1626240004903894,11.58314141590642,1.06940634300869,13.98314141590596,0.6643238726460741,13.783141415906,0.9266901922220062,13.783141415906,0.6643238726460741,0.0,0.2623663195759321,0.0,0.0,0.0,0.0,0.02073874534365481,0.990187129966237,0.0,0.0,0.0,0.0,0.0,0.0,0.003389974322801156,0.9944352264615521,0.0002527472466567241,5.963908931956162e-05
5.333995,3.3,0.001707377,0.004051184,1.001425,3.3,0.002012578923020344,0.0033400230517474294,0.9939142331719535,3.3,0.0015917838165555901,0.003907644856377739,0.999834546008922,0.003907644856377739,0.999834546008922,0.0,0.0,0.0,0.003907644856377739,0.999834546008922,0.0,0.0,3.3,0.0019879980511633677,0.003592483075828748,0.9985590340601312,0.003777751010321125,0.9984797492093997,0.0,0.0011979143829914717,0.0,0.1626240004903894,11.58314141590642,1.06940634300869,13.98314141590596,0.1626240004903894,0.0,0.9067823425183004,1.0,0.0,0.0,0.0,0.02073874534365481,0.990187129966237,0.0,0.0,0.0,0.0,0.0,0.0,0.003777751010321125,0.9984797492093997,0.0001852679344923773,7.92848507315098e-05,3.3,0.0019879980511633677,0.003592483075828748,0.9985590340601312,0.003777751010321125,0.9984797492093997,0.0,0.0011979143829914717,0.0,0.1626240004903894,11.58314141590642,1.06940634300869,13.98314141590596,0.6643238726460741,13.783141415906,0.9266901922220062,13.783141415906,0.6643238726460741,0.0,0.2623663195759321,0.0,0.0,0.0,0.0,0.02073874534365481,0.990187129966237,0.0,0.0,0.0,0.0,0.0,0.0,0.003777751010321125,0.9984797492093997,0.0001852679344923773,7.92848507315098e-05
5.367328,3.3,0.002022816,0.004740385,1.00318,3.3,0.0020405965257833526,0.004359510226877156,1.0111361321930412,3.3,0.001885845956517211,0.004362055735121916,1.0110163926928084,0.004362055735121916,1.0110163926928084,0.0,0.0,0.0,0.004362055735121916,1.0110163926928084,0.0,0.0,3.3,0.0020882021299658935,0.003996839128645084,1.006253185778131,0.004361611716813241,1.0110372791034046,0.0,0.003353566489919789,0.0,0.1626240004903894,11.58314141590642,1.06940634300869,13.98314141590596,0.1626240004903894,0.0,0.9067823425183004,1.0,0.0,0.0,0.0,0.02073874534365481,0.990187129966237,0.0,0.0,0.0,0.0,0.0,0.0,0.004361611716813241,1.0110372791034046,0.0003647725881681581,0.004784093325273011,3.3,0.0020882021299658935,0.003996839128645084,1.006253185778131,0.004361611716813241,1.0110372791034046,0.0,0.003353566489919789,0.0,0.1626240004903894,11.58314141590642,1.06940634300869,13.98314141590596,0.6643238726460741,13.783141415906,0.9266901922220062,13.783141415906,0.6643238726460741,0.0,0.2623663195759321,0.0,0.0,0.0,0.0,0.02073874534365481,0.990187129966237,0.0,0.0,0.0,0.0,0.0,0.0,0.004361611716813241,1.0110372791034046,0.0003647725881681581,0.004784093325273011
5.400662,3.3,0.002360331,0.005320727,1.003452,3.3,0.0021370018617672274,0.004696887508565117,1.006261997404937,3.3,0.0021720528668703306,0.004696746951552028,1.006262534916516,0.004696746951552028,1.006262534916516,0.0,0.0,0.0,0.004696746951552028,1.006262534916516,0.0,0.0,3.3,0.0022480971517329635,0.004511523954980589,1.0060222509347057,0.004696855759860733,1.0062621188168528,0.0,0.004794526130139811,0.0,0.1626240004903894,11.58314141590642,1.06940634300869,13.98314141590596,0.1626240004903894,0.0,0.9067823425183004,1.0,0.0,0.0,0.0,0.02073874534365481,0.990187129966237,0.0,0.0,0.0,0.0,0.0,0.0,0.004696855759860733,1.0062621188168528,0.0001853318048801437,0.00023986788214676877,3.3,0.0022480971517329635,0.004511523954980589,1.0060222509347057,0.004696855759860733,1.0062621188168528,0.0,0.004794526130139811,0.0,0.1626240004903894,11.58314141590642,1.06940634300869,13.98314141590596,0.6643238726460741,13.783141415906,0.9266901922220062,13.783141415906,0.6643238726460741,0.0,0.2623663195759321,0.0,0.0,0.0,0.0,0.02073874534365481,0.990187129966237,0.0,0.0,0.0,0.0,0.0,0.0,0.004696855759860733,1.0062621188168528,0.0001853318048801437,0.00023986788214676877
5.433995,3.3,0.002700909,0.005892622,1.003928,3.3,0.0021549072279015914,0.0046571647217624286,1.0064139034349378,3.3,0.0024314133351631007,0.0050915449337756635,1.0047527668725549,0.0050915449337756635,1.0047527668725549,0.0,0.0,0.0,0.0050915449337756635,1.0047527668725549,0.0,0.0,3.3,0.002406095358470789,0.004326548898350676,1.00462413252029,0.004992073263003002,1.0051331618000223,0.0,0.004796922445065291,0.0,0.1626240004903894,11.58314141590642,1.06940634300869,13.98314141590596,0.1626240004903894,0.0,0.9067823425183004,1.0,0.0,0.0,0.0,0.02073874534365481,0.990187129966237,0.0,0.0,0.0,0.0,0.0,0.0,0.004992073263003002,1.0051331618000223,0.0006655243646523257,0.0005090292797317284,3.3,0.002406095358470789,0.004326548898350676,1.00462413252029,0.004992073263003002,1.0051331618000223,0.0,0.004796922445065291,0.0,0.1626240004903894,11.58314141590642,1.06940634300869,13.98314141590596,0.6643238726460741,13.783141415906,0.9266901922220062,13.783141415906,0.6643238726460741,0.0,0.2623663195759321,0.0,0.0,0.0,0.0,0.02073874534365481,0.990187129966237,0.0,0.0,0.0,0.0,0.0,0.0,0.004992073263003002,1.0051331618000223,0.0006655243646523257,0.0005090292797317284
5.467328,3.3,0.002060054,-0.003279831,1.009334,3.3,0.0018747520998071252,-0.0021505113292454377,1.0048389208906623,3.3,0.0021255395060459778,-0.00212780305754944,1.0049011363484512,-0.00212780305754944,1.0049011363484512,0.0,0.0,0.0,-0.00212780305754944,1.0049011363484512,0.0,0.0,3.3,0.002331287441478016,0.00038729330743491344,1.0053889157882865,-0.002174953622377237,1.0047719546117229,0.0,0.009373321644272644,0.0,0.1626240004903894,11.58314141590642,1.06940634300869,13.98314141590596,0.1626240004903894,0.0,0.9067823425183004,1.0,0.0,0.0,0.0,0.02073874534365481,0.990187129966237,0.0,0.0,0.0,0.0,0.0,0.0,-0.002174953622377237,1.0047719546117229,0.00256224692981215,0.000616961176563328,3.3,0.002331287441478016,0.00038729330743491344,1.0053889157882865,-0.002174953622377237,1.0047719546117229,0.0,0.009373321644272644,0.0,0.1626240004903894,11.58314141590642,1.06940634300869,13.98314141590596,0.6643238726460741,13.783141415906,0.9266901922220062,13.783141415906,0.6643238726460741,0.0,0.2623663195759321,0.0,0.0,0.0,0.0,0.02073874534365481,0.990187129966237,0.0,0.0,0.0,0.0,0.0,0.0,-0.002174953622377237,1.0047719546117229,0.00256224692981215,0.000616961176563328
5.5,3.3,0.0004758822,-0.005860572,1.012639,3.299999999999946,0.0005572329413201073,-0.004507162804331993,1.004267117795637,3.299999999999946,0.000740822627668136,-0.004503086248690949,1.004342328925682,-0.004503086248690949,1.004342328925682,0.0,0.0,0.0,-0.004503086248690949,1.004342328925682,0.0,0.0,3.299999999999946,0.0011334465998799072,-0.0038352880548833696,1.0048048982724131,-0.004506600762305853,1.004277487288817,0.0,0.037554994097778786,0.0,0.1626240004903894,11.58314141590642,1.06940634300869,13.98314141590596,0.1626240004903894,0.0,0.9067823425183004,1.0,0.0,0.0,0.0,0.02073874534365481,0.990187129966237,0.0,0.0,0.0,0.0,0.0,0.0,-0.004506600762305853,1.004277487288817,0.0006713127074224845,0.0005274109835961689,3.299999999999946,0.0011334465998799072,-0.0038352880548833696,1.0048048982724131,-0.004506600762305853,1.004277487288817,0.0,0.037554994097778786,0.0,0.1626240004903894,11.58314141590642,1.06940634300869,13.98314141590596,0.6643238726460741,13.783141415906,0.9266901922220062,13.783141415906,0.6643238726460741,0.0,0.2623663195759321,0.0,0.0,0.0,0.0,0.02073874534365481,0.990187129966237,0.0,0.0,0.0,0.0,0.0,0.0,-0.004506600762305853,1.004277487288817,0.0006713127074224845,0.0005274109835961689
5.501042,3.23125,0.0004256196,-0.005941427,1.009019,3.2312280000000118,0.0005164934591537538,-0.00450307154389679,1.0043426002243674,3.231228000000021,0.0006977847090641981,-0.004501367689300339,1.0043740357893183,-0.004501367689300339,1.0043740357893183,0.0,0.0,0.0,-0.004501367689300339,1.0043740357893183,0.0,0.0,3.2312280000000118,0.0010900476131418724,-0.003958706775537773,1.004715006983341,-0.004503086259364046,1.0043423287287665,0.0,0.037956037578068265,0.0,0.1626240004903894,11.58314141590642,1.06940634300869,13.98314141590596,0.1626240004903894,0.0,0.9067823425183004,1.0,0.0,0.0,0.0,0.02073874534365481,0.990187129966237,0.0,0.0,0.0,0.0,0.0,0.0,-0.004503086259364046,1.0043423287287665,0.0005443794838262719,0.00037267825457452713,3.2312280000000118,0.0010900476131418724,-0.003958706775537773,1.004715006983341,-0.004503086259364046,1.0043423287287665,0.0,0.037956037578068265,0.0,0.1626240004903894,11.58314141590642,1.06940634300869,13.98314141590596,0.6643238726460741,13.783141415906,0.9266901922220062,13.783141415906,0.6643238726460741,0.0,0.2623663195759321,0.0,0.0,0.0,0.0,0.02073874534365481,0.990187129966237,0.0,0.0,0.0,0.0,0.0,0.0,-0.004503086259364046,1.0043423287287665,0.0005443794838262719,0.00037267825457452713
5.501971,3.169935,0.0003808057,-0.006013538,1.005792,3.1699140000000345,0.00048062785032523624,-0.004501936299240662,1.004363545120251,3.169914000000008,0.0006586646221988742,-0.004895330691203079,1.005185001617755,-0.004895330691203079,1.005185001617755,0.0,0.0,0.0,-0.004895330691203079,1.005185001617755,0.0,0.0,3.1699140000000328,0.0010511373769181963,-0.004048434368504486,1.0046543129000238,-0.004501998751039347,1.0043623929048104,0.0,0.03829833223576581,0.0,0.1626240004903894,11.58314141590642,1.06940634300869,13.98314141590596,0.1626240004903894,0.0,0.9067823425183004,1.0,0.0,0.0,0.0,0.02073874534365481,0.990187129966237,0.0,0.0,0.0,0.0,0.0,0.0,-0.004501998751039347,1.0043623929048104,0.0004535643825348621,0.0002919199952136686,3.1699140000000328,0.0010511373769181963,-0.004048434368504486,1.0046543129000238,-0.004501998751039347,1.0043623929048104,0.0,0.03829833223576581,0.0,0.1626240004903894,11.58314141590642,1.06940634300869,13.98314141590596,0.6643238726460741,13.783141415906,0.9266901922220062,13.783141415906,0.6643238726460741,0.0,0.2623663195759321,0.0,0.0,0.0,0.0,0.02073874534365481,0.990187129966237,0.0,0.0,0.0,0.0,0.0,0.0,-0.004501998751039347,1.0043623929048104,0.0004535643825348621,0.0002919199952136686
5.504944,2.973728,0.0002375694,-0.006241325,0.9997732,2.9736960000000225,0.00033309450137359323,0.0049659966740921435,1.0048387344797427,2.973696000000044,0.0005246290461388333,-0.005197539452586737,1.0120611415597445,-0.005197539452586737,1.0120611415597445,0.0,0.0,0.0,-0.005197539452586737,1.0120611415597445,0.0,0.0,2.9736960000000234,0.0009279952951183638,-0.0035376017143640124,1.0040744617496713,0.004699615021281002,1.0037947973584047,0.0,0.0390964973130024,0.0,0.1626240004903894,11.58314141590642,1.06940634300869,13.98314141590596,0.1626240004903894,0.0,0.9067823425183004,1.0,0.0,0.0,0.0,0.02073874534365481,0.990187129966237,0.0,0.0,0.0,0.0,0.0,0.0,0.004699615021281002,1.0037947973584047,0.008237216735645014,0.002449348837190359,2.9736960000000234,0.0009279952951183638,-0.0035376017143640124,1.0040744617496713,0.004699615021281002,1.0037947973584047,0.0,0.0390964973130024,0.0,0.1626240004903894,11.58314141590642,1.06940634300869,13.98314141590596,0.6643238726460741,13.783141415906,0.9266901922220062,13.783141415906,0.6643238726460741,0.0,0.2623663195759321,0.0,0.0,0.0,0.0,0.02073874534365481,0.990187129966237,0.0,0.0,0.0,0.0,0.0,0.0,0.004699615021281002,1.0037947973584047,0.008237216735645014,0.002449348837190359
5.509704,2.659533,8.606575e-06,-0.006608288,1.004627,2.659536000000032,0.00014030436005303825,-0.005264216457394164,1.0135782399187374,2.6595360000000685,0.0003191381813680195,-0.005260722040883013,1.0134987316449329,-0.005260722040883013,1.0134987316449329,0.0,0.0,0.0,-0.005260722040883013,1.0134987316449329,0.0,0.0,2.65953599999998,0.0007394849601179368,-0.004562209645801673,1.0096560880226957,-0.005265464110318593,1.013606627699648,0.0,0.039353300766427346,0.0,0.1626240004903894,11.58314141590642,1.06940634300869,13.98314141590596,0.1626240004903894,0.0,0.9067823425183004,1.0,0.0,0.0,0.0,0.02073874534365481,0.990187129966237,0.0,0.0,0.0,0.0,0.0,0.0,-0.005265464110318593,1.013606627699648,0.0007032544645169201,0.003950539676952828,2.65953599999998,0.0007394849601179368,-0.004562209645801673,1.0096560880226957,-0.005265464110318593,1.013606627699648,0.0,0.039353300766427346,0.0,0.1626240004903894,11.58314141590642,1.06940634300869,13.98314141590596,0.6643238726460741,13.783141415906,0.9266901922220062,13.783141415906,0.6643238726460741,0.0,0.2623663195759321,0.0,0.0,0.0,0.0,0.02073874534365481,0.990187129966237,0.0,0.0,0.0,0.0,0.0,0.0,-0.005265464110318593,1.013606627699648,0.0007032544645169201,0.003950539676952828
5.5133849999999995,2.416617,-0.0001681067,-0.006895496,1.011755,2.4165900000000122,-5.371849904460567e-05,0.0004383556571983514,1.0025656986867066,2.416590000000049,0.00015944905686090624,-0.006113582152853749,1.0045459675356778,-0.006113582152853749,1.0045459675356778,0.0,0.0,0.0,-0.006113582152853749,1.0045459675356778,0.0,0.0,2.416590000000083,0.000583969261197234,-0.004466577266657045,1.0106041955075575,-0.0013067944971339712,1.003880652018698,0.0,0.040245783590129806,0.0,0.1626240004903894,11.58314141590642,1.06940634300869,13.98314141590596,0.1626240004903894,0.0,0.9067823425183004,1.0,0.0,0.0,0.0,0.02073874534365481,0.990187129966237,0.0,0.0,0.0,0.0,0.0,0.0,-0.0013067944971339712,1.003880652018698,0.0049628560612897275,0.0067235434888594185,2.416590000000083,0.000583969261197234,-0.004466577266657045,1.0106041955075575,-0.0013067944971339712,1.003880652018698,0.0,0.040245783590129806,0.0,0.1626240004903894,11.58314141590642,1.06940634300869,13.98314141590596,0.6643238726460741,13.783141415906,0.9266901922220062,13.783141415906,0.6643238726460741,0.0,0.2623663195759321,0.0,0.0,0.0,0.0,0.02073874534365481,0.990187129966237,0.0,0.0,0.0,0.0,0.0,0.0,-0.0013067944971339712,1.003880652018698,0.0049628560612897275,0.0067235434888594185
5.520259,1.962938,-0.0004972855,-0.007423336,1.002248,1.9629060000000076,-0.0003211564755006511,-0.006033842398273286,1.0030403376400907,1.9629060000000111,-0.00014144045356188702,-0.006029511947548333,1.0029585709465865,-0.006029511947548333,1.0029585709465865,0.0,0.0,0.0,-0.006029511947548333,1.0029585709465865,0.0,0.0,1.9629059999999845,0.00030514341420813694,-0.005384936412717844,1.005184729582138,-0.006035415899411165,1.0030700481698804,0.0,0.040439100015963576,0.0,0.1626240004903894,11.58314141590642,1.06940634300869,13.98314141590596,0.1626240004903894,0.0,0.9067823425183004,1.0,0.0,0.0,0.0,0.02073874534365481,0.990187129966237,0.0,0.0,0.0,0.0,0.0,0.0,-0.006035415899411165,1.0030700481698804,0.0006504794866933197,0.002114681412256947,1.9629059999999845,0.00030514341420813694,-0.005384936412717844,1.005184729582138,-0.006035415899411165,1.0030700481698804,0.0,0.040439100015963576,0.0,0.1626240004903894,11.58314141590642,1.06940634300869,13.98314141590596,0.6643238726460741,13.783141415906,0.9266901922220062,13.783141415906,0.6643238726460741,0.0,0.2623663195759321,0.0,0.0,0.0,0.0,0.02073874534365481,0.990187129966237,0.0,0.0,0.0,0.0,0.0,0.0,-0.006035415899411165,1.0030700481698804,0.0006504794866933197,0.002114681412256947
5.526904,1.524322,-0.0008145217,-0.007942378,1.007919,1.5243360000000485,-0.0006295423454642053,-0.006786002036072819,1.0083701421717568,1.5243360000000234,-0.00043645247816517053,-0.00677504349627858,1.0085412246224832,-0.00677504349627858,1.0085412246224832,0.0,0.0,0.0,-0.00677504349627858,1.0085412246224832,0.0,0.0,1.5243360000000077,2.9730432783540462e-05,-0.005458891079316532,1.0054724634183814,-0.006796566165043468,1.0082052171810172,0.0,0.04077476312993845,0.0,0.1626240004903894,11.58314141590642,1.06940634300869,13.98314141590596,0.1626240004903894,0.0,0.9067823425183004,1.0,0.0,0.0,0.0,0.02073874534365481,0.990187129966237,0.0,0.0,0.0,0.0,0.0,0.0,-0.006796566165043468,1.0082052171810172,0.0013376750857269362,0.002732753762635976,1.5243360000000077,2.9730432783540462e-05,-0.005458891079316532,1.0054724634183814,-0.006796566165043468,1.0082052171810172,0.0,0.04077476312993845,0.0,0.1626240004903894,11.58314141590642,1.06940634300869,13.98314141590596,0.6643238726460741,13.783141415906,0.9266901922220062,13.783141415906,0.6643238726460741,0.0,0.2623663195759321,0.0,0.0,0.0,0.0,0.02073874534365481,0.990187129966237,0.0,0.0,0.0,0.0,0.0,0.0,-0.006796566165043468,1.0082052171810172,0.0013376750857269362,0.002732753762635976
5.5335280000000004,1.087141,-0.001142749,-0.009013462,1.00663,1.0871519999999981,0.033350034108968495,1.0,0.0,1.0871519999999573,-0.0007255642598536545,-0.0076468829015096905,1.0089186459706736,1.0,0.0,1.0,0.0,1.0,-0.0076468829015096905,1.0089186459706736,0.0,0.0,1.0871519999999744,0.01182582945391869,0.6114840645476569,0.38867252853863526,1.0,0.0,0.005928815631757401,0.9823787053318627,0.49706280259424634,0.388628967804917,5.655080527564231,1.0799128775395976,6.591917663886992,5.655080527564231,0.0,0.9368371363227612,1.0,0.0,0.0,0.0,0.9868245456194074,0.01225488636315029,0.0,1.0,0.0,1.0,1.0,0.0,1.0,0.0,0.38851593545234303,0.38867252853863526,1.0871519999999744,0.01182582945391869,0.6114840645476569,0.38867252853863526,1.0,0.0,0.005928815631757401,0.9823787053318627,0.49706280259424634,0.388628967804917,5.655080527564231,1.0799128775395976,6.591917663886992,1.047904855701221,1.5276128434306697,1.047904855701221,1.5276128434306697,1.5276128434306697,0.0,0.0,0.0,0.0,0.0,0.0,0.9868245456194074,0.01225488636315029,0.0,1.0,0.0,1.0,1.0,0.0,1.0,0.0,0.38851593545234303,0.38867252853863526
5.542272,0.5100605,-0.001748807,-0.01495586,1.003606,0.5100480000000369,0.09478222074325554,1.011357886491228,-0.002964530063550999,0.5100480000000884,-0.0011060897569272368,-0.007541326286584056,1.0078268860972084,1.0113578864912287,-0.0029645300635506933,0.0,0.0,0.0,-0.007541326286584056,1.0078268860972084,0.0,0.0,0.5100480000000308,0.06200637080701125,0.9385109607353774,0.06568177922661844,1.011357886491232,-0.002964530063548985,0.02931057751607979,3.838812402699095,2.149307019601924,1.1087767486306057,1.668281520423777,1.1087767486306057,1.668281520423777,1.668281520423777,0.0,0.0,0.0,0.0,0.0,0.0,0.9868245456194074,0.01225488636315029,0.0,0.0,0.0,0.0,0.0,0.0,1.011357886491232,-0.002964530063548985,0.0728469257558545,0.06864630929016743,0.5100480000000488,0.0620063708070135,0.9385109607353245,0.06568177922666309,1.011357886491228,-0.002964530063550946,0.029310577516210114,3.8388124026988453,2.149307019610254,1.1087767486307214,1.6682815204232109,1.1087767486307214,1.6682815204232109,1.1750208301587575,0.7639634929977747,1.1750208301587575,1.2573477102819544,0.7639634929977748,0.0,0.4933842172841799,0.0,0.0,0.0,0.0,0.9868245456194074,0.01225488636315029,0.0,0.0,0.0,0.0,0.0,0.0,1.011357886491228,-0.002964530063550946,0.07284692575590394,0.06864630929021404
5.54507,0.3254,-0.00202405,-0.01850211,1.004227,0.3253800000000148,0.11411484633560126,1.011357886491228,-0.002964530063550999,0.32538000000001427,-0.0012192637890467261,-0.007543560211299665,1.0078322655975296,1.01135788649123,-0.002964530063549966,0.0,0.0,0.0,-0.007543560211299665,1.0078322655975296,0.0,0.0,0.3253800000000068,0.08046352826901518,0.9702570977405454,0.03576472076521872,1.0113578864912303,-0.00296453006354988,0.02931580616669113,4.514561351033931,2.1496349837310817,1.108781380451293,1.668258809394525,1.108781380451293,1.668258809394525,1.668258809394525,0.0,0.0,0.0,0.0,0.0,0.0,0.9868245456194074,0.01225488636315029,0.0,0.0,0.0,0.0,0.0,0.0,1.0113578864912303,-0.00296453006354988,0.041100788750685034,0.038729250828768595,0.3253800000000177,0.08046352826901693,0.9702570977405662,0.03576472076519652,1.011357886491232,-0.002964530063548932,0.029315806166821744,4.5145613510342395,2.1496349837394293,1.108781380451408,1.6682588093939572,1.108781380451408,1.6682588093939572,1.1750387876240875,0.7640821691368328,1.1750387876240875,1.2573090756173817,0.7640821691368328,0.0,0.49322690648054884,0.0,0.0,0.0,0.0,0.9868245456194074,0.01225488636315029,0.0,0.0,0.0,0.0,0.0,0.0,1.011357886491232,-0.002964530063548932,0.04110078875066576,0.03872925082874545
5.546069999999999,0.2594,-0.002133592,-0.01868399,1.004181,0.2593800000000792,0.12096913857255322,1.0113578864912314,-0.0029645300635493337,0.2593800000000502,-0.0012589004789548526,-0.007543837773783259,1.007832933994033,1.01135788649123,-0.002964530063549966,0.0,0.0,0.0,-0.007543837773783259,1.007832933994033,0.0,0.0,0.2593800000000478,0.0871496099647856,0.9778306445126073,0.028628040973423256,1.0113578864912318,-0.0029645300635490735,0.029316097448464567,4.721390855446215,2.149653254214283,1.1087816384843958,1.6682575441906762,1.1087816384843958,1.6682575441906762,1.6682575441906762,0.0,0.0,0.0,0.0,0.0,0.0,0.9868245456194074,0.01225488636315029,0.0,0.0,0.0,0.0,0.0,0.0,1.0113578864912318,-0.0029645300635490735,0.033527241978624556,0.03159257103697233,0.259380000000049,0.08714960996478927,0.9778306445125905,0.028628040973437373,1.011357886491232,-0.002964530063548932,0.02931609744859519,4.7213908554461055,2.149653254222632,1.1087816384845117,1.6682575441901089,1.1087816384845117,1.6682575441901089,1.1750397880126653,0.7640887804403637,1.1750397880126653,1.2573069233271545,0.7640887804403638,0.0,0.49321814288679067,0.0,0.0,0.0,0.0,0.9868245456194074,0.01225488636315029,0.0,0.0,0.0,0.0,0.0,0.0,1.011357886491232,-0.002964530063548932,0.0335272419786415,0.0315925710369863
5.54707,0.1934,-0.00224313,-0.01886687,1.004135,0.1933800000000487,0.12779368357556625,1.0113578864912305,-0.002964530063549697,0.19338000000003155,-0.0012980863076756022,-0.007543988131460794,1.0078332960694285,1.011357886491229,-0.0029645300635505745,0.0,0.0,0.0,-0.007543988131460794,1.0078332960694285,0.0,0.0,0.19338000000002262,0.09386123167806028,0.9839888017187589,0.022825174219085514,1.011357886491232,-0.002964530063548932,0.0293162270341839,4.910567578073381,2.1496613824046613,1.1087817532784146,1.6682569813255546,1.1087817532784146,1.6682569813255546,1.6682569813255546,0.0,0.0,0.0,0.0,0.0,0.0,0.9868245456194074,0.01225488636315029,0.0,0.0,0.0,0.0,0.0,0.0,1.011357886491232,-0.002964530063548932,0.027369084772473132,0.025789704282634444,0.1933800000000249,0.09386123167806361,0.9839888017187521,0.022825174219090354,1.0113578864912307,-0.0029645300635496373,0.029316227034314534,4.91056757807336,2.149661382413011,1.1087817532785305,1.6682569813249868,1.1087817532785305,1.6682569813249868,1.175040233066511,0.7640917216835237,1.175040233066511,1.2573059658141796,0.7640917216835237,0.0,0.4932142441306562,0.0,0.0,0.0,0.0,0.9868245456194074,0.01225488636315029,0.0,0.0,0.0,0.0,0.0,0.0,1.0113578864912307,-0.0029645300635496373,0.02736908477247866,0.025789704282639988
5.548534999999999,0.0967,-0.0024036,-0.01913524,1.004067,0.09669000000002362,0.13770543766076393,1.000962741834678,-0.00863309857477244,0.09669000000006628,-0.0013545686785340434,-0.007544043086815964,1.00783342840708,1.01135788649123,-0.002964530063549976,0.0,0.0,0.0,-0.007544043086815964,1.00783342840708,0.0,0.0,0.09669000000006048,0.10371922160544753,0.9911437072820567,0.016083127498663342,1.0113578864912294,-0.0029645300635502653,0.029316282602710318,5.160989777750929,2.1496648679088057,1.108781802504012,1.6682567399595647,1.108781802504012,1.6682567399595647,1.6682567399595647,0.0,0.0,0.0,0.0,0.0,0.0,0.9868245456194074,0.01225488636315029,0.0,0.0,0.0,0.0,0.0,0.0,1.0113578864912294,-0.0029645300635502653,0.020214179209172976,0.019047657562213608,0.09669000000006099,0.10371922160545098,0.9911437072820575,0.016083127498661347,1.01135788649123,-0.002964530063549966,0.029316282602840953,5.160989777751019,2.149664867917154,1.108781802504128,1.6682567399589971,1.108781802504128,1.6682567399589971,1.1750404239130525,0.7640929829378429,1.1750404239130525,1.2573055552165824,0.7640929829378429,0.0,0.49321257227873966,0.0,0.0,0.0,0.0,0.9868245456194074,0.01225488636315029,0.0,0.0,0.0,0.0,0.0,0.0,1.01135788649123,-0.002964530063549966,0.02021417920917275,0.019047657562211308
5.55,0.0,-0.002568069,-0.0201619,1.003364,0.0,0.1475577361148578,1.010063927812433,-0.004340149764441331,0.0,-0.001409982362449491,-0.00754404332372871,1.007833428977589,1.007800909168397,-0.005442478061610068,0.0,0.0,0.0,-0.00754404332372871,1.007833428977589,0.0,0.0,0.0,0.1135871774710748,0.9953726219815241,0.01060472185926619,1.007190816214522,-0.005739657551815162,0.02931628408615117,5.376201339978345,2.149664960956787,1.108781803818124,1.66825673351613,1.108781803818124,1.66825673351613,1.66825673351613,0.3595898127693189,0.0,0.0,1.196166913688947,0.0,0.3595898127693189,1.010485938874761,0.001784919285385232,0.0,0.0,0.0,0.0,0.0,1.0,1.007190816214522,-0.005739657551815162,0.01181819423299768,0.01634437941108136,0.0,0.1135871773969261,0.9953726219815662,0.0106047218592848,1.007190816214524,-0.005739657551814225,0.02931628408628183,5.376201333073782,2.149664960965137,1.10878180381824,1.668256733515563,1.10878180381824,1.668256733515563,1.175040429007835,0.7640930166079132,1.175040429007835,1.257305544255391,0.7640930166079133,0.1646989095025139,0.4932125276474779,0.0,1.196166913688724,0.0,0.1646989095025139,0.992449897156201,-1.568654631563948e-08,0.0,0.0,0.0,0.0,0.0,1.0,1.007190816214524,-0.005739657551814225,0.01181819423295738,0.01634437941109902
5.550147,0.0,-0.002585001,-0.02026964,1.00329,0.0,0.14854547565350476,1.0101777107867767,-0.004284725478527979,0.0,-0.0014154877130133046,-0.007544043323728701,1.007833428977589,1.0086427551763166,-0.005032410438511249,0.0,0.0,0.0,-0.007544043323728701,1.007833428977589,0.0,0.0,0.0,0.11457660282127707,0.995713925185842,0.010132704818793869,1.007190816214522,-0.005739657551815162,0.02931628408615117,5.3959360785902835,2.149664960956787,1.108781803818124,1.66825673351613,1.108781803818124,1.66825673351613,1.66825673351613,0.39738342189688963,0.0,0.0,1.3219059151520027,0.0,0.39738342189688963,1.016012204962856,0.0017903914155494743,0.0,0.0,0.0,0.0,0.0,1.0,1.007190816214522,-0.005739657551815162,0.011476891028679805,0.015872362370609037,0.0,0.11457660271042017,0.9957139251858868,0.010132704818805826,1.007190816214522,-0.005739657551815162,0.02931628408628183,5.395936068155542,2.149664960965137,1.10878180381824,1.668256733515563,1.10878180381824,1.668256733515563,1.175040429007835,0.7640930166079132,1.175040429007835,1.257305544255391,0.7640930166079133,0.18200909457594466,0.4932125276474779,0.0,1.3219059151534136,0.0,0.18200909457594466,0.9985197984347622,-1.5782486461142393e-08,0.0,0.0,0.0,0.0,0.0,1.0,1.007190816214522,-0.005739657551815162,0.011476891028635021,0.015872362370620986
5.55035,0.0,-0.002608555,-0.020419,1.003187,0.0,0.1499085134970886,1.01011312499629,-0.004316185557142913,0.0,-0.001423074360135316,-0.007544043323728695,1.007833428977589,1.0093924851119795,-0.004667213039234887,0.0,0.0,0.0,-0.007544043323728695,1.007833428977589,0.0,0.0,0.0,0.11594261988520167,0.9961702974642285,0.009501549032758141,1.00719081621452,-0.005739657551816088,0.02931628408615117,5.422718370919499,2.149664960956787,1.108781803818124,1.66825673351613,1.108781803818124,1.66825673351613,1.66825673351613,0.44791900224833053,0.0,0.0,1.490043781071027,0.0,0.44791900224833053,1.0124223983035754,0.001786836775039788,0.0,0.0,0.0,0.0,0.0,1.0,1.00719081621452,-0.005739657551816088,0.01102051875029135,0.015241206584574235,0.0,0.11594261976065083,0.9961702974642813,0.009501549032755862,1.007190816214522,-0.005739657551815162,0.02931628408628183,5.4227183593372,2.149664960965136,1.10878180381824,1.668256733515562,1.10878180381824,1.668256733515562,1.175040429007835,0.764093016607913,1.175040429007835,1.257305544255391,0.7640930166079131,0.2051553425495459,0.4932125276474781,0.0,1.490043781076047,0.0,0.2051553425495459,0.9889600423602468,0.0013819588166843915,0.0,0.0,0.0,0.0,0.0,1.0,1.007190816214522,-0.005739657551815162,0.011020518750240472,0.015241206584571025
5.551,0.0,-0.002684962,-0.02087528,1.002875,0.0,0.15425974938284961,1.0086791230885872,-0.005014695436953376,0.0,-0.0014472141045480849,-0.0075440433237286865,1.007833428977589,1.0087453116996654,-0.004982454615988498,0.0,0.0,0.0,-0.0075440433237286865,1.007833428977589,0.0,0.0,0.0,0.12031251158821754,0.9974901261121744,0.007676246473470624,1.0071908162145213,-0.005739657551815449,0.029316284086151168,5.503751424247366,2.149664960956787,1.108781803818124,1.66825673351613,1.108781803818124,1.66825673351613,1.66825673351613,0.5940679027122541,0.0,0.0,1.9763614202460045,0.0,0.5940679027122541,0.9856722921971104,-0.015312229937184509,0.0,0.0,0.0,0.0,0.0,0.9999999999999998,1.0071908162145213,-0.005739657551815449,0.009700690102346778,0.013415904025286071,0.0,0.12031251145070333,0.9974901261122008,0.007676246473496566,1.007190816214522,-0.005739657551815162,0.029316284086281803,5.503751412130703,2.149664960965134,1.10878180381824,1.668256733515563,1.10878180381824,1.668256733515563,1.175040429007835,0.7640930166079125,1.175040429007835,1.2573055442553913,0.7640930166079125,0.2720942926427952,0.4932125276474789,0.0,1.9763614202429998,0.0,0.2720942926427952,1.006959436958567,0.0011651216207383694,0.0,0.0,0.0,0.0,0.0,1.0,1.007190816214522,-0.005739657551815162,0.00970069010232101,0.01341590402531173
5.5530800000000005,0.0,-0.002931914,-0.02128504,1.002753,0.0,0.16808540762457036,1.0071908162145236,-0.005739657551814442,0.0,-0.001523247767789579,-0.007544043323728668,1.007833428977589,1.0071908162145253,-0.005739657551813642,0.0,0.0,0.0,-0.007544043323728668,1.007833428977589,0.0,0.0,0.0,0.13426029691327976,1.0007984069131073,0.00310094541284943,1.007190816214522,-0.005739657551815162,0.029316284086151133,5.729116578791599,2.1496649609567844,1.108781803818124,1.66825673351613,1.108781803818124,1.66825673351613,1.66825673351613,0.9604045496965343,0.0,0.0,3.195815303452542,0.0,0.9604045496965343,0.17033977097422334,0.026473438262942597,0.0,0.0,0.0,0.0,0.0,1.0,1.007190816214522,-0.005739657551815162,0.0063924093014145434,0.00884060296466459,0.0,0.13426029676601947,1.0007984069129885,0.0031009454130555116,1.0071908162145249,-0.005739657551813788,0.02931628408628174,5.729116568052467,2.1496649609651293,1.10878180381824,1.668256733515563,1.10878180381824,1.668256733515563,1.175040429007835,0.7640930166079103,1.175040429007835,1.257305544255392,0.7640930166079104,0.43988337933029376,0.49321252764748186,0.0,3.1958153034003756,0.0,0.43988337933029376,1.0205566343117178,0.0009012454544702503,0.0,0.0,0.0,0.0,0.0,1.0,1.0071908162145249,-0.005739657551813788,0.006392409301535888,0.0088406029648693
5.558543,0.0,-0.003577575,-0.02222194,1.00243,0.0,0.20385574466842873,1.008833192835646,-0.004102915379265878,0.0,-0.0017140987902786763,-0.007544043323728626,1.007833428977589,1.007190816214522,-0.005739657551815162,0.0,0.0,0.0,-0.007544043323728626,1.007833428977589,0.0,0.0,0.0,0.17052113877775782,1.005114570387888,-0.002868241760866831,1.007190816214522,-0.005739657551815162,0.029316284086150956,6.111844629228474,2.1496649609567724,1.108781803818124,1.668256733516131,1.108781803818124,1.668256733516131,1.668256733516131,1.4383473091930656,0.0,0.0,4.789530633293048,0.0,1.4383473091930656,0.05156051666933084,1.0459216179434216,0.0,0.0,0.0,0.0,0.0,1.0,1.007190816214522,-0.005739657551815162,0.0020762458266335936,0.002871415790948331,0.0,0.17052113863171114,1.005114570387888,-0.002868241760853797,1.0071908162145213,-0.00573965755181552,0.029316284086281577,6.111844623137174,2.1496649609651146,1.10878180381824,1.668256733515564,1.10878180381824,1.668256733515564,1.175040429007834,0.7640930166079053,1.175040429007834,1.257305544255394,0.7640930166079054,0.6587901684018319,0.49321252764748846,0.0,4.789530633290368,0.0,0.6587901684018319,0.9653195919478031,-0.02664951987995814,0.0,0.0,0.0,0.0,0.0,1.0,1.0071908162145213,-0.00573965755181552,0.002076245826633174,0.0028714157909617228
5.565695000000001,0.0,-0.004418929,-0.02362713,1.002018,0.0,0.24887757739775043,0.9954311482605164,-0.008509375389599956,0.0,-0.0019451702448264566,-0.0075440433237285755,1.007833428977589,0.9954311482605185,-0.008509375389599234,0.0,0.0,0.0,-0.0075440433237285755,1.007833428977589,0.0,0.0,0.0,0.21668521281011743,0.9979105171540504,-0.007133625578750839,0.9954311482605188,-0.008509375389599096,0.029316284086150775,6.280892964116567,2.149664960956756,1.108781803818124,1.668256733516132,1.108781803818124,1.668256733516132,1.668256733516132,1.4546565453006346,0.0,0.0,4.844079252962222,0.0,1.4546565453006346,0.04893331879697939,1.069205855328568,0.0,0.0,0.0,0.0,0.0,0.0,0.9954311482605188,-0.008509375389599096,0.002479368893531533,0.0013757498108482567,0.0,0.2166852126684205,0.9979105171538666,-0.007133625578853308,0.9954311482605207,-0.00850937538959846,0.02931628408628141,6.280892961454184,2.149664960965103,1.10878180381824,1.6682567335155642,1.10878180381824,1.6682567335155642,1.1750404290078338,0.7640930166079007,1.1750404290078338,1.2573055442553953,0.7640930166079009,0.6662601058324132,0.4932125276474944,0.0,4.844079252966121,0.0,0.6662601058324132,0.9516676000483327,-0.029269019937239273,0.0,0.0,0.0,0.0,0.0,0.0,0.9954311482605207,-0.00850937538959846,0.002479368893345918,0.0013757498107451532
5.588583,0.0,-0.007119108,-0.02824877,1.000685,0.0,0.3838199710252102,0.9941270484468765,-0.006012816668400199,0.0,-0.0016055674907717499,2.9636913759994033e-05,1.0146779900209346,0.9929014281331994,-0.007088370414489929,0.0,0.0,0.0,2.9636913759994033e-05,1.0146779900209346,0.0,0.0,0.0,0.22647963402210053,0.019538786445506846,0.9829367267941531,0.9928671888107972,-0.0071184174291015236,0.029316284086150203,0.42821668212487196,2.1496649609567062,1.108781803818123,1.668256733516134,1.108781803818123,1.668256733516134,1.668256733516134,1.4546565453005982,0.0,0.0,4.844079252962098,0.734503747037902,2.1891602923385007,0.0008749695876840649,1.0007099117983533,0.9822312820390631,0.0,0.0,0.0,0.0,0.0,0.0008749695876840649,1.0007099117983533,0.018663816857822778,0.01777318500419978,0.0,0.2337720923452117,0.09460479878784982,1.0147046368528643,0.9928671888107972,-0.007118417429101457,0.029316284086280623,0.11259015518448418,2.1496649609650493,1.108781803818239,1.668256733515568,1.108781803818239,1.668256733515568,1.175040429007831,0.7640930166078815,1.175040429007831,1.257305544255402,0.7640930166078815,0.666260105832396,0.49321252764751994,0.0,4.8440792529660115,0.7345037470339879,1.4007638528663837,0.07515177135479957,1.0377806170246309,0.9826423845965478,0.0,0.0,0.0,0.0,0.0,0.07515177135479957,1.0377806170246309,0.019453027433050246,0.023075980171766645
5.621917,0.0,-0.01089741,-0.03311995,0.9933339,0.0,0.559108244596083,0.9856789898812328,-0.0008958261406573575,0.0,-0.0010600034197715412,2.947721424258847e-05,1.0145824826877354,0.9857618620687111,-0.0008958684876018172,0.0,0.0,0.0,2.947721424258847e-05,1.0145824826877354,0.0,0.0,0.0,0.15344809696310813,0.0006859170068922883,1.0062436019047971,0.9856582064806313,-0.0008958155205260717,0.02931628408614929,1.9604009782204752,2.1496649609566467,1.108781803818123,1.668256733516138,1.108781803818123,1.668256733516138,1.668256733516138,1.4546565453005553,0.0,0.0,4.844079252961951,0.7678377470380494,2.2224942923386055,0.0006690947995799974,1.0068047861762042,0.9999813571238363,0.0,0.0,0.0,0.0,0.0,0.0006690947995799974,1.0068047861762042,1.682220731229078e-05,0.0005611842714069022,0.0,0.1709226997926149,0.054846874394069725,1.0117815464437643,0.9856581472571494,-0.0008958154902634036,0.029316284086279558,1.7077357299338303,2.1496649609649805,1.108781803818238,1.6682567335155722,1.108781803818238,1.6682567335155722,1.175040429007827,0.7640930166078566,1.175040429007827,1.2573055442554093,0.7640930166078566,0.6662601058323727,0.4932125276475529,0.0,4.844079252965858,0.7678377470341429,1.4340978528665158,0.052401709993603614,1.0225306317042806,0.9999824714558052,0.0,0.0,0.0,0.0,0.0,0.052401709993603614,1.0225306317042806,0.0024451644004661144,0.010749085260516227
5.6552500000000006,0.0,-0.01450546,-0.03908617,0.9921152,0.0,0.7112650985412802,1.0003384048355664,6.922487129989566e-05,0.0,-0.0006978972111638887,2.9317519516072676e-05,1.0144869782197,1.0004854736400706,0.0001756882115028419,0.0,0.0,0.0,2.9317519516072676e-05,1.0144869782197,0.0,0.0,0.0,0.1032056215192365,0.000815504525379701,1.000325234975201,1.0003407272855835,7.090609654122829e-05,0.02931628408614836,1.3907417610275865,2.14966496095658,1.108781803818122,1.668256733516142,1.108781803818122,1.668256733516142,1.668256733516142,1.454656545300511,0.0,0.0,4.844079252961802,0.801170747038199,2.2558272923387106,0.0008412937765938382,0.9991836918858844,0.9999999821432992,0.0,0.0,0.0,0.0,0.0,0.0008412937765938382,0.9991836918858844,2.5789251214137193e-05,0.0011415430893170918,0.0,0.12374262638492846,0.05505740708035319,1.0364752090276061,1.0003407272020173,7.090603604694268e-05,0.02931628408627858,1.3039432592208937,2.149664960964908,1.108781803818237,1.668256733515577,1.108781803818237,1.668256733515577,1.175040429007823,0.7640930166078302,1.175040429007823,1.257305544255418,0.7640930166078302,0.6662601058323504,0.49321252764758783,0.0,4.844079252965683,0.8011707470343168,1.467430852866667,0.05724145350608315,1.0148720057309994,0.9999999832106394,0.0,0.0,0.0,0.0,0.0,0.05724145350608315,1.0148720057309994,0.002184046425729961,0.021603203296607133
5.6885829999999995,0.0,-0.01853476,-0.04857262,0.9564081,0.0,0.8406518131073282,0.9891731644039148,-1.5634754663254818e-08,0.0,-0.0004574810200366862,2.9157824789556876e-05,1.0143914737516644,0.9873481604356816,-1.5605908865239277e-08,0.0,0.0,0.0,2.9157824789556876e-05,1.0143914737516644,0.0,0.0,0.0,0.06922651514312862,0.0007648321433874157,1.0121621131720464,0.9872956524612824,-1.560507893037333e-08,0.029316284086147504,0.9431628300205432,2.149664960956508,1.108781803818121,1.668256733516146,1.108781803818121,1.668256733516146,1.668256733516146,1.4546565453004692,0.0,0.0,4.844079252961654,0.8345037470383458,2.2891602923388144,0.0007455293531613988,1.0116014809448295,0.9999999999827737,0.0,0.0,0.0,0.0,0.0,0.0007455293531613988,1.0116014809448295,1.930279022601687e-05,0.0005606322272168413,0.0,0.09299477971089128,0.04954141036999641,1.0481997570197459,0.9872956524612824,-1.560507893037333e-08,0.029316284086277594,0.8714778404289746,2.1496649609648464,1.108781803818236,1.668256733515581,1.108781803818236,1.668256733515581,1.17504042900782,0.7640930166078083,1.17504042900782,1.257305544255425,0.7640930166078083,0.6662601058323306,0.4932125276476169,0.0,4.844079252965526,0.8345037470344743,1.5007638528668052,0.04832164763814385,1.0579922381432463,0.9999999999838042,0.0,0.0,0.0,0.0,0.0,0.04832164763814385,1.0579922381432463,0.001219762731852555,0.009792481123499723
5.714477,0.0,-0.02204391,-0.05459444,0.94818,0.0,0.9292096565179963,0.9978172691848114,-1.5771382366468158e-08,0.0,-0.0003281147131591407,2.903376949155184e-05,1.0143172832288994,0.9977169939242595,-1.576979742749697e-08,0.0,0.0,0.0,2.903376949155184e-05,1.0143172832288994,0.0,0.0,0.0,0.05076650899674435,0.0006643247799972966,1.0089330336497824,0.9978153039660402,-1.577135130445147e-08,0.029316284086146754,0.6905308694335427,2.1496649609564566,1.10878180381812,1.6682567335161496,1.10878180381812,1.6682567335161496,1.6682567335161496,1.4546565453004383,0.0,0.0,4.844079252961527,0.8603977470384728,2.3150542923389117,0.0006448930320658234,1.0082949237128969,0.9999999999999124,0.0,0.0,0.0,0.0,0.0,0.0006448930320658234,1.0082949237128969,1.94317479314732e-05,0.0006381099368850299,0.0,0.07453231315258854,0.04199020053395825,1.076828672128753,0.9978153040672963,-1.5771351306051912e-08,0.02931628408627686,0.6974472612323271,2.1496649609647878,1.108781803818236,1.668256733515584,1.108781803818236,1.668256733515584,1.175040429007816,0.7640930166077873,1.175040429007816,1.257305544255432,0.7640930166077873,0.6662601058323133,0.49321252764764484,0.0,4.844079252965398,0.8603977470346021,1.5266578528669157,0.03905830380355991,1.0489632291367252,0.9999999999999176,0.0,0.0,0.0,0.0,0.0,0.03905830380355991,1.0489632291367252,0.002931896730398342,0.027865442992027402
5.737934,0.0,-0.02527784,-0.05974651,0.9410003,0.0,1.0015426252581232,0.9966560834455755,0.0020357028087961337,0.0,-0.00024166245900560375,2.8921389591756364e-05,1.014250075107617,1.0002950575707834,0.0025156344234154035,0.0,0.0,0.0,2.8921389591756364e-05,1.014250075107617,0.0,0.0,0.0,0.03836515936920578,0.000573160402992498,1.0059380380180027,1.000299985914984,0.0025185663325068158,0.029316284086146102,0.520064278284364,2.1496649609564074,1.10878180381812,1.668256733516152,1.10878180381812,1.668256733516152,1.668256733516152,1.4546565453004079,0.0,0.0,4.844079252961425,0.8838547470385753,2.338511292338983,0.000553728044658032,1.005299561351369,0.9999999999999936,0.0,0.0,0.0,0.0,0.0,0.000553728044658032,1.005299561351369,1.943235833446588e-05,0.00063847666663336,0.0,0.06135055413740694,0.029896519464058222,0.9712251736593682,1.000299985914984,0.0025185663325068158,0.029316284086276113,0.5540917877928732,2.149664960964736,1.108781803818235,1.6682567335155876,1.108781803818235,1.6682567335155876,1.1750404290078134,0.7640930166077684,1.1750404290078134,1.2573055442554386,0.7640930166077685,0.6662601058322951,0.49321252764766993,0.0,4.844079252965278,0.8838547470347228,1.5501148528670177,0.028334157268621787,0.9743164244849298,0.9999999999999941,0.0,0.0,0.0,0.0,0.0,0.028334157268621787,0.9743164244849298,0.0015623621954364317,0.0030912508255615764
5.768412,0.0,-0.03115725,-0.08268892,0.8968674,0.0,1.0846192036964115,1.012026533222958,0.0008932038872463611,0.0,-0.00016084925822622783,2.8775372855346534e-05,1.0141627506790691,1.0143333465740356,0.0008943459633528974,0.0,0.0,0.0,2.8775372855346534e-05,1.0141627506790691,0.0,0.0,0.0,0.026695814963352587,0.00045470849614951775,1.0020461256025388,1.0143336654509902,0.0008943461212251199,0.029316284086145176,0.36025465806609547,2.149664960956344,1.108781803818119,1.668256733516156,1.108781803818119,1.668256733516156,1.668256733516156,1.4546565453003595,0.0,0.0,4.844079252961284,0.9143327470387164,2.3689892923390756,0.000435276133236516,1.0014076461851231,0.9999999999999947,0.0,0.0,0.0,0.0,0.0,0.000435276133236516,1.0014076461851231,1.9432362913001686e-05,0.0006384794174155857,0.0,0.04804713520184037,0.028673004019376398,1.005593246196117,1.01433366545099,0.0008943461212251199,0.02931628408627525,0.41136403335712485,2.149664960964664,1.108781803818234,1.668256733515591,1.108781803818234,1.668256733515591,1.17504042900781,0.7640930166077423,1.17504042900781,1.2573055442554468,0.7640930166077423,0.6662601058322759,0.4932125276477044,0.0,4.844079252965122,0.9143327470348778,1.5805928528671538,0.027809367452305216,1.011398210694611,0.9999999999999942,0.0,0.0,0.0,0.0,0.0,0.027809367452305216,1.011398210694611,0.0008636365670711888,0.005804964498494137
5.791795,0.0,-0.03696949,-0.09149895,0.883742,0.0,1.1404858844570223,1.0015194949451753,0.0016163955179514734,0.0,-0.00011644794791243483,2.8663347481389206e-05,1.0140957545798255,1.0015335268155485,0.0016265599075031372,0.0,0.0,0.0,2.8663347481389206e-05,1.0140957545798255,0.0,0.0,0.0,0.02023012398619919,0.00036468076345352,1.0012800635601649,1.0014919667198723,0.001596454654887333,0.029316284086144586,0.2722562172673079,2.149664960956301,1.108781803818118,1.668256733516159,1.108781803818118,1.668256733516159,1.668256733516159,1.454656545300327,0.0,0.0,4.844079252961176,0.937715747038824,2.3923722923391506,0.00034639040376528994,1.0036252358855962,0.9999999999999943,0.0,0.0,0.0,0.0,0.0,0.00034639040376528994,1.0036252358855962,1.8290359688230006e-05,0.0023451723254316603,0.0,0.040034759643686774,0.023854554093371345,1.032249349400142,1.0014919571896117,0.0015964477513684858,0.029316284086274527,0.3408398770823415,2.149664960964606,1.1087818038182333,1.6682567335155942,1.1087818038182333,1.6682567335155942,1.1750404290078067,0.7640930166077219,1.1750404290078067,1.2573055442554533,0.764093016607722,0.6662601058322613,0.4932125276477314,0.0,4.844079252964996,0.9377157470350028,1.6039758528672643,0.02271763345027458,1.0365852905518609,0.9999999999999934,0.0,0.0,0.0,0.0,0.0,0.02271763345027458,1.0365852905518609,0.001136920643096761,0.004335941151719053
5.812444999999999,0.0,-0.04213743,-0.09902059,0.8706117,0.0,1.1840770692596083,1.0026741788508438,0.0024528240705289396,0.0,-8.656309711284479e-05,2.85644156089939e-05,1.0140365889702214,1.0028834444250492,0.002604411617975728,0.0,0.0,0.0,2.85644156089939e-05,1.0140365889702214,0.0,0.0,0.0,0.01582376804171845,0.0003086070529227583,1.0089597783146058,1.0022555964741717,0.0021496118669676175,0.029316284086143996,0.21367769907860287,2.149664960956255,1.108781803818118,1.6682567335161615,1.108781803818118,1.6682567335161615,1.6682567335161615,1.4546565453002933,0.0,0.0,4.844079252961086,0.9583657470389138,2.4130222923392073,0.00030308913358762017,1.0091746780337445,0.9999999999999943,0.0,0.0,0.0,0.0,0.0,0.00030308913358762017,1.0091746780337445,5.5179193351382244e-06,0.0002148997191386574,0.0,0.03386442953403374,0.01930708684526354,1.0574452812077269,1.00225563114477,0.002149636981614439,0.029316284086273896,0.2991628878435543,2.149664960964564,1.108781803818233,1.668256733515597,1.108781803818233,1.668256733515597,1.175040429007804,0.7640930166077063,1.175040429007804,1.2573055442554586,0.7640930166077063,0.6662601058322491,0.4932125276477521,0.0,4.844079252964903,0.9583657470350968,1.6246258528673463,0.01818477730276916,1.0637597846981743,0.9999999999999936,0.0,0.0,0.0,0.0,0.0,0.01818477730276916,1.0637597846981743,0.0011223095424943842,0.006314503490447255
5.839345,0.0,-0.04828344,-0.09933885,0.8171532,0.0,1.2350861616341757,1.0072843363768855,0.001781749046145345,0.0,-5.746322389190038e-05,2.8435540675946348e-05,1.0139595160937875,1.0090230210285995,0.00178347069844675,0.0,0.0,0.0,2.8435540675946348e-05,1.0139595160937875,0.0,0.0,0.0,0.011490534387713417,0.00028618658503455705,1.008591296319782,1.0065651167609118,0.0017810368720855827,0.029316284086143306,0.15498169441259632,2.149664960956203,1.108781803818117,1.668256733516164,1.108781803818117,1.668256733516164,1.668256733516164,1.4546565453002547,0.0,0.0,4.844079252960972,0.9852657470390273,2.4399222923392814,0.00028232025534816245,1.0084596360080575,0.9999999999999951,0.0,0.0,0.0,0.0,0.0,0.00028232025534816245,1.0084596360080575,3.866329686394552e-06,0.00013166031172464354,0.0,0.026863479664725718,0.011226432523595804,0.9923698575067296,1.0065651719706927,0.001781036926754523,0.02931628408627311,0.2546690947985328,2.149664960964508,1.108781803818232,1.668256733515601,1.108781803818232,1.668256733515601,1.175040429007801,0.7640930166076864,1.175040429007801,1.257305544255465,0.7640930166076865,0.666260105832231,0.4932125276477787,0.0,4.84407925296478,0.9852657470352195,1.6515258528674506,0.009818621234190653,0.9822276181148393,0.9999999999999937,0.0,0.0,0.0,0.0,0.0,0.009818621234190653,0.9822276181148393,0.0014078112894051517,0.010142239391890311
5.860975,0.0,-0.05164452,-0.08490657,0.7240208,0.0,1.2708802863738755,1.0150307748543235,0.0017894195996406162,0.0,-4.0140403214438873e-05,2.8331913731640793e-05,1.0138975426247447,1.014828625501862,0.0017892194305659363,0.0,0.0,0.0,2.8331913731640793e-05,1.0138975426247447,0.0,0.0,0.0,0.008892756556780028,0.0002694806777997497,1.008017571751849,1.0158902426034522,0.001790270647947055,0.029316284086142678,0.11952312267779208,2.1496649609561618,1.108781803818117,1.668256733516167,1.108781803818117,1.668256733516167,1.668256733516167,1.4546565453002227,0.0,0.0,4.844079252960866,1.0068957470391344,2.461552292339357,0.00026562022425820765,1.0078846784238342,0.9999999999999944,0.0,0.0,0.0,0.0,0.0,0.00026562022425820765,1.0078846784238342,3.86045354154207e-06,0.00013289332801485885,0.0,0.021917517356225623,0.005750795548505172,0.9902193882656488,1.0158904094817465,0.0017902708131905904,0.029316284086272477,0.22878806370479113,2.149664960964465,1.108781803818232,1.668256733515603,1.108781803818232,1.668256733515603,1.175040429007799,0.7640930166076706,1.175040429007799,1.25730554425547,0.7640930166076706,0.6662601058322176,0.49321252764779955,0.0,4.844079252964678,1.0068957470353213,1.6731558528675385,0.004564626071489984,0.9929555671819178,0.9999999999999934,0.0,0.0,0.0,0.0,0.0,0.004564626071489984,0.9929555671819178,0.0011861694770151886,0.002736178916269007
5.867318,0.0,-0.05230548,-0.08556138,0.7221706,0.0,1.2810142887773068,1.01589260556617,0.001790272987761924,0.0,-3.5876935855055086e-05,2.830152511824595e-05,1.0138793688977847,1.0158770409205085,0.0017902575755892804,0.0,0.0,0.0,2.830152511824595e-05,1.0138793688977847,0.0,0.0,0.0,0.008250542454745368,0.0002645833423682417,1.0078489757363134,1.0158926055661708,0.0017902729877619249,0.02931628408614249,0.11075065208167438,2.1496649609561485,1.1087818038181168,1.668256733516168,1.1087818038181168,1.668256733516168,1.668256733516168,1.4546565453002134,0.0,0.0,4.844079252960835,1.013238747039165,2.4678952923393784,0.00026072293821088546,1.0077160720458067,0.9999999999999946,0.0,0.0,0.0,0.0,0.0,0.00026072293821088546,1.0077160720458067,3.860404157356285e-06,0.0001329036905068936,0.0,0.020556326232681273,0.005003480196633666,0.992823315002548,1.01589260659733,0.0017902729887829822,0.029316284086272296,0.22189817941908382,2.149664960964449,1.1087818038182318,1.668256733515604,1.1087818038182318,1.668256733515604,1.175040429007798,0.7640930166076648,1.175040429007798,1.257305544255472,0.7640930166076648,0.666260105832213,0.4932125276478073,0.0,4.8440792529646455,1.0132387470353539,1.6794988528675674,0.004903521539769749,0.9943006057793538,0.9999999999999946,0.0,0.0,0.0,0.0,0.0,0.004903521539769749,0.9943006057793538,0.00011778361443466612,0.0014772907768058508
5.8805689999999995,0.0,-0.05369218,-0.08670704,0.7055825,0.0,1.3004041518744596,1.0040314051732382,0.0017785279810214579,0.0,-2.797755765900242e-05,2.8238041038773308e-05,1.0138414026269442,1.0040261340509897,0.0017785227615357154,0.0,0.0,0.0,2.8238041038773308e-05,1.0138414026269442,0.0,0.0,0.0,0.007056474821794521,0.0002543525298953039,1.0074967479495816,1.0043740578371232,0.0017788672770213277,0.02931628408614219,0.09445908026134475,2.1496649609561254,1.108781803818116,1.668256733516169,1.108781803818116,1.668256733516169,1.668256733516169,1.4546565453001987,0.0,0.0,4.8440792529607775,1.026489747039222,2.4811462923394205,0.00025049214246548917,1.0073638407490637,0.9999999999999944,0.0,0.0,0.0,0.0,0.0,0.00025049214246548917,1.0073638407490637,3.860387429814751e-06,0.00013290720051801125,0.0,0.018223083771204105,0.012218960296003029,1.0064160733996956,1.0043741357129181,0.0017788673541342414,0.02931628408627195,0.18161490171262948,2.1496649609644205,1.108781803818231,1.668256733515606,1.108781803818231,1.668256733515606,1.175040429007796,0.7640930166076547,1.175040429007796,1.257305544255475,0.7640930166076548,0.6662601058322041,0.49321252764782064,0.0,4.844079252964575,1.026489747035424,1.6927498528676286,0.015221894229938235,1.0120388420872655,0.9999999999999946,0.0,0.0,0.0,0.0,0.0,0.015221894229938235,1.0120388420872655,0.0030029339339352075,0.005622768687569578
5.891829,0.0,-0.05488302,-0.08739743,0.6900977,0.0,1.3157313778700435,1.0109205448085739,0.0017853496338704586,0.0,-2.221070126475296e-05,2.8184095620702094e-05,1.013809140895024,1.01098301363532,0.0017854114907455553,0.0,0.0,0.0,2.8184095620702094e-05,1.013809140895024,0.0,0.0,0.0,0.006181032442803539,0.00024565893894200265,1.007197440611155,1.0108754548218741,0.0017853049855903374,0.029316284086141887,0.08253009360622063,2.1496649609561,1.108781803818116,1.668256733516171,1.108781803818116,1.668256733516171,1.668256733516171,1.4546565453001843,0.0,0.0,4.844079252960727,1.0377497470392736,2.492406292339458,0.00024179855254071546,1.0070645331948174,0.9999999999999943,0.0,0.0,0.0,0.0,0.0,0.00024179855254071546,1.0070645331948174,3.8603864012871675e-06,0.00013290741633763538,0.0,0.016989899853295735,0.015139664656712393,1.0146957015963916,1.0108751353454444,0.0017853046692435362,0.029316284086271616,0.13084936583878298,2.149664960964396,1.108781803818231,1.668256733515607,1.108781803818231,1.668256733515607,1.175040429007795,0.7640930166076458,1.175040429007795,1.2573055442554781,0.7640930166076458,0.6662601058321965,0.49321252764783247,0.0,4.844079252964519,1.0377497470354815,1.704009852867678,0.015331942912910559,1.0175807404907884,0.9999999999999947,0.0,0.0,0.0,0.0,0.0,0.015331942912910559,1.0175807404907884,0.00019227825619815995,0.0028850388943968156
5.909209,0.0,-0.05672901,-0.0888186,0.6728456,0.0,1.3382558924690282,1.0053502927078704,0.0017798339485855339,0.0,-1.4743100922527916e-05,2.8100829957640112e-05,1.0137593443674249,1.0092668576945012,0.0017837121464612622,0.0,0.0,0.0,2.8100829957640112e-05,1.0137593443674249,0.0,0.0,0.0,0.005041057663881091,0.00023224023608992171,1.0067354543734637,1.006117451822148,0.0017805935925228852,0.02931628408614147,0.06700397796360838,2.149664960956065,1.108781803818116,1.668256733516172,1.108781803818116,1.668256733516172,1.668256733516172,1.454656545300163,0.0,0.0,4.84407925296065,1.0551297470393504,2.5097862923395122,0.00022837984979714977,1.0066025469343547,0.999999999999995,0.0,0.0,0.0,0.0,0.0,0.00022837984979714977,1.0066025469343547,3.8603862927718835e-06,0.0001329074391089693,0.0,0.01545787340216057,0.014623309353254592,1.0242985019235258,1.006117451822133,0.00178059359252287,0.0293162840862711,0.09408843821019372,2.149664960964356,1.10878180381823,1.668256733515609,1.10878180381823,1.668256733515609,1.175040429007793,0.7640930166076314,1.175040429007793,1.257305544255483,0.7640930166076315,0.6662601058321854,0.4932125276478516,0.0,4.844079252964432,1.0551297470355665,1.7213898528677514,0.014352068865019463,1.02702259752316,0.999999999999995,0.0,0.0,0.0,0.0,0.0,0.014352068865019463,1.02702259752316,0.00027124048823513457,0.0027240955996342747
5.920776,0.0,-0.05785288,-0.08187309,0.5829544,0.0,1.3517962303184177,1.0196691381971363,0.001794012525054685,0.0,-1.0592970397779897e-05,2.8045413736429665e-05,1.0137262030305587,1.019927834397468,0.0017942686870379555,0.0,0.0,0.0,2.8045413736429665e-05,1.0137262030305587,0.0,0.0,0.0,0.00440383588497076,0.0002233096184443091,1.006427986302973,1.0178823077550168,0.0017922431986044495,0.029316284086141176,0.05834795622479531,2.149664960956045,1.108781803818115,1.668256733516174,1.108781803818115,1.668256733516174,1.668256733516174,1.4546565453001494,0.0,0.0,4.844079252960599,1.0666967470394009,2.5213532923395503,0.00021944923215417878,1.006295078863309,0.9999999999999944,0.0,0.0,0.0,0.0,0.0,0.00021944923215417878,1.006295078863309,3.860386290130308e-06,0.00013290743966390113,0.0,0.014539914259418,0.013946922371408238,1.0271998239366036,1.0178819252835885,0.0017922428198797536,0.029316284086270784,0.08359859694870053,2.1496649609643317,1.10878180381823,1.668256733515611,1.10878180381823,1.668256733515611,1.1750404290077916,0.7640930166076229,1.1750404290077916,1.2573055442554855,0.764093016607623,0.6662601058321792,0.4932125276478628,0.0,4.8440792529643755,1.0666967470356254,1.732956852867805,0.013558746472133986,1.0214481615988995,0.9999999999999947,0.0,0.0,0.0,0.0,0.0,0.013558746472133986,1.0214481615988995,0.0003881758992742488,0.005751662337703706
5.9260779999999995,0.0,-0.05788255,-0.05286976,0.4847531,0.0,1.3580534568374514,1.0178758404909893,0.0017922367946944671,0.0,-8.881520526535468e-06,2.8020012439217072e-05,1.0137110119379626,1.0178649243459743,0.0017922259854852359,0.0,0.0,0.0,2.8020012439217072e-05,1.0137110119379626,0.0,0.0,0.0,0.004139991020684534,0.00021921606482235928,1.0062870512539317,1.017875840415249,0.0017922367946194688,0.02931628408614102,0.05476654902114603,2.149664960956034,1.108781803818115,1.668256733516174,1.108781803818115,1.668256733516174,1.668256733516174,1.454656545300142,0.0,0.0,4.844079252960573,1.071998747039426,2.526655292339568,0.00021535567853240656,1.0061541438142314,0.9999999999999946,0.0,0.0,0.0,0.0,0.0,0.00021535567853240656,1.0061541438142314,3.860386289952742e-06,0.00013290743970014037,0.0,0.014141782611414449,0.013486325712706457,1.0174489859487537,1.0178759215749706,0.0017922368749841407,0.029316284086270638,0.08005380636683752,2.14966496096432,1.10878180381823,1.668256733515611,1.10878180381823,1.668256733515611,1.175040429007791,0.7640930166076185,1.175040429007791,1.257305544255487,0.7640930166076185,0.6662601058321759,0.4932125276478686,0.0,4.844079252964352,1.0719987470356476,1.7382588528678236,0.013025465631513546,1.0060977214859441,0.9999999999999949,0.0,0.0,0.0,0.0,0.0,0.013025465631513546,1.0060977214859441,0.0004608600811929132,0.011351264462808913
5.930495,0.0,-0.05720332,-0.02497874,0.3928146,0.0,1.3630975900740674,1.013153933841218,0.0017875611443730665,0.0,-7.537327530029719e-06,2.7998851079392842e-05,1.0136983565143483,1.013239014516589,0.0017876453915885763,0.0,0.0,0.0,2.7998851079392842e-05,1.0136983565143483,0.0,0.0,0.0,0.003932375623679736,0.00021580579957383955,1.0061696408216954,1.0144405663502667,0.0017888351728854144,0.029316284086140895,0.05194815009122371,2.149664960956024,1.108781803818115,1.668256733516175,1.108781803818115,1.668256733516175,1.668256733516175,1.4546565453001365,0.0,0.0,4.844079252960556,1.076415747039444,2.5310722923395796,0.00021194541328394353,1.0060367333819842,0.9999999999999946,0.0,0.0,0.0,0.0,0.0,0.00021194541328394353,1.0060367333819842,3.860386289896031e-06,0.00013290743971150284,0.0,0.013820421535078467,0.013104319151765957,1.0086289289269346,1.0144408634246411,0.0017888354670496148,0.02931628408627049,0.07740705411229343,2.1496649609643117,1.10878180381823,1.668256733515612,1.10878180381823,1.668256733515612,1.17504042900779,0.7640930166076153,1.17504042900779,1.257305544255488,0.7640930166076153,0.6662601058321737,0.4932125276478729,0.0,4.844079252964333,1.076415747035667,1.7426758528678408,0.01269231810631528,0.9995791368760958,0.9999999999999946,0.0,0.0,0.0,0.0,0.0,0.01269231810631528,0.9995791368760958,0.0004120010454506779,0.009049792050838702
5.932382,0.0,-0.05675603,-0.02262144,0.3889109,0.0,1.3651777091674713,1.0147126937883884,0.0017891046345325605,0.0,-6.9857301194981295e-06,2.798981067052069e-05,1.013692949952347,1.014784729611132,0.0017891759646842872,0.0,0.0,0.0,2.798981067052069e-05,1.013692949952347,0.0,0.0,0.0,0.0038471917444267475,0.00021434888978803394,1.006119481553947,1.0144462546712414,0.001788840805482958,0.029316284086140842,0.05079625509954561,2.1496649609560197,1.108781803818115,1.668256733516175,1.108781803818115,1.668256733516175,1.668256733516175,1.4546565453001334,0.0,0.0,4.844079252960547,1.0783027470394526,2.532959292339586,0.0002104885034981487,1.005986574114234,0.9999999999999943,0.0,0.0,0.0,0.0,0.0,0.0002104885034981487,1.005986574114234,3.860386289885214e-06,0.00013290743971334674,0.0,0.013686027080869006,0.01295152915503134,1.0053452268087242,1.0144469266890208,0.001788841470917575,0.029316284086270426,0.07636000040947793,2.1496649609643077,1.10878180381823,1.668256733515612,1.10878180381823,1.668256733515612,1.17504042900779,0.764093016607614,1.17504042900779,1.2573055442554886,0.764093016607614,0.6662601058321724,0.49321252764787465,0.0,4.844079252964326,1.0783027470356745,1.744562852867847,0.012551524953807836,0.9968807409657704,0.9999999999999948,0.0,0.0,0.0,0.0,0.0,0.012551524953807836,0.9968807409657704,0.00040000420122350853,0.00846448584295388
5.935466000000001,0.0,-0.05587538,-0.009642588,0.3827886,0.0,1.3685383808131435,1.0144446249032482,0.0017888391916803545,0.0,-6.112837805803346e-06,2.797503556667242e-05,1.0136841137906034,1.014563076452036,0.001788956482864455,0.0,0.0,0.0,2.797503556667242e-05,1.0136841137906034,0.0,0.0,0.0,0.00371154815384597,0.0002119678035244342,1.0060375042451306,1.0144461714341804,0.0017888407230612965,0.029316284086140756,0.048956478002918774,2.1496649609560126,1.108781803818115,1.668256733516175,1.108781803818115,1.668256733516175,1.668256733516175,1.4546565453001288,0.0,0.0,4.844079252960532,1.0813867470394676,2.5360432923395972,0.00020810741723455958,1.0059045968054157,0.9999999999999946,0.0,0.0,0.0,0.0,0.0,0.00020810741723455958,1.0059045968054157,3.860386289874626e-06,0.00013290743971567824,0.0,0.013469532604426513,0.012712918505198146,1.0009878464691477,1.0144460966881559,0.0017888406490474916,0.029316284086270347,0.07469645027405135,2.1496649609643015,1.10878180381823,1.668256733515613,1.10878180381823,1.668256733515613,1.17504042900779,0.7640930166076118,1.17504042900779,1.257305544255489,0.7640930166076116,0.6662601058321704,0.49321252764787754,0.0,4.8440792529643115,1.0813867470356902,1.7476468528678608,0.012341549470995628,0.9955193835203442,0.9999999999999949,0.0,0.0,0.0,0.0,0.0,0.012341549470995628,0.9955193835203442,0.0003713690342025209,0.005468462948803625
5.938419000000001,0.0,-0.05488534,-0.006345825,0.3768708,0.0,1.3716876514936414,1.00976740868712,0.0017842077940000854,0.0,-5.304726270633115e-06,2.7960888069375413e-05,1.0136756529651714,1.014445564183105,0.0017888401217589212,0.0,0.0,0.0,2.7960888069375413e-05,1.0136756529651714,0.0,0.0,0.0,0.0035865133576201695,0.00020968785938163556,1.0059590091112343,1.0144461713649315,0.0017888407229927255,0.02931628408614067,0.0472580355295254,2.149664960956006,1.108781803818115,1.668256733516176,1.108781803818115,1.668256733516176,1.668256733516176,1.4546565453001243,0.0,0.0,4.844079252960519,1.084339747039482,2.5389962923396063,0.00020582747309176653,1.0058261016715175,0.9999999999999947,0.0,0.0,0.0,0.0,0.0,0.00020582747309176653,1.0058261016715175,3.860386289869025e-06,0.00013290743971664526,0.0,0.013266226196817424,0.012500560377244944,0.9986330012623393,1.0144461715094588,0.0017888407231358371,0.02931628408627026,0.07319456276338708,2.1496649609642957,1.10878180381823,1.668256733515613,1.10878180381823,1.668256733515613,1.1750404290077892,0.7640930166076095,1.1750404290077892,1.25730554425549,0.7640930166076096,0.6662601058321683,0.49321252764788054,0.0,4.8440792529642955,1.0843397470357055,1.750599852867874,0.012151750694211842,0.995920964934929,0.9999999999999949,0.0,0.0,0.0,0.0,0.0,0.012151750694211842,0.995920964934929,0.00034880968303310024,0.0027120363274103845
5.94229,0.0,-0.05355987,-0.004466366,0.3670149,0.0,1.3756834128739597,1.008958468707422,0.0017834067784873685,0.0,-4.291560751358602e-06,2.7942342535329783e-05,1.013664561920388,1.0090070350532612,0.0017834548690718243,0.0,0.0,0.0,2.7942342535329783e-05,1.013664561920388,0.0,0.0,0.0,0.003429143827501758,0.00020669914831602013,1.0058561121714051,1.009629617236177,0.0017840713523696859,0.029316284086140527,0.045131629989192575,2.1496649609559952,1.108781803818115,1.668256733516176,1.108781803818115,1.668256733516176,1.668256733516176,1.4546565453001215,0.0,0.0,4.844079252960504,1.0882107470394957,2.5428672923396176,0.00020283876202615493,1.0057232047316877,0.9999999999999943,0.0,0.0,0.0,0.0,0.0,0.00020283876202615493,1.0057232047316877,3.860386289865228e-06,0.00013290743971749924,0.0,0.013004343256844665,0.012236986338106432,0.997334330024419,1.009628130942729,0.0017840698806361355,0.0293162840862701,0.07141234136100437,2.1496649609642873,1.10878180381823,1.668256733515614,1.10878180381823,1.668256733515614,1.175040429007789,0.7640930166076065,1.175040429007789,1.257305544255491,0.7640930166076066,0.6662601058321649,0.4932125276478845,0.0,4.8440792529642795,1.0882107470357205,1.7544708528678856,0.01190294911448644,0.9964473860848969,0.9999999999999947,0.0,0.0,0.0,0.0,0.0,0.01190294911448644,0.9964473860848969,0.00033403722361998497,0.0008869439395220758
5.948053,0.0,-0.05158725,-0.00184392,0.3542243,0.0,1.3814352574880242,1.0156292747907583,0.0017900122366043903,0.0,-2.870334603350242e-06,2.7914732637963488e-05,1.01364804998779,1.0096355343209882,0.0017840772114900692,0.0,0.0,0.0,2.7914732637963488e-05,1.01364804998779,0.0,0.0,0.0,0.003207688669017031,0.00020224966707832118,1.0057029230563856,1.0096298450560364,0.0017840715779577963,0.029316284086140326,0.042130716095256364,2.1496649609559824,1.108781803818115,1.668256733516177,1.108781803818115,1.668256733516177,1.668256733516177,1.4546565453001126,0.0,0.0,4.844079252960475,1.0939737470395243,2.548630292339637,0.0001983892807884572,1.005570015616667,0.9999999999999947,0.0,0.0,0.0,0.0,0.0,0.0001983892807884572,1.005570015616667,3.860386289863973e-06,0.00013290743971819087,0.0,0.012623844363299686,0.011857645423634829,0.9970132294090209,1.0096298442845582,0.0017840715771938757,0.029316284086269927,0.06900379518887427,2.1496649609642744,1.108781803818229,1.668256733515614,1.108781803818229,1.668256733515614,1.175040429007788,0.7640930166076018,1.175040429007788,1.2573055442554926,0.7640930166076019,0.6662601058321611,0.4932125276478909,0.0,4.844079252964252,1.0939737470357471,1.7602338528679085,0.011532542629351121,0.9972311022014737,0.9999999999999949,0.0,0.0,0.0,0.0,0.0,0.011532542629351121,0.9972311022014737,0.00032510279428371125,0.00021787279245278363
5.957713,0.0,-0.04829136,0.001859977,0.3385432,0.0,1.391331463439129,1.0203112311651477,0.0017946483280077983,0.0,-7.048327901634316e-07,2.786845264341925e-05,1.013620372516179,1.0215010673324185,0.0017958265084062142,0.0,0.0,0.0,2.786845264341925e-05,1.013620372516179,0.0,0.0,0.0,0.0028689645466603688,0.0001947914007663048,1.0054461458828499,1.021505649953569,0.0017958310461354935,0.029316284086140093,0.03755357757671468,2.149664960955961,1.108781803818114,1.668256733516178,1.108781803818114,1.668256733516178,1.668256733516178,1.454656545300101,0.0,0.0,4.844079252960435,1.1036337470395652,2.5582902923396666,0.00019093101447644173,1.005313238443131,0.9999999999999946,0.0,0.0,0.0,0.0,0.0,0.00019093101447644173,1.005313238443131,3.8603862898630885e-06,0.0001329074397188518,0.0,0.012008656806370283,0.011281791628102607,1.0001774343799694,1.0215056505089388,0.0017958310466854226,0.029316284086269684,0.0655610223056513,2.149664960964248,1.108781803818229,1.668256733515615,1.108781803818229,1.668256733515615,1.175040429007787,0.7640930166075924,1.175040429007787,1.2573055442554955,0.7640930166075924,0.6662601058321559,0.493212527647903,0.0,4.844079252964199,1.103633747035801,1.7698938528679573,0.011003485163268394,1.0027823302720311,0.9999999999999949,0.0,0.0,0.0,0.0,0.0,0.011003485163268394,1.0027823302720311,0.00027830646483420685,0.0026048958920615248
5.965439999999999,0.0,-0.04566805,0.004761097,0.3257186,0.0,1.3983576803153772,1.0094300482029355,0.0017838737383371302,0.0,8.485392667800838e-07,2.7831433438673538e-05,1.0135982334040519,1.0095709729051203,0.0017840132825250894,0.0,0.0,0.0,2.7831433438673538e-05,1.0135982334040519,0.0,0.0,0.0,0.002624544406261075,0.000188825559793947,1.0052407507255081,1.0094319479302507,0.0017838756194545032,0.029316284086139937,0.034258063025633556,2.1496649609559455,1.108781803818114,1.668256733516179,1.108781803818114,1.668256733516179,1.668256733516179,1.4546565453000928,0.0,0.0,4.8440792529603955,1.1113607470396045,2.5660172923396973,0.00018496517350408145,1.0051078432857892,0.9999999999999946,0.0,0.0,0.0,0.0,0.0,0.00018496517350408145,1.0051078432857892,3.860386289865544e-06,0.0001329074397187213,0.0,0.011535783444047633,0.010803485107633175,1.0015966033936465,1.0094318610276674,0.001783875533403227,0.029316284086269455,0.06313438817249607,2.1496649609642327,1.108781803818229,1.668256733515616,1.108781803818229,1.668256733515616,1.175040429007786,0.764093016607587,1.175040429007786,1.257305544255497,0.764093016607587,0.66626010583215,0.4932125276479103,0.0,4.844079252964167,1.111360747035833,1.7776208528679829,0.01046362209096532,1.0012755037592564,0.9999999999999949,0.0,0.0,0.0,0.0,0.0,0.01046362209096532,1.0012755037592564,0.00033986301666785626,0.00032109963438992767
5.982083,0.0,-0.04000905,0.01185315,0.2912868,0.0,1.4131071936489175,1.012169375545474,0.002348535682976568,0.0,3.734671318700368e-06,2.7751698661323696e-05,1.0135505485013574,1.0121670120508768,0.002362532779181222,0.0,0.0,0.0,2.7751698661323696e-05,1.0135505485013574,0.0,0.0,0.0,0.0021686186851423077,0.00017597587798950096,1.0047983550216593,1.0121620818840287,0.002391730231012882,0.029316284086139427,0.028122230300368,2.1496649609559193,1.108781803818114,1.668256733516181,1.108781803818114,1.668256733516181,1.668256733516181,1.454656545300072,0.0,0.0,4.844079252960316,1.1280037470396849,2.5826602923397557,0.00017211549169963736,1.0046654475819412,0.9999999999999943,0.0,0.0,0.0,0.0,0.0,0.00017211549169963736,1.0046654475819412,3.8603862898635756e-06,0.000132907439717968,0.0,0.010513394262663374,0.008669846067137676,1.0049122778540553,1.012162112158569,0.002391550939022296,0.029316284086269035,0.06219809020889772,2.149664960964197,1.1087818038182287,1.668256733515618,1.1087818038182287,1.668256733515618,1.175040429007784,0.7640930166075741,1.175040429007784,1.2573055442555015,0.7640930166075741,0.6662601058321388,0.49321252764792733,0.0,4.844079252964076,1.1280037470359239,1.7942638528680626,0.008015730228228345,1.007149214362392,0.9999999999999947,0.0,0.0,0.0,0.0,0.0,0.008015730228228345,1.007149214362392,0.0006541158389093307,0.002236936508336991
5.987962,0.0,-0.03800328,0.01421244,0.2766155,0.0,1.4178006062741528,1.0120436841720741,0.00309290558646742,0.0,4.620449946796341e-06,2.7723533020751687e-05,1.0135337042098873,1.0121619047224788,0.002392779417781287,0.0,0.0,0.0,2.7723533020751687e-05,1.0135337042098873,0.0,0.0,0.0,0.002027783439444751,0.00017143683578987792,1.0046420824540379,1.012162074563433,0.002391773585070482,0.029316284086139233,0.026229485096599343,2.1496649609559078,1.108781803818114,1.668256733516182,1.108781803818114,1.668256733516182,1.668256733516182,1.4546565453000628,0.0,0.0,4.844079252960285,1.1338827470397146,2.5885392923397776,0.00016757644950001385,1.0045091750143198,0.9999999999999947,0.0,0.0,0.0,0.0,0.0,0.00016757644950001385,1.0045091750143198,3.860386289864086e-06,0.00013290743971815333,0.0,0.010137855962070404,0.008009950154964455,1.0059621144479598,1.0121620745855289,0.0023917734542139796,0.02931628408626887,0.0629541753268975,2.149664960964184,1.108781803818228,1.668256733515619,1.108781803818228,1.668256733515619,1.1750404290077834,0.7640930166075692,1.1750404290077834,1.257305544255503,0.7640930166075692,0.6662601058321348,0.49321252764793383,0.0,4.844079252964047,1.1338827470359525,1.8001428528680874,0.007520882039990609,1.005818614231892,0.9999999999999949,0.0,0.0,0.0,0.0,0.0,0.007520882039990609,1.005818614231892,0.0004890681149738451,0.00021931035413631154
5.992665000000001,0.0,-0.03639946,0.01876605,0.1987836,0.0,1.4214743446271834,1.0195363438914147,0.007467418180477794,0.0,5.283871843817394e-06,2.7701001466472032e-05,1.013520229349743,1.0191971140258278,0.0073534268842161314,0.0,0.0,0.0,2.7701001466472032e-05,1.013520229349743,0.0,0.0,0.0,0.0019219648642448397,0.00016780575644563075,1.0045170697162376,1.020043062751805,0.007637690746650896,0.029316284086139063,0.024813532069167227,2.1496649609558984,1.108781803818113,1.6682567335161826,1.108781803818113,1.6682567335161826,1.6682567335161826,1.4546565453000597,0.0,0.0,4.844079252960266,1.1385857470397343,2.5932422923397938,0.00016394537015576683,1.0043841622765204,0.9999999999999943,0.0,0.0,0.0,0.0,0.0,0.00016394537015576683,1.0043841622765204,3.860386289863911e-06,0.00013290743971768133,0.0,0.009837909678070071,0.007579849257532079,1.0060217550314947,1.0200411907126798,0.007637061685981045,0.029316284086268747,0.06325868084600011,2.1496649609641723,1.108781803818228,1.6682567335156198,1.108781803818228,1.6682567335156198,1.175040429007783,0.7640930166075653,1.175040429007783,1.2573055442555046,0.7640930166075655,0.6662601058321324,0.49321252764793916,0.0,4.844079252964025,1.1385857470359753,1.804845852868108,0.007151948474842275,1.006773382557858,0.9999999999999948,0.0,0.0,0.0,0.0,0.0,0.007151948474842275,1.006773382557858,0.00042790078268980364,0.0007516275263627092
5.995428,0.0,-0.03545762,0.01971551,0.1931163,0.0,1.4235927522055463,1.0200470183427977,0.007639019942545875,0.0,5.655681387323567e-06,2.768776423821885e-05,1.0135123129052237,1.0197653528739499,0.0075443719909259275,0.0,0.0,0.0,2.768776423821885e-05,1.0135123129052237,0.0,0.0,0.0,0.001862390841287812,0.00016567250698185118,1.0044436250650495,1.0200431693199936,0.007637726556722938,0.029316284086138976,0.02401533777238558,2.1496649609558918,1.108781803818113,1.668256733516183,1.108781803818113,1.668256733516183,1.668256733516183,1.4546565453000557,0.0,0.0,4.8440792529602525,1.1413487470397485,2.596005292339805,0.0001618121206919869,1.0043107176253314,0.9999999999999946,0.0,0.0,0.0,0.0,0.0,0.0001618121206919869,1.0043107176253314,3.86038628986432e-06,0.0001329074397178331,0.0,0.00966298391080582,0.0073482410269614055,1.0065951040378671,1.020043341249065,0.0076377843299905235,0.029316284086268667,0.06327312927944555,2.1496649609641665,1.108781803818228,1.66825673351562,1.108781803818228,1.66825673351562,1.175040429007782,0.7640930166075633,1.175040429007782,1.257305544255505,0.7640930166075633,0.6662601058321306,0.49321252764794166,0.0,4.84407925296401,1.1413487470359898,1.8076088528681207,0.006941294126768255,1.0080249852359673,0.9999999999999949,0.0,0.0,0.0,0.0,0.0,0.006941294126768255,1.0080249852359673,0.00040694690019314967,0.001429881198100727
5.997033,0.0,-0.03491054,0.02132022,0.1621286,0.0,1.4248071299438407,1.0200431694792336,0.007637726610232518,0.0,5.86677112183427e-06,2.7680074860243332e-05,1.0135077143191022,1.0201073669805514,0.007659298874747902,0.0,0.0,0.0,2.7680074860243332e-05,1.0135077143191022,0.0,0.0,0.0,0.0018287006130223785,0.0001644333229828049,1.0044009617768996,1.020043169479232,0.007637726610232052,0.02931628408613893,0.02356343032045818,2.149664960955888,1.108781803818113,1.668256733516183,1.108781803818113,1.668256733516183,1.668256733516183,1.454656545300054,0.0,0.0,4.844079252960243,1.142953747039758,2.5976102923398114,0.0001605729366929397,1.0042680543371818,0.9999999999999946,0.0,0.0,0.0,0.0,0.0,0.0001605729366929397,1.0042680543371818,3.860386289865149e-06,0.00013290743971783634,0.0,0.00956192994423865,0.007218350521590127,1.0070761143665157,1.020043167651167,0.0076377259959478985,0.02931628408626862,0.06322854679061994,2.149664960964163,1.108781803818228,1.66825673351562,1.108781803818228,1.66825673351562,1.175040429007782,0.7640930166075617,1.175040429007782,1.257305544255506,0.7640930166075618,0.6662601058321297,0.493212527647944,0.0,4.844079252964003,1.1429537470359974,1.8092138528681274,0.0068187962082956795,1.0087363308465955,0.9999999999999949,0.0,0.0,0.0,0.0,0.0,0.0068187962082956795,1.0087363308465955,0.00039955431329444756,0.0016602164800802411
5.998193,0.0,-0.03451548,0.02398294,0.1003204,0.0,1.425689688787073,1.0254511095923307,0.00913210511724534,0.0,6.016331154307131e-06,2.7674517428186265e-05,1.013504390730378,1.0200469759050395,0.0076390056822003395,0.0,0.0,0.0,2.7674517428186265e-05,1.013504390730378,0.0,0.0,0.0,0.0018048312555816542,0.00016353771336355624,1.0043701272508847,1.0200431694792333,0.007637726610232467,0.029316284086138896,0.02324328580851169,2.149664960955886,1.108781803818113,1.6682567335161838,1.108781803818113,1.6682567335161838,1.6682567335161838,1.454656545300052,0.0,0.0,4.844079252960237,1.144113747039763,2.5987702923398155,0.0001596773270736909,1.0042372198111666,0.9999999999999947,0.0,0.0,0.0,0.0,0.0,0.0001596773270736909,1.0042372198111666,3.860386289865279e-06,0.00013290743971798702,0.0,0.009489201546889437,0.007125003806698734,1.0073442920023914,1.0200431689096838,0.007637726418846952,0.029316284086268584,0.0631726799739043,2.1496649609641607,1.108781803818228,1.66825673351562,1.108781803818228,1.66825673351562,1.175040429007782,0.7640930166075608,1.175040429007782,1.257305544255506,0.7640930166075609,0.6662601058321289,0.49321252764794493,0.0,4.844079252963998,1.1441137470360023,1.8103738528681308,0.006724320019703015,1.0085375577357343,0.9999999999999949,0.0,0.0,0.0,0.0,0.0,0.006724320019703015,1.0085375577357343,0.0004006837869957193,0.0011932657333424566
5.9986310000000005,0.0,-0.03436635,0.02498828,0.07698409,0.0,1.4260288334952274,1.0276200087338787,0.00928727503407656,0.0,6.072412231965759e-06,2.7672419018495745e-05,1.0135031357891184,1.020846698161791,0.007907736079916575,0.0,0.0,0.0,2.7672419018495745e-05,1.0135031357891184,0.0,0.0,0.0,0.001795818515444533,0.00016319954352456332,1.0043584845591653,1.020043169479234,0.007637726610232623,0.029316284086138882,0.0231224036565868,2.149664960955885,1.108781803818113,1.668256733516184,1.108781803818113,1.668256733516184,1.668256733516184,1.4546565453000513,0.0,0.0,4.844079252960235,1.144551747039766,2.599208292339818,0.00015933915723469793,1.0042255771194473,0.9999999999999947,0.0,0.0,0.0,0.0,0.0,0.00015933915723469793,1.0042255771194473,3.860386289865328e-06,0.00013290743971804388,0.0,0.009461740307200622,0.007089757374696561,1.0074455521786965,1.0200431693848826,0.007637726578527801,0.029316284086268574,0.06315158543448922,2.14966496096416,1.108781803818228,1.66825673351562,1.108781803818228,1.66825673351562,1.175040429007782,0.7640930166075606,1.175040429007782,1.257305544255506,0.7640930166075607,0.6662601058321287,0.4932125276479453,0.0,4.844079252963995,1.144551747036005,1.8108118528681332,0.006688647114010188,1.008462503750771,0.9999999999999949,0.0,0.0,0.0,0.0,0.0,0.006688647114010188,1.008462503750771,0.00040111026068637287,0.0010169515720738315
5.9999139999999995,0.0,-0.03392941,0.02652984,0.0434703,0.0,1.4270240712494677,1.0211187409686797,0.004007960064965093,0.0,6.23432420261599e-06,2.766627230700503e-05,1.0134994597853846,1.0250777998070788,0.006985850908694198,0.0,0.0,0.0,2.766627230700503e-05,1.0134994597853846,0.0,0.0,0.0,0.0017698361059394234,0.00016220896840258458,1.0043243805101338,1.0230047970582203,0.00542659752125346,0.02931628408613888,0.022775459336431034,2.1496649609558864,1.108781803818113,1.668256733516184,1.108781803818113,1.668256733516184,1.668256733516184,1.4546565453000506,0.0,0.0,4.844079252960228,1.1458347470397718,2.6004912923398225,0.0001583485821127184,1.0041914730704158,0.9999999999999947,0.0,0.0,0.0,0.0,0.0,0.0001583485821127184,1.0041914730704158,3.860386289866127e-06,0.00013290743971800472,0.0,0.009381512164982796,0.006986224893572561,1.0076019131654375,1.0230048130200162,0.005426609527259868,0.029316284086268535,0.06307667731856476,2.149664960964158,1.108781803818228,1.66825673351562,1.108781803818228,1.66825673351562,1.175040429007782,0.7640930166075601,1.175040429007782,1.257305544255506,0.76409301660756,0.6662601058321275,0.493212527647946,0.0,4.844079252963985,1.1458347470360144,1.812094852868142,0.006580690706004105,1.0078272325030373,0.9999999999999946,0.0,0.0,0.0,0.0,0.0,0.006580690706004105,1.0078272325030373,0.00040553418756845614,0.00022531933760028562
6.001054,0.0,-0.03354146,0.02767658,0.01922612,0.0,1.4279063204787898,1.0219683524535952,0.004647013528156352,0.0,6.3761073670943594e-06,2.7660810692742042e-05,1.0134961934999143,1.0217430368543485,0.004477537577599792,0.0,0.0,0.0,2.7660810692742042e-05,1.0134961934999143,0.0,0.0,0.0,0.001747086236188604,0.00016132880032849399,1.0042940776138776,1.0229097463968506,0.005355103131870636,0.02931628408613885,0.02247303083128739,2.1496649609558847,1.108781803818113,1.668256733516184,1.108781803818113,1.668256733516184,1.668256733516184,1.4546565453000493,0.0,0.0,4.844079252960221,1.1469747470397795,2.6016312923398295,0.00015746841403862713,1.0041611701741595,0.9999999999999943,0.0,0.0,0.0,0.0,0.0,0.00015746841403862713,1.0041611701741595,3.860386289866869e-06,0.00013290743971726835,0.0,0.009310400273017279,0.006893354360676193,1.0075820152704364,1.022909915020395,0.005355229965678601,0.029316284086268515,0.06300183706045094,2.149664960964157,1.108781803818228,1.6682567335156209,1.108781803818228,1.6682567335156209,1.175040429007782,0.7640930166075598,1.175040429007782,1.257305544255506,0.7640930166075598,0.6662601058321267,0.49321252764794626,0.0,4.8440792529639785,1.1469747470360212,1.8132348528681481,0.006484543149437793,1.0072359277186698,0.9999999999999947,0.0,0.0,0.0,0.0,0.0,0.006484543149437793,1.0072359277186698,0.0004088112112384006,0.0003684329842381978
6.002243,0.0,-0.03313659,0.02809107,0.01427178,0.0,1.4288209828611005,1.0232458278424454,0.005607893984553782,0.0,6.5218090948944085e-06,2.7655114324883543e-05,1.0134927868214725,1.023205982914525,0.005577923769190208,0.0,0.0,0.0,2.7655114324883543e-05,1.0134927868214725,0.0,0.0,0.0,0.0017237639705502857,0.0001604108004687632,1.0042624722247122,1.0229119604966852,0.005356768514451115,0.029316284086138813,0.0221620018788568,2.1496649609558824,1.108781803818113,1.668256733516184,1.108781803818113,1.668256733516184,1.668256733516184,1.4546565453000482,0.0,0.0,4.8440792529602135,1.1481637470397867,2.6028202923398354,0.00015655041417889613,1.0041295647849944,0.9999999999999943,0.0,0.0,0.0,0.0,0.0,0.00015655041417889613,1.0041295647849944,3.860386289867107e-06,0.000132907439717167,0.0,0.009236561529447549,0.00679569506588833,1.0074222983783814,1.0229127557010669,0.005357366644446891,0.02931628408626848,0.06290438782025358,2.149664960964156,1.108781803818228,1.668256733515621,1.108781803818228,1.668256733515621,1.175040429007782,0.764093016607559,1.175040429007782,1.2573055442555063,0.7640930166075591,0.6662601058321258,0.49321252764794726,0.0,4.844079252963971,1.1481637470360284,1.8144238528681544,0.006384262934738364,1.0066192072023423,0.9999999999999947,0.0,0.0,0.0,0.0,0.0,0.006384262934738364,1.0066192072023423,0.00041143213114996555,0.0008030911760389851
6.0040059999999995,0.0,-0.03253531,0.02887418,0.007419375,0.0,1.4301648712643513,1.0229561542723364,0.005390009808716122,0.0,6.733694615746132e-06,2.7646667986334736e-05,1.0134877355396454,1.023342969913346,0.005680961472379775,0.0,0.0,0.0,2.7646667986334736e-05,1.0134877355396454,0.0,0.0,0.0,0.0016896377517866667,0.00015904962826295604,1.0042156090614671,1.0229117970623192,0.005356645583794336,0.02931628408613876,0.021706263554645413,2.1496649609558784,1.108781803818113,1.668256733516184,1.108781803818113,1.668256733516184,1.668256733516184,1.454656545300046,0.0,0.0,4.844079252960204,1.1499267470397962,2.6045832923398424,0.00015518924197308905,1.0040827016217497,0.9999999999999944,0.0,0.0,0.0,0.0,0.0,0.00015518924197308905,1.0040827016217497,3.860386289867025e-06,0.00013290743971724567,0.0,0.00912743408666788,0.00665016866147397,1.0070597153078562,1.0229127951094676,0.0053573962863189065,0.02931628408626843,0.06274208010099443,2.1496649609641523,1.108781803818228,1.668256733515621,1.108781803818228,1.668256733515621,1.175040429007782,0.7640930166075578,1.175040429007782,1.257305544255507,0.7640930166075579,0.6662601058321245,0.49321252764794893,0.0,4.844079252963961,1.1499267470360381,1.8161868528681628,0.006235571581908246,1.0057047595402022,0.9999999999999948,0.0,0.0,0.0,0.0,0.0,0.006235571581908246,1.0057047595402022,0.00041459707956572413,0.0013549557676540344
6.005667,0.0,-0.03196409,0.03024704,-0.004459634,0.0,1.4314201022999722,1.0229109457613557,0.0053560052595535744,0.0,6.929298313904421e-06,2.7638710318535773e-05,1.013482976504413,1.0230198684609704,0.0054379337994156455,0.0,0.0,0.0,2.7638710318535773e-05,1.013482976504413,0.0,0.0,0.0,0.0016580920390391691,0.0001577672079374618,1.004171457209993,1.0229118251776652,0.005356666731353573,0.02931628408613871,0.021284699627592357,2.149664960955874,1.108781803818113,1.6682567335161842,1.108781803818113,1.6682567335161842,1.6682567335161842,1.4546565453000433,0.0,0.0,4.844079252960195,1.1515877470398053,2.6062442923398486,0.00015390682164759522,1.0040385497702748,0.9999999999999946,0.0,0.0,0.0,0.0,0.0,0.00015390682164759522,1.0040385497702748,3.860386289866587e-06,0.00013290743971748498,0.0,0.009025080217472949,0.006511897030681576,1.0065283745666027,1.0229117380651758,0.0053566012078301636,0.02931628408626839,0.06256930690048282,2.1496649609641483,1.108781803818228,1.668256733515621,1.108781803818228,1.668256733515621,1.1750404290077818,0.7640930166075566,1.1750404290077818,1.2573055442555072,0.7640930166075566,0.6662601058321234,0.4932125276479507,0.0,4.844079252963952,1.1515877470360472,1.817847852868171,0.0060937248152799755,1.0046071260624592,0.9999999999999949,0.0,0.0,0.0,0.0,0.0,0.0060937248152799755,1.0046071260624592,0.00041817221540160044,0.0019212485041433076
6.008959000000001,0.0,-0.03079897,0.03417407,-0.03867212,0.0,1.4338477530976317,1.0126721567808772,0.001644699074101496,0.0,7.306213864298999e-06,2.762293870962897e-05,1.0134735443888288,1.0200765165184604,0.003415703192197341,0.0,0.0,0.0,2.762293870962897e-05,1.0134735443888288,0.0,0.0,0.0,0.0015974106701967525,0.0001552255296042132,1.0040839509516828,1.012776072555976,0.0018252145517608357,0.029316284086138605,0.020473491367285376,2.149664960955869,1.108781803818113,1.668256733516185,1.108781803818113,1.668256733516185,1.668256733516185,1.454656545300038,0.0,0.0,4.844079252960178,1.154879747039822,2.60953629233986,0.00015136514331434817,1.0039510435119647,0.999999999999995,0.0,0.0,0.0,0.0,0.0,0.00015136514331434817,1.0039510435119647,3.8603862898650545e-06,0.00013290743971796346,0.0,0.008823637515654695,0.006231387865290047,1.0045370924428059,1.0127760725569808,0.001825214551892829,0.029316284086268293,0.06217787084591754,2.1496649609641425,1.108781803818228,1.668256733515622,1.108781803818228,1.668256733515622,1.175040429007781,0.7640930166075541,1.175040429007781,1.257305544255508,0.764093016607554,0.666260105832121,0.49321252764795387,0.0,4.844079252963937,1.154879747036064,1.8211398528681857,0.005798253756893746,1.0005060506513133,0.9999999999999951,0.0,0.0,0.0,0.0,0.0,0.005798253756893746,1.0005060506513133,0.000433134108396301,0.004031041791492498
6.010373,0.0,-0.03028743,0.03455835,-0.04236163,0.0,1.4348226566550508,1.0078103388414406,0.00015512414428223037,0.0,7.463130858318054e-06,2.761616439158699e-05,1.0134694930487815,1.0081528068571641,0.0005454709728080808,0.0,0.0,0.0,2.761616439158699e-05,1.0134694930487815,0.0,0.0,0.0,0.0015720820953271507,0.0001541338123614395,1.0040463647277302,1.008294534503836,0.0012368147176984663,0.029316284086138567,0.02013681131263465,2.149664960955867,1.108781803818113,1.668256733516185,1.108781803818113,1.668256733516185,1.668256733516185,1.4546565453000369,0.0,0.0,4.844079252960175,1.156293747039825,2.610950292339862,0.00015027342607157692,1.0039134572880122,0.9999999999999946,0.0,0.0,0.0,0.0,0.0,0.00015027342607157692,1.0039134572880122,3.8603862898625735e-06,0.0001329074397178331,0.0,0.008737601206057436,0.006108217812778295,1.0033021125579595,1.008295001692505,0.0012368760568486118,0.029316284086268216,0.062002735107528587,2.1496649609641407,1.108781803818228,1.668256733515622,1.108781803818228,1.668256733515622,1.175040429007781,0.7640930166075536,1.175040429007781,1.2573055442555081,0.7640930166075536,0.6662601058321204,0.49321252764795465,0.0,4.844079252963928,1.1562937470360724,1.8225538528681933,0.005670706584025591,0.9986593072410325,0.9999999999999946,0.0,0.0,0.0,0.0,0.0,0.005670706584025591,0.9986593072410325,0.00043751122875270365,0.004642805316926791
6.013191,0.0,-0.02923664,0.03840185,-0.04807205,0.0,1.4367049591056154,1.008513389425651,0.0012655490937500677,0.0,7.76718491321466e-06,2.7602663664400072e-05,1.0134614190203135,1.0087995637764118,0.0013031221185780483,0.0,0.0,0.0,2.7602663664400072e-05,1.0134614190203135,0.0,0.0,0.0,0.0015228128548607546,0.00015195809864847282,1.0039714580947041,1.0083035731617425,0.0012380014408168538,0.029316284086138483,0.019482285892612885,2.1496649609558616,1.108781803818113,1.668256733516186,1.108781803818113,1.668256733516186,1.668256733516186,1.4546565453000333,0.0,0.0,4.844079252960164,1.1591117470398369,2.61376829233987,0.00014809771235861117,1.003838550654986,0.9999999999999943,0.0,0.0,0.0,0.0,0.0,0.00014809771235861117,1.003838550654986,3.8603862898616655e-06,0.00013290743971804334,0.0,0.00856706106803341,0.005859925924878709,1.0004463529875407,1.0083051591022383,0.0012382096655633096,0.029316284086268112,0.061636066105383976,2.149664960964135,1.108781803818228,1.668256733515622,1.108781803818228,1.668256733515622,1.175040429007781,0.7640930166075517,1.175040429007781,1.257305544255509,0.7640930166075518,0.6662601058321187,0.49321252764795703,0.0,4.844079252963914,1.1591117470360863,1.8253718528682044,0.005416514269215097,0.9949788808406321,0.9999999999999948,0.0,0.0,0.0,0.0,0.0,0.005416514269215097,0.9949788808406321,0.00044341165566361184,0.005467472146908437
6.016618,0.0,-0.0276905,0.05759791,-0.0475183,0.0,1.4389531808405038,1.0083035995481548,0.0012380049051990923,0.0,8.124149351245927e-06,2.7586245285383184e-05,1.0134516001077656,1.0082338939479525,0.0012288529660399031,0.0,0.0,0.0,2.7586245285383184e-05,1.0134516001077656,0.0,0.0,0.0,0.001465088323498218,0.00014931218988540048,1.0038803633355213,1.008303599572611,0.0012380049084099894,0.02931628408613837,0.01871333833839791,2.149664960955854,1.108781803818113,1.668256733516186,1.108781803818113,1.668256733516186,1.668256733516186,1.4546565453000277,0.0,0.0,4.844079252960146,1.1625387470398543,2.617195292339882,0.00014545180359553742,1.0037474558958033,0.9999999999999946,0.0,0.0,0.0,0.0,0.0,0.00014545180359553742,1.0037474558958033,3.860386289863038e-06,0.0001329074397186707,0.0,0.00836146067833506,0.00556221609343104,0.9974955754321251,1.008303574038488,0.0012380015559283826,0.02931628408626801,0.06115784268064384,2.149664960964128,1.108781803818228,1.6682567335156229,1.108781803818228,1.6682567335156229,1.17504042900778,0.7640930166075491,1.17504042900778,1.2573055442555099,0.7640930166075491,0.6662601058321164,0.49321252764796053,0.0,4.8440792529638985,1.1625387470361022,1.828798852868218,0.005133689716341688,0.9939323944752776,0.9999999999999949,0.0,0.0,0.0,0.0,0.0,0.005133689716341688,0.9939323944752776,0.00042852637708935175,0.0035631809568474897
6.021903,0.0,-0.02466603,0.07375068,-0.03891756,0.0,1.4425856768673306,1.0107819156661417,-0.006557281037500872,0.0,8.644654605939923e-06,2.7560925433295595e-05,1.013436457722935,1.010810085606187,-0.006507805031769357,0.0,0.0,0.0,2.7560925433295595e-05,1.013436457722935,0.0,0.0,0.0,0.0013804529588170478,0.0001452317615770142,1.0037398801717399,1.010768612685795,-0.006580645600249501,0.029316284086138254,0.01759007835810888,2.1496649609558465,1.108781803818113,1.668256733516186,1.108781803818113,1.668256733516186,1.668256733516186,1.4546565453000222,0.0,0.0,4.844079252960123,1.1678237470398773,2.6224802923398993,0.00014137137528715094,1.0036069727320203,0.9999999999999943,0.0,0.0,0.0,0.0,0.0,0.00014137137528715094,1.0036069727320203,3.860386289863235e-06,0.0001329074397201412,0.0,0.008047511345193778,0.0051183640269575744,0.9948868785514071,1.0107683872130966,-0.0065810416070753806,0.029316284086267873,0.06042871088863319,2.149664960964116,1.108781803818228,1.6682567335156233,1.108781803818228,1.6682567335156233,1.17504042900778,0.7640930166075447,1.17504042900778,1.257305544255511,0.7640930166075447,0.6662601058321136,0.49321252764796647,0.0,4.8440792529638665,1.1678237470361337,1.8340838528682473,0.004705788276438095,0.9933175735534602,0.9999999999999947,0.0,0.0,0.0,0.0,0.0,0.004705788276438095,0.9933175735534602,0.00041257575051947896,0.001569304997946906
6.026487,0.0,-0.02144051,0.09621393,-0.01723714,0.0,1.4457878781314035,1.010768694242,-0.006580502359787472,0.0,9.069429894237725e-06,2.753896399489078e-05,1.0134233238171513,1.0108008091396896,-0.006524097665294677,0.0,0.0,0.0,2.753896399489078e-05,1.0134233238171513,0.0,0.0,0.0,0.0013111145775603524,0.0001416925594264662,1.0036180306310059,1.0107686942287346,-0.006580502383086745,0.029316284086138115,0.01667010367034055,2.1496649609558354,1.108781803818113,1.668256733516187,1.108781803818113,1.668256733516187,1.668256733516187,1.4546565453000158,0.0,0.0,4.844079252960101,1.1724077470399,2.6270642923399157,0.00013783217313660293,1.003485123191286,0.9999999999999946,0.0,0.0,0.0,0.0,0.0,0.00013783217313660293,1.003485123191286,3.860386289863247e-06,0.0001329074397193875,0.0,0.0077781533170713435,0.004748776827350983,0.9943699565487378,1.010768708237187,-0.00658047777947299,0.029316284086267744,0.05980556477091775,2.149664960964106,1.108781803818227,1.668256733515624,1.108781803818227,1.668256733515624,1.175040429007779,0.7640930166075413,1.175040429007779,1.257305544255512,0.7640930166075414,0.6662601058321105,0.4932125276479709,0.0,4.844079252963845,1.172407747036155,1.8386678528682656,0.004353698589509411,0.9946666822520542,0.9999999999999949,0.0,0.0,0.0,0.0,0.0,0.004353698589509411,0.9946666822520542,0.0003950782378415721,0.00032337031634282896
6.032570000000001,0.0,-0.01667783,0.09938307,-0.0236335,0.0,1.449887674179507,1.0136730992086804,-0.0035502200945478914,0.0,9.596407370444953e-06,2.7509821012819074e-05,1.0134058950324918,1.0137135529287788,-0.003394440833511417,0.0,0.0,0.0,2.7509821012819074e-05,1.0134058950324918,0.0,0.0,0.0,0.0012246803459936384,0.00013699601346621787,1.0034563354398442,1.0136046229082343,-0.0038139087604117574,0.029316284086137963,0.015527459882814773,2.1496649609558225,1.108781803818113,1.668256733516188,1.108781803818113,1.668256733516188,1.668256733516188,1.4546565453000087,0.0,0.0,4.844079252960076,1.1784907470399248,2.6331472923399333,0.00013313562717635628,1.0033234280001242,0.9999999999999943,0.0,0.0,0.0,0.0,0.0,0.00013313562717635628,1.0033234280001242,3.8603862898615766e-06,0.0001329074397199931,0.0,0.00742471285814555,0.004281660602739341,0.9953764151750374,1.0136048459046425,-0.0038130500454261595,0.02931628408626759,0.059015074342916155,2.149664960964088,1.108781803818227,1.6682567335156246,1.108781803818227,1.6682567335156246,1.175040429007778,0.7640930166075346,1.175040429007778,1.2573055442555148,0.7640930166075346,0.6662601058321058,0.4932125276479798,0.0,4.844079252963804,1.1784907470361958,1.8447508528683014,0.003916494931400263,0.9965696960154959,0.9999999999999948,0.0,0.0,0.0,0.0,0.0,0.003916494931400263,0.9965696960154959,0.00036516567133907795,0.001193280840458502
6.037896,0.0,-0.01249825,0.101794,-0.04004806,0.0,1.4533654333387782,1.0131217744210328,-0.0056732626182577515,0.0,1.0026125097537444e-05,2.7484304734253575e-05,1.0133906351759903,1.013603711553867,-0.0038174182055129863,0.0,0.0,0.0,2.7484304734253575e-05,1.0133906351759903,0.0,0.0,0.0,0.0011538347177375893,0.00013288392999025574,1.0033147624350551,1.0136046058752834,-0.0038139743509309145,0.0293162840861378,0.01459114926216269,2.1496649609558105,1.108781803818112,1.668256733516188,1.108781803818112,1.668256733516188,1.668256733516188,1.4546565453000004,0.0,0.0,4.844079252960049,1.1838167470399512,2.6384732923399516,0.0001290235437003922,1.003181854995336,0.9999999999999947,0.0,0.0,0.0,0.0,0.0,0.0001290235437003922,1.003181854995336,3.860386289863569e-06,0.00013290743971915684,0.0,0.007119644935997568,0.003902028035144567,0.9967101639618773,1.0136046059889263,-0.0038139739133166953,0.02931628408626742,0.0582825768563323,2.149664960964076,1.108781803818227,1.668256733515625,1.108781803818227,1.668256733515625,1.1750404290077774,0.7640930166075302,1.1750404290077774,1.257305544255516,0.7640930166075302,0.6662601058321022,0.4932125276479858,0.0,4.844079252963778,1.1838167470362222,1.8500768528683242,0.00354617748045951,0.9978241343270685,0.9999999999999949,0.0,0.0,0.0,0.0,0.0,0.00354617748045951,0.9978241343270685,0.0003558505546850569,0.0011139703651911802
6.044739,0.0,-0.007128465,0.1046739,-0.06170392,0.0,1.4577319922309648,1.017090914749533,-0.0022054245796495633,0.0,1.0537460975848323e-05,2.7451520676006574e-05,1.0133710288676838,1.0168797151617996,-0.0025036772351297682,0.0,0.0,0.0,2.7451520676006574e-05,1.0133710288676838,0.0,0.0,0.0,0.0010690059383732314,0.0001276006053139466,1.003132865313056,1.017086946103012,-0.002211029038332901,0.029316284086137626,0.013475992026399552,2.1496649609558034,1.108781803818112,1.668256733516189,1.108781803818112,1.668256733516189,1.668256733516189,1.454656545299994,0.0,0.0,4.844079252960018,1.1906597470399822,2.645316292339977,0.00012374021902408224,1.0029999578733364,0.9999999999999944,0.0,0.0,0.0,0.0,0.0,0.00012374021902408224,1.0029999578733364,3.860386289864372e-06,0.00013290743971922745,0.0,0.00673301106859069,0.003357093423062347,0.9965578864432563,1.0170867173121474,-0.0022113521331065884,0.029316284086267137,0.057380324980365445,2.1496649609640603,1.108781803818227,1.6682567335156269,1.108781803818227,1.6682567335156269,1.175040429007777,0.7640930166075247,1.175040429007777,1.2573055442555179,0.7640930166075247,0.6662601058320974,0.4932125276479929,0.0,4.844079252963743,1.190659747036258,1.8569198528683555,0.0029269027261197914,0.9955247274937926,0.9999999999999949,0.0,0.0,0.0,0.0,0.0,0.0029269027261197914,0.9955247274937926,0.00043019069694255575,0.0010331589494636732
6.054266,0.0,0.0003437791,0.10823,-0.09968978,0.0,1.4634554703714782,1.0037600168973944,-0.010606318321165634,0.0,1.1180019688865633e-05,2.740587786979305e-05,1.0133437324627104,1.004376600356597,-0.010149544115042817,0.0,0.0,0.0,2.740587786979305e-05,1.0133437324627104,0.0,0.0,0.0,0.0009615493051819536,0.00012024502527723928,1.0028796234774149,1.0037685262310894,-0.010600014480079575,0.029316284086137376,0.012067557426814311,2.149664960955785,1.108781803818112,1.66825673351619,1.108781803818112,1.66825673351619,1.66825673351619,1.45465654529998,0.0,0.0,4.844079252959974,1.200186747040027,2.654843292340007,0.00011638463898737639,1.0027467160376964,0.9999999999999944,0.0,0.0,0.0,0.0,0.0,0.00011638463898737639,1.0027467160376964,3.860386289862879e-06,0.00013290743971816973,0.0,0.0062006523210451055,0.0025706972346066516,0.9967398904673013,1.0037696569332817,-0.010599176839061645,0.02931628408626688,0.05642719745137886,2.149664960964041,1.108781803818227,1.668256733515628,1.108781803818227,1.668256733515628,1.1750404290077756,0.7640930166075176,1.1750404290077756,1.25730554425552,0.7640930166075177,0.6662601058320899,0.4932125276480024,0.0,4.844079252963689,1.2001867470363112,1.8664468528684013,0.0021721599116585146,0.9975146666088676,0.9999999999999948,0.0,0.0,0.0,0.0,0.0,0.0021721599116585146,0.9975146666088676,0.0003985373229481367,0.0007747761415662889
6.070196,0.0,0.01279367,0.112408,-0.1423684,0.0,1.4726382426589482,1.014673341171185,-0.005619303741071845,0.0,1.2095287261817917e-05,2.7329558996802418e-05,1.013298090421016,1.010189678526423,-0.007164701912154528,0.0,0.0,0.0,2.7329558996802418e-05,1.013298090421016,0.0,0.0,0.0,0.0008061134699151635,0.0001079458345577377,1.0024561803744703,1.0105376920889302,-0.007044750977924503,0.02931628408613694,0.010043474428944463,2.149664960955755,1.108781803818112,1.668256733516192,1.108781803818112,1.668256733516192,1.668256733516192,1.45465654529996,0.0,0.0,4.844079252959906,1.2161167470400942,2.6707732923400545,0.00010408544826787379,1.0023232729347522,0.9999999999999946,0.0,0.0,0.0,0.0,0.0,0.00010408544826787379,1.0023232729347522,3.8603862898639135e-06,0.00013290743971829116,0.0,0.0053492574779922895,0.0022745107223085593,0.9997460571428047,1.0105367119281774,-0.007045088813028446,0.02931628408626639,0.053273404785769564,2.149664960964011,1.108781803818226,1.66825673351563,1.108781803818226,1.66825673351563,1.175040429007774,0.7640930166075067,1.175040429007774,1.257305544255523,0.7640930166075068,0.6662601058320791,0.4932125276480167,0.0,4.844079252963607,1.2161167470363934,1.8823768528684726,0.0027625168821946116,1.0024004753056086,0.9999999999999946,0.0,0.0,0.0,0.0,0.0,0.0027625168821946116,1.0024004753056086,0.0004880061598860527,0.002654418162803614
6.082464,0.0,0.02237657,0.1159181,-0.1796145,0.0,1.4791206492905886,1.0129792035616523,-0.007367508622009905,0.0,1.2683515725548327e-05,2.727078436190919e-05,1.0132629406051024,1.0132445629909148,-0.00724866587301228,0.0,0.0,0.0,2.727078436190919e-05,1.0132629406051024,0.0,0.0,0.0,0.0007043099019266995,9.847399075692877e-05,1.0021300786803773,1.0124618525864313,-0.007599207236461562,0.029316284086136558,0.008731284311608767,2.1496649609557283,1.108781803818111,1.6682567335161935,1.108781803818111,1.6682567335161935,1.6682567335161935,1.4546565452999418,0.0,0.0,4.844079252959853,1.2283847470401474,2.6830412923400897,9.461360446706765e-05,1.0019971712406583,0.9999999999999943,0.0,0.0,0.0,0.0,0.0,9.461360446706765e-05,1.0019971712406583,3.860386289861115e-06,0.0001329074397189434,0.0,0.004855424352601068,0.0034472449943844506,1.002675362976192,1.0124633132543848,-0.007598553067904536,0.029316284086266086,0.04310698558291125,2.149664960963982,1.108781803818226,1.668256733515631,1.108781803818226,1.668256733515631,1.1750404290077725,0.7640930166074965,1.1750404290077725,1.257305544255527,0.7640930166074964,0.6662601058320708,0.4932125276480303,0.0,4.844079252963548,1.2283847470364524,1.894644852868523,0.003920579732521517,1.0031827206405752,0.9999999999999948,0.0,0.0,0.0,0.0,0.0,0.003920579732521517,1.0031827206405752,0.00047333473813706694,0.0005073576643831785
6.098533,0.0,0.0351499,0.121972,-0.2223137,0.0,1.486960474364786,1.0034025544044871,-0.00905492700203691,0.0,1.3325719510115639e-05,2.719379955524963e-05,1.0132169003057931,1.014329340651226,-0.005065485807481733,0.0,0.0,0.0,2.719379955524963e-05,1.0132169003057931,0.0,0.0,0.0,0.0005905388870937067,8.606748129856556e-05,1.0017029407506086,1.014329285472065,-0.0050655230975292335,0.029316284086136093,0.0072783939491398,2.1496649609556964,1.108781803818111,1.668256733516196,1.108781803818111,1.668256733516196,1.668256733516196,1.4546565452999212,0.0,0.0,4.844079252959778,1.244453747040222,2.6991102923401433,8.2207095008702e-05,1.0015700333108908,0.9999999999999947,0.0,0.0,0.0,0.0,0.0,8.2207095008702e-05,1.0015700333108908,3.8603862898635535e-06,0.00013290743971852332,0.0,0.004447544542169372,0.004748498489633604,1.0017638180237554,1.0143292853868742,-0.005065523155101069,0.029316284086265538,0.027413040333988233,2.1496649609639427,1.108781803818226,1.668256733515634,1.108781803818226,1.668256733515634,1.17504042900777,0.7640930166074823,1.17504042900777,1.257305544255531,0.7640930166074823,0.66626010583206,0.493212527648049,0.0,4.844079252963474,1.244453747036526,1.9107138528685859,0.004853199291650261,0.9985023482775943,0.9999999999999949,0.0,0.0,0.0,0.0,0.0,0.004853199291650261,0.9985023482775943,0.00010470080201665683,0.0032614697461609645
6.103887,0.0,0.04125698,0.2172671,-0.1961188,0.0,1.4890969266483687,0.99376333806695,-0.012914598047051085,0.0,1.3511302301483691e-05,2.71681491317724e-05,1.0132015602247368,0.9938686120375348,-0.012838990185572965,0.0,0.0,0.0,2.71681491317724e-05,1.0132015602247368,0.0,0.0,0.0,0.0005569714763947465,8.193377965937874e-05,1.001560623464158,0.9937442073246828,-0.012928337763557294,0.029316284086135992,0.00685482414295517,2.149664960955689,1.108781803818111,1.668256733516196,1.108781803818111,1.668256733516196,1.668256733516196,1.454656545299916,0.0,0.0,4.844079252959755,1.249807747040245,2.704464292340161,7.807339336951494e-05,1.0014277160244394,0.9999999999999944,0.0,0.0,0.0,0.0,0.0,7.807339336951494e-05,1.0014277160244394,3.860386289863806e-06,0.00013290743971834264,0.0,0.004350267401590163,0.004767216356838948,0.9983299606985013,0.9937445199547892,-0.012928113232330417,0.029316284086265413,0.023561332203652568,2.1496649609639324,1.108781803818225,1.668256733515634,1.108781803818225,1.668256733515634,1.17504042900777,0.7640930166074785,1.17504042900777,1.257305544255533,0.7640930166074786,0.6662601058320569,0.4932125276480542,0.0,4.844079252963443,1.2498077470365578,1.9160678528686148,0.00472826452850395,0.9966350609805752,0.9999999999999948,0.0,0.0,0.0,0.0,0.0,0.00472826452850395,0.9966350609805752,3.895182833499756e-05,0.0016948997179260855
6.105626999999999,0.0,0.04382377,0.2178936,-0.2010143,0.0,1.4897711642073712,0.9937438985065495,-0.012928559557021688,0.0,1.356889851804128e-05,2.71598129836868e-05,1.0131965748416514,0.9937776802464672,-0.01290429748066988,0.0,0.0,0.0,2.71598129836868e-05,1.0131965748416514,0.0,0.0,0.0,0.0005464691111312674,8.05903652305063e-05,1.0015143716751354,0.9937442160507015,-0.012928331496522722,0.02931628408613594,0.006722294396745041,2.1496649609556853,1.108781803818111,1.6682567335161962,1.108781803818111,1.6682567335161962,1.6682567335161962,1.4546565452999136,0.0,0.0,4.844079252959746,1.2515477470402543,2.7062042923401677,7.672997894064181e-05,1.0013814642354175,0.9999999999999946,0.0,0.0,0.0,0.0,0.0,7.672997894064181e-05,1.0013814642354175,3.860386289864489e-06,0.00013290743971845653,0.0,0.004319909595785679,0.004752296169822417,0.9980191405435052,0.9937441905504283,-0.01292834981084217,0.029316284086265364,0.022567009341182557,2.149664960963929,1.108781803818225,1.668256733515634,1.108781803818225,1.668256733515634,1.1750404290077698,0.7640930166074773,1.1750404290077698,1.257305544255533,0.7640930166074773,0.6662601058320557,0.49321252764805584,0.0,4.844079252963434,1.251547747036565,1.9178078528686215,0.004696925017874083,0.998003476178278,0.9999999999999949,0.0,0.0,0.0,0.0,0.0,0.004696925017874083,0.998003476178278,5.53711519483348e-05,0.0003953730879204711
6.109485,0.0,0.04968715,0.2318399,-0.208244,0.0,1.4912404784296889,0.9898582651219754,-0.015719224989926065,0.0,1.3692219376018182e-05,2.714132973120732e-05,1.0131855210439826,0.9914720823556652,-0.014560179984042942,0.0,0.0,0.0,2.714132973120732e-05,1.0131855210439826,0.0,0.0,0.0,0.0005239097125830632,7.761169116924627e-05,1.0014118202946491,0.9895232650395958,-0.01595982235395642,0.029316284086135836,0.006438164564994173,2.149664960955677,1.108781803818111,1.668256733516197,1.108781803818111,1.668256733516197,1.668256733516197,1.454656545299908,0.0,0.0,4.844079252959729,1.2554057470402715,2.7100622923401794,7.375130487938388e-05,1.0012789128549302,0.9999999999999949,0.0,0.0,0.0,0.0,0.0,7.375130487938388e-05,1.0012789128549302,3.860386289862382e-06,0.0001329074397189434,0.0,0.0042540358422160284,0.004702347851968988,0.9988750833207207,0.9895232604920782,-0.015959825619987718,0.02931628408626525,0.020786845781021492,2.14966496096392,1.108781803818225,1.668256733515635,1.108781803818225,1.668256733515635,1.175040429007769,0.7640930166074742,1.175040429007769,1.257305544255534,0.7640930166074743,0.6662601058320528,0.4932125276480599,0.0,4.844079252963414,1.2554057470365874,1.9216658528686394,0.004627437758098135,1.0010375829787048,0.9999999999999948,0.0,0.0,0.0,0.0,0.0,0.004627437758098135,1.0010375829787048,7.491009387085313e-05,0.0021624996579844083
6.112565,0.0,0.05479919,0.2596513,-0.209384,0.0,1.4923880315246387,0.989747158534407,-0.015799021842229748,0.0,1.3786080672074016e-05,2.7126573790917867e-05,1.0131766963428894,0.9898034448941383,-0.01575859692744761,0.0,0.0,0.0,2.7126573790917867e-05,1.0131766963428894,0.0,0.0,0.0,0.0005066057683136465,7.523369321469057e-05,1.001329949311782,0.9896512500348688,-0.015867903413879173,0.029316284086135753,0.006222196695438668,2.1496649609556715,1.108781803818111,1.668256733516197,1.108781803818111,1.668256733516197,1.668256733516197,1.4546565452999056,0.0,0.0,4.844079252959717,1.2584857470402842,2.71314229234019,7.137330692482703e-05,1.001197041872063,0.9999999999999943,0.0,0.0,0.0,0.0,0.0,7.137330692482703e-05,1.001197041872063,3.860386289863538e-06,0.00013290743971880266,0.0,0.00420233979522565,0.0046496858640236735,0.9996372785277239,0.9896515602874283,-0.01586768059020861,0.02931628408626518,0.019735570672549035,2.149664960963916,1.108781803818225,1.668256733515635,1.108781803818225,1.668256733515635,1.175040429007769,0.7640930166074725,1.175040429007769,1.2573055442555348,0.7640930166074725,0.6662601058320505,0.49321252764806206,0.0,4.844079252963399,1.2584857470366007,1.924745852868651,0.004555813927215387,1.0000602231240099,0.9999999999999948,0.0,0.0,0.0,0.0,0.0,0.004555813927215387,1.0000602231240099,9.387193680828624e-05,0.00042294459628601467
6.114332999999999,0.0,0.05792249,0.2636703,-0.2135778,0.0,1.4930384555620537,0.989648601691951,-0.015869805456172822,0.0,1.3838285238809142e-05,2.7118103497920554e-05,1.013171630735249,0.9897740603682553,-0.015779700920677996,0.0,0.0,0.0,2.7118103497920554e-05,1.013171630735249,0.0,0.0,0.0,0.000496923373377679,7.38686606225949e-05,1.0012829532410974,0.9896512197760943,-0.015867925145758566,0.029316284086135697,0.00610119519680407,2.1496649609556675,1.1087818038181105,1.6682567335161975,1.1087818038181105,1.6682567335161975,1.6682567335161975,1.4546565452999038,0.0,0.0,4.844079252959707,1.2602537470402926,2.714910292340197,7.000827433273053e-05,1.0011500458013785,0.9999999999999944,0.0,0.0,0.0,0.0,0.0,7.000827433273053e-05,1.0011500458013785,3.860386289864357e-06,0.0001329074397186064,0.0,0.004172945040566499,0.004615356951522323,0.9996714974322299,0.9896514331471697,-0.015867771902458007,0.02931628408626513,0.019228665548131907,2.149664960963913,1.108781803818225,1.668256733515635,1.108781803818225,1.668256733515635,1.175040429007769,0.7640930166074713,1.175040429007769,1.257305544255535,0.7640930166074713,0.6662601058320494,0.4932125276480636,0.0,4.8440792529633905,1.260253747036609,1.926513852868658,0.0045139372743027316,0.9993386332028642,0.9999999999999949,0.0,0.0,0.0,0.0,0.0,0.0045139372743027316,0.9993386332028642,0.0001014196772195909,0.0003685939456301183
6.117523,0.0,0.06359643,0.2648189,-0.2229936,0.0,1.4941950552035121,0.9894892958804067,-0.01598421903499944,0.0,1.3929450229668289e-05,2.7102820559763596e-05,1.0131624908662586,0.9896492594215085,-0.01586933307420603,0.0,0.0,0.0,2.7102820559763596e-05,1.0131624908662586,0.0,0.0,0.0,0.00047991078531549493,7.140573416966034e-05,1.001198158294557,0.9896512259974688,-0.015867920677561743,0.029316284086135597,0.005888725638598567,2.1496649609556595,1.10878180381811,1.668256733516198,1.10878180381811,1.668256733516198,1.668256733516198,1.4546565452998992,0.0,0.0,4.84407925295969,1.2634437470403106,2.7181002923402096,6.754534787979544e-05,1.001065250854838,0.9999999999999946,0.0,0.0,0.0,0.0,0.0,6.754534787979544e-05,1.001065250854838,3.860386289864901e-06,0.00013290743971856617,0.0,0.004120350084009204,0.004548319574465352,0.9992281769875685,0.9896512262281741,-0.015867920511868902,0.029316284086265035,0.0184687896214446,2.149664960963906,1.108781803818225,1.668256733515636,1.108781803818225,1.668256733515636,1.175040429007768,0.764093016607469,1.175040429007768,1.257305544255536,0.7640930166074691,0.6662601058320471,0.4932125276480668,0.0,4.844079252963375,1.263443747036625,1.9297038528686723,0.0044388278297965884,0.9981022634656949,0.9999999999999949,0.0,0.0,0.0,0.0,0.0,0.0044388278297965884,0.9981022634656949,0.00010949174466876415,0.0011259135218736978
6.121538,0.0,0.07073479,0.2660631,-0.2349971,0.0,1.495619171791197,0.9874711233181807,-0.017433672405818928,0.0,1.4038710723452349e-05,2.7083585137600534e-05,1.0131509872380475,0.987468289068343,-0.01743570796663166,0.0,0.0,0.0,2.7083585137600534e-05,1.0131509872380475,0.0,0.0,0.0,0.00045932790163214616,6.830584397890044e-05,1.0010914336204637,0.9874836990712464,-0.017424640488522467,0.029316284086135503,0.00563367469920668,2.1496649609556524,1.10878180381811,1.668256733516198,1.10878180381811,1.668256733516198,1.668256733516198,1.4546565452998936,0.0,0.0,4.844079252959678,1.2674587470403227,2.7221152923402165,6.444545768903975e-05,1.0009585261807445,0.9999999999999943,0.0,0.0,0.0,0.0,0.0,6.444545768903975e-05,1.0009585261807445,3.860386289860686e-06,0.00013290743971977815,0.0,0.004054761309381183,0.004459764600447197,0.9983258701029805,0.9874837065811127,-0.01742463509492993,0.029316284086264934,0.01775883089680939,2.1496649609638987,1.108781803818225,1.668256733515636,1.108781803818225,1.668256733515636,1.175040429007768,0.7640930166074662,1.175040429007768,1.257305544255537,0.7640930166074662,0.6662601058320448,0.49321252764807044,0.0,4.844079252963353,1.2674587470366474,1.9337188528686922,0.004348973507654155,0.9972305323446469,0.9999999999999947,0.0,0.0,0.0,0.0,0.0,0.004348973507654155,0.9972305323446469,0.00011079109279304074,0.0010953377583336472
6.127307,0.0,0.08099374,0.2675651,-0.2523523,0.0,1.4976104939949426,0.9874836915042775,-0.01742464592312651,0.0,1.418581240883702e-05,2.7055946494895993e-05,1.0131344581144732,0.9874831121761133,-0.017425061997141247,0.0,0.0,0.0,2.7055946494895993e-05,1.0131344581144732,0.0,0.0,0.0,0.0004312970374792779,6.385173027765776e-05,1.000938085016516,0.9874836915042775,-0.017424645923126494,0.029316284086135323,0.0052873177453074665,2.1496649609556404,1.10878180381811,1.668256733516199,1.10878180381811,1.668256733516199,1.668256733516199,1.4546565452998856,0.0,0.0,4.8440792529596495,1.27322774704035,2.7278842923402356,5.999134398779499e-05,1.000805177576797,0.9999999999999946,0.0,0.0,0.0,0.0,0.0,5.999134398779499e-05,1.000805177576797,3.860386289862772e-06,0.00013290743971912657,0.0,0.003961745401760617,0.004333955991361648,0.9974582484622396,0.9874836915314533,-0.017424645903608798,0.02931628408626477,0.017032984769053915,2.1496649609638867,1.108781803818225,1.668256733515637,1.108781803818225,1.668256733515637,1.175040429007767,0.764093016607462,1.175040429007767,1.2573055442555383,0.7640930166074621,0.6662601058320412,0.4932125276480762,0.0,4.844079252963324,1.2732277470366766,1.939487852868718,0.004230604983523585,0.9976540857581173,0.9999999999999949,0.0,0.0,0.0,0.0,0.0,0.004230604983523585,0.9976540857581173,0.00010335100783806214,0.0001958372958777113
6.1319230000000005,0.0,0.0892009,0.2686194,-0.2647959,0.0,1.49915686048834,0.9870590072302537,-0.01772965455521241,0.0,1.429548016566374e-05,2.7033831748020613e-05,1.013121232523484,0.9870606684572449,-0.01772846146047558,0.0,0.0,0.0,2.7033831748020613e-05,1.013121232523484,0.0,0.0,0.0,0.0004101032667096516,6.028782165485495e-05,1.0008153848681671,0.987062897497955,-0.01772686056140925,0.029316284086135236,0.005027732149008571,2.1496649609556315,1.10878180381811,1.6682567335162,1.10878180381811,1.6682567335162,1.6682567335162,1.4546565452998812,0.0,0.0,4.844079252959632,1.2778437470403683,2.7325002923402493,5.64274353649932e-05,1.0006824774284484,0.9999999999999943,0.0,0.0,0.0,0.0,0.0,5.64274353649932e-05,1.0006824774284484,3.860386289861739e-06,0.0001329074397184993,0.0,0.0038882664451856566,0.004245935412252906,0.99881711735646,0.9870629137955104,-0.017726848856490174,0.029316284086264646,0.016619388707186395,2.1496649609638747,1.108781803818225,1.6682567335156373,1.108781803818225,1.6682567335156373,1.1750404290077667,0.7640930166074578,1.1750404290077667,1.2573055442555394,0.7640930166074579,0.6662601058320372,0.49321252764808166,0.0,4.84407925296329,1.2778437470367108,1.9441038528687478,0.004156278451221356,1.001196404962591,0.9999999999999947,0.0,0.0,0.0,0.0,0.0,0.004156278451221356,1.001196404962591,8.965696103154946e-05,0.0023792876061308485
6.139308,0.0,0.1023327,0.2772224,-0.2198899,0.0,1.5015483721354108,0.9856979733443045,-0.018707150330704005,0.0,1.4457287166312702e-05,2.6998451027553814e-05,1.0131000732969981,0.9864292426617451,-0.018181952041429836,0.0,0.0,0.0,2.6998451027553814e-05,1.0131000732969981,0.0,0.0,0.0,0.00037827968554486217,5.458603110472691e-05,1.0006190805797022,0.9853572031891384,-0.018951891766260616,0.02931628408613504,0.00463979647715149,2.149664960955615,1.10878180381811,1.6682567335162,1.10878180381811,1.6682567335162,1.6682567335162,1.454656545299871,0.0,0.0,4.844079252959599,1.2852287470404011,2.7398852923402717,5.072564481486533e-05,1.0004861731399843,0.9999999999999952,0.0,0.0,0.0,0.0,0.0,5.072564481486533e-05,1.0004861731399843,3.8603862898615825e-06,0.00013290743971874298,0.0,0.0037725612693480285,0.004098590804388552,1.0007205090775078,0.985357232352992,-0.01895187082075449,0.02931628408626446,0.016110215661174553,2.149664960963856,1.108781803818224,1.668256733515638,1.108781803818224,1.668256733515638,1.175040429007766,0.764093016607451,1.175040429007766,1.257305544255542,0.764093016607451,0.666260105832032,0.4932125276480906,0.0,4.844079252963247,1.2852287470367527,1.9514888528687848,0.003985118026324396,1.0004286288923863,0.999999999999995,0.0,0.0,0.0,0.0,0.0,0.003985118026324396,1.0004286288923863,0.00011347277806415645,0.00029188018512118927
6.142259,0.0,0.107582,0.2874683,-0.1498992,0.0,1.502474947115143,0.9855295825827064,-0.018828088728926953,0.0,1.4517459738313548e-05,2.6984313112036212e-05,1.0130916182018923,0.9855250986313087,-0.018831309106901478,0.0,0.0,0.0,2.6984313112036212e-05,1.0130916182018923,0.0,0.0,0.0,0.00036627201208803745,5.2307631116450325e-05,1.0005406386087803,0.9854887827299637,-0.018857391220296556,0.029316284086134962,0.004495217867488186,2.1496649609556093,1.10878180381811,1.668256733516201,1.10878180381811,1.668256733516201,1.668256733516201,1.454656545299865,0.0,0.0,4.8440792529595855,1.2881797470404146,2.7428362923402796,4.844724482658935e-05,1.0004077311690613,0.9999999999999943,0.0,0.0,0.0,0.0,0.0,4.844724482658935e-05,1.0004077311690613,3.860386289860972e-06,0.00013290743971850784,0.0,0.0037267232751676507,0.004029913936910369,1.000327950828929,0.9854888765777139,-0.018857323818756915,0.029316284086264393,0.01596428234516392,2.149664960963851,1.108781803818224,1.6682567335156384,1.108781803818224,1.6682567335156384,1.175040429007765,0.764093016607449,1.175040429007765,1.2573055442555425,0.764093016607449,0.66626010583203,0.49321252764809326,0.0,4.8440792529632315,1.288179747036769,1.954439852868799,0.003911993099368881,0.9994328385151839,0.9999999999999947,0.0,0.0,0.0,0.0,0.0,0.003911993099368881,0.9994328385151839,0.00011792083754148814,0.0008951123137450567
6.143506,0.0,0.1098024,0.2977,-0.07182683,0.0,1.5028608327036992,0.9855051347568284,-0.01884564717972119,0.0,1.4542053558272084e-05,2.6978338872574856e-05,1.0130880453440148,0.9855421207129998,-0.018819083832339965,0.0,0.0,0.0,2.6978338872574856e-05,1.0130880453440148,0.0,0.0,0.0,0.00036128899062239854,5.134485077575851e-05,1.0005074914933147,0.9854887627853716,-0.018857405544520756,0.029316284086134924,0.0044351659906530436,2.1496649609556067,1.10878180381811,1.668256733516201,1.10878180381811,1.668256733516201,1.668256733516201,1.4546565452998628,0.0,0.0,4.84407925295958,1.2894267470404206,2.7440832923402834,4.748446448589771e-05,1.0003745840535958,0.9999999999999943,0.0,0.0,0.0,0.0,0.0,4.748446448589771e-05,1.0003745840535958,3.860386289860799e-06,0.00013290743971830033,0.0,0.003707413889961802,0.004000651617325686,1.0001105748781474,0.9854889286862023,-0.018857286394393123,0.029316284086264355,0.01590649757363809,2.1496649609638485,1.108781803818224,1.668256733515639,1.108781803818224,1.668256733515639,1.175040429007765,0.7640930166074482,1.175040429007765,1.257305544255543,0.7640930166074482,0.6662601058320292,0.4932125276480944,0.0,4.844079252963225,1.289426747036775,1.955686852868805,0.0038829754271604826,0.9991427330107828,0.9999999999999948,0.0,0.0,0.0,0.0,0.0,0.0038829754271604826,0.9991427330107828,0.00011767619016520349,0.0009678418673649495
6.144086000000001,0.0,0.1108332,0.2982933,-0.07106513,0.0,1.5030402815487975,0.9854921247034963,-0.018854991011864025,0.0,1.4553457732710758e-05,2.697556015654632e-05,1.013086383549653,0.9855383550476136,-0.018821788336647317,0.0,0.0,0.0,2.697556015654632e-05,1.013086383549653,0.0,0.0,0.0,0.00035901215597791106,5.089704596613407e-05,1.0004920742303072,0.9854887642536695,-0.018857404489987892,0.029316284086134906,0.004407756131103173,2.1496649609556053,1.10878180381811,1.668256733516201,1.10878180381811,1.668256733516201,1.668256733516201,1.4546565452998619,0.0,0.0,4.8440792529595775,1.2900067470404242,2.744663292340286,4.703665967627279e-05,1.0003591667905884,0.9999999999999944,0.0,0.0,0.0,0.0,0.0,4.703665967627279e-05,1.0003591667905884,3.860386289861278e-06,0.00013290743971836473,0.0,0.003698456687182175,0.003987105792135642,1.0000020359858683,0.9854888722600926,-0.018857326919676468,0.029316284086264337,0.01588153206340037,2.149664960963847,1.108781803818224,1.668256733515639,1.108781803818224,1.668256733515639,1.175040429007765,0.7640930166074478,1.175040429007765,1.257305544255543,0.7640930166074478,0.6662601058320288,0.4932125276480949,0.0,4.844079252963223,1.2900067470367786,1.9562668528688079,0.0038698296643979503,0.9990321533247122,0.9999999999999948,0.0,0.0,0.0,0.0,0.0,0.0038698296643979503,0.9990321533247122,0.00011727612773769127,0.0009698826611563397
6.145053,0.0,0.1125546,0.2992841,-0.06979313,0.0,1.503337033797128,0.9854882403010791,-0.018857780793215158,0.0,1.4572140759447525e-05,2.6970927366202196e-05,1.013083612937329,0.9855186798179204,-0.018835919104518335,0.0,0.0,0.0,2.6970927366202196e-05,1.013083612937329,0.0,0.0,0.0,0.00035521612304477873,5.015044725767488e-05,1.0004663699314653,0.9854887667016764,-0.018857402731827066,0.02931628408613488,0.004362057279060598,2.1496649609556036,1.10878180381811,1.668256733516201,1.10878180381811,1.668256733516201,1.668256733516201,1.4546565452998605,0.0,0.0,4.844079252959572,1.2909737470404288,2.745630292340289,4.62900609678128e-05,1.0003334624917473,0.9999999999999946,0.0,0.0,0.0,0.0,0.0,4.62900609678128e-05,1.0003334624917473,3.860386289862077e-06,0.00013290743971847212,0.0,0.0036835228680651253,0.003964521631861922,0.9998210754533962,0.9854887781841476,-0.018857394485105768,0.029316284086264306,0.015839908531676494,2.1496649609638454,1.108781803818224,1.668256733515639,1.108781803818224,1.668256733515639,1.175040429007765,0.7640930166074471,1.175040429007765,1.257305544255543,0.7640930166074471,0.6662601058320281,0.49321252764809587,0.0,4.844079252963217,1.2909737470367835,1.9572338528688116,0.003847912504757685,0.9988477902963843,0.9999999999999949,0.0,0.0,0.0,0.0,0.0,0.003847912504757685,0.9988477902963843,0.00011660912710423631,0.0009732851570119811
6.145930999999999,0.0,0.1141161,0.3001215,-0.06912264,0.0,1.5036055930759995,0.985488767309283,-0.018857402295443432,0.0,1.4588932708757596e-05,2.6966720965041766e-05,1.0130810973244846,0.985493861536788,-0.01885374361661347,0.0,0.0,0.0,2.6966720965041766e-05,1.0130810973244846,0.0,0.0,0.0,0.0003518182733336924,4.9472563425175964e-05,1.0004430313850505,0.9854887673168281,-0.01885740229002457,0.02931628408613485,0.004321180935139852,2.1496649609556018,1.10878180381811,1.668256733516201,1.10878180381811,1.668256733516201,1.668256733516201,1.454656545299859,0.0,0.0,4.844079252959569,1.2918517470404314,2.74650829234029,4.561217713531398e-05,1.0003101239453327,0.9999999999999946,0.0,0.0,0.0,0.0,0.0,4.561217713531398e-05,1.0003101239453327,3.860386289861974e-06,0.0001329074397184993,0.0,0.003669994695513378,0.0039441223807609735,0.9996536452367991,0.9854887592114383,-0.018857408111322842,0.02931628408626428,0.015803908556059194,2.1496649609638436,1.108781803818224,1.668256733515639,1.108781803818224,1.668256733515639,1.175040429007765,0.7640930166074464,1.175040429007765,1.257305544255543,0.7640930166074466,0.6662601058320275,0.4932125276480967,0.0,4.844079252963213,1.2918517470367876,1.958111852868815,0.003828012539748212,0.9986803955302291,0.9999999999999949,0.0,0.0,0.0,0.0,0.0,0.003828012539748212,0.9986803955302291,0.00011610984101276146,0.0009732497065699949
6.148739,0.0,0.119113,0.3019953,-0.07354841,0.0,1.5044540539057676,0.9844616286357852,-0.019595094225492403,0.0,1.464132752926024e-05,2.6953268146751884e-05,1.0130730519476439,0.9853616664285786,-0.018948686263632976,0.0,0.0,0.0,2.6953268146751884e-05,1.0130730519476439,0.0,0.0,0.0,0.000341132068732078,4.730457048478901e-05,1.0003683905669047,0.985409719581859,-0.018914174445216415,0.02931628408613477,0.004192830678598212,2.149664960955595,1.10878180381811,1.668256733516202,1.10878180381811,1.668256733516202,1.668256733516202,1.454656545299855,0.0,0.0,4.844079252959556,1.2946597470404446,2.7493162923402985,4.3444184194926936e-05,1.0002354831271862,0.9999999999999947,0.0,0.0,0.0,0.0,0.0,4.3444184194926936e-05,1.0002354831271862,3.860386289862078e-06,0.0001329074397184731,0.0,0.003626840537702343,0.0038792553774883286,0.9991126191038322,0.9854097195818633,-0.01891417444521334,0.029316284086264188,0.015695355062698386,2.149664960963837,1.108781803818224,1.668256733515639,1.108781803818224,1.668256733515639,1.175040429007765,0.7640930166074444,1.175040429007765,1.257305544255544,0.7640930166074443,0.6662601058320257,0.4932125276480994,0.0,4.844079252963196,1.2946597470368046,1.9609198528688305,0.0037643689158909422,0.9981450373259417,0.9999999999999949,0.0,0.0,0.0,0.0,0.0,0.0037643689158909422,0.9981450373259417,0.00011488646159738676,0.0009675817778905599
6.153563,0.0,0.1276985,0.3058034,-0.07712726,0.0,1.505877322602207,0.983857773821557,-0.02002878330260646,0.0,1.472636731970989e-05,2.6930156894817997e-05,1.0130592304028136,0.9838955529781277,-0.020001650277976613,0.0,0.0,0.0,2.6930156894817997e-05,1.0130592304028136,0.0,0.0,0.0,0.0003235159062219825,4.3580069792327516e-05,1.000240161469064,0.983842726492182,-0.020039590308257398,0.02931628408613463,0.003983659841163341,2.1496649609555893,1.108781803818109,1.668256733516202,1.108781803818109,1.668256733516202,1.668256733516202,1.4546565452998494,0.0,0.0,4.844079252959532,1.2994837470404688,2.754140292340318,3.9719683502463304e-05,1.000107254029345,0.9999999999999943,0.0,0.0,0.0,0.0,0.0,3.9719683502463304e-05,1.000107254029345,3.860386289864202e-06,0.0001329074397180552,0.0,0.003553030096065931,0.00377344812977181,0.9992660048593506,0.9838428862159226,-0.02003947559452162,0.029316284086264032,0.015542948562284139,2.1496649609638263,1.108781803818224,1.66825673351564,1.108781803818224,1.66825673351564,1.175040429007764,0.76409301660744,1.175040429007764,1.2573055442555452,0.7640930166074402,0.6662601058320214,0.4932125276481053,0.0,4.844079252963171,1.2994837470368292,1.9657438528688502,0.0036702621665981525,1.000887258297807,0.9999999999999948,0.0,0.0,0.0,0.0,0.0,0.0036702621665981525,1.000887258297807,0.00010318596317365786,0.0016212534384559705
6.1580889999999995,0.0,0.1357389,0.3073622,-0.08440054,0.0,1.5071782566840652,0.9834205826486803,-0.02034277440083034,0.0,1.4801262751183068e-05,2.690847332801601e-05,1.0130462626764667,0.9838423891235116,-0.020039832606743448,0.0,0.0,0.0,2.690847332801601e-05,1.0130462626764667,0.0,0.0,0.0,0.0003077771565321082,4.008564812274316e-05,1.0001198536546299,0.9838427308584693,-0.020039587172385843,0.02931628408613448,0.0037973000477189607,2.1496649609555813,1.108781803818109,1.668256733516203,1.108781803818109,1.668256733516203,1.668256733516203,1.4546565452998437,0.0,0.0,4.844079252959507,1.3040097470404919,2.7586662923403353,3.622526183287719e-05,0.9999869462149119,0.9999999999999947,0.0,0.0,0.0,0.0,0.0,3.622526183287719e-05,0.9999869462149119,3.860386289865961e-06,0.0001329074397180552,0.0,0.003484364171978317,0.003682596508527822,1.0013087444374078,0.9838427309057608,-0.020039587138421047,0.0293162840862639,0.015406182232449939,2.1496649609638165,1.108781803818224,1.6682567335156406,1.108781803818224,1.6682567335156406,1.175040429007763,0.7640930166074367,1.175040429007763,1.2573055442555467,0.7640930166074368,0.6662601058320184,0.49321252764810963,0.0,4.844079252963147,1.304009747036851,1.97026985286887,0.0035838256801217264,1.0039127817023186,0.9999999999999949,0.0,0.0,0.0,0.0,0.0,0.0035838256801217264,1.0039127817023186,9.877082840609585e-05,0.0026040372649107613
6.165966,0.0,0.1496698,0.3114593,-0.09389915,0.0,1.5093587723533546,0.9822000033237204,-0.02121939558279936,0.0,1.4920381344599471e-05,2.687073548981463e-05,1.0130236937899362,0.9822040957222372,-0.02121645641846038,0.0,0.0,0.0,2.687073548981463e-05,1.0130236937899362,0.0,0.0,0.0,0.00028206776513961285,3.47132089863698e-05,1.0023616415116612,0.9822000033309979,-0.021219395577572575,0.02931628408613432,0.003497008525485138,2.149664960955564,1.108781803818109,1.668256733516203,1.108781803818109,1.668256733516203,1.668256733516203,1.454656545299834,0.0,0.0,4.844079252959478,1.3118867470405213,2.7665432923403546,3.232934954444162e-05,1.0073318786807306,0.9999999999999946,0.0,0.0,0.0,0.0,0.0,3.232934954444162e-05,1.0073318786807306,2.3838594419281837e-06,0.0049702371690694466,0.0,0.003365892815396426,0.0035168844124876648,1.0029655496717118,0.9821999955170894,-0.02121940118952884,0.029316284086263706,0.015199935118940893,2.149664960963796,1.108781803818224,1.668256733515642,1.108781803818224,1.668256733515642,1.175040429007762,0.7640930166074297,1.175040429007762,1.2573055442555485,0.7640930166074298,0.6662601058320125,0.4932125276481188,0.0,4.844079252963104,1.3118867470368967,1.9781468528689095,0.0034068380007407253,1.0028106873644438,0.9999999999999949,0.0,0.0,0.0,0.0,0.0,0.0034068380007407253,1.0028106873644438,0.00011004641174693938,0.00020980337978101962
6.174303999999999,0.0,0.1644443,0.3173784,-0.1094046,0.0,1.5115591434800721,0.9806565717289787,-0.02232788955873586,0.0,1.5032558479762137e-05,2.6830789051459587e-05,1.0129998040634043,0.9807015929441504,-0.022295555281028195,0.0,0.0,0.0,2.6830789051459587e-05,1.0129998040634043,0.0,0.0,0.0,0.00025703369863335477,3.2204903114233156e-05,1.0122699186063078,0.9806575255456259,-0.022327204526751826,0.029316284086134136,0.0032074157005123113,2.1496649609555485,1.108781803818109,1.668256733516204,1.108781803818109,1.668256733516204,1.668256733516204,1.454656545299824,0.0,0.0,4.844079252959441,1.3202247470405588,2.7748812923403827,3.15088171945538e-05,1.015797470580075,0.9999999999999944,0.0,0.0,0.0,0.0,0.0,3.15088171945538e-05,1.015797470580075,6.960859196793579e-07,0.003527551973767053,0.0,0.0032419344073224975,0.003326847254062794,1.001247839819276,0.9806576044382449,-0.02232714786600105,0.02931628408626348,0.015006091973575497,2.149664960963779,1.108781803818224,1.6682567335156426,1.108781803818224,1.6682567335156426,1.175040429007761,0.7640930166074235,1.175040429007761,1.2573055442555505,0.7640930166074235,0.6662601058320073,0.49321252764812723,0.0,4.844079252963049,1.3202247470369501,1.9864848528689578,0.003205818061799226,1.000069502227407,0.9999999999999949,0.0,0.0,0.0,0.0,0.0,0.003205818061799226,1.000069502227407,0.0001210291922635685,0.0011783375918688324
6.178504,0.0,0.1719116,0.3177246,-0.1238425,0.0,1.5126273033532163,0.9799176169510679,-0.022858607552713763,0.0,1.5084044862293129e-05,2.6810667314701218e-05,1.0129877703800951,0.980657499630832,-0.022327223138780376,0.0,0.0,0.0,2.6810667314701218e-05,1.0129877703800951,0.0,0.0,0.0,0.00024524967282003694,3.178512739806937e-05,1.0143595959628569,0.9806575278358889,-0.02232720288188285,0.029316284086133997,0.003067055603141596,2.1496649609555396,1.108781803818109,1.668256733516205,1.108781803818109,1.668256733516205,1.668256733516205,1.4546565452998175,0.0,0.0,4.8440792529594185,1.3244247470405826,2.7790812923404,3.1488695457795404e-05,1.0157854368967654,0.9999999999999947,0.0,0.0,0.0,0.0,0.0,3.1488695457795404e-05,1.0157854368967654,2.9643194027397494e-07,0.001425840933908335,0.0,0.0031797186667723793,0.0032136302848509873,1.0011799446465615,0.9806575278506501,-0.022327202871281357,0.029316284086263356,0.014939470271280751,2.1496649609637695,1.108781803818224,1.668256733515643,1.108781803818224,1.668256733515643,1.175040429007761,0.7640930166074196,1.175040429007761,1.2573055442555519,0.7640930166074197,0.6662601058320046,0.4932125276481322,0.0,4.844079252963029,1.324424747036971,1.9906848528689762,0.003066752673398716,1.0020406062351732,0.9999999999999949,0.0,0.0,0.0,0.0,0.0,0.003066752673398716,1.0020406062351732,0.00014687761145227147,0.0008606615886115088
6.179504,0.0,0.1736098,0.3154677,-0.02431195,0.0,1.512877474246243,0.9787055090618135,-0.023729144541849698,0.0,1.5095815079628742e-05,2.680587642499685e-05,1.0129849052174025,0.9797908611837568,-0.022949643660150214,0.0,0.0,0.0,2.680587642499685e-05,1.0129849052174025,0.0,0.0,0.0,0.00024252470901599453,3.172871567232042e-05,1.0146294474283566,0.978631032751401,-0.0237826334957649,0.02931628408613399,0.0030340054848677876,2.1496649609555374,1.108781803818109,1.668256733516205,1.108781803818109,1.668256733516205,1.668256733516205,1.4546565452998157,0.0,0.0,4.844079252959417,1.325424747040583,2.7800812923403986,3.148390456809105e-05,1.0157825717340732,0.9999999999999949,0.0,0.0,0.0,0.0,0.0,3.148390456809105e-05,1.0157825717340732,2.448111042293577e-07,0.0011531243057164512,0.0,0.0031648379423537855,0.003183981886473663,1.0013745944317953,0.9786310193876926,-0.023782643093592393,0.02931628408626334,0.014933738556479118,2.149664960963766,1.108781803818224,1.668256733515643,1.108781803818224,1.668256733515643,1.175040429007761,0.7640930166074187,1.175040429007761,1.257305544255552,0.7640930166074188,0.6662601058320035,0.4932125276481334,0.0,4.84407925296302,1.3254247470369802,1.991684852868984,0.003032989586551084,1.0025686221661472,0.9999999999999947,0.0,0.0,0.0,0.0,0.0,0.003032989586551084,1.0025686221661472,0.00015099229992257944,0.0011940277343525135
6.180504,0.0,0.175218,0.3132326,-0.02395449,0.0,1.5131263129554477,0.9782150369345852,-0.024081402069977026,0.0,1.5107428897199997e-05,2.680108553529248e-05,1.01298204005471,0.9782451234599074,-0.024059793900110465,0.0,0.0,0.0,2.680108553529248e-05,1.01298204005471,0.0,0.0,0.0,0.00023983846046032265,3.168449624559234e-05,1.0148350018403414,0.9787451535744774,-0.023700671816776164,0.029316284086133973,0.0030012047966212437,2.1496649609555356,1.108781803818109,1.668256733516205,1.108781803818109,1.668256733516205,1.668256733516205,1.4546565452998135,0.0,0.0,4.844079252959413,1.3264247470405868,2.781081292340401,3.147911367838668e-05,1.0157797065713805,0.9999999999999944,0.0,0.0,0.0,0.0,0.0,3.147911367838668e-05,1.0157797065713805,2.053825672056497e-07,0.0009447047310387419,0.0,0.003149887003538455,0.003153400682956626,1.0016444532721243,0.9787452757540408,-0.023700584067302615,0.02931628408626333,0.0149353583783355,2.1496649609637655,1.108781803818224,1.668256733515643,1.108781803818224,1.668256733515643,1.175040429007761,0.7640930166074184,1.175040429007761,1.257305544255552,0.7640930166074184,0.6662601058320029,0.49321252764813395,0.0,4.844079252963014,1.3264247470369863,1.9926848528689889,0.0029992264997035292,1.0030966380971207,0.9999999999999946,0.0,0.0,0.0,0.0,0.0,0.0029992264997035292,1.0030966380971207,0.00015417418325309665,0.0014521848249966563
6.181402,0.0,0.1766432,0.3112669,-0.0237542,0.0,1.5133482304145107,0.9785713100524458,-0.023825526392504823,0.0,1.5117698192793742e-05,2.6796783316337953e-05,1.0129794671386116,0.9785384584897625,-0.023849120414720277,0.0,0.0,0.0,2.6796783316337953e-05,1.0129794671386116,0.0,0.0,0.0,0.000237449337316663,3.164999984022426e-05,1.0149920356447837,0.9787475392685993,-0.02369895840908682,0.029316284086133956,0.0029718905569918455,2.149664960955534,1.108781803818109,1.668256733516205,1.108781803818109,1.668256733516205,1.668256733516205,1.4546565452998117,0.0,0.0,4.8440792529594106,1.3273227470405906,2.7819792923404023,3.147481145943217e-05,1.0157771336552825,0.9999999999999943,0.0,0.0,0.0,0.0,0.0,3.147481145943217e-05,1.0157771336552825,1.7518838079209735e-07,0.0007850980104984363,0.0,0.00313641479827129,0.0031255806545793666,1.0019177037722473,0.9787475851735686,-0.023698925440096063,0.029316284086263297,0.014941048731842557,2.149664960963764,1.108781803818224,1.668256733515643,1.108781803818224,1.668256733515643,1.175040429007761,0.7640930166074176,1.175040429007761,1.257305544255552,0.7640930166074176,0.6662601058320021,0.4932125276481347,0.0,4.844079252963008,1.327322747036992,1.9935828528689938,0.0029692281196472305,1.0035543182823143,0.9999999999999947,0.0,0.0,0.0,0.0,0.0,0.0029692281196472305,1.0035543182823143,0.00015635253493213592,0.0016366145100676069
6.182182,0.0,0.1778664,0.3095597,-0.02358026,0.0,1.5135404225607605,0.9788304763440272,-0.023639392926037936,0.0,1.5126494347968247e-05,2.6793046422368546e-05,1.0129772323117117,0.9788166651461372,-0.023649312140931345,0.0,0.0,0.0,2.6793046422368546e-05,1.0129772323117117,0.0,0.0,0.0,0.0002354084241031885,3.162597879157682e-05,1.0150970230282372,0.9787474983634923,-0.023698987787171832,0.02931628408613394,0.0029464519957550428,2.149664960955532,1.108781803818109,1.668256733516205,1.108781803818109,1.668256733516205,1.668256733516205,1.4546565452998106,0.0,0.0,4.844079252959408,1.3281027470405935,2.782759292340404,3.1471074565462756e-05,1.015774898828382,0.9999999999999943,0.0,0.0,0.0,0.0,0.0,3.1471074565462756e-05,1.015774898828382,1.549042261140645e-07,0.0006778758001444625,0.0,0.0031246732251044994,0.003101350383103701,1.002172712331315,0.978747729774885,-0.023698821587299027,0.02931628408626328,0.01494900142306042,2.1496649609637624,1.1087818038182236,1.668256733515643,1.1087818038182236,1.668256733515643,1.175040429007761,0.7640930166074171,1.175040429007761,1.2573055442555525,0.7640930166074171,0.6662601058320016,0.49321252764813533,0.0,4.844079252963005,1.3281027470369953,1.9943628528689965,0.0029452936101539867,1.003842884774943,0.9999999999999947,0.0,0.0,0.0,0.0,0.0,0.0029452936101539867,1.003842884774943,0.00015605677294971412,0.0016701724436281563
6.184678000000001,0.0,0.1816904,0.3040967,-0.02302364,0.0,1.5141489266406507,0.9787453605545506,-0.02370052316349923,0.0,1.5153984846549451e-05,2.6781088361666433e-05,1.012970080865631,0.9788552552346141,-0.02362159670426846,0.0,0.0,0.0,2.6781088361666433e-05,1.012970080865631,0.0,0.0,0.0,0.0002289632064180402,3.156074956568283e-05,1.0153714634044761,0.9787474491488257,-0.023699023133190153,0.02931628408613387,0.0028654313562931706,2.149664960955527,1.108781803818109,1.6682567335162057,1.108781803818109,1.6682567335162057,1.6682567335162057,1.4546565452998077,0.0,0.0,4.8440792529593955,1.3305987470406058,2.785255292340413,3.1459116504760624e-05,1.015767747382301,0.9999999999999944,0.0,0.0,0.0,0.0,0.0,3.1459116504760624e-05,1.015767747382301,1.0163306092219892e-07,0.00039628397782492854,0.0,0.003086969153304753,0.0030241938225937463,1.0029971778625952,0.9787475793070856,-0.023698929653409587,0.02931628408626321,0.014983622925543416,2.1496649609637575,1.108781803818223,1.6682567335156437,1.108781803818223,1.6682567335156437,1.1750404290077603,0.7640930166074155,1.1750404290077603,1.257305544255553,0.7640930166074155,0.6662601058319999,0.4932125276481376,0.0,4.844079252962993,1.3305987470370082,1.9968588528690074,0.0028702012156473803,1.0046893671203487,0.9999999999999949,0.0,0.0,0.0,0.0,0.0,0.0028702012156473803,1.0046893671203487,0.00015399260694636606,0.0016921892577538083
6.192666,0.0,0.1931151,0.2902321,-0.0205256,0.0,1.51587109153368,0.968648007655849,-0.026732667592405297,0.0,1.5235233402435109e-05,2.6742818734707908e-05,1.0129471939460415,0.9689803295591908,-0.026689800342491816,0.0,0.0,0.0,2.6742818734707908e-05,1.0129471939460415,0.0,0.0,0.0,0.00020959536258767202,3.145959467752934e-05,1.0156809884986495,0.9681522583510009,-0.02679661585802265,0.029316284086133647,0.0026145018082046495,2.1496649609555116,1.108781803818109,1.668256733516206,1.108781803818109,1.668256733516206,1.668256733516206,1.454656545299798,0.0,0.0,4.844079252959361,1.3385867470406396,2.7932432923404376,3.142084687780209e-05,1.0157448604627115,0.9999999999999943,0.0,0.0,0.0,0.0,0.0,3.142084687780209e-05,1.0157448604627115,3.8747799727243373e-08,6.38719640614463e-05,0.0,0.002964250876764252,0.0027650538831474254,1.0043519902483664,0.9681540922885574,-0.026796379292635987,0.029316284086262988,0.015207434982110092,2.1496649609637415,1.108781803818223,1.6682567335156446,1.108781803818223,1.6682567335156446,1.175040429007759,0.7640930166074096,1.175040429007759,1.257305544255555,0.7640930166074096,0.666260105831995,0.4932125276481455,0.0,4.844079252962957,1.3385867470370427,2.0048468528690377,0.002562753024344767,1.0022440524747065,0.9999999999999948,0.0,0.0,0.0,0.0,0.0,0.002562753024344767,1.0022440524747065,0.00020230085880265834,0.00210793777365931
6.205503,0.0,0.2090885,0.2685189,-0.0178217,0.0,1.517241095499228,0.9382908049799383,-0.03182424875546441,0.0,1.534606487212597e-05,2.6681318083572876e-05,1.0129104138525553,0.9386685537993237,-0.03175209136167844,0.0,0.0,0.0,2.6681318083572876e-05,1.0129104138525553,0.0,0.0,0.0,0.0001821230739101272,3.138430578310549e-05,1.0157170931738801,0.938295485016456,-0.03182335477718938,0.029316284086133314,0.0022460332856885858,2.1496649609554854,1.108781803818108,1.668256733516208,1.108781803818108,1.668256733516208,1.668256733516208,1.4546565452997826,0.0,0.0,4.844079252959303,1.3514237470406976,2.8060802923404795,3.135934622666702e-05,1.0157080803692256,0.9999999999999946,0.0,0.0,0.0,0.0,0.0,3.135934622666702e-05,1.0157080803692256,2.4959556438473514e-08,9.012804654482852e-06,0.0,0.002754918255878727,0.002225659450639514,0.9975120720283993,0.9382952381147835,-0.031823401940225454,0.029316284086262603,0.016098661526480477,2.1496649609637144,1.108781803818223,1.668256733515646,1.108781803818223,1.668256733515646,1.175040429007758,0.7640930166073999,1.175040429007758,1.257305544255558,0.7640930166074,0.666260105831987,0.49321252764815815,0.0,4.8440792529628975,1.3514237470371044,2.0176838528690912,0.002057728544684949,0.9978564235721437,0.9999999999999949,0.0,0.0,0.0,0.0,0.0,0.002057728544684949,0.9978564235721437,0.0001679309059545652,0.00034435154374433516
6.219842,0.0,0.2234031,0.2398685,-0.01456721,0.0,1.5168929999198246,0.9217791824912411,-0.03575045221719198,0.0,1.5445015550279623e-05,2.661262151610188e-05,1.0128693302847043,0.9229836440691136,-0.03498988568139983,0.0,0.0,0.0,2.661262151610188e-05,1.0128693302847043,0.0,0.0,0.0,0.0001560852091002055,3.131465451421014e-05,1.0156810561657008,0.9226556936869971,-0.03532216877679187,0.029316284086132925,0.001890506010153329,2.1496649609554606,1.108781803818108,1.6682567335162093,1.108781803818108,1.6682567335162093,1.6682567335162093,1.4546565452997648,0.0,0.0,4.844079252959235,1.3657627470407643,2.82041929234053,3.1290649659195973e-05,1.015666996801375,0.9999999999999947,0.0,0.0,0.0,0.0,0.0,3.1290649659195973e-05,1.015666996801375,2.400485501416863e-08,1.4059364326193734e-05,0.0,0.002511209917690024,0.0018128142133408455,0.9981156190303311,0.9226556474672377,-0.03532219229232492,0.0293162840862622,0.016792878141817767,2.1496649609636824,1.108781803818222,1.668256733515648,1.108781803818222,1.668256733515648,1.175040429007756,0.7640930166073888,1.175040429007756,1.257305544255562,0.7640930166073888,0.6662601058319765,0.49321252764817314,0.0,4.844079252962817,1.365762747037182,2.0320228528691584,0.0017012162854073715,0.9953575763040164,0.9999999999999946,0.0,0.0,0.0,0.0,0.0,0.0017012162854073715,0.9953575763040164,0.00011159792793347429,0.002758042726314568
6.234182,0.0,0.2342963,0.2176365,-0.01173114,0.0,1.5164697378411371,0.9183279545654359,-0.03698826175908609,0.0,1.552162757390903e-05,2.654392015774123e-05,1.0128282438516916,0.9183026880935602,-0.037048279389251246,0.0,0.0,0.0,2.654392015774123e-05,1.0128282438516916,0.0,0.0,0.0,0.0001341970351106797,3.124590538409945e-05,1.0156402222545533,0.9183285930026772,-0.03698674522403482,0.029316284086132478,0.0015903709492049393,2.1496649609554312,1.108781803818108,1.6682567335162115,1.108781803818108,1.6682567335162115,1.6682567335162115,1.4546565452997446,0.0,0.0,4.844079252959175,1.3801027470408251,2.834759292340569,3.122194830083527e-05,1.0156259103683614,0.9999999999999944,0.0,0.0,0.0,0.0,0.0,3.122194830083527e-05,1.0156259103683614,2.3957083264186146e-08,1.4311886192030917e-05,0.0,0.0022785275106464394,0.00165295303156693,0.9978351819925714,0.9183285409339732,-0.03698686890731894,0.02931628408626183,0.01621513291763838,2.14966496096365,1.108781803818222,1.66825673351565,1.108781803818222,1.66825673351565,1.1750404290077545,0.7640930166073769,1.1750404290077545,1.257305544255566,0.7640930166073769,0.6662601058319676,0.4932125276481889,0.0,4.844079252962742,1.3801027470372578,2.0463628528692253,0.0016325340734706971,0.999925719996069,0.9999999999999948,0.0,0.0,0.0,0.0,0.0,0.0016325340734706971,0.999925719996069,2.04189580962327e-05,0.0020905380034978546
6.239515,0.0,0.2368742,0.1737413,-0.00238528,0.0,1.5162691307456035,0.9129180737767539,-0.03950805990707279,0.0,1.5545198390685984e-05,2.6518370342947806e-05,1.0128129639390508,0.9164741428464122,-0.0374865116659483,0.0,0.0,0.0,2.6518370342947806e-05,1.0128129639390508,0.0,0.0,0.0,0.00012696834892645607,3.122035377453434e-05,1.0156249518290923,0.9122005499279822,-0.03993886655517969,0.029316284086132308,0.0014909052788789291,2.149664960955419,1.108781803818107,1.668256733516212,1.108781803818107,1.668256733516212,1.668256733516212,1.454656545299739,0.0,0.0,4.84407925295915,1.3854357470408503,2.8400922923405894,3.1196398486041816e-05,1.0156106304557215,0.9999999999999949,0.0,0.0,0.0,0.0,0.0,3.1196398486041816e-05,1.0156106304557215,2.3955288492530105e-08,1.4321373371413762e-05,0.0,0.0021989397404807848,0.0016276258324914243,0.9998123275870564,0.9122005005340738,-0.03993889621164916,0.02931628408626166,0.015665594689934788,2.149664960963637,1.108781803818222,1.66825673351565,1.108781803818222,1.66825673351565,1.175040429007754,0.764093016607372,1.175040429007754,1.257305544255567,0.7640930166073719,0.6662601058319638,0.4932125276481953,0.0,4.844079252962718,1.3854357470372825,2.051695852869246,0.0015849154198676492,1.000353783523323,0.9999999999999947,0.0,0.0,0.0,0.0,0.0,0.0015849154198676492,1.000353783523323,4.271041262377554e-05,0.0005414559362662996
6.244111999999999,0.0,0.2372973,0.1164733,0.01020989,0.0,1.5160523349469055,0.9125077084789012,-0.03975444627983231,0.0,1.5563534344256627e-05,2.6496346622976813e-05,1.012799792786153,0.9128415560452394,-0.03955400172139842,0.0,0.0,0.0,2.6496346622976813e-05,1.012799792786153,0.0,0.0,0.0,0.00012111143570196564,3.119832954857845e-05,1.0156117833508338,0.9124878315781413,-0.0397663805186814,0.029316284086132165,0.0014106162143793762,2.1496649609554113,1.108781803818107,1.668256733516213,1.108781803818107,1.668256733516213,1.668256733516213,1.4546565452997329,0.0,0.0,4.844079252959124,1.3900327470408762,2.8446892923406084,3.117437476607079e-05,1.015597459302823,0.9999999999999944,0.0,0.0,0.0,0.0,0.0,3.117437476607079e-05,1.015597459302823,2.3954782507662135e-08,1.4324048010671407e-05,0.0,0.0021328882696634256,0.0015639745145535457,0.9986297346369277,0.9124885860308894,-0.03976592753964774,0.02931628408626154,0.015185976682484963,2.149664960963629,1.108781803818222,1.668256733515651,1.108781803818222,1.668256733515651,1.175040429007753,0.7640930166073693,1.175040429007753,1.2573055442555685,0.7640930166073693,0.6662601058319606,0.49321252764819895,0.0,4.844079252962695,1.3900327470373037,2.056292852869264,0.001474931611211565,0.9959781338305383,0.9999999999999948,0.0,0.0,0.0,0.0,0.0,0.001474931611211565,0.9959781338305383,8.904290334198068e-05,0.0026516008063894566
6.250688,0.0,0.2330204,-0.01862653,0.05926201,0.0,1.5156980047538156,0.9072614649470775,-0.040201683208667176,0.0,1.5586877103499513e-05,2.646484173228086e-05,1.0127809514762858,0.9072285714498705,-0.040232096015213395,0.0,0.0,0.0,2.646484173228086e-05,1.0127809514762858,0.0,0.0,0.0,0.00011326682406352333,3.116682440728943e-05,1.0155929433656046,0.9075507836615886,-0.04022691906985647,0.02931628408613202,0.0013027675488537782,2.1496649609553966,1.108781803818107,1.668256733516213,1.108781803818107,1.668256733516213,1.668256733516213,1.4546565452997227,0.0,0.0,4.844079252959093,1.396608747040908,2.85126529234063,3.114286987537481e-05,1.015578617992956,0.9999999999999944,0.0,0.0,0.0,0.0,0.0,3.114286987537481e-05,1.015578617992956,2.395453191461226e-08,1.4325372648619181e-05,0.0,0.002040216682379661,0.0014356909929467798,0.9969150248416717,0.9075508377130825,-0.04022696382041216,0.02931628408626129,0.014650273510408892,2.149664960963613,1.108781803818222,1.668256733515652,1.108781803818222,1.668256733515652,1.175040429007752,0.7640930166073633,1.175040429007752,1.25730554425557,0.7640930166073633,0.6662601058319562,0.49321252764820683,0.0,4.84407925296266,1.39660874703734,2.062868852869297,0.0013340905068116161,0.9977274814031235,0.9999999999999946,0.0,0.0,0.0,0.0,0.0,0.0013340905068116161,0.9977274814031235,0.0001016004861351636,0.0008124565614518844
6.254417,0.0,0.2279899,-0.06586462,0.07752986,0.0,1.5154344377118099,0.9075503305434397,-0.0402265439222431,0.0,1.5598656464861097e-05,2.644697650457326e-05,1.0127702672846048,0.9076208326103072,-0.04028491431016322,0.0,0.0,0.0,2.644697650457326e-05,1.0127702672846048,0.0,0.0,0.0,0.0001090938546656322,3.114895913537804e-05,1.0155822594075843,0.907551735792413,-0.04022770736228598,0.029316284086131933,0.0012455072116576526,2.1496649609553877,1.108781803818107,1.668256733516214,1.108781803818107,1.668256733516214,1.668256733516214,1.4546565452997158,0.0,0.0,4.844079252959076,1.4003377470409246,2.85499429234064,3.112500464766721e-05,1.0155679338012746,0.9999999999999944,0.0,0.0,0.0,0.0,0.0,3.112500464766721e-05,1.0155679338012746,2.3954487710833183e-08,1.4325606309841207e-05,0.0,0.0019880962871406185,0.001359622695594597,0.9980974123305466,0.9075518449799715,-0.04022779776133996,0.029316284086261166,0.014440841203691851,2.1496649609636047,1.108781803818222,1.6682567335156526,1.108781803818222,1.6682567335156526,1.175040429007752,0.7640930166073605,1.175040429007752,1.257305544255571,0.7640930166073606,0.6662601058319538,0.4932125276482106,0.0,4.844079252962641,1.4003377470373592,2.0665978528693127,0.0012571223602167022,1.0002835403703838,0.9999999999999949,0.0,0.0,0.0,0.0,0.0,0.0012571223602167022,1.0002835403703838,0.00010250033537789444,0.002186128039837205
6.258748,0.0,0.220946,-0.09540186,0.09037381,0.0,1.515135720802038,0.9052924114182153,-0.042021814744018886,0.0,1.561110387540228e-05,2.6426227161263626e-05,1.0127578582649825,0.9073382797619005,-0.04013066144748509,0.0,0.0,0.0,2.6426227161263626e-05,1.0127578582649825,0.0,0.0,0.0,0.00010446769897824046,3.112820976816912e-05,1.0155698505142943,0.9073544114687505,-0.04022472401448321,0.029316284086131815,0.0011818043600662629,2.149664960955379,1.108781803818107,1.668256733516214,1.108781803818107,1.668256733516214,1.668256733516214,1.454656545299709,0.0,0.0,4.844079252959054,1.4046687470409454,2.859325292340655,3.110425530435756e-05,1.0155555247816526,0.9999999999999948,0.0,0.0,0.0,0.0,0.0,3.110425530435756e-05,1.0155555247816526,2.395446381156247e-08,1.4325732641319974e-05,0.0,0.0019277934595920453,0.0012698263203186652,1.0001074928848785,0.9073544114687409,-0.04022472401455087,0.029316284086261035,0.014255472678348535,2.1496649609635954,1.108781803818222,1.668256733515653,1.108781803818222,1.668256733515653,1.175040429007751,0.7640930166073571,1.175040429007751,1.257305544255572,0.7640930166073571,0.6662601058319509,0.49321252764821516,0.0,4.84407925296262,1.4046687470373793,2.0709288528693306,0.0011650812069136495,1.0026093433716374,0.999999999999995,0.0,0.0,0.0,0.0,0.0,0.0011650812069136495,1.0026093433716374,0.00010474511340501615,0.0025018504867589534
6.262213,0.0,0.2147627,-0.1140029,0.09479114,0.0,1.514902632511631,0.9044815164851396,-0.042635386860590145,0.0,1.5620137086434848e-05,2.6409626728437967e-05,1.0127479304762521,0.9044841739856891,-0.04262918893531645,0.0,0.0,0.0,2.6409626728437967e-05,1.0127479304762521,0.0,0.0,0.0,0.00010094590577963075,3.111160932780217e-05,1.0155599227654273,0.9045005054766224,-0.042591100002303914,0.029316284086131763,0.0011335857073576866,2.149664960955373,1.108781803818107,1.6682567335162144,1.108781803818107,1.6682567335162144,1.6682567335162144,1.454656545299708,0.0,0.0,4.844079252959042,1.4081337470409585,2.8627902923406667,3.1087654871531896e-05,1.0155455969929224,0.9999999999999943,0.0,0.0,0.0,0.0,0.0,3.1087654871531896e-05,1.0155455969929224,2.3954456270271058e-08,1.4325772504676251e-05,0.0,0.001879622837316593,0.0011968431873035695,1.001655029531786,0.9045004568672913,-0.04259121337086062,0.029316284086260917,0.014152910572861362,2.1496649609635856,1.108781803818221,1.668256733515654,1.108781803818221,1.668256733515654,1.175040429007751,0.7640930166073535,1.175040429007751,1.2573055442555734,0.7640930166073536,0.6662601058319482,0.4932125276482198,0.0,4.844079252962599,1.408133747037401,2.074393852869349,0.0010910577458964198,1.0033482787029597,0.9999999999999947,0.0,0.0,0.0,0.0,0.0,0.0010910577458964198,1.0033482787029597,0.00010578544140714944,0.0016932491711734382
6.267787,0.0,0.204163,-0.1376227,0.0945511,0.0,1.5145414288461923,0.9046108004073027,-0.04233386591121632,0.0,1.5633070552879014e-05,2.63829223092258e-05,1.012731960059403,0.9045008229667809,-0.04259035953951151,0.0,0.0,0.0,2.63829223092258e-05,1.012731960059403,0.0,0.0,0.0,9.557198969614163e-05,3.108490490322233e-05,1.0155439523769516,0.9045005143209384,-0.04259107937524883,0.029316284086131596,0.0010596741592651796,2.14966496095536,1.108781803818107,1.668256733516215,1.108781803818107,1.668256733516215,1.668256733516215,1.4546565452997,0.0,0.0,4.844079252959013,1.4137077470409873,2.8683642923406873,3.10609504523197e-05,1.0155296265760732,0.9999999999999946,0.0,0.0,0.0,0.0,0.0,3.10609504523197e-05,1.0155296265760732,2.395445090263672e-08,1.4325800877889083e-05,0.0,0.0018024617323093633,0.00107796457172454,1.0005492563592269,0.9045005142829051,-0.042591079463951645,0.029316284086260757,0.014018047208346514,2.1496649609635736,1.108781803818221,1.668256733515654,1.108781803818221,1.668256733515654,1.17504042900775,0.7640930166073493,1.17504042900775,1.257305544255575,0.7640930166073493,0.6662601058319441,0.49321252764822543,0.0,4.844079252962571,1.4137077470374295,2.0799678528693737,0.0009706211580744426,0.9973273663452316,0.9999999999999949,0.0,0.0,0.0,0.0,0.0,0.0009706211580744426,0.9973273663452316,0.00010734341365009738,0.003221890013995155
6.2793,0.0,0.1824602,-0.1318288,0.08774431,0.0,1.5136229316024103,0.8940321540421372,-0.045819032379340624,0.0,1.565397374240909e-05,2.6327764796059376e-05,1.0126989734413225,0.8971810960135721,-0.04457585003061738,0.0,0.0,0.0,2.6327764796059376e-05,1.0126989734413225,0.0,0.0,0.0,8.555230998441858e-05,3.1029747387888866e-05,1.0155109657703254,0.8929036430521906,-0.046228145679507116,0.02931628408613133,0.0009220872097505127,2.149664960955341,1.108781803818107,1.668256733516216,1.108781803818107,1.668256733516216,1.668256733516216,1.454656545299687,0.0,0.0,4.844079252958964,1.425220747041036,2.879877292340724,3.1005792939153234e-05,1.0154966399579923,0.9999999999999952,0.0,0.0,0.0,0.0,0.0,3.1005792939153234e-05,1.0154966399579923,2.3954448735623016e-08,1.4325812333101238e-05,0.0,0.0016561444899372822,0.0012780482746347745,0.9994332645323658,0.8929037414411162,-0.04622811001107456,0.02931628408626044,0.012907547737760847,2.149664960963551,1.108781803818221,1.668256733515656,1.108781803818221,1.668256733515656,1.175040429007749,0.7640930166073409,1.175040429007749,1.257305544255577,0.764093016607341,0.6662601058319375,0.4932125276482365,0.0,4.84407925296251,1.42522074703749,2.091480852869427,0.0015127500738322931,1.0019984404647788,0.999999999999995,0.0,0.0,0.0,0.0,0.0,0.0015127500738322931,1.0019984404647788,0.00023470179919751841,0.0025651759324135026
6.289281,0.0,0.1638727,-0.156823,0.09810117,0.0,1.512534419517164,0.8577384860588246,-0.05471587782578172,0.0,1.566641335124839e-05,2.6279946925920014e-05,1.0126703762524858,0.8841938446658727,-0.04843116466060159,0.0,0.0,0.0,2.6279946925920014e-05,1.0126703762524858,0.0,0.0,0.0,7.792664677441553e-05,3.09819295175624e-05,1.0154823685824792,0.8439918371520897,-0.05799244624924564,0.02931628408613107,0.0008174447195088993,2.149664960955321,1.108781803818106,1.668256733516218,1.108781803818106,1.668256733516218,1.668256733516218,1.454656545299674,0.0,0.0,4.844079252958917,1.4352017470410832,2.889858292340758,3.095797506901386e-05,1.0154680427691565,0.9999999999999952,0.0,0.0,0.0,0.0,0.0,3.095797506901386e-05,1.0154680427691565,2.3954448548553536e-08,1.4325813322574817e-05,0.0,0.0015696393948396324,0.0016151066190259586,1.0031286544229356,0.8439924694788161,-0.05799230327250108,0.02931628408626009,0.010054990709505626,2.149664960963526,1.108781803818221,1.668256733515657,1.108781803818221,1.668256733515657,1.175040429007748,0.7640930166073321,1.175040429007748,1.25730554425558,0.7640930166073321,0.6662601058319312,0.4932125276482482,0.0,4.844079252962458,1.435201747037542,2.101461852869473,0.001680372846173029,1.0018055372089956,0.999999999999995,0.0,0.0,0.0,0.0,0.0,0.001680372846173029,1.0018055372089956,6.526622714707035e-05,0.0013231172139399516
6.297353,0.0,0.1480976,-0.1775146,0.09910795,0.0,1.5103149983237125,0.8490578888969663,-0.05679176243054609,0.0,1.5673050999746144e-05,2.624127486422633e-05,1.0126472486592304,0.849073454536432,-0.056788058587922456,0.0,0.0,0.0,2.624127486422633e-05,1.0126472486592304,0.0,0.0,0.0,7.23981982191523e-05,3.0943257455846896e-05,1.0154592409893377,0.8491418664894759,-0.05677177996935234,0.02931628408613083,0.0007416509468909938,2.1496649609553033,1.108781803818106,1.668256733516219,1.108781803818106,1.668256733516219,1.668256733516219,1.4546565452996636,0.0,0.0,4.844079252958874,1.4432737470411259,2.8979302923407895,3.0919303007320115e-05,1.0154449151759009,0.9999999999999946,0.0,0.0,0.0,0.0,0.0,3.0919303007320115e-05,1.0154449151759009,2.395444852678328e-08,1.43258134366493e-05,0.0,0.001515717448522584,0.0016264727354440792,0.9991072472479247,0.8491418701958606,-0.05677177908741837,0.02931628408625989,0.008155620525143787,2.14966496096351,1.10878180381822,1.668256733515658,1.10878180381822,1.668256733515658,1.175040429007747,0.7640930166073262,1.175040429007747,1.257305544255582,0.7640930166073263,0.6662601058319247,0.49321252764825596,0.0,4.84407925296241,1.4432737470375898,2.109533852869515,0.0016002873357734402,0.9980369719285226,0.9999999999999949,0.0,0.0,0.0,0.0,0.0,0.0016002873357734402,0.9980369719285226,2.6185399670639724e-05,0.0010702753194020696
6.309415,0.0,0.1244848,-0.1829225,0.1021527,0.0,1.505458689146748,0.8038519057881578,-0.06949125185082176,0.0,1.5677916570424592e-05,2.618348715261218e-05,1.012612689066831,0.807429900701323,-0.06834039898904538,0.0,0.0,0.0,2.618348715261218e-05,1.012612689066831,0.0,0.0,0.0,6.507420434512765e-05,3.0885469744228094e-05,1.0154246813969636,0.8024877447446357,-0.06969677452875463,0.02931628408613053,0.0006412125692037691,2.14966496095528,1.108781803818106,1.66825673351622,1.108781803818106,1.66825673351622,1.66825673351622,1.4546565452996478,0.0,0.0,4.844079252958818,1.4553357470411818,2.909992292340829,3.086151529570593e-05,1.0154103555835017,0.999999999999995,0.0,0.0,0.0,0.0,0.0,3.086151529570593e-05,1.0154103555835017,2.3954448522158746e-08,1.4325813462545056e-05,0.0,0.0014405797294133036,0.0015406462326021213,1.0036917475453522,0.8024878195804177,-0.06969676850030332,0.02931628408625952,0.00678509216640269,2.149664960963481,1.10878180381822,1.66825673351566,1.10878180381822,1.66825673351566,1.175040429007745,0.7640930166073157,1.175040429007745,1.257305544255586,0.7640930166073158,0.6662601058319162,0.4932125276482699,0.0,4.844079252962353,1.4553357470376476,2.1215958528695635,0.0015008348394827163,1.0078982816624729,0.9999999999999948,0.0,0.0,0.0,0.0,0.0,0.0015008348394827163,1.0078982816624729,3.981139311940503e-05,0.004206534117121121
6.321977,0.0,0.1007175,-0.1844614,0.1518214,0.0,1.5002465715779574,0.7960405493814947,-0.07163587563386584,0.0,1.5677338536851597e-05,2.612330399614585e-05,1.0125766968930865,0.7960303344195792,-0.07164849201795,0.0,0.0,0.0,2.612330399614585e-05,1.0125766968930865,0.0,0.0,0.0,5.850076152695456e-05,3.082528658776134e-05,1.0153886892232211,0.7960324856154676,-0.07164583510020586,0.029316284086130188,0.0005512493344570682,2.1496649609552576,1.1087818038181056,1.6682567335162213,1.1087818038181056,1.6682567335162213,1.6682567335162213,1.4546565452996323,0.0,0.0,4.844079252958767,1.4678977470412329,2.922554292340865,3.08013321392396e-05,1.0153743634097554,0.9999999999999943,0.0,0.0,0.0,0.0,0.0,3.08013321392396e-05,1.0153743634097554,2.3954448521734696e-08,1.432581346497519e-05,0.0,0.0013639057790571425,0.0014293203110665766,1.0053774061114007,0.7960325847804889,-0.07164571262260794,0.029316284086259126,0.006290084714492353,2.149664960963455,1.10878180381822,1.6682567335156613,1.10878180381822,1.6682567335156613,1.175040429007744,0.7640930166073066,1.175040429007744,1.2573055442555883,0.7640930166073067,0.6662601058319086,0.4932125276482821,0.0,4.844079252962301,1.4678977470376997,2.1341578528696084,0.001382644258629134,1.0041102155332784,0.9999999999999947,0.0,0.0,0.0,0.0,0.0,0.001382644258629134,1.0041102155332784,4.667605243744289e-05,0.0012671905781225404
6.333607000000001,0.0,0.07832297,-0.2170198,0.1663253,0.0,1.4953607543277456,0.787401337390758,-0.07440245909919656,0.0,1.567236465338823e-05,2.6067585948884017e-05,1.01254337505097,0.7876635633230353,-0.07433880446869696,0.0,0.0,0.0,2.6067585948884017e-05,1.01254337505097,0.0,0.0,0.0,5.3237395002760066e-05,3.076956854049941e-05,1.0153553673811027,0.7873054977284312,-0.07442572391606518,0.02931628408612982,0.00047921070566154595,2.1496649609552367,1.108781803818105,1.668256733516223,1.108781803818105,1.668256733516223,1.668256733516223,1.4546565452996176,0.0,0.0,4.844079252958714,1.4795277470412862,2.9341842923409036,3.074561409197772e-05,1.0153410415676396,0.9999999999999943,0.0,0.0,0.0,0.0,0.0,3.074561409197772e-05,1.0153410415676396,2.3954448521686138e-08,1.4325813463125059e-05,0.0,0.0012940175071321398,0.001319865874767165,1.0016996946265233,0.787306556389936,-0.07442546692886971,0.029316284086258814,0.006091291261721051,2.1496649609634297,1.10878180381822,1.668256733515663,1.10878180381822,1.668256733515663,1.175040429007742,0.7640930166072971,1.175040429007742,1.257305544255592,0.7640930166072972,0.6662601058319003,0.4932125276482946,0.0,4.844079252962246,1.4795277470377557,2.1457878528696566,0.0012726189256288647,0.9999619478996311,0.9999999999999948,0.0,0.0,0.0,0.0,0.0,0.0012726189256288647,0.9999619478996311,4.724694913830002e-05,0.00173774672689275
6.3436449999999995,0.0,0.05770043,-0.2497174,0.1693681,0.0,1.4910391857413146,0.7771871390848969,-0.07844329115384462,0.0,1.5665097026776143e-05,2.6019494998031516e-05,1.0125146145478607,0.7773254237346826,-0.07841935577263157,0.0,0.0,0.0,2.6019494998031516e-05,1.0125146145478607,0.0,0.0,0.0,4.925129769271074e-05,3.072147758964689e-05,1.015326606877994,0.7771403861299881,-0.07845138351840071,0.02931628408612956,0.00042469943000992405,2.149664960955217,1.108781803818105,1.668256733516224,1.108781803818105,1.668256733516224,1.668256733516224,1.4546565452996016,0.0,0.0,4.844079252958667,1.4895657470413326,2.9442222923409336,3.069752314112521e-05,1.0153122810645303,0.9999999999999943,0.0,0.0,0.0,0.0,0.0,3.069752314112521e-05,1.0153122810645303,2.3954448521686267e-08,1.4325813463316991e-05,0.0,0.001234437846308645,0.0012252493493649336,0.998484945030902,0.7771409224085263,-0.07845129069514616,0.02931628408625853,0.005989639637116782,2.149664960963404,1.108781803818219,1.668256733515664,1.108781803818219,1.668256733515664,1.175040429007741,0.764093016607288,1.175040429007741,1.2573055442555943,0.7640930166072881,0.6662601058318944,0.4932125276483067,0.0,4.844079252962202,1.4895657470377979,2.155825852869692,0.001178964452074986,0.9978072149531896,0.9999999999999948,0.0,0.0,0.0,0.0,0.0,0.001178964452074986,0.9978072149531896,4.628489728994792e-05,0.0007680681489085238
6.358216,0.0,0.02549517,-0.298424,0.1735341,0.0,1.4840876104167207,0.7458078875677884,-0.08158363943860686,0.0,1.5650303811970828e-05,2.5949686944149095e-05,1.0124728662622657,0.7611513317410725,-0.08034226000072961,0.0,0.0,0.0,2.5949686944149095e-05,1.0124728662622657,0.0,0.0,0.0,4.425720391117354e-05,3.065166953576448e-05,1.0152848585923988,0.7611569747687009,-0.08034169424745194,0.029316284086129168,0.00035642407965216923,2.1496649609551852,1.108781803818105,1.668256733516226,1.108781803818105,1.668256733516226,1.668256733516226,1.4546565452995817,0.0,0.0,4.8440792529586,1.5041367470414007,2.958793292340981,3.062771508724276e-05,1.0152705327789349,0.9999999999999947,0.0,0.0,0.0,0.0,0.0,3.062771508724276e-05,1.0152705327789349,2.395444852172096e-08,1.4325813463630834e-05,0.0,0.0011487926291429025,0.0010962032745062877,1.0028791234685175,0.7611569756325032,-0.08034169416084967,0.029316284086258103,0.005899163377750069,2.1496649609633742,1.108781803818219,1.668256733515666,1.108781803818219,1.668256733515666,1.1750404290077392,0.7640930166072772,1.1750404290077392,1.257305544255598,0.7640930166072774,0.666260105831885,0.49321252764832096,0.0,4.844079252962137,1.5041367470378617,2.170396852869747,0.0010524508952997563,1.0050111129385304,0.9999999999999949,0.0,0.0,0.0,0.0,0.0,0.0010524508952997563,1.0050111129385304,4.3752379206531204e-05,0.0021319894700126047
6.375601,0.0,-0.0163301,-0.358037,0.1775769,0.0,1.4676517346232236,0.6496471092335849,-0.08695053830036241,0.0,1.56270686336391e-05,2.5866397326638566e-05,1.0124230554088522,0.6498334833512587,-0.08692931623430612,0.0,0.0,0.0,2.5866397326638566e-05,1.0124230554088522,0.0,0.0,0.0,3.933408508622722e-05,3.056837991825392e-05,1.0152350477389867,0.6496490007027524,-0.08695032292236832,0.029316284086128713,0.00028934425447849673,2.1496649609551493,1.108781803818104,1.668256733516228,1.108781803818104,1.668256733516228,1.668256733516228,1.4546565452995606,0.0,0.0,4.844079252958522,1.5215217470414772,2.976178292341037,3.05444254697322e-05,1.0152207219255227,0.9999999999999946,0.0,0.0,0.0,0.0,0.0,3.05444254697322e-05,1.0152207219255227,2.395444852172017e-08,1.4325813463983943e-05,0.0,0.0010474865922236042,0.0009352783920163105,1.0021501841776421,0.6496488647444734,-0.08695033840367879,0.029316284086257582,0.0058331824381722035,2.149664960963335,1.108781803818218,1.668256733515668,1.108781803818218,1.668256733515668,1.175040429007737,0.7640930166072629,1.175040429007737,1.257305544255603,0.764093016607263,0.6662601058318738,0.4932125276483399,0.0,4.844079252962059,1.5215217470379407,2.1877818528698145,0.0008880259099493784,1.001042501539787,0.9999999999999949,0.0,0.0,0.0,0.0,0.0,0.0008880259099493784,1.001042501539787,4.725248206693211e-05,0.0011076826378546198
6.38951,0.0,-0.05006453,-0.3602182,0.1830849,0.0,1.4527906863629598,0.6257378167310143,-0.0914582975064568,0.0,1.5604867204230313e-05,2.5799760841740445e-05,1.0123832038609601,0.629861911087856,-0.09083124725275021,0.0,0.0,0.0,2.5799760841740445e-05,1.0123832038609601,0.0,0.0,0.0,3.607066623647128e-05,3.050174343335581e-05,1.0151951961910934,0.6250572989963237,-0.09155474219750176,0.02931628408612834,0.0002449031499403111,2.14966496095512,1.108781803818104,1.668256733516229,1.108781803818104,1.668256733516229,1.668256733516229,1.4546565452995417,0.0,0.0,4.844079252958461,1.5354307470415391,2.9900872923410806,3.047778898483406e-05,1.01518087037763,0.9999999999999949,0.0,0.0,0.0,0.0,0.0,3.047778898483406e-05,1.01518087037763,2.395444852175182e-08,1.4325813463364908e-05,0.0,0.0009671143500440097,0.0008036357055178889,0.99888755472731,0.6250572635797754,-0.09155474486647645,0.029316284086257128,0.005788800334370318,2.1496649609633076,1.108781803818218,1.66825673351567,1.108781803818218,1.66825673351567,1.1750404290077354,0.7640930166072532,1.1750404290077354,1.257305544255606,0.7640930166072532,0.6662601058318652,0.4932125276483529,0.0,4.8440792529619845,1.5354307470380146,2.2016908528698798,0.0007562824489454711,0.997686539367549,0.9999999999999947,0.0,0.0,0.0,0.0,0.0,0.0007562824489454711,0.997686539367549,4.735325657241782e-05,0.0012010153597609135
6.396516,0.0,-0.06143804,-0.1720259,0.1961498,0.0,1.4452375754675795,0.6253020090452274,-0.09153630096135935,0.0,1.5592637604957722e-05,2.5766195868471636e-05,1.0123631305311354,0.625251624227156,-0.09154009793795351,0.0,0.0,0.0,2.5766195868471636e-05,1.0123631305311354,0.0,0.0,0.0,3.462173026291065e-05,3.046817846008692e-05,1.0151751228612675,0.6253020090654118,-0.09153630095983827,0.029316284086128134,0.00022525085913188404,2.1496649609551044,1.108781803818104,1.66825673351623,1.108781803818104,1.66825673351623,1.66825673351623,1.454656545299532,0.0,0.0,4.844079252958428,1.5424367470415716,2.9970932923411038,3.0444224011565203e-05,1.0151607970478047,0.9999999999999946,0.0,0.0,0.0,0.0,0.0,3.0444224011565203e-05,1.0151607970478047,2.3954448521715072e-08,1.4325813462642757e-05,0.0,0.0009267959089184297,0.0007402724757543116,0.9999722595215885,0.6253019877931267,-0.09153630256290783,0.029316284086256902,0.005771042645159341,2.149664960963293,1.108781803818218,1.668256733515671,1.108781803818218,1.668256733515671,1.175040429007735,0.7640930166072477,1.175040429007735,1.2573055442556078,0.7640930166072477,0.6662601058318612,0.4932125276483599,0.0,4.844079252961951,1.5424367470380496,2.208696852869911,0.0006967982821263716,1.0023639542164227,0.9999999999999949,0.0,0.0,0.0,0.0,0.0,0.0006967982821263716,1.0023639542164227,4.347419362793995e-05,0.002391694694833567
6.399714,0.0,-0.06382229,-0.1314638,0.2190459,0.0,1.4418158760017008,0.6129591322739368,-0.09535096828512704,0.0,1.5586844302594333e-05,2.5750874603197054e-05,1.012353967740844,0.6172180399801335,-0.09349005993832375,0.0,0.0,0.0,2.5750874603197054e-05,1.012353967740844,0.0,0.0,0.0,3.399895819095529e-05,3.0452857194812364e-05,1.0151659600709766,0.613796923751804,-0.09497044780886285,0.02931628408612807,0.00021677468351416856,2.1496649609551,1.108781803818104,1.668256733516231,1.108781803818104,1.668256733516231,1.668256733516231,1.454656545299529,0.0,0.0,4.844079252958415,1.5456347470415854,3.0002912923411142,3.0428902746290614e-05,1.0151516342575135,0.9999999999999947,0.0,0.0,0.0,0.0,0.0,3.0428902746290614e-05,1.0151516342575135,2.3954448521745963e-08,1.4325813463270755e-05,0.0,0.0009084496603525865,0.0007138997252467531,1.0016272943588953,0.6137966402419628,-0.09497057657753935,0.02931628408625682,0.005761543292884789,2.149664960963285,1.108781803818218,1.668256733515671,1.108781803818218,1.668256733515671,1.175040429007734,0.7640930166072448,1.175040429007734,1.257305544255609,0.7640930166072449,0.6662601058318595,0.4932125276483639,0.0,4.84407925296193,1.5456347470380705,2.2118948528699294,0.0006762617047055608,1.0043881037194755,0.9999999999999946,0.0,0.0,0.0,0.0,0.0,0.0006762617047055608,1.0043881037194755,3.7638020541192283e-05,0.002760809360580042
6.403892,0.0,-0.06541213,-0.0784684,0.2489602,0.0,1.4373092182338965,0.6137088082929462,-0.09501046938613665,0.0,1.557908354528076e-05,2.5730858266012225e-05,1.0123419970911136,0.6140644511759675,-0.09484893826198175,0.0,0.0,0.0,2.5730858266012225e-05,1.0123419970911136,0.0,0.0,0.0,3.322133574537354e-05,3.0432840857627446e-05,1.015153989421247,0.6136452238027204,-0.0950393491266723,0.029316284086127974,0.00020627413675580047,2.1496649609550924,1.108781803818104,1.668256733516231,1.108781803818104,1.668256733516231,1.668256733516231,1.454656545299523,0.0,0.0,4.844079252958396,1.549812747041604,3.0044692923411276,3.040888640910573e-05,1.0151396636077832,0.9999999999999944,0.0,0.0,0.0,0.0,0.0,3.040888640910573e-05,1.0151396636077832,2.3954448521713573e-08,1.4325813463434507e-05,0.0,0.0008846454650546486,0.0006862938665001233,1.003916618257078,0.6136462738828867,-0.09503887218579186,0.02931628408625671,0.005739175169438718,2.1496649609632774,1.108781803818218,1.668256733515672,1.108781803818218,1.668256733515672,1.175040429007734,0.7640930166072424,1.175040429007734,1.2573055442556091,0.7640930166072424,0.6662601058318571,0.4932125276483672,0.0,4.844079252961905,1.5498127470380954,2.216072852869952,0.000656812551791737,1.0066400683660113,0.9999999999999948,0.0,0.0,0.0,0.0,0.0,0.000656812551791737,1.0066400683660113,2.9481314708386353e-05,0.002723450108933145
6.408271,0.0,-0.06587117,-0.06285973,0.2954416,0.0,1.4326707786209028,0.6081293777255666,-0.09646955309967022,0.0,1.5570740521429626e-05,2.5709878959996777e-05,1.0123294505436826,0.6136435549435125,-0.09504010711373402,0.0,0.0,0.0,2.5709878959996777e-05,1.0123294505436826,0.0,0.0,0.0,3.244634586244514e-05,3.0411861551611985e-05,1.015141442873815,0.6136452530429056,-0.09503933584593414,0.029316284086127842,0.00019572894655621773,2.1496649609550817,1.108781803818103,1.6682567335162317,1.108781803818103,1.6682567335162317,1.6682567335162317,1.4546565452995168,0.0,0.0,4.844079252958374,1.5541917470416262,3.0088482923411437,3.038790710309027e-05,1.0151271170603524,0.9999999999999947,0.0,0.0,0.0,0.0,0.0,3.038790710309027e-05,1.0151271170603524,2.395444852171897e-08,1.4325813463008455e-05,0.0,0.0008601616504061039,0.0006677381224793527,1.0058569364145926,0.6136452533208164,-0.0950393357197086,0.029316284086256576,0.005685270440106337,2.149664960963268,1.108781803818218,1.668256733515672,1.108781803818218,1.668256733515672,1.1750404290077332,0.7640930166072388,1.1750404290077332,1.2573055442556107,0.7640930166072387,0.6662601058318544,0.4932125276483718,0.0,4.844079252961884,1.5541917470381164,2.220451852869971,0.0006585435144538342,1.0072717595591183,0.9999999999999949,0.0,0.0,0.0,0.0,0.0,0.0006585435144538342,1.0072717595591183,9.194608025518594e-06,0.0014148231445260029
6.412744,0.0,-0.06582327,-0.05388067,0.3419214,0.0,1.4276779870869047,0.5971567242181067,-0.09711366729538227,0.0,1.5561993980773316e-05,2.568844931034912e-05,1.0123166346709582,0.5974310271612772,-0.09710743671585591,0.0,0.0,0.0,2.568844931034912e-05,1.0123166346709582,0.0,0.0,0.0,3.16952053257395e-05,3.0390431901964322e-05,1.015128627001091,0.5967873085737672,-0.09712205828646582,0.029316284086127773,0.0001856032757347735,2.1496649609550724,1.108781803818103,1.6682567335162317,1.108781803818103,1.6682567335162317,1.6682567335162317,1.4546565452995088,0.0,0.0,4.844079252958356,1.558664747041644,3.013321292341153,3.0366477453442627e-05,1.0151143011876274,0.9999999999999943,0.0,0.0,0.0,0.0,0.0,3.0366477453442627e-05,1.0151143011876274,2.395444852169995e-08,1.4325813463377524e-05,0.0,0.00083614459533447,0.0006701012180253275,1.006348648967861,0.5967888235528009,-0.09712202387488698,0.029316284086256406,0.005568068616033487,2.149664960963262,1.108781803818217,1.668256733515673,1.108781803818217,1.668256733515673,1.175040429007733,0.7640930166072366,1.175040429007733,1.2573055442556118,0.7640930166072367,0.666260105831852,0.49321252764837487,0.0,4.844079252961853,1.5586647470381474,2.2249248528699996,0.0006816511262555134,1.0062490746894486,0.9999999999999948,0.0,0.0,0.0,0.0,0.0,0.0006816511262555134,1.0062490746894486,1.1549908230185997e-05,0.00023126375727730962
6.417659,0.0,-0.06573832,-0.0649752,0.3501193,0.0,1.4222687185065708,0.5956815783209793,-0.09721362517821523,0.0,1.5552147453396172e-05,2.566490208745214e-05,1.0123025523963236,0.5967798895955674,-0.0971222268028264,0.0,0.0,0.0,2.566490208745214e-05,1.0123025523963236,0.0,0.0,0.0,3.09148647887233e-05,3.0366884679067325e-05,1.0151145447264567,0.5967872438404126,-0.09712205975683398,0.02931628408612762,0.00017501465224939702,2.149664960955061,1.108781803818103,1.6682567335162324,1.108781803818103,1.6682567335162324,1.6682567335162324,1.4546565452995013,0.0,0.0,4.844079252958333,1.5635797470416661,3.018236292341167,3.0342930230545623e-05,1.0151002189129932,0.9999999999999946,0.0,0.0,0.0,0.0,0.0,3.0342930230545623e-05,1.0151002189129932,2.395444852170413e-08,1.4325813463553437e-05,0.0,0.0008115592147572471,0.0006862507426980311,1.0059002768179628,0.5967872447223291,-0.09712205973680191,0.029316284086256264,0.005343178390755961,2.1496649609632508,1.108781803818217,1.668256733515674,1.108781803818217,1.668256733515674,1.1750404290077325,0.7640930166072327,1.1750404290077325,1.2573055442556125,0.7640930166072327,0.6662601058318488,0.49321252764838003,0.0,4.844079252961826,1.563579747038173,2.2298398528700214,0.0007070421193261708,1.0051253330989232,0.9999999999999949,0.0,0.0,0.0,0.0,0.0,0.0007070421193261708,1.0051253330989232,2.0791376628139596e-05,0.0007749437190391114
6.422638,0.0,-0.06602791,-0.07592607,0.3565747,0.0,1.4163000140582866,0.5828044586953358,-0.09702322247430428,0.0,1.5541926352419674e-05,2.5641048247614102e-05,1.0122882867512766,0.584371661148619,-0.09740118389994235,0.0,0.0,0.0,2.5641048247614102e-05,1.0122882867512766,0.0,0.0,0.0,3.0169299528783296e-05,3.0343030839229252e-05,1.015100279081409,0.5803789995013926,-0.09643827570316388,0.02931628408612746,0.00016497533652199962,2.1496649609550533,1.108781803818103,1.668256733516233,1.108781803818103,1.668256733516233,1.668256733516233,1.4546565452994966,0.0,0.0,4.844079252958316,1.5685587470416837,3.0232152923411806,3.031907639070756e-05,1.015085953267946,0.9999999999999943,0.0,0.0,0.0,0.0,0.0,3.031907639070756e-05,1.015085953267946,2.395444852169299e-08,1.432581346305639e-05,0.0,0.0007887985696297229,0.0007087607007720853,1.0049966117359168,0.5803876455081806,-0.09644036085626292,0.02931628408625608,0.005034357782369691,2.1496649609632366,1.108781803818217,1.6682567335156746,1.108781803818217,1.6682567335156746,1.175040429007732,0.7640930166072276,1.175040429007732,1.257305544255614,0.7640930166072277,0.6662601058318456,0.49321252764838674,0.0,4.844079252961807,1.5685587470381939,2.2348188528700383,0.0007327637377389192,1.003986958861035,0.9999999999999948,0.0,0.0,0.0,0.0,0.0,0.0007327637377389192,1.003986958861035,2.4003036966833834e-05,0.0010096528748816894
6.427713,0.0,-0.06669244,-0.08671764,0.360796,0.0,1.410386990514202,0.5693438824391821,-0.09377694208402591,0.0,1.553127467849196e-05,2.5616734482364428e-05,1.012273746050611,0.5803361249279387,-0.09642793566389747,0.0,0.0,0.0,2.5616734482364428e-05,1.012273746050611,0.0,0.0,0.0,2.9453512999681418e-05,3.031871707397956e-05,1.0150857383807443,0.5803784612464156,-0.0964381458924828,0.029316284086127308,0.00015528333426302656,2.1496649609550422,1.108781803818103,1.668256733516234,1.108781803818103,1.668256733516234,1.668256733516234,1.4546565452994888,0.0,0.0,4.84407925295829,1.5736337470417099,3.0282902923411985,3.0294762625457852e-05,1.0150714125672808,0.9999999999999946,0.0,0.0,0.0,0.0,0.0,3.0294762625457852e-05,1.0150714125672808,2.39544485217108e-08,1.432581346327844e-05,0.0,0.0007678390005479062,0.0007337740899490973,1.0039242894513287,0.5803784663771736,-0.09643814712986504,0.029316284086255927,0.004667189375556411,2.149664960963226,1.108781803818217,1.668256733515675,1.108781803818217,1.668256733515675,1.175040429007731,0.7640930166072238,1.175040429007731,1.2573055442556154,0.7640930166072237,0.6662601058318423,0.4932125276483918,0.0,4.844079252961783,1.5736337470382171,2.2398938528700594,0.0007589812941648627,1.0028266356521014,0.9999999999999949,0.0,0.0,0.0,0.0,0.0,0.0007589812941648627,1.0028266356521014,2.5207204215765295e-05,0.0010976537992274835
6.4317720000000005,0.0,-0.0674512,-0.09326392,0.3642552,0.0,1.401820540813702,0.4406197887242882,-0.058231877859902706,0.0,1.5522591376676366e-05,2.5597288261054352e-05,1.0122621163552414,0.4395607968987083,-0.05790057902998751,0.0,0.0,0.0,2.5597288261054352e-05,1.0122621163552414,0.0,0.0,0.0,2.891096670944075e-05,3.0299270852669536e-05,1.015074108685374,0.44298819871110257,-0.05897281979962305,0.02931628408612724,0.00014800112151237133,2.1496649609550347,1.108781803818103,1.668256733516234,1.108781803818103,1.668256733516234,1.668256733516234,1.4546565452994833,0.0,0.0,4.844079252958275,1.577692747041726,3.0323492923412094,3.0275316404147807e-05,1.015059782871911,0.9999999999999943,0.0,0.0,0.0,0.0,0.0,3.0275316404147807e-05,1.015059782871911,2.3954448521731725e-08,1.4325813462887002e-05,0.0,0.0007526481771427077,0.0007543916024708795,1.0030219375016816,0.44299415182269797,-0.05897468219256884,0.029316284086255848,0.00435517772493078,2.1496649609632192,1.108781803818217,1.6682567335156753,1.108781803818217,1.6682567335156753,1.175040429007731,0.7640930166072213,1.175040429007731,1.2573055442556162,0.7640930166072213,0.6662601058318388,0.49321252764839507,0.0,4.844079252961767,1.5776927470382343,2.243952852870074,0.0007799501732846372,1.0018986057200696,0.9999999999999947,0.0,0.0,0.0,0.0,0.0,0.0007799501732846372,1.0018986057200696,2.5558570813757794e-05,0.0011233317816124037
6.438267000000001,0.0,-0.068344,-0.07561091,0.3729211,0.0,1.386815453098132,0.38282651713452337,-0.04031360705362058,0.0,1.5508417169826954e-05,2.556617143242445e-05,1.0122435071235523,0.44296051599291514,-0.058964159438019574,0.0,0.0,0.0,2.556617143242445e-05,1.0122435071235523,0.0,0.0,0.0,2.8095719061415026e-05,3.0268154024039605e-05,1.0150554994536856,0.442985238945892,-0.058971893855976974,0.02931628408612705,0.00013699201409626566,2.1496649609550187,1.108781803818103,1.668256733516235,1.108781803818103,1.668256733516235,1.668256733516235,1.4546565452994735,0.0,0.0,4.844079252958243,1.5841877470417578,3.0388442923412313,3.0244199575517876e-05,1.0150411736402214,0.9999999999999947,0.0,0.0,0.0,0.0,0.0,3.0244199575517876e-05,1.0150411736402214,2.395444852172914e-08,1.4325813463441927e-05,0.0,0.0007311077318844348,0.0007877424390872256,1.0015517489710393,0.4429852429695234,-0.05897189511474443,0.029316284086255636,0.003845436375612111,2.149664960963206,1.108781803818217,1.6682567335156768,1.108781803818217,1.6682567335156768,1.17504042900773,0.7640930166072165,1.17504042900773,1.257305544255618,0.7640930166072166,0.6662601058318344,0.4932125276484015,0.0,4.844079252961735,1.5841877470382657,2.2504478528701,0.0008135034794888788,1.0004136206477483,0.9999999999999949,0.0,0.0,0.0,0.0,0.0,0.0008135034794888788,1.0004136206477483,2.5761040401653177e-05,0.001138128323290859
6.445368,0.0,-0.06655324,0.01288507,0.3906578,0.0,1.364910533321543,0.3358810797192802,-0.026964333745794915,0.0,1.5492547283956303e-05,2.5532151324633666e-05,1.0122231616032713,0.33617491232163915,-0.0270182380954546,0.0,0.0,0.0,2.5532151324633666e-05,1.0122231616032713,0.0,0.0,0.0,2.7272465221972903e-05,3.0234133916248833e-05,1.015035153933404,0.33588533993585207,-0.0269651152935261,0.029316284086126878,0.00012596408716950507,2.149664960955002,1.108781803818103,1.668256733516236,1.108781803818103,1.668256733516236,1.668256733516236,1.454656545299466,0.0,0.0,4.844079252958212,1.5912887470417882,3.045945292341255,3.0210179467727114e-05,1.015020828119941,0.9999999999999946,0.0,0.0,0.0,0.0,0.0,3.0210179467727114e-05,1.015020828119941,2.3954448521715727e-08,1.4325813463482237e-05,0.0,0.000711167055212862,0.0008243202674749326,0.9999474537345042,0.335885168874739,-0.02696508391192311,0.029316284086255365,0.0033013707984955944,2.149664960963193,1.108781803818216,1.668256733515677,1.108781803818216,1.668256733515677,1.175040429007729,0.7640930166072117,1.175040429007729,1.25730554425562,0.7640930166072119,0.6662601058318287,0.49321252764840784,0.0,4.844079252961702,1.5912887470382995,2.2575488528701286,0.0008499089179271347,0.998871002266764,0.9999999999999949,0.0,0.0,0.0,0.0,0.0,0.0008499089179271347,0.998871002266764,2.558865045220208e-05,0.001113730759498183
6.447307,0.0,-0.06537588,0.02331024,0.3947351,0.0,1.3589756513706996,0.3358853397774776,-0.02696511526447184,0.0,1.5488154768338785e-05,2.5522861789496892e-05,1.0122176060528103,0.3358540716768105,-0.026959379050661602,0.0,0.0,0.0,2.5522861789496892e-05,1.0122176060528103,0.0,0.0,0.0,2.7059914812361696e-05,3.0224844381112045e-05,1.0150295983829436,0.3358853397774793,-0.02696511526447214,0.029316284086126822,0.00012309345522589152,2.1496649609549974,1.108781803818103,1.668256733516236,1.108781803818103,1.668256733516236,1.668256733516236,1.4546565452994635,0.0,0.0,4.844079252958203,1.5932277470417988,3.0478842923412617,3.0200889932590323e-05,1.0150152725694797,0.9999999999999946,0.0,0.0,0.0,0.0,0.0,3.0200889932590323e-05,1.0150152725694797,2.3954448521720155e-08,1.4325813463134073e-05,0.0,0.0007063405240586797,0.0008324356791052948,1.000055521906187,0.3358853412442403,-0.026965115533553272,0.02931628408625531,0.0031587323291083326,2.149664960963188,1.108781803818216,1.668256733515678,1.108781803818216,1.668256733515678,1.175040429007729,0.7640930166072102,1.175040429007729,1.25730554425562,0.7640930166072103,0.6662601058318274,0.49321252764840967,0.0,4.844079252961691,1.5932277470383085,2.259487852870136,0.0008511438497290777,1.0009795434854134,0.9999999999999949,0.0,0.0,0.0,0.0,0.0,0.0008511438497290777,1.0009795434854134,1.8708170623783e-05,0.0009240215792265102
6.451686,0.0,-0.06223166,0.04684103,0.4039381,0.0,1.3452194852811261,0.31330922247283133,-0.024106043141392634,0.0,1.547813303966123e-05,2.5501882483481444e-05,1.0122050595053786,0.31317950127257344,-0.02409265073235074,0.0,0.0,0.0,2.5501882483481444e-05,1.0122050595053786,0.0,0.0,0.0,2.659658141470821e-05,3.0203865075096608e-05,1.0150170518355137,0.3137188783756401,-0.024148335992568496,0.02931628408612668,0.00011690753317935064,2.1496649609549903,1.1087818038181028,1.6682567335162362,1.1087818038181028,1.6682567335162362,1.6682567335162362,1.4546565452994604,0.0,0.0,4.844079252958184,1.597606747041816,3.0522632923412765,3.0179910626574865e-05,1.0150027260220487,0.9999999999999943,0.0,0.0,0.0,0.0,0.0,3.0179910626574865e-05,1.0150027260220487,2.3954448521748153e-08,1.432581346474654e-05,0.0,0.000696052599906442,0.0008396517987951776,1.0035296100872284,0.3137194461715068,-0.024148394611780196,0.02931628408625521,0.002870019162001925,2.149664960963177,1.108781803818216,1.6682567335156782,1.108781803818216,1.6682567335156782,1.1750404290077288,0.7640930166072061,1.1750404290077288,1.2573055442556211,0.764093016607206,0.6662601058318248,0.4932125276484151,0.0,4.844079252961666,1.5976067470383355,2.2638668528701604,0.0008403646217682075,1.009684066102135,0.9999999999999947,0.0,0.0,0.0,0.0,0.0,0.0008403646217682075,1.009684066102135,1.9090677016282512e-06,0.006154456014907009
6.456864,0.0,-0.05820154,0.04603767,0.4101967,0.0,1.3290781188388494,0.3137185226124595,-0.024148299263598783,0.0,1.546612280884981e-05,2.547707525659221e-05,1.0121902236929563,0.3136410659029696,-0.02414030263749241,0.0,0.0,0.0,2.547707525659221e-05,1.0121902236929563,0.0,0.0,0.0,2.6078549050365387e-05,3.0179057848207334e-05,1.0150022160230896,0.31371852262588373,-0.02414829926498471,0.029316284086126524,0.00010995814469455927,2.1496649609549783,1.108781803818102,1.668256733516237,1.108781803818102,1.668256733516237,1.668256733516237,1.4546565452994522,0.0,0.0,4.844079252958158,1.6027847470418422,3.057441292341294,3.0155103399685595e-05,1.0149878902096257,0.9999999999999946,0.0,0.0,0.0,0.0,0.0,3.0155103399685595e-05,1.0149878902096257,2.39544485217393e-08,1.4325813463981928e-05,0.0,0.0006844427191382275,0.0008344903005621264,1.0097040355788933,0.31371850969371956,-0.02414829792986885,0.029316284086255053,0.002612888641800434,2.1496649609631664,1.108781803818216,1.668256733515679,1.108781803818216,1.668256733515679,1.175040429007728,0.764093016607202,1.175040429007728,1.257305544255623,0.7640930166072021,0.6662601058318213,0.4932125276484206,0.0,4.844079252961639,1.6027847470383618,2.269044852870183,0.0008237074571753122,1.0141701397788556,0.9999999999999949,0.0,0.0,0.0,0.0,0.0,0.0008237074571753122,1.0141701397788556,1.0782843386814259e-05,0.004466104199962231
6.462305,0.0,-0.05424212,0.0401666,0.4159178,0.0,1.3120057310136901,0.2989380533204144,-0.020724335962803965,0.0,1.5453325690533458e-05,2.5451008025710705e-05,1.0121746343427445,0.29892881127229565,-0.020723282657488063,0.0,0.0,0.0,2.5451008025710705e-05,1.0121746343427445,0.0,0.0,0.0,2.5567546104409277e-05,3.015299061732585e-05,1.0149866266728802,0.2984441129975833,-0.020668042167199075,0.029316284086126354,0.00010315318419825373,2.14966496095497,1.108781803818102,1.668256733516238,1.108781803818102,1.668256733516238,1.668256733516238,1.4546565452994455,0.0,0.0,4.844079252958139,1.608225747041861,3.0628822923413064,3.0129036168804126e-05,1.0149723008594151,0.9999999999999943,0.0,0.0,0.0,0.0,0.0,3.0129036168804126e-05,1.0149723008594151,2.3954448521722335e-08,1.4325813465273619e-05,0.0,0.0006724645617389075,0.0008190968280847049,1.012378998782929,0.29844523064411294,-0.020668169544054937,0.029316284086254828,0.0024403357867996715,2.149664960963154,1.108781803818216,1.66825673351568,1.108781803818216,1.66825673351568,1.175040429007727,0.7640930166071976,1.175040429007727,1.257305544255624,0.7640930166071976,0.6662601058318168,0.4932125276484264,0.0,4.844079252961612,1.6082257470383874,2.274485852870204,0.0008025611598446136,1.0134753464715667,0.9999999999999948,0.0,0.0,0.0,0.0,0.0,0.0008025611598446136,1.0134753464715667,1.653566824009136e-05,0.0010963476886378584
6.468583,0.0,-0.05012169,0.03390522,0.4224757,0.0,1.292552673647152,0.2883780755442842,-0.019520827759395478,0.0,1.5438350128440343e-05,2.542093082014663e-05,1.0121566468513603,0.2981624373189676,-0.0206359399225636,0.0,0.0,0.0,2.542093082014663e-05,1.0121566468513603,0.0,0.0,0.0,2.5016607301929227e-05,3.012291341176178e-05,1.0149686391814945,0.29844394740155444,-0.020668023294415125,0.029316284086126174,9.57752200899073e-05,2.1496649609549556,1.108781803818102,1.668256733516239,1.108781803818102,1.668256733516239,1.668256733516239,1.4546565452994362,0.0,0.0,4.8440792529581085,1.614503747041892,3.069160292341328,3.009895896324006e-05,1.0149543133680294,0.9999999999999947,0.0,0.0,0.0,0.0,0.0,3.009895896324006e-05,1.0149543133680294,2.395444852171897e-08,1.432581346416661e-05,0.0,0.0006587133191287464,0.0007968368091081948,1.012858521921286,0.29844394751768927,-0.02066802330765088,0.029316284086254644,0.002322240339320885,2.1496649609631406,1.108781803818216,1.668256733515681,1.108781803818216,1.668256733515681,1.175040429007727,0.7640930166071926,1.175040429007727,1.257305544255626,0.7640930166071926,0.6662601058318127,0.49321252764843315,0.0,4.844079252961582,1.614503747038418,2.280763852870231,0.00077816188496092,1.0126736717089921,0.9999999999999949,0.0,0.0,0.0,0.0,0.0,0.00077816188496092,1.0126736717089921,1.8674924147274857e-05,0.0001848502122938113
6.479924,0.0,-0.04390964,0.01999546,0.4320386,0.0,1.2572496707528111,0.2576691029014972,-0.016982079184923567,0.0,1.541077495843804e-05,2.5366597340009336e-05,1.0121241530412624,0.2641605137041376,-0.018683106727570592,0.0,0.0,0.0,2.5366597340009336e-05,1.0121241530412624,0.0,0.0,0.0,2.4118420550604668e-05,3.006857993162447e-05,1.014936145371396,0.26082090979397127,-0.017807987526916435,0.029316284086125865,8.385676652183161e-05,2.1496649609549348,1.108781803818102,1.66825673351624,1.108781803818102,1.66825673351624,1.66825673351624,1.454656545299422,0.0,0.0,4.8440792529580605,1.6258447470419397,3.0805012923413613,3.0044625483102746e-05,1.0149218195579321,0.9999999999999947,0.0,0.0,0.0,0.0,0.0,3.0044625483102746e-05,1.0149218195579321,2.3954448521717524e-08,1.4325813463976629e-05,0.0,0.0006338206527206879,0.0007534457664208227,1.0118208338538563,0.2608209623466979,-0.017808001297980675,0.02931628408625424,0.002235783479453099,2.1496649609631144,1.1087818038182156,1.6682567335156824,1.1087818038182156,1.6682567335156824,1.175040429007725,0.7640930166071834,1.175040429007725,1.257305544255629,0.7640930166071834,0.6662601058318048,0.49321252764844525,0.0,4.8440792529615315,1.625844747038469,2.2921048528702737,0.000734085399383375,1.011225472683452,0.9999999999999946,0.0,0.0,0.0,0.0,0.0,0.000734085399383375,1.011225472683452,1.936036703744764e-05,0.0005953611704041654
6.485046,0.0,-0.04158959,0.01585604,0.4374404,0.0,1.241164547184278,0.2606638881160309,-0.017766841124833788,0.0,1.539811903207363e-05,2.5342058402943562e-05,1.0121094776779502,0.2611029995960841,-0.01788190713198884,0.0,0.0,0.0,2.5342058402943562e-05,1.0121094776779502,0.0,0.0,0.0,2.3750010035794994e-05,3.004404099455864e-05,1.014921470008084,0.26067150072974865,-0.017768835955541438,0.029316284086125726,7.900998246553087e-05,2.1496649609549214,1.108781803818102,1.668256733516241,1.108781803818102,1.668256733516241,1.668256733516241,1.4546565452994145,0.0,0.0,4.844079252958035,1.630966747041965,3.085623292341379,3.0020086546036932e-05,1.0149071441946202,0.9999999999999946,0.0,0.0,0.0,0.0,0.0,3.0020086546036932e-05,1.0149071441946202,2.3954448521710493e-08,1.4325813463666631e-05,0.0,0.0006225368543896215,0.0007335860272130591,1.0111947880503147,0.26067167528962265,-0.01776888169770195,0.029316284086254085,0.002222584724597818,2.1496649609631024,1.108781803818215,1.668256733515683,1.108781803818215,1.668256733515683,1.1750404290077243,0.7640930166071788,1.1750404290077243,1.25730554425563,0.7640930166071788,0.6662601058318018,0.49321252764845136,0.0,4.84407925296151,1.6309667470384892,2.2972268528702906,0.0007141788868070514,1.0105714143633024,0.9999999999999949,0.0,0.0,0.0,0.0,0.0,0.0007141788868070514,1.0105714143633024,1.9407140406007752e-05,0.0006233736870121107
6.489144,0.0,-0.0398402,0.01654753,0.4431828,0.0,1.2284512200912892,0.24579133144758136,-0.014959054280715261,0.0,1.5387913797555694e-05,2.5322425336935034e-05,1.0120977362412358,0.25358665799582686,-0.015958286377798954,0.0,0.0,0.0,2.5322425336935034e-05,1.0120977362412358,0.0,0.0,0.0,2.3470823813137418e-05,3.0024407928550154e-05,1.0149097285713695,0.2417782453444097,-0.014468215616252843,0.029316284086125622,7.529517035835789e-05,2.149664960954913,1.108781803818101,1.668256733516241,1.108781803818101,1.668256733516241,1.668256733516241,1.454656545299409,0.0,0.0,4.844079252958015,1.6350647470419848,3.0897212923413937,3.00004534800284e-05,1.0148954027579054,0.999999999999995,0.0,0.0,0.0,0.0,0.0,3.00004534800284e-05,1.0148954027579054,2.3954448521749758e-08,1.4325813463654917e-05,0.0,0.0006135056888450211,0.0007176739806215657,1.0106803049442028,0.241778245345738,-0.014468215616414992,0.029316284086253964,0.0022162180036625527,2.1496649609630936,1.108781803818215,1.668256733515684,1.108781803818215,1.668256733515684,1.175040429007724,0.7640930166071757,1.175040429007724,1.257305544255631,0.7640930166071758,0.6662601058317993,0.49321252764845563,0.0,4.844079252961489,1.6350647470385102,2.30132485287031,0.0006982521221569359,1.010048116628828,0.999999999999995,0.0,0.0,0.0,0.0,0.0,0.0006982521221569359,1.010048116628828,1.942185846462969e-05,0.0006321883153744834
6.501889,0.0,-0.03257889,0.06290392,0.4836585,0.0,1.1880162970917216,0.2162646476834536,-0.010134921051480351,0.0,1.5355738618062483e-05,2.526136544765282e-05,1.0120612197427172,0.2156829640912542,-0.010006967868962673,0.0,0.0,0.0,2.526136544765282e-05,1.0120612197427172,0.0,0.0,0.0,2.268221652221207e-05,2.9963348039267878e-05,1.0148732120728499,0.2166639569996581,-0.010222757288401451,0.029316284086125202,6.496715317390102e-05,2.149664960954891,1.108781803818101,1.668256733516243,1.108781803818101,1.668256733516243,1.668256733516243,1.454656545299393,0.0,0.0,4.844079252957959,1.6478097470420412,3.102466292341434,2.9939393590746152e-05,1.0148588862593872,0.9999999999999943,0.0,0.0,0.0,0.0,0.0,2.9939393590746152e-05,1.0148588862593872,2.3954448521728903e-08,1.4325813463147155e-05,0.0,0.0005852947020876284,0.0006681506253289869,1.0090586528500505,0.2166684445181509,-0.010223744409716391,0.029316284086253634,0.002215026400330794,2.1496649609630665,1.108781803818215,1.668256733515685,1.108781803818215,1.668256733515685,1.175040429007722,0.7640930166071662,1.175040429007722,1.2573055442556342,0.7640930166071664,0.6662601058317923,0.4932125276484682,0.0,4.844079252961427,1.6478097470385744,2.3140698528703667,0.0006487190290711237,1.0084206325815193,0.9999999999999947,0.0,0.0,0.0,0.0,0.0,0.0006487190290711237,1.0084206325815193,1.943159625786319e-05,0.0006380202685311812
6.50762,0.0,-0.02827226,0.07517667,0.555213,0.0,1.1697056853266177,0.20839317100149093,-0.008403429040915115,0.0,1.5341077512203654e-05,2.523390885875708e-05,1.0120447994953254,0.21661094204314305,-0.01021109556629257,0.0,0.0,0.0,2.523390885875708e-05,1.0120447994953254,0.0,0.0,0.0,2.236373815474586e-05,2.9935891450372098e-05,1.0148567918254587,0.21666228002015495,-0.010222388402519588,0.029316284086125032,6.078284391484639e-05,2.149664960954879,1.108781803818101,1.668256733516244,1.108781803818101,1.668256733516244,1.668256733516244,1.4546565452993834,0.0,0.0,4.844079252957935,1.6535407470420656,3.1081972923414485,2.9911937001850396e-05,1.0148424660119948,0.9999999999999946,0.0,0.0,0.0,0.0,0.0,2.9911937001850396e-05,1.0148424660119948,2.3954448521703244e-08,1.432581346335792e-05,0.0,0.0005725741289587786,0.0006458777887183937,1.0083271498058293,0.2166622861341828,-0.010222389747424785,0.029316284086253468,0.0022170662269610725,2.1496649609630545,1.108781803818215,1.668256733515686,1.108781803818215,1.668256733515686,1.175040429007722,0.7640930166071618,1.175040429007722,1.257305544255636,0.7640930166071618,0.6662601058317885,0.493212527648474,0.0,4.844079252961398,1.653540747038603,2.3198008528703915,0.0006264456546909939,1.0076888074677397,0.9999999999999949,0.0,0.0,0.0,0.0,0.0,0.0006264456546909939,1.0076888074677397,1.943213402739967e-05,0.0006383423380901869
6.511477999999999,0.0,-0.02513887,0.08400773,0.6174938,0.0,1.1537509259006749,0.06450528930417901,0.033246281852830295,0.0,1.5331145638416938e-05,2.5215425606277626e-05,1.012033745697657,0.06308903177321826,0.03376918532213893,0.0,0.0,0.0,2.5215425606277626e-05,1.012033745697657,0.0,0.0,0.0,2.216050657966043e-05,2.9917408197892593e-05,1.01484573802779,0.07140341921258364,0.030699389086517252,0.029316284086124973,5.8157215076271983e-05,2.1496649609548735,1.108781803818101,1.668256733516244,1.108781803818101,1.668256733516244,1.668256733516244,1.4546565452993798,0.0,0.0,4.844079252957919,1.6573987470420801,3.1120552923414597,2.9893453749370915e-05,1.014831412214327,0.9999999999999943,0.0,0.0,0.0,0.0,0.0,2.9893453749370915e-05,1.014831412214327,2.3954448521678623e-08,1.4325813463662493e-05,0.0,0.0005639892083261908,0.000630883903171738,1.0078345743551704,0.07140634252770807,0.030698309754836284,0.029316284086253332,0.002219792746746241,2.1496649609630487,1.108781803818215,1.668256733515687,1.108781803818215,1.668256733515687,1.175040429007722,0.7640930166071596,1.175040429007722,1.257305544255636,0.7640930166071597,0.6662601058317862,0.49321252764847695,0.0,4.844079252961378,1.6573987470386213,2.323658852870408,0.0006114516434610981,1.0071961567455332,0.9999999999999947,0.0,0.0,0.0,0.0,0.0,0.0006114516434610981,1.0071961567455332,1.9432259710639804e-05,0.0006384176096370086
6.517176,0.0,-0.02022205,0.09519532,0.706413,0.0,1.1291554062233724,0.07139967294292049,0.030700772265326155,0.0,1.5316391552252966e-05,2.5188127116742107e-05,1.0120174200006342,0.07099631957410932,0.030849696363730996,0.0,0.0,0.0,2.5188127116742107e-05,1.0120174200006342,0.0,0.0,0.0,2.1876738281923452e-05,2.989010970835709e-05,1.0148294123307673,0.07139967294292975,0.030700772265321228,0.029316284086124807,5.4454906944740565e-05,2.1496649609548606,1.108781803818101,1.668256733516245,1.108781803818101,1.668256733516245,1.668256733516245,1.4546565452993718,0.0,0.0,4.844079252957891,1.6630967470421096,3.1177532923414812,2.9866155259835382e-05,1.0148150865173033,0.9999999999999946,0.0,0.0,0.0,0.0,0.0,2.9866155259835382e-05,1.0148150865173033,2.395444852170542e-08,1.432581346347865e-05,0.0,0.0005512986528339945,0.0006087388544498015,1.007107006363975,0.07139968708208236,0.03070076704493499,0.029316284086253166,0.0022230553590787436,2.1496649609630376,1.108781803818214,1.668256733515687,1.108781803818214,1.668256733515687,1.175040429007721,0.7640930166071555,1.175040429007721,1.257305544255638,0.7640930166071556,0.6662601058317825,0.4932125276484824,0.0,4.844079252961351,1.663096747038649,2.329356852870432,0.0005893065226762497,1.0064685455959401,0.9999999999999949,0.0,0.0,0.0,0.0,0.0,0.0005893065226762497,1.0064685455959401,1.9432331773551892e-05,0.0006384607680352758
6.523744,0.0,-0.0146951,0.08936518,0.7259014,0.0,1.0947839836104478,-0.061120133712736904,0.08210365550237551,0.0,1.529926508500192e-05,2.5156660553163824e-05,1.0119986016120688,-0.05949706236831368,0.0813802460144115,0.0,0.0,0.0,2.5156660553163824e-05,1.0119986016120688,0.0,0.0,0.0,2.157155119795641e-05,2.9858643144778795e-05,1.0148105939422019,-0.06155925206780274,0.08229937233607187,0.029316284086124616,5.052862738336356e-05,2.149664960954849,1.108781803818101,1.6682567335162453,1.108781803818101,1.6682567335162453,1.6682567335162453,1.4546565452993636,0.0,0.0,4.844079252957865,1.6696647470421344,3.124321292341498,2.9834688696257066e-05,1.0147962681287386,0.9999999999999943,0.0,0.0,0.0,0.0,0.0,2.9834688696257066e-05,1.0147962681287386,2.395444852172726e-08,1.432581346327844e-05,0.0,0.0005366332266417827,0.0005832125255323032,1.0062683135789487,-0.06155359454375835,0.08229685075463564,0.029316284086252985,0.0022279697804609066,2.14966496096302,1.108781803818214,1.668256733515688,1.108781803818214,1.668256733515688,1.17504042900772,0.764093016607149,1.17504042900772,1.25730554425564,0.7640930166071491,0.6662601058317784,0.49321252764849094,0.0,4.844079252961309,1.6696647470386905,2.33592485287047,0.0005637801707430959,1.0056298390268748,0.9999999999999948,0.0,0.0,0.0,0.0,0.0,0.0005637801707430959,1.0056298390268748,1.9432354789207304e-05,0.000638474552074087
6.525025,0.0,-0.01370061,0.08820701,0.7292176,0.0,1.0879188081105693,-0.061580842662540256,0.08230899535180533,0.0,1.529591114065526e-05,2.5150523423452515e-05,1.0119949313386596,-0.060337037308127874,0.08175462625542904,0.0,0.0,0.0,2.5150523423452515e-05,1.0119949313386596,0.0,0.0,0.0,2.1514605055958726e-05,2.985250601506748e-05,1.0148069236687927,-0.06155912299560875,0.08229931480807115,0.02931628408612457,4.9790966116726715e-05,2.149664960954846,1.108781803818101,1.6682567335162457,1.108781803818101,1.6682567335162457,1.6682567335162457,1.4546565452993623,0.0,0.0,4.844079252957859,1.670945747042142,3.1256022923415037,2.982855156654575e-05,1.0147925978553287,0.9999999999999946,0.0,0.0,0.0,0.0,0.0,2.982855156654575e-05,1.0147925978553287,2.3954448521731606e-08,1.432581346327844e-05,0.0,0.0005337707827693016,0.0005782339560974742,1.0061047363161588,-0.06155855473740193,0.08229906153308096,0.02931628408625294,0.0022287740621925447,2.1496649609630167,1.108781803818214,1.668256733515688,1.108781803818214,1.668256733515688,1.17504042900772,0.7640930166071482,1.17504042900772,1.25730554425564,0.7640930166071482,0.6662601058317776,0.493212527648492,0.0,4.844079252961302,1.670945747038698,2.337205852870475,0.0005588015993627165,1.0054662605988949,0.9999999999999949,0.0,0.0,0.0,0.0,0.0,0.0005588015993627165,1.0054662605988949,1.9432356734757683e-05,0.0006384757172642287
6.529122,0.0,-0.01063609,0.08439215,0.7373708,0.0,1.0659040787133367,-0.10139777791214936,0.09100355766499975,0.0,1.528515558411799e-05,2.51308951483337e-05,1.011983192767107,-0.08051297150230578,0.09064837892803827,0.0,0.0,0.0,2.51308951483337e-05,1.011983192767107,0.0,0.0,0.0,2.1338181169906796e-05,2.9832877739948637e-05,1.0147951850972408,-0.11151071246827989,0.09099565384031962,0.029316284086124463,4.7493899335084425e-05,2.149664960954838,1.108781803818101,1.668256733516246,1.108781803818101,1.668256733516246,1.668256733516246,1.454656545299357,0.0,0.0,4.844079252957836,1.6750427470421645,3.1296992923415217,2.9808923291426905e-05,1.0147808592837766,0.999999999999995,0.0,0.0,0.0,0.0,0.0,2.9808923291426905e-05,1.0147808592837766,2.3954448521733386e-08,1.4325813463847691e-05,0.0,0.0005246129072689829,0.0005623110815317697,1.00558156844069,-0.11151071246730686,0.09099565384048018,0.029316284086252805,0.002231013023963039,2.149664960963007,1.108781803818214,1.668256733515689,1.108781803818214,1.668256733515689,1.175040429007719,0.7640930166071445,1.175040429007719,1.257305544255641,0.7640930166071446,0.6662601058317744,0.4932125276484969,0.0,4.844079252961282,1.6750427470387181,2.341302852870492,0.0005428787211851954,1.0049430905603056,0.999999999999995,0.0,0.0,0.0,0.0,0.0,0.0005428787211851954,1.0049430905603056,1.943236034657439e-05,0.0006384778803841328
6.540638,0.0,-0.003249342,0.073127,0.7599222,0.0,1.0027045362136284,-0.10535272444746381,0.08431060179280159,0.0,1.5254696836346889e-05,2.507572326249814e-05,1.0119501975535383,-0.10553943875533767,0.0843347217628927,0.0,0.0,0.0,2.507572326249814e-05,1.0119501975535383,0.0,0.0,0.0,2.088331079039468e-05,2.9777705854113026e-05,1.0147621898836732,-0.10206066217406182,0.08388532938343635,0.02931628408612418,4.169690643107444e-05,2.149664960954817,1.1087818038181,1.6682567335162475,1.1087818038181,1.6682567335162475,1.6682567335162475,1.4546565452993456,0.0,0.0,4.844079252957782,1.6865587470422192,3.1412152923415637,2.9753751405591297e-05,1.0147478640702077,0.9999999999999944,0.0,0.0,0.0,0.0,0.0,2.9753751405591297e-05,1.0147478640702077,2.3954448521721865e-08,1.432581346549888e-05,0.0,0.0004987886851591964,0.0005175544655878096,1.0041110240342979,-0.10205992659125904,0.08388523435999977,0.02931628408625252,0.0022392346509916227,2.1496649609629817,1.108781803818214,1.66825673351569,1.108781803818214,1.66825673351569,1.175040429007718,0.7640930166071356,1.175040429007718,1.257305544255644,0.7640930166071356,0.6662601058317674,0.49321252764850876,0.0,4.844079252961226,1.6865587470387744,2.352818852870542,0.000498122102905389,1.0034725447549853,0.9999999999999946,0.0,0.0,0.0,0.0,0.0,0.000498122102905389,1.0034725447549853,1.9432362682420483e-05,0.0006384792793126115
6.5510720000000005,0.0,0.001991717,0.06356989,0.7802042,0.0,0.9483753761115505,-0.13033341628326983,0.09284818114421677,0.0,1.5226843380015515e-05,2.502573511932277e-05,1.0119203024460024,-0.13062107689234934,0.09310970924291603,0.0,0.0,0.0,2.502573511932277e-05,1.0119203024460024,0.0,0.0,0.0,2.051877172279449e-05,2.9727717710937538e-05,1.0147322947761364,-0.12912064945174226,0.09174558804108089,0.029316284086123866,3.709364436320904e-05,2.1496649609547966,1.1087818038181,1.668256733516249,1.1087818038181,1.668256733516249,1.668256733516249,1.4546565452993305,0.0,0.0,4.844079252957735,1.6969927470422663,3.1516492923415966,2.9703763262415853e-05,1.014717968962672,0.9999999999999943,0.0,0.0,0.0,0.0,0.0,2.9703763262415853e-05,1.014717968962672,2.395444852167851e-08,1.4325813464435587e-05,0.0,0.0004753180623141752,0.0004770030108554862,1.0027786453025418,-0.12912043745161694,0.09174539530009394,0.029316284086252233,0.0022462560051691787,2.1496649609629612,1.108781803818214,1.668256733515691,1.108781803818214,1.668256733515691,1.175040429007717,0.7640930166071283,1.175040429007717,1.2573055442556467,0.7640930166071284,0.6662601058317607,0.49321252764851836,0.0,4.84407925296118,1.6969927470388204,2.3632528528705814,0.00045757064796172385,1.0021401658966405,0.9999999999999947,0.0,0.0,0.0,0.0,0.0,0.00045757064796172385,1.0021401658966405,1.943236289376236e-05,0.0006384794059013117
6.55925,0.0,0.005249973,0.05656902,0.796103,0.0,0.9059112061009879,-0.1487500748576145,0.09756101162432844,0.0,1.5204861429552402e-05,2.498655522332041e-05,1.0118968711455014,-0.13694372612848374,0.0968872195396725,0.0,0.0,0.0,2.498655522332041e-05,1.0118968711455014,0.0,0.0,0.0,2.0261298303696907e-05,2.9688537814935196e-05,1.0147088634756352,-0.15629819040838094,0.09561522912192116,0.02931628408612361,3.38448683991659e-05,2.14966496095478,1.1087818038181,1.66825673351625,1.1087818038181,1.66825673351625,1.66825673351625,1.454656545299319,0.0,0.0,4.844079252957697,1.7051707470423028,3.159827292341621,2.9664583366413487e-05,1.0146945376621712,0.9999999999999951,0.0,0.0,0.0,0.0,0.0,2.9664583366413487e-05,1.0146945376621712,2.3954448521713375e-08,1.432581346423912e-05,0.0,0.0004568810859882382,0.00044521943808419295,1.001734348372927,-0.15629800548582495,0.09561527679197485,0.029316284086252,0.002250948936166255,2.149664960962942,1.108781803818214,1.668256733515692,1.108781803818214,1.668256733515692,1.1750404290077157,0.7640930166071211,1.1750404290077157,1.257305544255649,0.7640930166071213,0.6662601058317549,0.493212527648528,0.0,4.844079252961141,1.705170747038859,2.371430852870614,0.0004257870751680327,1.0010958689536131,0.9999999999999949,0.0,0.0,0.0,0.0,0.0,0.0004257870751680327,1.0010958689536131,1.943236291616021e-05,0.0006384794193136029
6.565793,0.0,0.007539793,0.05832455,0.8112577,0.0,0.8718758582334066,-0.15326700189997655,0.09639662065222844,0.0,1.5187187241503012e-05,2.4955208431984692e-05,1.0118781243860029,-0.1531048570881412,0.09643841897071007,0.0,0.0,0.0,2.4955208431984692e-05,1.0118781243860029,0.0,0.0,0.0,2.0071068186889533e-05,2.9657191023599466e-05,1.0146901167161366,-0.15326673147013425,0.0963966903646823,0.029316284086123422,3.1502941272342273e-05,2.1496649609547647,1.1087818038180999,1.668256733516251,1.1087818038180999,1.668256733516251,1.668256733516251,1.4546565452993112,0.0,0.0,4.844079252957667,1.711713747042333,3.166370292341644,2.9633236575077747e-05,1.0146757909026727,0.9999999999999946,0.0,0.0,0.0,0.0,0.0,2.9633236575077747e-05,1.0146757909026727,2.395444852171853e-08,1.4325813463564788e-05,0.0,0.0004420930066790248,0.0004197902479693099,1.000898834203138,-0.1532668963244285,0.09639664786790297,0.029316284086251827,0.002255368186313775,2.149664960962927,1.108781803818213,1.668256733515693,1.108781803818213,1.668256733515693,1.175040429007715,0.7640930166071159,1.175040429007715,1.257305544255651,0.7640930166071159,0.666260105831751,0.49321252764853485,0.0,4.844079252961111,1.7117137470388883,2.3779738528706393,0.000400357885049533,1.0002603547816606,0.9999999999999949,0.0,0.0,0.0,0.0,0.0,0.000400357885049533,1.0002603547816606,1.9432362919776916e-05,0.0006384794214774669
6.5798689999999995,0.0,0.01341403,0.08766832,0.8531348,0.0,0.8012102936196258,-0.15479717493423542,0.1349418289678448,0.0,1.5148934800152961e-05,2.488777186850597e-05,1.0118377943559407,-0.1530988318988759,0.12361009361392693,0.0,0.0,0.0,2.488777186850597e-05,1.0118377943559407,0.0,0.0,0.0,1.970516699903761e-05,2.9589754460120674e-05,1.0146497866860753,-0.1528202928082353,0.13014140830760632,0.029316284086123013,2.6997150351703895e-05,2.1496649609547385,1.108781803818099,1.6682567335162524,1.108781803818099,1.6682567335162524,1.6682567335162524,1.4546565452992926,0.0,0.0,4.844079252957605,1.7257897470423949,3.1804462923416876,2.9565800011598975e-05,1.0146354608726103,0.9999999999999947,0.0,0.0,0.0,0.0,0.0,2.9565800011598975e-05,1.0146354608726103,2.395444852169763e-08,1.4325813464760622e-05,0.0,0.0004102084890682473,0.0003658587932552362,1.0011249695362001,-0.15282035013968825,0.13014155426065194,0.029316284086251355,0.0022634971462723325,2.1496649609628977,1.108781803818213,1.668256733515695,1.108781803818213,1.668256733515695,1.175040429007713,0.7640930166071052,1.175040429007713,1.257305544255654,0.764093016607105,0.6662601058317407,0.49321252764854906,0.0,4.84407925296105,1.7257897470389496,2.39204985287069,0.00034753602778431566,1.0033854769785782,0.9999999999999946,0.0,0.0,0.0,0.0,0.0,0.00034753602778431566,1.0033854769785782,1.8322765470920436e-05,0.002260507442377722
6.586125,0.0,0.01630953,0.08456717,0.8665252,0.0,0.7703635207511661,-0.1529341703466981,0.13043131502938352,0.0,1.5131841886452602e-05,2.4857800062515444e-05,1.0118198698981353,-0.1529377153492504,0.13044033981234351,0.0,0.0,0.0,2.4857800062515444e-05,1.0118198698981353,0.0,0.0,0.0,1.9559317339968915e-05,2.9559782654130106e-05,1.0146318622282686,-0.1529341702904031,0.13043131488606896,0.029316284086122812,2.524868958422845e-05,2.1496649609547243,1.108781803818099,1.668256733516253,1.108781803818099,1.668256733516253,1.668256733516253,1.4546565452992841,0.0,0.0,4.844079252957576,1.732045747042425,3.186702292341709,2.9535828205608397e-05,1.0146175364148047,0.9999999999999946,0.0,0.0,0.0,0.0,0.0,2.9535828205608397e-05,1.0146175364148047,2.395444852171056e-08,1.432581346394457e-05,0.0,0.00039599026977845894,0.00034331381817144215,1.0044595028977443,-0.15293423055345903,0.13043146830231953,0.029316284086251185,0.002267777926213157,2.1496649609628826,1.108781803818213,1.668256733515696,1.108781803818213,1.668256733515696,1.1750404290077126,0.7640930166070999,1.1750404290077126,1.257305544255656,0.7640930166070999,0.6662601058317362,0.49321252764855605,0.0,4.844079252961019,1.7320457470389807,2.398305852870717,0.00032556645843844975,1.0072441275791812,0.9999999999999949,0.0,0.0,0.0,0.0,0.0,0.00032556645843844975,1.0072441275791812,1.7747359732992348e-05,0.002784624681436546
6.596170000000001,0.0,0.0201903,0.07746002,0.8871863,0.0,0.7205669121319236,-0.17230915415029313,0.1594302304643095,0.0,1.5104293068034696e-05,2.4809675575435013e-05,1.011791089338887,-0.17233950397243938,0.1594368193316985,0.0,0.0,0.0,2.4809675575435013e-05,1.011791089338887,0.0,0.0,0.0,1.9344499698995784e-05,2.9511658167049665e-05,1.0146030816690204,-0.17230915404306035,0.15943023044102966,0.02931628408612249,2.2683038422086e-05,2.1496649609547047,1.108781803818099,1.668256733516255,1.108781803818099,1.668256733516255,1.668256733516255,1.4546565452992724,0.0,0.0,4.844079252957531,1.7420907470424698,3.1967472923417426,2.948770371852795e-05,1.0145887558555564,0.9999999999999946,0.0,0.0,0.0,0.0,0.0,2.948770371852795e-05,1.0145887558555564,2.3954448521717312e-08,1.432581346361374e-05,0.0,0.000373286849169764,0.0003146599654469197,1.008571548417997,-0.17230926871409039,0.1594302553358117,0.02931628408625091,0.0022604332537569335,2.14966496096286,1.108781803818212,1.668256733515697,1.108781803818212,1.668256733515697,1.175040429007711,0.7640930166070915,1.175040429007711,1.2573055442556587,0.7640930166070916,0.6662601058317287,0.4932125276485671,0.0,4.844079252960976,1.742090747039024,2.408350852870753,0.00030669584576319814,1.0092988518456547,0.9999999999999949,0.0,0.0,0.0,0.0,0.0,0.00030669584576319814,1.0092988518456547,7.964119683721542e-06,0.0007273034276580313
6.609089,0.0,0.0238749,0.06935989,0.9139502,0.0,0.6564776545252846,-0.2281403572975798,0.16729579852185958,0.0,1.5068694631484405e-05,2.4747782071344218e-05,1.0117540743020599,-0.212249316944213,0.16454093436833112,0.0,0.0,0.0,2.4747782071344218e-05,1.0117540743020599,0.0,0.0,0.0,1.909933777560539e-05,2.9449764662958893e-05,1.0145660666321945,-0.23501982921446693,0.16856613451917415,0.029316284086122118,1.979380188679918e-05,2.1496649609546785,1.108781803818098,1.668256733516256,1.108781803818098,1.668256733516256,1.668256733516256,1.454656545299251,0.0,0.0,4.8440792529574725,1.7550097470425277,3.2096662923417787,2.9425810214437154e-05,1.0145517408187295,0.999999999999995,0.0,0.0,0.0,0.0,0.0,2.9425810214437154e-05,1.0145517408187295,2.3954448521733767e-08,1.4325813464551181e-05,0.0,0.00034603340844705524,0.0003008549472074292,1.0090310900877812,-0.23501982921470393,0.16856613451925356,0.029316284086250536,0.002133654478452495,2.1496649609628324,1.108781803818212,1.668256733515699,1.108781803818212,1.668256733515699,1.17504042900771,0.764093016607082,1.17504042900771,1.257305544255662,0.7640930166070821,0.6662601058317202,0.49321252764858,0.0,4.844079252960918,1.7550097470390824,2.4212698528708025,0.0002967213796674418,1.0089554456029093,0.9999999999999951,0.0,0.0,0.0,0.0,0.0,0.0002967213796674418,1.0089554456029093,4.133567539987426e-06,7.564448487239321e-05
6.6319989999999995,0.0,0.02964845,0.08582304,0.9795669,0.0,0.5422696663550315,-0.30142458254310645,0.17450584496237695,0.0,1.5005178078225735e-05,2.463802278821704e-05,1.0116884334247707,-0.30157258040246643,0.17450823624930267,0.0,0.0,0.0,2.463802278821704e-05,1.0116884334247707,0.0,0.0,0.0,1.8735686600000636e-05,2.9340005379831692e-05,1.0145004257549037,-0.30160404186951,0.17450874459040389,0.02931628408612154,1.5709011152914582e-05,2.1496649609546323,1.108781803818098,1.668256733516259,1.108781803818098,1.668256733516259,1.668256733516259,1.4546565452992184,0.0,0.0,4.844079252957373,1.777919747042626,3.232576292341845,2.9316050931309966e-05,1.01448609994144,0.9999999999999943,0.0,0.0,0.0,0.0,0.0,2.9316050931309966e-05,1.01448609994144,2.3954448521724562e-08,1.4325813463422627e-05,0.0,0.0003047819718515231,0.00028289588971741034,1.0084788651970762,-0.3016025205552654,0.17450872000965068,0.029316284086249828,0.001776819994269815,2.1496649609627867,1.108781803818212,1.668256733515702,1.108781803818212,1.668256733515702,1.175040429007707,0.7640930166070649,1.175040429007707,1.2573055442556673,0.764093016607065,0.6662601058317053,0.4932125276486024,0.0,4.844079252960818,1.7779197470391814,2.4441798528708865,0.0002790330896872788,1.0083464637141175,0.9999999999999947,0.0,0.0,0.0,0.0,0.0,0.0002790330896872788,1.0083464637141175,3.862800030131545e-06,0.00013240148295937346
6.650040000000001,0.0,0.03367407,0.08107006,1.031295,0.0,0.45266667323746745,-0.3570146164287228,0.18038496794727754,0.0,1.4954879178286507e-05,2.4551590347060454e-05,1.0116367430246311,-0.35885818144266,0.1795233648478814,0.0,0.0,0.0,2.4551590347060454e-05,1.0116367430246311,0.0,0.0,0.0,1.850140547150386e-05,2.9253572938675062e-05,1.0144487353547658,-0.36104400049347707,0.1797194597402743,0.029316284086121053,1.3166646478271285e-05,2.1496649609545972,1.108781803818097,1.668256733516261,1.108781803818097,1.668256733516261,1.668256733516261,1.454656545299192,0.0,0.0,4.8440792529572905,1.7959607470427097,3.2506172923419014,2.922961849015334e-05,1.0144344095413007,0.9999999999999946,0.0,0.0,0.0,0.0,0.0,2.922961849015334e-05,1.0144344095413007,2.395444852171679e-08,1.4325813464467482e-05,0.0,0.00027760381947046866,0.0002689644853392245,1.0079998029647013,-0.3610436724389595,0.17971942312713027,0.02931628408624931,0.0015236284741610812,2.1496649609627436,1.108781803818211,1.668256733515704,1.108781803818211,1.668256733515704,1.175040429007705,0.7640930166070494,1.175040429007705,1.257305544255672,0.7640930166070495,0.6662601058316927,0.4932125276486229,0.0,4.844079252960729,1.7959607470392718,2.4622208528709644,0.0002651040438761772,1.0078669070901234,0.9999999999999946,0.0,0.0,0.0,0.0,0.0,0.0002651040438761772,1.0078669070901234,3.860441463047365e-06,0.0001328958745778262
6.666698,0.0,0.03578752,0.07239658,1.057642,0.0,0.3847603229850125,-0.1444958650809137,0.198565082869774,0.0,1.4908261086274687e-05,2.447178370636503e-05,1.0115890151444962,-0.14396275971610303,0.1988635480452047,0.0,0.0,0.0,2.447178370636503e-05,1.0115890151444962,0.0,0.0,0.0,1.8316955701574742e-05,2.917376629797958e-05,1.0144010074746292,-0.14449586524289862,0.19856508277908513,0.02931628408612057,1.1286636575862833e-05,2.149664960954564,1.108781803818097,1.668256733516263,1.108781803818097,1.668256733516263,1.668256733516263,1.4546565452991707,0.0,0.0,4.844079252957216,1.8126187470427852,3.2672752923419566,2.914981184945785e-05,1.0143866816611664,0.9999999999999946,0.0,0.0,0.0,0.0,0.0,2.914981184945785e-05,1.0143866816611664,2.395444852172575e-08,1.432581346327844e-05,0.0,0.00025580586994631985,0.0002561031689431822,1.007557019738846,-0.14449569809071044,0.1985651763611626,0.02931628408624889,0.0013309399092030977,2.1496649609627063,1.108781803818211,1.6682567335157057,1.108781803818211,1.6682567335157057,1.175040429007703,0.7640930166070362,1.175040429007703,1.2573055442556769,0.7640930166070364,0.6662601058316816,0.49321252764864043,0.0,4.844079252960641,1.8126187470393602,2.4788788528710413,0.00025224278091284856,1.0074241126639558,0.9999999999999949,0.0,0.0,0.0,0.0,0.0,0.00025224278091284856,1.0074241126639558,3.860388030333582e-06,0.0001329070748905197
6.687277000000001,0.0,0.03622168,0.055285,1.008327,0.0,0.33040478447806687,-0.048058321011849175,0.34253869746683757,0.0,1.4850483450364585e-05,2.4373191987138778e-05,1.0115300529614433,-0.04809138435482736,0.3425644610123137,0.0,0.0,0.0,2.4373191987138778e-05,1.0115300529614433,0.0,0.0,0.0,1.8123287481361473e-05,2.9075174578753264e-05,1.0143420452915763,-0.04805832101184776,0.3425386974668365,0.029316284086119984,9.419798509265661e-06,2.1496649609545218,1.108781803818097,1.668256733516266,1.108781803818097,1.668256733516266,1.668256733516266,1.4546565452991445,0.0,0.0,4.8440792529571235,1.833197747042878,3.287854292342022,2.9051220130231524e-05,1.0143277194781135,0.9999999999999946,0.0,0.0,0.0,0.0,0.0,2.9051220130231524e-05,1.0143277194781135,2.3954448521738233e-08,1.4325813463535428e-05,0.0,0.00023237317313436274,0.00024021458933484917,1.0070099996582524,-0.04805831957957803,0.3425386963507866,0.02931628408624833,0.0011397916244693894,2.1496649609626677,1.10878180381821,1.668256733515708,1.10878180381821,1.668256733515708,1.175040429007701,0.7640930166070222,1.175040429007701,1.2573055442556813,0.7640930166070222,0.6662601058316676,0.49321252764865886,0.0,4.844079252960526,1.8331977470394742,2.4994578528711426,0.00023635420302100098,1.0068770922235604,0.9999999999999949,0.0,0.0,0.0,0.0,0.0,0.00023635420302100098,1.0068770922235604,3.860386313848228e-06,0.0001329074346926566
6.691166999999999,0.0,0.03605227,0.0534037,1.017026,0.0,0.3201998435449965,-0.0702199207716405,0.3543977261177835,0.0,1.4839542220366039e-05,2.4354555426188777e-05,1.011518907478569,-0.07048755883133918,0.3545111000756784,0.0,0.0,0.0,2.4354555426188777e-05,1.011518907478569,0.0,0.0,0.0,1.8090151847755532e-05,2.9056538017803212e-05,1.0143308998087024,-0.06902612454108582,0.3538920229912168,0.029316284086119852,9.128403591471193e-06,2.1496649609545124,1.108781803818096,1.668256733516266,1.108781803818096,1.668256733516266,1.668256733516266,1.454656545299142,0.0,0.0,4.844079252957106,1.837087747042894,3.2917442923420364,2.9032583569281503e-05,1.0143165739952382,0.9999999999999943,0.0,0.0,0.0,0.0,0.0,2.9032583569281503e-05,1.0143165739952382,2.395444852170625e-08,1.432581346438866e-05,0.0,0.00022830895773916167,0.00023721120878809532,1.0069065976729246,-0.06902594702145823,0.35389194779226024,0.029316284086248232,0.0011088288546858345,2.1496649609626584,1.10878180381821,1.668256733515709,1.10878180381821,1.668256733515709,1.1750404290077,0.7640930166070188,1.1750404290077,1.257305544255682,0.7640930166070189,0.6662601058316642,0.4932125276486635,0.0,4.844079252960501,1.8370877470394982,2.5033478528711623,0.00023335082248748172,1.006773690235459,0.9999999999999947,0.0,0.0,0.0,0.0,0.0,0.00023335082248748172,1.006773690235459,3.860386300613572e-06,0.00013290743746527736
6.7015720000000005,0.0,0.03534291,0.04828289,1.04049,0.0,0.29361798256473776,-0.06939793275137912,0.36466166473982453,0.0,1.4810249761005547e-05,2.4304706218814788e-05,1.0114890954607516,-0.06856015862196205,0.3648159457170787,0.0,0.0,0.0,2.4304706218814788e-05,1.0114890954607516,0.0,0.0,0.0,1.8006611390670475e-05,2.9006688810429203e-05,1.0143010877908847,-0.07289288363693727,0.36401804921250513,0.029316284086119592,8.387092130412363e-06,2.1496649609544902,1.108781803818096,1.6682567335162672,1.108781803818096,1.6682567335162672,1.6682567335162672,1.4546565452991285,0.0,0.0,4.84407925295706,1.8474927470429394,3.302149292342068,2.8982734361907487e-05,1.0142867619774207,0.9999999999999943,0.0,0.0,0.0,0.0,0.0,2.8982734361907487e-05,1.0142867619774207,2.395444852171698e-08,1.4325813464236419e-05,0.0,0.00021794154383631548,0.00022917774490937616,1.0066300172928613,-0.07289540369139128,0.36401758512982463,0.029316284086247882,0.0010325259518516633,2.1496649609626366,1.10878180381821,1.66825673351571,1.10878180381821,1.66825673351571,1.175040429007699,0.7640930166070108,1.175040429007699,1.257305544255685,0.7640930166070109,0.6662601058316578,0.493212527648674,0.0,4.844079252960446,1.847492747039554,2.5137528528712125,0.0002253173586182622,1.0064971098534037,0.9999999999999947,0.0,0.0,0.0,0.0,0.0,0.0002253173586182622,1.0064971098534037,3.860386291113947e-06,0.00013290743945738474
6.712929,0.0,0.03418327,0.04270879,1.064558,0.0,0.26933414264287836,0.032445538956162076,0.3862585661362271,0.0,1.4778236898680477e-05,2.4250296084442225e-05,1.011456555808051,0.031597169911836004,0.3859195508425142,0.0,0.0,0.0,2.4250296084442225e-05,1.011456555808051,0.0,0.0,0.0,1.79226879430524e-05,2.8952278676056633e-05,1.0142685481381841,0.03334026884784195,0.3866161076083612,0.02931628408611928,7.676973717901378e-06,2.149664960954464,1.108781803818096,1.6682567335162688,1.108781803818096,1.6682567335162688,1.6682567335162688,1.4546565452991125,0.0,0.0,4.844079252957012,1.8588497470429883,3.313506292342101,2.8928324227534914e-05,1.0142542223247202,0.9999999999999943,0.0,0.0,0.0,0.0,0.0,2.8928324227534914e-05,1.0142542223247202,2.3954448521713448e-08,1.4325813464552416e-05,0.0,0.0002073709150332017,0.00022040926348944315,1.0063281313345194,0.03333557567895148,0.3866142321792183,0.02931628408624753,0.000959480575533529,2.149664960962615,1.10878180381821,1.6682567335157117,1.10878180381821,1.6682567335157117,1.175040429007698,0.7640930166070029,1.175040429007698,1.2573055442556877,0.764093016607003,0.6662601058316501,0.4932125276486846,0.0,4.844079252960395,1.8588497470396057,2.525109852871255,0.0002165488771994605,1.0061952238948264,0.9999999999999948,0.0,0.0,0.0,0.0,0.0,0.0002165488771994605,1.0061952238948264,3.860386289982671e-06,0.00013290743969327778
6.720258,0.0,0.03336799,0.04395757,1.082728,0.0,0.2578902837903392,0.05271316268966556,0.4037141540149232,0.0,1.4757558317032861e-05,2.4215183653798862e-05,1.0114355570306754,0.05399229268545675,0.4024613376574758,0.0,0.0,0.0,2.4215183653798862e-05,1.0114355570306754,0.0,0.0,0.0,1.7872295499867066e-05,2.891716624541327e-05,1.0142475493608107,0.05420057141705185,0.4022573435343535,0.02931628408611905,7.249694714913499e-06,2.149664960954448,1.108781803818096,1.66825673351627,1.108781803818096,1.66825673351627,1.66825673351627,1.454656545299102,0.0,0.0,4.844079252956979,1.8661787470430224,3.320835292342123,2.8893211796891558e-05,1.0142332235473448,0.9999999999999946,0.0,0.0,0.0,0.0,0.0,2.8893211796891558e-05,1.0142332235473448,2.395444852171184e-08,1.4325813465270934e-05,0.0,0.00020091758430577288,0.00021475070926566477,1.0061333156094003,0.05420095723689216,0.402256965651411,0.02931628408624731,0.000917172521017268,2.149664960962598,1.108781803818209,1.668256733515713,1.108781803818209,1.668256733515713,1.175040429007697,0.7640930166069974,1.175040429007697,1.257305544255689,0.7640930166069975,0.6662601058316442,0.49321252764869195,0.0,4.844079252960362,1.8661787470396376,2.5324388528712825,0.00021089032297577602,1.0060004081696863,0.9999999999999946,0.0,0.0,0.0,0.0,0.0,0.00021089032297577602,1.0060004081696863,3.860386289888828e-06,0.00013290743971407614
6.721985,0.0,0.03320759,0.04542637,1.088362,0.0,0.25540864113048944,0.05425236760606432,0.4022066128712766,0.0,1.4752683480666492e-05,2.4206909787279403e-05,1.0114306088947058,0.054205567197247055,0.40225245052491165,0.0,0.0,0.0,2.4206909787279403e-05,1.0114306088947058,0.0,0.0,0.0,1.7860610137662905e-05,2.89088923788938e-05,1.0142426012248393,0.05420835349659924,0.4022497215439507,0.02931628408611899,7.174563487290367e-06,2.1496649609544454,1.108781803818096,1.66825673351627,1.108781803818096,1.66825673351627,1.66825673351627,1.4546565452991,0.0,0.0,4.84407925295697,1.8679057470430303,3.3225622923421305,2.8884937930372102e-05,1.0142282754113747,0.9999999999999943,0.0,0.0,0.0,0.0,0.0,2.8884937930372102e-05,1.0142282754113747,2.3954448521699806e-08,1.4325813464749587e-05,0.0,0.00019943563522784952,0.00021341733184113807,1.0060874093797225,0.05420881737368869,0.4022492672095143,0.02931628408624726,0.0009079945821113449,2.1496649609625944,1.108781803818209,1.668256733515713,1.108781803818209,1.668256733515713,1.175040429007697,0.7640930166069956,1.175040429007697,1.25730554425569,0.7640930166069956,0.6662601058316429,0.4932125276486941,0.0,4.844079252960356,1.8679057470396445,2.534165852871288,0.0002095569455512571,1.0059545019400078,0.9999999999999947,0.0,0.0,0.0,0.0,0.0,0.0002095569455512571,1.0059545019400078,3.860386289881018e-06,0.000132907439715106
6.7264100000000004,0.0,0.03287423,0.04951678,1.084067,0.0,0.24920362843263488,0.054208214245106016,0.40224985793083,0.0,1.4740189596162488e-05,2.4185710100337553e-05,1.0114179305497906,0.054151729135084835,0.4023051810567201,0.0,0.0,0.0,2.4185710100337553e-05,1.0114179305497906,0.0,0.0,0.0,1.7831725551045225e-05,2.8887692691951944e-05,1.014229922879923,0.05420821427312288,0.4022498579033897,0.029316284086118853,6.9396636343222594e-06,2.149664960954435,1.1087818038180957,1.6682567335162706,1.1087818038180957,1.6682567335162706,1.6682567335162706,1.4546565452990936,0.0,0.0,4.8440792529569485,1.8723307470430521,3.326987292342146,2.8863738243430225e-05,1.014215597066459,0.9999999999999946,0.0,0.0,0.0,0.0,0.0,2.8863738243430225e-05,1.014215597066459,2.3954448521710847e-08,1.432581346394457e-05,0.0,0.00019570164976824962,0.00021000088997459644,1.0059697862955732,0.0542081845602389,0.4022498870050347,0.029316284086247126,0.000884711943076551,2.1496649609625833,1.108781803818209,1.668256733515713,1.108781803818209,1.668256733515713,1.175040429007696,0.7640930166069918,1.175040429007696,1.257305544255691,0.764093016606992,0.66626010583164,0.49321252764869933,0.0,4.844079252960334,1.8723307470396655,2.5385908528713053,0.00020614050368472493,1.0058368788558563,0.9999999999999949,0.0,0.0,0.0,0.0,0.0,0.00020614050368472493,1.0058368788558563,3.860386289871535e-06,0.00013290743971723385
6.731618,0.0,0.03270939,0.05496199,1.043007,0.0,0.2418414764903854,0.04387291078002645,0.41327278999710365,0.0,1.4725478740422285e-05,2.4160759146757195e-05,1.011403008782487,0.043812059565006084,0.4133404349847682,0.0,0.0,0.0,2.4160759146757195e-05,1.011403008782487,0.0,0.0,0.0,1.7798689720390086e-05,2.886274173837158e-05,1.0142150011126208,0.044103371256562315,0.41301659961393433,0.029316284086118728,6.697658148683459e-06,2.1496649609544276,1.108781803818095,1.668256733516271,1.108781803818095,1.668256733516271,1.668256733516271,1.4546565452990865,0.0,0.0,4.844079252956927,1.877538747043073,3.33219529234216,2.8838787289849867e-05,1.014200675299156,0.9999999999999943,0.0,0.0,0.0,0.0,0.0,2.8838787289849867e-05,1.014200675299156,2.3954448521709894e-08,1.432581346453959e-05,0.0,0.00019141809325933488,0.0002059799116150665,1.0058313499063634,0.0441035858906851,0.41301636101684813,0.02931628408624696,0.0008590684406734971,2.1496649609625718,1.108781803818209,1.668256733515714,1.108781803818209,1.668256733515714,1.1750404290076957,0.7640930166069875,1.1750404290076957,1.2573055442556922,0.7640930166069876,0.6662601058316379,0.493212527648705,0.0,4.844079252960305,1.8775387470396954,2.5437988528713333,0.00020211952532519435,1.0056984424666444,0.9999999999999947,0.0,0.0,0.0,0.0,0.0,0.00020211952532519435,1.0056984424666444,3.860386289872151e-06,0.00013290743971890783
6.735254,0.0,0.03269823,0.0551255,1.029605,0.0,0.23673257657244576,0.04410092885297171,0.4130193147012286,0.0,1.471520447543374e-05,2.414333947179209e-05,1.0113925910509363,0.044245471861559936,0.41285863409641826,0.0,0.0,0.0,2.414333947179209e-05,1.0113925910509363,0.0,0.0,0.0,1.7776318721154667e-05,2.884532206340647e-05,1.0142045833810691,0.04410320596715073,0.4130167833571871,0.02931628408611862,6.529396441507642e-06,2.14966496095442,1.108781803818095,1.668256733516271,1.108781803818095,1.668256733516271,1.668256733516271,1.454656545299081,0.0,0.0,4.844079252956909,1.8811747470430908,3.335831292342172,2.8821367614884748e-05,1.0141902575676052,0.9999999999999946,0.0,0.0,0.0,0.0,0.0,2.8821367614884748e-05,1.0141902575676052,2.3954448521722213e-08,1.4325813463732244e-05,0.0,0.0001884951922412589,0.00020317263870507074,1.0057346996161998,0.044103155586407046,0.4130168393627212,0.02931628408624685,0.0008420052124362876,2.149664960962564,1.108781803818209,1.668256733515715,1.108781803818209,1.668256733515715,1.175040429007695,0.7640930166069847,1.175040429007695,1.257305544255694,0.7640930166069846,0.6662601058316355,0.49321252764870877,0.0,4.844079252960286,1.881174747039715,2.5474348528713504,0.00019931225241520182,1.0056017921764806,0.9999999999999949,0.0,0.0,0.0,0.0,0.0,0.00019931225241520182,1.0056017921764806,3.860386289869008e-06,0.0001329074397187213
6.739739,0.0,0.03267159,0.05332885,1.021456,0.0,0.23048028775447105,0.03123245170497775,0.42230652762906956,0.0,1.4702527377219722e-05,2.412185233146797e-05,1.0113797407962597,0.0346261531181125,0.4193858414624259,0.0,0.0,0.0,2.412185233146797e-05,1.0113797407962597,0.0,0.0,0.0,1.7749653285069957e-05,2.882383492308237e-05,1.0141917331263932,0.03174239789792613,0.4214767927868587,0.02931628408611851,6.317108112425386e-06,2.14966496095441,1.108781803818095,1.668256733516272,1.108781803818095,1.668256733516272,1.668256733516272,1.454656545299076,0.0,0.0,4.844079252956893,1.8856597470431078,3.340316292342184,2.8799880474560638e-05,1.0141774073129282,0.9999999999999947,0.0,0.0,0.0,0.0,0.0,2.8799880474560638e-05,1.0141774073129282,2.395444852172713e-08,1.4325813464574544e-05,0.0,0.00018496616011752742,0.00019970987220305843,1.0056154816427727,0.03174223191246285,0.42147698027370006,0.02931628408624667,0.0008218233371367843,2.149664960962552,1.108781803818209,1.668256733515715,1.108781803818209,1.668256733515715,1.175040429007694,0.7640930166069805,1.175040429007694,1.257305544255695,0.7640930166069805,0.666260105831633,0.4932125276487145,0.0,4.844079252960264,1.8856597470397363,2.5519198528713694,0.00019584948591319084,1.0054825742030533,0.9999999999999946,0.0,0.0,0.0,0.0,0.0,0.00019584948591319084,1.0054825742030533,3.8603862898675956e-06,0.0001329074397194056
6.747357,0.0,0.03252757,0.05136124,1.032408,0.0,0.21972993403675148,0.03162446643828894,0.42161000081872535,0.0,1.468098495208615e-05,2.408535533370005e-05,1.0113579139868665,0.03163501690711467,0.4215980836662382,0.0,0.0,0.0,2.408535533370005e-05,1.0113579139868665,0.0,0.0,0.0,1.770563874640045e-05,2.8787337925314424e-05,1.0141699063169989,0.03164540185639035,0.42158635347432577,0.02931628408611827,6.01523481729184e-06,2.149664960954393,1.108781803818095,1.668256733516273,1.108781803818095,1.668256733516273,1.668256733516273,1.4546565452990656,0.0,0.0,4.844079252956852,1.8932777470431472,3.3479342923422135,2.876338347679269e-05,1.0141555805035352,0.9999999999999946,0.0,0.0,0.0,0.0,0.0,2.876338347679269e-05,1.0141555805035352,2.395444852173253e-08,1.432581346380857e-05,0.0,0.00017914208736332746,0.0001938281876518173,1.0054129838676167,0.03164540242699078,0.42158635282981116,0.02931628408624645,0.0007903251838109479,2.149664960962535,1.108781803818208,1.6682567335157161,1.108781803818208,1.6682567335157161,1.175040429007693,0.7640930166069744,1.175040429007693,1.257305544255697,0.7640930166069745,0.6662601058316282,0.49321252764872237,0.0,4.844079252960231,1.893277747039769,2.5595378528713963,0.00018996780136195128,1.0052800764278975,0.9999999999999949,0.0,0.0,0.0,0.0,0.0,0.00018996780136195128,1.0052800764278975,3.860386289866073e-06,0.00013290743971921076
6.750462,0.0,0.03243593,0.05061715,1.038463,0.0,0.21538554189299536,0.025561879369022877,0.43470416543676876,0.0,1.4672201285008612e-05,2.4070479621167958e-05,1.0113490176567048,0.025546201476741602,0.43453048042300657,0.0,0.0,0.0,2.4070479621167958e-05,1.0113490176567048,0.0,0.0,0.0,1.768830995288242e-05,2.877246221278236e-05,1.0141610099868401,0.02540402690785094,0.43295542227670614,0.029316284086118184,5.899464633205546e-06,2.14966496095439,1.108781803818095,1.6682567335162732,1.108781803818095,1.6682567335162732,1.6682567335162732,1.4546565452990605,0.0,0.0,4.844079252956844,1.8963827470431556,3.3510392923422163,2.874850776426064e-05,1.0141466841733744,0.9999999999999946,0.0,0.0,0.0,0.0,0.0,2.874850776426064e-05,1.0141466841733744,2.395444852172089e-08,1.4325813465131902e-05,0.0,0.00017682695863497115,0.00019143088776580933,1.0053304483475507,0.02540399022815016,0.43295501592652713,0.029316284086246376,0.000778280259488096,2.1496649609625296,1.108781803818208,1.668256733515717,1.108781803818208,1.668256733515717,1.175040429007693,0.7640930166069723,1.175040429007693,1.257305544255698,0.7640930166069724,0.6662601058316263,0.4932125276487252,0.0,4.844079252960212,1.8963827470397878,2.5626428528714142,0.0001875705014759407,1.005197540907832,0.9999999999999946,0.0,0.0,0.0,0.0,0.0,0.0001875705014759407,1.005197540907832,3.860386289868612e-06,0.0001329074397184993
6.758694,0.0,0.0321086,0.04861307,1.054664,0.0,0.20416366004431447,0.03108485549909481,0.4420590593926946,0.0,1.4648905461285153e-05,2.403104101712158e-05,1.011325431637419,0.02547740395051599,0.4337683180688492,0.0,0.0,0.0,2.403104101712158e-05,1.011325431637419,0.0,0.0,0.0,1.7643924857507927e-05,2.873302360873594e-05,1.0141374239675518,0.025403329067394446,0.4329476913631933,0.02931628408611794,5.598352988013286e-06,2.149664960954373,1.108781803818095,1.668256733516275,1.108781803818095,1.668256733516275,1.668256733516275,1.454656545299049,0.0,0.0,4.844079252956804,1.9046147470431969,3.359271292342245,2.8709069160214216e-05,1.0141230981540887,0.9999999999999947,0.0,0.0,0.0,0.0,0.0,2.8709069160214216e-05,1.0141230981540887,2.3954448521729187e-08,1.4325813463287776e-05,0.0,0.00017084354105501059,0.00018507514777816835,1.0051116295387974,0.025403329066011112,0.4329476913478682,0.02931628408624613,0.000748329447244577,2.149664960962513,1.108781803818208,1.668256733515718,1.108781803818208,1.668256733515718,1.175040429007692,0.7640930166069663,1.175040429007692,1.2573055442557,0.7640930166069664,0.6662601058316209,0.49321252764873313,0.0,4.84407925296017,1.90461474703983,2.570874852871451,0.00018121476148830085,1.0049787220990793,0.9999999999999949,0.0,0.0,0.0,0.0,0.0,0.00018121476148830085,1.0049787220990793,3.860386289867459e-06,0.00013290743971828032
6.773630000000001,0.0,0.03122797,0.04488137,1.08518,0.0,0.18807899923020285,0.08056510315705778,0.5384920675286301,0.0,1.4606609304272268e-05,2.3959484288497087e-05,1.0112826375674409,0.08006230432673388,0.5356380446747382,0.0,0.0,0.0,2.3959484288497087e-05,1.0112826375674409,0.0,0.0,0.0,1.7567989351926745e-05,2.8661466880111397e-05,1.0140946298975744,0.08074048110258769,0.5394875604264331,0.02931628408611759,5.163285118070986e-06,2.149664960954341,1.108781803818094,1.668256733516276,1.108781803818094,1.668256733516276,1.668256733516276,1.4546565452990285,0.0,0.0,4.844079252956739,1.9195507470432625,3.374207292342291,2.8637512431589685e-05,1.0140803040841104,0.9999999999999943,0.0,0.0,0.0,0.0,0.0,2.8637512431589685e-05,1.0140803040841104,2.3954448521717276e-08,1.4325813464314884e-05,0.0,0.00016049607231501874,0.00017354340185306841,1.0047146084348677,0.08073849992322996,0.5394763147137877,0.0293162840862457,0.0007014558178144794,2.1496649609624843,1.108781803818208,1.6682567335157192,1.108781803818208,1.6682567335157192,1.1750404290076908,0.7640930166069559,1.1750404290076908,1.257305544255703,0.764093016606956,0.6662601058316096,0.49321252764874685,0.0,4.844079252960084,1.9195507470399173,2.5858108528715262,0.0001696830155631986,1.0045817009951499,0.9999999999999948,0.0,0.0,0.0,0.0,0.0,0.0001696830155631986,1.0045817009951499,3.860386289869809e-06,0.0001329074397172408
6.785195,0.0,0.0303151,0.04180795,1.107906,0.0,0.17701009937754453,0.10169415868953044,0.6907985791418502,0.0,1.4573837113478588e-05,2.390407764906601e-05,1.0112495019609,0.10182728476713065,0.690324518948374,0.0,0.0,0.0,2.390407764906601e-05,1.0112495019609,0.0,0.0,0.0,1.751322813620501e-05,2.8606060240680293e-05,1.0140614942910329,0.1016963254951799,0.6907908631757219,0.029316284086117323,4.8573028421167305e-06,2.1496649609543175,1.108781803818094,1.668256733516277,1.108781803818094,1.668256733516277,1.668256733516277,1.4546565452990141,0.0,0.0,4.844079252956681,1.9311157470433191,3.3857722923423332,2.8582105792158554e-05,1.014047168477569,0.9999999999999946,0.0,0.0,0.0,0.0,0.0,2.8582105792158554e-05,1.014047168477569,2.395444852173895e-08,1.4325813463289847e-05,0.0,0.00015287858717223342,0.0001646143283646072,1.0044071935267984,0.10169631188454478,0.6907909116430135,0.029316284086245384,0.0006703703771797933,2.1496649609624563,1.108781803818208,1.668256733515721,1.108781803818208,1.668256733515721,1.175040429007689,0.764093016606946,1.175040429007689,1.257305544255706,0.7640930166069462,0.6662601058316019,0.49321252764876,0.0,4.844079252960038,1.9311157470399627,2.5973758528715645,0.00016075394207474354,1.0042742860870804,0.9999999999999949,0.0,0.0,0.0,0.0,0.0,0.00016075394207474354,1.0042742860870804,3.860386289863751e-06,0.0001329074397182658
6.793831,0.0,0.02950161,0.03691767,1.06271,0.0,0.1687415064785953,0.0932558421877029,0.717796426541828,0.0,1.4549353867017195e-05,2.386270352557903e-05,1.0112247584158855,0.0934840032918919,0.7172791288809099,0.0,0.0,0.0,2.386270352557903e-05,1.0112247584158855,0.0,0.0,0.0,1.7474203483317685e-05,2.856468611719328e-05,1.0140367507460184,0.09320670453243834,0.7179078337609581,0.029316284086117073,4.660339831345173e-06,2.149664960954306,1.108781803818094,1.6682567335162781,1.108781803818094,1.6682567335162781,1.6682567335162781,1.4546565452990032,0.0,0.0,4.844079252956639,1.9397517470433605,3.3944082923423635,2.854073166867156e-05,1.0140224249325551,0.9999999999999944,0.0,0.0,0.0,0.0,0.0,2.854073166867156e-05,1.0140224249325551,2.395444852171897e-08,1.4325813463441278e-05,0.0,0.00014738518372547585,0.00015794666916474953,1.0041776357969152,0.09320742668725322,0.7179061964573608,0.029316284086245092,0.0006498980813340415,2.149664960962438,1.108781803818207,1.668256733515722,1.108781803818207,1.668256733515722,1.175040429007688,0.7640930166069392,1.175040429007688,1.2573055442557082,0.7640930166069394,0.6662601058315948,0.49321252764876916,0.0,4.844079252959992,1.9397517470400079,2.6060118528716023,0.00015408628287488256,1.004044728357198,0.9999999999999948,0.0,0.0,0.0,0.0,0.0,0.00015408628287488256,1.004044728357198,3.8603862898669484e-06,0.0001329074397176703
6.803139,0.0,0.02848813,0.03066054,0.9854611,0.0,0.1598133207960531,0.08411405398363091,0.7376204631035509,0.0,1.4522955964904993e-05,2.381810992421072e-05,1.0111980894815424,0.08429539917974097,0.7372467909124673,0.0,0.0,0.0,2.381810992421072e-05,1.0111980894815424,0.0,0.0,0.0,1.7433756388635056e-05,2.852009251582496e-05,1.0140100818116748,0.08397076934275134,0.7379157093347972,0.029316284086116834,4.467907841750026e-06,2.1496649609542873,1.108781803818094,1.668256733516279,1.108781803818094,1.668256733516279,1.668256733516279,1.4546565452989921,0.0,0.0,4.844079252956601,1.949059747043399,3.4037162923423914,2.849613806730326e-05,1.0139957559982116,0.9999999999999943,0.0,0.0,0.0,0.0,0.0,2.849613806730326e-05,1.0139957559982116,2.395444852170176e-08,1.4325813463704905e-05,0.0,0.00014162828471433613,0.00015076017404753238,1.0039302153071352,0.08397177401658289,0.7379136391466701,0.029316284086244815,0.0006300771522443923,2.1496649609624225,1.108781803818207,1.668256733515723,1.108781803818207,1.668256733515723,1.175040429007687,0.7640930166069334,1.175040429007687,1.25730554425571,0.7640930166069334,0.6662601058315888,0.4932125276487767,0.0,4.844079252959946,1.9490597470400544,2.6153198528716426,0.00014689978775766482,1.0037973078674172,0.9999999999999948,0.0,0.0,0.0,0.0,0.0,0.00014689978775766482,1.0037973078674172,3.860386289867518e-06,0.0001329074397182772
6.805861,0.0,0.02816705,0.02932154,0.9730664,0.0,0.15722625846014532,0.08397078053979773,0.73791568626264,0.0,1.4515234531202241e-05,2.3805069122435406e-05,1.0111902905086927,0.08401197457024696,0.7378308035971616,0.0,0.0,0.0,2.3805069122435406e-05,1.0111902905086927,0.0,0.0,0.0,1.7422279438096157e-05,2.8507051714049662e-05,1.0140022828388253,0.08397078058659799,0.7379156861662054,0.029316284086116754,4.408292041310543e-06,2.149664960954282,1.108781803818094,1.66825673351628,1.108781803818094,1.66825673351628,1.66825673351628,1.454656545298988,0.0,0.0,4.844079252956587,1.951781747043413,3.406438292342401,2.8483097265527936e-05,1.0139879570253618,0.9999999999999946,0.0,0.0,0.0,0.0,0.0,2.8483097265527936e-05,1.0139879570253618,2.3954448521721167e-08,1.432581346350048e-05,0.0,0.00013997534922756549,0.000148658579751328,1.0038578604969528,0.08397073026167212,0.737915789863605,0.029316284086244728,0.0006246388967182914,2.149664960962417,1.108781803818207,1.668256733515724,1.108781803818207,1.668256733515724,1.175040429007687,0.7640930166069316,1.175040429007687,1.257305544255711,0.7640930166069319,0.666260105831587,0.4932125276487791,0.0,4.844079252959933,1.951781747040067,2.618041852871654,0.0001447981934614607,1.003724953057234,0.9999999999999949,0.0,0.0,0.0,0.0,0.0,0.0001447981934614607,1.003724953057234,3.860386289867291e-06,0.0001329074397182772
6.812892,0.0,0.02731177,0.02730302,0.9717309,0.0,0.15047434107709978,0.07520744365244575,0.7573744915253027,0.0,1.4495286460678603e-05,2.3771384376923987e-05,1.0111701455498006,0.0753491959398494,0.7570469052987033,0.0,0.0,0.0,2.3771384376923987e-05,1.0111701455498006,0.0,0.0,0.0,1.7392994252202997e-05,2.8473366968538222e-05,1.013982137879933,0.07505038214351761,0.7577374570054096,0.029316284086116553,4.287179979949997e-06,2.149664960954267,1.1087818038180932,1.668256733516281,1.1087818038180932,1.668256733516281,1.668256733516281,1.4546565452989806,0.0,0.0,4.844079252956558,1.958812747043441,3.413469292342422,2.8449412520016493e-05,1.0139678120664697,0.9999999999999943,0.0,0.0,0.0,0.0,0.0,2.8449412520016493e-05,1.0139678120664697,2.395444852172983e-08,1.432581346354553e-05,0.0,0.0001357611344718859,0.0001432301045505174,1.0036709660552203,0.07505116608332976,0.7577356453388071,0.02931628408624454,0.0006115786796282567,2.1496649609624,1.108781803818207,1.6682567335157248,1.108781803818207,1.6682567335157248,1.175040429007686,0.7640930166069255,1.175040429007686,1.2573055442557128,0.7640930166069255,0.6662601058315832,0.49321252764878715,0.0,4.8440792529599035,1.9588127470400964,2.6250728528716794,0.00013936971826065243,1.0035380586155014,0.9999999999999948,0.0,0.0,0.0,0.0,0.0,0.00013936971826065243,1.0035380586155014,3.860386289865001e-06,0.00013290743971832225
6.8233250000000005,0.0,0.0260125,0.02557226,0.9923261,0.0,0.1405387712807197,0.0658395878066774,0.776979346408447,0.0,1.446567799684422e-05,2.372140102463825e-05,1.0111402533074276,0.06595450546708605,0.7765572803984365,0.0,0.0,0.0,2.372140102463825e-05,1.0111402533074276,0.0,0.0,0.0,1.735098214535404e-05,2.8423383616252468e-05,1.0139522456375587,0.06577073216853954,0.7772322372552688,0.02931628408611626,4.1166204011753344e-06,2.149664960954246,1.108781803818093,1.668256733516282,1.108781803818093,1.668256733516282,1.668256733516282,1.454656545298968,0.0,0.0,4.844079252956511,1.96924574704349,3.423902292342458,2.839942916773073e-05,1.0139379198240968,0.9999999999999943,0.0,0.0,0.0,0.0,0.0,2.839942916773073e-05,1.0139379198240968,2.3954448521732575e-08,1.432581346239631e-05,0.0,0.0001296490679853969,0.00013517502251808307,1.0033936413915037,0.06577135212440822,0.7772299603006306,0.02931628408624426,0.0005940696263992222,2.149664960962375,1.108781803818207,1.668256733515726,1.108781803818207,1.668256733515726,1.175040429007685,0.7640930166069168,1.175040429007685,1.257305544255716,0.7640930166069168,0.6662601058315756,0.49321252764879875,0.0,4.844079252959856,1.9692457470401437,2.6355058528717192,0.00013131463622821827,1.0032607339517836,0.9999999999999948,0.0,0.0,0.0,0.0,0.0,0.00013131463622821827,1.0032607339517836,3.860386289864831e-06,0.00013290743971916237
6.831219,0.0,0.02510838,0.02733779,1.002736,0.0,0.13336160953658818,0.07301993527657316,0.8030307964565991,0.0,1.444326909608232e-05,2.3683581741311956e-05,1.011117635713131,0.07342612314820614,0.8034229094081533,0.0,0.0,0.0,2.3683581741311956e-05,1.011117635713131,0.0,0.0,0.0,1.7320238780685583e-05,2.8385564332926117e-05,1.0139296280432633,0.07113610971623477,0.8012122478187309,0.029316284086116043,3.997680139726454e-06,2.149664960954232,1.108781803818093,1.668256733516283,1.108781803818093,1.668256733516283,1.668256733516283,1.4546565452989553,0.0,0.0,4.844079252956473,1.977139747043526,3.431796292342482,2.8361609884404404e-05,1.0139153022298004,0.9999999999999943,0.0,0.0,0.0,0.0,0.0,2.8361609884404404e-05,1.0139153022298004,2.3954448521713448e-08,1.43258134631055e-05,0.0,0.0001251263233031304,0.00012908024464363963,1.0031838071256747,0.07113586200815812,0.8012120086940501,0.029316284086244003,0.0005822006998107562,2.149664960962358,1.108781803818206,1.668256733515727,1.108781803818206,1.668256733515727,1.175040429007684,0.7640930166069104,1.175040429007684,1.257305544255717,0.7640930166069104,0.666260105831571,0.49321252764880713,0.0,4.844079252959813,1.9771397470401881,2.643399852871759,0.00012521985835376982,1.0030508996859557,0.9999999999999947,0.0,0.0,0.0,0.0,0.0,0.00012521985835376982,1.0030508996859557,3.860386289869905e-06,0.0001329074397187213
6.842099,0.0,0.02403716,0.027282,1.012222,0.0,0.12490955559327473,0.0914833643047837,0.8301502944965693,0.0,1.4412375962915006e-05,2.3631456861328385e-05,1.011086462743035,0.09149806836042912,0.830237905131622,0.0,0.0,0.0,2.3631456861328385e-05,1.011086462743035,0.0,0.0,0.0,1.7279019265298722e-05,2.833343945294252e-05,1.0138984550731678,0.0915347961602282,0.830456739033103,0.02931628408611571,3.857370268297953e-06,2.1496649609542122,1.108781803818093,1.668256733516284,1.108781803818093,1.668256733516284,1.668256733516284,1.4546565452989422,0.0,0.0,4.844079252956426,1.9880197470435745,3.4426762923425165,2.8309485004420803e-05,1.0138841292597038,0.9999999999999943,0.0,0.0,0.0,0.0,0.0,2.8309485004420803e-05,1.0138841292597038,2.3954448521712872e-08,1.43258134639887e-05,0.0,0.00011901935566539669,0.0001206800440768855,1.002894600536847,0.09153459963471933,0.8304555680823769,0.029316284086243646,0.0005676567273204562,2.1496649609623333,1.108781803818206,1.668256733515729,1.108781803818206,1.668256733515729,1.175040429007682,0.7640930166069013,1.175040429007682,1.2573055442557204,0.7640930166069014,0.6662601058315644,0.4932125276488191,0.0,4.844079252959756,1.988019747040244,2.6542798528718086,0.0001168196577870154,1.0027616930971275,0.9999999999999947,0.0,0.0,0.0,0.0,0.0,0.0001168196577870154,1.0027616930971275,3.8603862898700986e-06,0.00013290743971943158
6.860941,0.0,0.02218263,0.02333413,1.037111,0.0,0.11296067406907546,0.08143729457828448,0.8748315737855242,0.0,1.4358856528017185e-05,2.3541186917518583e-05,1.0110324773475792,0.08132017318450942,0.8751857435844136,0.0,0.0,0.0,2.3541186917518583e-05,1.0110324773475792,0.0,0.0,0.0,1.7210659233132963e-05,2.8243169509132686e-05,1.0138444696777131,0.0819595390346537,0.8732523301638279,0.02931628408611518,3.645149818660486e-06,2.1496649609541705,1.108781803818092,1.6682567335162866,1.108781803818092,1.6682567335162866,1.6682567335162866,1.4546565452989184,0.0,0.0,4.844079252956345,2.006861747043656,3.4615182923425745,2.8219215060610984e-05,1.0138301438642479,0.9999999999999944,0.0,0.0,0.0,0.0,0.0,2.8219215060610984e-05,1.0138301438642479,2.3954448521700898e-08,1.4325813465350997e-05,0.0,0.00010874154124552519,0.00010613256438214396,1.002393752141009,0.0819596425989861,0.8732520169899693,0.02931628408624308,0.0005465412649694513,2.1496649609622867,1.108781803818206,1.668256733515731,1.108781803818206,1.668256733515731,1.17504042900768,0.7640930166068847,1.17504042900768,1.257305544255726,0.7640930166068847,0.6662601058315523,0.4932125276488412,0.0,4.844079252959663,2.0068617470403374,2.67312185287189,0.0001022721780922774,1.0022608447012908,0.9999999999999947,0.0,0.0,0.0,0.0,0.0,0.0001022721780922774,1.0022608447012908,3.860386289866536e-06,0.00013290743971842552
6.8779639999999995,0.0,0.02034612,0.01941708,1.052639,0.0,0.10235056488685065,0.07490328281540343,0.8975718903908155,0.0,1.431048638373465e-05,2.345963160208103e-05,1.0109837036830613,0.07574692135320868,0.8937759939637678,0.0,0.0,0.0,2.345963160208103e-05,1.0109837036830613,0.0,0.0,0.0,1.7151588820620563e-05,2.816161419369514e-05,1.0137956960131944,0.07574812973124484,0.8937706363991265,0.029316284086114704,3.483083781511864e-06,2.1496649609541354,1.108781803818092,1.668256733516289,1.108781803818092,1.668256733516289,1.668256733516289,1.4546565452988949,0.0,0.0,4.844079252956264,2.0238847470437364,3.478541292342631,2.81376597451734e-05,1.0137813701997305,0.9999999999999947,0.0,0.0,0.0,0.0,0.0,2.81376597451734e-05,1.0137813701997305,2.3954448521737807e-08,1.4325813463846675e-05,0.0,9.9726059744513e-05,9.298949321966513e-05,1.0019412554717422,0.0757481298885758,0.893770635701571,0.029316284086242615,0.000531195056411842,2.1496649609622485,1.108781803818205,1.668256733515733,1.108781803818205,1.668256733515733,1.175040429007678,0.7640930166068709,1.175040429007678,1.2573055442557306,0.764093016606871,0.6662601058315394,0.4932125276488596,0.0,4.844079252959584,2.0238847470404155,2.690144852871955,8.912910692979926e-05,1.0018083480320241,0.9999999999999949,0.0,0.0,0.0,0.0,0.0,8.912910692979926e-05,1.0018083480320241,3.860386289865875e-06,0.00013290743971815306
6.899322000000001,0.0,0.01786418,0.01438851,1.071303,0.0,0.09104824890072206,0.08906002569493708,0.9725850251008874,0.0,1.4249779007641047e-05,2.335730777977504e-05,1.0109225095382706,0.08925227220914288,0.9600757145703316,0.0,0.0,0.0,2.335730777977504e-05,1.0109225095382706,0.0,0.0,0.0,1.7080210269702768e-05,2.8059290371389128e-05,1.013734501868403,0.08897320356557446,0.9781751422685536,0.02931628408611416,3.3307185919514098e-06,2.149664960954094,1.108781803818091,1.668256733516291,1.108781803818091,1.668256733516291,1.668256733516291,1.454656545298868,0.0,0.0,4.844079252956178,2.045242747043823,3.4998992923426906,2.8035335922867402e-05,1.0137201760549392,0.9999999999999952,0.0,0.0,0.0,0.0,0.0,2.8035335922867402e-05,1.0137201760549392,2.3954448521728453e-08,1.432581346372253e-05,0.0,8.870015019057446e-05,7.649946714387399e-05,1.0013735280522402,0.08897324566562888,0.9781745182891054,0.02931628408624193,0.0005160225058220388,2.149664960962205,1.108781803818204,1.668256733515736,1.108781803818204,1.668256733515736,1.175040429007675,0.7640930166068551,1.175040429007675,1.2573055442557353,0.7640930166068552,0.6662601058315256,0.4932125276488803,0.0,4.844079252959489,2.0452427470405126,2.7115028528720386,7.263908085400586e-05,1.0012406206125202,0.999999999999995,0.0,0.0,0.0,0.0,0.0,7.263908085400586e-05,1.0012406206125202,3.860386289868136e-06,0.00013290743971934254
6.9066719999999995,0.0,0.01696856,0.0115112,1.022915,0.0,0.08801561190355549,0.0891691727400208,0.9752706154460775,0.0,1.4228883209797248e-05,2.33220947404479e-05,1.0109014505924792,0.08915757359897249,0.9754425303219131,0.0,0.0,0.0,2.33220947404479e-05,1.0109014505924792,0.0,0.0,0.0,1.7056103723601598e-05,2.802407733206197e-05,1.0137134429226116,0.08916917274373275,0.9752706153910607,0.02931628408611399,3.298612565997931e-06,2.1496649609540786,1.108781803818091,1.6682567335162917,1.108781803818091,1.6682567335162917,1.6682567335162917,1.4546565452988556,0.0,0.0,4.844079252956142,2.052592747043857,3.507249292342713,2.800012288354026e-05,1.0136991171091485,0.9999999999999946,0.0,0.0,0.0,0.0,0.0,2.800012288354026e-05,1.0136991171091485,2.395444852171359e-08,1.4325813463191222e-05,0.0,8.496617086713626e-05,7.082469929777141e-05,1.001178154115852,0.08916916889626336,0.975270672415734,0.0293162840862417,0.000511723145983974,2.1496649609621885,1.108781803818204,1.668256733515737,1.108781803818204,1.668256733515737,1.1750404290076741,0.7640930166068493,1.1750404290076741,1.2573055442557377,0.7640930166068493,0.6662601058315206,0.4932125276488884,0.0,4.844079252959457,2.052592747040543,2.718852852872064,6.69643130079049e-05,1.001045246676134,0.9999999999999949,0.0,0.0,0.0,0.0,0.0,6.69643130079049e-05,1.001045246676134,3.860386289866513e-06,0.0001329074397182336
6.909222,0.0,0.0166512,0.01047464,1.003527,0.0,0.08698885765207547,0.08657668993256368,1.003462249034246,0.0,1.422163317382992e-05,2.330987797170175e-05,1.0108941444276127,0.08820300076925809,0.989182362589193,0.0,0.0,0.0,2.330987797170175e-05,1.0108941444276127,0.0,0.0,0.0,1.7047979133368444e-05,2.8011860563315832e-05,1.0137061367577458,0.08530413174407975,1.008877188979133,0.029316284086113916,3.2734908053825888e-06,2.149664960954073,1.108781803818091,1.668256733516292,1.108781803818091,1.668256733516292,1.668256733516292,1.454656545298853,0.0,0.0,4.844079252956132,2.0551427470438672,3.5097992923427213,2.7987906114794103e-05,1.0136918109442818,0.9999999999999951,0.0,0.0,0.0,0.0,0.0,2.7987906114794103e-05,1.0136918109442818,2.395444852173253e-08,1.432581346364005e-05,0.0,8.367784104894814e-05,6.88559022899384e-05,1.0011103713215956,0.0853041317442087,1.0088771889787937,0.029316284086241616,0.000510244451016174,2.149664960962182,1.108781803818204,1.668256733515737,1.108781803818204,1.668256733515737,1.175040429007674,0.7640930166068469,1.175040429007674,1.257305544255738,0.7640930166068469,0.6662601058315192,0.4932125276488915,0.0,4.844079252959442,2.055142747040559,2.721402852872078,6.499551600006971e-05,1.0009774638818776,0.9999999999999949,0.0,0.0,0.0,0.0,0.0,6.499551600006971e-05,1.0009774638818776,3.860386289868684e-06,0.00013290743971876255
6.9132750000000005,0.0,0.01614614,0.009400072,0.9930534,0.0,0.08529475768363143,0.08595751741067409,1.0071608376806627,0.0,1.4210109377407594e-05,2.329046049572994e-05,1.010882531923219,0.08606297672439112,1.00688381104955,0.0,0.0,0.0,2.329046049572994e-05,1.010882531923219,0.0,0.0,0.0,1.7034690289971427e-05,2.7992443087343995e-05,1.0136945242533524,0.08588926667158288,1.0073401226736616,0.02931628408611379,3.2745571903486746e-06,2.149664960954065,1.108781803818091,1.668256733516293,1.108781803818091,1.668256733516293,1.668256733516293,1.454656545298848,0.0,0.0,4.844079252956119,2.0591957470438818,3.5138522923427296,2.7968488638822293e-05,1.0136801984398884,0.9999999999999943,0.0,0.0,0.0,0.0,0.0,2.7968488638822293e-05,1.0136801984398884,2.3954448521701953e-08,1.432581346416661e-05,0.0,8.163458670137052e-05,6.572667316337248e-05,1.00100263655096,0.08588985139187819,1.0073385866965359,0.02931628408624149,0.0005081847909999998,2.149664960962175,1.108781803818204,1.668256733515738,1.108781803818204,1.668256733515738,1.175040429007674,0.7640930166068446,1.175040429007674,1.257305544255739,0.7640930166068446,0.666260105831517,0.4932125276488944,0.0,4.844079252959427,2.059195747040574,2.7254558528720914,6.186628687350614e-05,1.000869729111241,0.9999999999999948,0.0,0.0,0.0,0.0,0.0,6.186628687350614e-05,1.000869729111241,3.860386289866342e-06,0.0001329074397184993
6.918355999999999,0.0,0.01550931,0.008051351,0.9843203,0.0,0.08327368040122288,0.0838032083860999,1.0133700507073178,0.0,1.419566191812955e-05,2.326611798514203e-05,1.0108679740315778,0.08588883133813775,1.0073412662327597,0.0,0.0,0.0,2.326611798514203e-05,1.0108679740315778,0.0,0.0,0.0,1.7018640852594745e-05,2.7968100576756085e-05,1.0136799663617109,0.08588928124663342,1.0073400843870748,0.02931628408611366,3.2274661484050495e-06,2.1496649609540537,1.108781803818091,1.668256733516293,1.108781803818091,1.668256733516293,1.668256733516293,1.4546565452988405,0.0,0.0,4.844079252956093,2.0642767470439067,3.518933292342746,2.7944146128234352e-05,1.013665640548247,0.9999999999999947,0.0,0.0,0.0,0.0,0.0,2.7944146128234352e-05,1.013665640548247,2.395444852173038e-08,1.4325813463641475e-05,0.0,7.90861282645774e-05,6.180374861561071e-05,1.0008675760107173,0.08588928133307719,1.0073400841599993,0.029316284086241345,0.0005055136966051723,2.149664960962164,1.108781803818204,1.668256733515738,1.108781803818204,1.668256733515738,1.175040429007673,0.7640930166068404,1.175040429007673,1.2573055442557408,0.7640930166068404,0.6662601058315135,0.4932125276489001,0.0,4.844079252959402,2.064276747040598,2.730536852872112,5.7943362325743685e-05,1.0007346685709992,0.9999999999999949,0.0,0.0,0.0,0.0,0.0,5.7943362325743685e-05,1.0007346685709992,3.860386289867013e-06,0.0001329074397185463
6.923579,0.0,0.01484533,0.006660724,0.9868408,0.0,0.08110935820050426,0.08112080295201325,1.0254011729429606,0.0,1.4180809754500069e-05,2.324109516821608e-05,1.0108530092868335,0.08122094333854311,1.0248540124111738,0.0,0.0,0.0,2.324109516821608e-05,1.0108530092868335,0.0,0.0,0.0,1.7001827523801635e-05,2.7943077759830127e-05,1.0136650016169668,0.0810821261423938,1.0256125005047219,0.02931628408611352,3.2239340848400468e-06,2.1496649609540466,1.108781803818091,1.668256733516294,1.108781803818091,1.668256733516294,1.668256733516294,1.4546565452988345,0.0,0.0,4.844079252956071,2.069499747043929,3.5241562923427625,2.7919123311308404e-05,1.0136506758035029,0.9999999999999943,0.0,0.0,0.0,0.0,0.0,2.7919123311308404e-05,1.0136506758035029,2.3954448521725273e-08,1.432581346432621e-05,0.0,7.647591981164475e-05,5.777118909721668e-05,1.0007287408991878,0.08108254249621781,1.0256102255746207,0.02931628408624123,0.000503131865555474,2.149664960962152,1.108781803818204,1.668256733515739,1.108781803818204,1.668256733515739,1.175040429007673,0.7640930166068359,1.175040429007673,1.257305544255742,0.7640930166068362,0.6662601058315092,0.49321252764890583,0.0,4.84407925295938,2.06949974704062,2.7357598528721283,5.391080280735139e-05,1.000595833459469,0.9999999999999948,0.0,0.0,0.0,0.0,0.0,5.391080280735139e-05,1.000595833459469,3.8603862898652925e-06,0.00013290743971897462
6.933508,0.0,0.01355875,0.00428441,0.990975,0.0,0.0771012448056452,0.07567437940215366,1.0372962994033383,0.0,1.4152573203517384e-05,2.3193526424341357e-05,1.0108245610864581,0.07581043956732417,1.0371702080890515,0.0,0.0,0.0,2.3193526424341357e-05,1.0108245610864581,0.0,0.0,0.0,1.6970559191165112e-05,2.7895509015955406e-05,1.013636553416591,0.07561436863750981,1.0373519133016158,0.029316284086113233,3.1813834364329175e-06,2.1496649609540275,1.108781803818091,1.668256733516295,1.108781803818091,1.668256733516295,1.668256733516295,1.4546565452988225,0.0,0.0,4.844079252956026,2.0794287470439743,3.534085292342797,2.7871554567433667e-05,1.013622227603127,0.9999999999999943,0.0,0.0,0.0,0.0,0.0,2.7871554567433667e-05,1.013622227603127,2.395444852174198e-08,1.4325813464119924e-05,0.0,7.154536695340143e-05,5.01052340028012e-05,1.0004648133053922,0.07561497767725871,1.0373513488849673,0.029316284086240953,0.0004988404315543227,2.1496649609621317,1.108781803818204,1.66825673351574,1.108781803818204,1.66825673351574,1.175040429007671,0.7640930166068287,1.175040429007671,1.2573055442557441,0.7640930166068288,0.6662601058315024,0.49321252764891543,0.0,4.844079252959337,2.0794287470406627,2.7456888528721657,4.624484771293615e-05,1.0003319058656748,0.9999999999999948,0.0,0.0,0.0,0.0,0.0,4.624484771293615e-05,1.0003319058656748,3.86038628986505e-06,0.0001329074397176111
6.942604,0.0,0.01237891,0.002700021,0.9960149,0.0,0.07345517617888835,0.06458786534745693,0.9787446615442432,0.0,1.4126702996886049e-05,2.314994849159037e-05,1.0107984995666053,0.06466417898557955,0.9786234118385952,0.0,0.0,0.0,2.314994849159037e-05,1.0107984995666053,0.0,0.0,0.0,1.6942234555725172e-05,2.7851931083204417e-05,1.0136104918967375,0.0644643568311341,0.9789408960786926,0.02931628408611295,3.146232150200779e-06,2.149664960954012,1.10878180381809,1.668256733516296,1.10878180381809,1.668256733516296,1.668256733516296,1.45465654529881,0.0,0.0,4.844079252955987,2.088524747044013,3.5431812923428234,2.7827976634682678e-05,1.0135961660832744,0.9999999999999943,0.0,0.0,0.0,0.0,0.0,2.7827976634682678e-05,1.0135961660832744,2.3954448521734878e-08,1.432581346350048e-05,0.0,6.705947497386236e-05,4.3082419264275416e-05,1.0002230280910565,0.06446477767532516,0.9789402274271182,0.02931628408624068,0.0004953494425823414,2.1496649609621135,1.1087818038182033,1.668256733515741,1.1087818038182033,1.668256733515741,1.1750404290076706,0.7640930166068219,1.1750404290076706,1.2573055442557466,0.7640930166068219,0.6662601058314964,0.4932125276489245,0.0,4.844079252959289,2.0885247470407116,2.754784852872208,3.922203297440612e-05,1.000090120651338,0.9999999999999948,0.0,0.0,0.0,0.0,0.0,3.922203297440612e-05,1.000090120651338,3.860386289869293e-06,0.0001329074397185763
6.968284000000001,0.0,0.01048861,0.01502915,1.019501,0.0,0.06328834695213238,0.052596632193362323,1.0215734048431688,0.0,1.4053653739715129e-05,2.3026918443982078e-05,1.0107249221886567,0.05437447329552057,1.0133452508284453,0.0,0.0,0.0,2.3026918443982078e-05,1.0107249221886567,0.0,0.0,0.0,1.6863766473054087e-05,2.772890103559606e-05,1.0135369145187887,0.054375042692203585,1.0133425825481228,0.029316284086112223,3.045992451098764e-06,2.14966496095396,1.10878180381809,1.668256733516299,1.10878180381809,1.668256733516299,1.668256733516299,1.4546565452987774,0.0,0.0,4.844079252955871,2.1142047470441296,3.5688612923429064,2.770494658707433e-05,1.0135225887053256,0.9999999999999947,0.0,0.0,0.0,0.0,0.0,2.770494658707433e-05,1.0135225887053256,2.395444852173167e-08,1.432581346283435e-05,0.0,5.486028783598253e-05,3.1708186728808985e-05,1.0146989125745518,0.05437504278718679,1.0133425821030169,0.029316284086239933,0.000465570192573108,2.149664960962062,1.108781803818203,1.668256733515745,1.108781803818203,1.668256733515745,1.1750404290076673,0.7640930166068033,1.1750404290076673,1.2573055442557528,0.7640930166068034,0.6662601058314805,0.49321252764894913,0.0,4.84407925295917,2.1142047470408305,2.7804648528723113,3.1482066971887706e-05,1.0157814727707464,0.9999999999999949,0.0,0.0,0.0,0.0,0.0,3.1482066971887706e-05,1.0157814727707464,2.261197569212727e-07,0.0010825601961947041
6.990867,0.0,0.01001915,0.01376239,1.0318,0.0,0.054733128890557314,0.05394164472577491,1.053053570144724,0.0,1.398940136722304e-05,2.2918725781788232e-05,1.0106602182195674,0.05409143471845657,1.0517689429806591,0.0,0.0,0.0,2.2918725781788232e-05,1.0106602182195674,0.0,0.0,0.0,1.6795774894798113e-05,2.7620708373402166e-05,1.0134722105496994,0.0532058194811168,1.0593641459072836,0.029316284086111633,3.0065222940718683e-06,2.149664960953912,1.108781803818089,1.668256733516302,1.108781803818089,1.668256733516302,1.668256733516302,1.454656545298747,0.0,0.0,4.844079252955769,2.1367877470442305,3.591444292342978,2.7596753924880436e-05,1.0134578847362365,0.9999999999999944,0.0,0.0,0.0,0.0,0.0,2.7596753924880436e-05,1.0134578847362365,2.3954448521725094e-08,1.432581346288093e-05,0.0,4.6243032219667016e-05,3.139968635010632e-05,1.0157210158999694,0.05320566779538705,1.0593654467926463,0.029316284086239153,0.00037458736576145504,2.1496649609620153,1.108781803818202,1.668256733515748,1.108781803818202,1.668256733515748,1.175040429007665,0.7640930166067867,1.175040429007665,1.257305544255758,0.7640930166067869,0.6662601058314637,0.49321252764897106,0.0,4.844079252959075,2.136787747040925,2.803047852872388,3.1373874309693796e-05,1.0157167688016573,0.9999999999999947,0.0,0.0,0.0,0.0,0.0,3.1373874309693796e-05,1.0157167688016573,2.581204041253159e-08,4.2470983120750905e-06
7.011239,0.0,0.00951641,0.01211096,0.9990229,0.0,0.049818520319565955,0.05318221537233213,1.0183207168569546,0.0,1.3931430707939257e-05,2.2821125776730743e-05,1.0106018491251916,0.053156586853577034,1.01853553662984,0.0,0.0,0.0,2.2821125776730743e-05,1.0106018491251916,0.0,0.0,0.0,1.6735274630616095e-05,2.7523108368344667e-05,1.0134138414553244,0.053303114788491486,1.0173073307393432,0.02931628408611109,2.975247414744246e-06,2.149664960953871,1.108781803818089,1.668256733516304,1.108781803818089,1.668256733516304,1.668256733516304,1.45465654529872,0.0,0.0,4.84407925295568,2.15715974704432,3.6118162923430397,2.7499153919822934e-05,1.0133995156418605,0.9999999999999943,0.0,0.0,0.0,0.0,0.0,2.7499153919822934e-05,1.0133995156418605,2.3954448521732903e-08,1.4325813463302865e-05,0.0,4.0233579292246516e-05,3.130025555664138e-05,1.0156725800933897,0.05330312980314975,1.0173072048855822,0.029316284086238535,0.00029545980283123897,2.14966496096197,1.108781803818202,1.668256733515751,1.108781803818202,1.668256733515751,1.175040429007663,0.7640930166067704,1.175040429007663,1.257305544255763,0.7640930166067705,0.6662601058314499,0.49321252764899276,0.0,4.844079252958989,2.157159747041011,2.823419852872461,3.127627430463623e-05,1.0156583997072817,0.9999999999999947,0.0,0.0,0.0,0.0,0.0,3.127627430463623e-05,1.0156583997072817,2.398125200514817e-08,1.4180386107946242e-05
7.031027,0.0,0.008968317,0.01083763,0.9998651,0.0,0.045614922713167805,0.04834097415826291,1.057837227759719,0.0,1.3875114617137958e-05,2.272632365126061e-05,1.0105451532858285,0.048299844065353835,1.058167115987764,0.0,0.0,0.0,2.272632365126061e-05,1.0105451532858285,0.0,0.0,0.0,1.6677141872020167e-05,2.7428306242874466e-05,1.0133571456159614,0.048510648123191544,1.0564763399115076,0.029316284086110544,2.944661436763114e-06,2.1496649609538303,1.108781803818088,1.668256733516307,1.108781803818088,1.668256733516307,1.668256733516307,1.4546565452986953,0.0,0.0,4.844079252955591,2.1769477470444083,3.631604292343104,2.7404351794352757e-05,1.0133428198024976,0.9999999999999944,0.0,0.0,0.0,0.0,0.0,2.7404351794352757e-05,1.0133428198024976,2.3954448521706324e-08,1.4325813463556764e-05,0.0,3.564556063538322e-05,3.120542706607966e-05,1.0156160273028023,0.04851067955915314,1.0564760877760777,0.029316284086237918,0.00023338034511552328,2.1496649609619256,1.108781803818201,1.668256733515753,1.108781803818201,1.668256733515753,1.17504042900766,0.7640930166067542,1.17504042900766,1.2573055442557688,0.7640930166067542,0.666260105831436,0.4932125276490142,0.0,4.8440792529589,2.1769477470411003,2.843207852872536,3.1181472179166004e-05,1.0156017038679184,0.9999999999999947,0.0,0.0,0.0,0.0,0.0,3.1181472179166004e-05,1.0156017038679184,2.395488691365708e-08,1.4323434883600817e-05
7.0360130000000005,0.0,0.008821596,0.01057995,1.003554,0.0,0.04456554961838969,0.0485110576802891,1.0564730550158112,0.0,1.3860923546093918e-05,2.2702436275194628e-05,1.0105308675846427,0.04851523577305676,1.056439544184148,0.0,0.0,0.0,2.2702436275194628e-05,1.0105308675846427,0.0,0.0,0.0,1.6662549686601704e-05,2.7404418866808457e-05,1.0133428599147751,0.04851105769077916,1.0564730549316748,0.02931628408611041,2.9367082198141834e-06,2.14966496095382,1.108781803818088,1.668256733516307,1.108781803818088,1.668256733516307,1.668256733516307,1.4546565452986882,0.0,0.0,4.844079252955568,2.181933747044432,3.636590292343121,2.738046441828674e-05,1.0133285341013116,0.9999999999999946,0.0,0.0,0.0,0.0,0.0,2.738046441828674e-05,1.0133285341013116,2.3954448521717868e-08,1.432581346327844e-05,0.0,3.465122218519766e-05,3.118153940804691e-05,1.0156017431314803,0.04851104643667682,1.0564731451963834,0.02931628408623778,0.00021989612737378206,2.1496649609619136,1.108781803818201,1.668256733515754,1.108781803818201,1.668256733515754,1.1750404290076595,0.7640930166067501,1.1750404290076595,1.25730554425577,0.7640930166067501,0.6662601058314329,0.4932125276490197,0.0,4.844079252958873,2.1819337470411275,2.8481938528725608,3.1157584803099955e-05,1.0155874181667324,0.9999999999999949,0.0,0.0,0.0,0.0,0.0,3.1157584803099955e-05,1.0155874181667324,2.395460494695875e-08,1.432496474784885e-05
7.043761,0.0,0.008590032,0.0100583,1.00249,0.0,0.0429294750567909,0.04599425067580122,1.0757527780335152,0.0,1.3838870519067899e-05,2.2665316461765173e-05,1.0105086683041,0.04605901295214878,1.0752842677187815,0.0,0.0,0.0,2.2665316461765173e-05,1.0105086683041,0.0,0.0,0.0,1.6639879007959124e-05,2.7367299053378958e-05,1.013320660634232,0.04597744670138683,1.0758743431758424,0.029316284086110162,2.9349486103991202e-06,2.149664960953806,1.108781803818088,1.6682567335163083,1.108781803818088,1.6682567335163083,1.6682567335163083,1.4546565452986804,0.0,0.0,4.844079252955529,2.18968174704447,3.6443382923431513,2.734334460485721e-05,1.0133063348207687,0.9999999999999943,0.0,0.0,0.0,0.0,0.0,2.734334460485721e-05,1.0133063348207687,2.395444852174608e-08,1.4325813462937214e-05,0.0,3.321789752608868e-05,3.1144419469658524e-05,1.0155795445289257,0.04597766827550761,1.075872740240199,0.029316284086237532,0.00020048698625999519,2.149664960961898,1.108781803818201,1.668256733515755,1.108781803818201,1.668256733515755,1.175040429007659,0.7640930166067442,1.175040429007659,1.257305544255772,0.7640930166067442,0.6662601058314281,0.49321252764902757,0.0,4.844079252958828,2.189681747041171,2.8559418528725997,3.11204649896704e-05,1.01556521888619,0.9999999999999948,0.0,0.0,0.0,0.0,0.0,3.11204649896704e-05,1.01556521888619,2.3954479988135535e-08,1.4325642736052492e-05
7.057717,0.0,0.00809599,0.007880477,1.006259,0.0,0.0400364386725209,0.04308723481343321,1.0969764044904065,0.0,1.3799145379325375e-05,2.259845480505095e-05,1.0104686820935604,0.0434012551692628,1.096214408160098,0.0,0.0,0.0,2.259845480505095e-05,1.0104686820935604,0.0,0.0,0.0,1.6599443979904166e-05,2.7300437396664667e-05,1.0132806744236924,0.04340222296642506,1.0962064176828803,0.02931628408610974,2.9050095095820643e-06,2.1496649609537752,1.108781803818087,1.66825673351631,1.108781803818087,1.66825673351631,1.66825673351631,1.4546565452986637,0.0,0.0,4.844079252955459,2.2036377470445405,3.6582942923432045,2.7276482948142917e-05,1.0132663486102296,0.9999999999999946,0.0,0.0,0.0,0.0,0.0,2.7276482948142917e-05,1.0132663486102296,2.3954448521743266e-08,1.4325813463370515e-05,0.0,3.0947751100983744e-05,3.1077557783178804e-05,1.0155395584798843,0.043402223083810317,1.096206416713706,0.029316284086237064,0.0001697355510647108,2.1496649609618657,1.1087818038182,1.668256733515757,1.1087818038182,1.668256733515757,1.175040429007657,0.7640930166067328,1.175040429007657,1.2573055442557755,0.7640930166067329,0.6662601058314175,0.49321252764904266,0.0,4.844079252958754,2.203637747041246,2.8698978528726635,3.1053603332956046e-05,1.01552523267565,0.9999999999999949,0.0,0.0,0.0,0.0,0.0,3.1053603332956046e-05,1.01552523267565,2.395445022275909e-08,1.4325804234382762e-05
7.070219,0.0,0.007574245,0.006663794,1.006766,0.0,0.037441324450569344,0.030845299967323738,0.9655596956999261,0.0,1.3763556488821109e-05,2.2538559101966906e-05,1.0104328618295761,0.03123716671515607,0.9658313134545065,0.0,0.0,0.0,2.2538559101966906e-05,1.0104328618295761,0.0,0.0,0.0,1.656322812251892e-05,2.7240541693580562e-05,1.0132448541597088,0.031235960596508065,0.9658304774477754,0.02931628408610942,2.895223472003464e-06,2.149664960953753,1.108781803818087,1.668256733516311,1.108781803818087,1.668256733516311,1.668256733516311,1.454656545298648,0.0,0.0,4.844079252955408,2.216139747044592,3.67079629234324,2.721658724505884e-05,1.0132305283462457,0.9999999999999946,0.0,0.0,0.0,0.0,0.0,2.721658724505884e-05,1.0132305283462457,2.3954448521725683e-08,1.432581346372253e-05,0.0,2.920958465529622e-05,3.1017662078518974e-05,1.0155037382244494,0.03123606083181543,0.9658305469246811,0.02931628408623673,0.00014628393110307827,2.149664960961842,1.1087818038182,1.668256733515759,1.1087818038182,1.668256733515759,1.175040429007656,0.7640930166067242,1.175040429007656,1.257305544255778,0.7640930166067244,0.6662601058314086,0.4932125276490539,0.0,4.844079252958691,2.216139747041309,2.882399852872718,3.099370762987188e-05,1.015489412411666,0.9999999999999946,0.0,0.0,0.0,0.0,0.0,3.099370762987188e-05,1.015489412411666,2.395444864709582e-08,1.4325812783852374e-05
7.090756000000001,0.0,0.006679163,0.00495124,0.9975449,0.0,0.03327526518390568,0.02875402449124096,0.9915006184870181,0.0,1.3705089855977429e-05,2.2440168600108218e-05,1.0103740199833564,0.028777872815691427,0.9916686317673898,0.0,0.0,0.0,2.2440168600108218e-05,1.0103740199833564,0.0,0.0,0.0,1.6503854932217157e-05,2.714215119172185e-05,1.01318601231349,0.02857115525327348,0.9902122906376638,0.02931628408610884,2.8885542865674983e-06,2.149664960953713,1.108781803818087,1.668256733516314,1.108781803818087,1.668256733516314,1.668256733516314,1.4546565452986182,0.0,0.0,4.844079252955316,2.236676747044685,3.691333292343302,2.7118196743200118e-05,1.0131716865000255,0.9999999999999944,0.0,0.0,0.0,0.0,0.0,2.7118196743200118e-05,1.0131716865000255,2.3954448521737684e-08,1.432581346438866e-05,0.0,2.6858472786823183e-05,3.091927157653652e-05,1.0154448963788991,0.028571115829888926,0.9902120128968871,0.02931628408623623,0.00011471516331448761,2.149664960961796,1.1087818038182,1.668256733515761,1.1087818038182,1.668256733515761,1.175040429007653,0.7640930166067076,1.175040429007653,1.2573055442557834,0.7640930166067076,0.666260105831395,0.493212527649076,0.0,4.844079252958583,2.236676747041418,2.9029368528728132,3.0895317128013e-05,1.015430570565446,0.9999999999999946,0.0,0.0,0.0,0.0,0.0,3.0895317128013e-05,1.015430570565446,2.3954448523527428e-08,1.4325813453608334e-05
7.099047,0.0,0.00631137,0.00425498,0.9932471,0.0,0.03178247891800943,0.029711353479552047,0.9988528425163288,0.0,1.3681484621723737e-05,2.2400447333569267e-05,1.010350264919471,0.02902164312740633,0.9933197828105059,0.0,0.0,0.0,2.2400447333569267e-05,1.010350264919471,0.0,0.0,0.0,1.648009944366221e-05,2.710242992518288e-05,1.0131622572496044,0.030133564792600154,1.0011217159496892,0.02931628408610863,2.870927614722523e-06,2.149664960953697,1.108781803818087,1.668256733516315,1.108781803818087,1.668256733516315,1.668256733516315,1.454656545298605,0.0,0.0,4.844079252955275,2.2449677470447247,3.6996242923433296,2.707847547666114e-05,1.0131479314361405,0.999999999999995,0.0,0.0,0.0,0.0,0.0,2.707847547666114e-05,1.0131479314361405,2.3954448521740073e-08,1.4325813464217376e-05,0.0,2.6059205288146676e-05,3.0879550309996025e-05,1.015421141315023,0.030133564793108327,1.0011217159510573,0.02931628408623599,0.00010400660003607143,2.149664960961777,1.108781803818199,1.668256733515762,1.108781803818199,1.668256733515762,1.175040429007652,0.7640930166067008,1.175040429007652,1.257305544255786,0.7640930166067008,0.6662601058313897,0.4932125276490851,0.0,4.844079252958535,2.244967747041465,2.9112278528728557,3.0855595861473934e-05,1.0154068155015605,0.9999999999999951,0.0,0.0,0.0,0.0,0.0,3.0855595861473934e-05,1.0154068155015605,2.3954448522084117e-08,1.4325813462637685e-05
7.125577000000001,0.0,0.005116572,0.002169625,0.995082,0.0,0.027654779578703614,0.025901579273258844,1.0250152531342476,0.0,1.3605945185988694e-05,2.227334502971226e-05,1.0102742521532337,0.025921420186113812,1.0249133572165663,0.0,0.0,0.0,2.227334502971226e-05,1.0102742521532337,0.0,0.0,0.0,1.6403720818916463e-05,2.6975327621325778e-05,1.0130862444833673,0.025901793049132656,1.0250141552568968,0.029316284086107914,2.8756854232497833e-06,2.1496649609536425,1.108781803818086,1.668256733516318,1.108781803818086,1.668256733516318,1.668256733516318,1.4546565452985698,0.0,0.0,4.844079252955151,2.27149774704485,3.7261542923434194,2.695137317280404e-05,1.013071918669903,0.9999999999999946,0.0,0.0,0.0,0.0,0.0,2.695137317280404e-05,1.013071918669903,2.395444852173985e-08,1.432581346420287e-05,0.0,2.396553365992388e-05,3.075244800613846e-05,1.0153451285487864,0.025901778995809182,1.0250142274298009,0.029316284086235263,7.623440769103158e-05,2.1496649609617196,1.108781803818199,1.668256733515765,1.108781803818199,1.668256733515765,1.175040429007649,0.7640930166066803,1.175040429007649,1.257305544255793,0.7640930166066803,0.6662601058313709,0.4932125276491123,0.0,4.8440792529584,2.2714977470416007,2.937757852872972,3.072849355761672e-05,1.0153308027353234,0.9999999999999949,0.0,0.0,0.0,0.0,0.0,3.072849355761672e-05,1.0153308027353234,2.39544485217393e-08,1.432581346309265e-05
7.147868,0.0,0.004210109,0.002036125,1.001469,0.0,0.024248075772375473,0.02106738262303155,1.0457053502508677,0.0,1.3542468639294573e-05,2.21665513073121e-05,1.0102103848116513,0.021381867883896948,1.043310464590962,0.0,0.0,0.0,2.21665513073121e-05,1.0102103848116513,0.0,0.0,0.0,1.6340024069125646e-05,2.6868533898925562e-05,1.013022377141783,0.02138251447006076,1.0433055406720246,0.029316284086107418,2.8556209318371994e-06,2.1496649609535967,1.108781803818085,1.66825673351632,1.108781803818085,1.66825673351632,1.66825673351632,1.4546565452985434,0.0,0.0,4.844079252955051,2.293788747044949,3.7484452923434923,2.684457945040382e-05,1.01300805132832,0.9999999999999947,0.0,0.0,0.0,0.0,0.0,2.684457945040382e-05,1.01300805132832,2.395444852173928e-08,1.4325813462944709e-05,0.0,2.2642260596112805e-05,3.0645654283738105e-05,1.015281261207204,0.02138251455150826,1.0433055400517812,0.029316284086234663,5.885820111699359e-05,2.14966496096167,1.108781803818198,1.6682567335157676,1.108781803818198,1.6682567335157676,1.175040429007646,0.7640930166066623,1.175040429007646,1.2573055442557985,0.7640930166066624,0.6662601058313566,0.493212527649136,0.0,4.844079252958282,2.293788747041719,2.9600488528730753,3.062169983521635e-05,1.01526693539374,0.9999999999999949,0.0,0.0,0.0,0.0,0.0,3.062169983521635e-05,1.01526693539374,2.395444852175285e-08,1.432581346350048e-05
7.175234,0.0,0.003599722,0.004754014,1.001564,0.0,0.020071285789734102,0.013141339365004251,1.0131758002150324,0.0,1.3464532059644678e-05,2.203544381966224e-05,1.010131976769403,0.013206309089291613,1.014365692031275,0.0,0.0,0.0,2.203544381966224e-05,1.010131976769403,0.0,0.0,0.0,1.6261688272523443e-05,2.6737426411275652e-05,1.0129439690995359,0.013142374912780561,1.013194765815362,0.029316284086106672,2.8629015479852077e-06,2.149664960953546,1.108781803818085,1.668256733516323,1.108781803818085,1.668256733516323,1.668256733516323,1.454656545298507,0.0,0.0,4.844079252954936,2.321154747045063,3.7758112923435707,2.671347196275394e-05,1.0129296432860717,0.9999999999999946,0.0,0.0,0.0,0.0,0.0,2.671347196275394e-05,1.0129296432860717,2.3954448521708375e-08,1.4325813463958724e-05,0.0,2.1416983267248397e-05,3.0514546796087978e-05,1.015202853164955,0.013142357935310415,1.0131944548804908,0.029316284086233893,4.307254416752585e-05,2.149664960961616,1.108781803818197,1.668256733515771,1.108781803818197,1.668256733515771,1.175040429007643,0.7640930166066425,1.175040429007643,1.257305544255805,0.7640930166066426,0.6662601058313382,0.4932125276491621,0.0,4.844079252958134,2.3211547470418656,2.9874148528732025,3.049059234756624e-05,1.015188527351492,0.9999999999999949,0.0,0.0,0.0,0.0,0.0,3.049059234756624e-05,1.015188527351492,2.395444852173253e-08,1.432581346305639e-05
7.205673999999999,0.0,0.003312135,0.004073901,0.9963737,0.0,0.015490666074228115,0.005310216402254211,0.990978624227655,0.0,1.3377830531896484e-05,2.188960913706117e-05,1.0100447612170373,0.005328079629481036,0.9909312596364723,0.0,0.0,0.0,2.188960913706117e-05,1.0100447612170373,0.0,0.0,0.0,1.6174895526390844e-05,2.6591591728674533e-05,1.0128567535471689,0.005310356027279835,0.9909782540099911,0.029316284086105857,2.8555884139982262e-06,2.149664960953484,1.108781803818084,1.668256733516327,1.108781803818084,1.668256733516327,1.668256733516327,1.4546565452984683,0.0,0.0,4.844079252954806,2.3515947470451937,3.806251292343661,2.6567637280152807e-05,1.0128424277337058,0.9999999999999946,0.0,0.0,0.0,0.0,0.0,2.6567637280152807e-05,1.0128424277337058,2.3954448521727986e-08,1.432581346283435e-05,0.0,2.043040331313829e-05,3.036871211348665e-05,1.0151156376125892,0.005310341585174051,0.9909782923034318,0.029316284086233033,3.066973693916599e-05,2.1496649609615543,1.108781803818197,1.668256733515775,1.108781803818197,1.668256733515775,1.17504042900764,0.7640930166066202,1.17504042900764,1.257305544255812,0.7640930166066203,0.6662601058313193,0.49321252764919193,0.0,4.844079252957982,2.351594747042017,3.0178548528733367,3.0344757664964896e-05,1.015101311799126,0.9999999999999949,0.0,0.0,0.0,0.0,0.0,3.0344757664964896e-05,1.015101311799126,2.3954448521754344e-08,1.4325813463154097e-05
7.221088,0.0,0.003149159,0.003751816,0.9991872,0.0,0.013557385142729353,0.015030523272231443,1.011135495122861,0.0,1.3333923121067587e-05,2.1815762363157964e-05,1.0100005975992923,0.015044142098091028,1.011199781392557,0.0,0.0,0.0,2.1815762363157964e-05,1.0100005975992923,0.0,0.0,0.0,1.6130999477913217e-05,2.651774495477128e-05,1.0128125899294231,0.014972621870016597,1.0108621774964441,0.029316284086105416,2.8546029375176995e-06,2.1496649609534524,1.108781803818084,1.668256733516329,1.108781803818084,1.668256733516329,1.668256733516329,1.4546565452984463,0.0,0.0,4.844079252954734,2.3670087470452654,3.821665292343713,2.649379050624956e-05,1.012798264115961,0.9999999999999943,0.0,0.0,0.0,0.0,0.0,2.649379050624956e-05,1.012798264115961,2.3954448521720244e-08,1.432581346287795e-05,0.0,2.0042712881852764e-05,3.0294865339583282e-05,1.0150714739948443,0.01497261197936526,1.0108621308086403,0.029316284086232568,2.5932821091661573e-05,2.1496649609615184,1.108781803818196,1.668256733515777,1.108781803818196,1.668256733515777,1.175040429007638,0.7640930166066076,1.175040429007638,1.257305544255816,0.7640930166066077,0.6662601058313111,0.49321252764920875,0.0,4.844079252957903,2.367008747042097,3.0332688528734084,3.0270910891061553e-05,1.0150571481813804,0.9999999999999947,0.0,0.0,0.0,0.0,0.0,3.0270910891061553e-05,1.0150571481813804,2.395444852172708e-08,1.432581346372253e-05
7.233787,0.0,0.00301256,0.003481934,1.00124,0.0,0.01292432392303231,0.015550578447079095,1.0153724656588243,0.0,1.3297747455249804e-05,2.1754922854802148e-05,1.0099642128982573,0.015564093460129625,1.0152359605692625,0.0,0.0,0.0,2.1754922854802148e-05,1.0099642128982573,0.0,0.0,0.0,1.6094783175135504e-05,2.6456905446415438e-05,1.0127762052283895,0.0155472968442413,1.0154056106870684,0.029316284086105066,2.8571105900584218e-06,2.149664960953427,1.108781803818083,1.6682567335163303,1.108781803818083,1.6682567335163303,1.6682567335163303,1.4546565452984304,0.0,0.0,4.8440792529546775,2.379707747045323,3.8343642923437535,2.6432950997893705e-05,1.0127618794149258,0.9999999999999943,0.0,0.0,0.0,0.0,0.0,2.6432950997893705e-05,1.0127618794149258,2.3954448521735014e-08,1.4325813463387077e-05,0.0,1.9767773096512625e-05,3.0234025831227344e-05,1.015035089293809,0.015547341775744489,1.015405156867391,0.029316284086232137,2.264768830291272e-05,2.149664960961493,1.108781803818196,1.668256733515779,1.108781803818196,1.668256733515779,1.1750404290076368,0.7640930166065986,1.1750404290076368,1.2573055442558192,0.7640930166065986,0.666260105831302,0.49321252764922063,0.0,4.844079252957837,2.3797077470421635,3.0459678528734657,3.0210071382705614e-05,1.0150207634803459,0.9999999999999948,0.0,0.0,0.0,0.0,0.0,3.0210071382705614e-05,1.0150207634803459,2.3954448521733426e-08,1.4325813463165027e-05
7.26712,0.0,0.002617893,0.002592619,1.005456,0.0,0.011491466782648714,0.013867432347126495,1.0306454730913912,0.0,1.3202783041849357e-05,2.1595228128286287e-05,1.0098687084302218,0.013865046305245153,1.0305743808510437,0.0,0.0,0.0,2.1595228128286287e-05,1.0098687084302218,0.0,0.0,0.0,1.600003915065385e-05,2.6297210719899516e-05,1.0126807007603542,0.013867432347126583,1.0306454730913928,0.029316284086104087,2.8422372968768543e-06,2.1496649609533574,1.108781803818082,1.668256733516335,1.108781803818082,1.668256733516335,1.668256733516335,1.4546565452983897,0.0,0.0,4.8440792529545265,2.413040747045474,3.867697292343864,2.6273256271377756e-05,1.0126663749468903,0.9999999999999946,0.0,0.0,0.0,0.0,0.0,2.6273256271377756e-05,1.0126663749468903,2.395444852175263e-08,1.432581346370797e-05,0.0,1.9195960007773924e-05,3.00743311047113e-05,1.0149395848257743,0.013867432423482965,1.0306454753664365,0.029316284086231156,1.6057031025903416e-05,2.1496649609614207,1.108781803818195,1.668256733515783,1.108781803818195,1.668256733515783,1.175040429007633,0.7640930166065723,1.175040429007633,1.257305544255828,0.7640930166065723,0.6662601058312803,0.4932125276492554,0.0,4.844079252957685,2.4130407470423156,3.0793008528735957,3.0050376656189577e-05,1.0149252590123103,0.9999999999999949,0.0,0.0,0.0,0.0,0.0,3.0050376656189577e-05,1.0149252590123103,2.3954448521716032e-08,1.4325813464374099e-05
7.300454,0.0,0.002154293,0.00147161,0.9933944,0.0,0.010115155658382273,0.010914796635073604,1.0027903075068998,0.0,1.310780338746708e-05,2.1435528610880787e-05,1.0097732010970233,0.010924129343243815,1.0028233920799146,0.0,0.0,0.0,2.1435528610880787e-05,1.0097732010970233,0.0,0.0,0.0,1.590526459059376e-05,2.6137511202493863e-05,1.0125851934271568,0.011001936116197103,1.0030992181117424,0.029316284086103102,2.840719436800777e-06,2.1496649609532956,1.1087818038180817,1.668256733516339,1.1087818038180817,1.668256733516339,1.668256733516339,1.4546565452983509,0.0,0.0,4.844079252954381,2.446374747045619,3.9010312923439705,2.6113556753972127e-05,1.012570867613692,0.9999999999999946,0.0,0.0,0.0,0.0,0.0,2.6113556753972127e-05,1.012570867613692,2.3954448521736453e-08,1.43258134646107e-05,0.0,1.8782611786100113e-05,2.9914631587305596e-05,1.0148440774925753,0.011001956394645183,1.0030992899991067,0.029316284086230274,1.1665436825195422e-05,2.1496649609613465,1.108781803818194,1.668256733515787,1.108781803818194,1.668256733515787,1.1750404290076288,0.7640930166065455,1.1750404290076288,1.2573055442558363,0.7640930166065456,0.6662601058312582,0.4932125276492908,0.0,4.844079252957541,2.446374747042459,3.1126348528737178,2.989067713878387e-05,1.0148297516791114,0.9999999999999946,0.0,0.0,0.0,0.0,0.0,2.989067713878387e-05,1.0148297516791114,2.395444852172968e-08,1.4325813464073314e-05
7.333787,0.0,0.001694805,0.001082579,0.9997003,0.0,0.008619604007164322,0.007537706394978452,1.0058709111324569,0.0,1.3012814311102269e-05,2.127583388436499e-05,1.009677696628988,0.007558467100177498,1.0059354438016872,0.0,0.0,0.0,2.127583388436499e-05,1.009677696628988,0.0,0.0,0.0,1.5810363487408385e-05,2.597781647597794e-05,1.0124896889591188,0.007532665453557112,1.005855241847515,0.029316284086102092,2.8517893786164254e-06,2.149664960953232,1.108781803818081,1.6682567335163432,1.108781803818081,1.6682567335163432,1.6682567335163432,1.4546565452983073,0.0,0.0,4.8440792529542325,2.479707747045768,3.9343642923440747,2.595386202745621e-05,1.0124753631456558,0.9999999999999943,0.0,0.0,0.0,0.0,0.0,2.595386202745621e-05,1.0124753631456558,2.3954448521729968e-08,1.432581346305639e-05,0.0,1.8474982396294477e-05,2.9754936860789505e-05,1.014748573024539,0.0075327344738154,1.0058554563903952,0.029316284086229223,8.746359497586145e-06,2.1496649609612666,1.108781803818193,1.668256733515791,1.108781803818193,1.668256733515791,1.175040429007624,0.7640930166065165,1.175040429007624,1.257305544255846,0.7640930166065166,0.6662601058312365,0.4932125276493292,0.0,4.84407925295737,2.4797077470426303,3.1459678528738664,2.9730982412267745e-05,1.014734247211076,0.9999999999999948,0.0,0.0,0.0,0.0,0.0,2.9730982412267745e-05,1.014734247211076,2.395444852176302e-08,1.432581346283435e-05
7.361091,0.0,0.00143634,0.001494091,1.002902,0.0,0.007272876194769968,0.004983970979907013,0.9936336317011841,0.0,1.293499700929137e-05,2.1145023431876846e-05,1.0095994662268262,0.004971805207510595,0.9936093549807369,0.0,0.0,0.0,2.1145023431876846e-05,1.0095994662268262,0.0,0.0,0.0,1.5732810523260146e-05,2.5847006023489692e-05,1.0124114585569588,0.005035778502685513,0.9937370132791535,0.029316284086101346,2.8475607456164806e-06,2.1496649609531744,1.10878180381808,1.668256733516347,1.10878180381808,1.668256733516347,1.668256733516347,1.4546565452982743,0.0,0.0,4.844079252954111,2.5070117470458904,3.9616682923441635,2.5823051574967946e-05,1.0123971327434949,0.9999999999999943,0.0,0.0,0.0,0.0,0.0,2.5823051574967946e-05,1.0123971327434949,2.395444852174739e-08,1.4325813463808484e-05,0.0,1.8277030893036615e-05,2.9624126408301083e-05,1.0146703426223769,0.005035787312778134,0.9937370308596367,0.029316284086228366,7.080696800696034e-06,2.1496649609612035,1.108781803818192,1.668256733515795,1.108781803818192,1.668256733515795,1.175040429007621,0.7640930166064939,1.175040429007621,1.257305544255853,0.7640930166064939,0.6662601058312182,0.49321252764935936,0.0,4.844079252957231,2.507011747042769,3.173271852873988,2.9600171959779333e-05,1.014656016808914,0.9999999999999947,0.0,0.0,0.0,0.0,0.0,2.9600171959779333e-05,1.014656016808914,2.395444852175482e-08,1.4325813462526344e-05
7.394545,0.0,0.001244726,0.001369446,1.000529,0.0,0.005637656616873879,0.002673798909386383,0.9958355682770275,0.0,1.2839640899622058e-05,2.0984749007706797e-05,1.009503615074105,0.0026950612803680113,0.9957485618879907,0.0,0.0,0.0,2.0984749007706797e-05,1.009503615074105,0.0,0.0,0.0,1.5637687816077253e-05,2.5686731599319514e-05,1.0123156074042374,0.0026742117139047666,0.9958338790660475,0.029316284086100392,2.8495415574435986e-06,2.149664960953106,1.108781803818079,1.668256733516351,1.108781803818079,1.668256733516351,1.668256733516351,1.454656545298234,0.0,0.0,4.844079252953959,2.540465747046041,3.995122292344275,2.566277715079778e-05,1.012301281590773,0.9999999999999944,0.0,0.0,0.0,0.0,0.0,2.566277715079778e-05,1.012301281590773,2.395444852173675e-08,1.432581346438866e-05,0.0,1.807963558901116e-05,2.9463851984130787e-05,1.014574491469655,0.0026742410005198857,0.995833759224162,0.02931628408622737,5.67137840437339e-06,2.1496649609611302,1.108781803818192,1.668256733515799,1.108781803818192,1.668256733515799,1.175040429007617,0.7640930166064676,1.175040429007617,1.2573055442558616,0.7640930166064676,0.6662601058311955,0.4932125276493941,0.0,4.844079252957075,2.540465747042925,3.2067258528741216,2.9439897535609044e-05,1.0145601656561927,0.9999999999999949,0.0,0.0,0.0,0.0,0.0,2.9439897535609044e-05,1.0145601656561927,2.395444852174225e-08,1.4325813462805677e-05
7.448351,0.0,0.0009680221,0.0008723673,0.9968607,0.0,0.003978004208247112,0.004774105000403616,0.9970574299898308,0.0,1.2686248611183539e-05,2.072697039627336e-05,1.0093494521302613,0.00487241879431184,0.9993017002949859,0.0,0.0,0.0,2.072697039627336e-05,1.0093494521302613,0.0,0.0,0.0,1.5484951714480894e-05,2.5428952987885926e-05,1.0121614444603944,0.004872442653708697,0.9993026926233178,0.02931628408609891,2.8320868674269786e-06,2.149664960952996,1.108781803818078,1.668256733516357,1.108781803818078,1.668256733516357,1.668256733516357,1.4546565452981604,0.0,0.0,4.844079252953712,2.594271747046288,4.048928292344447,2.5404998539364173e-05,1.0121471186469293,0.9999999999999947,0.0,0.0,0.0,0.0,0.0,2.5404998539364173e-05,1.0121471186469293,2.395444852174947e-08,1.432581346416661e-05,0.0,1.782902554603133e-05,2.9206073372697056e-05,1.014420328525813,0.004872442658236514,0.9993026928116329,0.029316284086225886,4.297443375483973e-06,2.1496649609610157,1.10878180381819,1.668256733515806,1.10878180381819,1.668256733515806,1.1750404290076102,0.7640930166064263,1.1750404290076102,1.257305544255875,0.7640930166064263,0.6662601058311582,0.4932125276494491,0.0,4.844079252956833,2.594271747043167,3.2605318528743243,2.9182118924175303e-05,1.0144060027123494,0.9999999999999949,0.0,0.0,0.0,0.0,0.0,2.9182118924175303e-05,1.0144060027123494,2.3954448521750922e-08,1.432581346350048e-05
7.490662,0.0,0.0007759004,0.0007597891,1.001232,0.0,0.0034208459769678986,0.0037613568636558656,0.9981197005085504,0.0,1.2565604643322865e-05,2.0524263061991697e-05,1.0092282242315707,0.003759685121088442,0.9981056381242189,0.0,0.0,0.0,2.0524263061991697e-05,1.0092282242315707,0.0,0.0,0.0,1.5364618332063754e-05,2.5226245653604123e-05,1.012040216561704,0.0037851232059088404,0.9983196185135271,0.029316284086097707,2.8419167868958665e-06,2.1496649609528937,1.108781803818077,1.668256733516362,1.108781803818077,1.668256733516362,1.668256733516362,1.4546565452980982,0.0,0.0,4.844079252953519,2.6365827470464818,4.0912392923445795,2.520229120508239e-05,1.012025890748239,0.999999999999995,0.0,0.0,0.0,0.0,0.0,2.520229120508239e-05,1.012025890748239,2.3954448521733254e-08,1.4325813464922636e-05,0.0,1.7666088358484625e-05,2.9003366038415165e-05,1.0142991006271225,0.003785128481762029,0.9983196628930127,0.02931628408622461,3.7176214661272344e-06,2.149664960960928,1.108781803818189,1.668256733515811,1.108781803818189,1.668256733515811,1.175040429007606,0.7640930166063946,1.175040429007606,1.2573055442558854,0.7640930166063947,0.6662601058311322,0.49321252764949086,0.0,4.844079252956648,2.6365827470433527,3.3028428528744844,2.8979411589893385e-05,1.014284774813658,0.999999999999995,0.0,0.0,0.0,0.0,0.0,2.8979411589893385e-05,1.014284774813658,2.3954448521777945e-08,1.4325813464520815e-05
7.548165000000001,0.0,0.0006100964,0.0007392977,0.9986828,0.0,0.0026256643789045455,0.0021943045957430033,0.9960496551862175,0.0,1.2401611664471413e-05,2.0248772531321218e-05,1.009063468781253,0.0022816440243915506,0.994894239450409,0.0,0.0,0.0,2.0248772531321218e-05,1.009063468781253,0.0,0.0,0.0,1.5201234305919385e-05,2.4950755122933377e-05,1.0118754611113838,0.00228169455442901,0.9948935709872121,0.02931628408609592,2.833904897731329e-06,2.1496649609527703,1.108781803818075,1.66825673351637,1.108781803818075,1.66825673351637,1.66825673351637,1.4546565452980107,0.0,0.0,4.844079252953227,2.6940857470467736,4.148742292344783,2.4926800674411627e-05,1.0118611352979208,0.9999999999999941,0.0,0.0,0.0,0.0,0.0,2.4926800674411627e-05,1.0118611352979208,2.395444852174827e-08,1.4325813462906147e-05,0.0,1.7470994546608107e-05,2.8727875507744232e-05,1.0141343451768041,0.0022816945618059008,0.9948935708895921,0.029316284086222895,3.265140828019044e-06,2.149664960960808,1.108781803818188,1.6682567335158187,1.108781803818188,1.6682567335158187,1.1750404290075993,0.764093016606351,1.1750404290075993,1.2573055442558996,0.764093016606351,0.666260105831096,0.4932125276495487,0.0,4.84407925295638,2.6940857470436206,3.360345852874717,2.8703921059222486e-05,1.01412001936334,0.999999999999995,0.0,0.0,0.0,0.0,0.0,2.8703921059222486e-05,1.01412001936334,2.3954448521748375e-08,1.4325813464159964e-05
7.593248,0.0,0.0005185685,0.0005672057,0.9985309,0.0,0.0019550277686317358,0.0013955596897669838,0.9955424879763755,0.0,1.2273014255704662e-05,2.003278485077903e-05,1.0089342986515777,0.001399643057776605,0.9953973399228135,0.0,0.0,0.0,2.003278485077903e-05,1.0089342986515777,0.0,0.0,0.0,1.5072890400692958e-05,2.4734767442391026e-05,1.011746290981708,0.0013928072749750885,0.995640325753597,0.029316284086094532,2.852460170086144e-06,2.149664960952673,1.108781803818074,1.668256733516376,1.108781803818074,1.668256733516376,1.668256733516376,1.454656545297941,0.0,0.0,4.844079252953021,2.739168747046979,4.19382529234492,2.4710812993869324e-05,1.011731965168245,0.9999999999999933,0.0,0.0,0.0,0.0,0.0,2.4710812993869324e-05,1.011731965168245,2.3954448521698304e-08,1.4325813462601255e-05,0.0,1.7329532559734505e-05,2.8511887827201824e-05,1.0140051750471284,0.0013928299118801525,0.9956395210985426,0.02931628408622163,3.101014961171911e-06,2.149664960960717,1.108781803818186,1.668256733515824,1.108781803818186,1.668256733515824,1.175040429007594,0.7640930166063185,1.175040429007594,1.25730554425591,0.7640930166063185,0.6662601058310672,0.4932125276495917,0.0,4.844079252956191,2.739168747043809,3.405428852874877,2.8487933378680078e-05,1.0139908492336642,0.999999999999995,0.0,0.0,0.0,0.0,0.0,2.8487933378680078e-05,1.0139908492336642,2.3954448521752514e-08,1.4325813463711485e-05
7.628849,0.0,0.0004416853,0.0004325435,0.9984191,0.0,0.001535937703655817,0.0016630861276089822,1.0044808475321574,0.0,1.2171448309988422e-05,1.986222438641372e-05,1.0088322959945553,0.0015096709478657445,1.001941951177451,0.0,0.0,0.0,1.986222438641372e-05,1.0088322959945553,0.0,0.0,0.0,1.4971876411558075e-05,2.4564206978025516e-05,1.0116442883246852,0.0015706569890623868,1.0030607940054546,0.02931628408609345,2.8319883234564684e-06,2.149664960952594,1.108781803818073,1.668256733516381,1.108781803818073,1.668256733516381,1.668256733516381,1.454656545297888,0.0,0.0,4.844079252952838,2.774769747047162,4.2294262923450505,2.4540252529503807e-05,1.0116299625112233,0.9999999999999941,0.0,0.0,0.0,0.0,0.0,2.4540252529503807e-05,1.0116299625112233,2.39544485217067e-08,1.432581346239026e-05,0.0,1.7222351099363618e-05,2.834132736283625e-05,1.0139031723901055,0.0015706569890606226,1.0030607940054226,0.0293162840862207,2.9879780592806544e-06,2.149664960960641,1.108781803818186,1.668256733515828,1.108781803818186,1.668256733515828,1.17504042900759,0.7640930166062908,1.17504042900759,1.257305544255919,0.7640930166062907,0.6662601058310452,0.4932125276496285,0.0,4.844079252956029,2.7747697470439703,3.441029852875016,2.831737291431451e-05,1.0138888465766422,0.9999999999999954,0.0,0.0,0.0,0.0,0.0,2.831737291431451e-05,1.0138888465766422,2.3954448521743544e-08,1.4325813463472491e-05
7.742773000000001,0.0,0.0001893729,3.456134e-07,0.9990296,0.0,0.0008834060476433946,0.000687509472483151,1.003179676808541,0.0,1.1846342688618904e-05,1.9316427067732973e-05,1.0085058851999522,0.0006888014705899328,1.0030662164099364,0.0,0.0,0.0,1.9316427067732973e-05,1.0085058851999522,0.0,0.0,0.0,1.464767189013254e-05,2.401840965934417e-05,1.011317877530083,0.0006858344540377375,1.0033267732009332,0.02931628408609012,2.8532693238502924e-06,2.1496649609523413,1.10878180381807,1.668256733516395,1.10878180381807,1.668256733516395,1.668256733516395,1.4546565452977132,0.0,0.0,4.8440792529522705,2.8886937470477303,4.343350292345443,2.3994455210822468e-05,1.01130355171662,0.9999999999999937,0.0,0.0,0.0,0.0,0.0,2.3994455210822468e-05,1.01130355171662,2.395444852169953e-08,1.4325813463220179e-05,0.0,1.6890048611575417e-05,2.779553004415471e-05,1.0135767615955031,0.0006858415917580205,1.003326146382222,0.029316284086217535,2.8880253140112616e-06,2.14966496096041,1.108781803818183,1.668256733515842,1.108781803818183,1.668256733515842,1.1750404290075773,0.7640930166062073,1.1750404290075773,1.2573055442559469,0.7640930166062074,0.6662601058309756,0.4932125276497391,0.0,4.844079252955519,2.8886937470444813,3.554953852875456,2.777157559563294e-05,1.0135624357820392,0.999999999999995,0.0,0.0,0.0,0.0,0.0,2.777157559563294e-05,1.0135624357820392,2.3954448521766576e-08,1.4325813464177606e-05
7.897195000000001,0.0,2.648135e-05,6.586747e-05,0.9990841,0.0,0.00046064395467253986,0.00047021277146388276,1.002555541820939,0.0,1.14054430871787e-05,1.8576608297804705e-05,1.0080634410466207,0.00047013811032113286,1.0025530887171403,0.0,0.0,0.0,1.8576608297804705e-05,1.0080634410466207,0.0,0.0,0.0,1.4208374838026868e-05,2.327859088941514e-05,1.0108754333767511,0.00047021277146381006,1.002555541820936,0.029316284086085363,2.8430475257418074e-06,2.1496649609520038,1.108781803818066,1.668256733516416,1.108781803818066,1.668256733516416,1.668256733516416,1.4546565452974847,0.0,0.0,4.844079252951529,3.0431157470484718,4.497772292345957,2.3254636440893403e-05,1.0108611075632872,0.9999999999999944,0.0,0.0,0.0,0.0,0.0,2.3254636440893403e-05,1.0108611075632872,2.395444852173327e-08,1.4325813463476183e-05,0.0,1.6449502526489264e-05,2.7055711274225083e-05,1.0131343174421703,0.0004702127741730539,1.0025555419099526,0.029316284086213503,2.840538372046869e-06,2.1496649609601146,1.108781803818179,1.6682567335158591,1.108781803818179,1.6682567335158591,1.175040429007561,0.7640930166061006,1.175040429007561,1.257305544255981,0.7640930166061007,0.6662601058308806,0.49321252764988044,0.0,4.8440792529547965,3.0431157470452046,3.7093758528760854,2.7031756825703323e-05,1.0131199916287064,0.9999999999999949,0.0,0.0,0.0,0.0,0.0,2.7031756825703323e-05,1.0131199916287064,2.395444852176e-08,1.432581346394457e-05
8.045536,0.0,2.824945e-05,2.858864e-05,1.001084,0.0,0.00021395119392649082,0.000228213947428633,1.006596835159059,0.0,1.0981662115928124e-05,1.786592292816847e-05,1.0076384199476238,0.0002282910382384584,1.0065994892826073,0.0,0.0,0.0,1.786592292816847e-05,1.0076384199476238,0.0,0.0,0.0,1.3785959540729463e-05,2.2567905519778253e-05,1.0104504122777527,0.00022821485102101838,1.0065968662684197,0.029316284086080814,2.852112220940847e-06,2.1496649609516756,1.108781803818062,1.668256733516436,1.108781803818062,1.668256733516436,1.668256733516436,1.4546565452972737,0.0,0.0,4.844079252950794,3.1914567470492066,4.64611329234648,2.2543951071256497e-05,1.0104360864642896,0.9999999999999943,0.0,0.0,0.0,0.0,0.0,2.2543951071256497e-05,1.0104360864642896,2.395444852175624e-08,1.4325813462261017e-05,0.0,1.6027942517848637e-05,2.634502590458784e-05,1.0127092963431727,0.00022821479888905094,1.0065968644735928,0.029316284086209354,2.8453960671132146e-06,2.1496649609597958,1.108781803818176,1.6682567335158773,1.108781803818176,1.6682567335158773,1.175040429007544,0.7640930166059858,1.175040429007544,1.257305544256019,0.7640930166059858,0.6662601058307869,0.49321252765003293,0.0,4.844079252954107,3.191456747045893,3.8577168528766808,2.6321071456066075e-05,1.0126949705297077,0.9999999999999951,0.0,0.0,0.0,0.0,0.0,2.6321071456066075e-05,1.0126949705297077,2.3954448521772237e-08,1.4325813464295853e-05
8.221513,0.0,8.920102e-06,3.260667e-06,1.000003,0.0,9.79155096705265e-05,8.899571810161976e-05,1.0018037556502493,0.0,1.0478620728935131e-05,1.7022836530662293e-05,1.0071342172124507,8.89426410619669e-05,1.0018019282855977,0.0,0.0,0.0,1.7022836530662293e-05,1.0071342172124507,0.0,0.0,0.0,1.3284625014020008e-05,2.1724819122271145e-05,1.0099462095425786,8.92410856843705e-05,1.0018122032963561,0.029316284086075322,2.8565490869231974e-06,2.1496649609512732,1.108781803818057,1.66825673351646,1.108781803818057,1.66825673351646,1.66825673351646,1.4546565452970126,0.0,0.0,4.844079252949902,3.367433747050098,4.822090292347111,2.1700864673749396e-05,1.0099318837291167,0.9999999999999936,0.0,0.0,0.0,0.0,0.0,2.1700864673749396e-05,1.0099318837291167,2.3954448521752487e-08,1.4325813461970068e-05,0.0,1.552803405930873e-05,2.550193950708051e-05,1.0122050936079987,8.924121300451062e-05,1.0018122076798017,0.029316284086204614,2.8493319977119933e-06,2.1496649609594467,1.1087818038181718,1.668256733515898,1.1087818038181718,1.668256733515898,1.175040429007525,0.7640930166058599,1.175040429007525,1.257305544256059,0.7640930166058599,0.6662601058306741,0.4932125276501995,0.0,4.8440792529533105,3.3674337470466895,4.033693852877363,2.547798505855873e-05,1.0121907677945348,0.9999999999999949,0.0,0.0,0.0,0.0,0.0,2.547798505855873e-05,1.0121907677945348,2.3954448521779596e-08,1.4325813463524379e-05
8.376716,0.0,-5.836154e-06,-2.451677e-05,0.9999795,0.0,3.4493302981069856e-05,3.1196840648466465e-05,1.0156108948882925,0.0,1.0034683845899345e-05,1.6279276075874778e-05,1.0066895353670555,3.1196637083976086e-05,1.0156107731477768,0.0,0.0,0.0,1.6279276075874778e-05,1.0066895353670555,0.0,0.0,0.0,1.2842254146798687e-05,2.0981258667482773e-05,1.009501527697184,3.1196840648525825e-05,1.0156108948883278,0.02931628408607039,2.8505909457082283e-06,2.149664960950922,1.108781803818053,1.668256733516481,1.108781803818053,1.668256733516481,1.668256733516481,1.4546565452967855,0.0,0.0,4.84407925294911,3.52263674705089,4.977293292347675,2.0957304218960983e-05,1.0094872018837209,0.9999999999999946,0.0,0.0,0.0,0.0,0.0,2.0957304218960983e-05,1.0094872018837209,2.3954448521787894e-08,1.4325813463018495e-05,0.0,1.50869854840842e-05,2.475837905229187e-05,1.0117604117626031,3.11968405873873e-05,1.0156108948517641,0.02931628408620058,2.841961390901378e-06,2.1496649609591287,1.108781803818168,1.6682567335159157,1.108781803818168,1.6682567335159157,1.175040429007508,0.7640930166057456,1.175040429007508,1.257305544256097,0.7640930166057456,0.6662601058305776,0.4932125276503512,0.0,4.844079252952611,3.5226367470473905,4.188896852877968,2.473442460377011e-05,1.0117460859491398,0.9999999999999949,0.0,0.0,0.0,0.0,0.0,2.473442460377011e-05,1.0117460859491398,2.395444852176079e-08,1.432581346335423e-05
8.547117,0.0,-5.966325e-06,4.489346e-06,1.000004,0.0,2.0374276834848907e-05,3.0382389398725363e-05,1.015123817230535,0.0,9.54697341025848e-06,1.546290367936022e-05,1.0062013087790578,3.038227920196015e-05,1.015123751328025,0.0,0.0,0.0,1.546290367936022e-05,1.0062013087790578,0.0,0.0,0.0,1.2356220596664308e-05,2.0164886270967553e-05,1.009013301109187,3.0382389398725214e-05,1.015123817230535,0.029316284086065268,2.8508316588493934e-06,2.1496649609505445,1.108781803818048,1.668256733516503,1.108781803818048,1.668256733516503,1.668256733516503,1.4546565452965299,0.0,0.0,4.844079252948304,3.693037747051696,5.147694292348225,2.0140931822445773e-05,1.0089989752957231,0.9999999999999941,0.0,0.0,0.0,0.0,0.0,2.0140931822445773e-05,1.0089989752957231,2.3954448521776356e-08,1.4325813463708358e-05,0.0,1.4602405268464765e-05,2.3942006655776135e-05,1.0112721851746043,3.038238940223602e-05,1.0151238172326347,0.029316284086195975,2.841879669400765e-06,2.1496649609587877,1.108781803818164,1.668256733515936,1.108781803818164,1.668256733515936,1.175040429007489,0.7640930166056221,1.175040429007489,1.257305544256137,0.7640930166056222,0.6662601058304721,0.4932125276505148,0.0,4.844079252951835,3.693037747048165,4.359297852878638,2.3918052207254345e-05,1.0112578593611403,0.9999999999999949,0.0,0.0,0.0,0.0,0.0,2.3918052207254345e-05,1.0112578593611403,2.3954448521793294e-08,1.432581346394457e-05
8.834122,0.0,6.17421e-06,7.357915e-06,1.000006,0.0,1.7647835552225322e-05,2.8993105523316344e-05,1.0142929643879506,0.0,8.724811923457706e-06,1.4087894379757145e-05,1.0053789927604408,2.8994466376972096e-05,1.014293778238272,0.0,0.0,0.0,1.4087894379757145e-05,1.0053789927604408,0.0,0.0,0.0,1.1536779176815451e-05,1.8789876971362854e-05,1.0081909850905677,2.89930312982676e-05,1.0142929199981077,0.02931628408605668,2.862442700158602e-06,2.149664960949891,1.10878180381804,1.6682567335165404,1.10878180381804,1.6682567335165404,1.6682567335165404,1.4546565452961178,0.0,0.0,4.844079252946854,3.980042747053146,5.434699292349265,1.876592252284109e-05,1.0081766592771044,0.9999999999999936,0.0,0.0,0.0,0.0,0.0,1.876592252284109e-05,1.0081766592771044,2.3954448521759836e-08,1.432581346310888e-05,0.0,1.3785396378655638e-05,2.2566997356170972e-05,1.010449869155986,2.899303433412713e-05,1.0142929218136851,0.02931628408618782,2.8551000569256234e-06,2.1496649609581997,1.1087818038181565,1.668256733515971,1.1087818038181565,1.668256733515971,1.175040429007457,0.7640930166054102,1.175040429007457,1.257305544256206,0.7640930166054104,0.6662601058302975,0.4932125276507957,0.0,4.844079252950522,3.980042747049479,4.646302852879776,2.2543042907649172e-05,1.0104355433425218,0.999999999999995,0.0,0.0,0.0,0.0,0.0,2.2543042907649172e-05,1.0104355433425218,2.3954448521800887e-08,1.4325813464205639e-05
9.538316,0.0,6.459898e-06,1.370736e-05,1.000011,0.0,1.5590087873332168e-05,2.562096693338598e-05,1.0122762772424174,0.0,6.70375165935251e-06,1.0714178595277276e-05,1.0033613623832192,2.5639403586109627e-05,1.0122873031713826,0.0,0.0,0.0,1.0714178595277276e-05,1.0033613623832192,0.0,0.0,0.0,9.522728921634382e-06,1.5416161186879337e-05,1.0061733547133442,2.5639408591409448e-05,1.012287306164772,0.02931628408603451,2.8579973293777525e-06,2.149664960948321,1.108781803818021,1.668256733516637,1.108781803818021,1.668256733516637,1.668256733516637,1.4546565452950886,0.0,0.0,4.844079252943363,4.684236747056637,6.138893292351726,1.5392206738357547e-05,1.0061590288998814,0.9999999999999944,0.0,0.0,0.0,0.0,0.0,1.5392206738357547e-05,1.0061590288998814,2.3954448521794306e-08,1.4325813463174055e-05,0.0,1.1777395806744682e-05,1.91932815716862e-05,1.0084322387787614,2.5639408592290935e-05,1.0122873061652993,0.02931628408616816,2.8480114282459505e-06,2.1496649609567817,1.108781803818139,1.6682567335160567,1.108781803818139,1.6682567335160567,1.1750404290073793,0.7640930166048986,1.1750404290073793,1.2573055442563728,0.7640930166048987,0.6662601058298626,0.4932125276514739,0.0,4.844079252947369,4.684236747052632,5.350496852882493,1.91693271231644e-05,1.0084179129652981,0.9999999999999947,0.0,0.0,0.0,0.0,0.0,1.91693271231644e-05,1.0084179129652981,2.395444852180188e-08,1.4325813463435015e-05
10.63832,0.0,9.393741e-07,-2.870211e-06,0.9999975,0.0,1.2459403711818545e-05,2.0350880240491438e-05,1.0091245336808856,0.0,1.1677467973228e-05,2.0369392183569014e-05,1.009135604636793,2.0369392183569014e-05,1.009135604636793,0.0,0.0,0.0,2.0369392183569014e-05,1.009135604636793,0.0,0.0,0.0,6.365599614267875e-06,1.0146163348506587e-05,1.0030216642907235,2.0369429916614083e-05,1.0091356272028138,0.02931628408599973,2.8719925183970975e-06,2.149664960945856,1.10878180381799,1.668256733516788,1.10878180381799,1.668256733516788,1.668256733516788,1.4546565452934384,0.0,0.0,4.844079252937851,5.784240747062147,7.238897292355585,1.0122208899984749e-05,1.0030073384772604,0.9999999999999942,0.0,0.0,0.0,0.0,0.0,1.0122208899984749e-05,1.0030073384772604,2.3954448521838584e-08,1.432581346327844e-05,0.0,8.629723897985909e-06,1.392328373331109e-05,1.0052805483561396,2.0369429917486808e-05,1.009135627203335,0.02931628408613818,2.8619434392954474e-06,2.1496649609545417,1.108781803818113,1.6682567335161869,1.108781803818113,1.6682567335161869,1.175040429007257,0.7640930166040902,1.175040429007257,1.2573055442566359,0.7640930166040902,0.666260105829189,0.4932125276525455,0.0,4.844079252942344,5.784240747057653,6.450500852886841,1.389932928478927e-05,1.0052662225426754,0.9999999999999947,0.0,0.0,0.0,0.0,0.0,1.389932928478927e-05,1.0052662225426754,2.3954448521816207e-08,1.4325813463330112e-05
11.73832,0.0,-1.17884e-06,1.89242e-06,1.000001,0.0,9.315644836884701e-06,1.5080901565695281e-05,1.0059728547189266,0.0,9.318577502246288e-06,1.5099413508773659e-05,1.0059839256748349,1.5099413508773659e-05,1.0059839256748349,0.0,0.0,0.0,1.5099413508773659e-05,1.0059839256748349,0.0,0.0,0.0,9.202446269914095e-06,1.5107215665367944e-05,1.0059885917075284,1.5099451252871779e-05,1.0059839482474653,0.02931628408596579,1.0470982597943723e-06,2.149664960943384,1.10878180381796,1.6682567335169358,1.10878180381796,1.6682567335169358,1.6682567335169358,1.4546565452918077,0.0,0.0,4.844079252932287,0.0,1.4546565452918077,0.04893331879051901,1.0692058553007802,2.839896991534541e-31,0.0,0.0,0.0,0.0,0.0,1.5099451252871779e-05,1.0059839482474653,7.764412496165957e-09,4.64346006354847e-06,0.0,5.468856248567317e-06,8.653305058494617e-06,1.0021288693941675,1.5099451242691446e-05,1.005983948241377,0.02931628408610775,2.8759761949057784e-06,2.149664960952296,1.108781803818086,1.668256733516319,1.108781803818086,1.668256733516319,1.175040429007135,0.7640930166032798,1.175040429007135,1.2573055442568999,0.7640930166032799,0.6662601058285164,0.4932125276536197,0.0,4.844079252937286,6.884240747062714,7.550500852891229,8.62935060997276e-06,1.0021145435807044,0.9999999999999947,0.0,0.0,0.0,0.0,0.0,8.62935060997276e-06,1.0021145435807044,2.39544485218571e-08,1.4325813463159736e-05
12.83832,0.0,3.376177e-06,2.834635e-06,1.000002,0.0,6.158705669167482e-06,9.810922890899098e-06,1.002821175756967,0.0,6.161652132674295e-06,9.829434833978314e-06,1.002832246712876,9.829434833978314e-06,1.002832246712876,0.0,0.0,0.0,9.829434833978314e-06,1.002832246712876,0.0,0.0,0.0,6.177027506064323e-06,9.837236990572646e-06,1.0028369127455692,9.829472578076423e-06,1.0028322692855063,0.02931628408593151,2.8726111990687006e-06,2.1496649609409118,1.10878180381793,1.668256733517084,1.10878180381793,1.668256733517084,1.668256733517084,1.4546565452901354,0.0,0.0,4.844079252926764,0.0,1.4546565452901354,0.04893331878929477,1.0692058552955126,1.2787582558475043e-130,0.0,0.0,0.0,0.0,0.0,9.829472578076423e-06,1.0028322692855063,7.764412496221942e-09,4.643460063348174e-06,0.0,6.175032797017855e-06,9.837213154176687e-06,1.002836898490358,9.829472403355642e-06,1.0028322691810154,0.029316284086077303,2.8457144087427482e-06,2.149664960950026,1.108781803818059,1.668256733516451,1.108781803818059,1.668256733516451,1.175040429007011,0.7640930166024612,1.175040429007011,1.257305544257166,0.7640930166024613,0.6662601058278343,0.49321252765470475,0.0,4.844079252932313,0.0,0.6662601058278343,0.951667600064705,-0.029269019934111875,1.9909123579132458e-59,0.0,0.0,0.0,0.0,0.0,9.829472403355642e-06,1.0028322691810154,7.74075082104316e-09,4.6293093422359504e-06
13.93832,0.0,3.62406e-07,2.591831e-06,1.000002,0.0,3.918954326964623e-06,6.475849773970962e-06,1.000826655394013,0.0,3.918977391560196e-06,6.475849773970962e-06,1.000826655394013,6.475849773970962e-06,1.000826655394013,0.0,0.0,0.0,6.475849773970962e-06,1.000826655394013,0.0,0.0,0.0,3.920409379670188e-06,6.475849773970923e-06,1.000826655394012,6.475849773970962e-06,1.000826655394013,0.02931628408589704,2.4831847522882486e-08,2.149664960938459,1.108781803817899,1.668256733517234,1.108781803817899,1.668256733517234,1.668256733517234,1.4546565452885005,0.0,0.0,4.844079252921282,0.0,1.4546565452885005,0.048933318788098104,1.069205855290366,5.758035174427313e-230,0.0,0.0,0.0,0.0,0.0,6.475849773970962e-06,1.000826655394013,3.896351557369782e-20,2.220446049250313e-16,0.0,3.920409178956711e-06,6.475849773970926e-06,1.0008266553940122,6.475849773970962e-06,1.000826655394013,0.029316284086047032,2.4829113921356177e-08,2.1496649609477667,1.108781803818032,1.6682567335165828,1.108781803818032,1.6682567335165828,1.175040429006888,0.764093016601646,1.175040429006888,1.257305544257431,0.7640930166016461,0.666260105827152,0.4932125276557855,0.0,4.844079252927318,0.0,0.666260105827152,0.9516676000671445,-0.02926901993364588,8.964746349454816e-159,0.0,0.0,0.0,0.0,0.0,6.475849773970962e-06,1.000826655394013,3.622530066970823e-20,0.0
14.1785,0.0,8.680497e-07,0.0,1.0,0.0,3.917211584227948e-06,6.475849773970962e-06,1.000826655394013,0.0,3.917212860283876e-06,6.475849773970962e-06,1.000826655394013,6.475849773970962e-06,1.000826655394013,0.0,0.0,0.0,6.475849773970962e-06,1.000826655394013,0.0,0.0,0.0,3.918520531018061e-06,6.475849773970923e-06,1.000826655394012,6.475849773970962e-06,1.000826655394013,0.02931628408588967,-1.1891130493397705e-09,2.1496649609379204,1.108781803817892,1.668256733517266,1.108781803817892,1.668256733517266,1.668256733517266,1.4546565452881495,0.0,0.0,4.844079252920075,0.0,1.4546565452881495,0.048933318787841414,1.069205855289262,1.1644080627181176e-251,0.0,0.0,0.0,0.0,0.0,6.475849773970962e-06,1.000826655394013,3.896351557369782e-20,2.220446049250313e-16,0.0,3.918520519744707e-06,6.475849773970926e-06,1.0008266553940122,6.475849773970962e-06,1.000826655394013,0.029316284086040548,-1.1892665832898946e-09,2.1496649609472662,1.108781803818026,1.668256733516611,1.108781803818026,1.668256733516611,1.175040429006861,0.7640930166014654,1.175040429006861,1.25730554425749,0.7640930166014654,0.6662601058269991,0.4932125276560248,0.0,4.844079252926215,0.0,0.6662601058269991,0.9516676000676906,-0.029269019933541526,1.8128793272857589e-180,0.0,0.0,0.0,0.0,0.0,6.475849773970962e-06,1.000826655394013,3.631445633126448e-20,0.0
14.9471,0.0,-5.516323e-07,0.0,1.0,0.0,3.917108656005521e-06,6.475849773970962e-06,1.000826655394013,0.0,3.917108656126984e-06,6.475849773970962e-06,1.000826655394013,6.475849773970962e-06,1.000826655394013,0.0,0.0,0.0,6.475849773970962e-06,1.000826655394013,0.0,0.0,0.0,3.918385253343304e-06,6.47584977397093e-06,1.000826655394013,6.475849773970962e-06,1.000826655394013,0.029316284085866107,-4.0309081470936524e-10,2.149664960936216,1.108781803817872,1.668256733517368,1.108781803817872,1.668256733517368,1.668256733517368,1.454656545286994,0.0,0.0,4.844079252916265,0.0,1.454656545286994,0.048933318786995486,1.0692058552856238,3.765230746374e-312,0.0,0.0,0.0,0.0,0.0,6.475849773970962e-06,1.000826655394013,3.227853124285087e-20,0.0,0.0,3.918385253342013e-06,6.475849773970932e-06,1.000826655394013,6.475849773970962e-06,1.000826655394013,0.029316284086019398,-4.030908280646865e-10,2.149664960945717,1.108781803818008,1.668256733516703,1.108781803818008,1.668256733516703,1.175040429006776,0.7640930166009063,1.175040429006776,1.257305544257672,0.7640930166009063,0.6662601058265266,0.4932125276567658,0.0,4.844079252922672,0.0,0.6662601058265266,0.9516676000693802,-0.029269019933218798,6.963366743482464e-250,0.0,0.0,0.0,0.0,0.0,6.475849773970962e-06,1.000826655394013,3.0538825724565405e-20,0.0
16.0471,0.0,4.14726e-07,0.0,1.0,0.0,3.917108645982515e-06,6.475849773970962e-06,1.000826655394013,0.0,3.9171086459824744e-06,6.475849773970962e-06,1.000826655394013,6.475849773970962e-06,1.000826655394013,0.0,0.0,0.0,6.475849773970962e-06,1.000826655394013,0.0,0.0,0.0,3.918385242132411e-06,6.47584977397093e-06,1.000826655394013,6.475849773970962e-06,1.000826655394013,0.029316284085832766,-4.0322736930829516e-10,2.149664960933752,1.108781803817842,1.668256733517513,1.108781803817842,1.668256733517513,1.668256733517513,1.4546565452853797,0.0,0.0,4.844079252910731,0.0,1.4546565452853797,0.048933318785813994,1.0692058552805426,3.76523074637e-312,0.0,0.0,0.0,0.0,0.0,6.475849773970962e-06,1.000826655394013,3.227853124269083e-20,0.0,0.0,3.9183852421322295e-06,6.475849773970932e-06,1.000826655394013,6.475849773970962e-06,1.000826655394013,0.029316284085989956,-4.032273689819796e-10,2.14966496094354,1.108781803817981,1.66825673351683,1.108781803817981,1.66825673351683,1.175040429006657,0.7640930166001209,1.175040429006657,1.257305544257928,0.7640930166001209,0.6662601058258542,0.49321252765780693,0.0,4.844079252917736,0.0,0.6662601058258542,0.9516676000717845,-0.0292690199327595,3.76523074654e-312,0.0,0.0,0.0,0.0,0.0,6.475849773970962e-06,1.000826655394013,3.053882572449038e-20,0.0
17.147100000000002,0.0,-2.974746e-07,0.0,1.0,0.0,3.917108645982515e-06,6.475849773970962e-06,1.000826655394013,0.0,3.9171086459824744e-06,6.475849773970962e-06,1.000826655394013,6.475849773970962e-06,1.000826655394013,0.0,0.0,0.0,6.475849773970962e-06,1.000826655394013,0.0,0.0,0.0,3.918385242132408e-06,6.47584977397093e-06,1.000826655394013,6.475849773970962e-06,1.000826655394013,0.029316284085799477,-4.0322736962474257e-10,2.149664960931292,1.108781803817813,1.668256733517658,1.108781803817813,1.668256733517658,1.668256733517658,1.454656545283785,0.0,0.0,4.8440792529052406,0.0,1.454656545283785,0.048933318784646934,1.0692058552755226,3.76523074637e-312,0.0,0.0,0.0,0.0,0.0,6.475849773970962e-06,1.000826655394013,3.2278531242543206e-20,0.0,0.0,3.918385242132227e-06,6.475849773970932e-06,1.000826655394013,6.475849773970962e-06,1.000826655394013,0.029316284085959966,-4.032273693127023e-10,2.149664960941349,1.108781803817955,1.66825673351696,1.108781803817955,1.66825673351696,1.175040429006538,0.7640930165993302,1.175040429006538,1.257305544258185,0.76409301659933,0.6662601058251779,0.4932125276588551,0.0,4.844079252912731,0.0,0.6662601058251779,0.951667600074203,-0.029269019932297604,3.765230746537e-312,0.0,0.0,0.0,0.0,0.0,6.475849773970962e-06,1.000826655394013,3.053882572441324e-20,0.0
18.2471,0.0,2.295561e-07,0.0,1.0,0.0,3.917108645982515e-06,6.475849773970962e-06,1.000826655394013,0.0,3.9171086459824744e-06,6.475849773970962e-06,1.000826655394013,6.475849773970962e-06,1.000826655394013,0.0,0.0,0.0,6.475849773970962e-06,1.000826655394013,0.0,0.0,0.0,3.918385242132406e-06,6.47584977397093e-06,1.000826655394013,6.475849773970962e-06,1.000826655394013,0.029316284085766475,-4.0322736996463537e-10,2.149664960928867,1.108781803817783,1.668256733517801,1.108781803817783,1.668256733517801,1.668256733517801,1.454656545282162,0.0,0.0,4.844079252899689,0.0,1.454656545282162,0.04893331878345922,1.0692058552704125,3.765230746364e-312,0.0,0.0,0.0,0.0,0.0,6.475849773970962e-06,1.000826655394013,3.227853124238464e-20,0.0,0.0,3.9183852421322245e-06,6.475849773970932e-06,1.000826655394013,6.475849773970962e-06,1.000826655394013,0.029316284085929577,-4.0322736963831986e-10,2.149664960939122,1.108781803817928,1.668256733517093,1.108781803817928,1.668256733517093,1.175040429006416,0.7640930165985268,1.175040429006416,1.257305544258447,0.7640930165985269,0.6662601058245075,0.49321252765992013,0.0,4.844079252907721,0.0,0.6662601058245075,0.9516676000766002,-0.029269019931839637,3.765230746537e-312,0.0,0.0,0.0,0.0,0.0,6.475849773970962e-06,1.000826655394013,3.0538825724337284e-20,0.0
19.3471,0.0,-1.588626e-07,0.0,1.0,0.0,3.917108645982515e-06,6.475849773970962e-06,1.000826655394013,0.0,3.9171086459824744e-06,6.475849773970962e-06,1.000826655394013,6.475849773970962e-06,1.000826655394013,0.0,0.0,0.0,6.475849773970962e-06,1.000826655394013,0.0,0.0,0.0,3.918385242132403e-06,6.47584977397093e-06,1.000826655394013,6.475849773970962e-06,1.000826655394013,0.029316284085733026,-4.0322737029576456e-10,2.149664960926418,1.108781803817754,1.668256733517946,1.108781803817754,1.668256733517946,1.668256733517946,1.454656545280548,0.0,0.0,4.84407925289425,0.0,1.454656545280548,0.04893331878227793,1.0692058552653325,3.76523074636e-312,0.0,0.0,0.0,0.0,0.0,6.475849773970962e-06,1.000826655394013,3.227853124223017e-20,0.0,0.0,3.918385242132222e-06,6.475849773970932e-06,1.000826655394013,6.475849773970962e-06,1.000826655394013,0.029316284085898845,-4.032273699765867e-10,2.149664960936922,1.108781803817901,1.668256733517226,1.108781803817901,1.668256733517226,1.175040429006296,0.7640930165977324,1.175040429006296,1.257305544258705,0.7640930165977324,0.6662601058238259,0.4932125276609729,0.0,4.844079252902752,0.0,0.6662601058238259,0.951667600079037,-0.029269019931374176,3.76523074653e-312,0.0,0.0,0.0,0.0,0.0,6.475849773970962e-06,1.000826655394013,3.053882572425838e-20,0.0
20.4471,0.0,1.285684e-07,0.0,1.0,0.0,3.917108645982515e-06,6.475849773970962e-06,1.000826655394013,0.0,3.9171086459824744e-06,6.475849773970962e-06,1.000826655394013,6.475849773970962e-06,1.000826655394013,0.0,0.0,0.0,6.475849773970962e-06,1.000826655394013,0.0,0.0,0.0,3.918385242132401e-06,6.47584977397093e-06,1.000826655394013,6.475849773970962e-06,1.000826655394013,0.029316284085699938,-4.0322737062811327e-10,2.149664960923987,1.108781803817724,1.66825673351809,1.108781803817724,1.66825673351809,1.66825673351809,1.454656545278991,0.0,0.0,4.844079252888763,0.0,1.454656545278991,0.04893331878113817,1.0692058552604295,3.765230746354e-312,0.0,0.0,0.0,0.0,0.0,6.475849773970962e-06,1.000826655394013,3.2278531242075127e-20,0.0,0.0,3.918385242132219e-06,6.475849773970932e-06,1.000826655394013,6.475849773970962e-06,1.000826655394013,0.029316284085868345,-4.032273703017977e-10,2.149664960934689,1.108781803817874,1.668256733517359,1.108781803817874,1.668256733517359,1.175040429006174,0.7640930165969266,1.175040429006174,1.257305544258968,0.7640930165969266,0.6662601058231585,0.4932125276620411,0.0,4.844079252897762,0.0,0.6662601058231585,0.9516676000814235,-0.029269019930918315,3.765230746527e-312,0.0,0.0,0.0,0.0,0.0,6.475849773970962e-06,1.000826655394013,3.053882572418253e-20,0.0
21.5471,0.0,-8.326663e-08,0.0,1.0,0.0,3.917108645982515e-06,6.475849773970962e-06,1.000826655394013,0.0,3.9171086459824744e-06,6.475849773970962e-06,1.000826655394013,6.475849773970962e-06,1.000826655394013,0.0,0.0,0.0,6.475849773970962e-06,1.000826655394013,0.0,0.0,0.0,3.918385242132398e-06,6.47584977397093e-06,1.000826655394013,6.475849773970962e-06,1.000826655394013,0.029316284085666496,-4.032273709592425e-10,2.149664960921537,1.108781803817695,1.668256733518235,1.108781803817695,1.668256733518235,1.668256733518235,1.454656545277376,0.0,0.0,4.844079252883285,0.0,1.454656545277376,0.048933318779956235,1.0692058552553445,3.76523074635e-312,0.0,0.0,0.0,0.0,0.0,6.475849773970962e-06,1.000826655394013,3.227853124192065e-20,0.0,0.0,3.918385242132217e-06,6.475849773970932e-06,1.000826655394013,6.475849773970962e-06,1.000826655394013,0.029316284085838026,-4.032273706329269e-10,2.149664960932454,1.108781803817847,1.66825673351749,1.108781803817847,1.66825673351749,1.175040429006052,0.76409301659612,1.175040429006052,1.25730554425923,0.7640930165961202,0.6662601058224855,0.49321252766311036,0.0,4.844079252892781,0.0,0.6662601058224855,0.9516676000838296,-0.029269019930458627,3.76523074652e-312,0.0,0.0,0.0,0.0,0.0,6.475849773970962e-06,1.000826655394013,3.053882572410529e-20,0.0
22.0,0.0,4.893616e-08,0.0,1.0,0.0,3.917108645982519e-06,6.475849773970962e-06,1.000826655394013,0.0,3.91710864598247e-06,6.475849773970962e-06,1.000826655394013,6.475849773970962e-06,1.000826655394013,0.0,0.0,0.0,6.475849773970962e-06,1.000826655394013,0.0,0.0,0.0,3.918404561409404e-06,6.47584977397093e-06,1.000826655394013,6.475849773970962e-06,1.000826655394013,0.02931628408565289,2.005802196211603e-09,2.149664960920539,1.108781803817683,1.668256733518295,1.108781803817683,1.668256733518295,1.668256733518295,1.45465654527672,0.0,0.0,4.844079252881041,0.0,1.45465654527672,0.04893331877947626,1.069205855253282,4.745909379327e-312,0.0,0.0,0.0,0.0,0.0,6.475849773970962e-06,1.000826655394013,3.218725199566341e-20,2.220446049250313e-16,0.0,3.918404561409247e-06,6.475849773970933e-06,1.000826655394013,6.475849773970962e-06,1.000826655394013,0.02931628408582516,2.005802196320024e-09,2.149664960931551,1.108781803817835,1.668256733517546,1.108781803817835,1.668256733517546,1.175040429006003,0.7640930165957942,1.175040429006003,1.257305544259336,0.7640930165957942,0.6662601058222056,0.4932125276635422,0.0,4.844079252890762,0.0,0.6662601058222056,0.9516676000848303,-0.02926901993026754,4.745909379465e-312,0.0,0.0,0.0,0.0,0.0,6.475849773970962e-06,1.000826655394013,2.964615315390051e-20,6.661338147750939e-16
