time_ns,input_v,hspice_native_pad_v,hspice_native_ku,hspice_native_kd,legacy_input_v,legacy_pad_v,legacy_ku,legacy_kd,coefficient_value_match_input_v,coefficient_value_match_pad_v,coefficient_value_match_ku,coefficient_value_match_kd,coefficient_value_match_kuleg,coefficient_value_match_kdleg,coefficient_value_match_hfall_after_rise,coefficient_value_match_hrise_after_fall,coefficient_value_match_hreverse_edge,coefficient_value_match_kutarget,coefficient_value_match_kdtarget,coefficient_value_match_coeff_jump_ku,coefficient_value_match_coeff_jump_kd,pad_voltage_input_v,pad_voltage_pad_v,pad_voltage_ku,pad_voltage_kd,pad_voltage_kuleg,pad_voltage_kdleg,pad_voltage_padsamp,pad_voltage_padslewpre,pad_voltage_padslewsamp,pad_voltage_tr_pad_early,pad_voltage_tf_pad_early,pad_voltage_tr_pad_late,pad_voltage_tf_pad_late,pad_voltage_padstartcmd,pad_voltage_padstart_latch,pad_voltage_padstartspan,pad_voltage_padmatch_ambiguous,pad_voltage_pmt0,pad_voltage_pmelapsed,pad_voltage_padarg,pad_voltage_kupadmatch,pad_voltage_kdpadmatch,pad_voltage_padmapactive,pad_voltage_hfall_after_rise,pad_voltage_hrise_after_fall,pad_voltage_hreverse_edge,pad_voltage_pmsample,pad_voltage_pmlatchpulse,pad_voltage_kutarget,pad_voltage_kdtarget,pad_voltage_coeff_jump_ku,pad_voltage_coeff_jump_kd,pad_slew_input_v,pad_slew_pad_v,pad_slew_ku,pad_slew_kd,pad_slew_kuleg,pad_slew_kdleg,pad_slew_padsamp,pad_slew_padslewpre,pad_slew_padslewsamp,pad_slew_tr_pad_early,pad_slew_tf_pad_early,pad_slew_tr_pad_late,pad_slew_tf_pad_late,pad_slew_tr_pad_score,pad_slew_tf_pad_score,pad_slew_tr_pad_score_late,pad_slew_tf_pad_score_late,pad_slew_padstartcmd,pad_slew_padstart_latch,pad_slew_padstartspan,pad_slew_padmatch_ambiguous,pad_slew_pmt0,pad_slew_pmelapsed,pad_slew_padarg,pad_slew_kupadmatch,pad_slew_kdpadmatch,pad_slew_padmapactive,pad_slew_hfall_after_rise,pad_slew_hrise_after_fall,pad_slew_hreverse_edge,pad_slew_pmsample,pad_slew_pmlatchpulse,pad_slew_kutarget,pad_slew_kdtarget,pad_slew_coeff_jump_ku,pad_slew_coeff_jump_kd
0.0,0.0,8.962829e-09,0.0,1.0,0.0,8.916893870535275e-09,0.0,1.0,0.0,8.916893870535275e-09,0.0,1.0,0.0,1.0,0.0,0.0,0.0,0.0,1.0,0.0,0.0,0.0,8.916893870535275e-09,0.0,0.9999999999999999,0.0,1.0,0.0,0.0,0.0,0.1626240004903894,11.58314141590642,1.06940634300869,13.98314141590596,11.58314141590642,0.0,2.399999999999544,1.0,0.0,0.0,0.0,0.9868245456194074,0.01225488636315029,0.0,0.0,0.0,0.0,0.0,0.0,0.0,1.0,0.0,1.110223024625157e-16,0.0,8.916893870535275e-09,0.0,0.9999999999999999,0.0,1.0,0.0,0.0,0.0,0.1626240004903894,11.58314141590642,1.06940634300869,13.98314141590596,0.6643238726460741,13.783141415906,0.9266901922220062,13.783141415906,13.783141415906,0.0,0.0,0.0,0.0,0.0,0.0,0.9868245456194074,0.01225488636315029,0.0,0.0,0.0,0.0,0.0,0.0,0.0,1.0,0.0,1.110223024625157e-16
0.001,0.0,8.962829e-09,0.0,1.0,0.0,8.916817015547838e-09,0.0,1.0,0.0,8.916817015547838e-09,0.0,1.0,0.0,1.0,0.0,0.0,0.0,0.0,1.0,0.0,0.0,0.0,8.916819827881132e-09,0.0,0.9999999999999996,0.0,1.0,0.0,7.066837619184404e-12,0.0,0.1626240004903894,11.58314141590642,1.06940634300869,13.98314141590596,11.58314141590642,0.0,2.399999999999544,1.0,0.0,0.0,0.0,0.9868245456194074,0.01225488636315029,0.0,0.0,0.0,0.0,0.0,0.0,0.0,1.0,0.0,3.95516952522712e-16,0.0,8.916819827881132e-09,0.0,0.9999999999999996,0.0,1.0,0.0,7.066837619184404e-12,0.0,0.1626240004903894,11.58314141590642,1.06940634300869,13.98314141590596,0.6643238726460741,13.783141415906,0.9266901922220062,13.783141415906,13.783141415906,0.0,0.0,0.0,0.0,0.0,0.0,0.9868245456194074,0.01225488636315029,0.0,0.0,0.0,0.0,0.0,0.0,0.0,1.0,0.0,3.95516952522712e-16
0.002,0.0,8.962829e-09,0.0,1.0,0.0,8.916739950925144e-09,0.0,1.0,0.0,8.916739950925144e-09,0.0,1.0,0.0,1.0,0.0,0.0,0.0,0.0,1.0,0.0,0.0,0.0,8.916751872436946e-09,0.0,0.9999999999999997,0.0,1.0,0.0,1.280936946197109e-11,0.0,0.1626240004903894,11.58314141590642,1.06940634300869,13.98314141590596,11.58314141590642,0.0,2.399999999999544,1.0,0.0,0.0,0.0,0.9868245456194074,0.01225488636315029,0.0,0.0,0.0,0.0,0.0,0.0,0.0,1.0,0.0,3.816391647148976e-16,0.0,8.916751872436946e-09,0.0,0.9999999999999997,0.0,1.0,0.0,1.280936946197109e-11,0.0,0.1626240004903894,11.58314141590642,1.06940634300869,13.98314141590596,0.6643238726460741,13.783141415906,0.9266901922220062,13.783141415906,13.783141415906,0.0,0.0,0.0,0.0,0.0,0.0,0.9868245456194074,0.01225488636315029,0.0,0.0,0.0,0.0,0.0,0.0,0.0,1.0,0.0,3.816391647148976e-16
0.0052,0.0,8.962829e-09,0.0,1.0,0.0,8.916525560491459e-09,0.0,1.0,0.0,8.916525560491459e-09,0.0,1.0,0.0,1.0,0.0,0.0,0.0,0.0,1.0,0.0,0.0,0.0,8.916432392463743e-09,0.0,0.9999999999999999,0.0,1.0,0.0,3.659538028546743e-11,0.0,0.1626240004903894,11.58314141590642,1.06940634300869,13.98314141590596,11.58314141590642,0.0,2.399999999999544,1.0,0.0,0.0,0.0,0.9868245456194074,0.01225488636315029,0.0,0.0,0.0,0.0,0.0,0.0,0.0,1.0,0.0,1.5099033134902132e-16,0.0,8.916432392463743e-09,0.0,0.9999999999999999,0.0,1.0,0.0,3.659538028546743e-11,0.0,0.1626240004903894,11.58314141590642,1.06940634300869,13.98314141590596,0.6643238726460741,13.783141415906,0.9266901922220062,13.783141415906,13.783141415906,0.0,0.0,0.0,0.0,0.0,0.0,0.9868245456194074,0.01225488636315029,0.0,0.0,0.0,0.0,0.0,0.0,0.0,1.0,0.0,1.5099033134902132e-16
0.01544,0.0,8.962829e-09,0.0,1.0,0.0,8.91515043658487e-09,0.0,1.0,0.0,8.91515043658487e-09,0.0,1.0,0.0,1.0,0.0,0.0,0.0,0.0,1.0,0.0,0.0,0.0,8.915836255159313e-09,0.0,1.0,0.0,1.0,0.0,4.9823472862327345e-11,0.0,0.1626240004903894,11.58314141590642,1.06940634300869,13.98314141590596,11.58314141590642,0.0,2.399999999999544,1.0,0.0,0.0,0.0,0.9868245456194074,0.01225488636315029,0.0,0.0,0.0,0.0,0.0,0.0,0.0,1.0,0.0,0.0,0.0,8.915836255159313e-09,0.0,1.0,0.0,1.0,0.0,4.9823472862327345e-11,0.0,0.1626240004903894,11.58314141590642,1.06940634300869,13.98314141590596,0.6643238726460741,13.783141415906,0.9266901922220062,13.783141415906,13.783141415906,0.0,0.0,0.0,0.0,0.0,0.0,0.9868245456194074,0.01225488636315029,0.0,0.0,0.0,0.0,0.0,0.0,0.0,1.0,0.0,0.0
0.048208,0.0,8.962829e-09,0.0,1.0,0.0,8.910827203318983e-09,0.0,1.0,0.0,8.910827203318983e-09,0.0,1.0,0.0,1.0,0.0,0.0,0.0,0.0,1.0,0.0,0.0,0.0,8.914208128305192e-09,0.0,1.0,0.0,1.0,0.0,4.847955266320221e-11,0.0,0.1626240004903894,11.58314141590642,1.06940634300869,13.98314141590596,11.58314141590642,0.0,2.399999999999544,1.0,0.0,0.0,0.0,0.9868245456194074,0.01225488636315029,0.0,0.0,0.0,0.0,0.0,0.0,0.0,1.0,0.0,0.0,0.0,8.914208128305192e-09,0.0,1.0,0.0,1.0,0.0,4.847955266320221e-11,0.0,0.1626240004903894,11.58314141590642,1.06940634300869,13.98314141590596,0.6643238726460741,13.783141415906,0.9266901922220062,13.783141415906,13.783141415906,0.0,0.0,0.0,0.0,0.0,0.0,0.9868245456194074,0.01225488636315029,0.0,0.0,0.0,0.0,0.0,0.0,0.0,1.0,0.0,0.0
0.1530656,0.0,8.962829e-09,0.0,1.0,0.0,8.899785842555011e-09,0.0,1.0,0.0,8.899785842555011e-09,0.0,1.0,0.0,1.0,0.0,0.0,0.0,0.0,1.0,0.0,0.0,0.0,8.910047406456463e-09,0.0,1.0,0.0,1.0,0.0,3.4292182863403005e-11,0.0,0.1626240004903894,11.58314141590642,1.06940634300869,13.98314141590596,11.58314141590642,0.0,2.399999999999544,1.0,0.0,0.0,0.0,0.9868245456194074,0.01225488636315029,0.0,0.0,0.0,0.0,0.0,0.0,0.0,1.0,0.0,0.0,0.0,8.910047406456463e-09,0.0,1.0,0.0,1.0,0.0,3.4292182863403005e-11,0.0,0.1626240004903894,11.58314141590642,1.06940634300869,13.98314141590596,0.6643238726460741,13.783141415906,0.9266901922220062,13.783141415906,13.783141415906,0.0,0.0,0.0,0.0,0.0,0.0,0.9868245456194074,0.01225488636315029,0.0,0.0,0.0,0.0,0.0,0.0,0.0,1.0,0.0,0.0
0.4886099,0.0,8.962829e-09,0.0,1.0,0.0,8.882058783040607e-09,0.0,1.0,0.0,8.882058783040607e-09,0.0,1.0,0.0,1.0,0.0,0.0,0.0,0.0,1.0,0.0,0.0,0.0,8.90335147762173e-09,0.0,1.0,0.0,1.0,0.0,1.1208778857691984e-11,0.0,0.1626240004903894,11.58314141590642,1.06940634300869,13.98314141590596,11.58314141590642,0.0,2.399999999999544,1.0,0.0,0.0,0.0,0.9868245456194074,0.01225488636315029,0.0,0.0,0.0,0.0,0.0,0.0,0.0,1.0,0.0,0.0,0.0,8.90335147762173e-09,0.0,1.0,0.0,1.0,0.0,1.1208778857691984e-11,0.0,0.1626240004903894,11.58314141590642,1.06940634300869,13.98314141590596,0.6643238726460741,13.783141415906,0.9266901922220062,13.783141415906,13.783141415906,0.0,0.0,0.0,0.0,0.0,0.0,0.9868245456194074,0.01225488636315029,0.0,0.0,0.0,0.0,0.0,0.0,0.0,1.0,0.0,0.0
1.562352,0.0,8.962829e-09,0.0,1.0,0.0,8.87373922431732e-09,0.0,1.0,0.0,8.87373922431732e-09,0.0,1.0,0.0,1.0,0.0,0.0,0.0,0.0,1.0,0.0,0.0,0.0,8.90019087622378e-09,0.0,1.0,0.0,1.0,0.0,3.129864573708002e-13,0.0,0.1626240004903894,11.58314141590642,1.06940634300869,13.98314141590596,11.58314141590642,0.0,2.399999999999544,1.0,0.0,0.0,0.0,0.9868245456194074,0.01225488636315029,0.0,0.0,0.0,0.0,0.0,0.0,0.0,1.0,0.0,0.0,0.0,8.90019087622378e-09,0.0,1.0,0.0,1.0,0.0,3.129864573708002e-13,0.0,0.1626240004903894,11.58314141590642,1.06940634300869,13.98314141590596,0.6643238726460741,13.783141415906,0.9266901922220062,13.783141415906,13.783141415906,0.0,0.0,0.0,0.0,0.0,0.0,0.9868245456194074,0.01225488636315029,0.0,0.0,0.0,0.0,0.0,0.0,0.0,1.0,0.0,0.0
2.662352,0.0,8.962829e-09,0.0,1.0,0.0,8.873509414757013e-09,0.0,1.0,0.0,8.873509414757013e-09,0.0,1.0,0.0,1.0,0.0,0.0,0.0,0.0,1.0,0.0,0.0,0.0,8.90010240928606e-09,0.0,1.0,0.0,1.0,0.0,8.007352345307842e-15,0.0,0.1626240004903894,11.58314141590642,1.06940634300869,13.98314141590596,11.58314141590642,0.0,2.399999999999544,1.0,0.0,0.0,0.0,0.9868245456194074,0.01225488636315029,0.0,0.0,0.0,0.0,0.0,0.0,0.0,1.0,0.0,0.0,0.0,8.90010240928606e-09,0.0,1.0,0.0,1.0,0.0,8.007352345307842e-15,0.0,0.1626240004903894,11.58314141590642,1.06940634300869,13.98314141590596,0.6643238726460741,13.783141415906,0.9266901922220062,13.783141415906,13.783141415906,0.0,0.0,0.0,0.0,0.0,0.0,0.9868245456194074,0.01225488636315029,0.0,0.0,0.0,0.0,0.0,0.0,0.0,1.0,0.0,0.0
3.762352,0.0,8.962829e-09,0.0,1.0,0.0,8.873503614353401e-09,0.0,1.0,0.0,8.873503614353401e-09,0.0,1.0,0.0,1.0,0.0,0.0,0.0,0.0,1.0,0.0,0.0,0.0,8.900100145974408e-09,0.0,1.0,0.0,1.0,0.0,2.0485814887723387e-16,0.0,0.1626240004903894,11.58314141590642,1.06940634300869,13.98314141590596,11.58314141590642,0.0,2.399999999999544,1.0,0.0,0.0,0.0,0.9868245456194074,0.01225488636315029,0.0,0.0,0.0,0.0,0.0,0.0,0.0,1.0,0.0,0.0,0.0,8.900100145974408e-09,0.0,1.0,0.0,1.0,0.0,2.0485814887723387e-16,0.0,0.1626240004903894,11.58314141590642,1.06940634300869,13.98314141590596,0.6643238726460741,13.783141415906,0.9266901922220062,13.783141415906,13.783141415906,0.0,0.0,0.0,0.0,0.0,0.0,0.9868245456194074,0.01225488636315029,0.0,0.0,0.0,0.0,0.0,0.0,0.0,1.0,0.0,0.0
4.862352,0.0,8.962829e-09,0.0,1.0,0.0,8.873503467950933e-09,0.0,1.0,0.0,8.873503467950933e-09,0.0,1.0,0.0,1.0,0.0,0.0,0.0,0.0,1.0,0.0,0.0,0.0,8.900100088070538e-09,0.0,1.0,0.0,1.0,0.0,5.2413458569535085e-18,0.0,0.1626240004903894,11.58314141590642,1.06940634300869,13.98314141590596,11.58314141590642,0.0,2.399999999999544,1.0,0.0,0.0,0.0,0.9868245456194074,0.01225488636315029,0.0,0.0,0.0,0.0,0.0,0.0,0.0,1.0,0.0,0.0,0.0,8.900100088070538e-09,0.0,1.0,0.0,1.0,0.0,5.2413458569535085e-18,0.0,0.1626240004903894,11.58314141590642,1.06940634300869,13.98314141590596,0.6643238726460741,13.783141415906,0.9266901922220062,13.783141415906,13.783141415906,0.0,0.0,0.0,0.0,0.0,0.0,0.9868245456194074,0.01225488636315029,0.0,0.0,0.0,0.0,0.0,0.0,0.0,1.0,0.0,0.0
5.0,0.0,8.962829e-09,0.0,1.0,0.0,8.873620782371473e-09,0.0,1.0,0.0,8.873620782371473e-09,0.0,1.0,0.0,1.0,0.0,0.0,0.0,0.0,1.0,0.0,0.0,0.0,8.899848365210034e-09,0.0,0.9999999999999997,0.0,1.0,0.0,2.099550545826133e-11,0.0,0.1626240004903894,11.58314141590642,1.06940634300869,13.98314141590596,11.58314141590642,0.0,2.399999999999544,1.0,0.0,0.0,0.0,0.9868245456194074,0.01225488636315029,0.0,0.0,0.0,0.0,0.0,0.0,0.0,1.0,0.0,3.33066907387547e-16,0.0,8.899848365210034e-09,0.0,0.9999999999999997,0.0,1.0,0.0,2.099550545826133e-11,0.0,0.1626240004903894,11.58314141590642,1.06940634300869,13.98314141590596,0.6643238726460741,13.783141415906,0.9266901922220062,13.783141415906,13.783141415906,0.0,0.0,0.0,0.0,0.0,0.0,0.9868245456194074,0.01225488636315029,0.0,0.0,0.0,0.0,0.0,0.0,0.0,1.0,0.0,3.33066907387547e-16
5.0003,0.0198,8.962829e-09,0.0,1.0,0.01979999999999157,8.873661065967574e-09,0.0,1.0,0.01979999999999157,8.873661065967574e-09,0.0,1.0,0.0,1.0,0.0,0.0,0.0,0.0,1.0,0.0,0.0,0.01979999999999157,8.899867365741983e-09,0.0,0.9999999999999996,0.0,1.0,0.0,1.853407049455598e-11,0.0,0.1626240004903894,11.58314141590642,1.06940634300869,13.98314141590596,11.58314141590642,0.0,2.399999999999544,1.0,0.0,0.0,0.0,0.9868245456194074,0.01225488636315029,0.0,0.0,0.0,0.0,0.0,0.0,0.0,1.0,0.0,4.440892098500626e-16,0.01979999999999157,8.899867365741983e-09,0.0,0.9999999999999996,0.0,1.0,0.0,1.853407049455598e-11,0.0,0.1626240004903894,11.58314141590642,1.06940634300869,13.98314141590596,0.6643238726460741,13.783141415906,0.9266901922220062,13.783141415906,13.783141415906,0.0,0.0,0.0,0.0,0.0,0.0,0.9868245456194074,0.01225488636315029,0.0,0.0,0.0,0.0,0.0,0.0,0.0,1.0,0.0,4.440892098500626e-16
5.001259999999999,0.08316,8.962829e-09,0.0,1.0,0.08315999999991625,8.873744635056456e-09,0.0,1.0,0.08315999999991625,8.873744635056456e-09,0.0,1.0,0.0,1.0,0.0,0.0,0.0,0.0,1.0,0.0,0.0,0.08315999999991625,8.899886923413596e-09,0.0,0.9999999999999996,0.0,1.0,0.0,1.5015925996539688e-11,0.0,0.1626240004903894,11.58314141590642,1.06940634300869,13.98314141590596,11.58314141590642,0.0,2.399999999999544,1.0,0.0,0.0,0.0,0.9868245456194074,0.01225488636315029,0.0,0.0,0.0,0.0,0.0,0.0,0.0,1.0,0.0,4.440892098500626e-16,0.08315999999991625,8.899886923413596e-09,0.0,0.9999999999999996,0.0,1.0,0.0,1.5015925996539688e-11,0.0,0.1626240004903894,11.58314141590642,1.06940634300869,13.98314141590596,0.6643238726460741,13.783141415906,0.9266901922220062,13.783141415906,13.783141415906,0.0,0.0,0.0,0.0,0.0,0.0,0.9868245456194074,0.01225488636315029,0.0,0.0,0.0,0.0,0.0,0.0,0.0,1.0,0.0,4.440892098500626e-16
5.004332,0.285912,8.962829e-09,0.0,1.0,0.2859119999999866,8.874029575996173e-09,0.0,1.0,0.2859119999999866,8.874029575996173e-09,0.0,1.0,0.0,1.0,0.0,0.0,0.0,0.0,1.0,0.0,0.0,0.2859119999999866,8.899850053741295e-09,0.0,0.9999999999999996,0.0,1.0,0.0,1.455670329010907e-11,0.0,0.1626240004903894,11.58314141590642,1.06940634300869,13.98314141590596,11.58314141590642,0.0,2.399999999999544,1.0,0.0,0.0,0.0,0.9868245456194074,0.01225488636315029,0.0,0.0,0.0,0.0,0.0,0.0,0.0,1.0,0.0,4.0700776082757207e-16,0.2859119999999866,8.899850053741295e-09,0.0,0.9999999999999996,0.0,1.0,0.0,1.455670329010907e-11,0.0,0.1626240004903894,11.58314141590642,1.06940634300869,13.98314141590596,0.6643238726460741,13.783141415906,0.9266901922220062,13.783141415906,13.783141415906,0.0,0.0,0.0,0.0,0.0,0.0,0.9868245456194074,0.01225488636315029,0.0,0.0,0.0,0.0,0.0,0.0,0.0,1.0,0.0,4.0700776082757207e-16
5.010221,0.6746,8.962829e-09,0.0,1.0,0.6745859999999556,8.874183246581159e-09,0.0,1.0,0.6745859999999556,8.874183246581159e-09,0.0,1.0,0.0,1.0,0.0,0.0,0.0,0.0,1.0,0.0,0.0,0.6745859999999556,8.899764249895137e-09,0.0,1.0,0.0,1.0,0.0,1.3872978481483591e-11,0.0,0.1626240004903894,11.58314141590642,1.06940634300869,13.98314141590596,11.58314141590642,0.0,2.399999999999544,1.0,0.0,0.0,0.0,0.9868245456194074,0.01225488636315029,0.0,0.0,0.0,0.0,0.0,0.0,0.0,1.0,0.0,0.0,0.6745859999999556,8.899764249895137e-09,0.0,1.0,0.0,1.0,0.0,1.3872978481483591e-11,0.0,0.1626240004903894,11.58314141590642,1.06940634300869,13.98314141590596,0.6643238726460741,13.783141415906,0.9266901922220062,13.783141415906,13.783141415906,0.0,0.0,0.0,0.0,0.0,0.0,0.9868245456194074,0.01225488636315029,0.0,0.0,0.0,0.0,0.0,0.0,0.0,1.0,0.0,0.0
5.011221,0.7406,8.962829e-09,0.0,1.0,0.7405860000000012,8.874184266801968e-09,0.0,1.0,0.7405860000000012,8.874184266801968e-09,0.0,1.0,0.0,1.0,0.0,0.0,0.0,0.0,1.0,0.0,0.0,0.7405860000000012,8.89976355594248e-09,0.0,1.0,0.0,1.0,0.0,1.2604550686326043e-11,0.0,0.1626240004903894,11.58314141590642,1.06940634300869,13.98314141590596,11.58314141590642,0.0,2.399999999999544,1.0,0.0,0.0,0.0,0.9868245456194074,0.01225488636315029,0.0,0.0,0.0,0.0,0.0,0.0,0.0,1.0,0.0,0.0,0.7405860000000012,8.89976355594248e-09,0.0,1.0,0.0,1.0,0.0,1.2604550686326043e-11,0.0,0.1626240004903894,11.58314141590642,1.06940634300869,13.98314141590596,0.6643238726460741,13.783141415906,0.9266901922220062,13.783141415906,13.783141415906,0.0,0.0,0.0,0.0,0.0,0.0,0.9868245456194074,0.01225488636315029,0.0,0.0,0.0,0.0,0.0,0.0,0.0,1.0,0.0,0.0
5.012220999999999,0.8066,8.962829e-09,0.0,1.0,0.8065859999999654,8.874183282267866e-09,0.0,1.0,0.8065859999999654,8.874183282267866e-09,0.0,1.0,0.0,1.0,0.0,0.0,0.0,0.0,1.0,0.0,0.0,0.8065859999999654,8.899763970940107e-09,0.0,1.0,0.0,1.0,0.0,1.1402587271619126e-11,0.0,0.1626240004903894,11.58314141590642,1.06940634300869,13.98314141590596,11.58314141590642,0.0,2.399999999999544,1.0,0.0,0.0,0.0,0.9868245456194074,0.01225488636315029,0.0,0.0,0.0,0.0,0.0,0.0,0.0,1.0,0.0,0.0,0.8065859999999654,8.899763970940107e-09,0.0,1.0,0.0,1.0,0.0,1.1402587271619126e-11,0.0,0.1626240004903894,11.58314141590642,1.06940634300869,13.98314141590596,0.6643238726460741,13.783141415906,0.9266901922220062,13.783141415906,13.783141415906,0.0,0.0,0.0,0.0,0.0,0.0,0.9868245456194074,0.01225488636315029,0.0,0.0,0.0,0.0,0.0,0.0,0.0,1.0,0.0,0.0
5.012621,0.833,4.425222e-06,0.004570847,0.9977215,0.8329860000000213,8.874182888454226e-09,0.0,1.0,0.8329860000000213,8.874182888454226e-09,0.0,1.0,0.0,1.0,0.0,0.0,0.0,0.0,1.0,0.0,0.0,0.8329860000000213,8.899764136939158e-09,0.0,1.0,0.0,1.0,0.0,1.0921801905735078e-11,0.0,0.1626240004903894,11.58314141590642,1.06940634300869,13.98314141590596,11.58314141590642,0.0,2.399999999999544,1.0,0.0,0.0,0.0,0.9868245456194074,0.01225488636315029,0.0,0.0,0.0,0.0,0.0,0.0,0.0,1.0,0.0,0.0,0.8329860000000213,8.899764136939158e-09,0.0,1.0,0.0,1.0,0.0,1.0921801905735078e-11,0.0,0.1626240004903894,11.58314141590642,1.06940634300869,13.98314141590596,0.6643238726460741,13.783141415906,0.9266901922220062,13.783141415906,13.783141415906,0.0,0.0,0.0,0.0,0.0,0.0,0.9868245456194074,0.01225488636315029,0.0,0.0,0.0,0.0,0.0,0.0,0.0,1.0,0.0,0.0
5.013076,0.8630284,1.173011e-05,0.008727732,0.9956463,0.8630159999999987,8.874182375917603e-09,0.0,1.0,0.8630159999999987,8.874182375917603e-09,0.0,1.0,0.0,1.0,0.0,0.0,0.0,0.0,1.0,0.0,0.0,0.8630159999999987,8.899764361457628e-09,0.0,1.0,0.0,1.0,0.0,1.0387595222464197e-11,0.0,0.1626240004903894,11.58314141590642,1.06940634300869,13.98314141590596,11.58314141590642,0.0,2.399999999999544,1.0,0.0,0.0,0.0,0.9868245456194074,0.01225488636315029,0.0,0.0,0.0,0.0,0.0,0.0,0.0,1.0,0.0,0.0,0.8630159999999987,8.899764361457628e-09,0.0,1.0,0.0,1.0,0.0,1.0387595222464197e-11,0.0,0.1626240004903894,11.58314141590642,1.06940634300869,13.98314141590596,0.6643238726460741,13.783141415906,0.9266901922220062,13.783141415906,13.783141415906,0.0,0.0,0.0,0.0,0.0,0.0,0.9868245456194074,0.01225488636315029,0.0,0.0,0.0,0.0,0.0,0.0,0.0,1.0,0.0,0.0
5.014192,0.936644,4.890941e-05,0.01891849,0.9905589,0.9366720000000365,8.874180328965137e-09,0.0,1.0,0.9366720000000365,8.874180328965137e-09,0.0,1.0,0.0,1.0,0.0,0.0,0.0,0.0,1.0,0.0,0.0,0.9366720000000365,8.899765348741285e-09,0.0,1.0,0.0,1.0,0.0,9.232497790982637e-12,0.0,0.1626240004903894,11.58314141590642,1.06940634300869,13.98314141590596,11.58314141590642,0.0,2.399999999999544,1.0,0.0,0.0,0.0,0.9868245456194074,0.01225488636315029,0.0,0.0,0.0,0.0,0.0,0.0,0.0,1.0,0.0,0.0,0.9366720000000365,8.899765348741285e-09,0.0,1.0,0.0,1.0,0.0,9.232497790982637e-12,0.0,0.1626240004903894,11.58314141590642,1.06940634300869,13.98314141590596,0.6643238726460741,13.783141415906,0.9266901922220062,13.783141415906,13.783141415906,0.0,0.0,0.0,0.0,0.0,0.0,0.9868245456194074,0.01225488636315029,0.0,0.0,0.0,0.0,0.0,0.0,0.0,1.0,0.0,0.0
5.016005,1.056337,0.0001374296,0.02169832,0.9893525,1.056329999999998,8.874176728398926e-09,0.0,1.0,1.056329999999998,8.874176728398926e-09,0.0,1.0,0.0,1.0,0.0,0.0,0.0,0.0,1.0,0.0,0.0,1.056329999999998,8.899767104572354e-09,0.0,1.0,0.0,1.0,0.0,7.52817848646001e-12,0.0,0.1626240004903894,11.58314141590642,1.06940634300869,13.98314141590596,11.58314141590642,0.0,2.399999999999544,1.0,0.0,0.0,0.0,0.9868245456194074,0.01225488636315029,0.0,0.0,0.0,0.0,0.0,0.0,0.0,1.0,0.0,0.0,1.056329999999998,8.899767104572354e-09,0.0,1.0,0.0,1.0,0.0,7.52817848646001e-12,0.0,0.1626240004903894,11.58314141590642,1.06940634300869,13.98314141590596,0.6643238726460741,13.783141415906,0.9266901922220062,13.783141415906,13.783141415906,0.0,0.0,0.0,0.0,0.0,0.0,0.9868245456194074,0.01225488636315029,0.0,0.0,0.0,0.0,0.0,0.0,0.0,1.0,0.0,0.0
5.0182,1.201187,0.0002526338,0.02224103,0.9893381,1.2012000000000607,8.874172003522708e-09,0.0,1.0,1.2012000000000607,8.874172003522708e-09,0.0,1.0,0.0,1.0,0.0,0.0,0.0,0.0,1.0,0.0,0.0,1.2012000000000607,8.899769432197854e-09,0.0,1.0,0.0,1.0,0.0,5.8153526158571765e-12,0.0,0.1626240004903894,11.58314141590642,1.06940634300869,13.98314141590596,11.58314141590642,0.0,2.399999999999544,1.0,0.0,0.0,0.0,0.9868245456194074,0.01225488636315029,0.0,0.0,0.0,0.0,0.0,0.0,0.0,1.0,0.0,0.0,1.2012000000000607,8.899769432197854e-09,0.0,1.0,0.0,1.0,0.0,5.8153526158571765e-12,0.0,0.1626240004903894,11.58314141590642,1.06940634300869,13.98314141590596,0.6643238726460741,13.783141415906,0.9266901922220062,13.783141415906,13.783141415906,0.0,0.0,0.0,0.0,0.0,0.0,0.9868245456194074,0.01225488636315029,0.0,0.0,0.0,0.0,0.0,0.0,0.0,1.0,0.0,0.0
5.020833,1.374992,0.0003506017,0.009348288,0.9941916,1.3749779999999954,8.874166206779791e-09,0.0,1.0,1.3749779999999954,8.874166206779791e-09,0.0,1.0,0.0,1.0,0.0,0.0,0.0,0.0,1.0,0.0,0.0,1.3749779999999954,8.899772295577438e-09,0.0,1.0,0.0,1.0,0.0,4.179185006880305e-12,0.0,0.1626240004903894,11.58314141590642,1.06940634300869,13.98314141590596,11.58314141590642,0.0,2.399999999999544,1.0,0.0,0.0,0.0,0.9868245456194074,0.01225488636315029,0.0,0.0,0.0,0.0,0.0,0.0,0.0,1.0,0.0,0.0,1.3749779999999954,8.899772295577438e-09,0.0,1.0,0.0,1.0,0.0,4.179185006880305e-12,0.0,0.1626240004903894,11.58314141590642,1.06940634300869,13.98314141590596,0.6643238726460741,13.783141415906,0.9266901922220062,13.783141415906,13.783141415906,0.0,0.0,0.0,0.0,0.0,0.0,0.9868245456194074,0.01225488636315029,0.0,0.0,0.0,0.0,0.0,0.0,0.0,1.0,0.0,0.0
5.025,1.650004,0.0003457692,-0.009348746,1.00085,1.6500000000000399,8.874157049324723e-09,0.0,1.0,1.6500000000000983,8.874519791726578e-09,0.0,1.0,0.0,1.0,0.0,0.0,0.0,0.0,1.0,0.0,0.0,1.6500000000000399,8.89977681944925e-09,0.0,1.0,0.0,1.0,0.0,2.356323252094195e-12,0.0,0.1626240004903894,11.58314141590642,1.06940634300869,13.98314141590596,0.1626240004903894,0.0,0.9067823425183004,1.0,0.0,0.0,0.0,0.02073874534365481,0.990187129966237,0.0,0.0,0.0,0.0,0.0,0.0,0.0,1.0,0.0,0.0,1.6500000000000399,8.89977681944925e-09,0.0,1.0,0.0,1.0,0.0,2.356323252094195e-12,0.0,0.1626240004903894,11.58314141590642,1.06940634300869,13.98314141590596,0.6643238726460741,13.783141415906,0.9266901922220062,13.783141415906,0.6643238726460741,0.0,0.2623663195759321,0.0,0.0,0.0,0.0,0.02073874534365481,0.990187129966237,0.0,0.0,0.0,0.0,0.0,0.0,0.0,1.0,0.0,0.0
5.0290170000000005,1.915132,0.0002475502,-0.01004997,1.002701,1.9151220000001106,8.874148328051493e-09,0.0,1.0,1.9151220000000233,8.874878763214642e-09,0.0,1.0,0.0,1.0,0.0,0.0,0.0,0.0,1.0,0.0,0.0,1.9151220000001106,8.899781124898873e-09,0.0,1.0,0.0,1.0,0.0,1.2076404269445131e-12,0.0,0.1626240004903894,11.58314141590642,1.06940634300869,13.98314141590596,0.1626240004903894,0.0,0.9067823425183004,1.0,0.0,0.0,0.0,0.02073874534365481,0.990187129966237,0.0,0.0,0.0,0.0,0.0,0.0,0.0,1.0,0.0,0.0,1.9151220000001106,8.899781124898873e-09,0.0,1.0,0.0,1.0,0.0,1.2076404269445131e-12,0.0,0.1626240004903894,11.58314141590642,1.06940634300869,13.98314141590596,0.6643238726460741,13.783141415906,0.9266901922220062,13.783141415906,0.6643238726460741,0.0,0.2623663195759321,0.0,0.0,0.0,0.0,0.02073874534365481,0.990187129966237,0.0,0.0,0.0,0.0,0.0,0.0,0.0,1.0,0.0,0.0
5.034745,2.293171,9.734856e-05,-0.01115686,1.006358,2.29317000000001,0.00409942730038947,1.0,0.0,2.2931700000000026,-6.286527545579046e-05,-0.009108450757580175,1.003149131159945,-0.009108450757580175,1.003149131159945,0.0,0.0,0.0,-0.009108450757580175,1.003149131159945,0.0,0.0,2.2931700000000013,0.0006177044498030199,0.288406110491193,0.7117235518971092,1.0,0.0,0.0,0.05804482457018405,0.0,0.1626240004903894,11.58314141590642,1.06940634300869,13.98314141590596,0.1626240004903894,0.0,0.9067823425183004,1.0,0.0,0.0,0.0,0.02073874534365481,0.990187129966237,0.0,0.0,0.0,0.0,0.0,0.0,1.0,0.0,0.711593889508807,0.7117235518971092,2.2931700000000013,0.0006177044498030199,0.288406110491193,0.7117235518971092,1.0,0.0,0.0,0.05804482457018405,0.0,0.1626240004903894,11.58314141590642,1.06940634300869,13.98314141590596,0.6643238726460741,13.783141415906,0.9266901922220062,13.783141415906,0.6643238726460741,0.0,0.2623663195759321,0.0,0.0,0.0,0.0,0.02073874534365481,0.990187129966237,0.0,0.0,0.0,0.0,0.0,0.0,1.0,0.0,0.711593889508807,0.7117235518971092
5.04072,2.687535,-5.538877e-05,-0.009922806,0.9978059,2.687520000000031,0.0042945184045789534,-0.009108450757580175,1.003149131159945,2.687520000000087,-0.00019045545013565048,-0.009108450757580175,1.003149131159945,-0.009108450757580175,1.003149131159945,0.0,0.0,0.0,-0.009108450757580175,1.003149131159945,0.0,0.0,2.687520000000046,0.003328231514658556,0.09300302250487721,0.9029342652059941,-0.009108450757580048,1.0031491311599443,0.0,0.22526505214037934,0.0,0.1626240004903894,11.58314141590642,1.06940634300869,13.98314141590596,0.1626240004903894,0.0,0.9067823425183004,1.0,0.0,0.0,0.0,0.02073874534365481,0.990187129966237,0.0,0.0,0.0,0.0,0.0,0.0,-0.009108450757580048,1.0031491311599443,0.1021114732624573,0.10021486595395021,2.687520000000046,0.003328231514658556,0.09300302250487721,0.9029342652059941,-0.009108450757580048,1.0031491311599443,0.0,0.22526505214037934,0.0,0.1626240004903894,11.58314141590642,1.06940634300869,13.98314141590596,0.6643238726460741,13.783141415906,0.9266901922220062,13.783141415906,0.6643238726460741,0.0,0.2623663195759321,0.0,0.0,0.0,0.0,0.02073874534365481,0.990187129966237,0.0,0.0,0.0,0.0,0.0,0.0,-0.009108450757580048,1.0031491311599443,0.1021114732624573,0.10021486595395021
5.05,3.3,-0.0002149815,-0.004679053,1.008834,3.2999999999998826,0.004025234457082572,-0.009835863414451244,1.002985581393959,3.2999999999998826,-0.00040017008585235196,-0.009835863414451149,1.002985581393958,-0.009835863414451149,1.002985581393958,0.0,0.0,0.0,-0.009835863414451149,1.002985581393958,0.0,0.0,3.2999999999998826,0.00410425053898412,0.008050600613241728,0.9869370301632315,-0.009835863414451244,1.002985581393959,0.0,0.13093548904899796,0.0,0.1626240004903894,11.58314141590642,1.06940634300869,13.98314141590596,0.1626240004903894,0.0,0.9067823425183004,1.0,0.0,0.0,0.0,0.02073874534365481,0.990187129966237,0.0,0.0,0.0,0.0,0.0,0.0,-0.009835863414451244,1.002985581393959,0.01788646402769297,0.016048551230727404,3.2999999999998826,0.00410425053898412,0.008050600613241728,0.9869370301632315,-0.009835863414451244,1.002985581393959,0.0,0.13093548904899796,0.0,0.1626240004903894,11.58314141590642,1.06940634300869,13.98314141590596,0.6643238726460741,13.783141415906,0.9266901922220062,13.783141415906,0.6643238726460741,0.0,0.2623663195759321,0.0,0.0,0.0,0.0,0.02073874534365481,0.990187129966237,0.0,0.0,0.0,0.0,0.0,0.0,-0.009835863414451244,1.002985581393959,0.01788646402769297,0.016048551230727404
5.0502460000000005,3.3,-0.0002175896,-0.004689331,1.008848,3.3,0.004016085722194533,-0.009835863414451244,1.002985581393959,3.3,-0.0004056839783142242,-0.009835863414451293,1.0029855813939597,-0.009835863414451293,1.0029855813939597,0.0,0.0,0.0,-0.009835863414451293,1.0029855813939597,0.0,0.0,3.3,0.00410524765687723,0.00720629834385599,0.9876945766633939,-0.009835863414451397,1.0029855813939605,0.0,0.12787867154676,0.0,0.1626240004903894,11.58314141590642,1.06940634300869,13.98314141590596,0.1626240004903894,0.0,0.9067823425183004,1.0,0.0,0.0,0.0,0.02073874534365481,0.990187129966237,0.0,0.0,0.0,0.0,0.0,0.0,-0.009835863414451397,1.0029855813939605,0.01704216175830739,0.015291004730566498,3.3,0.00410524765687723,0.00720629834385599,0.9876945766633939,-0.009835863414451397,1.0029855813939605,0.0,0.12787867154676,0.0,0.1626240004903894,11.58314141590642,1.06940634300869,13.98314141590596,0.6643238726460741,13.783141415906,0.9266901922220062,13.783141415906,0.6643238726460741,0.0,0.2623663195759321,0.0,0.0,0.0,0.0,0.02073874534365481,0.990187129966237,0.0,0.0,0.0,0.0,0.0,0.0,-0.009835863414451397,1.0029855813939605,0.01704216175830739,0.015291004730566498
5.05074,3.3,-0.0002228317,-0.004709956,1.008875,3.3,0.003997728055901492,-0.009835863414451227,1.0029855813939588,3.3,-0.00041674442856619233,-0.009835863414451338,1.00298558139396,-0.009835863414451338,1.00298558139396,0.0,0.0,0.0,-0.009835863414451338,1.00298558139396,0.0,0.0,3.3,0.004105883292730987,0.00562368281994158,0.9891145714860016,-0.009835863414451284,1.0029855813939594,0.0,0.12181896611981043,0.0,0.1626240004903894,11.58314141590642,1.06940634300869,13.98314141590596,0.1626240004903894,0.0,0.9067823425183004,1.0,0.0,0.0,0.0,0.02073874534365481,0.990187129966237,0.0,0.0,0.0,0.0,0.0,0.0,-0.009835863414451284,1.0029855813939594,0.015459546234392862,0.013871009907957754,3.3,0.004105883292730987,0.00562368281994158,0.9891145714860016,-0.009835863414451284,1.0029855813939594,0.0,0.12181896611981043,0.0,0.1626240004903894,11.58314141590642,1.06940634300869,13.98314141590596,0.6643238726460741,13.783141415906,0.9266901922220062,13.783141415906,0.6643238726460741,0.0,0.2623663195759321,0.0,0.0,0.0,0.0,0.02073874534365481,0.990187129966237,0.0,0.0,0.0,0.0,0.0,0.0,-0.009835863414451284,1.0029855813939594,0.015459546234392862,0.013871009907957754
5.05232,3.3,-0.0002381141,-0.003937109,1.007245,3.3,0.003939209352657882,-0.009835863414451224,1.0029855813939588,3.3,-0.0004498774002621823,-0.007822177428918466,1.0024988707870324,-0.007822177428918466,1.0024988707870324,0.0,0.0,0.0,-0.007822177428918466,1.0024988707870324,0.0,0.0,3.3,0.004097216926131291,0.0014469949115566158,0.9928620863535963,-0.009835863414451189,1.0029855813939585,0.0,0.10326953693325554,0.0,0.1626240004903894,11.58314141590642,1.06940634300869,13.98314141590596,0.1626240004903894,0.0,0.9067823425183004,1.0,0.0,0.0,0.0,0.02073874534365481,0.990187129966237,0.0,0.0,0.0,0.0,0.0,0.0,-0.009835863414451189,1.0029855813939585,0.011282858326007806,0.010123495040362229,3.3,0.004097216926131291,0.0014469949115566158,0.9928620863535963,-0.009835863414451189,1.0029855813939585,0.0,0.10326953693325554,0.0,0.1626240004903894,11.58314141590642,1.06940634300869,13.98314141590596,0.6643238726460741,13.783141415906,0.9266901922220062,13.783141415906,0.6643238726460741,0.0,0.2623663195759321,0.0,0.0,0.0,0.0,0.02073874534365481,0.990187129966237,0.0,0.0,0.0,0.0,0.0,0.0,-0.009835863414451189,1.0029855813939585,0.011282858326007806,0.010123495040362229
5.055618,3.3,-0.0002544412,-0.0008491516,1.000889,3.3,0.0039051031528609813,-0.0056801593260974,1.00670697274011,3.3,-0.0004897177844073742,-0.00583978284180749,1.006370419269922,-0.00583978284180749,1.006370419269922,0.0,0.0,0.0,-0.00583978284180749,1.006370419269922,0.0,0.0,3.3,0.004064438951483243,0.002295352303012678,0.9958958854022326,-0.005680159326097011,1.0067069727401103,0.0,0.07141334469430595,0.0,0.1626240004903894,11.58314141590642,1.06940634300869,13.98314141590596,0.1626240004903894,0.0,0.9067823425183004,1.0,0.0,0.0,0.0,0.02073874534365481,0.990187129966237,0.0,0.0,0.0,0.0,0.0,0.0,-0.005680159326097011,1.0067069727401103,0.00797551162910969,0.01081108733787823,3.3,0.004064438951483243,0.002295352303012678,0.9958958854022326,-0.005680159326097011,1.0067069727401103,0.0,0.07141334469430595,0.0,0.1626240004903894,11.58314141590642,1.06940634300869,13.98314141590596,0.6643238726460741,13.783141415906,0.9266901922220062,13.783141415906,0.6643238726460741,0.0,0.2623663195759321,0.0,0.0,0.0,0.0,0.02073874534365481,0.990187129966237,0.0,0.0,0.0,0.0,0.0,0.0,-0.005680159326097011,1.0067069727401103,0.00797551162910969,0.01081108733787823
5.060655,3.3,-0.0002588568,-0.0005954368,1.000476,3.3,0.003770790937875287,-0.005680159326098456,1.006706972740108,3.3,-0.0005497611529450822,-0.005680159326097951,1.006706972740109,-0.005680159326097951,1.006706972740109,0.0,0.0,0.0,-0.005680159326097951,1.006706972740109,0.0,0.0,3.3,0.003989046706273213,-0.0028031764150147935,1.0028005462121703,-0.005680159326098857,1.0067069727401072,0.0,0.03706941786500576,0.0,0.1626240004903894,11.58314141590642,1.06940634300869,13.98314141590596,0.1626240004903894,0.0,0.9067823425183004,1.0,0.0,0.0,0.0,0.02073874534365481,0.990187129966237,0.0,0.0,0.0,0.0,0.0,0.0,-0.005680159326098857,1.0067069727401072,0.0028769829110840625,0.003906426527936947,3.3,0.003989046706273213,-0.0028031764150147935,1.0028005462121703,-0.005680159326098857,1.0067069727401072,0.0,0.03706941786500576,0.0,0.1626240004903894,11.58314141590642,1.06940634300869,13.98314141590596,0.6643238726460741,13.783141415906,0.9266901922220062,13.783141415906,0.6643238726460741,0.0,0.2623663195759321,0.0,0.0,0.0,0.0,0.02073874534365481,0.990187129966237,0.0,0.0,0.0,0.0,0.0,0.0,-0.005680159326098857,1.0067069727401072,0.0028769829110840625,0.003906426527936947
5.066488,3.3,-0.0002618047,-0.0005523641,1.000511,3.3,0.003683603110566068,-0.0034478790693571954,1.007352706302003,3.3,-0.0005930799420038033,-0.0034752285166215115,1.0074072669854226,-0.0034752285166215115,1.0074072669854226,0.0,0.0,0.0,-0.0034752285166215115,1.0074072669854226,0.0,0.0,3.3,0.0038838760041526523,-0.000458646010551458,1.0030254125766034,-0.003447879069357406,1.007352706302004,0.0,0.012860194007115631,0.0,0.1626240004903894,11.58314141590642,1.06940634300869,13.98314141590596,0.1626240004903894,0.0,0.9067823425183004,1.0,0.0,0.0,0.0,0.02073874534365481,0.990187129966237,0.0,0.0,0.0,0.0,0.0,0.0,-0.003447879069357406,1.007352706302004,0.0029892330588059493,0.00432729372540039,3.3,0.0038838760041526523,-0.000458646010551458,1.0030254125766034,-0.003447879069357406,1.007352706302004,0.0,0.012860194007115631,0.0,0.1626240004903894,11.58314141590642,1.06940634300869,13.98314141590596,0.6643238726460741,13.783141415906,0.9266901922220062,13.783141415906,0.6643238726460741,0.0,0.2623663195759321,0.0,0.0,0.0,0.0,0.02073874534365481,0.990187129966237,0.0,0.0,0.0,0.0,0.0,0.0,-0.003447879069357406,1.007352706302004,0.0029892330588059493,0.00432729372540039
5.074625,3.3,-0.0002646626,-0.0004761816,1.000575,3.3,0.0035437001568757198,0.0069445518774421434,0.9956355691469284,3.3,-0.0006359703696972879,-0.002175299248240549,1.004813977673433,-0.002175299248240549,1.004813977673433,0.0,0.0,0.0,-0.002175299248240549,1.004813977673433,0.0,0.0,3.3,0.003747131586022312,-0.0001149951342543974,1.0039825357028818,0.02073874534365481,0.990187129966237,0.0,0.003753753370721862,0.0,0.1626240004903894,11.58314141590642,1.06940634300869,13.98314141590596,0.1626240004903894,0.0,0.9067823425183004,1.0,0.0,0.0,0.0,0.02073874534365481,0.990187129966237,0.0,0.0,0.0,0.0,0.0,0.0,0.02073874534365481,0.990187129966237,0.02085374047790921,0.013795405736644353,3.3,0.003747131586022312,-0.0001149951342543974,1.0039825357028818,0.02073874534365481,0.990187129966237,0.0,0.003753753370721862,0.0,0.1626240004903894,11.58314141590642,1.06940634300869,13.98314141590596,0.6643238726460741,13.783141415906,0.9266901922220062,13.783141415906,0.6643238726460741,0.0,0.2623663195759321,0.0,0.0,0.0,0.0,0.02073874534365481,0.990187129966237,0.0,0.0,0.0,0.0,0.0,0.0,0.02073874534365481,0.990187129966237,0.02085374047790921,0.013795405736644353
5.100662000000001,3.3,-0.0002551802,4.910591e-05,0.9984921,3.3,0.003257664912402085,-0.0003136930615300502,0.9912410649160148,3.3,-0.0006478006116092947,-0.00031370214327957203,0.9912416686366214,-0.00031370214327957203,0.9912416686366214,0.0,0.0,0.0,-0.00031370214327957203,0.9912416686366214,0.0,0.0,3.3,0.003457764470159658,0.000632039983437002,0.9941956988191161,-0.0003136843624784681,0.9912404866357304,0.0,0.009451701913863646,0.0,0.1626240004903894,11.58314141590642,1.06940634300869,13.98314141590596,0.1626240004903894,0.0,0.9067823425183004,1.0,0.0,0.0,0.0,0.02073874534365481,0.990187129966237,0.0,0.0,0.0,0.0,0.0,0.0,-0.0003136843624784681,0.9912404866357304,0.0009457243459154701,0.002955212183385656,3.3,0.003457764470159658,0.000632039983437002,0.9941956988191161,-0.0003136843624784681,0.9912404866357304,0.0,0.009451701913863646,0.0,0.1626240004903894,11.58314141590642,1.06940634300869,13.98314141590596,0.6643238726460741,13.783141415906,0.9266901922220062,13.783141415906,0.6643238726460741,0.0,0.2623663195759321,0.0,0.0,0.0,0.0,0.02073874534365481,0.990187129966237,0.0,0.0,0.0,0.0,0.0,0.0,-0.0003136843624784681,0.9912404866357304,0.0009457243459154701,0.002955212183385656
5.133995,3.3,-0.0001777647,0.001264842,1.001052,3.3,0.0030279557522830958,0.0006898637492050096,1.0006100874187127,3.3,-0.0005566446585495374,0.0009346932130684564,1.0011723816864733,0.0009346932130684564,1.0011723816864733,0.0,0.0,0.0,0.0009346932130684564,1.0011723816864733,0.0,0.0,3.3,0.003224029366804388,0.0018672794349022203,0.9995335949591265,0.0005703251857776772,1.000335545915697,0.0,0.0066952076729388564,0.0,0.1626240004903894,11.58314141590642,1.06940634300869,13.98314141590596,0.1626240004903894,0.0,0.9067823425183004,1.0,0.0,0.0,0.0,0.02073874534365481,0.990187129966237,0.0,0.0,0.0,0.0,0.0,0.0,0.0005703251857776772,1.000335545915697,0.0012969542491245432,0.0008019509565708226,3.3,0.003224029366804388,0.0018672794349022203,0.9995335949591265,0.0005703251857776772,1.000335545915697,0.0,0.0066952076729388564,0.0,0.1626240004903894,11.58314141590642,1.06940634300869,13.98314141590596,0.6643238726460741,13.783141415906,0.9266901922220062,13.783141415906,0.6643238726460741,0.0,0.2623663195759321,0.0,0.0,0.0,0.0,0.02073874534365481,0.990187129966237,0.0,0.0,0.0,0.0,0.0,0.0,0.0005703251857776772,1.000335545915697,0.0012969542491245432,0.0008019509565708226
5.167328,3.3,-4.292428e-05,0.001770631,1.000501,3.3,0.0028776206752890885,0.0014947453729480965,0.9958182453288046,3.3,-0.0004024614928200062,0.0014938981652007585,0.995812955895014,0.0014938981652007585,0.995812955895014,0.0,0.0,0.0,0.0014938981652007585,0.995812955895014,0.0,0.0,3.3,0.0030601864999390367,0.0025841471815175143,0.9951458264797151,0.0014952959450096144,0.9958216827554284,0.0,0.004573888415590709,0.0,0.1626240004903894,11.58314141590642,1.06940634300869,13.98314141590596,0.1626240004903894,0.0,0.9067823425183004,1.0,0.0,0.0,0.0,0.02073874534365481,0.990187129966237,0.0,0.0,0.0,0.0,0.0,0.0,0.0014952959450096144,0.9958216827554284,0.0010888512365078997,0.000675856275713322,3.3,0.0030601864999390367,0.0025841471815175143,0.9951458264797151,0.0014952959450096144,0.9958216827554284,0.0,0.004573888415590709,0.0,0.1626240004903894,11.58314141590642,1.06940634300869,13.98314141590596,0.6643238726460741,13.783141415906,0.9266901922220062,13.783141415906,0.6643238726460741,0.0,0.2623663195759321,0.0,0.0,0.0,0.0,0.02073874534365481,0.990187129966237,0.0,0.0,0.0,0.0,0.0,0.0,0.0014952959450096144,0.9958216827554284,0.0010888512365078997,0.000675856275713322
5.200662,3.3,0.0001159406,0.002270173,1.000917,3.3,0.00273926671851994,0.0019809010256405636,0.9988534962988671,3.3,-0.00022446454633250477,0.0019808953565860713,0.9988534609048467,0.0019808953565860713,0.9988534609048467,0.0,0.0,0.0,0.0019808953565860713,0.9988534609048467,0.0,0.0,3.3,0.002931517230031855,0.002509342481055698,0.998200775802931,0.0019809839951791045,0.998854014308626,0.0,0.003419646658469785,0.0,0.1626240004903894,11.58314141590642,1.06940634300869,13.98314141590596,0.1626240004903894,0.0,0.9067823425183004,1.0,0.0,0.0,0.0,0.02073874534365481,0.990187129966237,0.0,0.0,0.0,0.0,0.0,0.0,0.0019809839951791045,0.998854014308626,0.0005283584858765929,0.0006532385056949503,3.3,0.002931517230031855,0.002509342481055698,0.998200775802931,0.0019809839951791045,0.998854014308626,0.0,0.003419646658469785,0.0,0.1626240004903894,11.58314141590642,1.06940634300869,13.98314141590596,0.6643238726460741,13.783141415906,0.9266901922220062,13.783141415906,0.6643238726460741,0.0,0.2623663195759321,0.0,0.0,0.0,0.0,0.02073874534365481,0.990187129966237,0.0,0.0,0.0,0.0,0.0,0.0,0.0019809839951791045,0.998854014308626,0.0005283584858765929,0.0006532385056949503
5.233995,3.3,0.0002917122,0.002652665,1.000263,3.3,0.0026232919061268925,0.002515506782194286,0.9957417406910278,3.3,-2.406871911178186e-05,0.0026238293717021793,0.9864443111162122,0.0026238293717021793,0.9864443111162122,0.0,0.0,0.0,0.0026238293717021793,0.9864443111162122,0.0,0.0,3.3,0.002828370487469206,0.0026779126121886736,1.0002521618335798,0.002459232188555773,1.001839896062418,0.0,0.0031429223452502067,0.0,0.1626240004903894,11.58314141590642,1.06940634300869,13.98314141590596,0.1626240004903894,0.0,0.9067823425183004,1.0,0.0,0.0,0.0,0.02073874534365481,0.990187129966237,0.0,0.0,0.0,0.0,0.0,0.0,0.002459232188555773,1.001839896062418,0.00021868042363290102,0.001587734228837534,3.3,0.002828370487469206,0.0026779126121886736,1.0002521618335798,0.002459232188555773,1.001839896062418,0.0,0.0031429223452502067,0.0,0.1626240004903894,11.58314141590642,1.06940634300869,13.98314141590596,0.6643238726460741,13.783141415906,0.9266901922220062,13.783141415906,0.6643238726460741,0.0,0.2623663195759321,0.0,0.0,0.0,0.0,0.02073874534365481,0.990187129966237,0.0,0.0,0.0,0.0,0.0,0.0,0.002459232188555773,1.001839896062418,0.00021868042363290102,0.001587734228837534
5.267328,3.3,0.0004783745,0.003040449,1.000586,3.3,0.0025556555901524187,0.0029998337438457232,0.9903660482535083,3.3,0.00019172349444309913,0.0029991540722649037,0.9903589592580679,0.0029991540722649037,0.9903589592580679,0.0,0.0,0.0,0.0029991540722649037,0.9903589592580679,0.0,0.0,3.3,0.002759862506116762,0.003076407096582703,0.9907703931052612,0.0030002083235800953,0.9903699551316298,0.0,0.001931795396997742,0.0,0.1626240004903894,11.58314141590642,1.06940634300869,13.98314141590596,0.1626240004903894,0.0,0.9067823425183004,1.0,0.0,0.0,0.0,0.02073874534365481,0.990187129966237,0.0,0.0,0.0,0.0,0.0,0.0,0.0030002083235800953,0.9903699551316298,7.619877300260849e-05,0.0004004379736312877,3.3,0.002759862506116762,0.003076407096582703,0.9907703931052612,0.0030002083235800953,0.9903699551316298,0.0,0.001931795396997742,0.0,0.1626240004903894,11.58314141590642,1.06940634300869,13.98314141590596,0.6643238726460741,13.783141415906,0.9266901922220062,13.783141415906,0.6643238726460741,0.0,0.2623663195759321,0.0,0.0,0.0,0.0,0.02073874534365481,0.990187129966237,0.0,0.0,0.0,0.0,0.0,0.0,0.0030002083235800953,0.9903699551316298,7.619877300260849e-05,0.0004004379736312877
5.300662,3.3,0.0006789811,0.003533424,1.000995,3.3,0.002500954379872276,0.00338985163736443,0.994433946848683,3.3,0.00041760179167921055,0.003389847089371037,0.9944338994129724,0.003389847089371037,0.9944338994129724,0.0,0.0,0.0,0.003389847089371037,0.9944338994129724,0.0,0.0,3.3,0.002698126183516375,0.0032078151978240112,0.9945129703111077,0.003389989375685829,0.994435383463601,0.0,0.0017326466707268378,0.0,0.1626240004903894,11.58314141590642,1.06940634300869,13.98314141590596,0.1626240004903894,0.0,0.9067823425183004,1.0,0.0,0.0,0.0,0.02073874534365481,0.990187129966237,0.0,0.0,0.0,0.0,0.0,0.0,0.003389989375685829,0.994435383463601,0.00018217417786181765,7.758684750664121e-05,3.3,0.002698126183516375,0.0032078151978240112,0.9945129703111077,0.003389989375685829,0.994435383463601,0.0,0.0017326466707268378,0.0,0.1626240004903894,11.58314141590642,1.06940634300869,13.98314141590596,0.6643238726460741,13.783141415906,0.9266901922220062,13.783141415906,0.6643238726460741,0.0,0.2623663195759321,0.0,0.0,0.0,0.0,0.02073874534365481,0.990187129966237,0.0,0.0,0.0,0.0,0.0,0.0,0.003389989375685829,0.994435383463601,0.00018217417786181765,7.758684750664121e-05
5.333995,3.3,0.0008970094,0.004051184,1.001425,3.3,0.0024601524520931513,0.0038222130835543124,0.9989434899973212,3.3,0.0006529090479240911,0.003921612561940423,0.9999802296064707,0.003921612561940423,0.9999802296064707,0.0,0.0,0.0,0.003921612561940423,0.9999802296064707,0.0,0.0,3.3,0.0026641322209147405,0.003549266972508244,0.9985874871626347,0.0037735923416660536,0.9984363741677391,0.0,0.0008117286259849564,0.0,0.1626240004903894,11.58314141590642,1.06940634300869,13.98314141590596,0.1626240004903894,0.0,0.9067823425183004,1.0,0.0,0.0,0.0,0.02073874534365481,0.990187129966237,0.0,0.0,0.0,0.0,0.0,0.0,0.0037735923416660536,0.9984363741677391,0.00022432536915780994,0.0001511129948956393,3.3,0.0026641322209147405,0.003549266972508244,0.9985874871626347,0.0037735923416660536,0.9984363741677391,0.0,0.0008117286259849564,0.0,0.1626240004903894,11.58314141590642,1.06940634300869,13.98314141590596,0.6643238726460741,13.783141415906,0.9266901922220062,13.783141415906,0.6643238726460741,0.0,0.2623663195759321,0.0,0.0,0.0,0.0,0.02073874534365481,0.990187129966237,0.0,0.0,0.0,0.0,0.0,0.0,0.0037735923416660536,0.9984363741677391,0.00022432536915780994,0.0001511129948956393
5.367328,3.3,0.001138035,0.004740385,1.00318,3.3,0.002456733631239363,0.004359691280460266,1.0111276155183846,3.3,0.0008971548590445263,0.004358695598400657,1.0111744519301127,0.004358695598400657,1.0111744519301127,0.0,0.0,0.0,0.004358695598400657,1.0111744519301127,0.0,0.0,3.3,0.0026656132874102127,0.0039056553306501015,1.0057873545164573,0.004360241693842092,1.0111017243340221,0.0,0.00025714432693808793,0.0,0.1626240004903894,11.58314141590642,1.06940634300869,13.98314141590596,0.1626240004903894,0.0,0.9067823425183004,1.0,0.0,0.0,0.0,0.02073874534365481,0.990187129966237,0.0,0.0,0.0,0.0,0.0,0.0,0.004360241693842092,1.0111017243340221,0.00045458636319199117,0.005314369817564782,3.3,0.0026656132874102127,0.0039056553306501015,1.0057873545164573,0.004360241693842092,1.0111017243340221,0.0,0.00025714432693808793,0.0,0.1626240004903894,11.58314141590642,1.06940634300869,13.98314141590596,0.6643238726460741,13.783141415906,0.9266901922220062,13.783141415906,0.6643238726460741,0.0,0.2623663195759321,0.0,0.0,0.0,0.0,0.02073874534365481,0.990187129966237,0.0,0.0,0.0,0.0,0.0,0.0,0.004360241693842092,1.0111017243340221,0.00045458636319199117,0.005314369817564782
5.400662,3.3,0.001401998,0.005320727,1.003452,3.3,0.00247663632392337,0.004696746951552028,1.006262534916516,3.3,0.001150400952401378,0.004696743483877008,1.0062625481774372,0.004696743483877008,1.0062625481774372,0.0,0.0,0.0,0.004696743483877008,1.0062625481774372,0.0,0.0,3.3,0.0027038625680281523,0.004465619344892252,1.0057553284153,0.004696854799663202,1.0062621224887953,0.0,0.0012390295294248438,0.0,0.1626240004903894,11.58314141590642,1.06940634300869,13.98314141590596,0.1626240004903894,0.0,0.9067823425183004,1.0,0.0,0.0,0.0,0.02073874534365481,0.990187129966237,0.0,0.0,0.0,0.0,0.0,0.0,0.004696854799663202,1.0062621224887953,0.0002312354547709505,0.0005067940734954349,3.3,0.0027038625680281523,0.004465619344892252,1.0057553284153,0.004696854799663202,1.0062621224887953,0.0,0.0012390295294248438,0.0,0.1626240004903894,11.58314141590642,1.06940634300869,13.98314141590596,0.6643238726460741,13.783141415906,0.9266901922220062,13.783141415906,0.6643238726460741,0.0,0.2623663195759321,0.0,0.0,0.0,0.0,0.02073874534365481,0.990187129966237,0.0,0.0,0.0,0.0,0.0,0.0,0.004696854799663202,1.0062621224887953,0.0002312354547709505,0.0005067940734954349
5.433995,3.3,0.001682027,0.005892622,1.003928,3.3,0.0024696889193499202,0.005026406399144122,1.005001866620896,3.3,0.001402771274142602,0.00510219478736581,1.0047120401987955,0.00510219478736581,1.0047120401987955,0.0,0.0,0.0,0.00510219478736581,1.0047120401987955,0.0,0.0,3.3,0.0027589210339232107,0.004358664904280286,1.0046455177118105,0.004983689438062582,1.0051652228326287,0.0,0.001777628489305378,0.0,0.1626240004903894,11.58314141590642,1.06940634300869,13.98314141590596,0.1626240004903894,0.0,0.9067823425183004,1.0,0.0,0.0,0.0,0.02073874534365481,0.990187129966237,0.0,0.0,0.0,0.0,0.0,0.0,0.004983689438062582,1.0051652228326287,0.0006250245337822963,0.0005197051208180537,3.3,0.0027589210339232107,0.004358664904280286,1.0046455177118105,0.004983689438062582,1.0051652228326287,0.0,0.001777628489305378,0.0,0.1626240004903894,11.58314141590642,1.06940634300869,13.98314141590596,0.6643238726460741,13.783141415906,0.9266901922220062,13.783141415906,0.6643238726460741,0.0,0.2623663195759321,0.0,0.0,0.0,0.0,0.02073874534365481,0.990187129966237,0.0,0.0,0.0,0.0,0.0,0.0,0.004983689438062582,1.0051652228326287,0.0006250245337822963,0.0005197051208180537
5.467328,3.3,0.001603703,-0.003279831,1.009334,3.3,0.0023610887931607622,-0.0021526171517263727,1.0048331514198972,3.3,0.001463504617935973,-0.0021365884754083065,1.0048770663178797,-0.0021365884754083065,1.0048770663178797,0.0,0.0,0.0,-0.0021365884754083065,1.0048770663178797,0.0,0.0,3.3,0.0027466982541846565,0.00037836557441468517,1.00538004750929,-0.0021590530309995824,1.004815518586337,0.0,0.002791408660521757,0.0,0.1626240004903894,11.58314141590642,1.06940634300869,13.98314141590596,0.1626240004903894,0.0,0.9067823425183004,1.0,0.0,0.0,0.0,0.02073874534365481,0.990187129966237,0.0,0.0,0.0,0.0,0.0,0.0,-0.0021590530309995824,1.004815518586337,0.0025374186054142674,0.0005645289229532118,3.3,0.0027466982541846565,0.00037836557441468517,1.00538004750929,-0.0021590530309995824,1.004815518586337,0.0,0.002791408660521757,0.0,0.1626240004903894,11.58314141590642,1.06940634300869,13.98314141590596,0.6643238726460741,13.783141415906,0.9266901922220062,13.783141415906,0.6643238726460741,0.0,0.2623663195759321,0.0,0.0,0.0,0.0,0.02073874534365481,0.990187129966237,0.0,0.0,0.0,0.0,0.0,0.0,-0.0021590530309995824,1.004815518586337,0.0025374186054142674,0.0005645289229532118
5.5,3.3,0.001094279,-0.005860572,1.012639,3.299999999999946,0.0018201266594905262,-0.004502092101431228,1.004360670620343,3.299999999999946,0.0010523227685147248,-0.004501911518038921,1.0043640023253888,-0.004501911518038921,1.0043640023253888,0.0,0.0,0.0,-0.004501911518038921,1.0043640023253888,0.0,0.0,3.299999999999946,0.0023042971579331933,-0.0037336275947999135,1.0049241474915132,-0.004503619847512852,1.004332484200399,0.0,0.014459791673094653,0.0,0.1626240004903894,11.58314141590642,1.06940634300869,13.98314141590596,0.1626240004903894,0.0,0.9067823425183004,1.0,0.0,0.0,0.0,0.02073874534365481,0.990187129966237,0.0,0.0,0.0,0.0,0.0,0.0,-0.004503619847512852,1.004332484200399,0.0007699922527129386,0.0005916632911146079,3.299999999999946,0.0023042971579331933,-0.0037336275947999135,1.0049241474915132,-0.004503619847512852,1.004332484200399,0.0,0.014459791673094653,0.0,0.1626240004903894,11.58314141590642,1.06940634300869,13.98314141590596,0.6643238726460741,13.783141415906,0.9266901922220062,13.783141415906,0.6643238726460741,0.0,0.2623663195759321,0.0,0.0,0.0,0.0,0.02073874534365481,0.990187129966237,0.0,0.0,0.0,0.0,0.0,0.0,-0.004503619847512852,1.004332484200399,0.0007699922527129386,0.0005916632911146079
5.501042,3.23125,0.001075546,-0.005941427,1.009019,3.2312280000000118,0.0018024748901572035,-0.004502122466308332,1.0043601103982032,3.231228000000021,0.0010373303675131644,-0.004502030541979619,1.0043618063722681,-0.004502030541979619,1.0043618063722681,0.0,0.0,0.0,-0.004502030541979619,1.0043618063722681,0.0,0.0,3.2312280000000118,0.00228668442237345,-0.003875557297788284,1.0048166819863558,-0.004502794506151951,1.0043477114809494,0.0,0.014699110824224697,0.0,0.1626240004903894,11.58314141590642,1.06940634300869,13.98314141590596,0.1626240004903894,0.0,0.9067823425183004,1.0,0.0,0.0,0.0,0.02073874534365481,0.990187129966237,0.0,0.0,0.0,0.0,0.0,0.0,-0.004502794506151951,1.0043477114809494,0.0006272372083636672,0.00046897050540622423,3.2312280000000118,0.00228668442237345,-0.003875557297788284,1.0048166819863558,-0.004502794506151951,1.0043477114809494,0.0,0.014699110824224697,0.0,0.1626240004903894,11.58314141590642,1.06940634300869,13.98314141590596,0.6643238726460741,13.783141415906,0.9266901922220062,13.783141415906,0.6643238726460741,0.0,0.2623663195759321,0.0,0.0,0.0,0.0,0.02073874534365481,0.990187129966237,0.0,0.0,0.0,0.0,0.0,0.0,-0.004502794506151951,1.0043477114809494,0.0006272372083636672,0.00046897050540622423
5.501971,3.169935,0.001058788,-0.006013538,1.005792,3.169914000000063,0.001786790133148757,-0.0045021461778914,1.0043596729271826,3.1699140000000217,0.0010237064966553138,-0.004798086754217828,1.0029724154698245,-0.004798086754217828,1.0029724154698245,0.0,0.0,0.0,-0.004798086754217828,1.0029724154698245,0.0,0.0,3.1699140000000328,0.002270753906113976,-0.003978952094175844,1.0047400379123304,-0.004502316651032535,1.0043565277529922,0.0,0.01491236447747604,0.0,0.1626240004903894,11.58314141590642,1.06940634300869,13.98314141590596,0.1626240004903894,0.0,0.9067823425183004,1.0,0.0,0.0,0.0,0.02073874534365481,0.990187129966237,0.0,0.0,0.0,0.0,0.0,0.0,-0.004502316651032535,1.0043565277529922,0.0005233645568566909,0.00038351015933830676,3.1699140000000328,0.002270753906113976,-0.003978952094175844,1.0047400379123304,-0.004502316651032535,1.0043565277529922,0.0,0.01491236447747604,0.0,0.1626240004903894,11.58314141590642,1.06940634300869,13.98314141590596,0.6643238726460741,13.783141415906,0.9266901922220062,13.783141415906,0.6643238726460741,0.0,0.2623663195759321,0.0,0.0,0.0,0.0,0.02073874534365481,0.990187129966237,0.0,0.0,0.0,0.0,0.0,0.0,-0.004502316651032535,1.0043565277529922,0.0005233645568566909,0.00038351015933830676
5.504944,2.973728,0.001004476,-0.006241325,0.9997732,2.9736960000000225,0.001712404883765617,0.0024164113960256956,1.0049442975471914,2.9736960000000217,0.0009762995802582886,-0.005260179469580033,1.0132062889684754,-0.005260179469580033,1.0132062889684754,0.0,0.0,0.0,-0.005260179469580033,1.0132062889684754,0.0,0.0,2.9736960000000052,0.0022198187155761905,-0.0033262589820332077,1.0041743411457138,0.004033990406101718,1.0077445692468896,0.0,0.01548381546324654,0.0,0.1626240004903894,11.58314141590642,1.06940634300869,13.98314141590596,0.1626240004903894,0.0,0.9067823425183004,1.0,0.0,0.0,0.0,0.02073874534365481,0.990187129966237,0.0,0.0,0.0,0.0,0.0,0.0,0.004033990406101718,1.0077445692468896,0.007360249388134925,0.0035702281011754816,2.9736960000000052,0.0022198187155761905,-0.0033262589820332077,1.0041743411457138,0.004033990406101718,1.0077445692468896,0.0,0.01548381546324654,0.0,0.1626240004903894,11.58314141590642,1.06940634300869,13.98314141590596,0.6643238726460741,13.783141415906,0.9266901922220062,13.783141415906,0.6643238726460741,0.0,0.2623663195759321,0.0,0.0,0.0,0.0,0.02073874534365481,0.990187129966237,0.0,0.0,0.0,0.0,0.0,0.0,0.004033990406101718,1.0077445692468896,0.007360249388134925,0.0035702281011754816
5.509704,2.659533,0.0009152326,-0.006608288,1.004627,2.659536000000002,0.0016256821422985673,-0.005261979483753383,1.0135273421759647,2.6595360000000516,0.000900740235109468,-0.005263352398980759,1.0135585800434201,-0.005263352398980759,1.0135585800434201,0.0,0.0,0.0,-0.005263352398980759,1.0135585800434201,0.0,0.0,2.6595360000000183,0.0021398971828338097,-0.0044597309277231035,1.0096347097775593,-0.005260206902753259,1.0134870107343497,0.0,0.016010331641790887,0.0,0.1626240004903894,11.58314141590642,1.06940634300869,13.98314141590596,0.1626240004903894,0.0,0.9067823425183004,1.0,0.0,0.0,0.0,0.02073874534365481,0.990187129966237,0.0,0.0,0.0,0.0,0.0,0.0,-0.005260206902753259,1.0134870107343497,0.0008004759750301551,0.0038523009567899688,2.6595360000000183,0.0021398971828338097,-0.0044597309277231035,1.0096347097775593,-0.005260206902753259,1.0134870107343497,0.0,0.016010331641790887,0.0,0.1626240004903894,11.58314141590642,1.06940634300869,13.98314141590596,0.6643238726460741,13.783141415906,0.9266901922220062,13.783141415906,0.6643238726460741,0.0,0.2623663195759321,0.0,0.0,0.0,0.0,0.02073874534365481,0.990187129966237,0.0,0.0,0.0,0.0,0.0,0.0,-0.005260206902753259,1.0134870107343497,0.0008004759750301551,0.0038523009567899688
5.5133849999999995,2.416617,0.0008442569,-0.006895496,1.011755,2.416590000000071,0.0015243067141745567,-0.0130581834900916,1.0043738204154233,2.4165900000000877,0.0008407560745978794,-0.006122712530336223,1.004718365474045,-0.006122712530336223,1.004718365474045,0.0,0.0,0.0,-0.006122712530336223,1.004718365474045,0.0,0.0,2.4165900000000597,0.0020724160692005148,-0.004419708827925284,1.010616741207547,-0.0017815785593970198,1.0092788951291083,0.0,0.016733626415129266,0.0,0.1626240004903894,11.58314141590642,1.06940634300869,13.98314141590596,0.1626240004903894,0.0,0.9067823425183004,1.0,0.0,0.0,0.0,0.02073874534365481,0.990187129966237,0.0,0.0,0.0,0.0,0.0,0.0,-0.0017815785593970198,1.0092788951291083,0.005137732746912147,0.0033718371299019585,2.4165900000000597,0.0020724160692005148,-0.004419708827925284,1.010616741207547,-0.0017815785593970198,1.0092788951291083,0.0,0.016733626415129266,0.0,0.1626240004903894,11.58314141590642,1.06940634300869,13.98314141590596,0.6643238726460741,13.783141415906,0.9266901922220062,13.783141415906,0.6643238726460741,0.0,0.2623663195759321,0.0,0.0,0.0,0.0,0.02073874534365481,0.990187129966237,0.0,0.0,0.0,0.0,0.0,0.0,-0.0017815785593970198,1.0092788951291083,0.005137732746912147,0.0033718371299019585
5.520259,1.962938,0.0007073327,-0.007423336,1.002248,1.9629059999999976,0.0014016387882065252,-0.006032184835156989,1.0030090398690497,1.9629060000000198,0.0007224693019734866,-0.0060336116125193386,1.003035979990228,-0.0060336116125193386,1.003035979990228,0.0,0.0,0.0,-0.0060336116125193386,1.003035979990228,0.0,0.0,1.9629059999999818,0.0019475902913985484,-0.005309849516949413,1.005139006569792,-0.006031648439087572,1.0029989117471074,0.0,0.01747615179102369,0.0,0.1626240004903894,11.58314141590642,1.06940634300869,13.98314141590596,0.1626240004903894,0.0,0.9067823425183004,1.0,0.0,0.0,0.0,0.02073874534365481,0.990187129966237,0.0,0.0,0.0,0.0,0.0,0.0,-0.006031648439087572,1.0029989117471074,0.0007217989221381594,0.0021400948226837063,1.9629059999999818,0.0019475902913985484,-0.005309849516949413,1.005139006569792,-0.006031648439087572,1.0029989117471074,0.0,0.01747615179102369,0.0,0.1626240004903894,11.58314141590642,1.06940634300869,13.98314141590596,0.6643238726460741,13.783141415906,0.9266901922220062,13.783141415906,0.6643238726460741,0.0,0.2623663195759321,0.0,0.0,0.0,0.0,0.02073874534365481,0.990187129966237,0.0,0.0,0.0,0.0,0.0,0.0,-0.006031648439087572,1.0029989117471074,0.0007217989221381594,0.0021400948226837063
5.526904,1.524322,0.0005696328,-0.007942378,1.007919,1.5243360000000181,0.0012452143369298735,-0.006787408295610415,1.0083481879394804,1.5243359999999866,0.0006017534375883424,-0.006764852978034757,1.008700316880033,-0.006764852978034757,1.008700316880033,0.0,0.0,0.0,-0.006764852978034757,1.008700316880033,0.0,0.0,1.5243359999999966,0.001819403997692275,-0.005380333111645934,1.0052629963051767,-0.006796113541631986,1.008212283443854,0.0,0.01831774814001012,0.0,0.1626240004903894,11.58314141590642,1.06940634300869,13.98314141590596,0.1626240004903894,0.0,0.9067823425183004,1.0,0.0,0.0,0.0,0.02073874534365481,0.990187129966237,0.0,0.0,0.0,0.0,0.0,0.0,-0.006796113541631986,1.008212283443854,0.0014157804299860521,0.00294928713867776,1.5243359999999966,0.001819403997692275,-0.005380333111645934,1.0052629963051767,-0.006796113541631986,1.008212283443854,0.0,0.01831774814001012,0.0,0.1626240004903894,11.58314141590642,1.06940634300869,13.98314141590596,0.6643238726460741,13.783141415906,0.9266901922220062,13.783141415906,0.6643238726460741,0.0,0.2623663195759321,0.0,0.0,0.0,0.0,0.02073874534365481,0.990187129966237,0.0,0.0,0.0,0.0,0.0,0.0,-0.006796113541631986,1.008212283443854,0.0014157804299860521,0.00294928713867776
5.5335280000000004,1.087141,0.0004227787,-0.009013462,1.00663,1.0871520000000274,0.012648833548098053,1.0,0.0,1.0871519999999901,0.0004782321577416432,-0.0076747735416349445,1.0092626594497378,1.0,0.0,1.0,0.0,1.0,-0.0076747735416349445,1.0092626594497378,0.0,0.0,1.0871519999999792,0.005749547235802381,0.6113442317295503,0.3887937347620983,1.0,0.0,0.0036117873116533953,0.32539645017205626,0.16255459392836955,0.1391589056440378,7.973345690788407,1.0759849262288226,9.482376594833045,7.973345690788407,0.0,1.5090309040446384,1.0,0.0,0.0,0.0,0.9868245456194074,0.01225488636315029,0.0,1.0,0.0,1.0,1.0,0.0,1.0,0.0,0.3886557682704497,0.3887937347620983,1.0871519999999792,0.005749547235802381,0.6113442317295503,0.3887937347620983,1.0,0.0,0.0036117873116533953,0.32539645017205626,0.16255459392836955,0.1391589056440378,7.973345690788407,1.0759849262288226,9.482376594833045,0.97063187455501,1.7114009018042946,0.97063187455501,1.7114009018042946,1.7114009018042946,0.0,0.0,0.0,0.0,0.0,0.0,0.9868245456194074,0.01225488636315029,0.0,1.0,0.0,1.0,1.0,0.0,1.0,0.0,0.3886557682704497,0.3887937347620983
5.542272,0.5100605,0.000160779,-0.01495586,1.003606,0.5100480000000231,0.03375263148081257,1.01135788649123,-0.002964530063549966,0.5100480000000309,0.0003072522994239361,-0.00751055897764762,1.007729813966837,1.011357886491231,-0.0029645300635494994,0.0,0.0,0.0,-0.00751055897764762,1.007729813966837,0.0,0.0,0.5100480000000541,0.022903175742116224,0.9384503549445906,0.0658704492931851,1.0113578864912305,-0.002964530063549723,0.011341087638738142,1.3087169123409583,0.7034070089004976,0.9713580705516905,1.8391764008945206,1.0890880528016504,1.8391764008945206,1.8391764008945206,0.0,0.0,0.0,0.0,0.0,0.0,0.9868245456194074,0.01225488636315029,0.0,0.0,0.0,0.0,0.0,0.0,1.0113578864912305,-0.002964530063549723,0.07290753154664008,0.06883497935673481,0.5100480000000549,0.02290317516450848,0.9384503549500337,0.0658704492862775,1.011357886491228,-0.002964530063550999,0.011341087681754836,1.3087168652289758,0.7034070120886143,0.971358075183217,1.8391764003557765,1.0890880528745748,1.8391764003557765,1.0743239740565007,1.473362398837858,1.0743239740565007,1.473362398837858,1.473362398837858,0.0,0.0,0.0,0.0,0.0,0.0,0.9868245456194074,0.01225488636315029,0.0,0.0,0.0,0.0,0.0,0.0,1.011357886491228,-0.002964530063550999,0.07290753154119461,0.0688349793498285
5.54507,0.3254,4.660099e-05,-0.01850211,1.004227,0.3253800000000012,0.04052090792971949,1.01135788649123,-0.002964530063549966,0.32538000000000006,0.0002537566968995662,-0.007512301897772871,1.0077295406512388,1.011357886491232,-0.0029645300635489677,0.0,0.0,0.0,-0.007512301897772871,1.0077295406512388,0.0,0.0,0.3253800000000355,0.0292996075645347,0.9701995833361394,0.03589324552659511,1.011357886491228,-0.002964530063550999,0.011342820329076339,1.548156089486954,0.7035165219607007,0.9715446260472042,1.8391547005731617,1.0890909901517147,1.8391547005731617,1.8391547005731617,0.0,0.0,0.0,0.0,0.0,0.0,0.9868245456194074,0.01225488636315029,0.0,0.0,0.0,0.0,0.0,0.0,1.011357886491228,-0.002964530063550999,0.041158303155088796,0.03885777559014612,0.32538000000003214,0.029299606960278387,0.9701995833356148,0.03589324552607863,1.011357886491228,-0.002964530063550999,0.011342820372105458,1.5481560515211708,0.7035165251492275,0.9715446306800678,1.8391547000342623,1.0890909902246606,1.8391547000342623,1.0743394000932853,1.4733391389677395,1.0743394000932853,1.4733391389677395,1.4733391389677395,0.0,0.0,0.0,0.0,0.0,0.0,0.9868245456194074,0.01225488636315029,0.0,0.0,0.0,0.0,0.0,0.0,1.011357886491228,-0.002964530063550999,0.04115830315561343,0.038857775589629634
5.546069999999999,0.2594,1.405966e-06,-0.01868399,1.004181,0.25938000000006084,0.04293738996277162,1.0113578864912312,-0.0029645300635494183,0.2593800000000624,0.00023477039757023013,-0.007512428491320728,1.007729520799502,1.0113578864912305,-0.002964530063549701,0.0,0.0,0.0,-0.007512428491320728,1.007729520799502,0.0,0.0,0.25938000000007055,0.03162651848622399,0.9779872941647454,0.028540679520224876,1.011357886491228,-0.002964530063550999,0.011342930433500516,1.6232789070815663,0.7035234810070853,0.9715564807825587,1.8391533216185183,1.0890911768066696,1.8391533216185183,1.8391533216185183,0.0,0.0,0.0,0.0,0.0,0.0,0.9868245456194074,0.01225488636315029,0.0,0.0,0.0,0.0,0.0,0.0,1.011357886491228,-0.002964530063550999,0.0333705923264829,0.031505209583775874,0.25938000000005357,0.03162651787543822,0.977987294169943,0.02854067951449602,1.0113578864912283,-0.0029645300635508373,0.011342930476530672,1.6232788721637363,0.7035234841956536,0.971556485415534,1.839153321079606,1.0890911768796177,1.839153321079606,1.0743403803462848,1.4733376609110116,1.0743403803462848,1.4733376609110116,1.4733376609110116,0.0,0.0,0.0,0.0,0.0,0.0,0.9868245456194074,0.01225488636315029,0.0,0.0,0.0,0.0,0.0,0.0,1.0113578864912283,-0.0029645300635508373,0.03337059232128559,0.03150520957804687
5.54707,0.1934,-4.393319e-05,-0.01886687,1.004135,0.1933800000000522,0.045352083843198804,1.0113578864912312,-0.002964530063549441,0.19338000000003375,0.0002158450817602139,-0.007512487388334737,1.007729511563581,1.011357886491229,-0.0029645300635505263,0.0,0.0,0.0,-0.007512487388334737,1.007729511563581,0.0,0.0,0.1933800000000288,0.03397024519061471,0.9842726256767488,0.02260663191018306,1.011357886491228,-0.002964530063550999,0.011342971633693692,1.6926590586298618,0.703526085026474,0.9715609167295268,1.839152805624741,1.089091246651458,1.839152805624741,1.839152805624741,0.0,0.0,0.0,0.0,0.0,0.0,0.9868245456194074,0.01225488636315029,0.0,0.0,0.0,0.0,0.0,0.0,1.011357886491228,-0.002964530063550999,0.027085260814479498,0.02557116197373406,0.1933800000000206,0.03397024459453504,0.9842726256665351,0.022606631919159348,1.01135788649123,-0.0029645300635499864,0.01134297167672377,1.6926590283566683,0.7035260882150288,0.9715609213624943,1.83915280508583,1.0890912467244054,1.83915280508583,1.0743407471490978,1.4733371078340347,1.0743407471490978,1.4733371078340347,1.4733371078340347,0.0,0.0,0.0,0.0,0.0,0.0,0.9868245456194074,0.01225488636315029,0.0,0.0,0.0,0.0,0.0,0.0,1.01135788649123,-0.0029645300635499864,0.027085260824695118,0.02557116198270934
5.548534999999999,0.0967,-0.0001111891,-0.01913524,1.004067,0.0966900000000475,0.04887831507572466,1.004064632931355,-0.006941608674746483,0.09669000000005169,0.00018821968402518789,-0.007512507934773937,1.007729508341595,0.9990984606245847,-0.009681486569019475,0.0,0.0,0.0,-0.007512507934773937,1.007729508341595,0.0,0.0,0.09669000000004602,0.037427747481493065,0.991233051681665,0.01601749630388806,1.0098668389057754,-0.0037776121004906497,0.01134298292650908,1.7839050806936732,0.7035267987782305,0.9715621326056274,1.83915266419282,1.089091265795648,1.83915266419282,1.83915266419282,0.0,0.0,0.0,0.0,0.0,0.0,0.9868245456194074,0.01225488636315029,0.0,0.0,0.0,0.0,0.0,0.0,1.0098668389057754,-0.0037776121004906497,0.01863378722411056,0.019795108404378713,0.09669000000005952,0.03742774711896678,0.9912330516807655,0.016017496305202102,1.0098668389576644,-0.0037776120721950603,0.0113429829695395,1.7839050751699612,0.7035268019668044,0.9715621372386315,1.839152663653904,1.089091265868595,1.839152663653904,1.074340847688349,1.473336956237746,1.074340847688349,1.473336956237746,1.473336956237746,0.0,0.0,0.0,0.0,0.0,0.0,0.9868245456194074,0.01225488636315029,0.0,0.0,0.0,0.0,0.0,0.0,1.0098668389576644,-0.0037776120721950603,0.018633787276899096,0.019795108377397164
5.55,0.0,-0.0001800928,-0.0201619,1.003364,0.0,0.05239274969902005,1.009282766956844,-0.004720657330309325,0.0,0.000160741933378822,-0.007512507934773909,1.007729508341595,1.007801002231741,-0.005442432729964881,0.0,0.0,0.0,-0.007512507934773909,1.007729508341595,0.0,0.0,0.0,0.04090244186967344,0.9952156786870677,0.01046537575178666,1.007190816214522,-0.005739657551815162,0.0113429829265091,1.864038068926755,0.7035267987782319,0.9715621326056291,1.83915266419282,1.089091265795648,1.83915266419282,1.83915266419282,0.396563168120469,0.0,0.0,1.19658013610821,0.0,0.396563168120469,1.01807608393679,0.001792435076532961,0.0,0.0,0.0,0.0,0.0,0.9999999999999999,1.007190816214522,-0.005739657551815162,0.01197513752745405,0.01620503330360182,0.0,0.04090246886196611,0.9952156784216386,0.01046537561889115,1.007190816214524,-0.005739657551814225,0.01134298296953948,1.86404058046212,0.7035268019668031,0.9715621372386294,1.839152663653904,1.089091265868595,1.839152663653904,1.074340847688349,1.473336956237746,1.074340847688349,1.473336956237746,1.473336956237746,0.3176849781680174,0.0,0.0,1.196580142039934,0.0,0.3176849781680174,1.003749179244582,0.001778248519809726,0.0,0.0,0.0,0.0,0.0,0.9999999999999999,1.007190816214524,-0.005739657551814225,0.01197513779288495,0.01620503317070537
5.550147,0.0,-0.0001871826,-0.02026964,1.00329,0.0,0.05274623646793373,1.009646433279921,-0.0045435135494966625,0.0,0.00015799251387014853,-0.007512507934773906,1.007729508341595,1.0072285831249412,-0.005721261090892671,0.0,0.0,0.0,-0.007512507934773906,1.007729508341595,0.0,0.0,0.0,0.04125166328407222,0.9955614200420416,0.009997510546987436,1.0071908162145276,-0.0057396575518125405,0.0113429829265091,1.8714907526825073,0.7035267987782315,0.9715621326056287,1.83915266419282,1.089091265795648,1.83915266419282,1.83915266419282,0.4382130319236698,0.0,0.0,1.3222729657314845,0.0,0.4382130319236698,1.0206116085887518,0.0017949457629003924,0.0,0.0,0.0,0.0,0.0,0.9999999999999999,1.0071908162145276,-0.0057396575518125405,0.011629396172485549,0.015737168098799974,0.0,0.04125174364023081,0.9955614197672701,0.009997510440942124,1.007190816214526,-0.005739657551813292,0.01134298296953949,1.8714984982539355,0.7035268019668028,0.9715621372386296,1.839152663653904,1.089091265868595,1.839152663653904,1.074340847688349,1.473336956237746,1.074340847688349,1.473336956237746,1.473336956237746,0.3510504957002104,0.0,0.0,1.3222729653166256,0.0,0.3510504957002104,1.004638106433485,0.001779128738967954,0.0,0.0,0.0,0.0,0.0,1.0,1.007190816214526,-0.005739657551813292,0.011629396447255427,0.015737167992755412
5.55035,0.0,-0.0001970449,-0.020419,1.003187,0.0,0.053234447175602974,1.0099222156668082,-0.0044091784967442045,0.0,0.00015419774443107946,-0.007512507934773903,1.007729508341595,1.007190816214518,-0.005739657551817028,0.0,0.0,0.0,-0.007512507934773903,1.007729508341595,0.0,0.0,0.0,0.04173408861051598,0.996023595360571,0.00937208420748208,1.0071908162145222,-0.005739657551815045,0.01134298292650909,1.8816323150575598,0.7035267987782311,0.9715621326056283,1.83915266419282,1.089091265795648,1.83915266419282,1.83915266419282,0.4938891574233431,0.0,0.0,1.4903013732548798,0.0,0.4938891574233431,1.0147808552783426,5.333909226770792e-05,0.0,0.0,0.0,0.0,0.0,1.0,1.0071908162145222,-0.005739657551815045,0.011167220853951094,0.01511174175929713,0.0,0.041734166404791107,0.9960235950500573,0.009372084168796428,1.007190816214526,-0.005739657551813292,0.01134298296953949,1.8816396558812085,0.7035268019668027,0.9715621372386297,1.839152663653904,1.089091265868595,1.839152663653904,1.074340847688349,1.473336956237746,1.074340847688349,1.473336956237746,1.473336956237746,0.39565238579993645,0.0,0.0,1.4903013559122884,0.0,0.39565238579993645,1.0165002793720541,0.0017908747087268912,0.0,0.0,0.0,0.0,0.0,0.9999999999999999,1.007190816214526,-0.005739657551813292,0.011167221164468248,0.01511174172060972
5.551,0.0,-0.0002290342,-0.02087528,1.002875,0.0,0.054796775051627056,1.0093316720919943,-0.00469683538147373,0.0,0.00014206621741146428,-0.007512507934773899,1.007729508341596,1.00719081621452,-0.005739657551816095,0.0,0.0,0.0,-0.007512507934773899,1.007729508341596,0.0,0.0,0.0,0.04328005199225491,0.9973615555156812,0.0075615255543766274,1.007190816214522,-0.005739657551815162,0.011342982926509084,1.9125982763250589,0.7035267987782304,0.9715621326056273,1.83915266419282,1.089091265795648,1.83915266419282,1.83915266419282,0.6550670362996002,0.0,0.0,1.9767923502158757,0.0,0.6550670362996002,0.9328983486258788,-0.033080226629725824,0.0,0.0,0.0,0.0,0.0,1.0,1.007190816214522,-0.005739657551815162,0.009829260698840577,0.013301183106191787,0.0,0.04328018057261,0.9973615553594433,0.007561525361903014,1.0071908162145253,-0.005739657551813555,0.011342982969539487,1.9126100351903623,0.7035268019668025,0.9715621372386298,1.839152663653904,1.089091265868595,1.839152663653904,1.074340847688349,1.473336956237746,1.074340847688349,1.473336956237746,1.473336956237746,0.5247712740217247,0.0,0.0,1.9767923774620062,0.0,0.5247712740217247,1.0006320658622274,-0.0067245943112735585,0.0,0.0,0.0,0.0,0.0,1.0,1.0071908162145253,-0.005739657551813555,0.009829260855081748,0.013301182913716568
5.5530800000000005,0.0,-0.000333098,-0.02128504,1.002753,0.0,0.05978335674690656,1.0071908162145211,-0.005739657551815609,0.0,0.00010341382993702714,-0.0075125079347738806,1.007729508341596,1.0071908162145238,-0.005739657551814311,0.0,0.0,0.0,-0.0075125079347738806,1.007729508341596,0.0,0.0,0.0,0.04823480131546555,1.000717386435633,0.003020337472452272,1.0071908162145216,-0.005739657551815376,0.011342982926509055,2.0006955601505405,0.7035267987782289,0.9715621326056244,1.83915266419282,1.089091265795648,1.83915266419282,1.83915266419282,1.0593284842053492,0.0,0.0,3.1974438946955326,0.0,1.0593284842053492,-0.08395187871057319,0.16222676924146984,0.0,0.0,0.0,0.0,0.0,1.0,1.0071908162145216,-0.005739657551815376,0.006473429778888786,0.008759995024267648,0.0,0.04823480027846169,1.0007173869544095,0.003020336504431436,1.007190816214524,-0.005739657551814225,0.011342982969539468,2.0006936034480676,0.7035268019668013,0.9715621372386277,1.839152663653905,1.089091265868595,1.839152663653905,1.074340847688349,1.473336956237746,1.074340847688349,1.473336956237746,1.473336956237746,0.8486233655690583,0.0,0.0,3.1974441383813277,0.0,0.8486233655690583,0.6508832271610152,-0.06386109441493888,0.0,0.0,0.0,0.0,0.0,0.9999999999999999,1.007190816214524,-0.005739657551814225,0.006473429260113938,0.008759994056245661
5.558543,0.0,-0.0006117843,-0.02222194,1.00243,0.0,0.07284456376495846,1.010110578678836,-0.0038985745809573522,0.0,3.1784316395729314e-06,-0.0075125079347738415,1.007729508341596,1.005052420586807,-0.005321468587576162,0.0,0.0,0.0,-0.0075125079347738415,1.007729508341596,0.0,0.0,0.0,0.06127048480685876,1.0051231277348565,-0.002907073754061854,1.0090143438438584,-0.004851407641995315,0.01134298292650899,2.1641074621147682,0.7035267987782248,0.9715621326056173,1.839152664192821,1.089091265795648,1.839152664192821,1.839152664192821,1.5875885843890494,0.0,0.0,4.795245152133268,0.0,1.5875885843890494,0.026417899635307128,1.0223516544300348,0.0,0.0,0.0,0.0,0.0,0.9155611582792297,1.0090143438438584,-0.004851407641995315,0.0038912161090013647,0.001944333887933461,0.0,0.06127001348585833,1.0051231275407677,-0.002907073617080923,1.0090143435894023,-0.004851407765942059,0.0113429829695394,2.1640650050802486,0.7035268019667973,0.9715621372386205,1.839152663653906,1.089091265868595,1.839152663653906,1.074340847688348,1.473336956237747,1.074340847688348,1.473336956237747,1.473336956237747,1.2718100877031138,0.0,0.0,4.7952451080802465,0.0,1.2718100877031138,0.08223367990113782,0.7414950818887966,0.0,0.0,0.0,0.0,0.0,0.9155611700618238,1.0090143435894023,-0.004851407765942059,0.0038912160486342393,0.001944334148861137
5.565695000000001,0.0,-0.0009889379,-0.02362713,1.002018,0.0,0.08966902529605633,0.99543114826052,-0.008509375389598686,0.0,-0.0001252650378682501,-0.007512507934773791,1.007729508341596,0.9954311482605195,-0.00850937538959892,0.0,0.0,0.0,-0.007512507934773791,1.007729508341596,0.0,0.0,0.0,0.07822476409448345,0.9978563605637797,-0.007145947333890575,0.9954311482605144,-0.008509375389600667,0.011342982926508923,2.268754415772617,0.7035267987782202,0.9715621326056102,1.839152664192822,1.089091265795648,1.839152664192822,1.839152664192822,1.5956155994998373,0.0,0.0,4.819603699492274,0.0,1.5956155994998373,0.02465598881673768,1.030244069376062,0.0,0.0,0.0,0.0,0.0,0.0,0.9954311482605144,-0.008509375389600667,0.002425212303265341,0.0013634280557100922,0.0,0.07822467860850313,0.9978563604618114,-0.00714594734332329,0.995431148260512,-0.008509375389601441,0.011342982969539329,2.268756938408518,0.7035268019667928,0.9715621372386124,1.8391526636539066,1.089091265868595,1.8391526636539066,1.074340847688348,1.473336956237748,1.074340847688348,1.473336956237748,1.473336956237748,1.2782404914954832,0.0,0.0,4.8196036477156134,0.0,1.2782404914954832,0.07656130602222402,0.7542457471983236,0.0,0.0,0.0,0.0,0.0,0.0,0.995431148260512,-0.008509375389601441,0.0024252122012993383,0.0013634280462781504
5.588583,0.0,-0.002297295,-0.02824877,1.000685,0.0,0.14274163879437207,0.9937501203510183,-0.006343593191098635,0.0,-0.00017198999732952983,2.9309066285385286e-05,1.0144819228160706,0.9944514466746887,-0.005728138187426326,0.0,0.0,0.0,2.9309066285385286e-05,1.0144819228160706,0.0,0.0,0.0,0.09303739280572793,0.01912717168831,0.9849150492665412,0.9932800150444177,-0.006756138183971697,0.01134298292650868,0.37756437483059596,0.7035267987782045,0.9715621326055842,1.839152664192825,1.089091265795647,1.839152664192825,1.839152664192825,1.595615599499802,0.0,0.0,4.819603699492169,0.7589793005078311,2.354594900007634,0.0004912195443988426,1.0032457508449915,0.982233419895938,0.0,0.0,0.0,0.0,0.0,0.0004912195443988426,1.0032457508449915,0.018635952143911158,0.018330701578450154,0.0,0.09309631970165627,0.02029926609821732,0.9770225499451616,0.9932800150141359,-0.0067561382105457285,0.01134298296953907,0.3804590341288284,0.7035268019667785,0.9715621372385844,1.83915266365391,1.089091265868595,1.83915266365391,1.074340847688346,1.473336956237751,1.074340847688346,1.473336956237751,1.473336956237751,1.2782404914954546,0.0,0.0,4.8196036477154856,0.7589793522845149,2.0372198437799693,0.0016556235343710146,0.9951621614359666,0.9822378776139249,0.0,0.0,0.0,0.0,0.0,0.0016556235343710146,0.9951621614359666,0.018643642563846305,0.018139611490805042
5.621917,0.0,-0.004394543,-0.03311995,0.9933339,0.0,0.21878503686738593,0.9861582521797327,-0.0008960710393930349,0.0,-0.00015118383739393812,2.914936676797979e-05,1.0143864154828726,0.9851164117055081,-0.0008955386682557395,0.0,0.0,0.0,2.914936676797979e-05,1.0143864154828726,0.0,0.0,0.0,0.0834938947415147,0.00040119511210204946,0.9998120745842564,0.9855924071053503,-0.0008957818976355061,0.011342982926508316,0.26106835210745666,0.7035267987781847,0.9715621326055451,1.8391526641928297,1.089091265795647,1.8391526641928297,1.8391526641928297,1.595615599499751,0.0,0.0,4.819603699492035,0.7923133005079642,2.387928900007715,0.0003621777296939684,1.000321226938032,0.9999808973816366,0.0,0.0,0.0,0.0,0.0,0.0003621777296939684,1.000321226938032,3.901738240808103e-05,0.0005345787626485619,0.0,0.08365898942113853,0.001297564916935339,0.9998837582938652,0.9855937594231358,-0.0008957825886577645,0.011342982969538663,0.2584661032300237,0.7035268019667579,0.971562137238541,1.839152663653915,1.089091265868594,1.839152663653915,1.074340847688343,1.4733369562377558,1.074340847688343,1.4733369562377558,1.4733369562377558,1.2782404914954137,0.0,0.0,4.819603647715341,0.7923133522846592,2.0705538437800723,0.0011730706342742583,1.0024127772678895,0.9999809086648624,0.0,0.0,0.0,0.0,0.0,0.0011730706342742583,1.0024127772678895,0.00012449428266108045,0.0025290189740244007
5.6552500000000006,0.0,-0.006683501,-0.03908617,0.9921152,0.0,0.29316067609844976,1.0003407279330276,7.090656522653812e-05,0.0,-0.00013263893376842218,2.8989672041463904e-05,1.0142909110148373,1.0003400899163788,7.044470396572228e-05,0.0,0.0,0.0,2.8989672041463904e-05,1.0142909110148373,0.0,0.0,0.0,0.0747069756350212,0.00030091014431779127,1.009025505851845,1.0003485601735846,7.657633655470856e-05,0.011342982926507946,0.25734951064823436,0.7035267987781617,0.9715621326055046,1.839152664192834,1.089091265795646,1.839152664192834,1.839152664192834,1.5956155994996946,0.0,0.0,4.819603699491851,0.8256463005081497,2.4212619000078446,0.00029672751989206787,1.0089556570018394,0.9999999796012699,0.0,0.0,0.0,0.0,0.0,0.00029672751989206787,1.0089556570018394,4.182624425723355e-06,6.984885000523352e-05,0.0,0.07496202504238975,0.0016372116231753598,1.002135757273265,1.0003485915213837,7.659902927594253e-05,0.01134298296953829,0.2540852022699086,0.7035268019667371,0.9715621372385008,1.8391526636539195,1.089091265868593,1.8391526636539195,1.07434084768834,1.47333695623776,1.07434084768834,1.47333695623776,1.47333695623776,1.2782404914953704,0.0,0.0,4.819603647715183,0.8256463522848184,2.1038868437801885,0.001653533154679174,0.99895578116233,0.9999999796133213,0.0,0.0,0.0,0.0,0.0,0.001653533154679174,0.99895578116233,1.632153150381436e-05,0.0031799761109347745
5.6885829999999995,0.0,-0.009333738,-0.04857262,0.9564081,0.0,0.36502522309359414,0.9886114454780759,-1.5625876199997582e-08,0.0,-0.00011611243377748153,2.882997731494812e-05,1.0141954065468013,0.9896030649729628,-1.564154962107265e-08,0.0,0.0,0.0,2.882997731494812e-05,1.0141954065468013,0.0,0.0,0.0,0.06682905806385205,0.0002748525850670478,1.0082024591019407,0.9879108687613167,-1.561480296683328e-08,0.01134298292650754,0.23102377199809948,0.7035267987781356,0.971562132605461,1.839152664192839,1.089091265795645,1.839152664192839,1.839152664192839,1.595615599499641,0.0,0.0,4.819603699491694,0.8589793005083063,2.4545949000079474,0.0002709918686520654,1.0080696162642104,0.9999999999790967,0.0,0.0,0.0,0.0,0.0,0.0002709918686520654,1.0080696162642104,3.860716414982381e-06,0.0001328428377299288,0.0,0.0671865363403347,0.0014006311483933426,1.0045113052192463,0.987910868716191,-1.561480296612003e-08,0.01134298296953793,0.22854531102650988,0.7035268019667132,0.9715621372384625,1.839152663653924,1.089091265868593,1.839152663653924,1.074340847688336,1.473336956237765,1.074340847688336,1.473336956237765,1.473336956237765,1.27824049149533,0.0,0.0,4.819603647715025,0.8589793522849755,2.1372198437803056,0.0013536763678645737,1.003018043754317,0.9999999999791097,0.0,0.0,0.0,0.0,0.0,0.0013536763678645737,1.003018043754317,4.695478052876876e-05,0.0014932614649292488
5.714477,0.0,-0.01167861,-0.05459444,0.94818,0.0,0.41992734824326916,0.9978145474776781,-1.577133934748542e-08,0.0,-0.00010452359739780728,2.870592201694311e-05,1.0141212160240365,0.9978072724865608,-1.5771224359831697e-08,0.0,0.0,0.0,2.870592201694311e-05,1.0141212160240365,0.0,0.0,0.0,0.06129012247530167,0.000254860088071526,1.007514222332709,0.9978091350102913,-1.5771253798662658e-08,0.011342982926507206,0.2118425761182273,0.7035267987781163,0.971562132605425,1.839152664192844,1.089091265795645,1.839152664192844,1.839152664192844,1.5956155994995977,0.0,0.0,4.81960369949159,0.8848733005084102,2.480488900008008,0.00025099970013413677,1.0073813152153956,0.9999999999998904,0.0,0.0,0.0,0.0,0.0,0.00025099970013413677,1.0073813152153956,3.860387937389331e-06,0.0001329071173134571,0.0,0.0617081522831177,0.0011598524115568364,0.9997491941013158,0.9978091319153777,-1.577125374974482e-08,0.011342982969537658,0.20948820992643585,0.7035268019666938,0.9715621372384327,1.839152663653927,1.089091265868592,1.839152663653927,1.074340847688334,1.473336956237769,1.074340847688334,1.473336956237769,1.473336956237769,1.2782404914952947,0.0,0.0,4.819603647714907,0.8848733522850928,2.1631138437803883,0.0011158877737414339,1.001598429349121,0.9999999999998914,0.0,0.0,0.0,0.0,0.0,0.0011158877737414339,1.001598429349121,4.3964637815401956e-05,0.0018492352478054052
5.737934,0.0,-0.01394974,-0.05974651,0.9410003,0.0,0.4692176418827683,0.9985341658263989,0.002191240779501405,0.0,-9.488561967586826e-05,2.8593542117147707e-05,1.0140540079027538,0.9969450431971993,0.002059633715044958,0.0,0.0,0.0,2.8593542117147707e-05,1.0140540079027538,0.0,0.0,0.0,0.05667301939235312,0.0002367494701967892,1.0068907006898609,1.000300074556991,0.0025186190663044365,0.011342982926506946,0.1957407337854063,0.7035267987781004,0.9715621326053969,1.8391526641928464,1.089091265795644,1.8391526641928464,1.8391526641928464,1.595615599499561,0.0,0.0,4.819603699491471,0.9083303005085295,2.5039459000080897,0.00023288908389386528,1.0067577932526985,0.9999999999999936,0.0,0.0,0.0,0.0,0.0,0.00023288908389386528,1.0067577932526985,3.860386302923933e-06,0.00013290743716198172,0.0,0.057118684774772006,0.0009467155698552544,1.0024115836015595,1.0003000523470627,0.00251860585345082,0.011342982969537405,0.19460720263114578,0.7035268019666766,0.9715621372384057,1.8391526636539304,1.089091265868592,1.8391526636539304,1.074340847688331,1.473336956237773,1.074340847688331,1.473336956237773,1.473336956237773,1.278240491495264,0.0,0.0,4.819603647714795,0.9083303522852053,2.1865708437804687,0.0008994963628026977,1.001334693695518,0.9999999999999946,0.0,0.0,0.0,0.0,0.0,0.0008994963628026977,1.001334693695518,4.7219207052556696e-05,0.0010768899060407755
5.768412,0.0,-0.01767755,-0.08268892,0.8968674,0.0,0.5320883622849341,1.0128418618612118,0.0008936075468472949,0.0,-8.347547590706821e-05,2.8447525380737874e-05,1.0139666834742058,1.0116281839174537,0.0008930066691993705,0.0,0.0,0.0,2.8447525380737874e-05,1.0139666834742058,0.0,0.0,0.0,0.05119218606136962,0.0002132180995152661,1.0060805501028633,1.0143336693448264,0.0008943461231529125,0.01134298292650654,0.17668056313940816,0.7035267987780806,0.9715621326053534,1.839152664192852,1.089091265795644,1.839152664192852,1.839152664192852,1.5956155994995103,0.0,0.0,4.81960369949133,0.9388083005086707,2.5344239000081803,0.00020935771322537773,1.0059476426631493,0.9999999999999948,0.0,0.0,0.0,0.0,0.0,0.00020935771322537773,1.0059476426631493,3.860386289888392e-06,0.00013290743971375378,0.0,0.05165834678568705,0.0006805195061548472,1.0044660883922893,1.0143336683691946,0.0008943461226698886,0.011342982969537061,0.17624237468691908,0.7035268019666572,0.9715621372383684,1.839152663653935,1.089091265868591,1.839152663653935,1.074340847688328,1.473336956237777,1.074340847688328,1.473336956237777,1.473336956237777,1.2782404914952272,0.0,0.0,4.819603647714622,0.9388083522853781,2.217048843780606,0.0006522691826046384,1.0071661327571364,0.9999999999999954,0.0,0.0,0.0,0.0,0.0,0.0006522691826046384,1.0071661327571364,2.8250323550208847e-05,0.0027000443648469573
5.791795,0.0,-0.02120098,-0.09149895,0.883742,0.0,0.5794611391879019,1.0015911076006019,0.0016682702080118488,0.0,-7.55020126658944e-05,2.8335500006780594e-05,1.0138996873749624,1.0014056924569887,0.0015339594070758035,0.0,0.0,0.0,2.8335500006780594e-05,1.0138996873749624,0.0,0.0,0.0,0.047350908841209426,0.00019516461699206823,1.0054589951702793,1.0014864299428206,0.001592443930919859,0.011342982926506259,0.16339695896560194,0.7035267987780645,0.9715621326053231,1.839152664192855,1.089091265795643,1.839152664192855,1.839152664192855,1.5956155994994712,0.0,0.0,4.819603699491221,0.9621913005087789,2.55780690000825,0.00019130423070220574,1.0053260877305603,0.999999999999996,0.0,0.0,0.0,0.0,0.0,0.00019130423070220574,1.0053260877305603,3.86038628986247e-06,0.0001329074397184993,0.0,0.0478085011015893,0.0007364900854110307,1.0038062738522704,1.0014866057618603,0.0015925712905065655,0.011342982969536798,0.16361458723310918,0.703526801966643,0.9715621372383404,1.839152663653938,1.089091265868591,1.839152663653938,1.074340847688327,1.47333695623778,1.074340847688327,1.47333695623778,1.47333695623778,1.2782404914952015,0.0,0.0,4.819603647714501,0.962191352285499,2.2404318437807,0.0007617605664912309,1.002703632038346,0.9999999999999969,0.0,0.0,0.0,0.0,0.0,0.0007617605664912309,1.002703632038346,2.5270481080200186e-05,0.0011026418139247999
5.812444999999999,0.0,-0.02451934,-0.09902059,0.8706117,0.0,0.6205180157051702,1.002542242021216,0.0023462482061867916,0.0,-6.897831072196704e-05,2.8236568134385347e-05,1.0138405217653577,1.0025983892729984,0.0023979237063801798,0.0,0.0,0.0,2.8236568134385347e-05,1.0138405217653577,0.0,0.0,0.0,0.044200524049862716,0.00017922122161493403,1.0049100874442398,1.0023865318856966,0.0022444587044488824,0.011342982926505998,0.15247417020541582,0.7035267987780488,0.9715621326052957,1.839152664192858,1.089091265795643,1.839152664192858,1.839152664192858,1.5956155994994345,0.0,0.0,4.8196036994911235,0.9828413005088771,2.578456900008311,0.0001753608353250724,1.004777180004522,0.9999999999999959,0.0,0.0,0.0,0.0,0.0,0.0001753608353250724,1.004777180004522,3.860386289861625e-06,0.00013290743971821722,0.0,0.04466510217723838,0.0008376116604929212,1.0005793102608325,1.0023849501545137,0.002243312931897925,0.011342982969536617,0.15211565823372825,0.7035268019666295,0.9715621372383207,1.83915266365394,1.089091265868591,1.83915266365394,1.074340847688325,1.473336956237782,1.074340847688325,1.473336956237782,1.473336956237783,1.2782404914951717,0.0,0.0,4.819603647714406,0.9828413522855932,2.2610818437807643,0.0008472201248162836,1.0041480591128025,0.9999999999999969,0.0,0.0,0.0,0.0,0.0,0.0008472201248162836,1.0041480591128025,9.608464323362328e-06,0.0035687488519699872
5.839345,0.0,-0.02885184,-0.09933885,0.8171532,0.0,0.6732054856747669,1.007811380222366,0.0017822709270100656,0.0,-6.115165568111078e-05,2.8107693201337783e-05,1.0137634488889244,1.0063749910193742,0.0017808486088371823,0.0,0.0,0.0,2.8107693201337783e-05,1.0137634488889244,0.0,0.0,0.0,0.04041087691639414,0.00015845234337547143,1.004195045418554,1.0069522104372586,0.0017814201737487594,0.01134298292650568,0.13929366705323157,0.7035267987780301,0.9715621326052607,1.839152664192863,1.089091265795642,1.839152664192863,1.839152664192863,1.595615599499392,0.0,0.0,4.819603699490993,1.0097413005090068,2.6053569000083985,0.00015459195708560528,1.004062137978835,0.9999999999999958,0.0,0.0,0.0,0.0,0.0,0.00015459195708560528,1.004062137978835,3.860386289866202e-06,0.0001329074397192791,0.0,0.04085856018084469,0.0007693721220639139,1.0122900906868837,1.0069537880933275,0.001781421735949933,0.01134298296953631,0.14005886119213318,0.7035268019666089,0.971562137238288,1.839152663653944,1.08909126586859,1.839152663653944,1.074340847688322,1.473336956237787,1.074340847688322,1.473336956237787,1.473336956237787,1.2782404914951364,0.0,0.0,4.8196036477142945,1.0097413522857057,2.287981843780843,0.0007501093611738456,1.011751963975718,0.999999999999995,0.0,0.0,0.0,0.0,0.0,0.0007501093611738456,1.011751963975718,1.926276089006832e-05,0.0005381267111657845
5.860975,0.0,-0.0318629,-0.08490657,0.7240208,0.0,0.7146862741452887,1.014698017655149,0.0017890901021683726,0.0,-5.536669574894227e-05,2.8004066257032197e-05,1.013701475419881,1.0162710721117347,0.001790647746806662,0.0,0.0,0.0,2.8004066257032197e-05,1.013701475419881,0.0,0.0,0.0,0.03760152975757467,0.00014175231228552001,1.0036200878343289,1.0157773193583401,0.001790158830910746,0.011342982926505471,0.1295685945395612,0.7035267987780132,0.9715621326052387,1.839152664192865,1.089091265795642,1.839152664192865,1.839152664192865,1.5956155994993582,0.0,0.0,4.819603699490887,1.0313713005091132,2.6269869000084713,0.0001378919259956521,1.0034871803946117,0.9999999999999958,0.0,0.0,0.0,0.0,0.0,0.0001378919259956521,1.0034871803946117,3.860386289867918e-06,0.00013290743971748286,0.0,0.03803100229604788,0.0006854753139951599,1.0096271932322243,1.0157776234640934,0.0017901591320374451,0.01134298296953612,0.13038149369641894,0.7035268019665939,0.9715621372382669,1.839152663653947,1.08909126586859,1.839152663653947,1.07434084768832,1.47333695623779,1.07434084768832,1.47333695623779,1.47333695623779,1.2782404914951122,0.0,0.0,4.819603647714195,1.0313713522858057,2.309611843780918,0.0006660449591773686,1.0089899019950777,0.9999999999999967,0.0,0.0,0.0,0.0,0.0,0.0006660449591773686,1.0089899019950777,1.9430354817791358e-05,0.0006372912371466131
5.867318,0.0,-0.03263228,-0.08556138,0.7221706,0.0,0.7268522326559743,1.0158926055661701,0.0017902729877619242,0.0,-5.375159120200879e-05,2.7973677643637382e-05,1.0136833016929216,1.015892643966622,0.0017902730257862006,0.0,0.0,0.0,2.7973677643637382e-05,1.0136833016929216,0.0,0.0,0.0,0.03681554682635648,0.0001368550262381936,1.0034514814563018,1.015892416519041,0.0017902728005667215,0.011342982926505391,0.1268407432541569,0.7035267987780082,0.9715621326052302,1.839152664192866,1.089091265795642,1.839152664192866,1.839152664192866,1.595615599499347,0.0,0.0,4.819603699490853,1.0377143005091483,2.633329900008494,0.0001329946399483286,1.0033185740165838,0.999999999999995,0.0,0.0,0.0,0.0,0.0,0.0001329946399483286,1.0033185740165838,3.860386289865082e-06,0.0001329074397180552,0.0,0.03724057368641308,0.0006608248879835943,1.0088180877865955,1.0158923928653967,0.0017902727771447913,0.01134298296953604,0.12760106634857246,0.7035268019665885,0.9715621372382585,1.839152663653948,1.08909126586859,1.839152663653948,1.074340847688319,1.473336956237791,1.074340847688319,1.473336956237791,1.473336956237791,1.278240491495104,0.0,0.0,4.819603647714159,1.0377143522858416,2.3159548437809456,0.0006413930635756979,1.0081799270000142,0.9999999999999957,0.0,0.0,0.0,0.0,0.0,0.0006413930635756979,1.0081799270000142,1.9431824407896452e-05,0.0006381607865807912
5.8805689999999995,0.0,-0.03423839,-0.08670704,0.7055825,0.0,0.7518337651429028,1.0039803673934053,0.001778477443213454,0.0,-5.048918819867716e-05,2.7910193564164743e-05,1.0136453354220816,1.0043726617206796,0.0017788658945813963,0.0,0.0,0.0,2.7910193564164743e-05,1.0136453354220816,0.0,0.0,0.0,0.03522636373298601,0.0001266242304927983,1.0030992501595637,1.0043174909465669,0.0017788112642663895,0.01134298292650527,0.1213462743705752,0.7035267987780002,0.9715621326052173,1.839152664192868,1.089091265795642,1.839152664192868,1.839152664192868,1.5956155994993269,0.0,0.0,4.81960369949079,1.0509653005092099,2.6465809000085367,0.00012276384420293262,1.0029663427198416,0.9999999999999957,0.0,0.0,0.0,0.0,0.0,0.00012276384420293262,1.0029663427198416,3.860386289865678e-06,0.0001329074397216285,0.0,0.035642409712336294,0.0006093257425963816,1.0071262871415936,1.0043179718471535,0.00177881174045602,0.0113429829695359,0.1220432244605774,0.7035268019665802,0.9715621372382437,1.839152663653949,1.089091265868589,1.839152663653949,1.074340847688318,1.473336956237793,1.074340847688318,1.473336956237793,1.473336956237793,1.278240491495087,0.0,0.0,4.819603647714098,1.0509653522859017,2.3292058437809886,0.0005898934153623351,1.0064878288351762,0.9999999999999963,0.0,0.0,0.0,0.0,0.0,0.0005898934153623351,1.0064878288351762,1.9432327234046595e-05,0.0006384583064172534
5.891829,0.0,-0.03560169,-0.08739743,0.6900977,0.0,0.7728007081409376,1.011145586031144,0.0017855724705639147,0.0,-4.7832899208654184e-05,2.7856248146093485e-05,1.0136130736901616,1.0105719225769245,0.0017850044267813832,0.0,0.0,0.0,2.7856248146093485e-05,1.0136130736901616,0.0,0.0,0.0,0.033930121154872275,0.000117930640568022,1.0027999426053136,1.0108513904376373,0.0017852811569435145,0.011342982926505136,0.11687733951143944,0.7035267987779912,0.9715621326052027,1.839152664192869,1.089091265795641,1.839152664192869,1.839152664192869,1.5956155994993046,0.0,0.0,4.819603699490734,1.0622253005092672,2.657840900008572,0.00011407025427816033,1.0026670351655946,0.999999999999996,0.0,0.0,0.0,0.0,0.0,0.00011407025427816033,1.0026670351655946,3.860386289861674e-06,0.00013290743971880426,0.0,0.03433952393074506,0.0005655640934181078,1.005688450487908,1.010852045680462,0.0017852818057675064,0.011342982969535774,0.11750342150517079,0.7035268019665732,0.9715621372382304,1.839152663653951,1.089091265868589,1.839152663653951,1.074340847688317,1.4733369562377947,1.074340847688317,1.4733369562377947,1.4733369562377947,1.2782404914950753,0.0,0.0,4.819603647714049,1.0622253522859502,2.3404658437810264,0.0005461317340641303,1.0050499731762768,0.9999999999999969,0.0,0.0,0.0,0.0,0.0,0.0005461317340641303,1.0050499731762768,1.9432359353977605e-05,0.0006384773116307753
5.909209,0.0,-0.03770196,-0.0888186,0.6728456,0.0,0.8050401755193876,1.0054323287735834,0.0017799151810167244,0.0,-4.393183187877327e-05,2.7772982483031516e-05,1.0135632771625616,1.0058907602395257,0.0017803691216364895,0.0,0.0,0.0,2.7772982483031516e-05,1.0135632771625616,0.0,0.0,0.0,0.03202303109282248,0.00010451193782445446,1.0023379563448516,1.0057742870829125,0.0017802537894640133,0.011342982926504942,0.11025731742338574,0.7035267987779779,0.9715621326051816,1.839152664192872,1.089091265795641,1.839152664192872,1.839152664192872,1.5956155994992771,0.0,0.0,4.819603699490644,1.0796053005093555,2.675220900008633,0.00010065155153458976,1.0022050489051315,0.9999999999999951,0.0,0.0,0.0,0.0,0.0,0.00010065155153458976,1.0022050489051315,3.860386289864692e-06,0.00013290743971955271,0.0,0.03242329895636962,0.0004980172033733144,1.003469098068653,1.0057732607501069,0.0017802527731852792,0.011342982969535571,0.1107933127910641,0.7035268019665609,0.9715621372382085,1.839152663653953,1.089091265868589,1.839152663653953,1.074340847688315,1.473336956237797,1.074340847688315,1.473336956237797,1.473336956237797,1.278240491495057,0.0,0.0,4.819603647713961,1.0796053522860394,2.3578458437810963,0.00047858484055051,1.0028306187045455,0.9999999999999951,0.0,0.0,0.0,0.0,0.0,0.00047858484055051,1.0028306187045455,1.9432362822804413e-05,0.0006384793641070181
5.920776,0.0,-0.03903764,-0.08187309,0.5829544,0.0,0.8261187035679588,1.0201169199161673,0.0017944559202536575,0.0,-4.146295821842808e-05,2.771756626182111e-05,1.013530135825696,1.0175704700988626,0.0017919344157450307,0.0,0.0,0.0,2.771756626182111e-05,1.013530135825696,0.0,0.0,0.0,0.030813610315386358,9.558132018148966e-05,1.002030488273806,1.0181532391791428,0.0017925114759538869,0.011342982926504805,0.10608676343973719,0.703526798777969,0.9715621326051664,1.839152664192873,1.089091265795641,1.839152664192873,1.839152664192873,1.5956155994992605,0.0,0.0,4.819603699490608,1.0911723005093918,2.6867879000086523,9.172093389163337e-05,1.001897580834087,0.9999999999999957,0.0,0.0,0.0,0.0,0.0,9.172093389163337e-05,1.001897580834087,3.860386289856285e-06,0.0001329074397189666,0.0,0.031208164561105877,0.0004530623750807768,1.001992039825919,1.0181514804806684,0.0017925097344838198,0.01134298296953549,0.10659418010034519,0.7035268019665537,0.9715621372381993,1.8391526636539544,1.089091265868589,1.8391526636539544,1.074340847688314,1.473336956237799,1.074340847688314,1.473336956237799,1.473336956237799,1.278240491495045,0.0,0.0,4.819603647713911,1.0911723522860894,2.3694128437811344,0.00043363001216895736,1.00135356040912,0.9999999999999966,0.0,0.0,0.0,0.0,0.0,0.00043363001216895736,1.00135356040912,1.9432362911819414e-05,0.0006384794167990481
5.9260779999999995,0.0,-0.03946122,-0.05286976,0.4847531,0.0,0.8358335144747955,1.017875840490991,0.001792236794694468,0.0,-4.036412141569297e-05,2.7692164964608554e-05,1.0135149447330993,1.0178759547432499,0.0017922369078274996,0.0,0.0,0.0,2.7692164964608554e-05,1.0135149447330993,0.0,0.0,0.0,0.030274590347605514,9.148776655972207e-05,1.0018895532247283,1.0178801954870074,0.0017922411070284533,0.011342982926504732,0.1042353346521776,0.7035267987779655,0.9715621326051591,1.839152664192874,1.089091265795641,1.839152664192874,1.839152664192874,1.5956155994992505,0.0,0.0,4.819603699490579,1.0964743005094209,2.692089900008671,8.76273802698601e-05,1.0017566457850093,0.9999999999999951,0.0,0.0,0.0,0.0,0.0,8.76273802698601e-05,1.0017566457850093,3.860386289861978e-06,0.0001329074397184993,0.0,0.030666859410977444,0.0004324562974454265,1.0013149962501853,1.01788008665434,0.0017922409992619244,0.011342982969535434,0.10471142317415155,0.70352680196655,0.9715621372381933,1.839152663653955,1.089091265868588,1.839152663653955,1.074340847688313,1.4733369562378,1.074340847688313,1.4733369562378,1.4733369562378,1.2782404914950383,0.0,0.0,4.819603647713887,1.096474352286112,2.3747148437811507,0.0004130239345274816,1.000676516829769,0.999999999999996,0.0,0.0,0.0,0.0,0.0,0.0004130239345274816,1.000676516829769,1.9432362917944838e-05,0.0006384794204156985
5.930495,0.0,-0.03955259,-0.02497874,0.3928146,0.0,0.8438887731474382,1.0130744048386962,0.0017874823944455933,0.0,-3.9464366470679046e-05,2.7671003604784358e-05,1.0135022893094858,1.0143724228175441,0.001788767696894399,0.0,0.0,0.0,2.7671003604784358e-05,1.0135022893094858,0.0,0.0,0.0,0.029832945322812457,8.80775013112588e-05,1.0017721427924822,1.0142298607810463,0.001788626531411638,0.0113429829265047,0.10269895253992903,0.7035267987779633,0.9715621326051553,1.839152664192875,1.089091265795641,1.839152664192875,1.839152664192875,1.595615599499246,0.0,0.0,4.819603699490566,1.1008913005094336,2.69650690000868,8.421711502139915e-05,1.0016392353527612,0.9999999999999961,0.0,0.0,0.0,0.0,0.0,8.421711502139915e-05,1.0016392353527612,3.860386289859649e-06,0.00013290743972068947,0.0,0.030223075586030615,0.0004152897480428235,1.000750963529668,1.0142318141098194,0.0017886284656053835,0.01134298296953542,0.10317930478240389,0.7035268019665476,0.9715621372381915,1.839152663653955,1.089091265868589,1.839152663653955,1.074340847688313,1.4733369562378,1.074340847688313,1.4733369562378,1.4733369562378,1.278240491495032,0.0,0.0,4.819603647713868,1.1008913522861319,2.3791318437811637,0.0003958573851230292,1.0001124841081572,0.9999999999999963,0.0,0.0,0.0,0.0,0.0,0.0003958573851230292,1.0001124841081572,1.9432362919794206e-05,0.0006384794215115903
5.932382,0.0,-0.03953214,-0.02262144,0.3889109,0.0,0.84730412102441,1.014536731895693,0.001788930396382347,0.0,-3.908415277093373e-05,2.76619631959122e-05,1.0134968827474844,1.0146699973337554,0.0017890623563371973,0.0,0.0,0.0,2.76619631959122e-05,1.0134968827474844,0.0,0.0,0.0,0.029646020477066697,8.66205915254655e-05,1.0017219835247322,1.0145288105371624,0.0017889225526223356,0.011342982926504668,0.10207509338491917,0.7035267987779618,0.9715621326051525,1.839152664192875,1.08909126579564,1.839152664192875,1.839152664192875,1.5956155994992418,0.0,0.0,4.819603699490557,1.1027783005094425,2.6983939000086843,8.276020523560556e-05,1.0015890760850115,0.9999999999999959,0.0,0.0,0.0,0.0,0.0,8.276020523560556e-05,1.0015890760850115,3.860386289859953e-06,0.0001329074397204457,0.0,0.03003538597855779,0.00040795597427681276,1.0005100013959447,1.0145278041632808,0.0017889215561070052,0.011342982969535387,0.10254261286978072,0.7035268019665466,0.9715621372381888,1.839152663653956,1.089091265868589,1.839152663653956,1.074340847688313,1.4733369562378,1.074340847688313,1.4733369562378,1.4733369562378,1.2782404914950298,0.0,0.0,4.81960364771386,1.1027783522861392,2.3810188437811703,0.00038852361135662585,0.9998715219742009,0.9999999999999969,0.0,0.0,0.0,0.0,0.0,0.00038852361135662585,0.9998715219742009,1.9432362920186893e-05,0.000638479421743521
5.935466000000001,0.0,-0.03944344,-0.009642588,0.3827886,0.0,0.8528762180833425,1.0144461713649324,0.001788840722992727,0.0,-3.8467755956184345e-05,2.7647188092063925e-05,1.0134880465857394,1.0144456465526943,0.0017888402033216088,0.0,0.0,0.0,2.7647188092063925e-05,1.0134880465857394,0.0,0.0,0.0,0.02934356102919645,8.423950526187806e-05,1.001640006215913,1.0144517857703446,0.0017888462823987927,0.011342982926504631,0.10101823755330697,0.7035267987779593,0.9715621326051481,1.8391526641928755,1.08909126579564,1.8391526641928755,1.8391526641928755,1.5956155994992356,0.0,0.0,4.819603699490542,1.1058623005094588,2.701477900008695,8.037911897201713e-05,1.0015070987761936,0.9999999999999957,0.0,0.0,0.0,0.0,0.0,8.037911897201713e-05,1.0015070987761936,3.860386289860932e-06,0.00013290743971947617,0.0,0.0297316501660277,0.000395970092827503,1.0001161872885362,1.014451826402748,0.0017888463226331563,0.011342982969535358,0.10147155273764852,0.7035268019665446,0.9715621372381847,1.839152663653956,1.089091265868589,1.839152663653956,1.074340847688313,1.4733369562378005,1.074340847688313,1.4733369562378005,1.4733369562378005,1.2782404914950263,0.0,0.0,4.819603647713844,1.1058623522861566,2.384102843781183,0.00037653772990691115,0.9994777078665588,0.9999999999999962,0.0,0.0,0.0,0.0,0.0,0.00037653772990691115,0.9994777078665588,1.9432362920591856e-05,0.0006384794219776768
5.938419000000001,0.0,-0.03930284,-0.006345825,0.3768708,0.0,0.8581922667839502,1.01140830941311,0.0017858326202780967,0.0,-3.788432496292516e-05,2.7633040594766912e-05,1.0134795857603087,1.0089465374685702,0.0017833949641282737,0.0,0.0,0.0,2.7633040594766912e-05,1.0134795857603087,0.0,0.0,0.0,0.02905680246841944,8.195956111908602e-05,1.0015615110820146,1.0144461785303078,0.001788840730087909,0.0113429829265046,0.09999848419770992,0.7035267987779572,0.9715621326051446,1.839152664192876,1.08909126579564,1.839152664192876,1.839152664192876,1.595615599499231,0.0,0.0,4.819603699490526,1.108815300509475,2.704430900008706,7.809917482922286e-05,1.0014286036422955,0.9999999999999956,0.0,0.0,0.0,0.0,0.0,7.809917482922286e-05,1.0014286036422955,3.8603862898631664e-06,0.0001329074397196095,0.0,0.02944359924927317,0.00038452277257461034,0.9998160001446702,1.0144461767349653,0.0017888407283101547,0.01134298296953532,0.10044776475385493,0.7035268019665425,0.9715621372381809,1.839152663653957,1.089091265868588,1.839152663653957,1.074340847688313,1.473336956237801,1.074340847688313,1.473336956237801,1.473336956237801,1.278240491495022,0.0,0.0,4.819603647713828,1.1088153522861717,2.3870558437811935,0.00036528838978239946,0.9996947729857387,0.9999999999999954,0.0,0.0,0.0,0.0,0.0,0.00036528838978239946,0.9996947729857387,1.923438279221082e-05,0.00012122715893150132
5.94229,0.0,-0.03909863,-0.004466366,0.3670149,0.0,0.8651244023686802,1.0095954029608485,0.0017840374732612445,0.0,-3.712804529406041e-05,2.761449506072128e-05,1.0134684947155252,1.009047243796548,0.0017834946839257407,0.0,0.0,0.0,2.761449506072128e-05,1.0134684947155252,0.0,0.0,0.0,0.028684553460732686,7.897085005347734e-05,1.0014586141421853,1.0094243307928994,0.0017838680769354852,0.01134298292650456,0.09875521976042594,0.7035267987779548,0.9715621326051401,1.839152664192877,1.08909126579564,1.839152664192877,1.839152664192877,1.595615599499221,0.0,0.0,4.819603699490514,1.1126863005094865,2.708301900008707,7.511046376361875e-05,1.0013257067024652,0.9999999999999956,0.0,0.0,0.0,0.0,0.0,7.511046376361875e-05,1.0013257067024652,3.860386289858599e-06,0.00013290743971937913,0.0,0.029069448565425583,0.00036997105755275507,1.0006092551733983,1.0094268643110564,0.001783870585635013,0.01134298296953527,0.09921772606394512,0.7035268019665389,0.9715621372381757,1.839152663653957,1.089091265868588,1.839152663653957,1.074340847688312,1.473336956237802,1.074340847688312,1.473336956237802,1.473336956237802,1.278240491495018,0.0,0.0,4.819603647713816,1.1126863522861836,2.3909268437812012,0.00035152606719433984,1.0025504320842482,0.9999999999999969,0.0,0.0,0.0,0.0,0.0,0.00035152606719433984,1.0025504320842482,1.8444990358415324e-05,0.0019411769108506802
5.948053,0.0,-0.03877272,-0.00184392,0.3542243,0.0,0.8753732318299616,1.012754187413336,0.00178716531390613,0.0,-3.602100683513013e-05,2.7586885163354987e-05,1.0134519827829274,1.0155762616723012,0.0017899597428084012,0.0,0.0,0.0,2.7586885163354987e-05,1.0134519827829274,0.0,0.0,0.0,0.028140148353471013,7.452136881578382e-05,1.001305425027164,1.0096297449393892,0.001784071478821903,0.011342982926504493,0.09683967955636305,0.7035267987779501,0.971562132605133,1.839152664192877,1.08909126579564,1.839152664192877,1.839152664192877,1.5956155994992098,0.0,0.0,4.819603699490483,1.1184493005095169,2.7140649000087267,7.0660982525921e-05,1.001172517587445,0.9999999999999949,0.0,0.0,0.0,0.0,0.0,7.0660982525921e-05,1.001172517587445,3.860386289862815e-06,0.0001329074397187213,0.0,0.028521315242328666,0.000349057443374406,1.003540778595816,1.0096297700243784,0.0017840715036611574,0.011342982969535198,0.09738797898915501,0.7035268019665343,0.9715621372381681,1.839152663653958,1.089091265868588,1.839152663653958,1.074340847688311,1.473336956237803,1.074340847688311,1.473336956237803,1.473336956237803,1.2782404914950098,0.0,0.0,4.819603647713786,1.118449352286215,2.3966898437812247,0.0003312014045601273,1.0063706666667083,0.9999999999999956,0.0,0.0,0.0,0.0,0.0,0.0003312014045601273,1.0063706666667083,1.7856038814278627e-05,0.002829888070891687
5.957713,0.0,-0.03817424,0.001859977,0.3385432,0.0,0.892687274895469,1.0212120503536068,0.0017955403226702184,0.0,-3.4214522078572446e-05,2.7540605168810765e-05,1.0134243053113154,1.0210923571955024,0.0017954218020397466,0.0,0.0,0.0,2.7540605168810765e-05,1.0134243053113154,0.0,0.0,0.0,0.027250085298084807,6.706310250376643e-05,1.001048647853627,1.0215057343335758,0.0017958311296889045,0.011342982926504375,0.09377323198594711,0.7035267987779432,0.9715621326051204,1.839152664192879,1.08909126579564,1.839152664192879,1.839152664192879,1.5956155994991923,0.0,0.0,4.819603699490432,1.1281093005095686,2.723724900008761,6.320271621390166e-05,1.000915740413909,0.9999999999999957,0.0,0.0,0.0,0.0,0.0,6.320271621390166e-05,1.000915740413909,3.860386289864776e-06,0.0001329074397181215,0.0,0.027621570507223407,0.00031854224850456285,1.008133808392821,1.0215057131915246,0.0017958311087539628,0.011342982969535094,0.09461885913628394,0.7035268019665281,0.9715621372381565,1.8391526636539592,1.089091265868588,1.8391526636539592,1.074340847688311,1.473336956237804,1.074340847688311,1.473336956237804,1.473336956237804,1.2782404914949983,0.0,0.0,4.819603647713736,1.1281093522862649,2.4063498437812623,0.0003082407793741852,1.009352041644642,0.9999999999999956,0.0,0.0,0.0,0.0,0.0,0.0003082407793741852,1.009352041644642,1.0301469130377728e-05,0.0012182332518208168
5.965439999999999,0.0,-0.03765204,0.004761097,0.3257186,0.0,0.9062581828507429,1.0094319478497555,0.001783875619374796,0.0,-3.2812453290465395e-05,2.7503585964065075e-05,1.0134021661991894,1.0094313254833571,0.0017838750031051683,0.0,0.0,0.0,2.7503585964065075e-05,1.0134021661991894,0.0,0.0,0.0,0.026558446661122243,6.109726153141485e-05,1.000843252696286,1.0094387552282877,0.0017838823600674829,0.011342982926504302,0.0914057562770384,0.703526798777938,0.9715621326051129,1.83915266419288,1.08909126579564,1.83915266419288,1.83915266419288,1.5956155994991803,0.0,0.0,4.819603699490401,1.1358363005095988,2.7314519000087794,5.723687524155156e-05,1.0007103452565675,0.9999999999999951,0.0,0.0,0.0,0.0,0.0,5.723687524155156e-05,1.0007103452565675,3.860386289863281e-06,0.0001329074397182772,0.0,0.026920655861404262,0.0003074893091693027,1.008995533439046,1.009438800736196,0.0017838824051295908,0.011342982969534999,0.09244087239492196,0.7035268019665243,0.9715621372381461,1.8391526636539606,1.089091265868588,1.8391526636539606,1.07434084768831,1.473336956237805,1.07434084768831,1.473336956237805,1.473336956237805,1.2782404914949899,0.0,0.0,4.819603647713713,1.135836352286287,2.4140768437812774,0.00030227493840183817,1.009146646487301,0.9999999999999962,0.0,0.0,0.0,0.0,0.0,0.00030227493840183817,1.009146646487301,5.214370767464509e-06,0.00015111304825485657
5.982083,0.0,-0.03638865,0.01185315,0.2912868,0.0,0.9353687206562836,1.0121525748518,0.0024480328114604008,0.0,-2.9918947959337266e-05,2.7423851186715236e-05,1.0133544812964945,1.0121793279016056,0.0022895958037097274,0.0,0.0,0.0,2.7423851186715236e-05,1.0133544812964945,0.0,0.0,0.0,0.025127855494363676,4.8247579726974116e-05,1.0004008569924385,1.0121657993452733,0.0023697146686645207,0.011342982926504104,0.08648139481787143,0.7035267987779251,0.9715621326050913,1.839152664192882,1.08909126579564,1.839152664192882,1.839152664192882,1.5956155994991552,0.0,0.0,4.81960369949032,1.1524793005096803,2.7480949000088355,4.4387193437109253e-05,1.0002679495527196,0.9999999999999956,0.0,0.0,0.0,0.0,0.0,4.4387193437109253e-05,1.0002679495527196,3.860386289864857e-06,0.0001329074397184993,0.0,0.02547038672599865,0.0002933294691029329,1.0088279649544394,1.0121657433175812,0.002370046476061314,0.011342982969534822,0.08762787082225303,0.7035268019665116,0.971562137238127,1.839152663653963,1.089091265868588,1.839152663653963,1.074340847688308,1.473336956237808,1.074340847688308,1.473336956237808,1.473336956237808,1.2782404914949732,0.0,0.0,4.819603647713643,1.1524793522863568,2.43071984378133,0.00028942525659739784,1.0087042507834532,0.9999999999999969,0.0,0.0,0.0,0.0,0.0,0.00028942525659739784,1.0087042507834532,3.90421250553496e-06,0.0001237141709863576
5.987962,0.0,-0.03589726,0.01421244,0.2766155,0.0,0.9454726588154112,1.0121018254839194,0.002748580900402768,0.0,-2.8936327109950362e-05,2.7395685546143248e-05,1.0133376370050244,1.012049130597057,0.003060650748853135,0.0,0.0,0.0,2.7395685546143248e-05,1.0133376370050244,0.0,0.0,0.0,0.024641495157644997,4.3708537527350697e-05,1.000244584424817,1.0121620776051115,0.002391755571631914,0.011342982926504024,0.08477752802121004,0.7035267987779206,0.9715621326050828,1.839152664192883,1.0890912657956395,1.839152664192883,1.839152664192883,1.595615599499145,0.0,0.0,4.819603699490287,1.1583583005097122,2.753973900008857,3.9848151237485075e-05,1.000111676985098,0.9999999999999949,0.0,0.0,0.0,0.0,0.0,3.9848151237485075e-05,1.000111676985098,3.860386289865619e-06,0.0001329074397187213,0.0,0.02497752283797106,0.0002887594982484198,1.00867818018029,1.012162076842996,0.0023917600850360513,0.011342982969534754,0.08590624227501728,0.7035268019665073,0.97156213723812,1.839152663653964,1.089091265868587,1.839152663653964,1.074340847688308,1.473336956237809,1.074340847688308,1.473336956237809,1.473336956237809,1.278240491494965,0.0,0.0,4.819603647713614,1.1583583522863854,2.43659884378135,0.0002848862143977756,1.0085479782158315,0.9999999999999956,0.0,0.0,0.0,0.0,0.0,0.0002848862143977756,1.0085479782158315,3.873283850644288e-06,0.00013020196445857172
5.992665000000001,0.0,-0.03548892,0.01876605,0.1987836,0.0,0.9535550159468502,1.0196535870693,0.007506815365633656,0.0,-2.816458971183796e-05,2.7373153991863583e-05,1.0133241621448805,1.0196715536225083,0.0075128526603924365,0.0,0.0,0.0,2.7373153991863583e-05,1.0133241621448805,0.0,0.0,0.0,0.02425879604549037,4.007745818310205e-05,1.0001195716870181,1.0198783812463907,0.0075823528764431235,0.011342982926503974,0.08348689796444309,0.703526798777918,0.9715621326050774,1.839152664192884,1.089091265795639,1.839152664192884,1.839152664192884,1.5956155994991383,0.0,0.0,4.819603699490262,1.163061300509739,2.7586769000088776,3.6217071893235576e-05,0.9999866642472987,0.9999999999999959,0.0,0.0,0.0,0.0,0.0,3.6217071893235576e-05,0.9999866642472987,3.860386289866471e-06,0.00013290743971900996,0.0,0.024589648631551986,0.0002851205446252308,1.0085548192018612,1.0198802994839737,0.007582997461165201,0.011342982969534704,0.08460352288552606,0.7035268019665049,0.9715621372381142,1.8391526636539641,1.089091265868587,1.8391526636539641,1.074340847688307,1.4733369562378091,1.074340847688307,1.4733369562378091,1.4733369562378091,1.2782404914949583,0.0,0.0,4.819603647713593,1.1630613522864082,2.4413018437813663,0.0002812551350535287,1.008422965478032,0.9999999999999968,0.0,0.0,0.0,0.0,0.0,0.0002812551350535287,1.008422965478032,3.8654095717021196e-06,0.0001318537238292898
5.995428,0.0,-0.03524302,0.01971551,0.1931163,0.0,0.9582873338924425,1.0200431694792331,0.007637726610232387,0.0,-2.7716979997169095e-05,2.73599167636104e-05,1.0133162457003602,1.0200444116449217,0.00763814401474577,0.0,0.0,0.0,2.73599167636104e-05,1.0133162457003602,0.0,0.0,0.0,0.024036968855210922,3.794420871932171e-05,1.000046127035829,1.0200294523553135,0.00763311724975061,0.01134298292650394,0.08271444409369488,0.7035267987779156,0.9715621326050734,1.8391526641928846,1.089091265795639,1.8391526641928846,1.8391526641928846,1.5956155994991337,0.0,0.0,4.819603699490246,1.1658243005097537,2.761439900008887,3.408382242945562e-05,0.9999132195961098,0.9999999999999957,0.0,0.0,0.0,0.0,0.0,3.408382242945562e-05,0.9999132195961098,3.86038628986609e-06,0.0001329074397188323,0.0,0.024364923838923972,0.00028298512095362627,1.0084818306264824,1.0200293638657842,0.007633087514644494,0.01134298296953467,0.08381464771172506,0.7035268019665029,0.9715621372381109,1.839152663653965,1.089091265868587,1.839152663653965,1.074340847688307,1.47333695623781,1.074340847688307,1.47333695623781,1.47333695623781,1.2782404914949543,0.0,0.0,4.819603647713578,1.1658243522864231,2.444064843781377,0.000279121885589749,1.0083495208268431,0.9999999999999962,0.0,0.0,0.0,0.0,0.0,0.000279121885589749,1.0083495208268431,3.863235363877316e-06,0.0001323097996391983
5.997033,0.0,-0.03509835,0.02132022,0.1621286,0.0,0.9610247314491671,1.020043169479234,0.007637726610232689,0.0,-2.7459258839457493e-05,2.7352227385634893e-05,1.013311647114239,1.020043023953338,0.00763767770921527,0.0,0.0,0.0,2.7352227385634893e-05,1.013311647114239,0.0,0.0,0.0,0.023908958380533724,3.673860259130848e-05,1.0001195149605497,1.0200463923958862,0.007638809605818167,0.011342982926503917,0.08226594832891744,0.7035267987779142,0.9715621326050714,1.839152664192885,1.089091265795639,1.839152664192885,1.839152664192885,1.5956155994991312,0.0,0.0,4.819603699490239,1.1674293005097618,2.7630449000088926,3.30826856428797e-05,1.000693290652855,0.9999999999999957,0.0,0.0,0.0,0.0,0.0,3.30826856428797e-05,1.000693290652855,3.655916948428789e-06,0.0006564744987697716,0.0,0.024235231495570955,0.0002817450883351721,1.008439345350195,1.0200463870871261,0.007638807821917297,0.011342982969534654,0.08335816779447443,0.7035268019665017,0.971562137238109,1.839152663653965,1.089091265868587,1.839152663653965,1.074340847688307,1.47333695623781,1.074340847688307,1.47333695623781,1.47333695623781,1.2782404914949517,0.0,0.0,4.81960364771357,1.1674293522864303,2.445669843781382,0.00027788270159070255,1.0083068575386938,0.9999999999999958,0.0,0.0,0.0,0.0,0.0,0.00027788270159070255,1.0083068575386938,3.862386744469597e-06,0.00013248781150139173
5.998193,0.0,-0.03499312,0.02398294,0.1003204,0.0,0.9630093477260767,1.0240192329471112,0.008973801863918503,0.0,-2.7273738598443035e-05,2.734666995357781e-05,1.0133083235255154,1.0270226499305868,0.009846346375577957,0.0,0.0,0.0,2.734666995357781e-05,1.0133083235255154,0.0,0.0,0.0,0.02381699429905248,3.5957934807838656e-05,1.0004859402679058,1.0200431055171146,0.007637705117063489,0.011342982926503903,0.08193830853144657,0.7035267987779135,0.97156213260507,1.839152664192885,1.089091265795639,1.839152664192885,1.839152664192885,1.5956155994991295,0.0,0.0,4.819603699490233,1.1685893005097672,2.7642049000088957,3.276936188943377e-05,1.0026749416979612,0.9999999999999956,0.0,0.0,0.0,0.0,0.0,3.276936188943377e-05,1.0026749416979612,3.1885729184048933e-06,0.0021890014300560067,0.0,0.024142064183250368,0.0002808490508427783,1.0084086005776016,1.0200431215433143,0.007637710502341735,0.011342982969534635,0.08302449136861761,0.703526801966501,0.9715621372381074,1.839152663653965,1.089091265868587,1.839152663653965,1.074340847688307,1.47333695623781,1.074340847688307,1.47333695623781,1.47333695623781,1.2782404914949494,0.0,0.0,4.819603647713563,1.1685893522864372,2.4468298437813867,0.0002769870919714535,1.0082760230126788,0.9999999999999956,0.0,0.0,0.0,0.0,0.0,0.0002769870919714535,1.0082760230126788,3.8619588713247686e-06,0.00013257756492270648
5.9986310000000005,0.0,-0.03495326,0.02498828,0.07698409,0.0,0.9637613145930524,1.0265370414445238,0.009351307491208384,0.0,-2.720389921347767e-05,2.73445715438873e-05,1.0133070685842558,1.0260427735884934,0.008010516522760195,0.0,0.0,0.0,2.73445715438873e-05,1.0133070685842558,0.0,0.0,0.0,0.023782301915684725,3.5679869601319794e-05,1.000682030088199,1.0267972929404368,0.00990731241784301,0.0113429829265039,0.08181794565483022,0.7035267987779131,0.9715621326050691,1.839152664192885,1.089091265795639,1.839152664192885,1.839152664192885,1.595615599499128,0.0,0.0,4.81960369949023,1.1690273005097718,2.7646429000088997,3.268694398012257e-05,1.0035472240652221,0.9999999999999956,0.0,0.0,0.0,0.0,0.0,3.268694398012257e-05,1.0035472240652221,2.992925621197215e-06,0.0028651939770231766,0.0,0.02410692057772037,0.0002805107387899566,1.0083969877175687,1.0267972919324304,0.009907312079122911,0.01134298296953463,0.08290166323301155,0.7035268019665007,0.9715621372381068,1.839152663653965,1.089091265868587,1.839152663653965,1.074340847688307,1.47333695623781,1.074340847688307,1.47333695623781,1.47333695623781,1.278240491494949,0.0,0.0,4.81960364771356,1.1690273522864405,2.4472678437813893,0.0002766489221324601,1.0082643803209592,0.9999999999999953,0.0,0.0,0.0,0.0,0.0,0.0002766489221324601,1.0082643803209592,3.861816657496479e-06,0.00013260739660931665
5.9999139999999995,0.0,-0.03483604,0.02652984,0.0434703,0.0,0.9659636410885049,1.0225922619489856,0.005116300409073018,0.0,-2.6999837984125497e-05,2.7338424832396592e-05,1.0133033925805213,1.0219082140045708,0.0046017791065386315,0.0,0.0,0.0,2.7338424832396592e-05,1.0133033925805213,0.0,0.0,0.0,0.02368079465621884,3.497416837138836e-05,1.0016325018824115,1.0229761085765097,0.005405018865695766,0.0113429829265039,0.08149232793903052,0.7035267987779132,0.9715621326050691,1.839152664192885,1.089091265795639,1.839152664192885,1.839152664192885,1.595615599499126,0.0,0.0,4.819603699490228,1.1703103005097715,2.7659259000088974,3.244552348321564e-05,1.0061023342871056,0.9999999999999959,0.0,0.0,0.0,0.0,0.0,3.244552348321564e-05,1.0061023342871056,2.528644888172716e-06,0.004469832404694251,0.0,0.024004113668337896,0.0002795198400492523,1.0083629515528802,1.022981182707706,0.005408835482080273,0.011342982969534614,0.08256768455214081,0.7035268019665001,0.971562137238105,1.839152663653965,1.089091265868587,1.839152663653965,1.074340847688307,1.47333695623781,1.074340847688307,1.47333695623781,1.47333695623781,1.278240491494947,0.0,0.0,4.819603647713556,1.170310352286444,2.4485508437813914,0.00027565834701048303,1.0082302762719275,0.9999999999999948,0.0,0.0,0.0,0.0,0.0,0.00027565834701048303,1.0082302762719275,3.861493038769298e-06,0.00013267528095219257
6.001054,0.0,-0.03473147,0.02767658,0.01922612,0.0,0.967919157270952,1.0215587640467907,0.004338932841279148,0.0,-2.6819145147336362e-05,2.733296321813362e-05,1.0133001262950514,1.0234593947535267,0.005768532907841465,0.0,0.0,0.0,2.733296321813362e-05,1.0133001262950514,0.0,0.0,0.0,0.02359100099477434,3.443618693817798e-05,1.0027848580851362,1.0227992035513078,0.005271955964571928,0.01134298292650389,0.08119870156360544,0.7035267987779128,0.971562132605068,1.839152664192885,1.089091265795639,1.839152664192885,1.839152664192885,1.595615599499124,0.0,0.0,4.81960369949022,1.1714503005097794,2.7670659000089035,3.223101111651605e-05,1.008372658256682,0.9999999999999958,0.0,0.0,0.0,0.0,0.0,3.223101111651605e-05,1.008372658256682,2.205175821661929e-06,0.00558780017154574,0.0,0.02391327617150702,0.0002786394465067132,1.0083326959523367,1.0227991988750817,0.005271952447248141,0.0113429829695346,0.08225662605835427,0.7035268019664985,0.9715621372381034,1.839152663653966,1.089091265868587,1.839152663653966,1.074340847688306,1.473336956237811,1.074340847688306,1.473336956237811,1.473336956237811,1.278240491494946,0.0,0.0,4.819603647713552,1.1714503522864483,2.4496908437813945,0.0002747781789363949,1.0081999733756715,0.9999999999999968,0.0,0.0,0.0,0.0,0.0,0.0002747781789363949,1.0081999733756715,3.861267570318335e-06,0.00013272257666498198
6.002243,0.0,-0.03462181,0.02809107,0.01427178,0.0,0.9699535097089571,1.0228788273928437,0.005331846741226104,0.0,-2.6631872898590486e-05,2.732726685027512e-05,1.0132967196166098,1.0232506837421662,0.005611546453463263,0.0,0.0,0.0,2.732726685027512e-05,1.0132967196166098,0.0,0.0,0.0,0.02349743493728356,3.3942751844854015e-05,1.00422062553907,1.0230238621846162,0.005440937764135839,0.01134298292650387,0.08091728643884626,0.7035267987779118,0.9715621326050664,1.839152664192885,1.089091265795639,1.839152664192885,1.839152664192885,1.595615599499122,0.0,0.0,4.819603699490212,1.1726393005097875,2.76825490000891,3.200727848142301e-05,1.010740566326705,0.9999999999999956,0.0,0.0,0.0,0.0,0.0,3.200727848142301e-05,1.010740566326705,1.9354733634310068e-06,0.006519940787634567,0.0,0.02381879113339783,0.000277721258655588,1.0083011299974556,1.0230224507093397,0.005439876092795563,0.01134298296953458,0.08194330171743221,0.7035268019664975,0.9715621372381017,1.839152663653966,1.089091265868587,1.839152663653966,1.074340847688306,1.473336956237811,1.074340847688306,1.473336956237811,1.473336956237811,1.278240491494944,0.0,0.0,4.819603647713548,1.1726393522864516,2.4508798437813955,0.00027386017907666746,1.0081683679865072,0.9999999999999969,0.0,0.0,0.0,0.0,0.0,0.00027386017907666746,1.0081683679865072,3.861079578920534e-06,0.00013276201094921707
6.0040059999999995,0.0,-0.03445788,0.02887418,0.007419375,0.0,0.9729705739965815,1.0229746465625829,0.00540391918062821,0.0,-2.635528011883206e-05,2.7318820511726313e-05,1.0132916683347826,1.0229720054739113,0.005401932629254929,0.0,0.0,0.0,2.7318820511726313e-05,1.0132916683347826,0.0,0.0,0.0,0.023359551277896053,3.331448704539239e-05,1.0067068233118057,1.0229517922672888,0.005386728833256837,0.011342982926503853,0.08048363060887997,0.7035267987779106,0.9715621326050639,1.839152664192885,1.089091265795639,1.839152664192885,1.839152664192885,1.5956155994991184,0.0,0.0,4.8196036994902025,1.1744023005097979,2.7700179000089165,3.167553698800984e-05,1.0142516024305277,0.9999999999999952,0.0,0.0,0.0,0.0,0.0,3.167553698800984e-05,1.0142516024305277,1.6389500573825496e-06,0.0075447791187221195,0.0,0.02367978086479398,0.00027635987976342227,1.008254310190071,1.022951609463303,0.0053865913333260955,0.011342982969534563,0.08144796803260093,0.7035268019664961,0.9715621372380996,1.839152663653966,1.089091265868587,1.839152663653966,1.074340847688306,1.473336956237811,1.074340847688306,1.473336956237811,1.473336956237811,1.2782404914949415,0.0,0.0,4.819603647713541,1.1744023522864593,2.4526428437814003,0.0002724990068708617,1.0081215048232621,0.9999999999999966,0.0,0.0,0.0,0.0,0.0,0.0002724990068708617,1.0081215048232621,3.860872892560588e-06,0.0001328053668089322
6.005667,0.0,-0.03430081,0.03024704,-0.004459634,0.0,0.9758001912041764,1.0229118250968263,0.0053566666705486795,0.0,-2.6096081098598315e-05,2.731086284392735e-05,1.0132869092995502,1.0229113242058592,0.005356289914687101,0.0,0.0,0.0,2.731086284392735e-05,1.0132869092995502,0.0,0.0,0.0,0.023230053666521363,3.284012159886836e-05,1.0088826203296126,1.022915827822444,0.005359677406295259,0.011342982926503828,0.08010046491548237,0.7035267987779094,0.9715621326050617,1.839152664192885,1.089091265795639,1.839152664192885,1.839152664192885,1.595615599499115,0.0,0.0,4.819603699490194,1.176063300509807,2.771678900008922,3.155284183687511e-05,1.0154947031659962,0.9999999999999951,0.0,0.0,0.0,0.0,0.0,3.155284183687511e-05,1.0154947031659962,1.2872797619932475e-06,0.006612082836383471,0.0,0.02354945085835066,0.0002750773187864071,1.008210187842564,1.022915890908549,0.005359724857859079,0.011342982969534546,0.08099506647715647,0.7035268019664949,0.9715621372380975,1.8391526636539668,1.089091265868587,1.8391526636539668,1.074340847688306,1.4733369562378118,1.074340847688306,1.4733369562378118,1.473336956237811,1.2782404914949397,0.0,0.0,4.819603647713533,1.1760633522864672,2.454303843781407,0.00027121658654536833,1.008077352971787,0.9999999999999961,0.0,0.0,0.0,0.0,0.0,0.00027121658654536833,1.008077352971787,3.860732241038762e-06,0.00013283487077643045
6.008959000000001,0.0,-0.03397583,0.03417407,-0.03867212,0.0,0.9813968904547318,1.014554568213511,0.0020925208903628608,0.0,-2.5587357489554558e-05,2.7295091235020534e-05,1.0132774771839657,1.0100498206414463,0.0011881672204146843,0.0,0.0,0.0,2.7295091235020534e-05,1.0132774771839657,0.0,0.0,0.0,0.022975029489524273,3.2190050728369444e-05,1.0121851378093554,1.0082392898683785,0.0005012321836440998,0.011342982926503792,0.07934911753470007,0.7035267987779069,0.9715621326050576,1.839152664192886,1.089091265795639,1.839152664192886,1.839152664192886,1.5956155994991101,0.0,0.0,4.819603699490179,1.1793553005098223,2.7749709000089333,3.150838789409711e-05,1.0157972138395261,0.9999999999999952,0.0,0.0,0.0,0.0,0.0,3.150838789409711e-05,1.0157972138395261,6.816628342723318e-07,0.0036120760301703967,0.0,0.02329325141842062,0.00027253546602194496,1.0081227181740653,1.0082392841727001,0.0005012299767156508,0.0113429829695345,0.08009012841076248,0.7035268019664928,0.9715621372380923,1.839152663653967,1.089091265868587,1.839152663653967,1.074340847688305,1.473336956237812,1.074340847688305,1.473336956237812,1.473336956237812,1.278240491494936,0.0,0.0,4.819603647713516,1.179355352286484,2.4575958437814203,0.00026867490821211976,1.0079898467134762,0.9999999999999952,0.0,0.0,0.0,0.0,0.0,0.00026867490821211976,1.0079898467134762,3.860557809825192e-06,0.00013287146058849026
6.010373,0.0,-0.03383148,0.03455835,-0.04236163,0.0,0.9837755709348611,1.007786936139453,0.00024957318285262617,0.0,-2.5370464943151385e-05,2.7288316916978558e-05,1.0132734258439182,1.0080537731323933,0.0012052041524511625,0.0,0.0,0.0,2.7288316916978558e-05,1.0132734258439182,0.0,0.0,0.0,0.022866026033858074,3.202146137166487e-05,1.0130732848466515,1.0080144478437265,0.0012000409711824078,0.01134298292650379,0.07905048473980532,0.7035267987779065,0.9715621326050574,1.839152664192886,1.089091265795639,1.839152664192886,1.839152664192886,1.5956155994991084,0.0,0.0,4.819603699490175,1.1807693005098256,2.7763849000089342,3.1501613576055146e-05,1.0157931624994785,0.9999999999999961,0.0,0.0,0.0,0.0,0.0,3.1501613576055146e-05,1.0157931624994785,5.198477956097289e-07,0.002719877652826992,0.0,0.023183829806790335,0.00027144370658036606,1.0080851408020082,1.008017777204958,0.0012004780969132104,0.01134298296953449,0.07973287384022963,0.7035268019664926,0.9715621372380916,1.839152663653967,1.089091265868587,1.839152663653967,1.074340847688305,1.473336956237812,1.074340847688305,1.473336956237812,1.473336956237812,1.278240491494936,0.0,0.0,4.819603647713514,1.1807693522864864,2.4590098437814225,0.00026758319096934803,1.0079522604895237,0.9999999999999961,0.0,0.0,0.0,0.0,0.0,0.00026758319096934803,1.0079522604895237,3.860515611018046e-06,0.0001328803124836276
6.013191,0.0,-0.03353111,0.03840185,-0.04807205,0.0,0.988486462772702,1.0084765911714015,0.0012607176973762535,0.0,-2.4941480883059193e-05,2.727481618979164e-05,1.01326535181545,1.0084161304028956,0.0012527795507528718,0.0,0.0,0.0,2.727481618979164e-05,1.01326535181545,0.0,0.0,0.0,0.02265031745503147,3.179767516880965e-05,1.0142246602841996,1.008382239267201,0.0012483298421067188,0.011342982926503747,0.07844109892771575,0.7035267987779039,0.9715621326050525,1.839152664192887,1.089091265795639,1.839152664192887,1.839152664192887,1.5956155994991013,0.0,0.0,4.819603699490159,1.1835873005098405,2.7792029000089418,3.148811284886822e-05,1.0157850884710107,0.9999999999999958,0.0,0.0,0.0,0.0,0.0,3.148811284886822e-05,1.0157850884710107,3.095623199414257e-07,0.0015604281868111512,0.0,0.022967755798505202,0.000269267938028267,1.00801024567239,1.0083814391201709,0.0012482247874637338,0.01134298296953447,0.07898922144776709,0.7035268019664905,0.9715621372380893,1.839152663653967,1.089091265868587,1.839152663653967,1.074340847688305,1.473336956237812,1.074340847688305,1.473336956237812,1.473336956237812,1.278240491494933,0.0,0.0,4.8196036477135,1.1835873522865004,2.461827843781434,0.00026540747725637884,1.0078773538564985,0.9999999999999967,0.0,0.0,0.0,0.0,0.0,0.00026540747725637884,1.0078773538564985,3.8604607718881435e-06,0.0001328918158915649
6.016618,0.0,-0.03307182,0.05759791,-0.0475183,0.0,0.9941890680069261,1.0083035995481544,0.0012380049051990052,0.0,-2.4425613116495986e-05,2.725839781077475e-05,1.0132555329029025,1.0083037518662967,0.001238024903683538,0.0,0.0,0.0,2.725839781077475e-05,1.0132555329029025,0.0,0.0,0.0,0.022390534999603452,3.163273003180604e-05,1.0150337722544895,1.00829901834947,0.0012374034205045437,0.011342982926503703,0.0776631054415749,0.7035267987779011,0.9715621326050479,1.839152664192887,1.089091265795639,1.839152664192887,1.839152664192887,1.5956155994990953,0.0,0.0,4.819603699490141,1.1870143005098595,2.7826299000089545,3.147169446985132e-05,1.0157752695584625,0.9999999999999957,0.0,0.0,0.0,0.0,0.0,3.147169446985132e-05,1.0157752695584625,1.6103556195472036e-07,0.0007414973039729492,0.0,0.02270766189692165,0.00026662199053176006,1.0079191590381802,1.0082990696611,0.0012374101574225964,0.011342982969534426,0.07807629177232235,0.703526801966488,0.9715621372380852,1.839152663653968,1.089091265868587,1.839152663653968,1.074340847688305,1.473336956237813,1.074340847688305,1.473336956237813,1.473336956237813,1.2782404914949284,0.0,0.0,4.819603647713482,1.1870143522865175,2.4652548437814463,0.0002627615684933052,1.0077862590973155,0.9999999999999959,0.0,0.0,0.0,0.0,0.0,0.0002627615684933052,1.0077862590973155,3.860422038454904e-06,0.00013289994086501056
6.021903,0.0,-0.03213709,0.07375068,-0.03891756,0.0,1.0030301374379902,1.0109423489928848,-0.006275505493053714,0.0,-2.36421764844138e-05,2.7233077958687142e-05,1.0132403905180714,1.0105858648494956,-0.00690161302089159,0.0,0.0,0.0,2.7233077958687142e-05,1.0132403905180714,0.0,0.0,0.0,0.021995534960806647,3.1517264205971544e-05,1.0155156670558545,1.0107477023091793,-0.006617371340937569,0.011342982926503646,0.07644464716203371,0.7035267987778964,0.9715621326050423,1.839152664192888,1.089091265795639,1.839152664192888,1.839152664192888,1.5956155994990868,0.0,0.0,4.819603699490117,1.192299300509883,2.78791490000897,3.144637461776371e-05,1.0157601271736318,0.9999999999999957,0.0,0.0,0.0,0.0,0.0,3.144637461776371e-05,1.0157601271736318,7.088958820784215e-08,0.00024446011777686156,0.0,0.022312220354137737,0.0002625415387147237,1.0077786808057245,1.010748148178364,-0.006616588242843477,0.011342982969534387,0.07672150931565984,0.7035268019664848,0.9715621372380806,1.839152663653968,1.089091265868587,1.839152663653968,1.074340847688304,1.4733369562378134,1.074340847688304,1.4733369562378134,1.473336956237813,1.2782404914949226,0.0,0.0,4.819603647713453,1.1922993522865473,2.4705398437814696,0.0002586811401849143,1.0076457759335322,0.9999999999999969,0.0,0.0,0.0,0.0,0.0,0.0002586811401849143,1.0076457759335322,3.8603985298092404e-06,0.0001329048721926081
6.026487,0.0,-0.03110887,0.09621393,-0.01723714,0.0,1.010696178982833,1.010768694242,-0.006580502359786943,0.0,-2.297403993978244e-05,2.7211116520282312e-05,1.0132272566122882,1.0107686244839564,-0.006580624878661772,0.0,0.0,0.0,2.7211116520282312e-05,1.0132272566122882,0.0,0.0,0.0,0.02165856056068876,3.146637666551355e-05,1.0156620227842137,1.010770884366248,-0.006576655755936511,0.011342982926503587,0.07534995621156923,0.7035267987778925,0.9715621326050358,1.839152664192889,1.0890912657956382,1.839152664192889,1.839152664192889,1.5956155994990786,0.0,0.0,4.819603699490093,1.196883300509908,2.792498900008988,3.142441317935884e-05,1.0157469932678482,0.9999999999999951,0.0,0.0,0.0,0.0,0.0,3.142441317935884e-05,1.0157469932678482,4.196348615472345e-08,8.497048363462988e-05,0.0,0.021975050416452747,0.00025900232902070346,1.0076568328473559,1.0107708573799599,-0.006576703153047737,0.011342982969534338,0.0755401383923795,0.7035268019664815,0.9715621372380753,1.839152663653969,1.089091265868587,1.839152663653969,1.074340847688304,1.473336956237814,1.074340847688304,1.473336956237814,1.473336956237814,1.2782404914949157,0.0,0.0,4.819603647713431,1.1968833522865698,2.475123843781485,0.00025514193803436667,1.007523926392798,0.9999999999999959,0.0,0.0,0.0,0.0,0.0,0.00025514193803436667,1.007523926392798,3.860390986336794e-06,0.00013290645455775975
6.032570000000001,0.0,-0.02955647,0.09938307,-0.0236335,0.0,1.020830823348306,1.0136568208727161,-0.0036129047411342383,0.0,-2.2104192735475224e-05,2.7181973538210638e-05,1.0132098278276283,1.0136575538222825,-0.0036100822975705066,0.0,0.0,0.0,2.7181973538210638e-05,1.0132098278276283,0.0,0.0,0.0,0.021219270985843693,3.142448985314492e-05,1.015714859562051,1.0136264899674936,-0.0037297030477073385,0.011342982926503507,0.07389625067965305,0.7035267987778889,0.9715621326050268,1.83915266419289,1.0890912657956389,1.83915266419289,1.83915266419289,1.5956155994990695,0.0,0.0,4.8196036994900675,1.202966300509934,2.7985819000090038,3.1395270197287145e-05,1.0157295644831887,0.9999999999999959,0.0,0.0,0.0,0.0,0.0,3.1395270197287145e-05,1.0157295644831887,2.921965585777062e-08,1.470492113778442e-05,0.0,0.021535320587444666,0.00025430577973706357,1.0074951383533302,1.013626230960169,-0.0037307004335984397,0.011342982969534275,0.07403195704944686,0.7035268019664778,0.9715621372380683,1.83915266365397,1.0890912658685867,1.83915266365397,1.074340847688303,1.473336956237815,1.074340847688303,1.473336956237815,1.473336956237815,1.2782404914949088,0.0,0.0,4.819603647713402,1.2029663522865983,2.481206843781508,0.00025044539207411614,1.0073622312016357,0.9999999999999968,0.0,0.0,0.0,0.0,0.0,0.00025044539207411614,1.0073622312016357,3.860387662947434e-06,0.00013290715169377994
6.037896,0.0,-0.02817078,0.101794,-0.04004806,0.0,1.0296462078342468,1.0133829598485733,-0.004667489285250457,0.0,-2.135760278058926e-05,2.715645725964516e-05,1.0131945679711272,1.0131968373327958,-0.005384210217214124,0.0,0.0,0.0,2.715645725964516e-05,1.0131945679711272,0.0,0.0,0.0,0.020842185983417832,3.1395433044614104e-05,1.0157191210993348,1.0136046220448478,-0.0038139120851431426,0.011342982926503445,0.07259201807518044,0.7035267987778847,0.9715621326050202,1.83915266419289,1.089091265795638,1.83915266419289,1.83915266419289,1.595615599499061,0.0,0.0,4.819603699490036,1.2082923005099635,2.8039079000090235,3.1369753918721625e-05,1.0157143046266872,0.9999999999999957,0.0,0.0,0.0,0.0,0.0,3.1369753918721625e-05,1.0157143046266872,2.5679125892477206e-08,4.816472647628946e-06,0.0,0.02115791114916652,0.00025019369533778535,1.007353565542221,1.0136046179934408,-0.003813927686309576,0.011342982969534204,0.07269713265232772,0.7035268019664739,0.971562137238061,1.839152663653971,1.089091265868587,1.839152663653971,1.074340847688303,1.473336956237816,1.074340847688303,1.473336956237816,1.4733369562378154,1.2782404914949015,0.0,0.0,4.819603647713376,1.2082923522866238,2.4865328437815246,0.0002463333085981535,1.0072206581968477,0.9999999999999956,0.0,0.0,0.0,0.0,0.0,0.0002463333085981535,1.0072206581968477,3.860386739631817e-06,0.00013290734537295659
6.044739,0.0,-0.02636233,0.1046739,-0.06170392,0.0,1.0409503182964206,1.0170869386101982,-0.002211039619564532,0.0,-2.0418463288521353e-05,2.7123673201398155e-05,1.013174961662821,1.0170763627371966,-0.0022259746970457257,0.0,0.0,0.0,2.7123673201398155e-05,1.013174961662821,0.0,0.0,0.0,0.02036719547490973,3.1361356085616634e-05,1.0157066434482982,1.0170743230196522,-0.002228855153303515,0.011342982926503355,0.07097392348113316,0.7035267987778804,0.9715621326050108,1.839152664192892,1.089091265795638,1.839152664192892,1.839152664192892,1.5956155994990504,0.0,0.0,4.819603699489999,1.2151353005100012,2.8107509000090505,3.1336969860474564e-05,1.0156946983183814,0.9999999999999952,0.0,0.0,0.0,0.0,0.0,3.1336969860474564e-05,1.0156946983183814,2.4386225142078497e-08,1.194512991721291e-05,0.0,0.020682357902072856,0.00024491037032430457,1.0071716684909469,1.0170743083368299,-0.002228875888148354,0.011342982969534145,0.07106612473579275,0.70352680196647,0.9715621372380545,1.8391526636539712,1.0890912658685867,1.8391526636539712,1.074340847688302,1.473336956237817,1.074340847688302,1.473336956237817,1.473336956237816,1.2782404914948924,0.0,0.0,4.8196036477133335,1.2151353522866661,2.4933758437815583,0.00024104998392183695,1.0070387610748484,0.9999999999999963,0.0,0.0,0.0,0.0,0.0,0.00024104998392183695,1.0070387610748484,3.860386402467612e-06,0.00013290741609838863
6.054266,0.0,-0.02380095,0.10823,-0.09968978,0.0,1.0564915731013254,1.0038120823792143,-0.010567747437095182,0.0,-1.914829842329766e-05,2.707803039518463e-05,1.0131476652578475,1.0038340535365295,-0.010551470876654787,0.0,0.0,0.0,2.707803039518463e-05,1.0131476652578475,0.0,0.0,0.0,0.01972395490256187,3.1315341698967536e-05,1.0156813958236142,1.0038103501844955,-0.010569030672731513,0.01134298292650324,0.06874330866746492,0.7035267987778732,0.9715621326049978,1.839152664192893,1.089091265795638,1.839152664192893,1.839152664192893,1.595615599499037,0.0,0.0,4.819603699489947,1.2246623005100532,2.8202779000090903,3.129132705426094e-05,1.0156674019134082,0.9999999999999957,0.0,0.0,0.0,0.0,0.0,3.129132705426094e-05,1.0156674019134082,2.4014644706589997e-08,1.3993910206221281e-05,0.0,0.020038207537789947,0.0002375547901906927,1.0069184266756341,1.0038103553604867,-0.010569026838279927,0.01134298296953406,0.06883695411401279,0.7035268019664638,0.9715621372380449,1.839152663653972,1.089091265868586,1.839152663653972,1.074340847688301,1.473336956237818,1.074340847688301,1.473336956237818,1.473336956237818,1.278240491494878,0.0,0.0,4.819603647713288,1.2246623522867122,2.5029028437815892,0.00023369440388513072,1.0067855192392077,0.9999999999999964,0.0,0.0,0.0,0.0,0.0,0.00023369440388513072,1.0067855192392077,3.860386305561994e-06,0.00013290743642621215
6.070196,0.0,-0.01943048,0.112408,-0.1423684,0.0,1.0822615432663045,1.014136581262938,-0.005804310474681599,0.0,-1.711699437257601e-05,2.700171152219399e-05,1.013102023216153,1.011496381661854,-0.006714316413593024,0.0,0.0,0.0,2.700171152219399e-05,1.013102023216153,0.0,0.0,0.0,0.01869372766732162,3.123896489203467e-05,1.0156360732118652,1.0110733393269107,-0.00686012775189153,0.011342982926503061,0.06514742738393414,0.7035267987778632,0.9715621326049789,1.839152664192895,1.089091265795638,1.839152664192895,1.839152664192895,1.5956155994990113,0.0,0.0,4.819603699489873,1.2405923005101276,2.8362079000091387,3.121500818127026e-05,1.015621759871713,0.9999999999999961,0.0,0.0,0.0,0.0,0.0,3.121500818127026e-05,1.015621759871713,2.3956710764410383e-08,1.4313340152336707e-05,0.0,0.019006042571504893,0.00022525559945607665,1.006494983575859,1.0110647114350662,-0.006863101554635738,0.01134298296953388,0.0652692833475138,0.7035268019664539,0.9715621372380254,1.839152663653975,1.089091265868586,1.839152663653975,1.0743408476883,1.47333695623782,1.0743408476883,1.47333695623782,1.47333695623782,1.278240491494858,0.0,0.0,4.819603647713216,1.240592352286784,2.518832843781642,0.0002213952131656234,1.0063620761362644,0.9999999999999958,0.0,0.0,0.0,0.0,0.0,0.0002213952131656234,1.0063620761362644,3.8603862904531876e-06,0.0001329074395946441
6.082464,0.0,-0.01599117,0.1159181,-0.1796145,0.0,1.1018135433034941,1.0127836752202943,-0.007455077116027603,0.0,-1.5628552580730444e-05,2.694293688730079e-05,1.0130668734002386,1.0128821329270934,-0.00741098226487213,0.0,0.0,0.0,2.694293688730079e-05,1.0130668734002386,0.0,0.0,0.0,0.017937052075067635,3.118018817946752e-05,1.0156009348516066,1.0126241663452664,-0.007526514084559252,0.011342982926502869,0.06252154466457774,0.7035267987778548,0.9715621326049583,1.839152664192898,1.089091265795638,1.839152664192898,1.839152664192898,1.5956155994989927,0.0,0.0,4.819603699489811,1.2528603005101904,2.848475900009183,3.115623354637698e-05,1.015586610055799,0.9999999999999956,0.0,0.0,0.0,0.0,0.0,3.115623354637698e-05,1.015586610055799,2.3954633090555327e-08,1.4324795807490204e-05,0.0,0.01824767385598682,0.00021578375565472306,1.00616888188188,1.012622211118835,-0.007527389743979868,0.011342982969533729,0.06265814498711113,0.7035268019664451,0.9715621372380095,1.839152663653977,1.089091265868585,1.839152663653977,1.074340847688299,1.473336956237822,1.074340847688299,1.473336956237822,1.473336956237822,1.2782404914948449,0.0,0.0,4.819603647713162,1.2528603522868382,2.531100843781683,0.000211923369364813,1.0060359744421696,0.9999999999999969,0.0,0.0,0.0,0.0,0.0,0.000211923369364813,1.0060359744421696,3.860386289910073e-06,0.00013290743970970488
6.098533,0.0,-0.01133872,0.121972,-0.2223137,0.0,1.1270619651405296,1.0074944933609453,-0.007494370002074445,0.0,-1.3773723183709328e-05,2.6865952080641266e-05,1.0130208331009298,1.0005945655612822,-0.010125819479101895,0.0,0.0,0.0,2.6865952080641266e-05,1.0130208331009298,0.0,0.0,0.0,0.01699248984344272,3.1103203194859196e-05,1.0155548955334524,1.0142676361109855,-0.004951121906218733,0.01134298292650269,0.05919903379120854,0.7035267987778424,0.9715621326049386,1.8391526641929,1.089091265795637,1.8391526641929,1.8391526641929,1.595615599498968,0.0,0.0,4.819603699489736,1.2689293005102633,2.864544900009232,3.107924873971738e-05,1.0155405697564903,0.9999999999999956,0.0,0.0,0.0,0.0,0.0,3.107924873971738e-05,1.0155405697564903,2.3954455141827197e-08,1.4325776962223154e-05,0.0,0.01730049614528501,0.00020337724619631152,1.0057417439521208,1.0142676378407756,-0.004951121123583915,0.01134298296953353,0.0593595302504293,0.7035268019664352,0.9715621372379883,1.839152663653979,1.089091265868585,1.839152663653979,1.074340847688297,1.473336956237824,1.074340847688297,1.473336956237824,1.473336956237824,1.278240491494824,0.0,0.0,4.819603647713083,1.2689293522869172,2.5471698437817403,0.0001995168599064444,1.0056088365124018,0.9999999999999954,0.0,0.0,0.0,0.0,0.0,0.0001995168599064444,1.0056088365124018,3.860386289867123e-06,0.00013290743971933772
6.103887,0.0,-0.009136787,0.2172671,-0.1961188,0.0,1.1352553025977268,0.993766357992635,-0.012912429133675915,0.0,-1.3178747533451423e-05,2.6840301657164126e-05,1.0130054930198737,0.9937633062558139,-0.012914620893838052,0.0,0.0,0.0,2.6840301657164126e-05,1.0130054930198737,0.0,0.0,0.0,0.016688793919553798,3.107755276703343e-05,1.0155395554763709,0.9937570500133132,-0.01291911413289554,0.011342982926502624,0.05815680535489641,0.7035267987778389,0.9715621326049323,1.8391526641929008,1.089091265795637,1.8391526641929008,1.8391526641929008,1.5956155994989576,0.0,0.0,4.819603699489712,1.274283300510288,2.869898900009245,3.105359831624017e-05,1.015525229675433,0.9999999999999953,0.0,0.0,0.0,0.0,0.0,3.105359831624017e-05,1.015525229675433,2.3954450793259757e-08,1.4325800937550616e-05,0.0,0.016995809877269116,0.0001992435445571223,1.0055994266656703,0.9937569737492521,-0.01291916890581358,0.011342982969533483,0.05832640892303169,0.7035268019664321,0.9715621372379835,1.8391526636539797,1.089091265868585,1.8391526636539797,1.074340847688297,1.4733369562378247,1.074340847688297,1.4733369562378247,1.4733369562378247,1.2782404914948156,0.0,0.0,4.819603647713058,1.274283352286943,2.5525238437817594,0.00019538315826725746,1.005466519225951,0.9999999999999966,0.0,0.0,0.0,0.0,0.0,0.00019538315826725746,1.005466519225951,3.860386289864786e-06,0.00013290743971973535
6.105626999999999,0.0,-0.008218922,0.2178936,-0.2010143,0.0,1.1378955941913587,0.9937442160270467,-0.01292833151351168,0.0,-1.2987659920175559e-05,2.683196550907853e-05,1.0130005076367878,0.9937440621890147,-0.012928442000126251,0.0,0.0,0.0,2.683196550907853e-05,1.0130005076367878,0.0,0.0,0.0,0.016591326190029922,3.1069216618260706e-05,1.0155345700970746,0.9937455532053602,-0.01292737115082997,0.011342982926502607,0.05781629471042777,0.7035267987778375,0.97156213260493,1.839152664192901,1.089091265795637,1.839152664192901,1.839152664192901,1.595615599498955,0.0,0.0,4.819603699489703,1.2760233005102957,2.8716389000092506,3.104526216815456e-05,1.0155202442923477,0.9999999999999951,0.0,0.0,0.0,0.0,0.0,3.104526216815456e-05,1.0155202442923477,2.3954450106143775e-08,1.4325804726372677e-05,0.0,0.01689803452971313,0.00019790013012825015,1.0055531748766477,0.9937455706478546,-0.012927358623614615,0.011342982969533458,0.0579869932689768,0.7035268019664309,0.971562137237981,1.83915266365398,1.089091265868585,1.83915266365398,1.074340847688297,1.473336956237825,1.074340847688297,1.473336956237825,1.473336956237825,1.2782404914948136,0.0,0.0,4.81960364771305,1.2760233522869504,2.5542638437817646,0.0001940397438383857,1.0054202674369288,0.9999999999999961,0.0,0.0,0.0,0.0,0.0,0.0001940397438383857,1.0054202674369288,3.860386289864408e-06,0.0001329074397194583
6.109485,0.0,-0.00611734,0.2318399,-0.208244,0.0,1.1437414163173318,0.9903903424655972,-0.015337086557522332,0.0,-1.2568479385404339e-05,2.681348225659905e-05,1.0129894538391193,0.9891552219372002,-0.016224151245032917,0.0,0.0,0.0,2.681348225659905e-05,1.0129894538391193,0.0,0.0,0.0,0.016377216386810608,3.1050733364897614e-05,1.0155235163042795,0.9898621307236417,-0.015716448711291457,0.01134298292650255,0.05706127806040595,0.7035267987778349,0.971562132604924,1.839152664192902,1.089091265795637,1.839152664192902,1.839152664192902,1.5956155994989498,0.0,0.0,4.81960369948968,1.2798813005103202,2.8754969000092703,3.1026778915675046e-05,1.0155091904946798,0.9999999999999951,0.0,0.0,0.0,0.0,0.0,3.1026778915675046e-05,1.0155091904946798,2.3954449222565436e-08,1.4325809600065523e-05,0.0,0.016683153096772818,0.00019492145606699043,1.0054506234961624,0.9898639005070248,-0.015715177651255192,0.01134298296953342,0.05724183184497929,0.7035268019664285,0.9715621372379767,1.83915266365398,1.089091265868585,1.83915266365398,1.074340847688296,1.473336956237825,1.074340847688296,1.473336956237825,1.473336956237825,1.278240491494808,0.0,0.0,4.819603647713037,1.2798813522869634,2.5581218437817723,0.00019106106977713003,1.0053177160564415,0.999999999999995,0.0,0.0,0.0,0.0,0.0,0.00019106106977713003,1.0053177160564415,3.860386289860338e-06,0.00013290743972047174
6.112565,0.0,-0.004284874,0.2596513,-0.209384,0.0,1.1483917069199527,0.989724328843484,-0.015815418147026677,0.0,-1.2237875154887257e-05,2.6798726316309583e-05,1.0129806291380257,0.9897255744896967,-0.015814523522783164,0.0,0.0,0.0,2.6798726316309583e-05,1.0129806291380257,0.0,0.0,0.0,0.016208180841147224,3.1035977424287825e-05,1.0155146916049513,0.9896818503745212,-0.015845926222093094,0.011342982926502494,0.05648429436783599,0.703526798777833,0.971562132604918,1.8391526641929021,1.089091265795637,1.8391526641929021,1.8391526641929021,1.5956155994989443,0.0,0.0,4.819603699489667,1.2829613005103329,2.878576900009278,3.101202297538559e-05,1.015500365793586,0.9999999999999959,0.0,0.0,0.0,0.0,0.0,3.101202297538559e-05,1.015500365793586,2.3954448902230373e-08,1.4325811364854745e-05,0.0,0.016513494265556816,0.00019254345811243762,1.0053687525132962,0.9896814876216528,-0.015846186751533355,0.011342982969533387,0.05667006736327214,0.7035268019664266,0.9715621372379731,1.839152663653981,1.089091265868585,1.839152663653981,1.074340847688296,1.473336956237826,1.074340847688296,1.473336956237826,1.473336956237826,1.2782404914948036,0.0,0.0,4.8196036477130315,1.2829613522869694,2.561201843781773,0.0001886830718225806,1.0052358450735752,0.9999999999999968,0.0,0.0,0.0,0.0,0.0,0.0001886830718225806,1.0052358450735752,3.86038628985704e-06,0.00013290743972058642
6.114332999999999,0.0,-0.003165277,0.2636703,-0.2135778,0.0,1.1510575562290306,0.9896575682113264,-0.015863365693797482,0.0,-1.2049719054484687e-05,2.679025602331226e-05,1.0129755635303852,0.9896634036095384,-0.015859174705491162,0.0,0.0,0.0,2.679025602331226e-05,1.0129755635303852,0.0,0.0,0.0,0.016112015765237894,3.102750713117206e-05,1.015509625997963,0.9896593946058848,-0.015862053975563544,0.01134298292650247,0.05614143431455941,0.7035267987778318,0.9715621326049155,1.839152664192903,1.089091265795637,1.839152664192903,1.839152664192903,1.595615599498941,0.0,0.0,4.819603699489657,1.2847293005103422,2.880344900009283,3.100355268238825e-05,1.0154953001859448,0.9999999999999957,0.0,0.0,0.0,0.0,0.0,3.100355268238825e-05,1.0154953001859448,2.3954448783797747e-08,1.4325812017859112e-05,0.0,0.016416998663752055,0.00019117842552034432,1.0053217564426102,0.9896593965081135,-0.015862052609381214,0.011342982969533368,0.05632737430572853,0.7035268019664254,0.9715621372379706,1.839152663653981,1.089091265868585,1.839152663653981,1.074340847688296,1.473336956237826,1.074340847688296,1.473336956237826,1.473336956237826,1.278240491494801,0.0,0.0,4.819603647713023,1.2847293522869778,2.562969843781779,0.00018731803923048487,1.0051888490028902,0.9999999999999964,0.0,0.0,0.0,0.0,0.0,0.00018731803923048487,1.0051888490028902,3.860386289859526e-06,0.00013290743971981636
6.117523,0.0,-0.00112555,0.2648189,-0.2229936,0.0,1.1558313364211996,0.9896512259974685,-0.015867920677561945,0.0,-1.1713143340537873e-05,2.6774973085155305e-05,1.0129664236613953,0.9896512310461543,-0.01586791705159125,0.0,0.0,0.0,2.6774973085155305e-05,1.0129664236613953,0.0,0.0,0.0,0.015939976318363153,3.101222419288698e-05,1.01550048612968,0.9896512626396137,-0.01586789436113991,0.011342982926502437,0.05553252432355111,0.7035267987778292,0.9715621326049113,1.839152664192903,1.0890912657956369,1.839152664192903,1.839152664192903,1.5956155994989358,0.0,0.0,4.81960369948964,1.2879193005103602,2.8835349000092956,3.098826974423128e-05,1.0154861603169558,0.9999999999999957,0.0,0.0,0.0,0.0,0.0,3.098826974423128e-05,1.0154861603169558,2.3954448655701216e-08,1.4325812724586282e-05,0.0,0.016244317815380785,0.0001887154990674119,1.005236961496069,0.9896512534586466,-0.015867900954918853,0.011342982969533327,0.05572266726140333,0.703526801966423,0.9715621372379663,1.839152663653982,1.089091265868585,1.839152663653982,1.074340847688295,1.473336956237827,1.074340847688295,1.473336956237827,1.473336956237826,1.2782404914947967,0.0,0.0,4.819603647713006,1.2879193522869947,2.5661598437817914,0.0001848551127775498,1.00510405405635,0.9999999999999957,0.0,0.0,0.0,0.0,0.0,0.0001848551127775498,1.00510405405635,3.860386289862051e-06,0.0001329074397192224
6.121538,0.0,0.001451715,0.2660631,-0.2349971,0.0,1.1618419534994886,0.9874594448432871,-0.017442059897115444,0.0,-1.1294908803042292e-05,2.6755737662992278e-05,1.012954920033185,0.9874995293023877,-0.017413271202110694,0.0,0.0,0.0,2.6755737662992278e-05,1.012954920033185,0.0,0.0,0.0,0.01572591533925234,3.099298877064975e-05,1.0154889825018776,0.987483179854737,-0.017425013390292076,0.011342982926502406,0.0547939731290871,0.703526798777825,0.9715621326049083,1.8391526641929035,1.089091265795637,1.8391526641929035,1.8391526641929035,1.5956155994989314,0.0,0.0,4.819603699489629,1.2919343005103734,2.8875499000093043,3.096903432206824e-05,1.0154746566887447,0.9999999999999957,0.0,0.0,0.0,0.0,0.0,3.096903432206824e-05,1.0154746566887447,2.395444858151469e-08,1.4325813132884716e-05,0.0,0.01602934588262512,0.00018561560887665223,1.0051302368219757,0.9874831598732805,-0.01742502774099244,0.011342982969533287,0.05499613420850614,0.7035268019664201,0.9715621372379619,1.839152663653982,1.089091265868585,1.839152663653982,1.074340847688295,1.473336956237827,1.074340847688295,1.473336956237827,1.473336956237827,1.2782404914947936,0.0,0.0,4.8196036477129915,1.291934352287009,2.5701748437818024,0.00018175522258679055,1.0049973293822556,0.9999999999999968,0.0,0.0,0.0,0.0,0.0,0.00018175522258679055,1.0049973293822556,3.8603862898617155e-06,0.0001329074397198315
6.127307,0.0,0.005174733,0.2675651,-0.2523523,0.0,1.1704105859496945,0.9874836915042775,-0.017424645923126505,0.0,-1.0704298289864822e-05,2.672809902028776e-05,1.0129383909096101,0.987483692924761,-0.01742464490293412,0.0,0.0,0.0,2.672809902028776e-05,1.0129383909096101,0.0,0.0,0.0,0.015423469233774906,3.096535012790332e-05,1.0154724533785338,0.9874836827937469,-0.01742465217903749,0.01134298292650234,0.05373108874960877,0.70352679877782,0.9715621326049012,1.839152664192904,1.089091265795637,1.839152664192904,1.839152664192904,1.595615599498921,0.0,0.0,4.819603699489594,1.2977033005104057,2.893318900009326,3.0941395679363685e-05,1.0154581275651704,0.999999999999995,0.0,0.0,0.0,0.0,0.0,3.0941395679363685e-05,1.0154581275651704,2.3954448539631722e-08,1.4325813363880392e-05,0.0,0.01572569605040275,0.00018116149517540792,1.004976888218027,0.9874836819838259,-0.017424652760723577,0.01134298296953322,0.053936612428893096,0.7035268019664158,0.9715621372379547,1.839152663653983,1.089091265868585,1.839152663653983,1.074340847688295,1.473336956237828,1.074340847688295,1.473336956237828,1.473336956237828,1.2782404914947862,0.0,0.0,4.819603647712963,1.2977033522870371,2.5759438437818227,0.00017730110888554494,1.004843980778308,0.9999999999999957,0.0,0.0,0.0,0.0,0.0,0.00017730110888554494,1.004843980778308,3.860386289862964e-06,0.00013290743971937298
6.1319230000000005,0.0,0.008168112,0.2686194,-0.2647959,0.0,1.1772461652209811,0.9870388942231771,-0.017744099735198693,0.0,-1.0240358946834597e-05,2.6705984273412414e-05,1.012925165318621,0.9870755729410388,-0.01771775704665105,0.0,0.0,0.0,2.6705984273412414e-05,1.012925165318621,0.0,0.0,0.0,0.015185583811461602,3.094323538101705e-05,1.015459227787605,0.9870644755487751,-0.017725727203873977,0.011342982926502267,0.052911312702009286,0.7035267987778171,0.9715621326048933,1.839152664192905,1.089091265795636,1.839152664192905,1.839152664192905,1.5956155994989136,0.0,0.0,4.819603699489572,1.3023193005104288,2.8979349000093433,3.091928093248828e-05,1.015444901974181,0.999999999999996,0.0,0.0,0.0,0.0,0.0,3.091928093248828e-05,1.015444901974181,2.395444852876641e-08,1.4325813424065212e-05,0.0,0.015486708349885298,0.00017759758655260842,1.0048541880696793,0.9870644436017217,-0.017725750148276917,0.011342982969533172,0.05312883602126011,0.7035268019664136,0.97156213723795,1.8391526636539839,1.089091265868585,1.8391526636539839,1.074340847688294,1.4733369562378282,1.074340847688294,1.4733369562378282,1.473336956237829,1.2782404914947807,0.0,0.0,4.819603647712953,1.3023193522870466,2.580559843781828,0.00017373720026275048,1.0047212806299604,0.9999999999999969,0.0,0.0,0.0,0.0,0.0,0.00017373720026275048,1.0047212806299604,3.860386289857911e-06,0.00013290743971967455
6.139308,0.0,0.01303941,0.2772224,-0.2198899,0.0,1.1880958088521718,0.9859156576971546,-0.018550809230384418,0.0,-9.513604512657236e-06,2.6670603552945646e-05,1.012904006092136,0.985331170479444,-0.018970588482054164,0.0,0.0,0.0,2.6670603552945646e-05,1.012904006092136,0.0,0.0,0.0,0.01481281396671429,3.0907854660544695e-05,1.0154380685611506,0.9855234435179961,-0.01883249781078876,0.01134298292650217,0.05159849446916746,0.7035267987778111,0.9715621326048829,1.8391526641929064,1.089091265795636,1.8391526641929064,1.8391526641929064,1.595615599498901,0.0,0.0,4.819603699489529,1.3097043005104712,2.905319900009372,3.088390021202145e-05,1.0154237427476955,0.9999999999999957,0.0,0.0,0.0,0.0,0.0,3.088390021202145e-05,1.0154237427476955,2.3954448523240115e-08,1.4325813455441115e-05,0.0,0.015112231255635043,0.00017189579600248415,1.0046578837812146,0.9855240755727087,-0.018832043868518947,0.01134298296953309,0.051824351395169374,0.7035268019664083,0.9715621372379405,1.839152663653985,1.089091265868585,1.839152663653985,1.074340847688293,1.47333695623783,1.074340847688293,1.47333695623783,1.47333695623783,1.278240491494771,0.0,0.0,4.819603647712922,1.309704352287077,2.5879448437818486,0.0001680354097126239,1.0045249763414956,0.9999999999999951,0.0,0.0,0.0,0.0,0.0,0.0001680354097126239,1.0045249763414956,3.860386289860191e-06,0.00013290743971937507
6.142259,0.0,0.01504639,0.2874683,-0.1498992,0.0,1.1924128428756697,0.9854870000683743,-0.01885867152947234,0.0,-9.228554202536153e-06,2.6656465637428064e-05,1.0128955509970297,0.985527635359935,-0.018829487226093466,0.0,0.0,0.0,2.6656465637428064e-05,1.0128955509970297,0.0,0.0,0.0,0.014666258584902843,3.089371674502636e-05,1.015429613466048,0.9855021291041602,-0.018847805842202796,0.01134298292650215,0.05110130836658564,0.7035267987778083,0.9715621326048808,1.839152664192907,1.089091265795636,1.839152664192907,1.839152664192907,1.595615599498895,0.0,0.0,4.819603699489511,1.31265530051049,2.9082709000093847,3.0869762296503825e-05,1.015415287652589,0.9999999999999956,0.0,0.0,0.0,0.0,0.0,3.0869762296503825e-05,1.015415287652589,2.3954448522533217e-08,1.4325813458608777e-05,0.0,0.014964924046667926,0.00016961739601420713,1.0045794418102942,0.9855019631169888,-0.01884792505434045,0.01134298296953308,0.05133393166415882,0.7035268019664066,0.9715621372379393,1.839152663653985,1.089091265868584,1.839152663653985,1.074340847688293,1.47333695623783,1.074340847688293,1.47333695623783,1.47333695623783,1.278240491494769,0.0,0.0,4.819603647712908,1.3126553522870927,2.5908958437818606,0.00016575700972434415,1.0044465343705733,0.9999999999999969,0.0,0.0,0.0,0.0,0.0,0.00016575700972434415,1.0044465343705733,3.860386289863054e-06,0.00013290743972071745
6.143506,0.0,0.01592187,0.2977,-0.07182683,0.0,1.1942337218509953,0.985503443744188,-0.018846861666538497,0.0,-9.108934363364153e-06,2.6650491397966718e-05,1.0128919781391517,0.9854991819264738,-0.018849922507899245,0.0,0.0,0.0,2.6650491397966718e-05,1.0128919781391517,0.0,0.0,0.0,0.014604943954213816,3.088774250556482e-05,1.0154260406081705,0.9854959515198844,-0.018852242588851556,0.011342982926502132,0.05088256700586796,0.7035267987778073,0.971562132604879,1.839152664192907,1.089091265795636,1.839152664192907,1.839152664192907,1.5956155994988932,0.0,0.0,4.819603699489503,1.3139023005104977,2.9095179000093907,3.086378805704246e-05,1.0154117147947108,0.9999999999999953,0.0,0.0,0.0,0.0,0.0,3.086378805704246e-05,1.0154117147947108,2.395444852236392e-08,1.432581345944225e-05,0.0,0.014903317691096808,0.0001686546156735143,1.004546294694828,0.9854958884770117,-0.018852287866300096,0.011342982969533061,0.05111532519049048,0.7035268019664058,0.9715621372379377,1.839152663653985,1.0890912658685845,1.839152663653985,1.074340847688293,1.47333695623783,1.074340847688293,1.47333695623783,1.47333695623783,1.2782404914947672,0.0,0.0,4.819603647712902,1.3139023522870998,2.5921428437818665,0.0001647942293836508,1.0044133872551075,0.9999999999999967,0.0,0.0,0.0,0.0,0.0,0.0001647942293836508,1.0044133872551075,3.8603862898635645e-06,0.00013290743972044412
6.144086000000001,0.0,0.01633489,0.2982933,-0.07106513,0.0,1.1950808456197686,0.9854948882819463,-0.018853006207306327,0.0,-9.053531894625625e-06,2.664771268193818e-05,1.0128903163447898,0.9854952141175081,-0.01885277219190936,0.0,0.0,0.0,2.664771268193818e-05,1.0128903163447898,0.0,0.0,0.0,0.014576426603502677,3.08849637895362e-05,1.0154243788138089,0.9854930059628113,-0.018854358090622046,0.011342982926502123,0.05078079369488119,0.7035267987778069,0.9715621326048782,1.839152664192907,1.089091265795636,1.839152664192907,1.839152664192907,1.5956155994988923,0.0,0.0,4.819603699489499,1.3144823005105015,2.9100979000093936,3.086100934101391e-05,1.015410053000349,0.9999999999999952,0.0,0.0,0.0,0.0,0.0,3.086100934101391e-05,1.015410053000349,2.3954448522285314e-08,1.4325813459828607e-05,0.0,0.014874664635471256,0.0001682068108638896,1.0045308774318205,0.9854929914051661,-0.018854368545936098,0.011342982969533054,0.05101361647329856,0.7035268019664054,0.971562137237937,1.839152663653985,1.089091265868585,1.839152663653985,1.074340847688293,1.47333695623783,1.074340847688293,1.47333695623783,1.47333695623783,1.2782404914947663,0.0,0.0,4.819603647712898,1.3144823522871034,2.5927228437818695,0.00016434642457402587,1.0043979699921004,0.9999999999999964,0.0,0.0,0.0,0.0,0.0,0.00016434642457402587,1.0043979699921004,3.8603862898638e-06,0.00013290743972031531
6.145053,0.0,0.01702614,0.2992841,-0.06979313,0.0,1.1964859920311306,0.9854887673092829,-0.018857402295443523,0.0,-8.96116586829448e-06,2.6643079891594058e-05,1.0128875457324655,0.9854886368131124,-0.01885749601791203,0.0,0.0,0.0,2.6643079891594058e-05,1.0128875457324655,0.0,0.0,0.0,0.014529105435107076,3.088033099919198e-05,1.0154216082014855,0.9854904871037766,-0.018856167137473033,0.011342982926502113,0.05061563296743254,0.7035267987778061,0.971562132604877,1.839152664192907,1.089091265795636,1.839152664192907,1.839152664192907,1.5956155994988908,0.0,0.0,4.819603699489495,1.315449300510506,2.9110649000093964,3.0856376550669786e-05,1.0154072823880251,0.9999999999999952,0.0,0.0,0.0,0.0,0.0,3.0856376550669786e-05,1.0154072823880251,2.3954448522188977e-08,1.4325813460297763e-05,0.0,0.014827111188973011,0.00016746021215543048,1.0045051731329786,0.9854904914029868,-0.018856164049776334,0.011342982969533042,0.05084908564768894,0.7035268019664047,0.9715621372379358,1.839152663653985,1.089091265868585,1.839152663653985,1.074340847688293,1.4733369562378305,1.074340847688293,1.4733369562378305,1.4733369562378305,1.2782404914947647,0.0,0.0,4.819603647712893,1.3154493522871076,2.5936898437818723,0.00016359982586556642,1.0043722656932585,0.9999999999999962,0.0,0.0,0.0,0.0,0.0,0.00016359982586556642,1.0043722656932585,3.860386289864097e-06,0.0001329074397201006
6.145930999999999,0.0,0.01765479,0.3001215,-0.06912264,0.0,1.197756889536128,0.9854887673092829,-0.01885740229544351,0.0,-8.877822607896292e-06,2.663887349043361e-05,1.0128850301196213,0.9854887401757553,-0.01885742178276776,0.0,0.0,0.0,2.663887349043361e-05,1.0128850301196213,0.0,0.0,0.0,0.014486185768897994,3.0876124598031464e-05,1.015419092588642,0.9854886930631276,-0.018857455619099846,0.011342982926502104,0.05046660469658216,0.7035267987778054,0.9715621326048758,1.839152664192907,1.089091265795636,1.839152664192907,1.839152664192907,1.5956155994988894,0.0,0.0,4.81960369948949,1.3163273005105096,2.9119429000093984,3.0852170149509345e-05,1.015404766775181,0.9999999999999951,0.0,0.0,0.0,0.0,0.0,3.0852170149509345e-05,1.015404766775181,2.395444852210866e-08,1.4325813460687674e-05,0.0,0.014783979380079552,0.00016678232832293102,1.0044818345865638,0.9854887016988317,-0.018857449416929236,0.011342982969533033,0.050700736902169495,0.703526801966404,0.9715621372379348,1.839152663653985,1.089091265868585,1.839152663653985,1.074340847688293,1.4733369562378307,1.074340847688293,1.4733369562378307,1.4733369562378307,1.2782404914947634,0.0,0.0,4.8196036477128885,1.3163273522871113,2.5945678437818747,0.00016292194203306671,1.0043489271468438,0.9999999999999961,0.0,0.0,0.0,0.0,0.0,0.00016292194203306671,1.0043489271468438,3.860386289864347e-06,0.00013290743971990562
6.148739,0.0,0.01967412,0.3019953,-0.07354841,0.0,1.2018315928107963,0.9847331521472217,-0.01940008579248005,0.0,-8.612800529063049e-06,2.6625420672143746e-05,1.01287698474278,0.9841892756839505,-0.019790698363353728,0.0,0.0,0.0,2.6625420672143746e-05,1.01287698474278,0.0,0.0,0.0,0.014350018310106887,3.0862671779741396e-05,1.0154110472118028,0.9844913439373961,-0.019573752668833308,0.01134298292650207,0.04997683458258588,0.703526798777803,0.9715621326048719,1.839152664192908,1.089091265795636,1.839152664192908,1.839152664192908,1.595615599498885,0.0,0.0,4.819603699489477,1.3191353005105235,2.9147509000094085,3.0838717331219454e-05,1.0153967213983408,0.9999999999999953,0.0,0.0,0.0,0.0,0.0,3.0838717331219454e-05,1.0153967213983408,2.395444852194259e-08,1.4325813462293245e-05,0.0,0.014647088082738863,0.00016461433538254147,1.0044071937684174,0.9844913437918315,-0.01957375277337784,0.011342982969533004,0.05021684460841491,0.7035268019664019,0.9715621372379317,1.839152663653986,1.089091265868585,1.839152663653986,1.074340847688293,1.473336956237831,1.074340847688293,1.473336956237831,1.473336956237831,1.2782404914947605,0.0,0.0,4.8196036477128725,1.3191353522871285,2.5973758437818883,0.00016075394909267573,1.0042742863286973,0.9999999999999954,0.0,0.0,0.0,0.0,0.0,0.00016075394909267573,1.0042742863286973,3.860386289865781e-06,0.0001329074397198315
6.153563,0.0,0.02316998,0.3058034,-0.07712726,0.0,1.2088101829451918,0.9838565244008558,-0.020029680637691227,0.0,-8.163606910105478e-06,2.6602309420209846e-05,1.0128631631979512,0.9838527250341689,-0.020032409346303272,0.0,0.0,0.0,2.6602309420209846e-05,1.0128631631979512,0.0,0.0,0.0,0.014118821889332701,3.083956052780734e-05,1.015397225666972,0.9838496046136083,-0.020034650435189722,0.01134298292650201,0.04918512562445701,0.7035267987777999,0.9715621326048658,1.8391526641929086,1.089091265795636,1.8391526641929086,1.8391526641929086,1.5956155994988783,0.0,0.0,4.819603699489457,1.323959300510543,2.919574900009421,3.0815606079285564e-05,1.0153828998535104,0.9999999999999958,0.0,0.0,0.0,0.0,0.0,3.0815606079285564e-05,1.0153828998535104,2.3954448521783057e-08,1.4325813461646197e-05,0.0,0.014414626176480103,0.00016088983469007465,1.004278964670575,0.9838495465129827,-0.020034692163111777,0.011342982969532947,0.04943287258562777,0.7035268019663976,0.9715621372379254,1.839152663653986,1.089091265868584,1.839152663653986,1.074340847688292,1.473336956237832,1.074340847688292,1.473336956237832,1.473336956237832,1.278240491494756,0.0,0.0,4.81960364771284,1.3239593522871616,2.6021998437819174,0.0001570294484002043,1.0041460572308567,0.9999999999999966,0.0,0.0,0.0,0.0,0.0,0.0001570294484002043,1.0041460572308567,3.8603862898703535e-06,0.00013290743971873306
6.1580889999999995,0.0,0.02647439,0.3073622,-0.08440054,0.0,1.2153085049858514,0.9836214570722221,-0.020198506207037878,0.0,-7.749012875766928e-06,2.6580625853407872e-05,1.0128501954716034,0.9834198348582828,-0.02034331146457445,0.0,0.0,0.0,2.6580625853407872e-05,1.0128501954716034,0.0,0.0,0.0,0.01390545027926691,3.08178769610053e-05,1.015384257940627,0.983842736818296,-0.020039582892032975,0.011342982926501956,0.048426764457007464,0.7035267987777966,0.9715621326048604,1.839152664192909,1.089091265795636,1.839152664192909,1.839152664192909,1.5956155994988697,0.0,0.0,4.819603699489433,1.3284853005105655,2.924100900009436,3.079392251248356e-05,1.0153699321271634,0.9999999999999956,0.0,0.0,0.0,0.0,0.0,3.079392251248356e-05,1.0153699321271634,2.3954448521734994e-08,1.432581346297556e-05,0.0,0.014200070123851691,0.00015739541302048541,1.004158656856142,0.9838427353250161,-0.02003958396450803,0.011342982969532888,0.0486798924684092,0.7035268019663942,0.9715621372379194,1.839152663653987,1.089091265868584,1.839152663653987,1.074340847688291,1.473336956237833,1.074340847688291,1.473336956237833,1.473336956237833,1.2782404914947496,0.0,0.0,4.819603647712815,1.3284853522871851,2.606725843781935,0.00015353502673061794,1.004025749416423,0.9999999999999956,0.0,0.0,0.0,0.0,0.0,0.00015353502673061794,1.004025749416423,3.860386289867505e-06,0.0001329074397186405
6.165966,0.0,0.032267,0.3114593,-0.09389915,0.0,1.2265544987135504,0.9822000033237201,-0.02121939558279944,0.0,-7.043226274570878e-06,2.654288801520653e-05,1.012827626585073,0.9821999803805925,-0.021219412060574736,0.0,0.0,0.0,2.654288801520653e-05,1.012827626585073,0.0,0.0,0.0,0.01354154315613483,3.0780139122803914e-05,1.015361689054096,0.9821998580046434,-0.021219499951092593,0.011342982926501863,0.04716868744632819,0.7035267987777903,0.9715621326048498,1.83915266419291,1.089091265795636,1.83915266419291,1.83915266419291,1.5956155994988583,0.0,0.0,4.8196036994894005,1.3363623005106,2.931977900009459,3.075618467428222e-05,1.015347363240633,0.9999999999999951,0.0,0.0,0.0,0.0,0.0,3.075618467428222e-05,1.015347363240633,2.3954448521703396e-08,1.4325813462645484e-05,0.0,0.01383400058973457,0.00015131376045942954,1.0039492744756096,0.9821998667864132,-0.021219493644017522,0.011342982969532794,0.04743244906202918,0.7035268019663891,0.9715621372379087,1.839152663653988,1.089091265868584,1.839152663653988,1.074340847688291,1.4733369562378338,1.074340847688291,1.4733369562378338,1.4733369562378338,1.2782404914947414,0.0,0.0,4.81960364771278,1.33636235228722,2.614602843781962,0.0001474533741695652,1.0038163670358897,0.9999999999999961,0.0,0.0,0.0,0.0,0.0,0.0001474533741695652,1.0038163670358897,3.860386289864358e-06,0.0001329074397191654
6.174303999999999,0.0,0.03848691,0.3173784,-0.1094046,0.0,1.238359650812189,0.9806601854240073,-0.022325294199677596,0.0,-6.317483906578831e-06,2.6502941576851513e-05,1.0128037368585423,0.980662060784202,-0.022323947314279117,0.0,0.0,0.0,2.6502941576851513e-05,1.0128037368585423,0.0,0.0,0.0,0.013166827098213853,3.0740192684448855e-05,1.015337799327564,0.9806605009603241,-0.022325067581207815,0.01134298292650176,0.04585912252611011,0.703526798777785,0.9715621326048384,1.839152664192912,1.089091265795635,1.839152664192912,1.839152664192912,1.595615599498847,0.0,0.0,4.819603699489361,1.344700300510639,2.940315900009486,3.0716238235927136e-05,1.015323473514101,0.9999999999999957,0.0,0.0,0.0,0.0,0.0,3.0716238235927136e-05,1.015323473514101,2.3954448521719235e-08,1.432581346239026e-05,0.0,0.013456882527939798,0.00014487618028245552,1.0037276380291347,0.9806605015090343,-0.022325067187123626,0.01134298296953271,0.046135932585973004,0.703526801966384,0.9715621372379,1.839152663653989,1.089091265868584,1.839152663653989,1.07434084768829,1.473336956237835,1.07434084768829,1.473336956237835,1.473336956237835,1.27824049149473,0.0,0.0,4.819603647712746,1.3447003522872538,2.6229408437819837,0.0001410157939925921,1.0035947305894157,0.9999999999999964,0.0,0.0,0.0,0.0,0.0,0.0001410157939925921,1.0035947305894157,3.860386289863428e-06,0.00013290743971894773
6.178504,0.0,0.04165056,0.3177246,-0.1238425,0.0,1.2442489686412592,0.9801555592068817,-0.02268771720805009,0.0,-5.959886675440076e-06,2.648281984009314e-05,1.0127917031752325,0.9797654131496837,-0.02296792046138041,0.0,0.0,0.0,2.648281984009314e-05,1.0127917031752325,0.0,0.0,0.0,0.01298215465670759,3.072007094769047e-05,1.0153257656442556,0.9806333727425798,-0.02234455109187964,0.0113429829265017,0.04520177692780957,0.7035267987777817,0.9715621326048327,1.839152664192912,1.089091265795636,1.839152664192912,1.839152664192912,1.595615599498839,0.0,0.0,4.819603699489337,1.348900300510664,2.944515900009503,3.069611649916874e-05,1.0153114398307925,0.9999999999999956,0.0,0.0,0.0,0.0,0.0,3.069611649916874e-05,1.0153114398307925,2.395444852172575e-08,1.4325813463097529e-05,0.0,0.013270977166616826,0.0001416334557989679,1.0036159957797703,0.9806333727477877,-0.022344551088139267,0.01134298296953266,0.04548457491174367,0.7035268019663808,0.9715621372378944,1.83915266365399,1.089091265868584,1.83915266365399,1.07434084768829,1.4733369562378351,1.07434084768829,1.4733369562378351,1.4733369562378351,1.278240491494724,0.0,0.0,4.819603647712723,1.3489003522872773,2.6271408437820023,0.00013777306950910306,1.0034830883400512,0.9999999999999954,0.0,0.0,0.0,0.0,0.0,0.00013777306950910306,1.0034830883400512,3.860386289864788e-06,0.0001329074397191654
6.179504,0.0,0.04239592,0.3154677,-0.02431195,0.0,1.2456507892014674,0.9790738633020066,-0.023464592191323862,0.0,-5.87553310690662e-06,2.6478028950388768e-05,1.0127888380125394,0.9782383047683559,-0.02406469109058807,0.0,0.0,0.0,2.6478028950388768e-05,1.0127888380125394,0.0,0.0,0.0,0.012938472265788087,3.071528005798614e-05,1.0153229004815636,0.9789667718600171,-0.02354150536241879,0.0113429829265017,0.04505722929478599,0.7035267987777815,0.971562132604832,1.839152664192912,1.089091265795636,1.839152664192912,1.839152664192912,1.595615599498839,0.0,0.0,4.819603699489334,1.349900300510666,2.945515900009505,3.069132560946438e-05,1.0153085746680994,0.9999999999999958,0.0,0.0,0.0,0.0,0.0,3.069132560946438e-05,1.0153085746680994,2.395444852175963e-08,1.4325813464522287e-05,0.0,0.013226978853888871,0.0001408613785409974,1.0035894142918285,0.9789686128087269,-0.023540183191380182,0.01134298296953265,0.04534324257952919,0.7035268019663801,0.9715621372378935,1.83915266365399,1.089091265868584,1.83915266365399,1.07434084768829,1.473336956237836,1.07434084768829,1.473336956237836,1.473336956237836,1.278240491494723,0.0,0.0,4.819603647712724,1.3499003522872757,2.6281408437819986,0.00013700099225113547,1.0034565068521075,0.999999999999995,0.0,0.0,0.0,0.0,0.0,0.00013700099225113547,1.0034565068521075,3.860386289861857e-06,0.0001329074397204535
6.180504,0.0,0.04312985,0.3132326,-0.02395449,0.0,1.2470532130001428,0.9781769581894768,-0.024108750259367245,0.0,-5.791494988066292e-06,2.6473238060684405e-05,1.0127859728498474,0.9787200570693791,-0.023718696149576755,0.0,0.0,0.0,2.6473238060684405e-05,1.0127859728498474,0.0,0.0,0.0,0.012894991967641182,3.071048916828174e-05,1.0153200353188714,0.9786573711376328,-0.023763717242803958,0.0113429829265017,0.04490704461458952,0.7035267987777807,0.9715621326048324,1.839152664192912,1.089091265795636,1.839152664192912,1.839152664192912,1.595615599498839,0.0,0.0,4.819603699489335,1.3509003005106652,2.9465159000095054,3.068653471976001e-05,1.0153057095054066,0.9999999999999957,0.0,0.0,0.0,0.0,0.0,3.068653471976001e-05,1.0153057095054066,2.3954448521732278e-08,1.4325813464413418e-05,0.0,0.013183156711594127,0.00014008930128302482,1.0035628328038841,0.9786581688489805,-0.023763144325788167,0.01134298296953265,0.045198373654592096,0.7035268019663797,0.9715621372378934,1.83915266365399,1.089091265868584,1.83915266365399,1.074340847688289,1.473336956237836,1.074340847688289,1.473336956237836,1.473336956237836,1.278240491494721,0.0,0.0,4.819603647712724,1.3509003522872765,2.6291408437819963,0.00013622891499316672,1.003429925364164,0.9999999999999963,0.0,0.0,0.0,0.0,0.0,0.00013622891499316672,1.003429925364164,3.860386289858113e-06,0.00013290743971981498
6.181402,0.0,0.0437841,0.3112669,-0.0237542,0.0,1.2483093995146226,0.9784480454724316,-0.02391405512604746,0.0,-5.716286511333805e-06,2.6468935841729873e-05,1.0127833999337494,0.9789240954700023,-0.023572155584565012,0.0,0.0,0.0,2.6468935841729873e-05,1.0127833999337494,0.0,0.0,0.0,0.01285607815750093,3.070618694932723e-05,1.0153174624027725,0.9787344098698267,-0.02370838795523354,0.011342982926501684,0.044773672171931796,0.7035267987777796,0.9715621326048307,1.839152664192913,1.0890912657956358,1.839152664192913,1.839152664192913,1.5956155994988372,0.0,0.0,4.819603699489329,1.3517983005106713,2.947413900009508,3.068223250080549e-05,1.0153031365893088,0.9999999999999957,0.0,0.0,0.0,0.0,0.0,3.068223250080549e-05,1.0153031365893088,2.39544485217393e-08,1.4325813463828928e-05,0.0,0.013143986867551506,0.00013939597590536577,1.0035389626277098,0.9787342457129444,-0.023708505852855784,0.011342982969532647,0.04506448714764421,0.703526801966379,0.9715621372378929,1.83915266365399,1.089091265868584,1.83915266365399,1.074340847688289,1.473336956237836,1.074340847688289,1.473336956237836,1.473336956237836,1.2782404914947199,0.0,0.0,4.8196036477127215,1.351798352287279,2.6300388437819984,0.00013553558961550765,1.0034060551879909,0.9999999999999968,0.0,0.0,0.0,0.0,0.0,0.00013553558961550765,1.0034060551879909,3.860386289858038e-06,0.0001329074397198315
6.182182,0.0,0.04434852,0.3095597,-0.02358026,0.0,1.2493974016712068,0.9787162719807174,-0.02372141460369828,0.0,-5.651221226281752e-06,2.646519894776047e-05,1.012781165106849,0.9788574575994415,-0.023620014963845165,0.0,0.0,0.0,2.646519894776047e-05,1.012781165106849,0.0,0.0,0.0,0.012822298375116194,3.0702450055357814e-05,1.0153152275758714,0.978778641872245,-0.023676620490843753,0.011342982926501672,0.04466234278285992,0.7035267987777786,0.9715621326048294,1.839152664192913,1.089091265795635,1.839152664192913,1.839152664192913,1.5956155994988352,0.0,0.0,4.819603699489325,1.3525783005106753,2.9481939000095103,3.0678495606836075e-05,1.0153009017624084,0.9999999999999956,0.0,0.0,0.0,0.0,0.0,3.0678495606836075e-05,1.0153009017624084,2.39544485217393e-08,1.4325813463532031e-05,0.0,0.013109983671504514,0.00013879375564414796,1.0035182290671139,0.9787782251239275,-0.023676919799864513,0.01134298296953264,0.04495282867205577,0.7035268019663783,0.9715621372378922,1.83915266365399,1.089091265868584,1.83915266365399,1.074340847688289,1.473336956237836,1.074340847688289,1.473336956237836,1.473336956237836,1.278240491494719,0.0,0.0,4.819603647712718,1.352578352287282,2.630818843782001,0.00013493336935428902,1.003385321627395,0.9999999999999969,0.0,0.0,0.0,0.0,0.0,0.00013493336935428902,1.003385321627395,3.860386289858853e-06,0.0001329074397198315
6.184678000000001,0.0,0.04613115,0.3040967,-0.02302364,0.0,1.2528809899756213,0.9787474532917579,-0.023699020157732512,0.0,-5.4439323247945445e-06,2.645324088705836e-05,1.0127740136607684,0.9787538313414236,-0.023694439436658287,0.0,0.0,0.0,2.645324088705836e-05,1.0127740136607684,0.0,0.0,0.0,0.012715139037431806,3.0690491994655675e-05,1.01530807612979,0.9787540685259362,-0.023694269090525518,0.011342982926501642,0.044282629766957037,0.7035267987777764,0.971562132604826,1.839152664192913,1.089091265795635,1.839152664192913,1.839152664192913,1.5956155994988312,0.0,0.0,4.819603699489313,1.3550743005106878,2.95068990000952,3.066653754613394e-05,1.0152937503163268,0.9999999999999952,0.0,0.0,0.0,0.0,0.0,3.066653754613394e-05,1.0152937503163268,2.395444852172435e-08,1.4325813463010526e-05,0.0,0.013002092844090207,0.00013686665080824969,1.0034518816732065,0.9787540750374494,-0.02369426441395074,0.011342982969532607,0.04457366525092626,0.7035268019663763,0.9715621372378892,1.839152663653991,1.089091265868584,1.839152663653991,1.074340847688289,1.4733369562378362,1.074340847688289,1.4733369562378362,1.4733369562378362,1.2782404914947154,0.0,0.0,4.819603647712707,1.3550743522872937,2.633314843782008,0.0001330062645183903,1.0033189742334867,0.9999999999999963,0.0,0.0,0.0,0.0,0.0,0.0001330062645183903,1.0033189742334867,3.860386289859358e-06,0.00013290743971934162
6.192666,0.0,0.05162935,0.2902321,-0.0205256,0.0,1.2638839161429285,0.9685333377173139,-0.026747459229258953,0.0,-4.79302719120868e-06,2.6414971260099855e-05,1.0127511267411788,0.9685155045016138,-0.026749759591968986,0.0,0.0,0.0,2.6414971260099855e-05,1.0127511267411788,0.0,0.0,0.0,0.012377880254449082,3.065222236769709e-05,1.0152851892102002,0.9683134061282022,-0.026775828898244168,0.011342982926501544,0.04311014542927815,0.7035267987777707,0.9715621326048157,1.839152664192914,1.089091265795635,1.839152664192914,1.839152664192914,1.5956155994988184,0.0,0.0,4.819603699489279,1.3630623005107207,2.958677900009539,3.062826791917543e-05,1.0152708633967382,0.9999999999999959,0.0,0.0,0.0,0.0,0.0,3.062826791917543e-05,1.0152708633967382,2.3954448521659347e-08,1.4325813462123678e-05,0.0,0.012662323284818781,0.00013069929767156954,1.0032395487475119,0.9683115293994867,-0.02677607098339726,0.011342982969532537,0.04341425056164372,0.7035268019663705,0.9715621372378815,1.8391526636539912,1.0890912658685832,1.8391526636539912,1.074340847688288,1.473336956237838,1.074340847688288,1.473336956237838,1.473336956237838,1.2782404914947054,0.0,0.0,4.819603647712683,1.3630623522873182,2.641302843782023,0.0001268389113817122,1.003106641307792,0.9999999999999968,0.0,0.0,0.0,0.0,0.0,0.0001268389113817122,1.003106641307792,3.860386289857336e-06,0.00013290743971992
6.205503,0.0,0.05985336,0.2685189,-0.0178217,0.0,1.2809136536156842,0.9382954847876558,-0.03182335482089466,0.0,-3.78504518128151e-06,2.6353470608964843e-05,1.0127143466476922,0.9382938026369906,-0.03182367614448786,0.0,0.0,0.0,2.6353470608964843e-05,1.0127143466476922,0.0,0.0,0.0,0.011854687858258684,3.059072171656204e-05,1.0152484091167147,0.9383128509294,-0.031820037549035465,0.011342982926501387,0.041279611372926524,0.7035267987777599,0.9715621326047985,1.8391526641929166,1.089091265795635,1.8391526641929166,1.8391526641929166,1.5956155994987982,0.0,0.0,4.819603699489211,1.3758993005107893,2.9715149000095877,3.0566767268040334e-05,1.015234083303252,0.9999999999999951,0.0,0.0,0.0,0.0,0.0,3.0566767268040334e-05,1.015234083303252,2.3954448521702837e-08,1.4325813462496003e-05,0.0,0.012134985450831087,0.00012078814191097925,1.0028983221867787,0.9383129924496011,-0.03182001051591624,0.011342982969532399,0.041598070290140975,0.7035268019663622,0.9715621372378664,1.839152663653993,1.089091265868583,1.839152663653993,1.074340847688287,1.4733369562378396,1.074340847688287,1.4733369562378396,1.4733369562378396,1.278240491494686,0.0,0.0,4.819603647712623,1.3758993522873775,2.6541398437820645,0.0001169277556211163,1.0027654147470584,0.9999999999999962,0.0,0.0,0.0,0.0,0.0,0.0001169277556211163,1.0027654147470584,3.86038628986294e-06,0.00013290743972008527
6.219842,0.0,0.06808635,0.2398685,-0.01456721,0.0,1.2989817748928898,0.9219666012439497,-0.03554287924812407,0.0,-2.712542901048524e-06,2.6284774041493893e-05,1.0126732630798418,0.9220482450590118,-0.035631224439489365,0.0,0.0,0.0,2.6284774041493893e-05,1.0126732630798418,0.0,0.0,0.0,0.01129638199882003,3.0522025149091025e-05,1.0152073255488654,0.9227643213541808,-0.03526690155892015,0.01134298292650122,0.0393266611136487,0.7035267987777489,0.9715621326047807,1.839152664192918,1.089091265795635,1.839152664192918,1.839152664192918,1.595615599498775,0.0,0.0,4.819603699489147,1.3902383005108527,2.985853900009628,3.0498070700569333e-05,1.0151929997354014,0.9999999999999957,0.0,0.0,0.0,0.0,0.0,3.0498070700569333e-05,1.0151929997354014,2.3954448521693102e-08,1.4325813464529951e-05,0.0,0.011571745500545181,0.0001097173261089149,1.0025171702311515,0.9227669525413558,-0.03526556287238991,0.011342982969532242,0.03966663519153939,0.7035268019663522,0.9715621372378498,1.839152663653995,1.089091265868583,1.839152663653995,1.074340847688286,1.473336956237842,1.074340847688286,1.473336956237842,1.473336956237842,1.2782404914946708,0.0,0.0,4.819603647712565,1.3902383522874355,2.6684788437821063,0.00010585693981904825,1.0023842627914334,0.9999999999999947,0.0,0.0,0.0,0.0,0.0,0.00010585693981904825,1.0023842627914334,3.860386289866706e-06,0.00013290743971880204
6.234182,0.0,0.07535926,0.2176365,-0.01173114,0.0,1.3167371745291965,0.9183261025070644,-0.036992661113097215,0.0,-1.6937882462348085e-06,2.621607268313319e-05,1.012632176646829,0.9183255284243307,-0.0369940247813357,0.0,0.0,0.0,2.621607268313319e-05,1.012632176646829,0.0,0.0,0.0,0.010764375200159285,3.045332379073022e-05,1.0151662391158505,0.918326607082172,-0.03699146255231886,0.01134298292650106,0.037473145045090216,0.703526798777739,0.9715621326047634,1.839152664192921,1.089091265795634,1.839152664192921,1.839152664192921,1.5956155994987522,0.0,0.0,4.819603699489066,1.404578300510934,3.000193900009685,3.0429369342208533e-05,1.0151519133023885,0.9999999999999957,0.0,0.0,0.0,0.0,0.0,3.0429369342208533e-05,1.0151519133023885,2.3954448521685228e-08,1.4325813462205018e-05,0.0,0.01103459724332073,9.864573822958358e-05,1.0021359916940378,0.9183266105380301,-0.03699145434332108,0.011342982969532081,0.03782838371916787,0.7035268019663433,0.9715621372378325,1.839152663653997,1.089091265868583,1.839152663653997,1.074340847688284,1.473336956237844,1.074340847688284,1.473336956237844,1.473336956237844,1.2782404914946492,0.0,0.0,4.819603647712499,1.4045783522875008,2.68281884378215,9.478535193972138e-05,1.0020030842543197,0.9999999999999964,0.0,0.0,0.0,0.0,0.0,9.478535193972138e-05,1.0020030842543197,3.860386289862206e-06,0.0001329074397178607
6.239515,0.0,0.07761576,0.1737413,-0.00238528,0.0,1.3232368590598236,0.9144087498622309,-0.03861304691357192,0.0,-1.3279621212129491e-06,2.6190522868339776e-05,1.0126168967341886,0.9111284020853135,-0.04058259208314059,0.0,0.0,0.0,2.6190522868339776e-05,1.0126168967341886,0.0,0.0,0.0,0.010573043680587547,3.0427773975936843e-05,1.015150959203211,0.9130778983142596,-0.03941210006768083,0.01134298292650101,0.0368012891377172,0.7035267987777356,0.971562132604758,1.839152664192921,1.089091265795634,1.839152664192921,1.839152664192921,1.595615599498745,0.0,0.0,4.819603699489049,1.4099113005109516,3.005526900009696,3.040381952741514e-05,1.0151366333897478,0.9999999999999958,0.0,0.0,0.0,0.0,0.0,3.040381952741514e-05,1.0151366333897478,2.3954448521697764e-08,1.4325813463165918e-05,0.0,0.010841278100582219,9.452825021281383e-05,1.0019942326188351,0.913082851998324,-0.03940912583897579,0.01134298296953202,0.037164330346584805,0.7035268019663395,0.9715621372378257,1.839152663653998,1.089091265868583,1.839152663653998,1.074340847688284,1.473336956237844,1.074340847688284,1.473336956237844,1.473336956237844,1.278240491494643,0.0,0.0,4.819603647712469,1.4099113522875308,2.6881518437821748,9.06678639229465e-05,1.001861325179115,0.999999999999995,0.0,0.0,0.0,0.0,0.0,9.06678639229465e-05,1.001861325179115,3.860386289867341e-06,0.0001329074397193875
6.244111999999999,0.0,0.07898274,0.1164733,0.01020989,0.0,1.328805374799486,0.9125289172865425,-0.0397417123541991,0.0,-1.018392067516995e-06,2.6168499148368794e-05,1.0126037255812903,0.9125327212797602,-0.03973942840841764,0.0,0.0,0.0,2.6168499148368794e-05,1.0126037255812903,0.0,0.0,0.0,0.010410793817735228,3.0405750255965817e-05,1.0151377880503138,0.9125172449718402,-0.039748720498640824,0.011342982926500962,0.03623920746526945,0.7035267987777307,0.9715621326047527,1.839152664192922,1.089091265795634,1.839152664192922,1.839152664192922,1.5956155994987373,0.0,0.0,4.819603699489027,1.4145083005109735,3.010123900009711,3.038179580744413e-05,1.01512346223685,0.9999999999999952,0.0,0.0,0.0,0.0,0.0,3.038179580744413e-05,1.01512346223685,2.3954448521688738e-08,1.4325813463756478e-05,0.0,0.010677302302613212,9.097901105791137e-05,1.001872037518758,0.9125171563353889,-0.039748773716624504,0.011342982969531972,0.036606293956930894,0.7035268019663372,0.9715621372378205,1.839152663653999,1.089091265868583,1.839152663653999,1.074340847688283,1.473336956237845,1.074340847688283,1.473336956237845,1.473336956237845,1.2782404914946393,0.0,0.0,4.8196036477124515,1.4145083522875483,2.692748843782189,8.711862476804692e-05,1.001739130079038,0.9999999999999964,0.0,0.0,0.0,0.0,0.0,8.711862476804692e-05,1.001739130079038,3.8603862898644344e-06,0.00013290743972010452
6.250688,0.0,0.07936426,-0.01862653,0.05926201,0.0,1.336687153519608,0.907181972345823,-0.040275180808772876,0.0,-5.841320469477582e-07,2.6136994257672868e-05,1.012584884271423,0.9075727683959399,-0.040245120769883506,0.0,0.0,0.0,2.6136994257672868e-05,1.012584884271423,0.0,0.0,0.0,0.010183092646396226,3.037424536526986e-05,1.0151189467404458,0.9075120180332019,-0.04019482405665426,0.011342982926500886,0.03544161425725168,0.7035267987777267,0.9715621326047444,1.839152664192923,1.089091265795634,1.839152664192923,1.839152664192923,1.5956155994987278,0.0,0.0,4.819603699489,1.4210843005110008,3.0166999000097285,3.0350290916748176e-05,1.015104620926982,0.9999999999999961,0.0,0.0,0.0,0.0,0.0,3.0350290916748176e-05,1.015104620926982,2.39544485216817e-08,1.4325813463656618e-05,0.0,0.010447043047893035,8.590183100948218e-05,1.0016972376540405,0.9075123083719911,-0.04019506443524892,0.011342982969531897,0.0358204644188451,0.703526801966333,0.9715621372378126,1.8391526636539992,1.0890912658685827,1.8391526636539992,1.074340847688283,1.473336956237846,1.074340847688283,1.473336956237846,1.473336956237846,1.2782404914946328,0.0,0.0,4.819603647712425,1.421084352287576,2.699324843782208,8.204144471961905e-05,1.0015643302143196,0.9999999999999964,0.0,0.0,0.0,0.0,0.0,8.204144471961905e-05,1.0015643302143196,3.86038628986313e-06,0.0001329074397205636
6.254417,0.0,0.07873358,-0.06586462,0.07752986,0.0,1.3411159753629054,0.9075535428143519,-0.040229203440007286,0.0,-3.42523362695918e-07,2.6119129029965283e-05,1.012574200079742,0.9075578306391371,-0.040232753435165886,0.0,0.0,0.0,2.6119129029965283e-05,1.012574200079742,0.0,0.0,0.0,0.010056163035166793,3.035638013756224e-05,1.0151082625487644,0.9075561366488393,-0.04023135093910855,0.011342982926500838,0.03500113805604678,0.7035267987777233,0.9715621326047392,1.839152664192923,1.089091265795634,1.839152664192923,1.839152664192923,1.5956155994987207,0.0,0.0,4.81960369948898,1.42481330051102,3.0204289000097395,3.0332425689040567e-05,1.0150939367353016,0.9999999999999957,0.0,0.0,0.0,0.0,0.0,3.0332425689040567e-05,1.0150939367353016,2.395444852167935e-08,1.4325813462868127e-05,0.0,0.010318703087466689,8.30227549145012e-05,1.001598115285498,0.9075561383353985,-0.040231352335452185,0.011342982969531849,0.03537985565783676,0.7035268019663306,0.9715621372378073,1.839152663654,1.089091265868583,1.839152663654,1.074340847688283,1.473336956237846,1.074340847688283,1.473336956237846,1.473336956237846,1.2782404914946277,0.0,0.0,4.819603647712405,1.4248133522875948,2.7030538437822216,7.916236862463682e-05,1.001465207845778,0.9999999999999964,0.0,0.0,0.0,0.0,0.0,7.916236862463682e-05,1.001465207845778,3.860386289864373e-06,0.00013290743972001982
6.258748,0.0,0.0775887,-0.09540186,0.09037381,0.0,1.3462170437652512,0.9059089159199661,-0.04145222861728337,0.0,-6.578344817042006e-08,2.6098379686655654e-05,1.01256179106012,0.9046612146857508,-0.042605833417181174,0.0,0.0,0.0,2.6098379686655654e-05,1.01256179106012,0.0,0.0,0.0,0.009910831405807228,3.0335630794252634e-05,1.015095853529143,0.9052727565015366,-0.042040411539986215,0.01134298292650078,0.03448496344289695,0.7035267987777202,0.9715621326047337,1.839152664192924,1.089091265795634,1.839152664192924,1.839152664192924,1.595615599498714,0.0,0.0,4.819603699488959,1.4291443005110407,3.0247599000097543,3.0311676345730915e-05,1.0150815277156795,0.9999999999999957,0.0,0.0,0.0,0.0,0.0,3.0311676345730915e-05,1.0150815277156795,2.3954448521723665e-08,1.4325813463637144e-05,0.0,0.010171669874808813,7.967888831022043e-05,1.0014829908612128,0.9052727561607699,-0.04204041185505375,0.0113429829695318,0.03486889117779576,0.7035268019663272,0.971562137237802,1.839152663654001,1.089091265868582,1.839152663654001,1.074340847688282,1.473336956237847,1.074340847688282,1.473336956237847,1.473336956237847,1.278240491494622,0.0,0.0,4.819603647712386,1.4291443522876137,2.707384843782236,7.581850202035695e-05,1.0013500834214928,0.9999999999999954,0.0,0.0,0.0,0.0,0.0,7.581850202035695e-05,1.0013500834214928,3.860386289863475e-06,0.00013290743971974614
6.262213,0.0,0.0764687,-0.1140029,0.09479114,0.0,1.3502955671403898,0.9045046917910974,-0.04258133651823124,0.0,1.5236111283909877e-07,2.608177925383002e-05,1.0125518632713897,0.904478659859719,-0.042642049192567796,0.0,0.0,0.0,2.608177925383002e-05,1.0125518632713897,0.0,0.0,0.0,0.009795892392290515,3.0319030361426974e-05,1.0150859257404108,0.904493807390436,-0.04260672153723311,0.011342982926500732,0.03409741452281372,0.7035267987777181,0.9715621326047285,1.839152664192924,1.089091265795634,1.839152664192924,1.839152664192924,1.595615599498708,0.0,0.0,4.819603699488947,1.432609300511053,3.028224900009761,3.0295075912905272e-05,1.0150715999269488,0.9999999999999956,0.0,0.0,0.0,0.0,0.0,3.0295075912905272e-05,1.0150715999269488,2.3954448521695107e-08,1.4325813461511954e-05,0.0,0.010055330372837679,7.700364061134477e-05,1.0013908860054863,0.9044938942716069,-0.04260651890961613,0.01134298296953178,0.03448693738808214,0.703526801966325,0.9715621372377997,1.839152663654001,1.089091265868582,1.839152663654001,1.074340847688282,1.473336956237847,1.074340847688282,1.473336956237847,1.473336956237847,1.278240491494619,0.0,0.0,4.819603647712372,1.4326093522876289,2.710849843782248,7.314325432148081e-05,1.0012579785657674,0.9999999999999969,0.0,0.0,0.0,0.0,0.0,7.314325432148081e-05,1.0012579785657674,3.860386289863963e-06,0.00013290743971873116
6.267787,0.0,0.07438828,-0.1376227,0.0945511,0.0,1.356807426862025,0.9045360553645206,-0.04250818918269174,0.0,4.979593178556241e-07,2.605507483461786e-05,1.0125358928545407,0.9045627610413122,-0.04244590517331787,0.0,0.0,0.0,2.605507483461786e-05,1.0125358928545407,0.0,0.0,0.0,0.00961410107156525,3.0292325942214795e-05,1.0150699553235631,0.9045005086733904,-0.04259109254667812,0.011342982926500662,0.033452047783822915,0.7035267987777136,0.9715621326047205,1.839152664192925,1.089091265795634,1.839152664192925,1.839152664192925,1.5956155994986974,0.0,0.0,4.819603699488916,1.4381833005110838,3.0337989000097814,3.026837149369308e-05,1.0150556295101,0.9999999999999949,0.0,0.0,0.0,0.0,0.0,3.026837149369308e-05,1.0150556295101,2.395444852171376e-08,1.4325813462693374e-05,0.0,0.009871324335301593,7.270008197540263e-05,1.0012427207916879,0.9045005100884265,-0.0425910892464765,0.011342982969531717,0.033845229638189256,0.7035268019663207,0.971562137237793,1.8391526636540014,1.089091265868582,1.8391526636540014,1.074340847688281,1.473336956237848,1.074340847688281,1.473336956237848,1.473336956237848,1.2782404914946124,0.0,0.0,4.819603647712342,1.4381833522876586,2.716423843782271,6.883969568553686e-05,1.001109813351969,0.9999999999999956,0.0,0.0,0.0,0.0,0.0,6.883969568553686e-05,1.001109813351969,3.8603862898657634e-06,0.00013290743971858035
6.2793,0.0,0.06988608,-0.1318288,0.08774431,0.0,1.3700854732434007,0.8947337714847766,-0.045564678607007456,0.0,1.1902183663905254e-06,2.5999917321451448e-05,1.0125029062364594,0.8928559767822107,-0.04624542588784523,0.0,0.0,0.0,2.5999917321451448e-05,1.0125029062364594,0.0,0.0,0.0,0.00924901470386895,3.0237168429048325e-05,1.015036968705483,0.8934438417270851,-0.046032310225000726,0.01134298292650055,0.032179670694350626,0.7035267987777047,0.9715621326047087,1.839152664192927,1.089091265795634,1.839152664192927,1.839152664192927,1.595615599498677,0.0,0.0,4.81960369948886,1.4496963005111407,3.0453119000098186,3.0213213980526606e-05,1.015022642892019,0.9999999999999957,0.0,0.0,0.0,0.0,0.0,3.0213213980526606e-05,1.015022642892019,2.3954448521713438e-08,1.432581346372253e-05,0.0,0.009501495567813394,6.381115650435736e-05,1.000936688120992,0.8934458653945415,-0.046031576595218796,0.01134298296953159,0.03258590427756378,0.7035268019663129,0.9715621372377794,1.839152663654003,1.089091265868582,1.839152663654003,1.07434084768828,1.47333695623785,1.07434084768828,1.47333695623785,1.47333695623785,1.278240491494599,0.0,0.0,4.819603647712288,1.449696352287712,2.7279368437823113,5.9950770214494106e-05,1.000803780681273,0.9999999999999951,0.0,0.0,0.0,0.0,0.0,5.9950770214494106e-05,1.000803780681273,3.860386289863251e-06,0.00013290743971953905
6.289281,0.0,0.0657873,-0.156823,0.09810117,0.0,1.38134658372355,0.8653881215757507,-0.05290223313787304,0.0,1.7677902522978617e-06,2.5952099451312106e-05,1.0124743090476236,0.8448885163547447,-0.05776779871667387,0.0,0.0,0.0,2.5952099451312106e-05,1.0124743090476236,0.0,0.0,0.0,0.008943798002743605,3.0189350558908987e-05,1.0150083715166471,0.8500813200553408,-0.05654823707103492,0.01134298292650041,0.031114528989708595,0.7035267987776969,0.9715621326046933,1.839152664192929,1.089091265795633,1.839152664192929,1.839152664192929,1.595615599498662,0.0,0.0,4.819603699488816,1.459677300511184,3.0552929000098454,3.016539611038727e-05,1.0149940457031832,0.9999999999999951,0.0,0.0,0.0,0.0,0.0,3.016539611038727e-05,1.0149940457031832,2.3954448521718176e-08,1.432581346416661e-05,0.0,0.009192065003418164,5.610505339252934e-05,1.000671378289826,0.850103694755561,-0.056542913012967516,0.01134298296953148,0.03153093998027053,0.703526801966306,0.971562137237768,1.839152663654005,1.089091265868582,1.839152663654005,1.074340847688279,1.473336956237851,1.074340847688279,1.473336956237851,1.473336956237851,1.278240491494588,0.0,0.0,4.81960364771224,1.45967735228776,2.737917843782348,5.224466710266497e-05,1.0005384708501062,0.9999999999999951,0.0,0.0,0.0,0.0,0.0,5.224466710266497e-05,1.0005384708501062,3.860386289864365e-06,0.0001329074397196617
6.297353,0.0,0.06204771,-0.1775146,0.09910795,0.0,1.3898464232860708,0.8491418664894717,-0.05677177996935342,0.0,2.220037875677004e-06,2.591342738961841e-05,1.0124511814543684,0.8491420392251573,-0.05677173886691121,0.0,0.0,0.0,2.591342738961841e-05,1.0124511814543684,0.0,0.0,0.0,0.008704348318878168,3.0150678497215264e-05,1.0149852439233915,0.8491417865046577,-0.056771799001733146,0.01134298292650032,0.030279447266821705,0.7035267987776909,0.9715621326046837,1.83915266419293,1.089091265795633,1.83915266419293,1.83915266419293,1.595615599498648,0.0,0.0,4.819603699488776,1.4677493005112239,3.063364900009873,3.0126724048693545e-05,1.0149709181099276,0.9999999999999957,0.0,0.0,0.0,0.0,0.0,3.0126724048693545e-05,1.0149709181099276,2.3954448521725505e-08,1.4325813463717174e-05,0.0,0.00894914086968911,4.9872845766175315e-05,1.0004568125191446,0.8491416509203976,-0.056771831263996576,0.01134298296953139,0.03070315919887458,0.7035268019663004,0.9715621372377573,1.839152663654006,1.089091265868582,1.839152663654006,1.074340847688278,1.473336956237852,1.074340847688278,1.473336956237852,1.473336956237853,1.278240491494578,0.0,0.0,4.819603647712211,1.4677493522877894,2.7459898437823673,4.6012459476314424e-05,1.0003239050794246,0.9999999999999957,0.0,0.0,0.0,0.0,0.0,4.6012459476314424e-05,1.0003239050794246,3.8603862898608905e-06,0.00013290743972027024
6.309415,0.0,0.05612957,-0.1829225,0.1021527,0.0,1.4018190083851807,0.8051916772602228,-0.06924868715361207,0.0,2.871996511122122e-06,2.5855639678004274e-05,1.0124166218619688,0.8016218681809173,-0.06976652584997678,0.0,0.0,0.0,2.5855639678004274e-05,1.0124166218619688,0.0,0.0,0.0,0.00835849215011516,3.0092890785601087e-05,1.0149506843309932,0.8035400785754859,-0.06961200300571747,0.011342982926500161,0.029072906083388493,0.7035267987776822,0.9715621326046671,1.8391526641929319,1.089091265795633,1.8391526641929319,1.8391526641929319,1.595615599498628,0.0,0.0,4.819603699488719,1.4798113005112814,3.075426900009909,3.0068936337079385e-05,1.0149363585175282,0.9999999999999951,0.0,0.0,0.0,0.0,0.0,3.0068936337079385e-05,1.0149363585175282,2.3954448521697774e-08,1.432581346487396e-05,0.0,0.008597953625935392,4.0560049880510785e-05,1.0001361866115654,0.8035449951215655,-0.06961160694974453,0.011342982969531241,0.029509954664828288,0.7035268019662917,0.9715621372377423,1.839152663654008,1.089091265868581,1.839152663654008,1.074340847688277,1.4733369562378549,1.074340847688277,1.4733369562378549,1.473336956237855,1.2782404914945653,0.0,0.0,4.819603647712164,1.4798113522878371,2.758051843782403,3.669966359064936e-05,1.0000032791718465,0.999999999999995,0.0,0.0,0.0,0.0,0.0,3.669966359064936e-05,1.0000032791718465,3.860386289861415e-06,0.0001329074397186801
6.321977,0.0,0.04988708,-0.1844614,0.1518214,0.0,1.4139358097637984,0.7959772545574764,-0.07171405035609635,0.0,3.521498261233988e-06,2.5795456521537962e-05,1.0123806296882232,0.7961016854537144,-0.07156036716159879,0.0,0.0,0.0,2.5795456521537962e-05,1.0123806296882232,0.0,0.0,0.0,0.008012891793663008,3.0032707629134718e-05,1.0149146921572456,0.7960430764215192,-0.07163275451527465,0.011342982926500005,0.027872886585741823,0.7035267987776741,0.9715621326046497,1.8391526641929339,1.089091265795633,1.8391526641929339,1.8391526641929339,1.5956155994986068,0.0,0.0,4.819603699488657,1.492373300511343,3.08798890000995,3.0008753180613026e-05,1.0149003663437823,0.9999999999999956,0.0,0.0,0.0,0.0,0.0,3.0008753180613026e-05,1.0149003663437823,2.395444852168509e-08,1.4325813462943931e-05,0.0,0.008246140210494619,3.31333382951912e-05,1.00763040673483,0.7960428862083809,-0.07163298944537315,0.011342982969531115,0.02836423102266199,0.7035268019662828,0.9715621372377283,1.839152663654009,1.089091265868581,1.839152663654009,1.074340847688276,1.473336956237856,1.074340847688276,1.473336956237856,1.473336956237856,1.2782404914945504,0.0,0.0,4.819603647712094,1.4923733522879072,2.7706138437824577,3.157745054642258e-05,1.0152856101848744,0.9999999999999969,0.0,0.0,0.0,0.0,0.0,3.157745054642258e-05,1.0152856101848744,1.5558877487686233e-06,0.007655203450044074
6.333607000000001,0.0,0.04365257,-0.2170198,0.1663253,0.0,1.424883355223376,0.7873951186957079,-0.07440396867047416,0.0,4.097306209239479e-06,2.573973847427613e-05,1.0123473078461076,0.7873715909551764,-0.07440967996537555,0.0,0.0,0.0,2.573973847427613e-05,1.0123473078461076,0.0,0.0,0.0,0.007705800667996474,2.997698958187283e-05,1.0148813703151298,0.7873508524878431,-0.07441471417180874,0.011342982926499887,0.02679996995693831,0.7035267987776661,0.9715621326046373,1.839152664192935,1.089091265795632,1.839152664192935,1.839152664192935,1.595615599498585,0.0,0.0,4.819603699488598,1.5040033005114035,3.0996189000099883,2.9953035133351143e-05,1.0148670445016665,0.9999999999999958,0.0,0.0,0.0,0.0,0.0,2.9953035133351143e-05,1.0148670445016665,2.3954448521690757e-08,1.4325813463646562e-05,0.0,0.007930697060065429,3.164887372326383e-05,1.0149794028064447,0.7873504815280857,-0.074414804221279,0.011342982969531007,0.027455167610693117,0.703526801966275,0.9715621372377162,1.8391526636540108,1.089091265868581,1.8391526636540108,1.074340847688275,1.473336956237858,1.074340847688275,1.473336956237858,1.473336956237858,1.278240491494535,0.0,0.0,4.819603647712045,1.5040033522879563,2.7822438437824912,3.147354402265198e-05,1.0157763756723603,0.9999999999999966,0.0,0.0,0.0,0.0,0.0,3.147354402265198e-05,1.0157763756723603,1.7532970061185046e-07,0.0007969728659154486
6.3436449999999995,0.0,0.03753706,-0.2497174,0.1693681,0.0,1.4341056079910492,0.7771849398501463,-0.07844367181447628,0.0,4.575224965148486e-06,2.5691647523423646e-05,1.0123185473429983,0.7771737844831824,-0.0784456026720318,0.0,0.0,0.0,2.5691647523423646e-05,1.0123185473429983,0.0,0.0,0.0,0.007450226031306068,2.9928898631020344e-05,1.0148526098120203,0.7771632532944117,-0.07844742549197779,0.011342982926499769,0.025908050563322422,0.7035267987776593,0.9715621326046244,1.8391526641929368,1.089091265795632,1.8391526641929368,1.8391526641929368,1.595615599498568,0.0,0.0,4.819603699488539,1.5140413005114608,3.109656900010029,2.990494418249859e-05,1.0148382839985572,0.9999999999999953,0.0,0.0,0.0,0.0,0.0,2.990494418249859e-05,1.0148382839985572,2.395444852175238e-08,1.432581346305639e-05,0.0,0.0076675260195052265,3.1468627266417604e-05,1.0156589323706025,0.7771630718971498,-0.07844745688962473,0.011342982969530886,0.026627079622616765,0.703526801966269,0.9715621372377035,1.839152663654012,1.089091265868581,1.839152663654012,1.074340847688274,1.473336956237859,1.074340847688274,1.473336956237859,1.473336956237859,1.2782404914945218,0.0,0.0,4.8196036477119995,1.5140413522880003,2.7922818437825216,3.142545307179948e-05,1.015747615169251,0.9999999999999966,0.0,0.0,0.0,0.0,0.0,3.142545307179948e-05,1.015747615169251,4.317419461813537e-08,8.868279864860893e-05
6.358216,0.0,0.02735355,-0.298424,0.1735341,0.0,1.4469583324235737,0.754253083303958,-0.08101728304900116,0.0,5.238920332822075e-06,2.5621839469541245e-05,1.0122767990574024,0.7459563660393433,-0.0816660669954777,0.0,0.0,0.0,2.5621839469541245e-05,1.0122767990574024,0.0,0.0,0.0,0.007094337629580931,2.985909057713785e-05,1.014810861526425,0.7611570684921614,-0.08034168485101471,0.011342982926499583,0.024659076358975685,0.7035267987776487,0.9715621326046047,1.839152664192939,1.089091265795632,1.839152664192939,1.839152664192939,1.5956155994985435,0.0,0.0,4.819603699488471,1.5286123005115297,3.1242279000100734,2.9835136128616156e-05,1.014796535712962,0.9999999999999956,0.0,0.0,0.0,0.0,0.0,2.9835136128616156e-05,1.014796535712962,2.3954448521702033e-08,1.432581346300085e-05,0.0,0.007300983733726714,3.1380531834196265e-05,1.015715195653547,0.7611570450090304,-0.08034168720536401,0.011342982969530725,0.025384117417057626,0.7035268019662595,0.9715621372376865,1.839152663654014,1.089091265868581,1.839152663654014,1.074340847688273,1.473336956237861,1.074340847688273,1.473336956237861,1.473336956237861,1.2782404914945031,0.0,0.0,4.819603647711925,1.5286123522880752,2.8068528437825786,3.135564501791698e-05,1.0157058668836556,0.9999999999999956,0.0,0.0,0.0,0.0,0.0,3.135564501791698e-05,1.0157058668836556,2.4886816279281447e-08,9.32876989218392e-06
6.375601,0.0,0.01315743,-0.358037,0.1775769,0.0,1.459047855178258,0.6496490005766618,-0.086950322936726,0.0,5.985979590829724e-06,2.5538549852030737e-05,1.01222698820399,0.6496481565568698,-0.0869504190436533,0.0,0.0,0.0,2.5538549852030737e-05,1.01222698820399,0.0,0.0,0.0,0.006691881412218952,2.977580095962732e-05,1.0147610506730107,0.6496566761423462,-0.08694944893467033,0.01134298292649936,0.02326140238213371,0.7035267987776345,0.9715621326045804,1.8391526641929417,1.089091265795632,1.8391526641929417,1.8391526641929417,1.59561559949851,0.0,0.0,4.81960369948838,1.5459973005116205,3.1416129000101303,2.9751846511105584e-05,1.0147467248595496,0.9999999999999957,0.0,0.0,0.0,0.0,0.0,2.9751846511105584e-05,1.0147467248595496,2.3954448521731414e-08,1.4325813461576708e-05,0.0,0.006886481837450051,3.1296336637976785e-05,1.015670238267267,0.6496567657572929,-0.08694943873038688,0.011342982969530537,0.023954317312637037,0.7035268019662494,0.971562137237666,1.8391526636540168,1.08909126586858,1.8391526636540168,1.074340847688271,1.4733369562378638,1.074340847688271,1.4733369562378638,1.4733369562378638,1.278240491494485,0.0,0.0,4.819603647711847,1.545997352288153,2.8242378437826385,3.1272355400406405e-05,1.0156560560302428,0.9999999999999961,0.0,0.0,0.0,0.0,0.0,3.1272355400406405e-05,1.0156560560302428,2.3981237570377165e-08,1.4182237024299795e-05
6.38951,0.0,0.0009657829,-0.3602182,0.1830849,0.0,1.467616389369298,0.6270496558305543,-0.09129408181278825,0.0,6.550660197810294e-06,2.547191336713265e-05,1.0121871366560977,0.6241858436030688,-0.09162041467301542,0.0,0.0,0.0,2.547191336713265e-05,1.0121871366560977,0.0,0.0,0.0,0.006386486239224428,2.9709164474729077e-05,1.0147211991251204,0.6257847916849726,-0.09149991868484525,0.01134298292649923,0.022193011901486863,0.703526798777625,0.971562132604566,1.839152664192943,1.089091265795631,1.839152664192943,1.839152664192943,1.595615599498487,0.0,0.0,4.819603699488297,1.5599063005117024,3.1555219000101893,2.9685210026207368e-05,1.0147068733116567,0.9999999999999951,0.0,0.0,0.0,0.0,0.0,2.9685210026207368e-05,1.0147068733116567,2.395444852170881e-08,1.4325813463622601e-05,0.0,0.006571946682089131,3.122967486477125e-05,1.0156305222525612,0.6257888445275862,-0.09149961326449976,0.01134298296953038,0.022856322799988275,0.7035268019662396,0.9715621372376493,1.839152663654019,1.08909126586858,1.839152663654019,1.07434084768827,1.473336956237866,1.07434084768827,1.473336956237866,1.473336956237866,1.278240491494467,0.0,0.0,4.81960364771177,1.5599063522882304,2.838146843782697,3.120571891550819e-05,1.01561620448235,0.999999999999995,0.0,0.0,0.0,0.0,0.0,3.120571891550819e-05,1.01561620448235,2.3955949263066847e-08,1.4317770211543165e-05
6.396516,0.0,-0.003532983,-0.1720259,0.1961498,0.0,1.4717381666422351,0.6253020090452276,-0.09153630096135935,0.0,6.8242907317486776e-06,2.5438348393863823e-05,1.0121670633262723,0.6253021186195641,-0.091536292703888,0.0,0.0,0.0,2.5438348393863823e-05,1.0121670633262723,0.0,0.0,0.0,0.006237972917616929,2.9675599501460206e-05,1.014701125795295,0.6252985979548712,-0.09153655801955146,0.011342982926499138,0.02167717172102821,0.7035267987776193,0.9715621326045567,1.8391526641929448,1.089091265795631,1.8391526641929448,1.8391526641929448,1.5956155994984755,0.0,0.0,4.819603699488263,1.5669123005117371,3.1625279000102124,2.9651645052938508e-05,1.0146867999818319,0.9999999999999957,0.0,0.0,0.0,0.0,0.0,2.9651645052938508e-05,1.0146867999818319,2.3954448521692636e-08,1.4325813463156404e-05,0.0,0.006419012955533131,3.1196108747035334e-05,1.0156104550565306,0.6252986392417201,-0.09153655490819361,0.011342982969530289,0.02232333375819844,0.7035268019662345,0.9715621372376395,1.8391526636540192,1.08909126586858,1.8391526636540192,1.074340847688269,1.4733369562378662,1.074340847688269,1.4733369562378662,1.4733369562378662,1.2782404914944547,0.0,0.0,4.819603647711743,1.5669123522882575,2.845152843782713,3.117215394223937e-05,1.0155961311525248,0.9999999999999959,0.0,0.0,0.0,0.0,0.0,3.117215394223937e-05,1.0155961311525248,2.3954804795961938e-08,1.432390400549275e-05
6.399714,0.0,-0.004690527,-0.1314638,0.2190459,0.0,1.4736007251108132,0.6146016350809775,-0.09460495216188874,0.0,6.946952602837263e-06,2.5423027128589235e-05,1.0121579005359809,0.6122960634408128,-0.0956521306564831,0.0,0.0,0.0,2.5423027128589235e-05,1.0121579005359809,0.0,0.0,0.0,0.006171367432470617,2.96602782361856e-05,1.0146919630050042,0.6142906065944196,-0.09474621966217195,0.01134298292649912,0.021442930741371925,0.7035267987776175,0.9715621326045546,1.839152664192945,1.089091265795631,1.839152664192945,1.839152664192945,1.595615599498472,0.0,0.0,4.819603699488245,1.5701103005117558,3.165725900010227,2.9636323787663902e-05,1.0146776371915402,0.9999999999999958,0.0,0.0,0.0,0.0,0.0,2.9636323787663902e-05,1.0146776371915402,2.3954448521698817e-08,1.4325813464143748e-05,0.0,0.006350406833210841,3.118078730991362e-05,1.0156012931872562,0.6142963019412263,-0.094743632865652,0.01134298296953025,0.022083453964822367,0.7035268019662327,0.9715621372376354,1.83915266365402,1.08909126586858,1.83915266365402,1.074340847688269,1.473336956237867,1.074340847688269,1.473336956237867,1.473336956237867,1.278240491494451,0.0,0.0,4.819603647711729,1.5701103522882707,2.848350843782722,3.115683267696478e-05,1.015586968362234,0.9999999999999948,0.0,0.0,0.0,0.0,0.0,3.115683267696478e-05,1.015586968362234,2.3954632948837126e-08,1.43248250229956e-05
6.403892,0.0,-0.005722932,-0.0784684,0.2489602,0.0,1.475988481094535,0.6137193081340728,-0.09500570041360386,0.0,7.104858425841326e-06,2.5403010791404385e-05,1.0121459298862512,0.6137093436681937,-0.09501022622151924,0.0,0.0,0.0,2.5403010791404385e-05,1.0121459298862512,0.0,0.0,0.0,0.006085395536710447,2.9640261899000754e-05,1.0146799923552745,0.6136883201496265,-0.09501977499291323,0.011342982926499065,0.02114546009358856,0.703526798777614,0.9715621326045488,1.839152664192945,1.089091265795631,1.839152664192945,1.839152664192945,1.5956155994984627,0.0,0.0,4.819603699488229,1.5742883005117705,3.169903900010233,2.9616307450479066e-05,1.0146656665418103,0.9999999999999953,0.0,0.0,0.0,0.0,0.0,2.9616307450479066e-05,1.0146656665418103,2.3954448521694628e-08,1.4325813464068765e-05,0.0,0.0062618734070957055,3.116077086834423e-05,1.0155893230969768,0.6136880664316342,-0.09501989023028891,0.011342982969530206,0.02177623802659706,0.7035268019662302,0.9715621372376304,1.839152663654021,1.08909126586858,1.839152663654021,1.074340847688268,1.4733369562378678,1.074340847688268,1.4733369562378678,1.473336956237868,1.2782404914944425,0.0,0.0,4.819603647711714,1.5742883522882858,2.852528843782728,3.1136816339779935e-05,1.0155749977125033,0.9999999999999966,0.0,0.0,0.0,0.0,0.0,3.1136816339779935e-05,1.0155749977125033,2.3954528564289167e-08,1.4325384473172248e-05
6.408271,0.0,-0.006433843,-0.06285973,0.2954416,0.0,1.4784593103376165,0.6106812385124347,-0.0961628477940719,0.0,7.268043964558459e-06,2.5382031485388937e-05,1.0121333833388193,0.6077627649112649,-0.09687275927144846,0.0,0.0,0.0,2.5382031485388937e-05,1.0121333833388193,0.0,0.0,0.0,0.005996626161304229,2.9619282592985303e-05,1.014667445807842,0.613645280228921,-0.09503932349818921,0.011342982926499011,0.020829968158017256,0.7035267987776107,0.9715621326045428,1.839152664192946,1.089091265795631,1.839152664192946,1.839152664192946,1.5956155994984544,0.0,0.0,4.819603699488207,1.5786673005117935,3.174282900010249,2.959532814446359e-05,1.0146531199943791,0.9999999999999948,0.0,0.0,0.0,0.0,0.0,2.959532814446359e-05,1.0146531199943791,2.395444852171084e-08,1.432581346327844e-05,0.0,0.006170461972684673,3.113979151397886e-05,1.0155767768086783,0.6136452734172557,-0.09503932659201154,0.011342982969530154,0.021450935439263567,0.7035268019662269,0.9715621372376245,1.839152663654021,1.08909126586858,1.839152663654021,1.074340847688268,1.473336956237868,1.074340847688268,1.473336956237868,1.473336956237868,1.2782404914944365,0.0,0.0,4.819603647711692,1.5786673522883081,2.8569078437827438,3.1115837033764474e-05,1.0155624511650725,0.9999999999999954,0.0,0.0,0.0,0.0,0.0,3.1115837033764474e-05,1.0155624511650725,2.3954480214376424e-08,1.4325643605720167e-05
6.412744,0.0,-0.007019083,-0.05388067,0.3419214,0.0,1.4808777399128497,0.5970734262540642,-0.09711555934430945,0.0,7.4318068806640485e-06,2.5360601835741295e-05,1.0121205674660956,0.5970444946943649,-0.0971162165023459,0.0,0.0,0.0,2.5360601835741295e-05,1.0121205674660956,0.0,0.0,0.0,0.005907199231233227,2.959785294333766e-05,1.014654629935116,0.5969093079049335,-0.09711928716587116,0.011342982926498962,0.02052553335929362,0.7035267987776077,0.9715621326045374,1.8391526641929463,1.089091265795631,1.8391526641929463,1.8391526641929463,1.5956155994984471,0.0,0.0,4.81960369948819,1.5831403005118108,3.1787559000102577,2.9573898494815952e-05,1.014640304121654,0.9999999999999959,0.0,0.0,0.0,0.0,0.0,2.9573898494815952e-05,1.014640304121654,2.3954448521707998e-08,1.4325813462274595e-05,0.0,0.006078358823098054,3.111836184563387e-05,1.0155639610361626,0.5969079083565564,-0.09711931895553175,0.011342982969530114,0.021137964346386102,0.7035268019662252,0.97156213723762,1.839152663654022,1.08909126586858,1.839152663654022,1.0743408476882679,1.4733369562378682,1.0743408476882679,1.4733369562378682,1.4733369562378682,1.2782404914944343,0.0,0.0,4.819603647711666,1.5831403522883336,2.861380843782768,3.109440738411676e-05,1.015549635292348,0.9999999999999968,0.0,0.0,0.0,0.0,0.0,3.109440738411676e-05,1.015549635292348,2.3954461517108336e-08,1.4325743814766737e-05
6.417659,0.0,-0.007667607,-0.0649752,0.3501193,0.0,1.4834856491632287,0.5965506122230105,-0.0971274346612868,0.0,7.608875799471751e-06,2.533705461284433e-05,1.0121064851914603,0.5966358720785202,-0.09712549804950998,0.0,0.0,0.0,2.533705461284433e-05,1.0121064851914603,0.0,0.0,0.0,0.005810569683617413,2.957430572044066e-05,1.0146405476604827,0.5967873797834533,-0.09712205666899278,0.011342982926498896,0.02018273175445718,0.7035267987776039,0.9715621326045311,1.8391526641929472,1.0890912657956309,1.8391526641929472,1.8391526641929472,1.5956155994984385,0.0,0.0,4.819603699488164,1.5880553005118354,3.183670900010274,2.955035127191895e-05,1.0146262218470197,0.9999999999999957,0.0,0.0,0.0,0.0,0.0,2.955035127191895e-05,1.0146262218470197,2.39544485217122e-08,1.4325813462889931e-05,0.0,0.005978863917799267,3.1094814614346665e-05,1.015549878806495,0.5967873457218945,-0.0971220574426748,0.011342982969530046,0.02078360400855395,0.7035268019662217,0.9715621372376136,1.839152663654023,1.089091265868579,1.839152663654023,1.074340847688267,1.473336956237869,1.074340847688267,1.473336956237869,1.473336956237869,1.2782404914944276,0.0,0.0,4.819603647711641,1.5880553522883596,2.8662958437827872,3.107086016121974e-05,1.015535553017713,0.9999999999999956,0.0,0.0,0.0,0.0,0.0,3.107086016121974e-05,1.015535553017713,2.3954453126921425e-08,1.4325788782167474e-05
6.422638,0.0,-0.008450847,-0.07592607,0.3565747,0.0,1.4859441670542752,0.5822387028850761,-0.09688677943073867,0.0,7.784778652153467e-06,2.5313200773006273e-05,1.0120922195464142,0.5821858778860739,-0.09687403965235798,0.0,0.0,0.0,2.5313200773006273e-05,1.0120922195464142,0.0,0.0,0.0,0.005714226786324367,2.9550451880602517e-05,1.0146262820154357,0.5811631972552656,-0.09662740028015536,0.011342982926498836,0.019852408373344736,0.7035267987776006,0.9715621326045244,1.8391526641929483,1.089091265795631,1.8391526641929483,1.8391526641929483,1.5956155994984313,0.0,0.0,4.819603699488137,1.593034300511864,3.188649900010296,2.9526497432080835e-05,1.0146119562019726,0.9999999999999954,0.0,0.0,0.0,0.0,0.0,2.9526497432080835e-05,1.0146119562019726,2.3954448521679583e-08,1.432581346305639e-05,0.0,0.005879638908920432,3.107096077159973e-05,1.0155356131770379,0.5811540177007589,-0.09662518645162228,0.011342982969530006,0.020444246615207738,0.7035268019662186,0.9715621372376086,1.839152663654023,1.089091265868579,1.839152663654023,1.074340847688267,1.47333695623787,1.074340847688267,1.47333695623787,1.47333695623787,1.2782404914944225,0.0,0.0,4.819603647711619,1.593034352288381,2.8712748437828037,3.104700632138166e-05,1.0155212873726664,0.9999999999999968,0.0,0.0,0.0,0.0,0.0,3.104700632138166e-05,1.0155212873726664,2.3954450218069686e-08,1.4325804371885779e-05
6.427713,0.0,-0.009374733,-0.08671764,0.360796,0.0,1.488422182088404,0.5776660558864783,-0.09578399645913847,0.0,7.961006502765629e-06,2.5288887007756578e-05,1.0120776788457482,0.576560276574428,-0.09551731621987007,0.0,0.0,0.0,2.5288887007756578e-05,1.0120776788457482,0.0,0.0,0.0,0.005617756832629037,2.952613811535283e-05,1.0146117413147704,0.5803792407869397,-0.09643833389387807,0.011342982926498777,0.01951006039180708,0.7035267987775966,0.9715621326045177,1.839152664192949,1.08909126579563,1.839152664192949,1.839152664192949,1.5956155994984227,0.0,0.0,4.819603699488108,1.5981093005118918,3.193724900010315,2.9502183666831116e-05,1.0145974155013073,0.9999999999999949,0.0,0.0,0.0,0.0,0.0,2.9502183666831116e-05,1.0145974155013073,2.395444852171154e-08,1.4325813463212103e-05,0.0,0.005780311194368823,3.10466470052371e-05,1.015521072482337,0.5803790454671475,-0.0964382867887021,0.011342982969529947,0.02009035331226557,0.703526801966215,0.9715621372376023,1.839152663654024,1.089091265868579,1.839152663654024,1.074340847688266,1.473336956237871,1.074340847688266,1.473336956237871,1.473336956237871,1.2782404914944159,0.0,0.0,4.819603647711594,1.5981093522884064,2.876349843782822,3.102269255613193e-05,1.0155067466720005,0.9999999999999956,0.0,0.0,0.0,0.0,0.0,3.102269255613193e-05,1.0155067466720005,2.3954449105167404e-08,1.4325810336611049e-05
6.4317720000000005,0.0,-0.01019276,-0.09326392,0.3642552,0.0,1.4892038929517681,0.43533066210559956,-0.05657720837358456,0.0,8.099360895053134e-06,2.526944078644653e-05,1.012066049150379,0.4494331909251518,-0.06098909445609705,0.0,0.0,0.0,2.526944078644653e-05,1.012066049150379,0.0,0.0,0.0,0.005541711014224186,2.9506691894042814e-05,1.0146001116193997,0.4433381722202405,-0.059082306777026423,0.011342982926498728,0.019249244526614816,0.7035267987775936,0.9715621326045125,1.8391526641929496,1.08909126579563,1.8391526641929496,1.8391526641929496,1.5956155994984178,0.0,0.0,4.819603699488093,1.602168300511908,3.1977839000103256,2.9482737445521074e-05,1.0145857858059375,0.999999999999996,0.0,0.0,0.0,0.0,0.0,2.9482737445521074e-05,1.0145857858059375,2.3954448521738776e-08,1.4325813462262017e-05,0.0,0.005701984795845073,3.102720078360146e-05,1.0155094427887128,0.44332554697804816,-0.05907835705063172,0.011342982969529899,0.01982319206630217,0.7035268019662124,0.9715621372375972,1.839152663654025,1.089091265868579,1.839152663654025,1.074340847688266,1.4733369562378715,1.074340847688266,1.4733369562378715,1.4733369562378715,1.2782404914944119,0.0,0.0,4.819603647711579,1.602168352288422,2.8804088437828335,3.10032463348219e-05,1.0154951169766313,0.9999999999999969,0.0,0.0,0.0,0.0,0.0,3.10032463348219e-05,1.0154951169766313,2.3954448779568703e-08,1.4325812082082233e-05
6.438267000000001,0.0,-0.0114023,-0.07561091,0.3729211,0.0,1.489758514753509,0.40435068758075454,-0.04691270253921184,0.0,8.31679934201708e-06,2.5238323957816656e-05,1.0120474399186892,0.37639843240275933,-0.03831309966830347,0.0,0.0,0.0,2.5238323957816656e-05,1.0120474399186892,0.0,0.0,0.0,0.005422274255264284,2.9475575065412862e-05,1.0145815023877116,0.442985636026965,-0.05897201808025559,0.011342982926498643,0.0188268193208792,0.7035267987775886,0.9715621326045033,1.839152664192951,1.08909126579563,1.839152664192951,1.839152664192951,1.5956155994984063,0.0,0.0,4.819603699488057,1.6086633005119437,3.204278900010349,2.9451620616891143e-05,1.0145671765742488,0.9999999999999956,0.0,0.0,0.0,0.0,0.0,2.9451620616891143e-05,1.0145671765742488,2.3954448521719665e-08,1.4325813462788965e-05,0.0,0.005579013590344272,3.099608395478026e-05,1.0154908335580486,0.4429855365352504,-0.05897198695490651,0.011342982969529822,0.019386425771936076,0.7035268019662078,0.971562137237589,1.8391526636540259,1.089091265868579,1.8391526636540259,1.074340847688265,1.473336956237872,1.074340847688265,1.473336956237872,1.473336956237872,1.2782404914944026,0.0,0.0,4.819603647711546,1.6086633522884553,2.8869038437828567,3.097212950619197e-05,1.0154765077449421,0.9999999999999954,0.0,0.0,0.0,0.0,0.0,3.097212950619197e-05,1.0154765077449421,2.3954448588299925e-08,1.4325813107000852e-05
6.445368,0.0,-0.01180047,0.01288507,0.3906578,0.0,1.4883509274133617,0.3358853397774797,-0.02696511526447221,0.0,8.548346268720748e-06,2.5204303850025938e-05,1.0120270943984087,0.3358840522115714,-0.026964879057181534,0.0,0.0,0.0,2.5204303850025938e-05,1.0120270943984087,0.0,0.0,0.0,0.005294572743860169,2.944155495762209e-05,1.01456115686743,0.3359001729727346,-0.026967836452445177,0.011342982926498563,0.01838642019316846,0.7035267987775837,0.9715621326044948,1.8391526641929516,1.08909126579563,1.8391526641929516,1.8391526641929516,1.5956155994983934,0.0,0.0,4.819603699488022,1.615764300511977,3.211379900010371,2.9417600509100386e-05,1.0145468310539676,0.9999999999999951,0.0,0.0,0.0,0.0,0.0,2.9417600509100386e-05,1.0145468310539676,2.395444852170355e-08,1.4325813462635201e-05,0.0,0.0054475195345437205,3.096206384693884e-05,1.0154704880380407,0.33590025367601417,-0.026967851257670167,0.011342982969529753,0.01893220422962606,0.7035268019662045,0.9715621372375816,1.8391526636540265,1.089091265868579,1.8391526636540265,1.074340847688265,1.473336956237873,1.074340847688265,1.473336956237873,1.473336956237873,1.2782404914943963,0.0,0.0,4.819603647711516,1.6157643522884837,2.89400484378288,3.0938109398401194e-05,1.015456162224661,0.9999999999999962,0.0,0.0,0.0,0.0,0.0,3.0938109398401194e-05,1.015456162224661,2.395444853763941e-08,1.432581337930136e-05
6.447307,0.0,-0.01167601,0.02331024,0.3947351,0.0,1.487924461378271,0.33588533977747786,-0.026965115264471894,0.0,8.610631164391982e-06,2.5195014314889154e-05,1.0120215388479474,0.3358854164452756,-0.026965129329377346,0.0,0.0,0.0,2.5195014314889154e-05,1.0120215388479474,0.0,0.0,0.0,0.00526023400205796,2.943226542248531e-05,1.0145556013169694,0.335884869643686,-0.026965029017213774,0.01134298292649854,0.018264119058221166,0.7035267987775823,0.9715621326044922,1.839152664192952,1.08909126579563,1.839152664192952,1.839152664192952,1.5956155994983903,0.0,0.0,4.819603699488013,1.617703300511986,3.213318900010376,2.940831097396361e-05,1.0145412755035064,0.999999999999995,0.0,0.0,0.0,0.0,0.0,2.940831097396361e-05,1.0145412755035064,2.395444852170203e-08,1.432581346283435e-05,0.0,0.005412162930348587,3.095277431179651e-05,1.0154649324876086,0.3358848259297829,-0.026965020997785295,0.01134298296952973,0.018806123244245673,0.7035268019662032,0.9715621372375791,1.839152663654027,1.089091265868579,1.839152663654027,1.074340847688265,1.473336956237873,1.074340847688265,1.473336956237873,1.473336956237873,1.2782404914943932,0.0,0.0,4.819603647711507,1.617703352288494,2.895943843782887,3.092881986326441e-05,1.0154506066741995,0.9999999999999957,0.0,0.0,0.0,0.0,0.0,3.092881986326441e-05,1.0154506066741995,2.3954448532105338e-08,1.4325813409029672e-05
6.451686,0.0,-0.01121657,0.04684103,0.4039381,0.0,1.4868356899111153,0.3127088077755154,-0.024044056363554753,0.0,8.749360239188376e-06,2.5174035008873716e-05,1.0120089923005164,0.3144811627849302,-0.024227034189896406,0.0,0.0,0.0,2.5174035008873716e-05,1.0120089923005164,0.0,0.0,0.0,0.00518349962878069,2.9411286116469865e-05,1.0145430547695384,0.31373384538615906,-0.02414988118584924,0.011342982926498489,0.01799930995681143,0.7035267987775787,0.9715621326044869,1.839152664192953,1.08909126579563,1.839152664192953,1.839152664192953,1.5956155994983798,0.0,0.0,4.819603699487994,1.6220823005120053,3.2176979000103847,2.9387331667948177e-05,1.014528728956075,0.999999999999996,0.0,0.0,0.0,0.0,0.0,2.9387331667948177e-05,1.014528728956075,2.3954448521690187e-08,1.4325813463166565e-05,0.0,0.005333131432117456,3.093179500577499e-05,1.0154523859402098,0.3137325635046147,-0.024149748844474406,0.011342982969529694,0.01853497299411921,0.7035268019662004,0.9715621372375756,1.839152663654027,1.089091265868579,1.839152663654027,1.074340847688264,1.473336956237874,1.074340847688264,1.473336956237874,1.473336956237874,1.2782404914943875,0.0,0.0,4.819603647711481,1.622082352288519,2.9003228437829067,3.090784055724893e-05,1.015438060126769,0.9999999999999969,0.0,0.0,0.0,0.0,0.0,3.090784055724893e-05,1.015438060126769,2.39544485260655e-08,1.4325813441538456e-05
6.456864,0.0,-0.01053497,0.04603767,0.4101967,0.0,1.4854415382271955,0.3137185226124589,-0.024148299263598773,0.0,8.910675607675642e-06,2.5149227781984483e-05,1.0119941564880937,0.3137186947457559,-0.02414831703463013,0.0,0.0,0.0,2.5149227781984483e-05,1.0119941564880937,0.0,0.0,0.0,0.005094237945090074,2.9386478889580612e-05,1.0145282189571156,0.31371397873045753,-0.02414783015348964,0.01134298292649842,0.01768631258902017,0.7035267987775751,0.9715621326044794,1.8391526641929536,1.08909126579563,1.8391526641929536,1.8391526641929536,1.5956155994983698,0.0,0.0,4.819603699487965,1.6272603005120359,3.222875900010405,2.9362524441058903e-05,1.0145138931436521,0.9999999999999957,0.0,0.0,0.0,0.0,0.0,2.9362524441058903e-05,1.0145138931436521,2.3954448521710632e-08,1.432581346327844e-05,0.0,0.00524124084748945,3.0906987778882864e-05,1.0154375501278017,0.3137140127275363,-0.02414783366334606,0.011342982969529646,0.018210569884619547,0.7035268019661969,0.9715621372375698,1.839152663654028,1.089091265868579,1.839152663654028,1.0743408476882634,1.4733369562378746,1.0743408476882634,1.4733369562378746,1.4733369562378746,1.2782404914943803,0.0,0.0,4.819603647711454,1.6272603522885465,2.905500843782927,3.088303333035965e-05,1.0154232243143455,0.9999999999999958,0.0,0.0,0.0,0.0,0.0,3.088303333035965e-05,1.0154232243143455,2.3954448523213288e-08,1.4325813455811785e-05
6.462305,0.0,-0.00986814,0.0401666,0.4159178,0.0,1.4838504498654306,0.29849160907657585,-0.02067345523926315,0.0,9.07672029709743e-06,2.5123160551103018e-05,1.0119785671378825,0.29887055502818605,-0.020716643262105598,0.0,0.0,0.0,2.5123160551103018e-05,1.0119785671378825,0.0,0.0,0.0,0.005002062197296371,2.9360411658699113e-05,1.0145126296069062,0.29859550357885223,-0.020685295973062907,0.01134298292649835,0.01736825277089103,0.7035267987775699,0.9715621326044718,1.839152664192954,1.08909126579563,1.839152664192954,1.839152664192954,1.59561559949836,0.0,0.0,4.81960369948794,1.6327013005120594,3.228316900010419,2.9336457210177414e-05,1.0144983037934412,0.9999999999999956,0.0,0.0,0.0,0.0,0.0,2.9336457210177414e-05,1.0144983037934412,2.395444852169871e-08,1.432581346415325e-05,0.0,0.005146316752342753,3.088092054800035e-05,1.015421960777597,0.2985936388317386,-0.020685083450035297,0.01134298296952958,0.017884104090695564,0.7035268019661929,0.9715621372375626,1.839152663654028,1.089091265868579,1.839152663654028,1.074340847688263,1.473336956237876,1.074340847688263,1.473336956237876,1.473336956237876,1.278240491494373,0.0,0.0,4.819603647711426,1.6327013522885743,2.9109418437829477,3.085696609947813e-05,1.015407634964135,0.9999999999999969,0.0,0.0,0.0,0.0,0.0,3.085696609947813e-05,1.015407634964135,2.3954448522217022e-08,1.4325813461950624e-05
6.468583,0.0,-0.009197504,0.03390522,0.4224757,0.0,1.4819122867779224,0.29138960937201047,-0.019864048715286405,0.0,9.264349123618578e-06,2.5093083345538972e-05,1.0119605796464979,0.2862949326865234,-0.019593267532735062,0.0,0.0,0.0,2.5093083345538972e-05,1.0119605796464979,0.0,0.0,0.0,0.00489789177379495,2.933033445313506e-05,1.0144946421155208,0.2951455990387655,-0.02029211442448473,0.011342982926498277,0.01699769460914677,0.703526798777565,0.9715621326044637,1.839152664192955,1.08909126579563,1.839152664192955,1.839152664192955,1.595615599498349,0.0,0.0,4.8196036994879075,1.6389793005120925,3.2345949000104413,2.930638000461334e-05,1.0144803163020568,0.999999999999995,0.0,0.0,0.0,0.0,0.0,2.930638000461334e-05,1.0144803163020568,2.3954448521715536e-08,1.4325813463764947e-05,0.0,0.005039068692273974,3.08508433424359e-05,1.0154039732862128,0.2951455992807063,-0.020292114452058394,0.0113429829695295,0.017501531139628317,0.703526801966188,0.9715621372375544,1.8391526636540296,1.089091265868579,1.8391526636540296,1.074340847688263,1.4733369562378766,1.074340847688263,1.4733369562378766,1.4733369562378766,1.278240491494364,0.0,0.0,4.819603647711393,1.6389793522886065,2.91721984378297,3.082688889391406e-05,1.01538964747275,0.9999999999999954,0.0,0.0,0.0,0.0,0.0,3.082688889391406e-05,1.01538964747275,2.395444852183965e-08,1.432581346283435e-05
6.479924,0.0,-0.008276866,0.01999546,0.4320386,0.0,1.4779822670342213,0.2600295635492372,-0.017600620931427675,0.0,9.592017380475691e-06,2.5038749865401696e-05,1.0119280858364001,0.2590337341248887,-0.017339670988480577,0.0,0.0,0.0,2.5038749865401696e-05,1.0119280858364001,0.0,0.0,0.0,0.004715063755692117,2.927600097299775e-05,1.0144621483054235,0.26070966868497264,-0.017778837593868824,0.01134298292649811,0.016363265109777213,0.7035267987775589,0.9715621326044463,1.839152664192957,1.089091265795629,1.839152664192957,1.839152664192957,1.595615599498329,0.0,0.0,4.819603699487853,1.6503203005121465,3.245935900010476,2.9252046524476034e-05,1.0144478224919584,0.9999999999999959,0.0,0.0,0.0,0.0,0.0,2.9252046524476034e-05,1.0144478224919584,2.395444852172097e-08,1.432581346486681e-05,0.0,0.004850815136504508,3.079650986229841e-05,1.0153714794761157,0.26071801808634687,-0.017781025494486104,0.01134298296952937,0.0168489378732533,0.7035268019661808,0.9715621372375407,1.839152663654031,1.089091265868578,1.839152663654031,1.074340847688261,1.473336956237878,1.074340847688261,1.473336956237878,1.473336956237878,1.27824049149435,0.0,0.0,4.819603647711331,1.6503203522886696,2.9285608437830195,3.077255541377668e-05,1.0153571536626527,0.9999999999999948,0.0,0.0,0.0,0.0,0.0,3.077255541377668e-05,1.0153571536626527,2.3954448521730617e-08,1.4325813463215781e-05
6.485046,0.0,-0.007977735,0.01585604,0.4374404,0.0,1.4759881508289467,0.2606715096908601,-0.01776883830373632,0.0,9.73538420066381e-06,2.5014210928335902e-05,1.0119134104730874,0.26066978146401254,-0.01776838543431274,0.0,0.0,0.0,2.5014210928335902e-05,1.0119134104730874,0.0,0.0,0.0,0.004634772750335042,2.9251462035931912e-05,1.01444747294211,0.26069635978487243,-0.01777535009225775,0.011342982926498052,0.01608481724012378,0.703526798777553,0.9715621326044394,1.839152664192958,1.089091265795629,1.839152664192958,1.839152664192958,1.5956155994983194,0.0,0.0,4.819603699487822,1.6554423005121772,3.2510579000104967,2.922750758741021e-05,1.0144331471286467,0.9999999999999952,0.0,0.0,0.0,0.0,0.0,2.922750758741021e-05,1.0144331471286467,2.395444852170881e-08,1.4325813463365159e-05,0.0,0.004768162349964966,3.0771970925232595e-05,1.0153568041128038,0.2606964208982807,-0.017775366106587115,0.011342982969529318,0.016560415005846332,0.7035268019661781,0.9715621372375349,1.839152663654032,1.089091265868578,1.839152663654032,1.074340847688261,1.4733369562378784,1.074340847688261,1.4733369562378784,1.4733369562378784,1.278240491494346,0.0,0.0,4.819603647711312,1.655442352288688,2.9336828437830342,3.074801647671088e-05,1.0153424782993403,0.9999999999999962,0.0,0.0,0.0,0.0,0.0,3.074801647671088e-05,1.0153424782993403,2.3954448521708068e-08,1.4325813463771128e-05
6.489144,0.0,-0.007757,0.01654753,0.4431828,0.0,1.474365520548472,0.2479151544766055,-0.015218693097221403,0.0,9.84830302155128e-06,2.4994577862327384e-05,1.0119016690363736,0.2425753847936396,-0.014565709368093732,0.0,0.0,0.0,2.4994577862327384e-05,1.0119016690363736,0.0,0.0,0.0,0.0045715273478162495,2.9231828969923428e-05,1.0144357315053965,0.24195154126137255,-0.014489199668291852,0.01134298292649801,0.01586133120210793,0.7035267987775503,0.9715621326044351,1.839152664192959,1.089091265795629,1.839152664192959,1.839152664192959,1.5956155994983134,0.0,0.0,4.819603699487804,1.6595403005121958,3.25515590001051,2.920787452140168e-05,1.0144214056919323,0.9999999999999952,0.0,0.0,0.0,0.0,0.0,2.920787452140168e-05,1.0144214056919323,2.395444852174743e-08,1.4325813464077927e-05,0.0,0.00470304761025106,3.0752337859224084e-05,1.0153450626760894,0.24195425393491785,-0.014489531493555316,0.01134298296952927,0.01633025432672558,0.7035268019661751,0.97156213723753,1.8391526636540325,1.089091265868578,1.8391526636540325,1.074340847688261,1.473336956237879,1.074340847688261,1.473336956237879,1.473336956237879,1.27824049149434,0.0,0.0,4.819603647711296,1.6595403522887038,2.937780843783044,3.0728383410702365e-05,1.0153307368626252,0.9999999999999953,0.0,0.0,0.0,0.0,0.0,3.0728383410702365e-05,1.0153307368626252,2.395444852171085e-08,1.4325813464077925e-05
6.501889,0.0,-0.006359281,0.06290392,0.4836585,0.0,1.4686202879586394,0.21300133911393285,-0.009417089703636496,0.0,1.0187961827212105e-05,2.4933517973045162e-05,1.0118651525378548,0.22040918329481363,-0.01104659627946095,0.0,0.0,0.0,2.4933517973045162e-05,1.0118651525378548,0.0,0.0,0.0,0.00438027096057488,2.917076908064108e-05,1.0143992150068775,0.21706664904726145,-0.01031133762615919,0.011342982926497864,0.015198124042810263,0.7035267987775417,0.9715621326044194,1.8391526641929608,1.089091265795629,1.8391526641929608,1.8391526641929608,1.5956155994982937,0.0,0.0,4.81960369948773,1.6722853005122709,3.2679009000105643,2.9146814632119355e-05,1.0143848891934133,0.9999999999999957,0.0,0.0,0.0,0.0,0.0,2.9146814632119355e-05,1.0143848891934133,2.3954448521726726e-08,1.4325813463349977e-05,0.0,0.004506127023747761,3.0691277969941886e-05,1.0153085461775717,0.21705771814327354,-0.010309373091481836,0.011342982969529153,0.015647959853229806,0.7035268019661678,0.971562137237517,1.839152663654034,1.089091265868578,1.839152663654034,1.07434084768826,1.473336956237881,1.07434084768826,1.473336956237881,1.473336956237881,1.2782404914943233,0.0,0.0,4.81960364771125,1.6722853522887509,2.950525843783074,3.066732352142016e-05,1.0152942203641073,0.9999999999999969,0.0,0.0,0.0,0.0,0.0,3.066732352142016e-05,1.0152942203641073,2.395444852171897e-08,1.4325813465133764e-05
6.50762,0.0,-0.005332679,0.07517667,0.555213,0.0,1.465759474731039,0.21607400386975947,-0.010092985052224583,0.0,1.0335614522155676e-05,2.4906061384149406e-05,1.0118487322904623,0.21666230660327082,-0.010222394250019282,0.0,0.0,0.0,2.4906061384149406e-05,1.0118487322904623,0.0,0.0,0.0,0.004296951853683646,2.914331249174527e-05,1.0143827947594857,0.21666323140034416,-0.010222597678016946,0.011342982926497795,0.014903938727983417,0.7035267987775375,0.9715621326044119,1.839152664192961,1.089091265795629,1.839152664192961,1.839152664192961,1.5956155994982832,0.0,0.0,4.819603699487697,1.6780163005123034,3.273631900010587,2.9119358043223566e-05,1.0143684689460217,0.999999999999995,0.0,0.0,0.0,0.0,0.0,2.9119358043223566e-05,1.0143684689460217,2.395444852171074e-08,1.432581346372253e-05,0.0,0.004420362689878041,3.0663821381046106e-05,1.0152921259301797,0.21666299302482542,-0.010222545242454908,0.011342982969529078,0.015343578223971133,0.7035268019661636,0.9715621372375093,1.839152663654035,1.089091265868578,1.839152663654035,1.074340847688259,1.473336956237882,1.074340847688259,1.473336956237882,1.473336956237882,1.2782404914943155,0.0,0.0,4.81960364771122,1.6780163522887792,2.9562568437830947,3.063986693252439e-05,1.0152778001167149,0.9999999999999957,0.0,0.0,0.0,0.0,0.0,3.063986693252439e-05,1.0152778001167149,2.395444852172043e-08,1.432581346429303e-05
6.511477999999999,0.0,-0.004546879,0.08400773,0.6174938,0.0,1.4626928739972394,0.058913529487267455,0.035310843236533086,0.0,1.0432974538846119e-05,2.488757813166995e-05,1.0118376784927947,0.07917398138922184,0.027830381274161056,0.0,0.0,0.0,2.488757813166995e-05,1.0118376784927947,0.0,0.0,0.0,0.004241727260677399,2.912482923926581e-05,1.0143717409618143,0.07100062337019733,0.03084810733782497,0.011342982926497757,0.014713743910562087,0.7035267987775351,0.9715621326044079,1.839152664192962,1.089091265795629,1.839152664192962,1.839152664192962,1.595615599498275,0.0,0.0,4.819603699487683,1.6818743005123171,3.277489900010593,2.9100874790744118e-05,1.0143574151483532,0.999999999999996,0.0,0.0,0.0,0.0,0.0,2.9100874790744118e-05,1.0143574151483532,2.3954448521697463e-08,1.4325813460985706e-05,0.0,0.004363492657587373,3.0645338128566584e-05,1.0152810721325118,0.07099199833449918,0.0308512918300455,0.011342982969529044,0.015149084044076614,0.7035268019661626,0.9715621372375052,1.839152663654035,1.089091265868578,1.839152663654035,1.074340847688259,1.473336956237882,1.074340847688259,1.473336956237882,1.473336956237882,1.2782404914943126,0.0,0.0,4.819603647711207,1.6818743522887922,2.960114843783105,3.062138368004491e-05,1.015266746319047,0.9999999999999968,0.0,0.0,0.0,0.0,0.0,3.062138368004491e-05,1.015266746319047,2.395444852167832e-08,1.432581346527684e-05
6.517176,0.0,-0.003257468,0.09519532,0.706413,0.0,1.457470312999663,0.07139967294292177,0.030700772265325707,0.0,1.0574442465320973e-05,2.4860279642134443e-05,1.011821352795772,0.07140061392751317,0.030700424839735972,0.0,0.0,0.0,2.4860279642134443e-05,1.011821352795772,0.0,0.0,0.0,0.004161495965743021,2.9097530749730298e-05,1.014355415264792,0.07138448547971342,0.030706379703963685,0.011342982926497684,0.014432508310386713,0.7035267987775308,0.9715621326044005,1.8391526641929627,1.0890912657956289,1.8391526641929627,1.8391526641929627,1.5956155994982635,0.0,0.0,4.819603699487651,1.6875723005123493,3.2831879000106134,2.907357630120858e-05,1.01434108945133,0.9999999999999957,0.0,0.0,0.0,0.0,0.0,2.907357630120858e-05,1.01434108945133,2.3954448521721743e-08,1.4325813462127606e-05,0.0,0.004280912454040617,3.0618039639031075e-05,1.0152647464354874,0.07138430569326391,0.030706446083810984,0.011342982969528972,0.014857711068050658,0.7035268019661585,0.9715621372374976,1.839152663654036,1.089091265868578,1.839152663654036,1.074340847688258,1.473336956237883,1.074340847688258,1.473336956237883,1.473336956237883,1.2782404914943055,0.0,0.0,4.819603647711177,1.6875723522888226,2.965812843783128,3.059408519050936e-05,1.0152504206220234,0.9999999999999958,0.0,0.0,0.0,0.0,0.0,3.059408519050936e-05,1.0152504206220234,2.395444852172327e-08,1.4325813464126006e-05
6.523744,0.0,-0.001748666,0.08936518,0.7259014,0.0,1.4493480288306264,-0.06111468468338988,0.08210122684787208,0.0,1.0733523163368159e-05,2.482881307855614e-05,1.0118025344072057,-0.061209383861876916,0.08214343465620771,0.0,0.0,0.0,2.482881307855614e-05,1.0118025344072057,0.0,0.0,0.0,0.0040708963094613785,2.9066064186151957e-05,1.014336596876228,-0.06132126259564513,0.08219329946208155,0.011342982926497625,0.01411851017417398,0.7035267987775246,0.9715621326043937,1.839152664192963,1.089091265795629,1.839152664192963,1.839152664192963,1.595615599498255,0.0,0.0,4.81960369948762,1.6941403005123798,3.289755900010636,2.904210973763023e-05,1.0143222710627646,0.9999999999999953,0.0,0.0,0.0,0.0,0.0,2.904210973763023e-05,1.0143222710627646,2.3954448521723245e-08,1.4325813463229883e-05,0.0,0.004187636374221433,3.0586573075452755e-05,1.0152459280469217,-0.061322979911225435,0.08219406487660823,0.011342982969528905,0.014534662497820107,0.7035268019661536,0.9715621372374902,1.839152663654037,1.0890912658685772,1.839152663654037,1.074340847688258,1.473336956237884,1.074340847688258,1.473336956237884,1.473336956237884,1.2782404914942969,0.0,0.0,4.819603647711147,1.6941403522888525,2.9723808437831503,3.0562618626931016e-05,1.0152316022334578,0.9999999999999966,0.0,0.0,0.0,0.0,0.0,3.0562618626931016e-05,1.0152316022334578,2.3954448521737535e-08,1.4325813463896018e-05
6.528864,0.0,-0.000654905,0.0846324,0.7368573,0.0,1.442515487171044,-0.09018983222906224,0.09043805093124281,0.0,1.0855000808021378e-05,2.4804283723269767e-05,1.0117878647742196,-0.10451651517771093,0.09105190602097474,0.0,0.0,0.0,2.4804283723269767e-05,1.0117878647742196,0.0,0.0,0.0,0.0040016717588179495,2.9041534830865564e-05,1.014321927243242,-0.10680805240162525,0.09102245075810422,0.01134298292649757,0.013873202167770125,0.703526798777521,0.9715621326043876,1.839152664192964,1.089091265795628,1.839152664192964,1.839152664192964,1.595615599498246,0.0,0.0,4.819603699487595,1.699260300512405,3.294875900010651,2.9017580382343835e-05,1.014307601429778,0.9999999999999953,0.0,0.0,0.0,0.0,0.0,2.9017580382343835e-05,1.014307601429778,2.3954448521724767e-08,1.4325813464324178e-05,0.0,0.004116375735295426,3.056204372016633e-05,1.0152312584139347,-0.10680805072403488,0.09102245053121838,0.01134298296952884,0.014281868514658678,0.7035268019661496,0.9715621372374831,1.839152663654038,1.089091265868577,1.839152663654038,1.074340847688257,1.473336956237885,1.074340847688257,1.473336956237885,1.473336956237885,1.278240491494291,0.0,0.0,4.8196036477111175,1.6992603522888818,2.9775008437831727,3.0538089271644586e-05,1.0152169326004716,0.9999999999999953,0.0,0.0,0.0,0.0,0.0,3.0538089271644586e-05,1.0152169326004716,2.395444852174411e-08,1.4325813463436001e-05
6.534141,0.0,0.0003950854,0.07960992,0.747285,0.0,1.434926578211489,-0.11051123375024684,0.09108510640056412,0.0,1.0977405104676633e-05,2.4779002198299805e-05,1.0117727453106895,-0.1104918310722989,0.09108509531965299,0.0,0.0,0.0,2.4779002198299805e-05,1.0117727453106895,0.0,0.0,0.0,0.003931511993974059,2.9016253305895554e-05,1.0143068077797117,-0.11054566835741642,0.09108512606624238,0.011342982926497523,0.01363199108140185,0.7035267987775174,0.9715621326043824,1.839152664192965,1.089091265795628,1.839152664192965,1.839152664192965,1.5956155994982353,0.0,0.0,4.819603699487573,1.7045373005124274,3.3001529000106635,2.8992298857373876e-05,1.0142924819662489,0.9999999999999957,0.0,0.0,0.0,0.0,0.0,2.8992298857373876e-05,1.0142924819662489,2.395444852167874e-08,1.4325813462861859e-05,0.0,0.004044149617492647,3.053676219519633e-05,1.0152161389504055,-0.11054592234097924,0.09108512621129293,0.011342982969528802,0.014033227010305228,0.7035268019661464,0.9715621372374788,1.839152663654038,1.089091265868577,1.839152663654038,1.074340847688257,1.473336956237885,1.074340847688257,1.473336956237885,1.473336956237885,1.2782404914942842,0.0,0.0,4.8196036477111,1.7045373522889002,2.9827778437831847,3.0512807746674626e-05,1.0152018131369416,0.9999999999999964,0.0,0.0,0.0,0.0,0.0,3.0512807746674626e-05,1.0152018131369416,2.395444852170542e-08,1.4325813464180364e-05
6.54771,0.0,0.002740445,0.06685343,0.7737736,0.0,1.4157571775614315,-0.10277421505498181,0.08397750696930105,0.0,1.128146854330291e-05,2.4713994615901205e-05,1.011733867918113,-0.10305349691147343,0.08401358492230998,0.0,0.0,0.0,2.4713994615901205e-05,1.011733867918113,0.0,0.0,0.0,0.003756828901949795,2.895124572349694e-05,1.0142679303871345,-0.10204717890402631,0.08388358759902956,0.011342982926497365,0.013020432940144055,0.7035267987775065,0.9715621326043655,1.839152664192967,1.089091265795628,1.839152664192967,1.839152664192967,1.5956155994982097,0.0,0.0,4.819603699487507,1.718106300512494,3.3137219000107034,2.8927291274975225e-05,1.0142536045736714,0.9999999999999949,0.0,0.0,0.0,0.0,0.0,2.8927291274975225e-05,1.0142536045736714,2.3954448521720356e-08,1.432581346305639e-05,0.0,0.0038643332952055316,3.0471754612797637e-05,1.0151772615578294,-0.10204723283689378,0.08388359456613975,0.011342982969528645,0.013402944883487018,0.7035268019661366,0.971562137237462,1.8391526636540403,1.089091265868577,1.8391526636540403,1.074340847688255,1.473336956237888,1.074340847688255,1.473336956237888,1.473336956237888,1.2782404914942684,0.0,0.0,4.819603647711023,1.7181063522889761,2.9963468437832446,3.0447800164275884e-05,1.0151629357443646,0.9999999999999956,0.0,0.0,0.0,0.0,0.0,3.0447800164275884e-05,1.0151629357443646,2.395444852175285e-08,1.4325813465013886e-05
6.5698479999999995,0.0,0.006225258,0.07380905,0.8255449,0.0,1.3828252445846805,-0.16101391195955864,0.09523053625705286,0.0,1.17439741869487e-05,2.4607933899625784e-05,1.011670438946422,-0.16094742226450318,0.09507745068688234,0.0,0.0,0.0,2.4607933899625784e-05,1.011670438946422,0.0,0.0,0.0,0.0034883830617773344,2.884518500722147e-05,1.0142045014154442,-0.16111171915629371,0.09493506148761757,0.01134298292649713,0.012085609177926332,0.7035267987774897,0.9715621326043409,1.83915266419297,1.089091265795628,1.83915266419297,1.83915266419297,1.595615599498177,0.0,0.0,4.819603699487395,1.7402443005126045,3.3358599000107803,2.8821230558699744e-05,1.0141901756019802,0.9999999999999953,0.0,0.0,0.0,0.0,0.0,2.8821230558699744e-05,1.0141901756019802,2.3954448521723784e-08,1.432581346394457e-05,0.0,0.0035879987635718327,3.036569389652216e-05,1.0151138325861373,-0.16111231653718452,0.09493458874842033,0.011342982969528391,0.012440776844375147,0.7035268019661234,0.9715621372374353,1.839152663654043,1.089091265868577,1.839152663654043,1.074340847688253,1.47333695623789,1.074340847688253,1.47333695623789,1.47333695623789,1.2782404914942411,0.0,0.0,4.819603647710919,1.7402443522890796,3.018484843783322,3.034173944800041e-05,1.0150995067726734,0.9999999999999947,0.0,0.0,0.0,0.0,0.0,3.034173944800041e-05,1.0150995067726734,2.3954448521753245e-08,1.432581346394457e-05
6.587308999999999,0.0,0.009158713,0.08383221,0.8690093,0.0,1.3557222784591008,-0.1529341703466993,0.13043131502938599,0.0,1.2081377008829283e-05,2.452428017449777e-05,1.0116204103406448,-0.15293412002993573,0.13043118693416944,0.0,0.0,0.0,2.452428017449777e-05,1.0116204103406448,0.0,0.0,0.0,0.0032903425738526225,2.876153128209332e-05,1.014154472809667,-0.1529344681318972,0.13043207312384164,0.011342982926496891,0.011394715433173538,0.703526798777477,0.971562132604315,1.839152664192972,1.089091265795627,1.839152664192972,1.839152664192972,1.5956155994981482,0.0,0.0,4.819603699487299,1.7577053005127001,3.353320900010849,2.87375768335716e-05,1.014140146996203,0.999999999999995,0.0,0.0,0.0,0.0,0.0,2.87375768335716e-05,1.014140146996203,2.395444852171897e-08,1.4325813463708412e-05,0.0,0.0033841668934707658,3.028204017139405e-05,1.0150638039803603,-0.15293449722882152,0.13043214719809731,0.01134298296952825,0.011727995535535355,0.7035268019661126,0.9715621372374197,1.839152663654045,1.089091265868576,1.839152663654045,1.074340847688252,1.473336956237893,1.074340847688252,1.473336956237893,1.473336956237893,1.2782404914942171,0.0,0.0,4.819603647710837,1.7577053522891624,3.0359458437833795,3.025808572287231e-05,1.0150494781668962,0.9999999999999957,0.0,0.0,0.0,0.0,0.0,3.025808572287231e-05,1.0150494781668962,2.3954448521736556e-08,1.4325813463916335e-05
6.608911,0.0,0.01244917,0.069447,0.9135937,0.0,1.3186542799725944,-0.2210135943317883,0.16606351775472492,0.0,1.2467608026888904e-05,2.442078737510395e-05,1.011558517096157,-0.23146744344308062,0.16791821962785883,0.0,0.0,0.0,2.442078737510395e-05,1.011558517096157,0.0,0.0,0.0,0.003060932272404577,2.8658038482699475e-05,1.0140925795651798,-0.23501170318287307,0.16854455724306497,0.01134298292649666,0.010593753901273612,0.7035267987774613,0.9715621326042896,1.839152664192975,1.089091265795627,1.839152664192975,1.839152664192975,1.595615599498108,0.0,0.0,4.819603699487198,1.7793073005128017,3.374922900010911,2.8634084034177732e-05,1.0140782537517155,0.9999999999999953,0.0,0.0,0.0,0.0,0.0,2.8634084034177732e-05,1.0140782537517155,2.3954448521746512e-08,1.4325813464291813e-05,0.0,0.003148047985321311,3.0178547372000178e-05,1.0150019107358734,-0.23501171130707674,0.16854455878470206,0.01134298296952802,0.010903173677154246,0.7035268019660997,0.9715621372373949,1.839152663654048,1.089091265868576,1.839152663654048,1.07434084768825,1.473336956237895,1.07434084768825,1.473336956237895,1.473336956237895,1.278240491494186,0.0,0.0,4.819603647710743,1.7793073522892562,3.0575478437834422,3.0154592923478435e-05,1.0149875849224088,0.9999999999999953,0.0,0.0,0.0,0.0,0.0,3.0154592923478435e-05,1.0149875849224088,2.39544485217446e-08,1.432581346438866e-05
6.614388999999999,0.0,0.01311518,0.06731763,0.9273477,0.0,1.3086633134369139,-0.2350686394992802,0.16858690057782713,0.0,1.2560149556588681e-05,2.4394542881303402e-05,1.0115428217349265,-0.23501692138783503,0.1685774153568352,0.0,0.0,0.0,2.4394542881303402e-05,1.0115428217349265,0.0,0.0,0.0,0.0030053377386617636,2.863179398889891e-05,1.014076884203947,-0.23504156774362484,0.16858193555536488,0.011342982926496588,0.010402387250686936,0.7035267987774569,0.9715621326042816,1.839152664192977,1.089091265795627,1.839152664192977,1.839152664192977,1.5956155994980947,0.0,0.0,4.819603699487177,1.7847853005128225,3.380400900010917,2.8607839540377212e-05,1.014062558390485,0.9999999999999957,0.0,0.0,0.0,0.0,0.0,2.8607839540377212e-05,1.014062558390485,2.395444852169589e-08,1.432581346239026e-05,0.0,0.0030908297824734396,3.0152302878199607e-05,1.0149862153746438,-0.2350415483732409,0.16858193200279187,0.011342982969527958,0.010705959705560016,0.7035268019660965,0.9715621372373886,1.839152663654049,1.089091265868576,1.839152663654049,1.074340847688249,1.473336956237896,1.074340847688249,1.473336956237896,1.473336956237896,1.2782404914941778,0.0,0.0,4.8196036477107285,1.7847853522892705,3.063025843783448,3.012834842967793e-05,1.0149718895611788,0.9999999999999964,0.0,0.0,0.0,0.0,0.0,3.012834842967793e-05,1.0149718895611788,2.395444852168296e-08,1.432581346549888e-05
6.624511,0.0,0.01442025,0.07563224,0.9599481,0.0,1.289814742542311,-0.2685211383677162,0.1708535764223693,0.0,1.2726131388667173e-05,2.434604949571576e-05,1.0115138205581509,-0.26845219643651286,0.17084302144950417,0.0,0.0,0.0,2.434604949571576e-05,1.0115138205581509,0.0,0.0,0.0,0.002905314678900341,2.8583300603311168e-05,1.0140478830271724,-0.2684660668697598,0.17084514500542994,0.011342982926496468,0.01005369176963001,0.7035267987774502,0.9715621326042693,1.839152664192978,1.089091265795627,1.839152664192978,1.839152664192978,1.5956155994980785,0.0,0.0,4.819603699487119,1.7949073005128824,3.3905229000109607,2.8559346154789476e-05,1.0140335572137096,0.9999999999999952,0.0,0.0,0.0,0.0,0.0,2.8559346154789476e-05,1.0140335572137096,2.3954448521693122e-08,1.4325813463029066e-05,0.0,0.002987889629048468,3.010380949261195e-05,1.0149572141978662,-0.2684660352707429,0.17084514016763733,0.011342982969527857,0.010346758216548702,0.7035268019660897,0.971562137237377,1.83915266365405,1.0890912658685759,1.83915266365405,1.0743408476882488,1.473336956237897,1.0743408476882488,1.473336956237897,1.473336956237897,1.2782404914941676,0.0,0.0,4.819603647710685,1.794907352289316,3.0731478437834836,3.007985504409022e-05,1.0149428883844032,0.9999999999999964,0.0,0.0,0.0,0.0,0.0,3.007985504409022e-05,1.0149428883844032,2.3954448521728724e-08,1.4325813462889e-05
6.640952,0.0,0.01676603,0.08493904,1.00913,0.0,1.2577749653470214,-0.3392212480511258,0.17720509775959203,0.0,1.2981568886207944e-05,2.4267282478086186e-05,1.01146671441832,-0.33482656572358366,0.17666366539074108,0.0,0.0,0.0,2.4267282478086186e-05,1.01146671441832,0.0,0.0,0.0,0.0027499441606752143,2.850453358568157e-05,1.0140007768873407,-0.3361630172642468,0.17682831850320405,0.01134298292649628,0.00951131950334112,0.7035267987774396,0.9715621326042485,1.83915266419298,1.089091265795626,1.83915266419298,1.83915266419298,1.5956155994980472,0.0,0.0,4.81960369948704,1.8113483005129605,3.4069639000110086,2.848057913715988e-05,1.0139864510738787,0.9999999999999958,0.0,0.0,0.0,0.0,0.0,2.848057913715988e-05,1.0139864510738787,2.395444852169186e-08,1.4325813462113105e-05,0.0,0.0028279833795910813,3.002504247498231e-05,1.0149101080580398,-0.3361619164101361,0.17682818287609736,0.011342982969527673,0.009789198158640496,0.7035268019660786,0.9715621372373577,1.839152663654052,1.089091265868575,1.839152663654052,1.074340847688247,1.4733369562379,1.074340847688247,1.4733369562379,1.4733369562379,1.278240491494147,0.0,0.0,4.8196036477106015,1.8113483522893983,3.0895888437835457,3.000108802646055e-05,1.0148957822445723,0.9999999999999967,0.0,0.0,0.0,0.0,0.0,3.000108802646055e-05,1.0148957822445723,2.3954448521757933e-08,1.4325813467608569e-05
6.653727,0.0,0.01853417,0.07918575,1.037382,0.0,1.2316885659334516,-0.36097232151818465,0.17971145987286002,0.0,1.3168337050575541e-05,2.420607886211285e-05,1.0114301119649207,-0.3610057235376684,0.17971518776832937,0.0,0.0,0.0,2.420607886211285e-05,1.0114301119649207,0.0,0.0,0.0,0.0026350163815215375,2.844332996970815e-05,1.0139641744339427,-0.3610434723438188,0.17971940079513415,0.011342982926496119,0.009111722430375462,0.7035267987774306,0.9715621326042316,1.839152664192982,1.089091265795626,1.839152664192982,1.839152664192982,1.595615599498027,0.0,0.0,4.819603699486976,1.8241233005130255,3.4197389000110516,2.8419375521186473e-05,1.0139498486204794,0.9999999999999958,0.0,0.0,0.0,0.0,0.0,2.8419375521186473e-05,1.0139498486204794,2.395444852167832e-08,1.43258134635602e-05,0.0,0.0027097220353575805,2.996383885900887e-05,1.0148735056046363,-0.36104406455232607,0.17971946688968315,0.011342982969527519,0.009376679060366848,0.70352680196607,0.971562137237341,1.839152663654054,1.089091265868575,1.839152663654054,1.074340847688246,1.473336956237902,1.074340847688246,1.473336956237902,1.473336956237902,1.2782404914941314,0.0,0.0,4.819603647710539,1.8241233522894609,3.1023638437835928,2.993988441048713e-05,1.0148591797911732,0.9999999999999966,0.0,0.0,0.0,0.0,0.0,2.993988441048713e-05,1.0148591797911732,2.3954448521740467e-08,1.432581346327844e-05
6.659235,0.0,0.01921345,0.07675444,1.050862,0.0,1.2205129300242643,-0.21422599115907004,0.19152561846358188,0.0,1.3246028524244073e-05,2.417969064162119e-05,1.0114143306488095,-0.14040693165032314,0.20358865775677248,0.0,0.0,0.0,2.417969064162119e-05,1.0114143306488095,0.0,0.0,0.0,0.0025869767936001747,2.841694174921648e-05,1.0139483931178321,-0.14535163197175668,0.19808597192461644,0.01134298292649605,0.008942570574819779,0.7035267987774266,0.9715621326042241,1.839152664192983,1.089091265795626,1.839152664192983,1.839152664192983,1.595615599498018,0.0,0.0,4.81960369948695,1.8296313005130498,3.425246900011068,2.839298730069479e-05,1.0139340673043682,0.9999999999999957,0.0,0.0,0.0,0.0,0.0,2.839298730069479e-05,1.0139340673043682,2.395444852169501e-08,1.432581346372253e-05,0.0,0.0026602897198245356,2.993745063851718e-05,1.0148577242885264,-0.1453966499432587,0.19806076809503903,0.01134298296952745,0.00920231731072861,0.7035268019660662,0.9715621372373341,1.839152663654055,1.089091265868575,1.839152663654055,1.074340847688245,1.473336956237902,1.074340847688245,1.473336956237902,1.473336956237902,1.278240491494124,0.0,0.0,4.819603647710512,1.8296313522894885,3.1078718437836126,2.9913496189995436e-05,1.0148433984750613,0.9999999999999951,0.0,0.0,0.0,0.0,0.0,2.9913496189995436e-05,1.0148433984750613,2.39544485217393e-08,1.43258134646107e-05
6.663642,0.0,0.01971962,0.07428446,1.055981,0.0,1.2133083577325539,-0.1454411776159094,0.198035838764917,0.0,1.3306621097648668e-05,2.4158577190694035e-05,1.0114017038768235,-0.14520346844456128,0.19816892298092856,0.0,0.0,0.0,2.4158577190694035e-05,1.0114017038768235,0.0,0.0,0.0,0.0025491662554657317,2.8395828298289297e-05,1.0139357663458441,-0.1449803367041091,0.19829384585444396,0.011342982926495989,0.008812503779181684,0.7035267987774233,0.9715621326042176,1.839152664192984,1.089091265795626,1.839152664192984,1.839152664192984,1.595615599498012,0.0,0.0,4.8196036994869225,1.8340383005130778,3.4296539000110893,2.8371873849767574e-05,1.0139214405323813,0.9999999999999953,0.0,0.0,0.0,0.0,0.0,2.8371873849767574e-05,1.0139214405323813,2.3954448521724472e-08,1.432581346283435e-05,0.0,0.0026213781276235963,2.991633718759001e-05,1.0148450975165393,-0.14497648139643235,0.19829600429282718,0.011342982969527406,0.009068511604496461,0.7035268019660635,0.9715621372373291,1.839152663654056,1.089091265868575,1.839152663654056,1.074340847688245,1.473336956237903,1.074340847688245,1.473336956237903,1.473336956237903,1.2782404914941197,0.0,0.0,4.819603647710498,1.834038352289502,3.112278843783621,2.9892382739068274e-05,1.0148307717030751,0.9999999999999966,0.0,0.0,0.0,0.0,0.0,2.9892382739068274e-05,1.0148307717030751,2.3954448521734415e-08,1.4325813464665276e-05
6.67453,0.0,0.02078137,0.06376491,1.012202,0.0,1.1958458044610285,-0.0500363598404738,0.2789025355281878,0.0,1.3451947420163439e-05,2.410641398359281e-05,1.0113705079854252,-0.050087556051507366,0.27867799645222324,0.0,0.0,0.0,2.410641398359281e-05,1.0113705079854252,0.0,0.0,0.0,0.002458132825540856,2.834366509118804e-05,1.0139045704544454,-0.05007823203012945,0.2787188902430369,0.011342982926495857,0.008494810876237604,0.7035267987774145,0.9715621326042027,1.839152664192986,1.089091265795626,1.839152664192986,1.839152664192986,1.5956155994979926,0.0,0.0,4.819603699486864,1.8449263005131362,3.4405419000111297,2.8319710642666313e-05,1.0138902446409834,0.9999999999999957,0.0,0.0,0.0,0.0,0.0,2.8319710642666313e-05,1.0138902446409834,2.3954448521721465e-08,1.432581346216821e-05,0.0,0.0025277052809788937,2.986417398048871e-05,1.01481390162514,-0.05007825779928727,0.27871877722328975,0.011342982969527288,0.008741131340456914,0.7035268019660579,0.9715621372373167,1.839152663654057,1.089091265868575,1.839152663654057,1.074340847688244,1.473336956237904,1.074340847688244,1.473336956237904,1.473336956237904,1.2782404914941055,0.0,0.0,4.819603647710446,1.8449263522895543,3.1231668437836606,2.984021953196702e-05,1.014799575811677,0.9999999999999963,0.0,0.0,0.0,0.0,0.0,2.984021953196702e-05,1.014799575811677,2.3954448521686435e-08,1.4325813463307872e-05
6.683661,0.0,0.02146868,0.05711493,1.001587,0.0,1.1806512351144969,-0.0478950289989275,0.3424114574232762,0.0,1.3568786683247476e-05,2.406266836970222e-05,1.0113443461848775,-0.04793503873000116,0.3424426337180233,0.0,0.0,0.0,2.406266836970222e-05,1.0113443461848775,0.0,0.0,0.0,0.002384326167398103,2.8299919477297352e-05,1.013878408653899,-0.04797401272379716,0.3424730029478444,0.011342982926495746,0.008237884268956426,0.7035267987774084,0.9715621326041911,1.839152664192987,1.089091265795625,1.839152664192987,1.839152664192987,1.5956155994979788,0.0,0.0,4.819603699486816,1.854057300513184,3.4496729000111634,2.8275965028775646e-05,1.0138640828404362,0.9999999999999953,0.0,0.0,0.0,0.0,0.0,2.8275965028775646e-05,1.0138640828404362,2.395444852170376e-08,1.432581346283435e-05,0.0,0.0024517577029461372,2.9820428366598096e-05,1.0147877398245932,-0.04797467281582139,0.3424735173033013,0.011342982969527186,0.008476689258130216,0.7035268019660527,0.9715621372373048,1.839152663654058,1.0890912658685743,1.839152663654058,1.0743408476882432,1.473336956237905,1.0743408476882432,1.473336956237905,1.473336956237905,1.2782404914940928,0.0,0.0,4.819603647710402,1.8540573522895996,3.132297843783692,2.9796473918076363e-05,1.01477341401113,0.9999999999999966,0.0,0.0,0.0,0.0,0.0,2.9796473918076363e-05,1.01477341401113,2.3954448521730163e-08,1.4325813463856616e-05
6.691098,0.0,0.02192029,0.05343712,1.016872,0.0,1.167719071018801,-0.07090746005171077,0.3546955726167334,0.0,1.3660639295117056e-05,2.4027038522970782e-05,1.0113230379699318,-0.06815458447433988,0.35352283055669503,0.0,0.0,0.0,2.4027038522970782e-05,1.0113230379699318,0.0,0.0,0.0,0.0023258648388213344,2.8264289630565925e-05,1.0138571004389543,-0.06916711486484514,0.35395174779660304,0.01134298292649566,0.008033164340501256,0.703526798777403,0.971562132604182,1.839152664192988,1.089091265795625,1.839152664192988,1.839152664192988,1.595615599497969,0.0,0.0,4.819603699486785,1.8614943005132163,3.457109900011185,2.8240335182044213e-05,1.0138427746254903,0.9999999999999961,0.0,0.0,0.0,0.0,0.0,2.8240335182044213e-05,1.0138427746254903,2.39544485217122e-08,1.4325813463056534e-05,0.0,0.0023915967720306614,2.9784798519866598e-05,1.0147664316096474,-0.06916742228463942,0.3539518780224717,0.01134298296952711,0.008266569414588377,0.7035268019660474,0.9715621372372971,1.83915266365406,1.089091265868575,1.83915266365406,1.074340847688243,1.473336956237906,1.074340847688243,1.473336956237906,1.473336956237906,1.278240491494083,0.0,0.0,4.819603647710369,1.8614943522896312,3.139734843783715,2.9760844071344926e-05,1.0147521057961844,0.9999999999999968,0.0,0.0,0.0,0.0,0.0,2.9760844071344926e-05,1.0147521057961844,2.3954448521671543e-08,1.4325813463056461e-05
6.6940479999999996,0.0,0.02206985,0.05199908,1.023486,0.0,1.162475313607165,-0.06894111560631577,0.3538560124200664,0.0,1.3696221688541269e-05,2.4012905398342904e-05,1.0113145857399886,-0.06894079953337856,0.35385587852864653,0.0,0.0,0.0,2.4012905398342904e-05,1.0113145857399886,0.0,0.0,0.0,0.0023030741822596687,2.8250156505938023e-05,1.0138486482090092,-0.06896926191176857,0.35386793545542594,0.011342982926495614,0.007954435978735243,0.7035267987774005,0.9715621326041775,1.839152664192989,1.089091265795625,1.839152664192989,1.839152664192989,1.5956155994979624,0.0,0.0,4.819603699486769,1.86444430051323,3.4600599000111925,2.822620205741632e-05,1.0138343223955473,0.9999999999999957,0.0,0.0,0.0,0.0,0.0,2.822620205741632e-05,1.0138343223955473,2.3954448521700845e-08,1.432581346263638e-05,0.0,0.002368154016481644,2.9770665395238706e-05,1.014757979379704,-0.06896948377133717,0.3538680294371916,0.011342982969527082,0.008184688927564271,0.7035268019660456,0.9715621372372939,1.8391526636540598,1.089091265868575,1.8391526636540598,1.0743408476882421,1.4733369562379068,1.0743408476882421,1.4733369562379068,1.473336956237907,1.2782404914940793,0.0,0.0,4.8196036477103545,1.8644443522896448,3.142684843783724,2.9746710946717024e-05,1.0147436535662409,0.9999999999999964,0.0,0.0,0.0,0.0,0.0,2.9746710946717024e-05,1.0147436535662409,2.395444852167493e-08,1.4325813462858428e-05
6.703486,0.0,0.02248226,0.04731218,1.044963,0.0,1.1457086391081444,-0.07405347275167136,0.3638043199786646,0.0,1.3807190967927422e-05,2.3967688981313068e-05,1.0112875443344946,-0.0737101686337503,0.36386754142815636,0.0,0.0,0.0,2.3967688981313068e-05,1.0112875443344946,0.0,0.0,0.0,0.002231678032234595,2.8204940088908164e-05,1.0138216068035169,-0.07345652379947956,0.3639142515992305,0.011342982926495502,0.007705918566794345,0.7035267987773935,0.9715621326041652,1.83915266419299,1.089091265795625,1.83915266419299,1.83915266419299,1.5956155994979446,0.0,0.0,4.819603699486728,1.8738823005132732,3.4694979000112167,2.818098564038646e-05,1.0138072809900533,0.9999999999999953,0.0,0.0,0.0,0.0,0.0,2.818098564038646e-05,1.0138072809900533,2.3954448521703177e-08,1.4325813463315814e-05,0.0,0.0022946917354472337,2.9725448978208853e-05,1.014730937974211,-0.07345149737734102,0.3639151772440943,0.011342982969526962,0.007928869505587683,0.7035268019660388,0.9715621372372812,1.839152663654061,1.089091265868574,1.839152663654061,1.074340847688241,1.4733369562379086,1.074340847688241,1.4733369562379086,1.4733369562379086,1.278240491494069,0.0,0.0,4.819603647710312,1.8738823522896877,3.1521228437837565,2.9701494529687128e-05,1.0147166121607472,0.9999999999999967,0.0,0.0,0.0,0.0,0.0,2.9701494529687128e-05,1.0147166121607472,2.39544485217265e-08,1.4325813464117517e-05
6.725359,0.0,0.02325257,0.04841784,1.092353,0.0,1.1102948238026924,0.05420821424510648,0.4022498579308297,0.0,1.4047318384820562e-05,2.3862897850809352e-05,1.0112248746309176,0.05420758240294629,0.40225047677504117,0.0,0.0,0.0,2.3862897850809352e-05,1.0112248746309176,0.0,0.0,0.0,0.0020746752490003,2.8100148958404366e-05,1.0137589370999394,0.054215534639023455,0.4022426881284854,0.011342982926495285,0.007158432312389103,0.7035267987773773,0.9715621326041417,1.839152664192993,1.089091265795625,1.839152664192993,1.839152664192993,1.5956155994979084,0.0,0.0,4.819603699486618,1.8957553005133818,3.4913709000112907,2.8076194509882654e-05,1.0137446112864763,0.9999999999999951,0.0,0.0,0.0,0.0,0.0,2.8076194509882654e-05,1.0137446112864763,2.3954448521717438e-08,1.432581346275467e-05,0.0,0.002133158479643868,2.962065784770499e-05,1.014668268270634,0.054215573500771455,0.4022426500661823,0.011342982969526709,0.00736479476781171,0.7035268019660245,0.971562137237254,1.8391526636540645,1.089091265868574,1.8391526636540645,1.074340847688239,1.473336956237911,1.074340847688239,1.473336956237911,1.473336956237911,1.2782404914940408,0.0,0.0,4.819603647710192,1.895755352289809,3.1739958437838496,2.9596703399183225e-05,1.0146539424571694,0.9999999999999962,0.0,0.0,0.0,0.0,0.0,2.9596703399183225e-05,1.0146539424571694,2.395444852176238e-08,1.43258134646107e-05
6.730465,0.0,0.02346238,0.0537568,1.052094,0.0,1.102339453171804,0.042822153443202816,0.4143806748519914,0.0,1.4100200893356797e-05,2.3838435567978835e-05,1.0112102451102083,0.04401197794132972,0.41311819659403476,0.0,0.0,0.0,2.3838435567978835e-05,1.0112102451102083,0.0,0.0,0.0,0.002039656874163941,2.807568667557383e-05,1.0137443075792314,0.04390716412600208,0.41323471241450804,0.01134298292649523,0.007035732516167834,0.703526798777374,0.9715621326041356,1.839152664192993,1.089091265795624,1.839152664192993,1.839152664192993,1.5956155994979002,0.0,0.0,4.819603699486601,1.9008613005133985,3.4964769000112974,2.8051732227052157e-05,1.0137299817657675,0.9999999999999961,0.0,0.0,0.0,0.0,0.0,2.8051732227052157e-05,1.0137299817657675,2.395444852167212e-08,1.4325813463760472e-05,0.0,0.0020971203822401467,2.959619556487448e-05,1.014653638749925,0.043909050259493314,0.413232615702442,0.011342982969526672,0.007239499018974316,0.7035268019660219,0.97156213723725,1.839152663654065,1.089091265868574,1.839152663654065,1.074340847688239,1.473336956237912,1.074340847688239,1.473336956237912,1.473336956237912,1.278240491494034,0.0,0.0,4.819603647710172,1.9008613522898274,3.1791018437838616,2.957224111635271e-05,1.0146393129364608,0.9999999999999962,0.0,0.0,0.0,0.0,0.0,2.957224111635271e-05,1.0146393129364608,2.395444852176922e-08,1.432581346412867e-05
6.73975,0.0,0.02390901,0.05332479,1.021438,0.0,1.0876608151194793,0.03255321435123157,0.42126583304114956,0.0,1.4193179619959436e-05,2.379395215707378e-05,1.0111836420746079,0.030782685983386997,0.42256082359329644,0.0,0.0,0.0,2.379395215707378e-05,1.0111836420746079,0.0,0.0,0.0,0.001977505006674848,2.8031203264668745e-05,1.0137177045436299,0.03203319454220882,0.42114832700870647,0.01134298292649511,0.006819099984311293,0.7035267987773676,0.971562132604123,1.839152664192995,1.089091265795624,1.839152664192995,1.839152664192995,1.595615599497885,0.0,0.0,4.8196036994865565,1.910146300513444,3.505761900011329,2.800724881614703e-05,1.013703378730166,0.9999999999999957,0.0,0.0,0.0,0.0,0.0,2.800724881614703e-05,1.013703378730166,2.395444852171561e-08,1.4325813464092325e-05,0.0,0.002033184837458326,2.9551712153969316e-05,1.014627035714324,0.032036971355184664,0.4211440609559943,0.01134298296952656,0.0070157593781067125,0.7035268019660161,0.9715621372372375,1.839152663654066,1.089091265868573,1.839152663654066,1.074340847688238,1.473336956237913,1.074340847688238,1.473336956237913,1.473336956237913,1.2782404914940217,0.0,0.0,4.819603647710135,1.9101463522898652,3.188386843783885,2.952775770544762e-05,1.0146127099008593,0.9999999999999948,0.0,0.0,0.0,0.0,0.0,2.952775770544762e-05,1.0146127099008593,2.3954448521698658e-08,1.4325813465203354e-05
6.747272,0.0,0.0242439,0.05138142,1.032243,0.0,1.0755777255445012,0.03164540185638983,0.4215863534743263,0.0,1.4265639731069001e-05,2.375791508471751e-05,1.011162090320833,0.03164543601130865,0.42158631489505716,0.0,0.0,0.0,2.375791508471751e-05,1.011162090320833,0.0,0.0,0.0,0.001928560365440392,2.7995166192312457e-05,1.0136961527898547,0.03164507737294208,0.4215867199906198,0.011342982926495021,0.006648349701307847,0.7035267987773619,0.9715621326041134,1.839152664192996,1.089091265795624,1.839152664192996,1.839152664192996,1.5956155994978711,0.0,0.0,4.819603699486522,1.9176683005134783,3.5132839000113485,2.7971211743790738e-05,1.0136818269763908,0.999999999999995,0.0,0.0,0.0,0.0,0.0,2.7971211743790738e-05,1.0136818269763908,2.3954448521711545e-08,1.432581346394457e-05,0.0,0.001982834884793967,2.9515675081613018e-05,1.0146054839605478,0.03164506225668094,0.421586737065007,0.011342982969526481,0.006839540454668901,0.7035268019660111,0.9715621372372292,1.839152663654067,1.089091265868573,1.839152663654067,1.074340847688238,1.473336956237914,1.074340847688238,1.473336956237914,1.473336956237914,1.2782404914940122,0.0,0.0,4.819603647710097,1.9176683522899036,3.1959088437839167,2.949172063309128e-05,1.0145911581470848,0.9999999999999957,0.0,0.0,0.0,0.0,0.0,2.949172063309128e-05,1.0145911581470848,2.395444852174028e-08,1.4325813463765502e-05
6.750799,0.0,0.02438415,0.0505357,1.039123,0.0,1.069881655151232,0.02554862087012669,0.434557283284376,0.0,1.4298698447936446e-05,2.3741017616730196e-05,1.011151984892016,0.02538085875453427,0.43269875760804627,0.0,0.0,0.0,2.3741017616730196e-05,1.011151984892016,0.0,0.0,0.0,0.0019060332957142358,2.7978268724325136e-05,1.0136860473610378,0.025420909441712117,0.4331424527188991,0.011342982926494985,0.00657014135548519,0.7035267987773601,0.9715621326041093,1.839152664192997,1.089091265795624,1.839152664192997,1.839152664192997,1.5956155994978665,0.0,0.0,4.819603699486508,1.921195300513492,3.516810900011358,2.795431427580342e-05,1.013671721547574,0.9999999999999961,0.0,0.0,0.0,0.0,0.0,2.795431427580342e-05,1.013671721547574,2.395444852171567e-08,1.432581346416661e-05,0.0,0.0019596503696357164,2.9498777613625754e-05,1.0145953785317325,0.02542080327157816,0.4331412765301077,0.01134298296952646,0.00675992524727591,0.7035268019660094,0.9715621372372271,1.839152663654068,1.089091265868573,1.839152663654068,1.074340847688237,1.4733369562379144,1.074340847688237,1.4733369562379144,1.4733369562379144,1.2782404914940095,0.0,0.0,4.819603647710087,1.9211953522899134,3.1994358437839234,2.9474823165103964e-05,1.0145810527182675,0.9999999999999966,0.0,0.0,0.0,0.0,0.0,2.9474823165103964e-05,1.0145810527182675,2.3954448521789863e-08,1.432581346549888e-05
6.75968,0.0,0.02469104,0.04836853,1.05662,0.0,1.0554930935816238,0.045858235418058876,0.44867908178544796,0.0,1.4379865872881916e-05,2.369846972526566e-05,1.0111265393821423,0.055347142427023,0.45273675154246096,0.0,0.0,0.0,2.369846972526566e-05,1.0111265393821423,0.0,0.0,0.0,0.0018504820821162382,2.793572083286059e-05,1.0136606018511654,0.04766801613818343,0.44945298466888206,0.01134298292649488,0.006376442098110373,0.703526798777353,0.9715621326040981,1.839152664192998,1.089091265795624,1.839152664192998,1.839152664192998,1.595615599497852,0.0,0.0,4.819603699486465,1.9300763005135355,3.5256919000113864,2.7911766384338872e-05,1.0136462760377003,0.9999999999999958,0.0,0.0,0.0,0.0,0.0,2.7911766384338872e-05,1.0136462760377003,2.3954448521722633e-08,1.4325813465481032e-05,0.0,0.0019025078240287913,2.9456229722161145e-05,1.0145699330218592,0.047646767647595734,0.44944389833706777,0.01134298296952636,0.006559957483058302,0.7035268019660027,0.9715621372372159,1.839152663654069,1.089091265868573,1.839152663654069,1.074340847688236,1.473336956237916,1.074340847688236,1.473336956237916,1.473336956237916,1.278240491493998,0.0,0.0,4.819603647710041,1.9300763522899604,3.2083168437839586,2.9432275273639385e-05,1.0145556072083932,0.999999999999995,0.0,0.0,0.0,0.0,0.0,2.9432275273639385e-05,1.0145556072083932,2.395444852175936e-08,1.4325813465507803e-05
6.774998,0.0,0.025066,0.0445168,1.087763,0.0,1.030596243377179,0.08074042677364801,0.5394872520406017,0.0,1.4511902089566019e-05,2.3625082876774127e-05,1.0110826508200157,0.08073774554743293,0.5394720326716776,0.0,0.0,0.0,2.3625082876774127e-05,1.0110826508200157,0.0,0.0,0.0,0.001758485998520282,2.786233398436894e-05,1.0136167132890352,0.08071678300332247,0.5393530435723427,0.011342982926494683,0.006056562473906192,0.7035267987773426,0.971562132604077,1.839152664193,1.0890912657956233,1.839152664193,1.839152664193,1.5956155994978238,0.0,0.0,4.819603699486386,1.945394300513613,3.5410099000114372,2.7838379535847242e-05,1.0136023874755733,0.9999999999999957,0.0,0.0,0.0,0.0,0.0,2.7838379535847242e-05,1.0136023874755733,2.395444852169469e-08,1.4325813462108955e-05,0.0,0.0018078726772082622,2.93828428736695e-05,1.0145260444597297,0.08071673102868963,0.5393527485501951,0.011342982969526193,0.00623026831758525,0.7035268019659936,0.9715621372371981,1.839152663654071,1.089091265868573,1.839152663654071,1.074340847688235,1.473336956237918,1.074340847688235,1.473336956237918,1.473336956237918,1.2782404914939829,0.0,0.0,4.8196036477099735,1.9453943522900268,3.2236348437840094,2.9358888425147756e-05,1.0145117186462667,0.9999999999999963,0.0,0.0,0.0,0.0,0.0,2.9358888425147756e-05,1.0145117186462667,2.3954448521738395e-08,1.4325813463219174e-05
6.7833309999999996,0.0,0.02518837,0.04230108,1.10401,0.0,1.0153919027670708,0.10178359204164314,0.6904801081632861,0.0,1.4579932904447661e-05,2.3585160392867613e-05,1.011058775419297,0.10175504256329525,0.6905817724763434,0.0,0.0,0.0,2.3585160392867613e-05,1.011058775419297,0.0,0.0,0.0,0.0017103946052135644,2.7822411500462407e-05,1.0135928378883192,0.1017371481691231,0.6906454941762261,0.011342982926494563,0.005889336940889624,0.7035267987773363,0.9715621326040639,1.839152664193002,1.089091265795623,1.839152664193002,1.839152664193002,1.5956155994978105,0.0,0.0,4.819603699486347,1.9537273005136517,3.5493429000114625,2.7798457051940698e-05,1.0135785120748553,0.9999999999999953,0.0,0.0,0.0,0.0,0.0,2.7798457051940698e-05,1.0135785120748553,2.3954448521709034e-08,1.432581346404825e-05,0.0,0.0017583999232065974,2.9342920389762944e-05,1.014502169059014,0.10173675541550868,0.6906468927666282,0.01134298296952613,0.006058307551043118,0.7035268019659873,0.9715621372371911,1.839152663654072,1.089091265868573,1.839152663654072,1.074340847688234,1.473336956237919,1.074340847688234,1.473336956237919,1.473336956237919,1.2782404914939738,0.0,0.0,4.819603647709939,1.9537273522900616,3.231967843784035,2.9318965941241208e-05,1.0144878432455484,0.9999999999999967,0.0,0.0,0.0,0.0,0.0,2.9318965941241208e-05,1.0144878432455484,2.3954448521737717e-08,1.4325813465587883e-05
6.786664,0.0,0.02522131,0.04141919,1.110977,0.0,1.0089376428163432,0.10169632674984794,0.6907908587078659,0.0,1.4606416003651715e-05,2.3569192357482933e-05,1.0110492258320425,0.10169640891493734,0.6907905661190753,0.0,0.0,0.0,2.3569192357482933e-05,1.0110492258320425,0.0,0.0,0.0,0.001691531708127706,2.780644346507772e-05,1.0135832883010643,0.10169390047267732,0.6907994986486329,0.011342982926494516,0.005823069452270523,0.7035267987773337,0.9715621326040592,1.839152664193002,1.089091265795623,1.839152664193002,1.839152664193002,1.5956155994978054,0.0,0.0,4.819603699486329,1.9570603005136706,3.552675900011476,2.7782489016556e-05,1.0135689624876003,0.9999999999999951,0.0,0.0,0.0,0.0,0.0,2.7782489016556e-05,1.0135689624876003,2.3954448521720184e-08,1.432581346380201e-05,0.0,0.0017389999748847835,2.9326952354378257e-05,1.0144926194717583,0.10169392644852256,0.6907994061489934,0.011342982969526086,0.005989781373043547,0.7035268019659847,0.9715621372371871,1.839152663654072,1.089091265868573,1.839152663654072,1.074340847688234,1.47333695623792,1.074340847688234,1.47333695623792,1.47333695623792,1.2782404914939693,0.0,0.0,4.819603647709921,1.9570603522900787,3.2353008437840476,2.9302997905856518e-05,1.0144782936582935,0.9999999999999959,0.0,0.0,0.0,0.0,0.0,2.9302997905856518e-05,1.0144782936582935,2.395444852174608e-08,1.4325813464895829e-05
6.789331,0.0,0.02524087,0.04043595,1.109808,0.0,1.0037562544829106,0.09536690598349942,0.7120054837548722,0.0,1.4627387583551876e-05,2.355641505464139e-05,1.0110415844431409,0.09224454210469625,0.7200892939842632,0.0,0.0,0.0,2.355641505464139e-05,1.0110415844431409,0.0,0.0,0.0,0.001676597442259605,2.7793666162236186e-05,1.0135756469121626,0.09343392096386574,0.7173926779068639,0.01134298292649448,0.005770409824400875,0.703526798777332,0.9715621326040552,1.839152664193003,1.089091265795623,1.839152664193003,1.839152664193003,1.595615599497802,0.0,0.0,4.819603699486317,1.9597273005136833,3.5553429000114845,2.7769711713714426e-05,1.013561321098699,0.9999999999999951,0.0,0.0,0.0,0.0,0.0,2.7769711713714426e-05,1.013561321098699,2.395444852175996e-08,1.4325813463643924e-05,0.0,0.0017236357118597997,2.931417505153673e-05,1.0144849780828569,0.09343738989331446,0.717384812985733,0.01134298296952606,0.005935826722436788,0.7035268019659828,0.9715621372371838,1.839152663654073,1.089091265868573,1.839152663654073,1.074340847688233,1.47333695623792,1.074340847688233,1.47333695623792,1.47333695623792,1.278240491493966,0.0,0.0,4.819603647709912,1.9597273522900884,3.2379678437840536,2.929022060301496e-05,1.0144706522693918,0.9999999999999951,0.0,0.0,0.0,0.0,0.0,2.929022060301496e-05,1.0144706522693918,2.3954448521771324e-08,1.4325813465033184e-05
6.795780000000001,0.0,0.02525574,0.03539417,1.042315,0.0,0.9909549524636955,0.09320672455948187,0.717907788354696,0.0,1.4676543238931472e-05,2.3525518606937887e-05,1.0110231070089355,0.09320648155044226,0.7179083393162995,0.0,0.0,0.0,2.3525518606937887e-05,1.0110231070089355,0.0,0.0,0.0,0.0016410175514484622,2.7762769714532664e-05,1.0135571694779568,0.09320799234075733,0.7179049139809479,0.011342982926494405,0.005647365433358226,0.7035267987773259,0.971562132604047,1.839152664193004,1.089091265795623,1.839152664193004,1.839152664193004,1.5956155994977896,0.0,0.0,4.819603699486288,1.966176300513713,3.5617919000115026,2.7738815266010935e-05,1.0135428436644938,0.9999999999999957,0.0,0.0,0.0,0.0,0.0,2.7738815266010935e-05,1.0135428436644938,2.395444852172575e-08,1.432581346283435e-05,0.0,0.0016870387186774685,2.92832786038332e-05,1.0144665006486517,0.0932080350332031,0.7179048171866123,0.011342982969525987,0.005808905614186476,0.7035268019659793,0.9715621372371764,1.839152663654073,1.0890912658685723,1.839152663654073,1.074340847688233,1.473336956237921,1.074340847688233,1.473336956237921,1.473336956237921,1.2782404914939565,0.0,0.0,4.819603647709887,1.966176352290113,3.2444168437840686,2.9259324155311475e-05,1.0144521748351867,0.9999999999999961,0.0,0.0,0.0,0.0,0.0,2.9259324155311475e-05,1.0144521748351867,2.395444852172914e-08,1.4325813464718367e-05
6.8010790000000005,0.0,0.02523312,0.03193988,1.000469,0.0,0.980401664167027,0.08307352500330516,0.7397645328241979,0.0,1.4715951373455824e-05,2.350013168239437e-05,1.011007924511827,0.08436099339236391,0.737111630270338,0.0,0.0,0.0,2.350013168239437e-05,1.011007924511827,0.0,0.0,0.0,0.0016123590984797897,2.7737382789989195e-05,1.0135419869808486,0.0839001915146303,0.7380611390028646,0.01134298292649435,0.005546964188969807,0.7035267987773226,0.9715621326040412,1.839152664193004,1.089091265795623,1.839152664193004,1.839152664193004,1.59561559949778,0.0,0.0,4.819603699486254,1.9714753005137466,3.567090900011527,2.7713428341467416e-05,1.0135276611673847,0.9999999999999958,0.0,0.0,0.0,0.0,0.0,2.7713428341467416e-05,1.0135276611673847,2.3954448521776793e-08,1.4325813463729835e-05,0.0,0.0016575529629812612,2.925789167928969e-05,1.0144513181515415,0.0839001088290917,0.738061309381165,0.01134298296952594,0.005706261967238845,0.7035268019659747,0.9715621372371709,1.839152663654074,1.089091265868573,1.839152663654074,1.074340847688232,1.473336956237922,1.074340847688232,1.473336956237922,1.473336956237922,1.278240491493951,0.0,0.0,4.819603647709861,1.9714753522901398,3.2497158437840907,2.9233937230767966e-05,1.0144369923380785,0.9999999999999968,0.0,0.0,0.0,0.0,0.0,2.9233937230767966e-05,1.0144369923380785,2.395444852172903e-08,1.4325813463063693e-05
6.805537999999999,0.0,0.02519272,0.02941437,0.9731359,0.0,0.9714407807655056,0.08397078053979667,0.7379156862626418,0.0,1.4748274944248133e-05,2.3478769105202574e-05,1.01099514875138,0.08397035304634183,0.737916567137456,0.0,0.0,0.0,2.3478769105202574e-05,1.01099514875138,0.0,0.0,0.0,0.0015886367621497643,2.771602021279735e-05,1.0135292112204002,0.08397502510817102,0.7379069400857448,0.01134298292649429,0.005464847341566651,0.7035267987773189,0.9715621326040348,1.839152664193005,1.089091265795623,1.839152664193005,1.839152664193005,1.5956155994977717,0.0,0.0,4.819603699486229,1.9759343005137706,3.5715499000115423,2.7692065764275602e-05,1.0135148854069382,0.9999999999999951,0.0,0.0,0.0,0.0,0.0,2.7692065764275602e-05,1.0135148854069382,2.395444852175285e-08,1.432581346216821e-05,0.0,0.00163315902982877,2.9236529102097895e-05,1.014438542391095,0.08397506409918536,0.7379068597425206,0.011342982969525892,0.005621022357096959,0.7035268019659713,0.971562137237166,1.8391526636540747,1.0890912658685723,1.8391526636540747,1.074340847688232,1.473336956237923,1.074340847688232,1.473336956237923,1.473336956237923,1.278240491493946,0.0,0.0,4.81960364770984,1.9759343522901591,3.2541748437841043,2.9212574653576156e-05,1.0144242165776314,0.9999999999999961,0.0,0.0,0.0,0.0,0.0,2.9212574653576156e-05,1.0144242165776314,2.395444852173345e-08,1.4325813463197738e-05
6.809105000000001,0.0,0.02514896,0.02839045,0.9723691,0.0,0.9642978521771355,0.07808522087562957,0.7507240155520175,0.0,1.4773826100626384e-05,2.3461680001627084e-05,1.0109849287160555,0.07515921556734013,0.7574859455039668,0.0,0.0,0.0,2.3461680001627084e-05,1.0109849287160555,0.0,0.0,0.0,0.001569917686612556,2.7698931109221844e-05,1.0135189911850766,0.0744201813608422,0.7591938363004306,0.01134298292649424,0.005398541049388617,0.7035267987773166,0.9715621326040291,1.839152664193006,1.089091265795623,1.839152664193006,1.839152664193006,1.595615599497765,0.0,0.0,4.819603699486209,1.9795013005137918,3.5751169000115555,2.7674976660700084e-05,1.0135046653716135,0.9999999999999952,0.0,0.0,0.0,0.0,0.0,2.7674976660700084e-05,1.0135046653716135,2.395444852175285e-08,1.4325813463526185e-05,0.0,0.001613904588826054,2.9219439998522384e-05,1.0144283223557713,0.07442090816441287,0.7591921566743483,0.01134298296952585,0.005552846410271394,0.7035268019659684,0.9715621372371617,1.839152663654075,1.089091265868572,1.839152663654075,1.074340847688231,1.473336956237923,1.074340847688231,1.473336956237923,1.473336956237923,1.278240491493941,0.0,0.0,4.819603647709826,1.979501352290175,3.2577418437841166,2.9195485550000652e-05,1.0144139965423062,0.9999999999999954,0.0,0.0,0.0,0.0,0.0,2.9195485550000652e-05,1.0144139965423062,2.3954448521733707e-08,1.4325813465003382e-05
6.8148979999999995,0.0,0.02505971,0.02671931,0.976056,0.0,0.952503073823468,0.07505036679335753,0.7577374924792714,0.0,1.4813887549449516e-05,2.343392637756966e-05,1.010968330828576,0.07505501484543235,0.7577267509394476,0.0,0.0,0.0,2.343392637756966e-05,1.010968330828576,0.0,0.0,0.0,0.0015399820277314563,2.7671177485164342e-05,1.0135023932975975,0.0750609801616489,0.7577129652329476,0.011342982926494171,0.005295280418873594,0.7035267987773123,0.9715621326040218,1.8391526641930063,1.0890912657956227,1.8391526641930063,1.8391526641930063,1.5956155994977541,0.0,0.0,4.819603699486186,1.9852943005138137,3.580909900011568,2.764722303664267e-05,1.0134880674841344,0.9999999999999957,0.0,0.0,0.0,0.0,0.0,2.764722303664267e-05,1.0134880674841344,2.3954448521676003e-08,1.4325813462764058e-05,0.0,0.0015831130482052036,2.9191686374464957e-05,1.014411724468292,0.07506099857746372,0.7577129226744294,0.011342982969525791,0.0054465083247757316,0.7035268019659648,0.9715621372371549,1.839152663654076,1.089091265868572,1.839152663654076,1.074340847688231,1.473336956237924,1.074340847688231,1.473336956237924,1.473336956237924,1.2782404914939351,0.0,0.0,4.819603647709804,1.9852943522901965,3.263534843784132,2.916773192594322e-05,1.014397398654828,0.9999999999999963,0.0,0.0,0.0,0.0,0.0,2.916773192594322e-05,1.014397398654828,2.395444852174037e-08,1.4325813464026033e-05
6.820475,0.0,0.02495047,0.02509613,0.9880831,0.0,0.941156263129657,0.06505245359666302,0.7798703084605987,0.0,1.485165519857556e-05,2.3407207585688386e-05,1.0109523518162393,0.06572291651191661,0.77740785311218,0.0,0.0,0.0,2.3407207585688386e-05,1.0109523518162393,0.0,0.0,0.0,0.0015117107392564277,2.7644458693283082e-05,1.0134864142852607,0.06565782643272514,0.7776469139311867,0.011342982926494112,0.005196353999905675,0.7035267987773095,0.9715621326040156,1.839152664193007,1.089091265795623,1.839152664193007,1.839152664193007,1.595615599497747,0.0,0.0,4.81960369948616,1.9908713005138396,3.586486900011587,2.762050424476137e-05,1.0134720884717976,0.9999999999999957,0.0,0.0,0.0,0.0,0.0,2.762050424476137e-05,1.0134720884717976,2.3954448521713587e-08,1.432581346286468e-05,0.0,0.001554027460432826,2.916496758258367e-05,1.0143957454559558,0.06565889046827036,0.77764300597452,0.01134298296952572,0.005345409532815503,0.7035268019659612,0.9715621372371469,1.839152663654077,1.089091265868572,1.839152663654077,1.074340847688231,1.473336956237925,1.074340847688231,1.473336956237925,1.473336956237925,1.27824049149393,0.0,0.0,4.819603647709769,1.9908713522902306,3.269111843784161,2.914101313406187e-05,1.0143814196424907,0.9999999999999962,0.0,0.0,0.0,0.0,0.0,2.914101313406187e-05,1.0143814196424907,2.395444852179844e-08,1.432581346483275e-05
6.824014,0.0,0.02487597,0.02573152,0.9932862,0.0,0.9338710714181763,0.06579495514896568,0.777143271845926,0.0,1.4874906996315645e-05,2.33902526270246e-05,1.01094221200547,0.06579413401482707,0.7771462876818587,0.0,0.0,0.0,2.33902526270246e-05,1.01094221200547,0.0,0.0,0.0,0.0014940426811363855,2.7627503734619282e-05,1.0134762744744907,0.0657862650813037,0.7771751884562345,0.011342982926494072,0.0051352829255135075,0.7035267987773065,0.9715621326040113,1.839152664193008,1.089091265795623,1.839152664193008,1.839152664193008,1.5956155994977395,0.0,0.0,4.819603699486138,1.9944103005138627,3.5900259000116015,2.7603549286097573e-05,1.013461948661028,0.9999999999999952,0.0,0.0,0.0,0.0,0.0,2.7603549286097573e-05,1.013461948661028,2.3954448521706695e-08,1.4325813462806495e-05,0.0,0.00153586107853051,2.9148012623919863e-05,1.0143856056451857,0.06578619574027159,0.7771754431298209,0.011342982969525673,0.005281880796332254,0.7035268019659586,0.9715621372371426,1.839152663654077,1.089091265868572,1.839152663654077,1.07434084768823,1.473336956237925,1.07434084768823,1.473336956237925,1.473336956237925,1.2782404914939254,0.0,0.0,4.819603647709752,1.9944103522902488,3.272650843784174,2.912405817539808e-05,1.0143712798317215,0.9999999999999966,0.0,0.0,0.0,0.0,0.0,2.912405817539808e-05,1.0143712798317215,2.3954448521787176e-08,1.432581346447222e-05
6.832347,0.0,0.02472419,0.02757002,1.004025,0.0,0.9167823274799727,0.07093162163560593,0.8010148455070109,0.0,1.4928260115791975e-05,2.335033014311806e-05,1.0109183366047516,0.07037197611160735,0.8004745924035472,0.0,0.0,0.0,2.335033014311806e-05,1.0109183366047516,0.0,0.0,0.0,0.0014532601879539348,2.7587581250712697e-05,1.013452399073772,0.07085827103483464,0.800944036596712,0.011342982926493968,0.004993846834979237,0.7035267987772987,0.971562132604,1.839152664193009,1.089091265795622,1.839152664193009,1.839152664193009,1.5956155994977268,0.0,0.0,4.8196036994861,2.002743300513901,3.598358900011629,2.756362680219101e-05,1.01343807326031,0.9999999999999959,0.0,0.0,0.0,0.0,0.0,2.756362680219101e-05,1.01343807326031,2.395444852168495e-08,1.432581346216821e-05,0.0,0.0014939130987159774,2.910809014001327e-05,1.0143617302444687,0.07086165652507329,0.800947304775461,0.01134298296952557,0.00513649956457918,0.7035268019659522,0.9715621372371311,1.839152663654078,1.089091265868572,1.839152663654078,1.074340847688229,1.473336956237927,1.074340847688229,1.473336956237927,1.473336956237926,1.2782404914939167,0.0,0.0,4.819603647709711,2.002743352290291,3.280983843784207,2.9084135691491502e-05,1.0143474044310028,0.9999999999999969,0.0,0.0,0.0,0.0,0.0,2.9084135691491502e-05,1.0143474044310028,2.3954448521769243e-08,1.4325813465906503e-05
6.845662,0.0,0.02449274,0.02648865,1.015281,0.0,0.8897377279618525,0.09153484204813336,0.8304570124453242,0.0,1.5008787874890335e-05,2.3286539446704358e-05,1.0108801869634987,0.0915349873201959,0.8304578780145225,0.0,0.0,0.0,2.3286539446704358e-05,1.0108801869634987,0.0,0.0,0.0,0.0013904453546682222,2.752379055429898e-05,1.0134142494325187,0.09153366752873583,0.8304500143495075,0.011342982926493815,0.004774444930822823,0.7035267987772886,0.9715621326039835,1.839152664193011,1.089091265795622,1.839152664193011,1.839152664193011,1.5956155994977022,0.0,0.0,4.819603699486037,2.016058300513963,3.6116739000116653,2.7499836105777287e-05,1.0133999236190565,0.9999999999999951,0.0,0.0,0.0,0.0,0.0,2.7499836105777287e-05,1.0133999236190565,2.395444852168945e-08,1.4325813462457192e-05,0.0,0.001429312401972807,2.9044299443599462e-05,1.0143235806032143,0.09153364947620984,0.8304499067878045,0.011342982969525418,0.00491028803050388,0.7035268019659423,0.9715621372371152,1.8391526636540807,1.089091265868572,1.8391526636540807,1.074340847688228,1.4733369562379286,1.074340847688228,1.4733369562379286,1.4733369562379286,1.2782404914938978,0.0,0.0,4.819603647709651,2.0160583522903495,3.2942988437842473,2.9020344995077756e-05,1.0143092547897494,0.9999999999999961,0.0,0.0,0.0,0.0,0.0,2.9020344995077756e-05,1.0143092547897494,2.3954448521710156e-08,1.4325813464233545e-05
6.866926,0.0,0.0239791,0.02190657,1.040745,0.0,0.8466546964747487,0.08196106949398729,0.8732477021240059,0.0,1.5126172101769517e-05,2.3184665968030556e-05,1.010819262144001,0.08196111875953148,0.8732475531472279,0.0,0.0,0.0,2.3184665968030556e-05,1.010819262144001,0.0,0.0,0.0,0.0012957732536482897,2.7421917075625188e-05,1.0133533246130222,0.0819598343494929,0.8732514371451071,0.011342982926493567,0.004444306713111675,0.7035267987772734,0.971562132603957,1.839152664193014,1.089091265795622,1.839152664193014,1.839152664193014,1.5956155994976728,0.0,0.0,4.819603699485941,2.0373223005140595,3.6329379000117323,2.739796262710347e-05,1.0133389987995591,0.999999999999995,0.0,0.0,0.0,0.0,0.0,2.739796262710347e-05,1.0133389987995591,2.3954448521719605e-08,1.432581346305639e-05,0.0,0.0013319482633617743,2.89424259649257e-05,1.0142626557837162,0.08195984160446292,0.8732514152064059,0.011342982969525168,0.004570454730531581,0.7035268019659294,0.971562137237088,1.839152663654084,1.089091265868571,1.839152663654084,1.074340847688226,1.473336956237931,1.074340847688226,1.473336956237931,1.473336956237931,1.278240491493871,0.0,0.0,4.819603647709561,2.037322352290439,3.3155628437843103,2.891847151640395e-05,1.0142483299702516,0.9999999999999958,0.0,0.0,0.0,0.0,0.0,2.891847151640395e-05,1.0142483299702516,2.3954448521750095e-08,1.4325813464207882e-05
6.8855699999999995,0.0,0.02334032,0.01779921,1.064964,0.0,0.8084985293965686,0.07240203252650812,0.9208136516898497,0.0,1.521809929392782e-05,2.3095344620382288e-05,1.0107658440507579,0.07240194892383307,0.9208151199724227,0.0,0.0,0.0,2.3095344620382288e-05,1.0107658440507579,0.0,0.0,0.0,0.0012181618589058385,2.7332595727976842e-05,1.0132999065197794,0.07240282901864006,0.920799663195868,0.011342982926493321,0.004174390823764918,0.7035267987772617,0.9715621326039305,1.839152664193017,1.089091265795621,1.839152664193017,1.839152664193017,1.595615599497643,0.0,0.0,4.819603699485859,2.055966300514141,3.651581900011784,2.7308641279455143e-05,1.0132855807063161,0.9999999999999951,0.0,0.0,0.0,0.0,0.0,2.7308641279455143e-05,1.0132855807063161,2.3954448521698357e-08,1.432581346320129e-05,0.0,0.0012521341126700656,2.8853104617277287e-05,1.0142092376904743,0.07240283724620734,0.9207995186981749,0.011342982969524941,0.004292650337361021,0.7035268019659177,0.9715621372370637,1.8391526636540867,1.089091265868571,1.8391526636540867,1.074340847688224,1.473336956237934,1.074340847688224,1.473336956237934,1.473336956237934,1.2782404914938528,0.0,0.0,4.819603647709474,2.055966352290525,3.334206843784378,2.8829150168755548e-05,1.0141949118770088,0.9999999999999961,0.0,0.0,0.0,0.0,0.0,2.8829150168755548e-05,1.0141949118770088,2.39544485217393e-08,1.43258134646201e-05
6.8938109999999995,0.0,0.02300331,0.01585671,1.073327,0.0,0.7917136221334894,0.08601482723966491,0.9487544729946051,0.0,1.5255734843636118e-05,2.305586289832858e-05,1.0107422322450077,0.08603934956780467,0.9487821576634966,0.0,0.0,0.0,2.305586289832858e-05,1.0107422322450077,0.0,0.0,0.0,0.0011853761542528032,2.7293114005923084e-05,1.0132762947140284,0.08607505668929386,0.9488224694899215,0.011342982926493245,0.00406025772643015,0.7035267987772553,0.9715621326039217,1.839152664193018,1.089091265795621,1.839152664193018,1.839152664193018,1.5956155994976258,0.0,0.0,4.819603699485809,2.0642073005141914,3.659822900011817,2.726915955740135e-05,1.0132619689005655,0.9999999999999957,0.0,0.0,0.0,0.0,0.0,2.726915955740135e-05,1.0132619689005655,2.3954448521724668e-08,1.432581346211782e-05,0.0,0.001218417927392681,2.8813622895223516e-05,1.0141856258847242,0.0860755545539479,0.9488230315580097,0.011342982969524847,0.004175310583445553,0.7035268019659126,0.9715621372370534,1.839152663654088,1.089091265868571,1.839152663654088,1.0743408476882232,1.473336956237935,1.0743408476882232,1.473336956237935,1.473336956237935,1.2782404914938457,0.0,0.0,4.819603647709438,2.0642073522905617,3.3424478437844076,2.8789668446701777e-05,1.0141713000712582,0.9999999999999966,0.0,0.0,0.0,0.0,0.0,2.8789668446701777e-05,1.0141713000712582,2.3954448521744996e-08,1.4325813465155573e-05
6.900404,0.0,0.02271032,0.01410025,1.070906,0.0,0.7784143373857221,0.08883777353527585,0.9801823975253183,0.0,1.5284638605326624e-05,2.302427656250764e-05,1.0107233422273745,0.08913172956559566,0.9758255736671537,0.0,0.0,0.0,2.302427656250764e-05,1.0107233422273745,0.0,0.0,0.0,0.0011597953768734488,2.726152767010216e-05,1.0132574046963978,0.08911764728362384,0.9760342920322961,0.011342982926493163,0.003970718883499242,0.7035267987772518,0.9715621326039134,1.839152664193019,1.089091265795621,1.839152664193019,1.839152664193019,1.5956155994976144,0.0,0.0,4.819603699485775,2.0708003005142253,3.6664159000118395,2.723757322158041e-05,1.0132430788829327,0.9999999999999957,0.0,0.0,0.0,0.0,0.0,2.723757322158041e-05,1.0132430788829327,2.3954448521751568e-08,1.432581346527684e-05,0.0,0.0011921086002255694,2.8782036559402597e-05,1.0141667358670907,0.08911820696186112,0.9760259968478276,0.011342982969524773,0.004083636888944129,0.7035268019659083,0.9715621372370455,1.839152663654089,1.089091265868571,1.839152663654089,1.074340847688223,1.473336956237936,1.074340847688223,1.473336956237936,1.473336956237936,1.278240491493838,0.0,0.0,4.819603647709411,2.0708003522905885,3.349040843784426,2.8758082110880847e-05,1.014152410053626,0.9999999999999961,0.0,0.0,0.0,0.0,0.0,2.8758082110880847e-05,1.014152410053626,2.3954448521753665e-08,1.43258134650237e-05
6.904122,0.0,0.02253682,0.01259724,1.04406,0.0,0.7708957070837201,0.08917799000411206,0.9751399317294861,0.0,1.530027697070894e-05,2.3006464034586777e-05,1.0107126895524832,0.08917895310893897,0.9751256572201894,0.0,0.0,0.0,2.3006464034586777e-05,1.0107126895524832,0.0,0.0,0.0,0.001145614561752232,2.7243715142181262e-05,1.013246752021505,0.08917557017222887,0.9751757968936398,0.011342982926493122,0.003921701594976372,0.7035267987772493,0.9715621326039088,1.83915266419302,1.089091265795621,1.83915266419302,1.83915266419302,1.5956155994976082,0.0,0.0,4.819603699485752,2.074518300514249,3.6701339000118574,2.7219760693659503e-05,1.013232426208041,0.9999999999999952,0.0,0.0,0.0,0.0,0.0,2.7219760693659503e-05,1.013232426208041,2.3954448521756967e-08,1.4325813463563935e-05,0.0,0.0011775312180707241,2.876422403148174e-05,1.014156083192199,0.08917555195671832,0.9751760668720131,0.011342982969524731,0.004032669877860605,0.7035268019659059,0.9715621372370412,1.839152663654089,1.089091265868571,1.839152663654089,1.074340847688223,1.473336956237936,1.074340847688223,1.473336956237936,1.473336956237936,1.2782404914938332,0.0,0.0,4.819603647709397,2.074518352290603,3.3527588437844353,2.874026958296e-05,1.0141417573787337,0.9999999999999964,0.0,0.0,0.0,0.0,0.0,2.874026958296e-05,1.0141417573787337,2.39544485217439e-08,1.432581346488034e-05
6.91053,0.0,0.02222585,0.01012785,1.000147,0.0,0.7579874076209817,0.08520685072449463,1.0091327323937158,0.0,1.5326682119702257e-05,2.297576401336116e-05,1.0106943295899482,0.08586774674808327,1.0073966524546616,0.0,0.0,0.0,2.297576401336116e-05,1.0106943295899482,0.0,0.0,0.0,0.001121593430384215,2.7213015120955627e-05,1.0132283920589695,0.0857835352759623,1.0076178640252709,0.01134298292649307,0.0038377509726202725,0.7035267987772462,0.9715621326039036,1.83915266419302,1.089091265795621,1.83915266419302,1.83915266419302,1.595615599497598,0.0,0.0,4.819603699485728,2.0809263005142733,3.676541900011871,2.7189060672433918e-05,1.0132140662455065,0.9999999999999961,0.0,0.0,0.0,0.0,0.0,2.7189060672433918e-05,1.0132140662455065,2.3954448521715678e-08,1.432581346327267e-05,0.0,0.001152826271586157,2.87335240102561e-05,1.0141377232296638,0.08578443974560356,1.0076154881120511,0.01134298296952465,0.003946762793120912,0.7035268019659026,0.9715621372370321,1.83915266365409,1.08909126586857,1.83915266365409,1.074340847688222,1.473336956237937,1.074340847688222,1.473336956237937,1.473336956237937,1.278240491493824,0.0,0.0,4.819603647709371,2.0809263522906285,3.359166843784452,2.870956956173438e-05,1.0141233974161996,0.9999999999999963,0.0,0.0,0.0,0.0,0.0,2.870956956173438e-05,1.0141233974161996,2.395444852172584e-08,1.432581346438866e-05
6.916313000000001,0.0,0.02193328,0.008594696,0.9852036,0.0,0.7462550766437502,0.08588928124663331,1.007340084387075,0.0,1.5349486998725e-05,2.2948058298200778e-05,1.0106777603540968,0.08588933772989968,1.0073399360135602,0.0,0.0,0.0,2.2948058298200778e-05,1.0106777603540968,0.0,0.0,0.0,0.0011003483454563126,2.7185309405795216e-05,1.0132118228231166,0.08588699139895878,1.0073460994915229,0.011342982926493,0.003764155411060032,0.7035267987772411,0.9715621326038959,1.839152664193021,1.089091265795621,1.839152664193021,1.839152664193021,1.595615599497586,0.0,0.0,4.819603699485691,2.08670930051431,3.6823249000118947,2.7161354957273484e-05,1.0131974970096547,0.9999999999999957,0.0,0.0,0.0,0.0,0.0,2.7161354957273484e-05,1.0131974970096547,2.3954448521729432e-08,1.4325813462621882e-05,0.0,0.001130986905706722,2.870581829509571e-05,1.0141211539938113,0.08588702202738945,1.0073460190349883,0.01134298296952457,0.0038703946112864708,0.7035268019658983,0.9715621372370237,1.839152663654091,1.08909126586857,1.839152663654091,1.074340847688221,1.473336956237938,1.074340847688221,1.473336956237938,1.473336956237938,1.278240491493816,0.0,0.0,4.819603647709346,2.0867093522906557,3.364949843784472,2.8681863846573977e-05,1.0141068281803474,0.999999999999996,0.0,0.0,0.0,0.0,0.0,2.8681863846573977e-05,1.0141068281803474,2.395444852173591e-08,1.4325813463732112e-05
6.92375,0.0,0.02153677,0.006615079,0.9869236,0.0,0.7312213386498162,0.08111121471281015,1.0254535624557546,0.0,1.5377664418470233e-05,2.2912428451469355e-05,1.0106564521391508,0.08110509375546722,1.025487006966913,0.0,0.0,0.0,2.2912428451469355e-05,1.0106564521391508,0.0,0.0,0.0,0.001073638555168764,2.7149679559063773e-05,1.0131905146081728,0.08109774296704512,1.0255271711947682,0.011342982926492917,0.0036711878046375578,0.7035267987772356,0.971562132603887,1.839152664193022,1.089091265795621,1.839152664193022,1.839152664193022,1.5956155994975758,0.0,0.0,4.819603699485664,2.094146300514337,3.6897619000119124,2.712572511054208e-05,1.0131761887947088,0.9999999999999953,0.0,0.0,0.0,0.0,0.0,2.712572511054208e-05,1.0131761887947088,2.3954448521693513e-08,1.4325813463227884e-05,0.0,0.0011035209106908146,2.8670188448364266e-05,1.0140998457788675,0.08109763102445855,1.0255277828417508,0.011342982969524495,0.003774879927997364,0.7035268019658927,0.9715621372370158,1.839152663654092,1.08909126586857,1.839152663654092,1.074340847688221,1.473336956237939,1.074340847688221,1.473336956237939,1.473336956237939,1.2782404914938077,0.0,0.0,4.819603647709312,2.0941463522906885,3.372386843784496,2.8646233999842537e-05,1.0140855199654015,0.9999999999999966,0.0,0.0,0.0,0.0,0.0,2.8646233999842537e-05,1.0140855199654015,2.3954448521724876e-08,1.4325813465391167e-05
6.9265669999999995,0.0,0.0213781,0.005916447,0.9881302,0.0,0.7255538517747279,0.08108213753232718,1.02561243827087,0.0,1.5388044630593782e-05,2.2898932515172157e-05,1.0106483809758458,0.08108218441751777,1.025612182093251,0.0,0.0,0.0,2.2898932515172157e-05,1.0106483809758458,0.0,0.0,0.0,0.00106369067374528,2.713618362276656e-05,1.0131824434448669,0.08108070151153376,1.0256202845946978,0.011342982926492887,0.003636378924649369,0.7035267987772335,0.9715621326038836,1.839152664193023,1.08909126579562,1.839152664193023,1.839152664193023,1.5956155994975711,0.0,0.0,4.819603699485648,2.0969633005143518,3.692578900011922,2.7112229174244856e-05,1.0131681176314038,0.9999999999999951,0.0,0.0,0.0,0.0,0.0,2.7112229174244856e-05,1.0131681176314038,2.395444852171248e-08,1.432581346350048e-05,0.0,0.001093294093706883,2.8656692512067034e-05,1.0140917746155613,0.08108071828609448,1.0256201929395938,0.011342982969524467,0.003738905726302523,0.7035268019658907,0.9715621372370125,1.839152663654092,1.08909126586857,1.839152663654092,1.0743408476882208,1.47333695623794,1.0743408476882208,1.47333695623794,1.47333695623794,1.2782404914938037,0.0,0.0,4.819603647709297,2.096963352290703,3.3752038437845076,2.8632738063545305e-05,1.0140774488020967,0.9999999999999959,0.0,0.0,0.0,0.0,0.0,2.8632738063545305e-05,1.0140774488020967,2.395444852173253e-08,1.4325813464670865e-05
6.93558,0.0,0.02085395,0.003792475,0.9922996,0.0,0.7074982751788585,0.07561438524667266,1.037351897909372,0.0,1.5419794596092296e-05,2.2855752226266625e-05,1.0106225572644965,0.07561413363810493,1.0373521310830927,0.0,0.0,0.0,2.2855752226266625e-05,1.0106225572644965,0.0,0.0,0.0,0.0010324980196446836,2.7093003333860995e-05,1.0131566197335176,0.07561674847087092,1.0373497078337925,0.011342982926492787,0.0035278939723054482,0.7035267987772272,0.9715621326038726,1.839152664193024,1.08909126579562,1.839152664193024,1.839152664193024,1.595615599497554,0.0,0.0,4.819603699485594,2.105976300514405,3.7015919000119597,2.706904888533928e-05,1.0131422939200543,0.9999999999999957,0.0,0.0,0.0,0.0,0.0,2.706904888533928e-05,1.0131422939200543,2.395444852171433e-08,1.4325813463424444e-05,0.0,0.0010612212164904484,2.8613512223161546e-05,1.0140659509042114,0.075616773839727,1.0373496843236603,0.011342982969524367,0.0036272885658271375,0.7035268019658859,0.9715621372370017,1.839152663654094,1.08909126586857,1.839152663654094,1.07434084768822,1.473336956237941,1.07434084768822,1.473336956237941,1.473336956237941,1.2782404914937946,0.0,0.0,4.819603647709267,2.105976352290733,3.384216843784527,2.8589557774639807e-05,1.0140516250907472,0.9999999999999961,0.0,0.0,0.0,0.0,0.0,2.8589557774639807e-05,1.0140516250907472,2.3954448521734753e-08,1.4325813463868534e-05
6.956809,0.0,0.0198687,0.01413277,1.013927,0.0,0.6673702861166407,0.05912216299181483,0.9911852170201767,0.0,1.5487518933324862e-05,2.275404642873253e-05,1.010561732725693,0.05912220261359173,0.9911850327209005,0.0,0.0,0.0,2.275404642873253e-05,1.010561732725693,0.0,0.0,0.0,0.0009626515262751008,2.699129753632679e-05,1.0130957951947153,0.059121077010636146,0.9911902684227333,0.011342982926492514,0.0032845052841396064,0.7035267987772117,0.9715621326038435,1.8391526641930274,1.08909126579562,1.8391526641930274,1.8391526641930274,1.59561559949752,0.0,0.0,4.819603699485486,2.1272053005145137,3.7228209000120343,2.6967343087805078e-05,1.013081469381251,0.9999999999999957,0.0,0.0,0.0,0.0,0.0,2.6967343087805078e-05,1.013081469381251,2.3954448521712118e-08,1.4325813464058257e-05,0.0,0.0009894082291917181,2.851180642562738e-05,1.0140051263654082,0.05912108635389244,0.9911902249629114,0.011342982969524126,0.0033768096720357544,0.7035268019658732,0.9715621372369754,1.839152663654097,1.089091265868569,1.839152663654097,1.074340847688218,1.4733369562379435,1.074340847688218,1.4733369562379435,1.4733369562379435,1.2782404914937706,0.0,0.0,4.819603647709169,2.1272053522908307,3.4054458437846016,2.848785197710561e-05,1.0139908005519442,0.9999999999999959,0.0,0.0,0.0,0.0,0.0,2.848785197710561e-05,1.0139908005519442,2.395444852177169e-08,1.4325813463836216e-05
6.97567,0.0,0.01927454,0.01462417,1.023518,0.0,0.6323271783647895,0.04946282161024562,1.0358012557200527,0.0,1.5539413196421226e-05,2.2663685458018396e-05,1.0105076928921461,0.04946264676216061,1.035802045250954,0.0,0.0,0.0,2.2663685458018396e-05,1.0105076928921461,0.0,0.0,0.0,0.0009046464245545838,2.6900936565612607e-05,1.013041755361166,0.04946420886268776,1.0357949915469458,0.011342982926492268,0.003082823097311407,0.7035267987771968,0.9715621326038172,1.8391526641930307,1.08909126579562,1.8391526641930307,1.8391526641930307,1.595615599497488,0.0,0.0,4.8196036994853975,2.1460663005146015,3.7416819000120904,2.687698211709088e-05,1.013027429547704,0.9999999999999957,0.0,0.0,0.0,0.0,0.0,2.687698211709088e-05,1.013027429547704,2.3954448521729505e-08,1.4325813462258168e-05,0.0,0.0009297731389528806,2.8421445454913087e-05,1.0139510865318628,0.049464231063612425,1.0357948912981148,0.011342982969523905,0.0031692875474099314,0.7035268019658616,0.9715621372369518,1.8391526636541,1.089091265868569,1.8391526636541,1.0743408476882161,1.473336956237946,1.0743408476882161,1.473336956237946,1.473336956237946,1.2782404914937489,0.0,0.0,4.819603647709075,2.1460663522909256,3.4243068437846755,2.839749100639133e-05,1.013936760718397,0.9999999999999961,0.0,0.0,0.0,0.0,0.0,2.839749100639133e-05,1.013936760718397,2.395444852175624e-08,1.4325813466075061e-05
6.994864,0.0,0.01868495,0.01354421,1.033979,0.0,0.5973462291769457,0.05320341078453604,1.0593848033424202,0.0,1.5584952043845772e-05,2.257172912103272e-05,1.0104526989594225,0.05319743554915893,1.0594360480854048,0.0,0.0,0.0,2.257172912103272e-05,1.0104526989594225,0.0,0.0,0.0,0.000849276061895769,2.6808980228626846e-05,1.0129867614284431,0.05319221997467125,1.0594807778336566,0.011342982926492032,0.002890059317958048,0.7035267987771843,0.9715621326037912,1.8391526641930331,1.089091265795619,1.8391526641930331,1.8391526641930331,1.5956155994974528,0.0,0.0,4.8196036994853095,2.16526030051469,3.760875900012142,2.678502578010515e-05,1.01297243561498,0.9999999999999957,0.0,0.0,0.0,0.0,0.0,2.678502578010515e-05,1.01297243561498,2.395444852168982e-08,1.432581346283435e-05,0.0,0.0008728499237972479,2.8329489117927332e-05,1.0138960925991378,0.05319220208980807,1.0594809312176072,0.011342982969523664,0.002970979306704852,0.7035268019658487,0.9715621372369264,1.8391526636541022,1.089091265868569,1.8391526636541022,1.0743408476882148,1.473336956237949,1.0743408476882148,1.473336956237949,1.4733369562379481,1.278240491493725,0.0,0.0,4.819603647708991,2.1652603522910083,3.4435008437847343,2.8305534669405576e-05,1.0138817667856734,0.9999999999999963,0.0,0.0,0.0,0.0,0.0,2.8305534669405576e-05,1.0138817667856734,2.395444852175896e-08,1.4325813464233127e-05
7.0018460000000005,0.0,0.01846642,0.01291305,1.019047,0.0,0.5853392093685147,0.05607359776582974,1.0100332000334127,0.0,1.5599816343757452e-05,2.253827912911683e-05,1.010432694393502,0.05633556586413476,1.011117343134522,0.0,0.0,0.0,2.253827912911683e-05,1.010432694393502,0.0,0.0,0.0,0.0008300011366481117,2.6775530236710906e-05,1.0129667568625238,0.05621939706975419,1.0106365838443379,0.011342982926491937,0.002823149212186505,0.7035267987771796,0.9715621326037811,1.8391526641930347,1.089091265795619,1.8391526641930347,1.8391526641930347,1.5956155994974426,0.0,0.0,4.81960369948528,2.1722423005147204,3.767857900012164,2.6751575788189207e-05,1.01295243104906,0.9999999999999957,0.0,0.0,0.0,0.0,0.0,2.6751575788189207e-05,1.01295243104906,2.3954448521695948e-08,1.4325813463642806e-05,0.0,0.0008530330889150886,2.829603912601141e-05,1.01387608803322,0.05621911444706067,1.0106354142231306,0.011342982969523586,0.0029023656718060865,0.703526801965844,0.9715621372369178,1.839152663654104,1.089091265868569,1.839152663654104,1.074340847688214,1.4733369562379497,1.074340847688214,1.4733369562379497,1.4733369562379497,1.2782404914937173,0.0,0.0,4.819603647708955,2.1722423522910463,3.450482843784763,2.8272084677489592e-05,1.013861762219753,0.9999999999999969,0.0,0.0,0.0,0.0,0.0,2.8272084677489592e-05,1.013861762219753,2.395444852181358e-08,1.4325813466546504e-05
7.0170710000000005,0.0,0.01798789,0.01172446,0.9974748,0.0,0.5604049441741379,0.053303159705472856,1.0173069542425264,0.0,1.5629161626135566e-05,2.246533783336778e-05,1.0103890722915057,0.05330317295944546,1.017306843146937,0.0,0.0,0.0,2.246533783336778e-05,1.0103890722915057,0.0,0.0,0.0,0.000789517111708505,2.6702588940961804e-05,1.0129231347605268,0.05330288343713489,1.0173092699402135,0.011342982926491742,0.0026818394950348734,0.7035267987771705,0.9715621326037603,1.839152664193037,1.089091265795619,1.839152664193037,1.839152664193037,1.5956155994974195,0.0,0.0,4.819603699485205,2.187467300514796,3.783082900012216,2.6678634492440092e-05,1.0129088089470637,0.9999999999999957,0.0,0.0,0.0,0.0,0.0,2.6678634492440092e-05,1.0129088089470637,2.395444852171767e-08,1.4325813463377453e-05,0.0,0.00081142002499792,2.8223097830262226e-05,1.0138324659312201,0.05330288326668426,1.0173092713689407,0.011342982969523402,0.0027567077832853525,0.7035268019658334,0.9715621372368981,1.839152663654106,1.089091265868568,1.839152663654106,1.074340847688212,1.473336956237952,1.074340847688212,1.473336956237952,1.473336956237952,1.2782404914936971,0.0,0.0,4.819603647708885,2.187467352291116,3.465707843784813,2.819914338174048e-05,1.0138181401177568,0.9999999999999958,0.0,0.0,0.0,0.0,0.0,2.819914338174048e-05,1.0138181401177568,2.3954448521741178e-08,1.4325813463561996e-05
7.029334,0.0,0.01759695,0.01092513,0.9986124,0.0,0.5406409631448458,0.04911733846295999,1.0515862320079428,0.0,1.564983875680679e-05,2.2406587152923096e-05,1.010353936801405,0.0482394904504727,1.0586511884918863,0.0,0.0,0.0,2.2406587152923096e-05,1.010353936801405,0.0,0.0,0.0,0.0007583817598620557,2.664383826051708e-05,1.0128879992704274,0.04857567968775971,1.0559547474208262,0.0113429829264916,0.0025733855329535997,0.7035267987771627,0.9715621326037449,1.839152664193039,1.089091265795618,1.839152664193039,1.839152664193039,1.595615599497399,0.0,0.0,4.819603699485145,2.199730300514855,3.7953459000122547,2.6619883811995347e-05,1.0128736734569628,0.9999999999999951,0.0,0.0,0.0,0.0,0.0,2.6619883811995347e-05,1.0128736734569628,2.395444852173434e-08,1.4325813464713798e-05,0.0,0.000779414543666573,2.816434714981749e-05,1.0137973304411207,0.04857664622341918,1.0559469952201013,0.01134298296952327,0.0026452342111846516,0.7035268019658247,0.971562137236884,1.839152663654108,1.089091265868568,1.839152663654108,1.074340847688211,1.473336956237954,1.074340847688211,1.473336956237954,1.473336956237954,1.278240491493684,0.0,0.0,4.819603647708835,2.1997303522911658,3.477970843784849,2.8140392701295745e-05,1.0137830046276564,0.9999999999999951,0.0,0.0,0.0,0.0,0.0,2.8140392701295745e-05,1.0137830046276564,2.3954448521744748e-08,1.4325813464816892e-05
7.0514660000000005,0.0,0.01685265,0.008815724,1.002923,0.0,0.5054853299515883,0.0432401227078485,1.097544775009855,0.0,1.568054128395289e-05,2.230055518198598e-05,1.010290525020691,0.0435022499111744,1.0953805596887256,0.0,0.0,0.0,2.230055518198598e-05,1.010290525020691,0.0,0.0,0.0,0.0007053339097135465,2.653780628957979e-05,1.0128245874897124,0.04339672175655814,1.0962518376260513,0.011342982926491326,0.002389158976584088,0.7035267987771455,0.9715621326037158,1.839152664193042,1.089091265795618,1.839152664193042,1.839152664193042,1.595615599497367,0.0,0.0,4.819603699485042,2.221862300514959,3.8174779000123253,2.6513851841058122e-05,1.0128102616762484,0.999999999999996,0.0,0.0,0.0,0.0,0.0,2.6513851841058122e-05,1.0128102616762484,2.395444852166583e-08,1.4325813464248657e-05,0.0,0.0007248866506073927,2.805831517888033e-05,1.0137339186604066,0.043396613719322734,1.0962527296198517,0.011342982969523054,0.0024558665208747024,0.7035268019658093,0.9715621372368602,1.83915266365411,1.089091265868568,1.83915266365411,1.074340847688209,1.473336956237957,1.074340847688209,1.473336956237957,1.473336956237957,1.2782404914936614,0.0,0.0,4.819603647708738,2.2218623522912626,3.5001028437849246,2.8034360730358497e-05,1.0137195928469411,0.9999999999999968,0.0,0.0,0.0,0.0,0.0,2.8034360730358497e-05,1.0137195928469411,2.395444852182828e-08,1.4325813465194794e-05
7.067705,0.0,0.01626017,0.006864534,1.006623,0.0,0.48115295521642565,0.036430023181978494,1.0162017339827778,0.0,1.5698475097005524e-05,2.222275592407669e-05,1.010243997643724,0.03638239209916158,1.0156703309401125,0.0,0.0,0.0,2.222275592407669e-05,1.010243997643724,0.0,0.0,0.0,0.0006688501907663112,2.64600070316705e-05,1.0127780601127438,0.036569207542021163,1.0177545643625154,0.011342982926491154,0.002261846655390961,0.7035267987771329,0.971562132603697,1.8391526641930442,1.0890912657956173,1.8391526641930442,1.8391526641930442,1.5956155994973367,0.0,0.0,4.8196036994849605,2.238101300515039,3.8337169000123756,2.6436052583148785e-05,1.0127637342992815,0.9999999999999949,0.0,0.0,0.0,0.0,0.0,2.6436052583148785e-05,1.0127637342992815,2.3954448521717564e-08,1.4325813462677044e-05,0.0,0.0006873912554429144,2.7980515920970862e-05,1.0136873912834379,0.036569196670785495,1.017754443076006,0.011342982969522875,0.002324652666100668,0.7035268019657979,0.9715621372368408,1.8391526636541122,1.089091265868567,1.8391526636541122,1.074340847688207,1.4733369562379592,1.074340847688207,1.4733369562379592,1.4733369562379592,1.2782404914936427,0.0,0.0,4.819603647708656,2.238101352291344,3.516341843784988,2.7956561472449105e-05,1.0136730654699748,0.9999999999999956,0.0,0.0,0.0,0.0,0.0,2.7956561472449105e-05,1.0136730654699748,2.395444852175907e-08,1.4325813463407924e-05
7.101038,0.0,0.01496553,0.004092675,0.9928989,0.0,0.4366217737332571,0.029908413297368906,1.0021530390857085,0.0,1.5722839903386776e-05,2.206306119756086e-05,1.0101484931756886,0.030196507509444945,1.001319990357928,0.0,0.0,0.0,2.206306119756086e-05,1.0101484931756886,0.0,0.0,0.0,0.0005999122144450899,2.6300312305154538e-05,1.012682555644709,0.030111158894311405,1.0016203246338935,0.011342982926490781,0.002022330377880387,0.7035267987771104,0.9715621326036571,1.839152664193049,1.089091265795617,1.839152664193049,1.839152664193049,1.595615599497286,0.0,0.0,4.819603699484794,2.2714343005152053,3.867049900012491,2.6276357856632816e-05,1.012668229831246,0.9999999999999958,0.0,0.0,0.0,0.0,0.0,2.6276357856632816e-05,1.012668229831246,2.395444852172914e-08,1.4325813462925993e-05,0.0,0.0006165394083103009,2.7820821194454916e-05,1.0135918868154048,0.030111170306347475,1.001620294648746,0.011342982969522512,0.0020785183493702455,0.7035268019657743,0.9715621372368021,1.839152663654117,1.089091265868567,1.839152663654117,1.074340847688204,1.473336956237964,1.074340847688204,1.473336956237964,1.473336956237964,1.2782404914935992,0.0,0.0,4.819603647708488,2.2714343522915112,3.5496748437851116,2.7796866745933085e-05,1.0135775610019389,0.9999999999999968,0.0,0.0,0.0,0.0,0.0,2.7796866745933085e-05,1.0135775610019389,2.395444852182296e-08,1.4325813466409971e-05
7.108197,0.0,0.0146777,0.003544985,0.9952448,0.0,0.427430621875686,0.029742380758653684,1.0025892899053515,0.0,1.5726281913066013e-05,2.202876321816727e-05,1.0101279814759716,0.029362959203525666,1.0036208939691855,0.0,0.0,0.0,2.202876321816727e-05,1.0101279814759716,0.0,0.0,0.0,0.000586090920548756,2.626601432576091e-05,1.012662043944992,0.030130255942685945,1.0015701471020033,0.011342982926490693,0.0019739269624955125,0.7035267987771046,0.9715621326036469,1.83915266419305,1.089091265795617,1.83915266419305,1.83915266419305,1.5956155994972745,0.0,0.0,4.8196036994847535,2.278593300515246,3.874208900012521,2.624205987723917e-05,1.0126477181315285,0.9999999999999949,0.0,0.0,0.0,0.0,0.0,2.624205987723917e-05,1.0126477181315285,2.395444852174608e-08,1.432581346305639e-05,0.0,0.0006023382483232294,2.778652321506121e-05,1.0135713751156865,0.03013025441178955,1.0015701511244366,0.011342982969522415,0.0020285061048790636,0.7035268019657691,0.9715621372367917,1.839152663654118,1.089091265868567,1.839152663654118,1.074340847688203,1.473336956237965,1.074340847688203,1.473336956237965,1.473336956237965,1.2782404914935894,0.0,0.0,4.819603647708448,2.2785933522915514,3.556833843785141,2.7762568766539447e-05,1.013557049302222,0.9999999999999956,0.0,0.0,0.0,0.0,0.0,2.7762568766539447e-05,1.013557049302222,2.395444852176822e-08,1.4325813464773424e-05
7.1178159999999995,0.0,0.01428708,0.002882124,0.9978347,0.0,0.4152472144358716,0.027831200462161455,1.0111996945368902,0.0,1.5729687194844036e-05,2.1982679650100943e-05,1.0101004214760294,0.02776125614162352,1.0118356617195654,0.0,0.0,0.0,2.1982679650100943e-05,1.0101004214760294,0.0,0.0,0.0,0.0005680305387309939,2.6219930757694473e-05,1.01263448394505,0.02792366558806857,1.0103589574310519,0.011342982926490582,0.0019112448131521785,0.7035267987770983,0.9715621326036356,1.839152664193052,1.089091265795617,1.839152664193052,1.839152664193052,1.5956155994972625,0.0,0.0,4.819603699484699,2.2882123005153003,3.8838279000125637,2.6195976309172717e-05,1.0126201581315877,0.9999999999999957,0.0,0.0,0.0,0.0,0.0,2.6195976309172717e-05,1.0126201581315877,2.395444852175698e-08,1.43258134626123e-05,0.0,0.0005837789690994339,2.7740439646994773e-05,1.0135438151157439,0.027923662657113008,1.0103589840807006,0.011342982969522313,0.001964015420736381,0.7035268019657619,0.9715621372367806,1.83915266365412,1.089091265868566,1.83915266365412,1.0743408476882026,1.473336956237967,1.0743408476882026,1.473336956237967,1.473336956237967,1.2782404914935792,0.0,0.0,4.8196036477084,2.2882123522916,3.5664528437851795,2.771648519847303e-05,1.0135294893022808,0.9999999999999956,0.0,0.0,0.0,0.0,0.0,2.771648519847303e-05,1.0135294893022808,2.3954448521748878e-08,1.4325813463230084e-05
7.139836000000001,0.0,0.01337788,0.001047051,0.9963974,0.0,0.3880309273858742,0.02142268459432107,1.0435345096301287,0.0,1.573314833996568e-05,2.1877184258810698e-05,1.010037330593537,0.02121102180198975,1.0446115011816264,0.0,0.0,0.0,2.1877184258810698e-05,1.010037330593537,0.0,0.0,0.0,0.000528819045477515,2.6114435366404072e-05,1.0125713930625586,0.021435764858086633,1.0428997362881116,0.011342982926490303,0.0017751372302707456,0.7035267987770845,0.9715621326036055,1.839152664193055,1.089091265795616,1.839152664193055,1.839152664193055,1.595615599497226,0.0,0.0,4.819603699484583,2.310232300515418,3.905847900012644,2.6090480917882336e-05,1.0125570672490944,0.9999999999999957,0.0,0.0,0.0,0.0,0.0,2.6090480917882336e-05,1.0125570672490944,2.39544485217393e-08,1.4325813464223686e-05,0.0,0.0005434847094585621,2.7634944255704433e-05,1.0134807242332515,0.021436591482528567,1.042894062297702,0.011342982969522051,0.0018241544987411863,0.7035268019657449,0.9715621372367528,1.839152663654123,1.089091265868566,1.839152663654123,1.0743408476882,1.473336956237971,1.0743408476882,1.473336956237971,1.473336956237971,1.27824049149355,0.0,0.0,4.819603647708297,2.310232352291703,3.588472843785253,2.761098980718268e-05,1.0134663984197876,0.9999999999999947,0.0,0.0,0.0,0.0,0.0,2.761098980718268e-05,1.0134663984197876,2.395444852175708e-08,1.4325813464278682e-05
7.1689359999999995,0.0,0.01233899,0.004898725,1.003518,0.0,0.353666338435962,0.014971890049569421,1.046037030288186,0.0,1.5729270111982834e-05,2.1737769368413584e-05,1.0099539543591796,0.013579345201366905,1.0211976837287946,0.0,0.0,0.0,2.1737769368413584e-05,1.0099539543591796,0.0,0.0,0.0,0.0004812604752402181,2.597502047600675e-05,1.0124880168282,0.012979107528931565,1.010204595762587,0.01134298292648997,0.0016096014794238281,0.7035267987770633,0.971562132603569,1.839152664193059,1.089091265795616,1.839152664193059,1.839152664193059,1.595615599497178,0.0,0.0,4.819603699484434,2.339332300515566,3.934947900012743,2.5951066027485e-05,1.012473691014737,0.9999999999999953,0.0,0.0,0.0,0.0,0.0,2.5951066027485e-05,1.012473691014737,2.3954448521744106e-08,1.432581346372253e-05,0.0,0.0004946193589035006,2.7495529365307164e-05,1.0133973479988934,0.01297910582288214,1.0102045645170432,0.011342982969521773,0.0016537993348958646,0.7035268019657244,0.9715621372367224,1.839152663654126,1.089091265868565,1.839152663654126,1.074340847688197,1.473336956237975,1.074340847688197,1.473336956237975,1.473336956237975,1.278240491493516,0.0,0.0,4.819603647708183,2.3393323522918164,3.6175728437853323,2.7471574916785435e-05,1.01338302218543,0.9999999999999953,0.0,0.0,0.0,0.0,0.0,2.7471574916785435e-05,1.01338302218543,2.3954448521728704e-08,1.4325813463342985e-05
7.192464,0.0,0.01165963,0.004371333,0.9996668,0.0,0.32880855172552986,0.007696165717785167,0.9860104712138091,0.0,1.571941881175456e-05,2.1625049315449182e-05,1.0098865428113457,0.0077069095016900095,0.9859926375599221,0.0,0.0,0.0,2.1625049315449182e-05,1.0098865428113457,0.0,0.0,0.0,0.0004460590997676194,2.5862300423042225e-05,1.012420605280366,0.007678759981439551,0.986039363071686,0.011342982926489697,0.0014878573482849115,0.7035267987770472,0.9715621326035396,1.839152664193063,1.089091265795615,1.839152664193063,1.839152664193063,1.5956155994971426,0.0,0.0,4.819603699484327,2.362860300515673,3.958475900012816,2.583834597452049e-05,1.012406279466903,0.9999999999999959,0.0,0.0,0.0,0.0,0.0,2.583834597452049e-05,1.012406279466903,2.3954448521735236e-08,1.4325813462590195e-05,0.0,0.000458452019858051,2.738280931234264e-05,1.0133299364510628,0.007678546625563462,0.986039717222038,0.011342982969521478,0.00152866747753286,0.7035268019657088,0.971562137236691,1.83915266365413,1.089091265868565,1.83915266365413,1.074340847688195,1.473336956237979,1.074340847688195,1.473336956237979,1.473336956237979,1.2782404914934908,0.0,0.0,4.81960364770809,2.3628603522919107,3.6411008437854013,2.735885486382093e-05,1.0133156106375958,0.9999999999999969,0.0,0.0,0.0,0.0,0.0,2.735885486382093e-05,1.0133156106375958,2.3954448521704408e-08,1.432581346676483e-05
7.220914,0.0,0.0108705,0.00375631,0.9992596,0.0,0.3007291733674271,0.015068906347009482,1.011316678487886,0.0,1.5700575942583917e-05,2.148874850335979e-05,1.0098050289327385,0.014812759910436464,1.0105585707324758,0.0,0.0,0.0,2.148874850335979e-05,1.0098050289327385,0.0,0.0,0.0,0.00040705342302044993,2.5725999610952747e-05,1.01233909140176,0.014982700001942462,1.010909750283826,0.011342982926489354,0.0013520380915786618,0.7035267987770271,0.971562132603503,1.839152664193067,1.089091265795614,1.839152664193067,1.839152664193067,1.5956155994970993,0.0,0.0,4.819603699484192,2.391310300515808,3.986925900012907,2.5702045162431018e-05,1.0123247655882956,0.9999999999999958,0.0,0.0,0.0,0.0,0.0,2.5702045162431018e-05,1.0123247655882956,2.39544485217327e-08,1.432581346475092e-05,0.0,0.00041837955650477014,2.724650850025325e-05,1.0132484225724547,0.014982658218711736,1.0109095530503742,0.011342982969521203,0.0013890909627921233,0.7035268019656886,0.9715621372366611,1.8391526636541338,1.089091265868565,1.8391526636541338,1.074340847688192,1.473336956237983,1.074340847688192,1.473336956237983,1.473336956237983,1.2782404914934564,0.0,0.0,4.819603647707967,2.3913103522920327,3.669550843785489,2.722255405173148e-05,1.0132340967589888,0.9999999999999967,0.0,0.0,0.0,0.0,0.0,2.722255405173148e-05,1.0132340967589888,2.39544485217698e-08,1.432581346594297e-05
7.251182,0.0,0.01006475,0.003099028,1.000038,0.0,0.27347887341212435,0.014382465717635948,1.0267315072237657,0.0,1.5672673061450837e-05,2.1343737853787918e-05,1.0097183061883557,0.014456404018941299,1.0260234496319067,0.0,0.0,0.0,2.1343737853787918e-05,1.0097183061883557,0.0,0.0,0.0,0.0003694449743245881,2.5580988961380716e-05,1.0122523686573772,0.014427759904346287,1.0262977551331556,0.01134298292648898,0.0012214521762102873,0.7035267987770024,0.9715621326034632,1.839152664193072,1.089091265795614,1.839152664193072,1.839152664193072,1.5956155994970538,0.0,0.0,4.819603699484048,2.4215783005159515,4.017193900013005,2.5557034512858994e-05,1.0122380428439133,0.9999999999999961,0.0,0.0,0.0,0.0,0.0,2.5557034512858994e-05,1.0122380428439133,2.395444852171897e-08,1.4325813464768947e-05,0.0,0.00037974714087299935,2.7101497850681128e-05,1.01316169982807,0.01442774785937967,1.0262978704797343,0.011342982969520908,0.0012547902253612802,0.703526801965669,0.9715621372366291,1.839152663654137,1.089091265868564,1.839152663654137,1.074340847688189,1.473336956237987,1.074340847688189,1.473336956237987,1.473336956237987,1.278240491493425,0.0,0.0,4.819603647707823,2.4215783522921774,3.6998188437856028,2.707754340215939e-05,1.013147374014606,0.9999999999999968,0.0,0.0,0.0,0.0,0.0,2.707754340215939e-05,1.013147374014606,2.39544485217393e-08,1.432581346394457e-05
7.284515,0.0,0.009193136,0.001838446,0.9996445,0.0,0.2462262792461615,0.01219030516105249,0.9958393903452778,0.0,1.5633538354630766e-05,2.118404312727218e-05,1.0096228017203204,0.012191675081151779,0.9958364918310689,0.0,0.0,0.0,2.118404312727218e-05,1.0096228017203204,0.0,0.0,0.0,0.00033221613502094823,2.5421294234864666e-05,1.0121568641893406,0.012191404805084917,0.9958370636885229,0.011342982926488577,0.0010922825336494987,0.703526798776978,0.97156213260342,1.839152664193077,1.089091265795613,1.839152664193077,1.839152664193077,1.5956155994970005,0.0,0.0,4.819603699483863,2.454911300516137,4.050526900013137,2.5397339786342943e-05,1.0121425383758778,0.9999999999999952,0.0,0.0,0.0,0.0,0.0,2.5397339786342943e-05,1.0121425383758778,2.395444852172024e-08,1.432581346352825e-05,0.0,0.00034150957022894846,2.6941803124165196e-05,1.0130661953600346,0.012191405445576115,0.9958370623333541,0.011342982969520557,0.0011218546285649104,0.7035268019656464,0.9715621372365912,1.839152663654142,1.089091265868563,1.839152663654142,1.074340847688186,1.4733369562379912,1.074340847688186,1.4733369562379912,1.4733369562379912,1.2782404914933807,0.0,0.0,4.81960364770767,2.45491135229233,3.7331518437857114,2.6917848675643447e-05,1.0130518695465704,0.9999999999999963,0.0,0.0,0.0,0.0,0.0,2.6917848675643447e-05,1.0130518695465704,2.3954448521755392e-08,1.4325813464555164e-05
7.317848,0.0,0.008349515,0.001434758,1.000861,0.0,0.2217838260572035,0.009991492512349343,1.0015544403260208,0.0,1.558670971523464e-05,2.1024348400756352e-05,1.0095272972522853,0.009912832768732659,1.0016155902420267,0.0,0.0,0.0,2.1024348400756352e-05,1.0095272972522853,0.0,0.0,0.0,0.0002989271735578729,2.526159950834872e-05,1.0120613597213053,0.010090006279370286,1.0014778559347965,0.011342982926488231,0.0009765606078845073,0.703526798776952,0.9715621326033824,1.839152664193081,1.089091265795613,1.839152664193081,1.839152664193081,1.5956155994969492,0.0,0.0,4.819603699483698,2.4882443005163006,4.083859900013249,2.523764505982699e-05,1.0120470339078413,0.9999999999999957,0.0,0.0,0.0,0.0,0.0,2.523764505982699e-05,1.0120470339078413,2.395444852173253e-08,1.432581346372253e-05,0.0,0.0003073213481703647,2.678210839764926e-05,1.012970690891999,0.010090003824265942,1.0014778578433896,0.011342982969520181,0.0010028866711174166,0.7035268019656237,0.971562137236551,1.839152663654146,1.089091265868563,1.839152663654146,1.074340847688183,1.473336956237997,1.074340847688183,1.473336956237997,1.473336956237996,1.2782404914933416,0.0,0.0,4.819603647707524,2.488244352292475,3.7664848437858165,2.675815394912753e-05,1.0129563650785347,0.9999999999999956,0.0,0.0,0.0,0.0,0.0,2.675815394912753e-05,1.0129563650785347,2.3954448521728595e-08,1.4325813464481877e-05
7.351182,0.0,0.007559879,0.0008901464,0.9954185,0.0,0.19936754418650207,0.005823941713963539,1.000877984143648,0.0,1.553246221518247e-05,2.0864648883350835e-05,1.0094317899190866,0.005941279183429668,1.0025769022273885,0.0,0.0,0.0,2.0864648883350835e-05,1.0094317899190866,0.0,0.0,0.0,0.0002691539603357794,2.5101899990943088e-05,1.0119658523881052,0.005895821986519097,1.0019187317877245,0.011342982926487858,0.0008734409148699738,0.7035267987769291,0.9715621326033425,1.839152664193086,1.089091265795612,1.839152664193086,1.839152664193086,1.5956155994969028,0.0,0.0,4.819603699483547,2.521578300516452,4.117193900013354,2.507794554242137e-05,1.0119515265746433,0.9999999999999961,0.0,0.0,0.0,0.0,0.0,2.507794554242137e-05,1.0119515265746433,2.3954448521716075e-08,1.4325813462374308e-05,0.0,0.0002767459068365502,2.662240888024361e-05,1.012875183558801,0.005895802871583044,1.0019184550243792,0.011342982969519789,0.0008969909006572261,0.7035268019656019,0.9715621372365087,1.839152663654151,1.089091265868562,1.839152663654151,1.07434084768818,1.473336956238001,1.07434084768818,1.473336956238001,1.473336956238001,1.2782404914933059,0.0,0.0,4.819603647707377,2.521578352292624,3.7998188437859297,2.6598454431721862e-05,1.012860857745336,0.9999999999999968,0.0,0.0,0.0,0.0,0.0,2.6598454431721862e-05,1.012860857745336,2.3954448521745592e-08,1.4325813464816799e-05
7.395195999999999,0.0,0.00663951,0.001362627,0.9995572,0.0,0.17305150100652755,0.002674212605657617,0.9958338754169626,0.0,1.5451438068928966e-05,2.0653782663902733e-05,1.0093056826483306,0.002674159079998544,0.9958340944458903,0.0,0.0,0.0,2.0653782663902733e-05,1.0093056826483306,0.0,0.0,0.0,0.00023460785534947418,2.4891033771494884e-05,1.011839745117349,0.0026748848929330727,0.9958311243931807,0.011342982926487355,0.0007537588262793762,0.7035267987768978,0.9715621326032882,1.839152664193092,1.089091265795611,1.839152664193092,1.839152664193092,1.5956155994968266,0.0,0.0,4.819603699483368,2.565592300516632,4.1612079000134585,2.4867079322973185e-05,1.0118254193038867,0.9999999999999957,0.0,0.0,0.0,0.0,0.0,2.4867079322973185e-05,1.0118254193038867,2.3954448521694555e-08,1.4325813462137618e-05,0.0,0.00024127581147197902,2.6411542660795187e-05,1.0127490762880444,0.0026748872501296704,0.995831114747447,0.011342982969519341,0.0007738757210351917,0.7035268019655696,0.9715621372364608,1.8391526636541564,1.089091265868561,1.8391526636541564,1.074340847688175,1.473336956238008,1.074340847688175,1.473336956238008,1.473336956238008,1.2782404914932566,0.0,0.0,4.819603647707177,2.5655923522928235,3.8438328437860796,2.6387588212273458e-05,1.0127347504745794,0.9999999999999962,0.0,0.0,0.0,0.0,0.0,2.6387588212273458e-05,1.0127347504745794,2.3954448521725283e-08,1.432581346483275e-05
7.43035,0.0,0.005999545,0.001042973,1.004472,0.0,0.15437039235188701,0.004545085593141842,1.0036040404860695,0.0,1.5379978228215492e-05,2.0485363727235245e-05,1.009204960719031,0.004443815197704956,1.0035357189056826,0.0,0.0,0.0,2.0485363727235245e-05,1.009204960719031,0.0,0.0,0.0,0.00021044853862756374,2.4722614834827356e-05,1.0117390231880512,0.004444403924075677,1.0035361160870682,0.011342982926486965,0.0006699987124239344,0.7035267987768733,0.9715621326032463,1.839152664193097,1.08909126579561,1.839152664193097,1.839152664193097,1.5956155994967625,0.0,0.0,4.8196036994832046,2.600746300516795,4.196361900013558,2.4698660386305654e-05,1.0117246973745877,0.9999999999999961,0.0,0.0,0.0,0.0,0.0,2.4698660386305654e-05,1.0117246973745877,2.3954448521701444e-08,1.4325813463181883e-05,0.0,0.00021647188898928695,2.624312372412755e-05,1.012648354358747,0.004444183637121277,1.0035359674715452,0.011342982969519,0.0006879052629221648,0.7035268019655471,0.971562137236424,1.839152663654161,1.089091265868561,1.839152663654161,1.074340847688172,1.473336956238013,1.074340847688172,1.473336956238013,1.473336956238013,1.2782404914932126,0.0,0.0,4.819603647707003,2.600746352292997,3.87898684378621,2.6219169275605784e-05,1.0126340285452804,0.9999999999999961,0.0,0.0,0.0,0.0,0.0,2.6219169275605784e-05,1.0126340285452804,2.3954448521759188e-08,1.4325813466512552e-05
7.480218,0.0,0.005166495,0.0006001962,1.004508,0.0,0.13144944631922575,0.003992488877153096,1.0005398422565446,0.0,1.5269339962370604e-05,2.024645163945768e-05,1.0090620807858715,0.004015481650800388,1.000886763360781,0.0,0.0,0.0,2.024645163945768e-05,1.0090620807858715,0.0,0.0,0.0,0.00018070352253176349,2.448370274704954e-05,1.0115961432548919,0.004018345500094615,1.0009299738831283,0.01134298292648635,0.0005670552169655867,0.7035267987768377,0.9715621326031799,1.839152664193104,1.089091265795609,1.839152664193104,1.839152664193104,1.595615599496684,0.0,0.0,4.819603699482953,2.6506143005170464,4.24622990001373,2.445974829852783e-05,1.0115818174414277,0.9999999999999958,0.0,0.0,0.0,0.0,0.0,2.445974829852783e-05,1.0115818174414277,2.3954448521715708e-08,1.4325813464182342e-05,0.0,0.000185939018630454,2.6004211636349854e-05,1.0125054744255848,0.004018416015187254,1.000931037833662,0.01134298296951844,0.000582111410258597,0.7035268019655156,0.9715621372363641,1.839152663654168,1.08909126586856,1.839152663654168,1.074340847688168,1.473336956238019,1.074340847688168,1.473336956238019,1.473336956238019,1.278240491493142,0.0,0.0,4.81960364770678,2.6506143522932204,3.9288548437863624,2.5980257187828053e-05,1.0124911486121209,0.9999999999999948,0.0,0.0,0.0,0.0,0.0,2.5980257187828053e-05,1.0124911486121209,2.395444852179666e-08,1.4325813464158746e-05
7.530772,0.0,0.004438683,0.0008118652,1.008767,0.0,0.11153545715263824,0.002742501313823111,1.006044976083367,0.0,1.5147725295079459e-05,2.000425300134288e-05,1.0089172353511047,0.0027818456174744438,1.0056273133450915,0.0,0.0,0.0,2.000425300134288e-05,1.0089172353511047,0.0,0.0,0.0,0.00015520707241293367,2.424150410893461e-05,1.0114512978201236,0.0027729091121548696,1.005722179562968,0.011342982926485725,0.0004789422953372004,0.7035267987767981,0.971562132603112,1.8391526641931124,1.089091265795608,1.8391526641931124,1.8391526641931124,1.5956155994965902,0.0,0.0,4.819603699482697,2.7011683005173026,4.296783900013894,2.4217549660412857e-05,1.0114369720066616,0.9999999999999961,0.0,0.0,0.0,0.0,0.0,2.4217549660412857e-05,1.0114369720066616,2.3954448521750962e-08,1.432581346219449e-05,0.0,0.00015977185871974135,2.5762012998234818e-05,1.0123606289908205,0.002772936680912133,1.0057218869045255,0.011342982969517865,0.0004915659936491301,0.703526801965482,0.9715621372363014,1.839152663654175,1.089091265868559,1.839152663654175,1.074340847688163,1.473336956238027,1.074340847688163,1.473336956238027,1.473336956238027,1.2782404914930725,0.0,0.0,4.81960364770655,2.7011683522934513,3.9794088437865227,2.5738058549713092e-05,1.012346303177354,0.9999999999999966,0.0,0.0,0.0,0.0,0.0,2.5738058549713092e-05,1.012346303177354,2.3954448521726153e-08,1.43258134659167e-05
7.580138,0.0,0.003840077,0.0006168733,0.9985722,0.0,0.09485880784148921,0.001598514465106718,1.000894814597347,0.0,1.502139768398087e-05,1.9767745940196844e-05,1.008775793729617,0.0016161985663644973,1.001598367540106,0.0,0.0,0.0,1.9767745940196844e-05,1.008775793729617,0.0,0.0,0.0,0.00013413556330730257,2.400499704778839e-05,1.0113098561986376,0.0016222031628039448,1.0018483487621277,0.01134298292648509,0.00040618999682339374,0.703526798776757,0.9715621326030438,1.83915266419312,1.089091265795607,1.83915266419312,1.83915266419312,1.5956155994965087,0.0,0.0,4.8196036994824425,2.750534300517557,4.3461499000140655,2.3981042599266616e-05,1.0112955303851736,0.9999999999999947,0.0,0.0,0.0,0.0,0.0,2.3981042599266616e-05,1.0112955303851736,2.3954448521775437e-08,1.4325813463814903e-05,0.0,0.00013814992788805156,2.5525505937088638e-05,1.0122191873693303,0.0016222352280114132,1.0018484828109024,0.01134298296951731,0.00041682108836286314,0.7035268019654474,0.9715621372362417,1.839152663654182,1.089091265868558,1.839152663654182,1.074340847688158,1.473336956238034,1.074340847688158,1.473336956238034,1.473336956238034,1.2782404914930074,0.0,0.0,4.819603647706307,2.750534352293693,4.0287748437867,2.5501551488566835e-05,1.0122048615558663,0.9999999999999969,0.0,0.0,0.0,0.0,0.0,2.5501551488566835e-05,1.0122048615558663,2.395444852180847e-08,1.4325813463852196e-05
7.624881,0.0,0.003360902,0.000447824,0.9984318,0.0,0.08184093236829378,0.001463200287686046,1.0011343740449743,0.0,1.4901096429859506e-05,1.955338716215411e-05,1.0086475977552578,0.0014627830747018507,1.0011294712920646,0.0,0.0,0.0,1.955338716215411e-05,1.0086475977552578,0.0,0.0,0.0,0.00011781300759472356,2.3790638269745536e-05,1.0111816602242762,0.0014623431425853143,1.0011243015621032,0.011342982926484502,0.0003499771820194595,0.7035267987767243,0.9715621326029806,1.839152664193128,1.089091265795606,1.839152664193128,1.839152664193128,1.595615599496432,0.0,0.0,4.8196036994822204,2.7952773005177796,4.390892900014212,2.376668382122376e-05,1.011167334410814,0.9999999999999946,0.0,0.0,0.0,0.0,0.0,2.376668382122376e-05,1.011167334410814,2.3954448521778917e-08,1.4325813462151376e-05,0.0,0.00012140435002603041,2.5311147159045775e-05,1.0120909913949716,0.0014623417149972882,1.001124284786232,0.011342982969516795,0.0003590261383103684,0.7035268019654178,0.9715621372361865,1.8391526636541884,1.089091265868557,1.8391526636541884,1.074340847688154,1.47333695623804,1.074340847688154,1.47333695623804,1.47333695623804,1.2782404914929542,0.0,0.0,4.819603647706109,2.7952773522938914,4.073517843786846,2.5287192710523975e-05,1.012076665581507,0.9999999999999966,0.0,0.0,0.0,0.0,0.0,2.5287192710523975e-05,1.012076665581507,2.3954448521798988e-08,1.4325813464986388e-05
7.666047999999999,0.0,0.002962772,0.000294636,1.007138,0.0,0.07145764416744645,0.001421979524884393,1.005593266821722,0.0,1.4786536801990295e-05,1.9356160605694226e-05,1.0085296476026873,0.0014219787578401651,1.0055932379019763,0.0,0.0,0.0,1.9356160605694226e-05,1.0085296476026873,0.0,0.0,0.0,0.0001047973109043714,2.3593411713285412e-05,1.011063710071707,0.0014219615359393047,1.0055925885873864,0.011342982926483952,0.00030518832392914725,0.7035267987766942,0.9715621326029217,1.8391526641931348,1.089091265795605,1.8391526641931348,1.8391526641931348,1.5956155994963583,0.0,0.0,4.819603699481997,2.8364443005180022,4.4320599000143615,2.3569457264763672e-05,1.0110493842582433,0.9999999999999947,0.0,0.0,0.0,0.0,0.0,2.3569457264763672e-05,1.0110493842582433,2.395444852173481e-08,1.4325813463476401e-05,0.0,0.00010805318300511125,2.5113920602585746e-05,1.0119730412424008,0.001421962064935077,1.0055926085320297,0.011342982969516401,0.00031302296072536253,0.7035268019653915,0.9715621372361438,1.839152663654194,1.089091265868556,1.839152663654194,1.07434084768815,1.4733369562380458,1.07434084768815,1.4733369562380458,1.4733369562380458,1.2782404914929022,0.0,0.0,4.819603647705928,2.8364443522940714,4.114684843786973,2.508996615406399e-05,1.011958715428937,0.9999999999999962,0.0,0.0,0.0,0.0,0.0,2.508996615406399e-05,1.011958715428937,2.395444852175322e-08,1.432581346416661e-05
7.691517,0.0,0.002735134,0.0001947238,0.9991912,0.0,0.06570890071527222,0.0011377081867817494,1.0002869166596582,0.0,1.4713933283271279e-05,1.923414143581361e-05,1.0084566747740675,0.0011461305990055853,0.9997806888221263,0.0,0.0,0.0,1.923414143581361e-05,1.0084566747740675,0.0,0.0,0.0,9.759280396468874e-05,2.347139254340458e-05,1.010990737243087,0.0011427089729090863,0.9999863451511735,0.011342982926483653,0.00028041713865342537,0.703526798776676,0.9715621326028895,1.8391526641931384,1.089091265795605,1.8391526641931384,1.8391526641931384,1.5956155994963206,0.0,0.0,4.81960369948185,2.86191330051815,4.457528900014471,2.3447438094882817e-05,1.0109764114296231,0.999999999999996,0.0,0.0,0.0,0.0,0.0,2.3447438094882817e-05,1.0109764114296231,2.3954448521767628e-08,1.432581346372253e-05,0.0,0.0001006635176268678,2.4991901432705005e-05,1.0119000684137809,0.0011427049974229656,0.9999865840971771,0.011342982969516123,0.000287625107244982,0.7035268019653744,0.971562137236114,1.839152663654197,1.089091265868556,1.839152663654197,1.074340847688148,1.473336956238049,1.074340847688148,1.473336956238049,1.473336956238049,1.2782404914928716,0.0,0.0,4.819603647705804,2.861913352294196,4.1401538437870675,2.4967946984183212e-05,1.0118857426003163,0.9999999999999968,0.0,0.0,0.0,0.0,0.0,2.4967946984183212e-05,1.0118857426003163,2.3954448521795944e-08,1.4325813464975084e-05
7.7265369999999995,0.0,0.002443737,6.284515e-05,0.9990816,0.0,0.05852942242710881,0.0008670160328958074,1.0005073072151667,0.0,1.4612218426095712e-05,1.906636447836649e-05,1.0083563367765696,0.0008670170882948532,1.0005073340998352,0.0,0.0,0.0,1.906636447836649e-05,1.0083563367765696,0.0,0.0,0.0,8.862995061953582e-05,2.3303615585957348e-05,1.0108903992455873,0.0008669833901268701,1.0005064756908022,0.011342982926483218,0.0002496496142187893,0.7035267987766494,0.9715621326028427,1.839152664193144,1.089091265795604,1.839152664193144,1.839152664193144,1.5956155994962617,0.0,0.0,4.819603699481673,2.8969333005183264,4.492548900014588,2.3279661137435585e-05,1.0108760734321252,0.9999999999999951,0.0,0.0,0.0,0.0,0.0,2.3279661137435585e-05,1.0108760734321252,2.395444852176889e-08,1.4325813462888538e-05,0.0,9.147231977916663e-05,2.482412447525776e-05,1.0117997304162814,0.000866983779755535,1.0005064856159929,0.011342982969515709,0.00025599570181707767,0.7035268019653484,0.9715621372360695,1.839152663654202,1.089091265868555,1.839152663654202,1.074340847688144,1.473336956238055,1.074340847688144,1.473336956238055,1.473336956238055,1.2782404914928245,0.0,0.0,4.819603647705647,2.8969333522943534,4.175173843787178,2.480017002673601e-05,1.011785404602818,0.9999999999999947,0.0,0.0,0.0,0.0,0.0,2.480017002673601e-05,1.011785404602818,2.3954448521750294e-08,1.4325813463554672e-05
7.755317999999999,0.0,0.002220542,-4.716592e-05,0.9989901,0.0,0.053209732949360745,0.0006562092330516506,1.007375068992047,0.0,1.452704367898524e-05,1.8928477881784948e-05,1.0082738745291107,0.0006562123462884646,1.007374931208004,0.0,0.0,0.0,1.8928477881784948e-05,1.0082738745291107,0.0,0.0,0.0,8.200444617948347e-05,2.3165728989375713e-05,1.0108079369981287,0.0006561722904169841,1.0073767039802854,0.011342982926482795,0.0002269510884684473,0.7035267987766263,0.9715621326027971,1.839152664193149,1.0890912657956033,1.839152664193149,1.839152664193149,1.5956155994962045,0.0,0.0,4.819603699481522,2.925714300518477,4.521329900014681,2.3141774540853967e-05,1.0107936111846663,0.9999999999999951,0.0,0.0,0.0,0.0,0.0,2.3141774540853967e-05,1.0107936111846663,2.395444852174483e-08,1.432581346251897e-05,0.0,8.467857739562359e-05,2.468623787867616e-05,1.011717268168823,0.0006561721145922374,1.007376711761847,0.011342982969515395,0.00023269530279859907,0.7035268019653296,0.9715621372360356,1.839152663654206,1.0890912658685545,1.839152663654206,1.0743408476881415,1.473336956238059,1.0743408476881415,1.473336956238059,1.473336956238059,1.2782404914927878,0.0,0.0,4.819603647705517,2.9257143522944826,4.203954843787271,2.4662283430154396e-05,1.0117029423553594,0.9999999999999953,0.0,0.0,0.0,0.0,0.0,2.4662283430154396e-05,1.0117029423553594,2.395444852176302e-08,1.432581346350048e-05
7.795097999999999,0.0,0.001935325,-0.0001543453,0.998901,0.0,0.04664987905967062,0.00084988316220643,1.0019975832831927,0.0,1.4407409915821457e-05,1.8737896289344992e-05,1.0081598983571953,0.0008498812918558492,1.0019990936426546,0.0,0.0,0.0,1.8737896289344992e-05,1.0081598983571953,0.0,0.0,0.0,7.382562211548785e-05,2.2975147396935738e-05,1.010693960826214,0.0008499074807044668,1.0019779454281506,0.011342982926482318,0.00019897403133042194,0.7035267987765942,0.9715621326027456,1.839152664193155,1.089091265795603,1.839152664193155,1.839152664193155,1.5956155994961307,0.0,0.0,4.819603699481333,2.9654943005186665,4.561109900014797,2.2951192948413985e-05,1.010679635012751,0.9999999999999952,0.0,0.0,0.0,0.0,0.0,2.2951192948413985e-05,1.010679635012751,2.395444852175229e-08,1.432581346327844e-05,0.0,7.629334729028875e-05,2.4495656286236105e-05,1.0116032919969082,0.0008499075482510321,1.0019778908824442,0.011342982969514928,0.00020397573636701406,0.7035268019653018,0.9715621372359854,1.839152663654212,1.089091265868554,1.839152663654212,1.0743408476881375,1.473336956238065,1.0743408476881375,1.473336956238065,1.4733369562380645,1.2782404914927379,0.0,0.0,4.81960364770534,2.9654943522946597,4.243734843787397,2.447170183771437e-05,1.0115889661834438,0.9999999999999954,0.0,0.0,0.0,0.0,0.0,2.447170183771437e-05,1.0115889661834438,2.3954448521740146e-08,1.4325813464555264e-05
7.922395,0.0,0.001245836,5.955084e-05,0.9990789,0.0,0.030584265470950143,0.00035516000485429555,1.0017899130072605,0.0,1.4012128160338418e-05,1.8128030402647427e-05,1.0077951717419025,0.0003555630840785499,1.0017055556329002,0.0,0.0,0.0,1.8128030402647427e-05,1.0077951717419025,0.0,0.0,0.0,5.381902795426145e-05,2.236528151023784e-05,1.0103292342109218,0.0003550957079482352,1.0018033692159865,0.011342982926480668,0.0001309330165689786,0.7035267987764967,0.9715621326025679,1.839152664193175,1.0890912657956,1.839152664193175,1.839152664193175,1.5956155994958998,0.0,0.0,4.81960369948068,3.0927913005193193,4.688406900015218,2.234132706171611e-05,1.0103149083974576,0.9999999999999956,0.0,0.0,0.0,0.0,0.0,2.234132706171611e-05,1.0103149083974576,2.395444852172892e-08,1.432581346372253e-05,0.0,5.5789237781229335e-05,2.3885790399538215e-05,1.0112385653816174,0.0003550923459393126,1.001804072825174,0.011342982969513509,0.00013415481088801926,0.703526801965216,0.9715621372358331,1.83915266365423,1.089091265868551,1.83915266365423,1.074340847688125,1.473336956238083,1.074340847688125,1.473336956238083,1.473336956238083,1.2782404914925847,0.0,0.0,4.81960364770475,3.09279135229525,4.371031843787834,2.3861835951016424e-05,1.0112242395681517,0.9999999999999947,0.0,0.0,0.0,0.0,0.0,2.3861835951016424e-05,1.0112242395681517,2.39544485217863e-08,1.4325813465677593e-05
8.186926,0.0,0.0004985874,9.370438e-06,1.000008,0.0,0.012685975766784397,0.00012012403485684676,1.002875457954642,0.0,1.3151623750591652e-05,1.6860691558260196e-05,1.007037247389641,0.00012012409059119214,1.0028754598734937,0.0,0.0,0.0,1.6860691558260196e-05,1.007037247389641,0.0,0.0,0.0,3.1322747550690115e-05,2.1097942665849688e-05,1.0095713098586592,0.00012012263753200322,1.0028754098467958,0.011342982926477308,5.584035660073274e-05,0.7035267987762931,0.9715621326022065,1.839152664193218,1.089091265795594,1.839152664193218,1.839152664193218,1.5956155994954189,0.0,0.0,4.819603699479312,3.3573223005206887,4.9529379000161065,2.1073988217327928e-05,1.0095569840451954,0.9999999999999948,0.0,0.0,0.0,0.0,0.0,2.1073988217327928e-05,1.0095569840451954,2.395444852175687e-08,1.4325813463319702e-05,0.0,3.2756800339645654e-05,2.2618451555149588e-05,1.0104806410293525,0.00012012264573959543,1.0028754101293713,0.011342982969510593,5.711246723527137e-05,0.7035268019650324,0.9715621372355192,1.839152663654266,1.089091265868547,1.839152663654266,1.0743408476881,1.473336956238122,1.0743408476881,1.473336956238122,1.473336956238122,1.2782404914922594,0.0,0.0,4.81960364770345,3.357322352296551,4.63556284378881,2.259449710662781e-05,1.0104663152158884,0.999999999999996,0.0,0.0,0.0,0.0,0.0,2.259449710662781e-05,1.0104663152158884,2.3954448521776694e-08,1.432581346438866e-05
8.411379,0.0,0.0002245396,-5.078496e-06,0.9999956,0.0,0.005987115022027039,3.1001847087974536e-05,1.0154942801654931,0.0,1.2399810920099426e-05,1.5785361991444556e-05,1.0063941530277771,3.1007156653316644e-05,1.0154974555190228,0.0,0.0,0.0,1.5785361991444556e-05,1.0063941530277771,0.0,0.0,0.0,2.2568180318688107e-05,2.0022613099033428e-05,1.0089282154967945,3.1005048286777977e-05,1.01549619462313,0.011342982926474504,2.809589345178066e-05,0.7035267987761226,0.971562132601904,1.839152664193253,1.089091265795589,1.839152664193253,1.839152664193253,1.5956155994950145,0.0,0.0,4.819603699478153,3.581775300521848,5.177390900016861,1.9998658650511706e-05,1.0089138896833307,0.9999999999999961,0.0,0.0,0.0,0.0,0.0,1.9998658650511706e-05,1.0089138896833307,2.3954448521715463e-08,1.432581346378424e-05,0.0,2.381043094261995e-05,2.154312198833348e-05,1.0098375466674874,3.100504657446383e-05,1.0154961935990914,0.011342982969508026,2.868311577269568e-05,0.7035268019648726,0.9715621372352423,1.8391526636542983,1.089091265868542,1.8391526636542983,1.074340847688077,1.473336956238156,1.074340847688077,1.473336956238156,1.473336956238156,1.2782404914919625,0.0,0.0,4.819603647702432,3.581775352297569,4.86001584378953,2.1519167539811748e-05,1.0098232208540243,0.9999999999999968,0.0,0.0,0.0,0.0,0.0,2.1519167539811748e-05,1.0098232208540243,2.3954448521729012e-08,1.4325813463331882e-05
8.751654,0.0,6.395279e-05,1.86746e-05,1.000015,0.0,0.0019124503134498156,2.9373977897524324e-05,1.0145207428142133,0.0,1.1244076280853392e-05,1.4155141997289431e-05,1.0054192097925185,2.9377997439783464e-05,1.0145231466772182,0.0,0.0,0.0,1.4155141997289431e-05,1.0054192097925185,0.0,0.0,0.0,1.6566716119996822e-05,1.8392393104876822e-05,1.0079532722615365,2.9376316185545714e-05,1.0145221412132617,0.011342982926470211,1.130350646891197e-05,0.7035267987758612,0.9715621326014419,1.839152664193307,1.089091265795582,1.839152664193307,1.839152664193307,1.5956155994944161,0.0,0.0,4.8196036994763665,3.922050300523634,5.51766590001805,1.8368438656355066e-05,1.007938946448073,0.9999999999999957,0.0,0.0,0.0,0.0,0.0,1.8368438656355066e-05,1.007938946448073,2.3954448521754625e-08,1.4325813463616746e-05,0.0,1.769784105295345e-05,1.991290199417689e-05,1.0088626034322297,2.937631350015472e-05,1.0145221396072797,0.011342982969504171,1.1480959884030816e-05,0.7035268019646292,0.9715621372348271,1.839152663654347,1.089091265868536,1.839152663654347,1.0743408476880425,1.473336956238208,1.0743408476880425,1.473336956238208,1.473336956238208,1.2782404914915366,0.0,0.0,4.819603647700818,3.9220503522991823,5.200290843790719,1.9888947545655115e-05,1.0088482776187657,0.9999999999999959,0.0,0.0,0.0,0.0,0.0,1.9888947545655115e-05,1.0088482776187657,2.3954448521773346e-08,1.432581346394457e-05
9.199498,0.0,1.24257e-05,-6.917542e-06,0.9999941,0.0,0.00043781889182763575,2.722858411400742e-05,1.013237703001364,0.0,9.711088478471038e-06,1.2009570788524918e-05,1.004136063871571,2.7214816657070264e-05,1.0132294694567772,0.0,0.0,0.0,1.2009570788524918e-05,1.004136063871571,0.0,0.0,0.0,1.3268762794897065e-05,1.6246821896110743e-05,1.0066701263405875,2.7222798324979654e-05,1.0132342428451315,0.01134298292646462,5.178977899306963e-06,0.7035267987755244,0.9715621326008401,1.839152664193377,1.089091265795572,1.839152664193377,1.839152664193377,1.595615599493628,0.0,0.0,4.819603699474124,4.369894300525877,5.965509900019505,1.6222867447588913e-05,1.0066558005271236,0.9999999999999959,0.0,0.0,0.0,0.0,0.0,1.6222867447588913e-05,1.0066558005271236,2.3954448521836387e-08,1.4325813463867675e-05,0.0,1.4363113981445057e-05,1.7767330785409864e-05,1.00757945751128,2.7222818436044557e-05,1.0132342548724331,0.011342982969498998,5.21176683982031e-06,0.7035268019643192,0.9715621372342703,1.839152663654412,1.089091265868527,1.839152663654412,1.074340847687999,1.473336956238274,1.074340847687999,1.473336956238274,1.473336956238274,1.278240491490973,0.0,0.0,4.819603647698605,4.369894352301396,5.648134843792368,1.7743376336888023e-05,1.007565131697816,0.9999999999999946,0.0,0.0,0.0,0.0,0.0,1.7743376336888023e-05,1.007565131697816,2.3954448521835344e-08,1.4325813464465558e-05
10.17912,0.0,-4.384156e-06,3.925233e-06,1.000003,0.0,3.2627638397262365e-05,2.2541927939856038e-05,1.0104348765427578,0.0,6.339852649274334e-06,7.316309834549476e-06,1.001329287464226,2.2525554097621165e-05,1.0104250842651636,0.0,0.0,0.0,7.316309834549476e-06,1.001329287464226,0.0,0.0,0.0,9.418044685225828e-06,1.1553560942130327e-05,1.00386334993324,2.2522279757332323e-05,1.0104231260657024,0.01134298292645245,3.5025839629082486e-06,0.7035267987747702,0.9715621325995301,1.839152664193529,1.089091265795552,1.839152664193529,1.839152664193529,1.595615599491904,0.0,0.0,4.819603699468991,5.349516300531009,6.945131900022912,1.152960649360849e-05,1.003849024119776,0.9999999999999953,0.0,0.0,0.0,0.0,0.0,1.152960649360849e-05,1.003849024119776,2.395444852183434e-08,1.4325813464488514e-05,0.0,1.0507734488536634e-05,1.3074069831429903e-05,1.0047726811039335,2.252228546636431e-05,1.0104231294799546,0.01134298296948841,3.496741874858831e-06,0.7035268019636196,0.9715621372331301,1.839152663654544,1.089091265868509,1.839152663654544,1.074340847687901,1.473336956238422,1.074340847687901,1.473336956238422,1.473336956238422,1.278240491489725,0.0,0.0,4.819603647694045,5.349516352305955,6.62775684379568,1.3050115382908071e-05,1.0047583552904678,0.9999999999999958,0.0,0.0,0.0,0.0,0.0,1.3050115382908071e-05,1.0047583552904678,2.395444852183662e-08,1.432581346572093e-05
11.27912,0.0,4.421161e-06,2.623616e-06,1.000002,0.0,1.386090772403272e-05,1.7271949265060174e-05,1.0072831975807992,0.0,1.2966389388738044e-05,1.7255798134840384e-05,1.0072735384947817,1.7255798134840384e-05,1.0072735384947817,0.0,0.0,0.0,1.7255798134840384e-05,1.0072735384947817,0.0,0.0,0.0,6.2474150216735876e-06,1.7283284617099637e-05,1.0072899766197208,1.725230108253771e-05,1.0072714471037438,0.01134298292643851,1.9203298058953856e-05,0.7035267987739204,0.9715621325980291,1.839152664193704,1.0890912657955287,1.839152664193704,1.839152664193704,1.595615599489983,0.0,0.0,4.819603699463119,0.0,1.595615599489983,0.024655988819059015,1.0302440693698518,0.00010249507261030758,0.0,0.0,0.0,0.0,0.0,1.725230108253771e-05,1.0072714471037438,3.0983534561927036e-08,1.8529515976980917e-05,0.0,6.700789895716987e-06,7.804091156615942e-06,1.0016210021419645,1.7252306791569945e-05,1.0072714505179963,0.01134298296947587,3.4502976270869456e-06,0.703526801962848,0.9715621372317805,1.839152663654701,1.089091265868487,1.839152663654701,1.074340847687792,1.473336956238586,1.074340847687792,1.473336956238586,1.473336956238586,1.278240491488319,0.0,0.0,4.819603647688777,6.449516352311227,7.727756843799546,7.780136708094054e-06,1.0016066763284983,0.9999999999999949,0.0,0.0,0.0,0.0,0.0,7.780136708094054e-06,1.0016066763284983,2.395444852188855e-08,1.4325813466264876e-05
12.37912,0.0,-1.981884e-06,-4.072875e-06,0.9999965,0.0,9.719628532817174e-06,1.2001970590264175e-05,1.0041315186188398,0.0,9.696563841163368e-06,1.1985819460044365e-05,1.0041218595328227,1.1985819460044365e-05,1.0041218595328227,0.0,0.0,0.0,1.1985819460044365e-05,1.0041218595328227,0.0,0.0,0.0,9.558495358785033e-06,1.2035768049762201e-05,1.004151730985652,1.1982322407743272e-05,1.0041197681417855,0.011342982926424808,2.799711476435021e-06,0.7035267987730611,0.9715621325965534,1.839152664193875,1.089091265795505,1.839152664193875,1.839152664193875,1.5956155994880918,0.0,0.0,4.819603699457316,0.0,1.5956155994880918,0.02465598881950466,1.030244069368659,6.546768634610029e-103,0.0,0.0,0.0,0.0,0.0,1.1982322407743272e-05,1.0041197681417855,5.344564201892326e-08,3.196284386600746e-05,0.0,9.283764300544729e-06,1.2035775418784593e-05,1.0041517353926526,1.198232811677521e-05,1.0041197715560382,0.01134298296946335,1.854121194274593e-06,0.7035268019620904,0.9715621372304319,1.839152663654858,1.089091265868466,1.839152663654858,1.074340847687685,1.473336956238747,1.074340847687685,1.473336956238747,1.473336956238747,1.2782404914869399,0.0,0.0,4.819603647683644,0.0,1.2782404914869399,0.07656130602956106,0.754245747181368,1.3351598034397066e-74,0.0,0.0,0.0,0.0,0.0,1.198232811677521e-05,1.0041197715560382,5.344730200938003e-08,3.196383661451087e-05
13.47912,0.0,-9.277035e-08,2.591831e-06,1.000002,0.0,5.9226961000890425e-06,6.731991915468143e-06,1.0009798396568803,0.0,5.921393154269904e-06,6.715840785248318e-06,1.000970180570864,6.715840785248318e-06,1.000970180570864,0.0,0.0,0.0,6.715840785248318e-06,1.000970180570864,0.0,0.0,0.0,5.944886211930811e-06,6.7657893749667495e-06,1.001000052023693,6.712343732948729e-06,1.0009680891798276,0.01134298292641077,3.4362247178329277e-06,0.7035267987722235,0.9715621325950425,1.839152664194051,1.089091265795481,1.839152664194051,1.839152664194051,1.595615599486166,0.0,0.0,4.819603699451594,0.0,1.595615599486166,0.024655988819958185,1.030244069367446,4.1816819544194615e-201,0.0,0.0,0.0,0.0,0.0,6.712343732948729e-06,1.0009680891798276,5.344564201801994e-08,3.196284386584789e-05,0.0,5.936869676956739e-06,6.7657967439891145e-06,1.0010000564306942,6.712349441980742e-06,1.0009680925940798,0.01134298296945102,3.4111127740695946e-06,0.703526801961343,0.9715621372291041,1.839152663655012,1.089091265868446,1.839152663655012,1.07434084768758,1.473336956238906,1.07434084768758,1.473336956238906,1.473336956238906,1.278240491485551,0.0,0.0,4.819603647678361,0.0,1.278240491485551,0.07656130603075306,0.7542457471786133,8.528169328798772e-173,0.0,0.0,0.0,0.0,0.0,6.712349441980742e-06,1.0009680925940798,5.3447302008372007e-08,3.1963836614290146e-05
14.1785,0.0,1.029385e-06,0.0,1.0,0.0,4.820258602430143e-06,6.475849773970962e-06,1.000826655394013,0.0,4.820181723971461e-06,6.475849773970962e-06,1.000826655394013,6.475849773970962e-06,1.000826655394013,0.0,0.0,0.0,6.475849773970962e-06,1.000826655394013,0.0,0.0,0.0,4.828766716606713e-06,6.475849773970927e-06,1.000826655394013,6.475849773970962e-06,1.000826655394013,0.01134298292640195,4.188724080626151e-07,0.7035267987716878,0.9715621325940926,1.8391526641941611,1.089091265795466,1.8391526641941611,1.8391526641941611,1.595615599484911,0.0,0.0,4.819603699448104,0.0,1.595615599484911,0.024655988820253945,1.030244069366654,1.5402578218240342e-263,0.0,0.0,0.0,0.0,0.0,6.475849773970962e-06,1.000826655394013,3.5487451311961644e-20,2.3050970128439603e-17,0.0,4.827286798120702e-06,6.475849773970931e-06,1.000826655394013,6.475849773970962e-06,1.000826655394013,0.01134298296944312,4.160114124046974e-07,0.7035268019608635,0.9715621372282539,1.839152663655111,1.089091265868432,1.839152663655111,1.074340847687512,1.473336956239008,1.074340847687512,1.473336956239008,1.473336956239008,1.278240491484682,0.0,0.0,4.819603647675066,0.0,1.278240491484682,0.07656130603149916,0.7542457471768889,3.1412125406222373e-235,0.0,0.0,0.0,0.0,0.0,6.475849773970962e-06,1.000826655394013,3.125228651092953e-20,4.6714019695511e-16
15.2785,0.0,-2.915341e-07,0.0,1.0,0.0,4.70320018904052e-06,6.475849773970962e-06,1.000826655394013,0.0,4.703270955158485e-06,6.475849773970962e-06,1.000826655394013,6.475849773970962e-06,1.000826655394013,0.0,0.0,0.0,6.475849773970962e-06,1.000826655394013,0.0,0.0,0.0,4.7093009048390665e-06,6.475849773970927e-06,1.000826655394012,6.475849773970962e-06,1.000826655394013,0.01134298292638898,7.159889410180332e-09,0.7035267987709005,0.971562132592696,1.839152664194324,1.089091265795444,1.839152664194324,1.839152664194324,1.5956155994830519,0.0,0.0,4.819603699442627,0.0,1.5956155994830519,0.02465598882069182,1.0302440693654829,4.260198526855e-312,0.0,0.0,0.0,0.0,0.0,6.475849773970962e-06,1.000826655394013,3.548745131268748e-20,8.881784197001252e-16,0.0,4.708553010819475e-06,6.475849773970933e-06,1.000826655394013,6.475849773970962e-06,1.000826655394013,0.01134298296943081,6.76464629852002e-09,0.703526801960113,0.9715621372269286,1.839152663655266,1.089091265868411,1.839152663655266,1.074340847687406,1.4733369562391678,1.074340847687406,1.4733369562391678,1.4733369562391678,1.278240491483277,0.0,0.0,4.819603647669913,0.0,1.278240491483277,0.07656130603270614,0.7542457471740995,4.260197564233e-312,0.0,0.0,0.0,0.0,0.0,6.475849773970962e-06,1.000826655394013,2.871118766970661e-20,0.0
16.3785,0.0,9.645596e-08,0.0,1.0,0.0,4.700225438217975e-06,6.475849773970962e-06,1.000826655394013,0.0,4.700300056311322e-06,6.475849773970962e-06,1.000826655394013,6.475849773970962e-06,1.000826655394013,0.0,0.0,0.0,6.475849773970962e-06,1.000826655394013,0.0,0.0,0.0,4.706243465335411e-06,6.475849773970927e-06,1.000826655394012,6.475849773970962e-06,1.000826655394013,0.01134298292637752,3.3769016467176033e-09,0.7035267987701829,0.971562132591462,1.839152664194468,1.089091265795425,1.839152664194468,1.839152664194468,1.5956155994813608,0.0,0.0,4.819603699437757,0.0,1.5956155994813608,0.024655988821090276,1.030244069364417,4.260198524756e-312,0.0,0.0,0.0,0.0,0.0,6.475849773970962e-06,1.000826655394013,3.5487451315240185e-20,8.881784197001252e-16,0.0,4.705516041475503e-06,6.475849773970933e-06,1.000826655394013,6.475849773970962e-06,1.000826655394013,0.01134298296941883,3.7030551631304015e-09,0.7035268019593633,0.9715621372256388,1.839152663655416,1.089091265868391,1.839152663655416,1.074340847687301,1.473336956239327,1.074340847687301,1.473336956239327,1.473336956239327,1.278240491481949,0.0,0.0,4.819603647664855,0.0,1.278240491481949,0.07656130603384659,0.7542457471714639,4.260197561995e-312,0.0,0.0,0.0,0.0,0.0,6.475849773970962e-06,1.000826655394013,2.871118767242408e-20,0.0
17.4785,0.0,-1.780048e-08,0.0,1.0,0.0,4.700149842264568e-06,6.475849773970962e-06,1.000826655394013,0.0,4.700224560787297e-06,6.475849773970962e-06,1.000826655394013,6.475849773970962e-06,1.000826655394013,0.0,0.0,0.0,6.475849773970962e-06,1.000826655394013,0.0,0.0,0.0,4.706165217698232e-06,6.475849773970927e-06,1.000826655394012,6.475849773970962e-06,1.000826655394013,0.011342982926365939,3.646564874909852e-09,0.7035267987694634,0.9715621325902148,1.839152664194613,1.089091265795405,1.839152664194613,1.839152664194613,1.595615599479751,0.0,0.0,4.819603699432942,0.0,1.595615599479751,0.024655988821469306,1.030244069363403,4.26019852249e-312,0.0,0.0,0.0,0.0,0.0,6.475849773970962e-06,1.000826655394013,3.548745131799148e-20,8.881784197001252e-16,0.0,4.705438361923354e-06,6.475849773970933e-06,1.000826655394013,6.475849773970962e-06,1.000826655394013,0.01134298296940649,3.9707978609404195e-09,0.7035268019586168,0.9715621372243098,1.83915266365557,1.08909126586837,1.83915266365557,1.074340847687195,1.4733369562394858,1.074340847687195,1.4733369562394858,1.473336956239485,1.278240491480603,0.0,0.0,4.819603647659894,0.0,1.278240491480603,0.07656130603500211,0.7542457471687936,4.260197559865e-312,0.0,0.0,0.0,0.0,0.0,6.475849773970962e-06,1.000826655394013,2.871118767501061e-20,0.0
18.5785,0.0,1.667166e-08,0.0,1.0,0.0,4.700147921179836e-06,6.475849773970962e-06,1.000826655394013,0.0,4.700222642319364e-06,6.475849773970962e-06,1.000826655394013,6.475849773970962e-06,1.000826655394013,0.0,0.0,0.0,6.475849773970962e-06,1.000826655394013,0.0,0.0,0.0,4.706163215142436e-06,6.475849773970927e-06,1.000826655394012,6.475849773970962e-06,1.000826655394013,0.01134298292635457,3.653466240986055e-09,0.7035267987687382,0.9715621325889919,1.839152664194755,1.089091265795386,1.839152664194755,1.839152664194755,1.595615599478146,0.0,0.0,4.819603699428181,0.0,1.595615599478146,0.024655988821847337,1.030244069362391,4.260198520314e-312,0.0,0.0,0.0,0.0,0.0,6.475849773970962e-06,1.000826655394013,3.548745132063293e-20,8.881784197001252e-16,0.0,4.705436375037105e-06,6.475849773970933e-06,1.000826655394013,6.475849773970962e-06,1.000826655394013,0.01134298296939407,3.977646179532565e-09,0.7035268019578733,0.9715621372229732,1.839152663655726,1.089091265868349,1.839152663655726,1.07434084768709,1.473336956239644,1.07434084768709,1.473336956239644,1.473336956239643,1.278240491479248,0.0,0.0,4.819603647654921,0.0,1.278240491479248,0.0765613060361654,0.7542457471661053,4.260197557563e-312,0.0,0.0,0.0,0.0,0.0,6.475849773970962e-06,1.000826655394013,2.871118767781046e-20,0.0
19.6785,0.0,6.520202e-09,0.0,1.0,0.0,4.700147872360223e-06,6.475849773970962e-06,1.000826655394013,0.0,4.700222593567877e-06,6.475849773970962e-06,1.000826655394013,6.475849773970962e-06,1.000826655394013,0.0,0.0,0.0,6.475849773970962e-06,1.000826655394013,0.0,0.0,0.0,4.706163163891851e-06,6.475849773970927e-06,1.000826655394012,6.475849773970962e-06,1.000826655394013,0.01134298292634313,3.6536428650062668e-09,0.7035267987680266,0.9715621325877595,1.839152664194898,1.089091265795367,1.839152664194898,1.839152664194898,1.5956155994765289,0.0,0.0,4.819603699423312,0.0,1.5956155994765289,0.024655988822228476,1.030244069361371,4.260198518096e-312,0.0,0.0,0.0,0.0,0.0,6.475849773970962e-06,1.000826655394013,3.5487451323329295e-20,8.881784197001252e-16,0.0,4.705436324216526e-06,6.475849773970933e-06,1.000826655394013,6.475849773970962e-06,1.000826655394013,0.01134298296938174,3.977821344775481e-09,0.7035268019571203,0.9715621372216455,1.83915266365588,1.089091265868328,1.83915266365588,1.074340847686984,1.473336956239803,1.074340847686984,1.473336956239803,1.473336956239804,1.2782404914779302,0.0,0.0,4.819603647649868,0.0,1.2782404914779302,0.07656130603729736,0.7542457471634897,4.260197555423e-312,0.0,0.0,0.0,0.0,0.0,6.475849773970962e-06,1.000826655394013,2.8711187680403356e-20,0.0
20.7785,0.0,9.582981e-09,0.0,1.0,0.0,4.700147871119572e-06,6.475849773970962e-06,1.000826655394013,0.0,4.700222592329009e-06,6.475849773970962e-06,1.000826655394013,6.475849773970962e-06,1.000826655394013,0.0,0.0,0.0,6.475849773970962e-06,1.000826655394013,0.0,0.0,0.0,4.706163162580228e-06,6.475849773970927e-06,1.000826655394012,6.475849773970962e-06,1.000826655394013,0.01134298292633148,3.653647385418163e-09,0.7035267987673139,0.9715621325865053,1.839152664195044,1.089091265795347,1.839152664195044,1.839152664195044,1.595615599474888,0.0,0.0,4.819603699418589,0.0,1.595615599474888,0.024655988822614886,1.030244069360338,4.26019851583e-312,0.0,0.0,0.0,0.0,0.0,6.475849773970962e-06,1.000826655394013,3.548745132608059e-20,8.881784197001252e-16,0.0,4.7054363229166295e-06,6.475849773970933e-06,1.000826655394013,6.475849773970962e-06,1.000826655394013,0.0113429829693694,3.977825827039591e-09,0.7035268019563811,0.9715621372203171,1.839152663656035,1.089091265868307,1.839152663656035,1.07434084768688,1.473336956239961,1.07434084768688,1.473336956239961,1.473336956239961,1.278240491476567,0.0,0.0,4.819603647644936,0.0,1.278240491476567,0.076561306038468,0.754245747160784,4.26019755322e-312,0.0,0.0,0.0,0.0,0.0,6.475849773970962e-06,1.000826655394013,2.8711187683080645e-20,0.0
21.8785,0.0,8.681045e-09,0.0,1.0,0.0,4.700147871088047e-06,6.475849773970962e-06,1.000826655394013,0.0,4.7002225922975924e-06,6.475849773970962e-06,1.000826655394013,6.475849773970962e-06,1.000826655394013,0.0,0.0,0.0,6.475849773970962e-06,1.000826655394013,0.0,0.0,0.0,4.70616316254675e-06,6.475849773970927e-06,1.000826655394012,6.475849773970962e-06,1.000826655394013,0.01134298292632008,3.6536475018576877e-09,0.703526798766615,0.9715621325852779,1.839152664195187,1.089091265795328,1.839152664195187,1.839152664195187,1.595615599473221,0.0,0.0,4.819603699413689,0.0,1.595615599473221,0.024655988823007575,1.030244069359287,4.260198513654e-312,0.0,0.0,0.0,0.0,0.0,6.475849773970962e-06,1.000826655394013,3.548745132872204e-20,8.881784197001252e-16,0.0,4.7054363228834275e-06,6.475849773970933e-06,1.000826655394013,6.475849773970962e-06,1.000826655394013,0.0113429829693574,3.977825941470879e-09,0.7035268019556445,0.971562137219025,1.839152663656185,1.089091265868287,1.839152663656185,1.074340847686776,1.473336956240117,1.074340847686776,1.473336956240117,1.473336956240118,1.278240491475239,0.0,0.0,4.819603647639962,0.0,1.278240491475239,0.07656130603960842,0.7542457471581485,4.260197551036e-312,0.0,0.0,0.0,0.0,0.0,6.475849773970962e-06,1.000826655394013,2.871118768573482e-20,0.0
22.0,0.0,8.77601e-09,0.0,1.0,0.0,4.700161924690324e-06,6.475849773970962e-06,1.000826655394013,0.0,4.700225627499366e-06,6.475849773970962e-06,1.000826655394013,6.475849773970962e-06,1.000826655394013,0.0,0.0,0.0,6.475849773970962e-06,1.000826655394013,0.0,0.0,0.0,4.70613418916119e-06,6.475849773970923e-06,1.000826655394012,6.475849773970962e-06,1.000826655394013,0.01134298292631877,4.873707064550863e-10,0.7035267987665272,0.9715621325851368,1.839152664195203,1.089091265795325,1.839152664195203,1.839152664195203,1.59561559947304,0.0,0.0,4.819603699413198,0.0,1.59561559947304,0.0246559888230502,1.030244069359173,4.929066422775e-312,0.0,0.0,0.0,0.0,0.0,6.475849773970962e-06,1.000826655394013,3.896351557369782e-20,6.661338147750939e-16,0.0,4.705395350985651e-06,6.475849773970932e-06,1.000826655394013,6.475849773970962e-06,1.000826655394013,0.01134298296935612,3.929240489832647e-10,0.7035268019555556,0.9715621372188866,1.839152663656201,1.089091265868285,1.839152663656201,1.074340847686764,1.473336956240136,1.074340847686764,1.473336956240136,1.473336956240136,1.27824049147509,0.0,0.0,4.819603647639395,0.0,1.27824049147509,0.0765613060397361,0.7542457471578539,4.92906611615e-312,0.0,0.0,0.0,0.0,0.0,6.475849773970962e-06,1.000826655394013,3.049318610115481e-20,2.220446049250313e-16
