time_ns,silicon_ku,silicon_kd,silicon_pad,hspice_ku,hspice_kd,hspice_pad,pybis_ku,pybis_kd,pybis_pad
0.0,-1.8887904123185403e-10,1.000510231091209,7.302222e-09,0.0,1.0,7.470019e-09,0.01037261059666253,0.9955068926751472,0.006283825057311975
0.001,-1.8887904123185403e-10,1.000510231091209,7.302222e-09,0.0,1.0,7.470019e-09,0.01037261059666253,0.9955068926751462,0.00628376778795585
0.002,-1.8887904123185403e-10,1.000510231091209,7.302222e-09,0.0,1.0,7.470019e-09,0.01037261059666253,0.9955068926751461,0.006283722998789451
0.0052,-1.8887904123185403e-10,1.000510231091209,7.302222e-09,0.0,1.0,7.470019e-09,0.01037261059666253,0.9955068926751467,0.006283816691348734
0.01544,-1.8887904123185403e-10,1.000510231091209,7.302222e-09,0.0,1.0,7.470019e-09,0.01037261059666253,0.9955068926751485,0.006282874056790047
0.048208,-1.8887904123185403e-10,1.000510231091209,7.302222e-09,0.0,1.0,7.470019e-09,0.01037261059666253,0.9955068926751514,0.006279976489276799
0.1530656,-1.8887904123185403e-10,1.000510231091209,7.302222e-09,0.0,1.0,7.470019e-09,0.01037261059666253,0.9955068926751515,0.006274678430364155
0.4886099,-1.8887904123185403e-10,1.000510231091209,7.302222e-09,0.0,1.0,7.470019e-09,0.01037261059666253,0.9955068926751515,0.006271247241618609
1.562352,-1.8887904123185403e-10,1.000510231091209,7.302222e-09,0.0,1.0,7.470019e-09,0.01037261059666253,0.9955068926751515,0.006271042512292256
2.662352,-1.8887904123185403e-10,1.000510231091209,7.302222e-09,0.0,1.0,7.470019e-09,0.01037261059666253,0.9955068926751515,0.006271042491725401
3.762352,-1.8887904123185403e-10,1.000510231091209,7.302222e-09,0.0,1.0,7.470019e-09,0.01037261059666253,0.9955068926751515,0.006271042491723822
4.862352,-1.8887904123185403e-10,1.000510231091209,7.302222e-09,0.0,1.0,7.470019e-09,0.01037261059666253,0.9955068926751515,0.006271042491723822
5.0,0.004896716302245302,0.9992128728665843,7.302222e-09,0.0,1.0,7.470019e-09,0.01037261059666253,0.9955068926751512,0.006271237075231135
5.0003,0.004860457227116853,0.9992243111696838,3.512709866482075e-06,0.0,1.0,7.470019e-09,0.01037261059666253,0.9955068926751511,0.006271240941470117
5.001259999999999,0.004744428186705988,0.9992609137396018,1.473001432880811e-05,0.0,1.0,7.470019e-09,0.01037261059666253,0.9955068926751511,0.006271321373845379
5.004332,0.003705685533991935,0.9995926733865693,4.923332841664607e-05,0.0,1.0,7.470019e-09,0.010372610596662526,0.9955068926751514,0.006271648140024773
5.010221,0.0019479750148291414,1.0001971081945968,0.00010891120538235744,0.0,1.0,7.470019e-09,0.01037261059666253,0.9955068926751515,0.006271714741424643
5.011221,0.001621649766514718,1.000311235562251,0.00011775812251531938,0.0,1.0,7.470019e-09,0.01037261059666253,0.9955068926751515,0.0062717109825947874
5.012220999999999,0.0012953245182005847,1.0004253629299051,0.00012660503964827345,0.0,1.0,7.470019e-09,0.01037261059666253,0.9955068926751515,0.006271706068358976
5.012621,0.0011647944188745835,1.0004710138769668,0.0001301438065014645,0.004570847,0.9977215,9.451137e-06,0.01037261059666253,0.9955068926751515,0.0062717041026646506
5.013076,0.0010163164308916847,1.0005229418292494,0.00013416915379695776,0.008727732,0.9956463,2.506348e-05,0.01037261059666253,0.9955068926751515,0.006271701833758567
5.014192,0.000652137453772727,1.0006503079715514,0.00014404231331734493,0.01891849,0.9905589,0.0001043579,0.01037261059666253,0.9955068926751515,0.0062716958659381206
5.016005,0.00017259791001709993,1.0008833804655797,0.000158027200913643,0.02169832,0.9893525,0.0002921786,0.01037261059666253,0.9955068926751515,0.006271686088132252
5.0182,0.00016128089113378775,1.0012984180328663,0.0001645241550839955,0.02224103,0.9893381,0.0005343535,0.01037261059666253,0.9955068926751515,0.0062716742106345555
5.020833,0.0001477056242910773,1.001796274030436,0.00017231754020041073,0.009348288,0.9941916,0.0007356579,0.01037261059666253,0.9955068926751515,0.00627166013633524
5.025,0.00012622133377319057,1.0025841836171714,0.0001846513935160638,-0.009348746,1.00085,0.0007098656,0.015967780122041947,0.9921508844179775,0.006336322109667575
5.0290170000000005,-0.0015658111803412307,1.0017904392738826,0.00017929403904382382,-0.01004997,1.002701,0.0004872814,0.018593594922990002,0.9900645800495197,0.006477403190553829
5.034745,-0.00170638308487674,1.0024882264542967,0.00016520110517928465,-0.01115686,1.006358,0.0001566483,0.00543124354847426,0.9940287344538745,0.006594286226710844
5.04072,-0.005991956650742019,1.0012289996929675,0.00011774166497719681,-0.009922806,0.9978059,-0.0001693952,-0.005488163809008311,0.9962513656643096,0.006238246713111771
5.05,-0.01084356096818273,1.0008239872974076,4.293456e-05,-0.004679053,1.008834,-0.0004936916,-0.010500560063767322,0.993518186422051,0.005366906821771368
5.0502460000000005,-0.010715800675673038,1.0007051408187693,3.763189516777521e-05,-0.004689331,1.008848,-0.0004985994,-0.01055509870497415,0.993416300531737,0.005342222941741729
5.05074,-0.009967760163942394,1.0008406712970763,2.7031478517037876e-05,-0.004709956,1.008875,-0.0005084538,-0.0106597959658207,0.9932103147741256,0.005292620540436586
5.05232,-0.007130365168946582,1.0013520927745252,-6.555658272834941e-06,-0.003937109,1.007245,-0.0005366487,-0.01055764382154129,0.9928242490340572,0.005134387266951123
5.055618,-0.0041976981879175215,1.0012361183566545,-7.297707946791988e-05,-0.0008491516,1.000889,-0.0005617689,-0.009232480583496414,0.9930350607145794,0.004827435584943055
5.060655,-0.0021216164140896217,1.0009739045496813,-0.00015307665256143673,-0.0005954368,1.000476,-0.0005561434,-0.008466310068743729,0.9919962641231009,0.004399015623964602
5.066488,-0.0013639521606853002,1.0006865785092947,-0.0002293538785670591,-0.0005523641,1.000511,-0.0005455569,-0.007081224255274831,0.9902960136712697,0.003956136561397067
5.074625,-0.0003698405578807819,1.0003261567062052,-0.0003318293385970984,-0.0004761816,1.000575,-0.0005292267,-0.006239964190503,0.9861087389638952,0.0034175285376891566
5.100662000000001,-0.00047077015003994235,0.999317303328357,-0.00044699732024564806,4.910591e-05,0.9984921,-0.0004475487,-0.004084076997282486,0.9626988356620141,0.0020897565206887438
5.133995,0.0010377193948244456,0.9992657353758666,-0.0004225021013595075,0.001264842,1.001052,-0.0002351882,0.00966995297620113,0.961905661544253,0.0020348324187296906
5.167328,0.0014743557704868966,0.999203220745433,-0.00019151928015799532,0.001770631,1.000501,5.346808e-05,0.021691205998415897,0.9522977867914574,0.003984988577750159
5.200662,0.002104633487392355,0.9999851335046431,0.00012090056772162404,0.002270173,1.000917,0.0003453014,0.031507287347635214,0.9521132103236879,0.007090084202704984
5.233995,0.002598597604755177,1.000813061064917,0.00043851602474634,0.002652665,1.000263,0.0006309372,0.03977951938762545,0.9465566522328149,0.010801825173645517
5.267328,0.0030273043981182807,1.0018542631020582,0.0007652828213149344,0.003040449,1.000586,0.000903317,0.04662583400506859,0.938174388714291,0.014777345079949787
5.300662,0.00318626150693347,1.0021476873113104,0.0010469134748292098,0.003533424,1.000995,0.00117404,0.05234255456233496,0.9424282764302547,0.018734879084188312
5.333995,0.003981361406397593,1.00288035645493,0.0013266423528327928,0.004051184,1.001425,0.001453298,0.05718443047625685,0.9470672214664384,0.02251951172180774
5.367328,0.0050269113908660975,1.003711907683917,0.0016462262837005253,0.004740385,1.00318,0.001753546,0.061306258253166275,0.9570966274001044,0.026037234809307114
5.400662,0.0057661808003258595,1.0045023538496338,0.0020030651614154804,0.005320727,1.003452,0.002074204,0.06470892315302984,0.954509179464136,0.02925083607469694
5.433995,0.005422243770060337,1.0066859912702923,0.0023943620364590343,0.005892622,1.003928,0.002401403,0.06755148184473411,0.9531796042862948,0.032161386278361306
5.467328,0.000814346120302191,1.0083368481951034,0.0025646123705481178,-0.003279831,1.009334,0.001995819,0.06371330366540832,0.9538271987935912,0.034505968222978974
5.500661999999999,-0.00559089478366104,1.0082057280587298,0.0018919474450967873,-0.005911921,1.01034,0.0007996628,0.0619641138072376,0.9529389903982932,0.035572790807525165
5.533995,-0.014699133640311645,1.0070468742130023,0.0005983540775565684,-0.009260298,1.005416,-0.0005465665,0.06074117230677601,0.95585912119218,0.0362043645992566
5.567328,-0.02160743184831834,1.0036045432325742,-0.001679187337032179,-0.02406844,1.001928,-0.002922328,0.04919861165559188,0.9521608783158011,0.03594576888028433
5.600662,-0.02779401234646209,0.9993164734158315,-0.0047565176722812914,-0.03014638,0.9941915,-0.006276384,0.0432751610933799,0.9500848270370034,0.034186606417691806
5.63335,-0.03470377471370608,0.9907734396297645,-0.007976792724068696,-0.03505678,0.9832719,-0.009568507,0.03898642662808995,0.9441704678163739,0.03217191413201374
5.666684,-0.04176527892246336,0.9789201585545254,-0.011508651791478934,-0.0408015,0.9794093,-0.01290816,0.03327506688909581,0.9386108488144687,0.02994157360117898
5.700017,-0.04874988985499674,0.9613602479033307,-0.01538133599201148,-0.05151978,0.9525795,-0.01669927,0.023741038401620795,0.9157143056526388,0.027345893964836252
5.728504,-0.057031558524704595,0.9462481356983441,-0.018875065376099783,-0.05753028,0.9420224,-0.02033186,-0.018286365716060134,0.8982696169404435,0.020715359496106235
5.7556080000000005,-0.06477928699933048,0.9199855062281949,-0.022266983723671998,-0.06429978,0.935019,-0.02389888,-0.028531953012108507,0.9351846136983945,0.013666970685308658
5.763941,-0.0712322886385935,0.9125932974843388,-0.02368082856735983,-0.07772431,0.9061255,-0.02528178,-0.03315732624067098,0.9201887626196761,0.011510218413582324
5.768381,-0.0746705854438651,0.9086545711165575,-0.024434155233143347,-0.08267717,0.8968852,-0.02620058,-0.036676597310509,0.9116978199555982,0.010311117891650741
5.780137,-0.08377432806611175,0.8982258172472692,-0.026428774215790096,-0.087183,0.8903513,-0.02877056,-0.049355345851116735,0.8967582676818453,0.006889480936756388
5.78593,-0.08826037612758435,0.8930868438579546,-0.027411661912836026,-0.08941547,0.8888781,-0.03005215,-0.05444603182673435,0.8937516500010063,0.005059883361137693
5.79916,-0.09874782245897343,0.8811980183080415,-0.02965637177506947,-0.09424695,0.8810781,-0.0330076,-0.061684294187246046,0.8864297612789834,0.000769739272122952
5.8172310000000005,-0.10884129946597279,0.8671841410948206,-0.03287328324944378,-0.1009316,0.8715763,-0.03710592,-0.07068640269650928,0.8754375405015987,-0.005105254185589977
5.838738,-0.11030656037759662,0.8247164621776897,-0.038698106559828756,-0.1010084,0.8259171,-0.04175382,-0.080756501918298,0.8550244377841836,-0.012068285823184212
5.856618,-0.11529983135887434,0.7741058733944589,-0.04354061554712052,-0.08453111,0.7283813,-0.04465564,-0.07413942806449379,0.7509117547543779,-0.0175277620716653
5.861379,-0.11662941542721128,0.7606295303744939,-0.04483005544021322,-0.08495168,0.7240248,-0.04523056,-0.07133485388964891,0.7369849709359849,-0.018700826587931846
5.872168,-0.09070788184696431,0.7721597958994822,-0.04718538275210215,-0.08583554,0.7115882,-0.04652303,-0.0672754365940547,0.724707241317732,-0.021008858495003575
5.882776,-0.08622580679513492,0.7670205198390938,-0.04933835665488057,-0.08688791,0.7032478,-0.04778207,-0.06856542212124041,0.7137038652611231,-0.023093297620505524
5.901236,-0.07596533223787842,0.6631640131414889,-0.052898625825284276,-0.08832394,0.6832248,-0.04994726,-0.07144690137824504,0.6931781312103343,-0.02660689980427739
5.911042,-0.0731249400878497,0.6187293269387908,-0.05366992970969901,-0.08904124,0.6723933,-0.05108479,-0.07311125788618555,0.6834435612134028,-0.02843228903126409
5.914965,-0.0722859750850699,0.6055181347309059,-0.053978498457257496,-0.08938095,0.6692795,-0.05153747,-0.07379148433856342,0.678001879941654,-0.0291560971426369
5.921240999999999,-0.06842773348247241,0.5459590458790515,-0.05447214552829426,-0.0818805,0.5822956,-0.05220743,-0.07456221073060613,0.6410269910972745,-0.030316068970386398
5.923738,-0.06653326584955851,0.5167739028498393,-0.054668550362006706,-0.08191966,0.5787746,-0.05245244,-0.07413785196942115,0.615783189783258,-0.030782617625268106
5.925421,-0.06525637797363029,0.4971028593103344,-0.0548009289503679,-0.06293786,0.517115,-0.05254994,-0.07387246136883986,0.5934920354875585,-0.03109686848145054
5.92747,-0.03537524712231138,0.5086801530235908,-0.05496209575224077,-0.03774159,0.4358287,-0.05247849,-0.07368362442332674,0.563699604654002,-0.03148138556560372
5.929349,-0.034245724155213327,0.49718407640656176,-0.05510989097953179,-0.02539304,0.395232,-0.0522665,-0.07361124943287371,0.5359607739257591,-0.03183802930781154
5.931383,-0.033023026063102215,0.4847396805369341,-0.055269877936588656,-0.02437285,0.3909538,-0.05198295,-0.07360840297515096,0.5072461371907359,-0.032229536218957966
5.932629,-0.032274018283962355,0.4771164173837599,-0.055367883712642174,-0.02218875,0.3884062,-0.05180168,-0.06776348880254476,0.4868210257690601,-0.03246003895699586
5.934664000000001,-0.031050719062012358,0.46466590332540497,-0.05552794932602012,-0.01415646,0.3843539,-0.05145656,-0.05642037594040912,0.45365552794615843,-0.03274144044916807
5.9399750000000004,-0.02785811848816691,0.43217220299915743,-0.055351782097567116,-0.005643046,0.3737509,-0.05035873,-0.04184698352069919,0.39985594216899173,-0.033139281720941084
5.944107000000001,-0.025374249994261702,0.40689184718140814,-0.05481963317236541,-0.00358882,0.3623111,-0.04942611,-0.024534908730278332,0.38299200309495224,-0.03319725950759444
5.951829,-0.02073232537907941,0.3596471938356598,-0.05382513801253797,-0.0003423154,0.3481565,-0.04765664,-0.004521873924461581,0.3658446744948536,-0.03240985414048282
5.96136,-0.015514140876735881,0.3036693627320141,-0.05259766671386974,0.00284437,0.3348636,-0.04544288,0.0047761288088404375,0.3503564774006444,-0.03084530042525342
5.976152,-0.008180323005189453,0.22028508100595784,-0.05069264568250887,0.009582378,0.3022695,-0.04191659,0.011662778125623476,0.3227275279757064,-0.028093857044208696
5.991128,0.033382292525487446,0.1881105770566602,-0.04876392779678278,0.01746581,0.2201719,-0.03823016,0.01643430077823038,0.27093544769358546,-0.02515512120242034
5.998429,0.03899582561034805,0.12485777331034126,-0.0478236520700409,0.02452441,0.08775159,-0.0364095,0.019793445347618833,0.2020717436911899,-0.02370004253195121
6.002774,0.04180279934092759,0.09009104063194123,-0.0467933957953557,0.02824266,0.0129276,-0.03532334,0.02180647373950992,0.13967987140679466,-0.022853319029747226
6.00971,0.04619959853039922,0.035045092432303124,-0.0446340263061509,0.03437808,-0.04063084,-0.03353316,0.027330421174860894,0.044481215623251774,-0.021428533082528088
6.015533,0.05300628375907441,0.004580761787804527,-0.042694790734523425,0.05589895,-0.04540583,-0.03167499,0.03349812839650629,-0.010435344462678228,-0.020172531996262483
6.023258,0.06751069479275595,-0.008161006173078845,-0.03990540316068826,0.08483015,-0.02528327,-0.02824366,0.04207185690183699,-0.034671220353144086,-0.018315873621840277
6.031581,0.08313790683590408,-0.021889127174816267,-0.03578341972237195,0.09893385,-0.02124659,-0.02369029,0.07909036996210836,-0.023864413715176006,-0.015484543142261262
6.039305,0.09583740800619234,-0.04048585321330738,-0.031958092307070474,0.1024257,-0.04586469,-0.01921592,0.09705222689053786,-0.015509854400912607,-0.011622753620595417
6.051889,0.1013425561591471,-0.12010760625722652,-0.025725839563135008,0.1073972,-0.08214758,-0.01188028,0.10132230557386374,-0.05460551279656403,-0.004828562677306414
6.0612200000000005,0.1047934441929302,-0.17049875368262477,-0.021104641982583296,0.1101775,-0.1237223,-0.006422559,0.10479645471039215,-0.0835314659298702,0.00020823084003340596
6.075266999999999,0.1076862461104859,-0.21481353791591223,-0.012823141343926876,0.1142911,-0.1625013,0.001820506,0.10891777599602274,-0.1319175825337085,0.007879370731276113
6.086944,0.11009097651493542,-0.2516515627961121,-0.004015946939825963,0.1168501,-0.1913438,0.008704171,0.11296499568462366,-0.16613237689638033,0.014332855142999215
6.090971,0.1109202862125219,-0.2643557441948061,-0.0009786452471557024,0.1175893,-0.2019753,0.0110811,0.11411436363918481,-0.177419969424826,0.016585507557294904
6.097413,0.18124345910730952,-0.2551968222478051,0.003880132379907888,0.1218085,-0.2193384,0.01493903,0.11561747223789347,-0.18895439353920526,0.02020519977069344
6.105214999999999,0.1837827065866451,-0.2591743460705202,0.009764668711224386,0.2177452,-0.1998545,0.02156363,0.11879626170002261,-0.19826754564777552,0.02462639917981284
6.110982,0.18763349979604324,-0.22410075343706773,0.014114338157867525,0.249576,-0.2075083,0.02830195,0.15030297424163805,-0.20390941480599048,0.028324359443251797
6.115958,0.19187111726759665,-0.17633849428444187,0.017867408240491888,0.2642734,-0.2183497,0.03466816,0.19567322127582723,-0.20269772061466623,0.03253502058427508
6.124283,0.19770487582927174,-0.1543181778284652,0.025169233800588185,0.266819,-0.2432406,0.0456055,0.24759712677585,-0.2137953150312818,0.041701372339140466
6.127196,0.19974616576202325,-0.14661305088116816,0.027922608253745596,0.2675417,-0.2520162,0.04943757,0.2559045286093866,-0.215852240619347,0.04529619902448438
6.1295269999999995,0.20137961815929215,-0.14044736227349514,0.030125874937683338,0.2680312,-0.2590647,0.05250349,0.2602643381575297,-0.2119571331280499,0.04823168460344619
6.131391,0.20268581947568423,-0.13551692745380184,0.03188773212295184,0.268368,-0.2647214,0.05495652,0.26278710950188905,-0.20641895247440412,0.05059917936166929
6.1328830000000005,0.20373134113022157,-0.13157046353159976,0.03329797403304917,0.2698741,-0.2570103,0.05692094,0.26367756348787885,-0.20705212574716203,0.05250455564472485
6.1355450000000005,0.20559674236639916,-0.12452925243180304,0.03653493721750617,0.27452,-0.2256127,0.06044033,0.26466684455809913,-0.20733299596739746,0.05590430106630569
6.13651,0.20627296783330795,-0.12197674728105054,0.03774483373501149,0.276461,-0.2122032,0.06172204,0.26507605478084023,-0.20585091643327114,0.057135596230334595
6.139598,0.20843688932741633,-0.11380873079864161,0.04161650259102896,0.2772977,-0.2206875,0.06582958,0.26671898851815834,-0.1969147039106234,0.061075037620449205
6.141863,0.2100240921072591,-0.10781761767278265,0.044456311515536015,0.2840875,-0.1758225,0.06885765,0.26826996442357115,-0.18843481856342947,0.0639622916202334
6.142863,0.21072484388643953,-0.10517253461500684,0.0457100902901535,0.2926394,-0.1102489,0.07020828,0.2689198031217947,-0.18753832408070537,0.06523855817692456
6.143298,0.21102967091038255,-0.10402192348487602,0.046255484057111315,0.2963566,-0.0817463,0.07080009,0.2692255271600925,-0.18699437227666973,0.06579324504748224
6.14362,0.211255312983279,-0.1031702067402709,0.046659200822538764,0.2978166,-0.07167719,0.07124019,0.26945806728196847,-0.1865513386545079,0.0662040088828348
6.1443,0.22189676290801036,-0.10099461414887319,0.04751177038927839,0.2985127,-0.07078343,0.07216989,0.27000741760404934,-0.18551766333415515,0.06707238012663636
6.14521,0.2390524724387421,-0.09797506738412053,0.04865270907417904,0.2994444,-0.06958738,0.07341502,0.27093224023703216,-0.18395786410439968,0.06823575513530128
6.146013,0.2541909721675265,-0.0953105662279675,0.04965949343019696,0.3001723,-0.06927961,0.07451574,0.2719760746501364,-0.18237408514755843,0.06926504645444966
6.148585000000001,0.3026794171269635,-0.08677619888845994,0.05288421243851291,0.3018647,-0.07348123,0.07804159,0.27590833718127306,-0.17681683549032223,0.07257815529401457
6.150642,0.33049499417773814,-0.08116422157570392,0.055463235377899905,0.3036004,-0.07440308,0.08086668,0.2798280235164515,-0.17181978105017368,0.07525277321187714
6.154364999999999,0.3348463280982597,-0.07609765109792441,0.06013105375579803,0.3062663,-0.07866887,0.08598996,0.2883161854698199,-0.11951441559357626,0.08014831308545184
6.160009,0.34144287084535374,-0.06841682279370845,0.06720738115973701,0.3065333,-0.08536308,0.09372583,0.2970251460220067,-0.060623657827161385,0.08758651269717008
6.164873999999999,0.3471289410906778,-0.06179612298860447,0.07330701489824862,0.3095624,-0.09387932,0.1003828,0.3011772331129984,-0.05566474057829739,0.09399517855799523
6.170429,0.3538728590401084,-0.05465208340868195,0.08027175599124779,0.3164122,-0.09822494,0.1080396,0.3042716588018322,-0.06516852110459159,0.10133047450602481
6.180042,0.36842482857218384,-0.028164892297385544,0.09286763529361262,0.3183018,-0.1269461,0.1213764,0.3112952768187932,-0.0923596621945201,0.11414093777668194
6.188842999999999,0.46117664614688625,-0.019449291371602714,0.10812245825837773,0.3818043,-0.09193398,0.1347754,0.3175077916840302,-0.09377202955271927,0.12597863129863224
6.19064,0.4820182205195466,-0.018085793574668274,0.11123720849899771,0.4731552,-0.04505397,0.1381392,0.3218795398314931,-0.08614011936826838,0.12841284676675382
6.1924030000000005,0.5024654634906063,-0.016748093732712223,0.11429302634775235,0.611199,0.02741077,0.1423857,0.32678439428056993,-0.07777368643106394,0.13082370771043025
6.19392,0.5200596027912787,-0.01559704968265746,0.11692245100830766,0.6162279,0.02646778,0.1465379,0.33144499523455007,-0.07109715865887617,0.13291383578524799
6.195025,0.5290302515075332,-0.014165439546305917,0.11883775374391335,0.6182106,0.02484711,0.14957,0.34196390848869407,-0.0644331441498233,0.13447408130470373
6.196194,0.5316782263653659,-0.011595378539281585,0.12086398804067641,0.6202841,0.02311847,0.1527813,0.35854347028951017,-0.057333641608631185,0.13619737396022918
6.197128999999999,0.5337961532191482,-0.009539769436145696,0.12248462881695696,0.6230985,0.02204046,0.155355,0.3756679140534846,-0.05186618534891246,0.13767013252054308
6.197877,0.5354904947021768,-0.007895282153634253,0.12378114143798356,0.6528176,0.02842512,0.1574697,0.3900542138999629,-0.047536503416209984,0.13886663835001964
6.198906,0.5378213468225443,-0.005633012883978173,0.12556471294471505,0.6936985,0.03720769,0.1605511,0.4125910810623747,-0.04168860730296855,0.14066403200586747
6.199909,0.5400933047202396,-0.003427904936976367,0.12730321850472628,0.7175158,0.04148055,0.1637057,0.43502053394050477,-0.03598680965282367,0.14245666544613508
6.20133,0.5433121005055085,-0.00030381880268995874,0.12976624582354554,0.726315,0.04086132,0.1682751,0.4673143634044553,-0.027648840448418022,0.14523891198728464
6.202221,0.5453303602132326,0.0016550557544180288,0.13131062115153214,0.7300067,0.03998621,0.1711608,0.4902634042859844,-0.017132921055014367,0.14706403345854005
6.203838,0.5489931278309541,0.005210050321021552,0.1341133763763968,0.7335526,0.03756007,0.1764081,0.5339494585748068,0.008021663645803876,0.15066440243888765
6.209013000000001,0.5607153433051072,0.01658735204159654,0.1430832330793479,0.7453484,0.03136605,0.1932481,0.6432418513537211,0.05774878303703089,0.16401118645855495
6.2133020000000005,0.6223547117641427,0.028239852292696245,0.15051738098252748,0.754221,0.02450632,0.2072587,0.6971719881736639,0.06226088966806977,0.17656823658653656
6.223403,0.7414018870638882,0.03151592306518293,0.17312776718995354,0.7738052,0.007406895,0.2404165,0.7416905562866928,0.0336138864866563,0.2082639143277518
6.227492,0.7787441126681667,0.030562532024968433,0.18239212847331207,0.7815269,0.0009847687,0.2538981,0.7495096603773033,0.0227532088127894,0.22134993151454896
6.2307630000000005,0.808616066679327,0.029799865824786824,0.18980316436420847,0.7892726,0.0006687599,0.2647107,0.7559779598783238,0.016438681687907998,0.23184596263975712
6.239803,0.8665625912877162,0.03734985175818577,0.21051124102664806,0.8309812,0.04725266,0.294859,0.7747113526662825,0.015298920884565253,0.26098883349337376
6.241793,0.8739058391428365,0.04113595772001281,0.21591362127075192,0.8400995,0.05625341,0.3015686,0.7803937367409145,0.01803016719411401,0.26741561149686455
6.2472259999999995,0.8939540128096,0.05147259776554114,0.23066293376633445,0.8563843,0.06069099,0.319928,0.7997387034669867,0.03416370732714339,0.28502348156860224
6.253936,1.0422925678811488,0.08067975949576167,0.24887899981554995,0.8883786,0.06035883,0.3429609,0.824455794344996,0.055461646992505935,0.3069453075391016
6.260384,1.0695035381953397,0.07334339347603205,0.2663837977120212,0.9404971,0.05697814,0.3660214,0.8539273832513399,0.07678094114986445,0.32815897471937633
6.266002,1.0932118556930341,0.0669513797820427,0.28248056288288775,1.062536,0.06653847,0.3881813,0.8882870435309905,0.0727802454138454,0.347078762111072
6.26879,1.1049773931055593,0.06377926618666346,0.29197770209523427,1.070363,0.06305678,0.3999357,0.9168079623147781,0.06902165457675613,0.3568499634118586
6.272081,1.1188656225261555,0.0600348523264075,0.30318827782975155,1.093791,0.05839761,0.4139616,0.9563462074467922,0.06560923484326499,0.368816978122164
6.275258,1.1174771664033512,0.05431175886654963,0.3140105200383696,1.102648,0.05421594,0.42765,1.0021606738377669,0.06542105911433908,0.3810173296698865
6.2790490000000005,1.1152169272785053,0.04739660563674468,0.32692431299174607,1.114497,0.05129255,0.4440251,1.042749878891389,0.0635896784111796,0.3962226415887946
6.283923,1.1260639039568123,0.04842016997169483,0.3435272744411623,1.12858,0.04596798,0.4651592,1.0753261258544466,0.059243751885576325,0.4164632696162229
6.293333,1.1732544127707518,0.06931855650453272,0.3755818225000529,1.151163,0.02961923,0.5061485,1.1079825330470383,0.0489856613486429,0.4562856502227796
6.299891000000001,1.1921663125757087,0.07692471790538,0.39792121954258597,1.166861,0.02011628,0.534843,1.1256354219195608,0.043398713933659856,0.48428487449679025
6.313771,1.1581800469875387,0.05601331853466115,0.4462802932488297,1.205522,0.01723951,0.5957573,1.161883456990423,0.031931626257569234,0.5436910527293054
6.3179,1.1488357335286985,0.04996509565463396,0.46205703271975795,1.186903,0.02545567,0.6135346,1.171984586413784,0.027878507128548915,0.5614486539698471
6.31841,1.1476815557946198,0.049218039789093775,0.46400572178010613,1.180095,0.02868315,0.6156614,1.172984058283506,0.027699288248801038,0.5636366371493526
6.319353,1.1455474585333725,0.04783671884555586,0.46760888606227896,1.162078,0.0376377,0.6195246,1.1748321013681098,0.027367909026051563,0.5676822609498892
6.320051,1.143967819203203,0.046814277680562316,0.47027591540369484,1.148728,0.04427307,0.6223068,1.176159036897454,0.027181793361564986,0.5706772110256859
6.321687,1.140265398079769,0.044417839649145016,0.47652700423257166,1.138137,0.04985446,0.6286714,1.179100289838992,0.02701812805204542,0.5776991679842927
6.323387,1.136418138966174,0.04192765343067818,0.48302263443373095,1.142307,0.04833867,0.6352046,1.180623420598572,0.029077210908804753,0.5849814671291103
6.325672,1.1312469700987855,0.03858055018997569,0.4917535256158736,1.144354,0.04747864,0.6439776,1.1771482594747757,0.032208080589195776,0.5946708374278865
6.328131,1.125682022945652,0.034978569065735585,0.5011492636539008,1.124251,0.05411632,0.6532063,1.1700885799451035,0.03453853622134808,0.6049120312307144
6.331382,1.1183247056643033,0.030216454126775243,0.5136818235023692,1.131584,0.05165424,0.6651649,1.1582175588217687,0.03646524904290349,0.6181808153833812
6.332344,1.1161476096247278,0.028807301690207423,0.5174090955300951,1.133833,0.0508935,0.668707,1.1525752318180331,0.0388879597409605,0.6220363662748112
6.335421999999999,1.1091818075355278,0.024298599819361874,0.5293348162175524,1.139054,0.04610858,0.6800491,1.1341757198100266,0.047430259846031525,0.6340018020688023
6.342307,1.1368100814426565,0.034334842316832336,0.5560107703868712,1.153417,0.03871861,0.70549,1.1211481309317997,0.05397681717515732,0.6595278813272915
6.349507,1.1684304306644873,0.046100627166765995,0.5834629883274746,1.170284,0.03257915,0.7322016,1.132702667146072,0.04842293759231477,0.6857224433973969
6.365715,1.159728588595548,0.045833960569492335,0.6450713004906823,1.200015,0.01734903,0.7925309,1.1690632378242505,0.034047879591096265,0.7448406300767382
6.382036,1.125141210217791,0.033905732927149844,0.7071091375350897,1.258607,0.03040378,0.8535897,1.2020095001094329,0.021736582678348174,0.8047504639178926
6.389242,1.1460347806438302,0.03591445710722627,0.7343925121550284,1.236511,0.05074976,0.8796342,1.2320287371972374,0.02408420911785856,0.8314815679520693
6.399095,1.1746032443418262,0.038661051521088646,0.7698997565731798,1.16086,0.04353513,0.9115504,1.227125578380321,0.04386736098983292,0.8673042166645487
6.401527,1.1816547518738998,0.03933898896293508,0.7786639520897675,1.165488,0.04131335,0.91887,1.2213703464577235,0.045694718509763456,0.8757154651967906
6.402997999999999,1.1859198701221227,0.03974904076267023,0.7839649930457288,1.168482,0.04065868,0.9233083,1.2055367937074997,0.04567749967000648,0.8806995149124975
6.406747999999999,1.1967928772131093,0.04079438015696483,0.7974788635996796,1.171068,0.04051851,0.934563,1.1731300437240304,0.04470566958735295,0.8927793492141695
6.4127209999999994,1.2141114029076323,0.04245939674419719,0.8190037566180116,1.178886,0.03880873,0.9523578,1.1454424371021759,0.0425434060223547,0.9107961307831025
6.419283,1.15826650795304,0.03790013634054595,0.8426512282380196,1.18862,0.03289569,0.9718602,1.1553276583367726,0.039796560205841984,0.9300336129367955
6.422744,1.115244801717318,0.03433779016932337,0.8551236298346112,1.196437,0.03223447,0.9821609,1.161374604865087,0.03809611322123686,0.940163624065601
6.425311000000001,1.110487287428427,0.032944076287380025,0.8643743246911451,1.202352,0.0316932,0.9898107,1.1672788307112356,0.03644717417324133,0.947707886600899
6.427364,1.109458748709805,0.031957091376345365,0.8717727183570781,1.206642,0.03081769,0.9959378,1.1712617087514656,0.03529243802442951,0.9537428138852796
6.4290069999999995,1.108635617139081,0.03116721499600917,0.8776403030874499,1.195783,0.02947897,1.000788,1.174115699317203,0.03447339215349473,0.9585596930676686
6.429854,1.1082112760311056,0.030760017616736423,0.880412271504045,1.185185,0.02858049,1.003214,1.175533177825929,0.034067893036062766,0.9610409438938823
6.430699,1.1077879369092176,0.030353781742491613,0.8831776945406709,1.170748,0.02753214,1.0056,1.1768353513563252,0.03369205249739666,0.9635267327677337
6.433401,1.1064342537052632,0.029054788449935885,0.892020502877906,1.123879,0.02418596,1.012804,1.1823011613520953,0.0325903838059877,0.9714836817316086
6.435782,1.1052413892683222,0.027910116714342025,0.8998127777302203,1.127449,0.02309263,1.018862,1.1836636179108342,0.031586357815246366,0.9784937986369452
6.438117,1.104071570511389,0.0267875595943872,0.9074545088432647,1.106925,0.02108095,1.024671,1.1798022941754622,0.030661495888124748,0.9852763642716182
6.440286,1.1029849165997023,0.025744807391739698,0.9145529734189362,1.05851,0.01807867,1.029683,1.1735537267486715,0.029861217683191853,0.9914652505189097
6.441307,1.1024734027021312,0.02525395907504876,0.9178943898927755,1.0572,0.01751637,1.031911,1.1699020237448168,0.029490151712133143,0.9943537286195532
6.442979,1.101635742333141,0.024450140871809245,0.9233663275463126,1.057275,0.01668085,1.035542,1.1545321418123793,0.027775346346621377,0.9990084968071511
6.444842,1.1007023922928127,0.02355449893841496,0.9294633489868268,1.059219,0.01582037,1.039579,1.1358852297559283,0.025766937329357694,1.0040059456048425
6.450438,1.0978988352205228,0.020864207870635202,0.9477773221382559,1.065039,0.01322313,1.051694,1.0926562758278475,0.022074117969978355,1.0179572824525944
6.456834000000001,1.094694483713309,0.017789314791735702,0.9687094472770259,1.076662,0.01040352,1.065595,1.0641431465508773,0.018159782336814166,1.0325939481081345
6.468818,1.0886905830781548,0.012027976665168173,1.007929364047348,1.081636,0.00514332,1.091499,1.068378891442817,0.013236417664319166,1.0582493216787627
6.473241,1.0996001807400921,0.01779216769251072,1.0224044718473437,1.091312,0.002586393,1.101072,1.073725730064667,0.011514721987618515,1.0677894119513236
6.477196,1.1122809083476508,0.02564895296541711,1.03340664487705,1.096421,0.001257016,1.10963,1.0758314496182997,0.009478893103819261,1.0762966452968754
6.4863539999999995,1.094102437269333,0.0223702371937692,1.058285252663933,1.125975,0.01315685,1.129489,1.0890436059585773,0.00695790137394907,1.0959071192432497
6.494591,1.0777521352086084,0.01942125468546316,1.0806618733606548,1.151121,0.02479282,1.147366,1.1103288521102324,0.011871034194461488,1.1136885996253842
6.5049090000000005,1.0606439057805002,0.015885516324362962,1.1086917352459023,1.170206,0.02181209,1.169839,1.1387160804807002,0.02104210631600808,1.1361013821938903
6.517995,1.04344312314742,0.011612282438173489,1.1442411413934412,1.129001,0.01916127,1.196589,1.1642590001536477,0.022591786740568255,1.1645271419095664
6.523629000000001,1.0360375592352398,0.009772499485797292,1.159546456557377,1.056942,0.01622863,1.206261,1.1528259810888069,0.021713653939057546,1.1765797574736754
6.525932,1.0330104002558744,0.009020454732634171,1.1658027825819657,1.052952,0.01561471,1.209756,1.1393590849335187,0.021083597866450705,1.1812784790533932
6.530403,1.0331968211328861,0.010411587121079065,1.1779486938524566,1.025773,0.0140173,1.216149,1.1195987154493763,0.020436868401432582,1.189887696000264
6.534074,1.0441463712130201,0.01663062932815051,1.1866829689725324,1.027625,0.01322949,1.221118,1.0864827439887874,0.01872142238866667,1.196515356519226
6.535519,1.0439945854617159,0.01645971559145292,1.1896192736520839,1.028353,0.01291888,1.223066,1.073009855092592,0.017984036539745632,1.1989221558397503
6.540145,1.0428141574370753,0.015504911686061211,1.1990195127161734,1.030634,0.011922,1.229284,1.0416235704709802,0.016482477738100545,1.2060091307841978
6.554947,1.039037093965236,0.01244978686816055,1.2290978392675478,1.038007,0.008715811,1.248945,1.0219428840199665,0.01202343518076974,1.2261149946347365
6.588281,1.030050936679116,0.006211860671093217,1.2968340193285859,1.067532,0.01135879,1.292125,1.0486489268448944,0.006031173103092121,1.2696090822981778
6.595229,1.0393047632940482,0.010038171065031515,1.3084506234768967,1.073965,0.01205927,1.300951,1.0577782067157964,0.008828324625224902,1.2785951294076618
6.6007869999999995,1.0303225266215499,0.010569604836802656,1.3171481560590153,1.074952,0.01135042,1.307934,1.0644516411217182,0.010595316763102606,1.2858036380279645
6.605234,1.0201253682410607,0.009836272603827058,1.32395632940305,1.077723,0.01080885,1.313463,1.068804163184793,0.011321488636061803,1.2915268691902775
6.6079740000000005,1.0193573746477598,0.009463898473824593,1.3281511562442132,1.053401,0.01013692,1.316693,1.0710832905436931,0.011486446909605,1.2950286411668397
6.612203,1.0181720297915304,0.00888916482572964,1.3346255805913945,1.050702,0.009559207,1.321358,1.0713092678655964,0.011415790154535416,1.3003707703202856
6.615535,1.0172381047357353,0.008436336139171883,1.3392008982772927,1.024905,0.008811921,1.324768,1.0651430406667424,0.010951717294956852,1.3045037364069432
6.618937,1.016284559405659,0.007973994244913452,1.34339740050543,1.009571,0.008193492,1.327893,1.0604006499620706,0.010584348268117192,1.3085497322132926
6.622908,1.0151715292746382,0.00743432356234423,1.3482957868510905,1.009473,0.006051672,1.331375,1.0496364406128955,0.010027829099795943,1.3131308303650988
6.625108,1.0145548920829366,0.007135337034605017,1.3510095743002102,1.009119,0.004312722,1.333302,1.0375478149135582,0.009537809216244387,1.3155189217880012
6.630084,1.0131601708711613,0.006459083870045829,1.3571476680942185,1.011328,0.004557361,1.337642,1.021319725647619,0.00879409934693319,1.3204607916809912
6.638391,1.0108318048932232,0.0053301379218960564,1.3673946827941434,1.015098,0.005589729,1.344784,1.0104847029628223,0.005521105188489701,1.3281272665267942
6.6488,1.0079142701075783,0.0039155239367883515,1.380234598047726,1.017528,0.004304431,1.353563,1.0111247111706232,0.005538470651466226,1.3372081949714583
6.670273,1.0144008950896704,0.006140487332589836,1.4049590557046097,1.01948,0.0001122438,1.371106,1.0142150895646116,0.003525884582908846,1.3551767097300007
6.695889,1.0073862569976908,0.0038411361850805566,1.4268830143529898,1.028606,0.007205504,1.390597,1.0233130710041336,0.0013258976414890619,1.3757019734942497
6.722389,1.0078287352553943,0.004454968989660467,1.4485227380221888,1.007123,0.003269348,1.407831,1.0076296298713976,0.00520839665151485,1.3948116955277834
6.728384,1.0073080071248528,0.004187811882520105,1.4518637347069343,1.007363,0.004178965,1.411186,1.008704749736287,0.0062643345107263534,1.3984840115514545
6.736416999999999,1.0063189118872573,0.0037021178018667622,1.4563405030753345,1.012882,0.004004533,1.415714,1.0080698941459836,0.005724259199812676,1.40324575368513
6.742610999999999,1.0055562508762195,0.0033276139881524614,1.4597924019019086,1.011977,0.003653767,1.419178,1.007961802185723,0.0052310884429997056,1.4067855720425344
6.754226,1.0041261075692767,0.002625343759496981,1.4662654088232299,1.012802,0.003009697,1.425474,1.0103055045756315,0.0041971402212512745,1.413417910120245
6.768108000000001,1.0024168308248098,0.001786005376871486,1.4740018084858886,1.013253,0.002255727,1.432711,1.0103472115654881,0.0033953196730161198,1.4209877532297264
6.792715,1.0040240609365565,0.0027255135143350352,1.4866328678972764,0.9975994,-0.0004734399,1.444007,1.0116635855144422,0.0013702575483678977,1.4337077429424974
6.816217,1.0023192569394042,0.0017962707811757118,1.4946823513903877,1.001061,0.000877136,1.453255,1.0001230647011166,-0.00017593717250826324,1.4442292051938543
6.836101,1.0008768978772233,0.001010079712069234,1.501492662418259,0.9994592,-0.001589643,1.460559,1.001354317849259,0.0008534828544937962,1.452104381060863
6.860999,1.0021249335276652,0.0017956409665723684,1.5086553399789284,1.010209,0.004461272,1.469147,1.0108280355559542,0.003928966655847261,1.4614631632968496
6.886531,1.0011576079176945,0.0011620557231687683,1.5140228744630844,1.008253,0.00356538,1.477205,1.0010254476074543,-0.002481349974013323,1.4702488159165952
6.910055,1.0002663589889405,0.0005782996811107121,1.5189682716589674,0.9896491,-0.001988697,1.483311,1.0061123090560116,-0.00043270214820285426,1.477487556053542
6.9203790000000005,0.9998752157335222,0.00032210611801737187,1.5211386627765622,1.015411,0.002684983,1.485999,0.9918349440921748,-0.0023840437732056386,1.4803982568764114
6.924506,1.0008451019300277,0.0009308445644875112,1.5220062726314936,1.017028,0.002687385,1.487241,0.9954354401667552,-0.00033759981009372366,1.4814033728443559
6.927912999999999,1.0013765427818229,0.0012622200498106735,1.5224413824873582,1.00391,0.002667898,1.488159,0.9989991883434879,0.0011886890335999572,1.4822429052526678
6.934939,1.001231359315728,0.001158854584933409,1.5233009802854764,0.9969854,0.002657613,1.489703,1.005667415392648,0.0023580419926371677,1.4839834811984893
6.940144,1.0011238045276518,0.0010822794006626825,1.5239377873647826,0.9969854,0.002657613,1.490739,1.0093134297629136,0.0026026293767434845,1.4853439932480028
6.948822,1.0009444845562927,0.0009546099579919179,1.52499949953274,1.011497,0.0005036308,1.49275,1.0018032980448448,0.002686523716758987,1.487527619114511
6.952872,1.00086079639266,0.0008950269615852973,1.525494997836523,0.9850876,-0.008462995,1.493691,1.002504421524872,0.0023484324789282344,1.4884236447090764
6.9586239999999995,1.0007419385365572,0.0008104043948369484,1.5261987277731548,0.9890332,-0.004969689,1.494808,1.008526640855201,0.0012162507754216005,1.48986482424328
6.963397,1.0006433104859351,0.0007401847301829273,1.5267826817000574,0.9967203,0.001771918,1.495694,1.004279825473817,-0.0007907913548520002,1.4910486129941982
6.96907,1.000526085065617,0.0006567243996607611,1.5274767463611343,1.011575,0.001786632,1.496894,0.9938703913395596,-0.003753473378988063,1.492277437599898
6.972609,1.0004529560752229,0.0006046591590970548,1.5279097262369583,1.012466,0.001787515,1.497753,0.993544427394083,-0.003513211524246975,1.4930079855981342
6.975173,1.000399974235333,0.0005669379732238357,1.5282234194840938,1.007581,0.001782675,1.498345,0.9980853655820806,-0.001395801650895368,1.4935670671228938
6.983378999999999,1.0002304075511919,0.0004462125242083644,1.5292273846892401,1.000187,0.001775351,1.499975,1.0039253085123858,0.0012357562403639347,1.495293981968985
6.9897599999999995,1.000098552200046,0.00035233620320327134,1.5300080697945335,0.9980636,0.001773248,1.501072,1.0044922466733035,0.001659486338558883,1.4966320302330272
7.003445,0.9998157688619437,0.00015100452275275942,1.5316486763170587,1.003607,0.001778739,1.503428,1.0024180227977737,0.0018016901912886302,1.4992303500736484
7.014393,1.0008604347866321,0.0007709092173609675,1.5323893781338764,0.9986296,0.001773809,1.50523,1.0063770601808384,0.0018104912476313592,1.5014527363349015
7.029282,1.0011026844978308,0.0007168085751613686,1.5333967136609679,1.005059,-0.003112074,1.507811,1.000228308246969,0.0018049053647527149,1.5040436971796334
7.044455,1.0013495549973952,0.0006616759910996789,1.534423263593976,0.9983621,0.000887451,1.51031,1.0009132730879369,-0.0037583792093077778,1.5067529415285974
7.0602,1.0016057321552179,0.0006044649889213816,1.5354885129642533,0.9983621,0.000887451,1.512329,0.9967448460884162,-0.0045675023313429845,1.5093929658019816
7.078572,1.0019046516054255,0.000537708524518733,1.53673149558926,0.9983621,0.000887451,1.514522,0.9975780510414582,-0.001860499546026668,1.5120837868975667
7.104766,1.0004596967913135,0.0004411878150939851,1.5382152550312678,0.9996094,0.0008880693,1.517439,1.0056380538563192,0.0008336427955937506,1.5153899843894014
7.165145,1.0009207410084753,0.00032517874705567006,1.5402850979533826,1.015143,0.0008957684,1.525068,1.0034945889617084,0.0009039800633448648,1.5227351078904872
7.178259,1.001020877378138,0.00029998219000347575,1.5407346569073337,1.000272,0.0008883977,1.526494,1.0111294759848939,0.0009075108072021194,1.5242009358538249
7.180408,1.0010372867923827,0.00029585321325304337,1.5408083264354746,1.000272,0.0008883977,1.526649,1.0117981843582342,0.0009096060034144046,1.5244496357226245
7.1851769999999995,1.0010737021002156,0.00028669030486644083,1.54097181176805,1.000272,0.0008883977,1.526989,1.0103694476171767,0.0009066106878512345,1.5250707578426925
7.198156,1.0011728076318498,0.0002617531297878647,1.5414167428084138,0.9997578,0.0005158565,1.527882,1.0053996302773154,0.0009037873380796409,1.526453563522163
7.237373000000001,1.0003951242272924,0.00020436649976120707,1.5421035268257925,0.9990477,1.379619e-06,1.530304,0.9891411466233091,-0.007330024746463331,1.5291245839154188
7.276362,1.000519150929362,0.0001679480331048731,1.5427220911768198,0.9990477,1.379619e-06,1.532344,0.9933056554965635,-0.004304261321180702,1.5312031923501166
7.342621,1.0004057265818245,0.0001064638883533938,1.5436357083975858,1.000002,1.380347e-06,1.53526,1.0085260388109887,-2.333289990977767e-06,1.5344441276537293
7.45633,1.0004514218189073,5.980892979451716e-05,1.5443712088197328,1.0,0.0,1.538927,1.0072253144006231,7.524219086214999e-05,1.5409084179768062
7.557452,1.0003628780577414,3.578895740010095e-05,1.544674601040142,1.0,0.0,1.540971,1.0070482638230192,0.00011247907925310053,1.5444256330007848
7.71641,1.000332577134002,1.480150058426172e-05,1.5449242381607944,1.0,0.0,1.542865,1.0068118557962227,0.00014293177615049658,1.5475159531784817
7.948937,1.0003290275563284,4.530412837059377e-06,1.5450453743315509,1.0,0.0,1.544102,1.0065059541675159,0.00015718468511981425,1.5493138178271846
8.247205000000001,1.0003266652261533,6.229141865415056e-07,1.5450806294336061,1.0,0.0,1.544599,1.0061320177665203,0.00015591204394964118,1.549843501425666
8.630038,1.0003272225293836,-1.5811054393743847e-08,1.5450870403439005,1.0,0.0,1.54473,1.005660876602712,0.00014569750650459906,1.5496089426389537
9.161384,1.0003272826112934,-1.581105534339144e-08,1.545088,1.0,0.0,1.544747,1.0050077827539419,0.00012855016315243498,1.5490172343763706
10.0,0.9980298823909158,0.0023881189663329514,1.545088,1.0,0.0,1.544746,1.003974519854081,0.00010070700173148537,1.548006059795969
10.00563,0.9973560170017222,0.001989114277647049,1.545041427184466,1.0,0.0,1.544746,1.0039662054708598,0.00010048261434417622,1.5480274307491724
10.01028,0.9974407806492802,0.0021703269976452396,1.5449947475728154,1.0,0.0,1.544746,1.0039620796060644,0.00010037127409816523,1.547991794830034
10.02516,1.0030811434512528,8.082166568890968e-05,1.5449192032,1.0,0.0,1.544746,1.003942260312746,9.983639606686291e-05,1.5479991205267218
10.04507,1.0060970466840262,-0.004280748365061702,1.5450152053083528,1.0,0.0,1.544746,1.0007037368865643,0.007837646974818577,1.5461469203457818
10.04607,1.0063448762088378,-0.004528565261435553,1.5450234800936768,1.0,0.0,1.544746,1.00158553468103,0.007453468711297529,1.5460749600581647
10.04707,1.0065927057336495,-0.004776382157809404,1.5450317548790007,1.0,0.0,1.544746,1.0022083879352324,0.007278740396082978,1.546009213052257
10.04732,1.006654663114852,-0.004838336381902756,1.5450338235753318,0.9994072,0.0005746316,1.544744,1.0023489343195415,0.0072473262436172315,1.5459931402258273
10.04812,1.006852926734702,-0.005036589899002365,1.545040443403591,0.9980475,0.00188492,1.544734,1.002646934875208,0.007269348087361249,1.5459494620016927
10.05,1.0073188462413478,-0.005502485664185433,1.545056,0.9948517,0.004964595,1.544665,1.002036389266704,0.006965742755886004,1.545874841683172
10.050099999999999,1.007259867876939,-0.005507578386029695,1.5450584528301887,0.9946744,0.0051354,1.54466,1.001977762165654,0.006953043628706413,1.5458692893431358
10.05033,1.0071242176387951,-0.005519291646271835,1.5450640943396228,0.9942913,0.005504575,1.544647,1.0018436762680396,0.006929841073553007,1.5458580118224368
10.05105,1.0045189477236842,-0.006502340722025428,1.5450813783783783,0.9930654,0.006685934,1.5446,1.0014305224497901,0.006909010462460561,1.5458231614413744
10.05336,1.0019795896917927,-0.006048518578087142,1.5451322515856236,0.9891424,0.01046629,1.544391,1.0001634970715658,0.007286965596573572,1.5456982919799174
10.06074,1.0005802640397357,-0.0025207900837943636,1.5452591664464992,1.007737,0.003118117,1.544051,0.9927834686726205,0.009909197713883261,1.5451689858447042
10.06654,1.0018254267856423,-0.0016939114497248285,1.5453380832232497,1.007991,-0.005165588,1.544302,0.9843896658298605,0.012231505448432697,1.5444951818845858
10.0724,1.0030834705254723,-0.0008584788987511974,1.545417084092502,1.0011,-0.009108636,1.544681,0.977449919392432,0.015318701586275673,1.5435456334761921
10.08403,0.9981512282361482,-0.00021759014778083215,1.5454333840224246,0.9981518,-0.007887029,1.545254,0.9711149390455343,0.023790290730630662,1.5409686765055823
10.0943,0.9982115984815342,-5.266346977786824e-05,1.5454477778556412,0.9986166,-0.001855041,1.545459,0.9688959226700344,0.03220085391274787,1.5380713950784424
10.11213,0.9983164087517612,0.0002336697988484983,1.5454727673440785,0.9997097,-0.0009011851,1.545488,0.9660080564880531,0.04646494099962486,1.5319426096745177
10.12941,0.997026625247168,0.0004835522463081345,1.545372305326118,0.9997097,-0.0009011851,1.545506,0.9500664615539676,0.05746599173124434,1.5244707557041308
10.153609999999999,0.9975438241098167,0.000722777380516523,1.5451358883508972,0.9999076,0.001186287,1.545393,0.9577521634145095,0.06865693348148288,1.513050187207729
10.18695,0.9989017909924252,0.00128257239151968,1.5447437325949367,0.9896924,1.372478e-06,1.544481,0.9359836549174951,0.0693775712347291,1.4966320374926525
10.220279999999999,1.0012992042270532,0.001861849535376811,1.544345065241349,0.9990477,1.379619e-06,1.543741,0.944094133963457,0.07332169562092404,1.4812513096780535
10.24751,1.0031063681061347,0.001974340013383336,1.544103794357505,1.014256,0.01110232,1.543735,0.9290403669268483,0.0740594816629647,1.4697767730846822
10.28085,1.0055262419962756,0.0023314786807543614,1.5440217585205267,1.014283,0.0008953425,1.544691,0.9430309023251522,0.0752867974635467,1.4579003380875708
10.3061,1.0065784048769302,0.0020802329429868453,1.5440408280402789,1.000272,0.0008883977,1.545336,0.9428956284155073,0.0828202282131673,1.4489725367912183
10.333369999999999,1.007830047159522,0.0022468544003741682,1.5443733907919979,1.005006,0.004317929,1.545163,0.9425077743519787,0.07832496690861179,1.4401255705411065
10.35739,1.0089325204865431,0.0023936181483185806,1.54471634557413,1.004848,0.001779969,1.545195,0.9362891434493693,0.07900286552442348,1.4332357810872598
10.38382,1.010184858243511,0.0024977678555090695,1.5450980321371184,1.017691,0.00179269,1.54612,0.9382013988416761,0.07974248985445825,1.4265560114648548
10.41212,1.0113156964164436,0.003018834382372414,1.5457443373493975,1.008148,0.001783238,1.547196,0.9420485050502293,0.08045837931729527,1.4200231567085617
10.43475,1.0140149902441844,0.004209766723467178,1.5462773859832635,1.005518,0.001780632,1.547389,0.9470772345618912,0.08098002593894263,1.4155083315670969
10.460749999999999,1.017728749361295,0.004088163201613444,1.5469338146453089,1.00536,0.001780476,1.547438,0.948456956451309,0.08152257558846279,1.4109680674216352
10.49409,1.021781103873842,0.0012272760809485103,1.548147628883578,1.019538,0.00179452,1.548454,0.9492339278685475,0.08615623980056714,1.4057310823275924
10.527420000000001,1.0208099043568035,-0.002704822878980808,1.5500099292373897,1.019691,0.002757242,1.550227,0.9420521982204041,0.07573417385825673,1.4009846054723858
10.555290000000001,1.014924074117027,-0.006002458688439785,1.551973421706909,1.01326,-0.004604003,1.551678,0.9385374190833264,0.07293626318702716,1.3981922832603992
10.588629999999998,1.0010658616615276,-0.012845978918446207,1.5542343262230918,1.009076,-0.007341389,1.553437,0.9435004685336029,0.07428375288395696,1.3954277364893481
10.62196,0.9895189009926172,-0.017063910165218084,1.5563569668599833,0.9973772,-0.01161228,1.554544,0.9200770320748006,0.065777896226865,1.3920944201960663
10.655289999999999,0.9725042308242198,-0.02045015338864635,1.5575022541425019,0.9855332,-0.01865174,1.55497,0.9152295074065402,0.06276912357804473,1.3882856073134278
10.68863,0.9496846170097762,-0.027725498896232426,1.5573857506646411,0.979857,-0.02272909,1.555199,0.9098210569716499,0.059247449865787435,1.3847815188960215
10.721960000000001,0.9220059515116649,-0.0376361209278895,1.556395617095508,0.9462629,-0.03092304,1.553875,0.9185945183206513,0.04815504551252044,1.382455746725737
10.74941,0.8959230838434984,-0.04214788715973172,1.553525517880506,0.9159363,-0.03819762,1.550483,0.9078376477915551,0.043677564732349954,1.3825926187576167
10.78121,0.8492856320591399,-0.05509907671626845,1.5487486204628504,0.9017073,-0.04327857,1.545188,0.8880491930790341,0.039394616162113816,1.3817235823099887
10.81011,0.7929532115843092,-0.07231126775525978,1.542561426621978,0.8735396,-0.05141959,1.539471,0.8018545104613135,0.01770332402203131,1.3744759065285581
10.8353,0.7409684852794222,-0.07878614330931653,1.53423310725401,0.7957159,-0.07195644,1.531451,0.7818435843228098,0.010085625280135496,1.3663617970651538
10.84093,0.7293498267206087,-0.08023328699210094,1.532371716303567,0.7901163,-0.07266385,1.529097,0.7771377649137432,0.00815247989757389,1.3644144316857307
10.85747,0.6951144610861951,-0.09626354172006882,1.5253442262348558,0.7778609,-0.07761045,1.522094,0.7154094589518755,0.0038498088125802107,1.357486121863819
10.874270000000001,0.6531706807084242,-0.10149732204623915,1.5166901908201298,0.7568732,-0.08221131,1.514678,0.6441925343072215,-0.0019951478373357438,1.3449094205616081
10.884319999999999,0.6247610995234649,-0.10420774589512216,1.5115132232059652,0.6899712,-0.08601939,1.508774,0.6315357341537357,-0.004381421270171143,1.3364244081022618
10.89667,0.6056851818727348,-0.10183366910207906,1.5043911074840763,0.6369759,-0.08937581,1.498832,0.6177052371140093,-0.007052188175018024,1.325851046850646
10.9045,0.5831452132393836,-0.10327410792392054,1.499099,0.6278675,-0.09097564,1.491798,0.607036432598922,-0.009855544729574865,1.319051421770878
10.904819999999999,0.5815422915992792,-0.10325427329811458,1.4988648043478263,0.6274648,-0.09107667,1.491509,0.6066118634300993,-0.009927894847197046,1.3187649111684605
10.905280000000001,0.5817874413205694,-0.10182588471089697,1.4985335862068967,0.626889,-0.0912211,1.491097,0.6060061324301207,-0.010024602483356251,1.3183576823526195
10.90674,0.5793381424159,-0.09706283549639665,1.4974504086021512,0.6250468,-0.09168328,1.489777,0.6041172309528376,-0.010279567694753864,1.3170753270353348
10.91141,0.5620219576434597,-0.08999006706471072,1.4938072530612243,0.6191515,-0.09316224,1.485541,0.5957849950081298,-0.011600603045424285,1.3129976243366577
10.91472,0.5268432677509816,-0.08524051389084168,1.4909934485294105,0.615902,-0.09346959,1.482534,0.5859265434439028,-0.012335475672509654,1.309993842126535
10.91572,0.5288517753058337,-0.0827181851776122,1.4901261691176462,0.6149604,-0.0935299,1.481623,0.5826681381269424,-0.012494040792115075,1.3090529286591184
10.91672,0.530860282860686,-0.08019585646438272,1.4892462499999997,0.6140187,-0.0935902,1.480712,0.5785018779841818,-0.012603621313234394,1.3081002395719905
10.91832,0.5088693623100575,-0.0771178964666727,1.48774625,0.6125121,-0.09368669,1.479251,0.5698220015713347,-0.012743323413002628,1.3065360142188687
10.92344,0.5124921625222223,-0.06890420800192476,1.482913078384799,0.6061973,-0.09605189,1.474581,0.535712309836464,-0.012531831811693333,1.3011934457265855
10.9336,0.43855750245671127,-0.05036054917363065,1.4716540104098885,0.5897443,-0.0989928,1.465194,0.32236804622567944,0.07469538721047395,1.2827768402069446
10.946,0.3360615763596531,-0.04509292481839911,1.4557324749512044,0.5590874,-0.0952052,1.452833,0.29972734389605393,0.09646361495980312,1.2496816595162479
10.954500000000001,0.3168990028602765,-0.02249569837160961,1.44309,0.4395003,-0.0617013,1.440868,0.2865287428048066,0.0974766529222154,1.227025851790655
10.95499,0.31081558781232127,-0.022893458352155806,1.442305666666667,0.4296767,-0.05856588,1.439974,0.28573487727298563,0.09750267807997662,1.2257242184442412
10.95547,0.3125420093793739,-0.022639616745492672,1.4415336991150443,0.420093,-0.05550701,1.439088,0.2849718220902781,0.09742053541420649,1.2244479527281193
10.95701,0.2989845205802809,-0.021037909513602397,1.4390033480662976,0.3894253,-0.04571861,1.436063,0.2833580581323238,0.0981365541546956,1.2203456090690215
10.961920000000001,0.26397166951536705,-0.015842743449712215,1.4305153618307405,0.3274012,-0.02653391,1.425043,0.27737018532659324,0.10029160341326326,1.2073134079754504
10.96559,0.25878582603085937,-0.013200287923548451,1.4238431243523304,0.3191248,-0.02499288,1.416126,0.27191277858768154,0.1011087994906158,1.1975929740289624
10.96824,0.255041279645589,-0.011292247829724891,1.4190252962003458,0.3131549,-0.02394658,1.409627,0.2684297682624204,0.10156134981559246,1.190607015329558
10.97247,0.20805203067362182,-0.006585276194627365,1.41112096116505,0.3039038,-0.02300399,1.399224,0.2613636718879517,0.10191696445811128,1.17943466977539
10.986,0.12962753614561495,0.012607332475112622,1.3827958088112997,0.2814872,-0.01873849,1.365677,0.2373410925928328,0.09983940595784759,1.1438903089577508
11.00246,0.0408716325480782,0.03189680891131562,1.3428161526881721,0.2519471,-0.01779699,1.324533,0.15515109810111688,0.08910518036602126,1.0999843599140016
11.020240000000001,-0.03481677125288245,0.0635082023931454,1.2919874403560836,0.2201165,-0.01203037,1.279566,-0.05676646091463651,0.09458329434589352,1.0411611734759996
11.02648,-0.09865183946722728,0.07150734188794437,1.272736392284872,0.1829664,-0.004414183,1.263127,-0.09013068689431285,0.0951627682121182,1.0177282599043211
11.03266,-0.1493830396721715,0.0824011069376147,1.2528232629820875,0.100044,0.01595629,1.244929,-0.10540132375793437,0.0927519910829982,0.9942890183954713
11.03682,-0.15334007033354588,0.0938024142185735,1.2375418004858805,0.01394894,0.04737444,1.230658,-0.11350270177264661,0.0914156631238673,0.9786020025441826
11.04091,-0.1572305163443674,0.1050118725789368,1.2225174779836034,-0.05760384,0.07393775,1.214634,-0.12122565904779453,0.09215443221789174,0.9631863261936177
11.04565,-0.18469794408980852,0.1082169734966379,1.2051054269662933,-0.08994569,0.08800125,1.194626,-0.13027065528572898,0.09566541286171051,0.9453611094893086
11.050699999999999,-0.21704107911122522,0.11031917756327837,1.1865546131187412,-0.1173278,0.09475735,1.172645,-0.14121683287792194,0.10113334709820136,0.9262748145346802
11.05543,-0.24733474815109566,0.11228817265936,1.1691792963862764,-0.137356,0.09455381,1.151759,-0.15243346546554815,0.1025289887147647,0.9083600521559807
11.05921,-0.2715440650582258,0.11386170362409354,1.1552937367142413,-0.1327399,0.09133302,1.135157,-0.16083536891016312,0.09753679135424415,0.8940712830386603
11.06517,-0.30705893024323333,0.11623675388573888,1.1327771890325435,-0.1261359,0.08705277,1.109657,-0.16589786088751746,0.09501280627731726,0.8717687562353036
11.07081,-0.32468408373723956,0.11784671898353508,1.1086147048595625,-0.1436187,0.08917647,1.085806,-0.16505696478296522,0.10557927386754945,0.8509141355331373
11.07789,-0.34348079766982514,0.12652447821333104,1.0782830757913493,-0.1585532,0.09963993,1.055676,-0.16717517543033036,0.1293763599289513,0.8247972910873118
11.0849,-0.3547330667376823,0.14983316109020164,1.0482513357111025,-0.1770425,0.09923813,1.025767,-0.1762658430932782,0.151082097421321,0.7986272091581896
11.09425,-0.330120468319495,0.15982179611804426,1.004394648551043,-0.1845983,0.09751613,0.9862769,-0.19574013496275183,0.16357003663280972,0.7634337729642251
11.10509,-0.2888468700069351,0.16461799213598133,0.9525840397235799,-0.1770292,0.1339085,0.9411404,-0.22805131598028786,0.1701911296676931,0.7222486738335143
11.115530000000001,-0.2689185567264896,0.17955556494512132,0.899902669544583,-0.1989982,0.163216,0.8972281,-0.26173117016788966,0.17483482014095147,0.6820852935705883
11.12607,-0.28747451111243216,0.21476832136188795,0.8450276945445899,-0.2327131,0.1672252,0.8522787,-0.2959435428688752,0.17935512802114056,0.6410600370406245
11.14013,-0.09145092655495161,0.25194363791423763,0.7718263521821687,-0.2787747,0.1723013,0.7917103,-0.3406124965768944,0.17490940441086167,0.5857218775715846
11.15262,-0.05024481256272584,0.2646736207763337,0.7071891954579853,-0.3204156,0.1763176,0.7373959,-0.24729079451146946,0.17869489083623563,0.5398368490859023
11.17261,-0.022664459769192936,0.30710787647745624,0.6084936776684295,-0.3833048,0.18034,0.6498438,-0.08724582344326016,0.3055002045643669,0.48367488705142303
11.18024,-0.03167759590644456,0.323740452889839,0.570822502043907,-0.2783182,0.1884554,0.6186838,-0.07783147490060213,0.33544253589473627,0.4640511275164045
11.1843,-0.03566813517993047,0.3358969244209846,0.5507772893262641,-0.1710344,0.1967095,0.6045122,-0.0732681046619302,0.34329583924875845,0.4538373442908467
11.18839,-0.027939845455579884,0.34617969598397874,0.530583959273275,-0.11917,0.2259854,0.5918721,-0.06246097317295177,0.349310291872552,0.443822059636691
11.191980000000001,-0.0049423543585389446,0.3524955209750376,0.5140468366581897,-0.07363823,0.2516867,0.581527,-0.04926368078520995,0.3541427188826633,0.4353590040353841
11.19582,0.01965663333298795,0.35925116664792084,0.4989525017153748,-0.06323465,0.2936687,0.5707911,-0.033511503939297624,0.35960405842263676,0.42669666792841987
11.19993,0.024134901514800834,0.36989675991845006,0.48279684634688413,-0.05359976,0.3392296,0.5591633,-0.015810061103493,0.36737717777119,0.4178867297665933
11.204089999999999,0.020981379581645844,0.38187313201386713,0.4664446501588329,-0.06210615,0.3479993,0.5472878,0.0021921242443243534,0.37601337700815424,0.40942795889227146
11.20856,0.017592859619816298,0.39474197414524814,0.4488739008894505,-0.07213487,0.3550917,0.534476,0.020979743028789983,0.38568975071108574,0.40086122895994825
11.21322,0.014060308608156531,0.4081578140405973,0.4305562965057171,-0.0820374,0.3589652,0.5210865,0.030828228955530227,0.3943683334286513,0.3923454953773061
11.216809999999999,0.022833077979142913,0.41672718221649124,0.4164446656607398,-0.0892603,0.3619714,0.5107508,0.033014658831858,0.3997911607709448,0.3859715620595923
11.21949,0.036438259303383194,0.42204023800890217,0.40591007773189,-0.09329038,0.3642703,0.5030431,0.03314383442947954,0.40361525493307243,0.38128397332596453
11.22164,0.047352863723944316,0.4263025775438568,0.39745882249046566,-0.09651444,0.3661094,0.4968922,0.03281988027451337,0.4064136838771486,0.37754667064312186
11.22336,0.0536675859637979,0.4302414042994227,0.3917628456661563,-0.09909369,0.3675807,0.4919816,0.03237030722057444,0.40853865642509146,0.3745769394627358
11.22473,0.052921922324043115,0.43464268233987896,0.38772863415007774,-0.09234664,0.3697552,0.4880891,0.03190348769698966,0.4101372386250579,0.37222295290041535
11.22747,0.05143059504453258,0.4434452384207972,0.37966021111791537,-0.05536359,0.3767513,0.4806834,0.030841681855407175,0.4134745488943493,0.36753752125283423
11.229659999999999,0.05023862178098331,0.45048085806210847,0.37321136205206906,-0.02577716,0.3823482,0.4751627,0.02989914112223824,0.41593616785156107,0.3638079390679206
11.232560000000001,0.048660209696829285,0.4597974320163682,0.36467179022970453,0.01012924,0.38958,0.4683714,0.028583154143271297,0.41894251685102596,0.3588963874061432
11.23914,0.04507884710588956,0.48093641705739587,0.3452957962327687,0.04546512,0.4034,0.4543306,0.0281364133799514,0.42615923639723774,0.3479152051168097
11.244819999999999,0.044105374622246285,0.5130015974283809,0.32857001418070697,0.04575939,0.4104572,0.4429188,0.03448170573696085,0.4329769808368024,0.3387342720556266
11.2522,0.04404583384077633,0.5625267448746091,0.3068382762327708,0.0379934,0.4182192,0.4282732,0.046091255284245465,0.44458658016291863,0.3274124319410406
11.2599,0.08084003923433013,0.6021544645136142,0.2885759577841451,0.02900848,0.4252525,0.4131134,0.05883349914231595,0.4725060505356092,0.31630795732339845
11.27289,0.07370793807504723,0.6532663129307933,0.26185539130850033,0.01588017,0.4376407,0.3877816,0.07533678160001633,0.6223656581987234,0.297818460826788
11.28446,0.06735548153825788,0.6987908769174521,0.23805577975167386,0.03985641,0.4577123,0.3665308,0.07539399502393256,0.7122971201973306,0.28039754693041924
11.290759999999999,0.06389649483283233,0.7235795331936798,0.22509661356256333,0.06540936,0.4982661,0.3558773,0.07435272984998129,0.7310422635939662,0.27098968196019163
11.2959,0.06107440091761146,0.74380392894921,0.21452357956065166,0.07641154,0.5624128,0.3474312,0.07339796829086088,0.742826903525099,0.2634687528034928
11.30028,0.0806869379417801,0.7600677768502563,0.20768223463164243,0.08657318,0.6364539,0.3400963,0.0726103635883512,0.7518099243731028,0.25717253514591554
11.30249,0.07879000765837796,0.7643468606064205,0.20451724371980695,0.09173287,0.6745869,0.3363251,0.07220205449378345,0.7562443432245997,0.254036928086795
11.30403,0.07746816483646086,0.7673286655767766,0.20231177493961583,0.09531268,0.7010437,0.3336833,0.0719982965310308,0.7593133561805856,0.251874742919756
11.305259999999999,0.07641240725791602,0.7697102370790756,0.20055026416063088,0.09486328,0.7075229,0.3315615,0.07192045411864915,0.761756105577453,0.25015576907808396
11.307360000000001,0.07460989431893457,0.773776334765933,0.1975428067330915,0.092996,0.7137647,0.3279272,0.07202258880952399,0.7658068942587846,0.24724703221346442
11.30957,0.07271296403553243,0.7780554185220971,0.19437781582125604,0.09103124,0.7203322,0.324109,0.07232732543180484,0.7700559041132033,0.24421841398131913
11.31359,0.06926243926662973,0.7858390912369281,0.18862068303140272,0.08740748,0.7309264,0.317201,0.07312618692590328,0.7778601978841188,0.2388004833196284
11.324440000000001,0.059949455748567526,0.8068472626190053,0.17308215298913038,0.07701831,0.7523283,0.2987482,0.07601450852814566,0.801312022211005,0.22480936300742416
11.33075,0.05522390111924391,0.8193013725141485,0.16435800616258825,0.0709876,0.7646457,0.2881745,0.07777710369597737,0.8176359287742391,0.21706738231916528
11.34656,0.05867398437482286,0.8368862382940082,0.1477422005900349,0.05678375,0.7953042,0.2623447,0.08198542860550104,0.8567729958138647,0.19886157167267662
11.35735,0.04836113701736833,0.8406323688677512,0.13640225485139792,0.07302115,0.8248179,0.2459029,0.08205746724356125,0.8803057614471871,0.18740029734830227
11.37159,0.03875705624026294,0.8523352212724453,0.12143646918706244,0.08596081,0.8618148,0.2264586,0.0770325831791259,0.9120549110122501,0.17303668672057948
11.38471,0.03888792287579562,0.8740002330427199,0.11001272847266795,0.07686305,0.8889137,0.2098706,0.0752536351327143,0.9500479850517441,0.16051891665709492
11.40418,0.021876508284389765,0.8342860783586843,0.09465523383440466,0.06694211,0.9348099,0.186453,0.07207156418152047,1.0033999247810377,0.14328696055564133
11.41954,0.018800017963298804,0.8616157321337106,0.08328559567272732,0.08581472,0.9791414,0.1700137,0.06192628477710367,1.030776048311001,0.13047725765850912
11.438180000000001,0.001883216261111896,0.7992976847306406,0.0707506169224545,0.08083684,1.031868,0.1524869,0.04935788264385706,1.0164108900138906,0.11597656536418678
11.45249,-0.009253625743356583,0.7770005490266007,0.06240675992326406,0.07357861,1.056602,0.1399068,0.03939608463330492,1.0134617861435755,0.10560129737339491
11.45755,-0.011346324072789401,0.7750837401547332,0.059456381417609894,0.06969401,1.049417,0.1356412,0.033731903043327925,1.021786667077351,0.1020312290427623
11.47092,-0.009835561833891565,0.7913971302068834,0.0523156564335515,0.05736837,1.001168,0.1249405,0.019639715447318667,1.0461768590860694,0.09241176825451661
11.47518,-0.013751868915433386,0.7479996156420412,0.0501639387677091,0.0551887,1.008773,0.1216813,0.017565470532284317,1.0512183217935513,0.08939095229931472
11.482750000000001,-0.018870959216854395,0.7170124400888341,0.04634034657746778,0.05150884,1.025727,0.1160051,0.013923225280608043,1.0588010986790155,0.08415948702979019
11.49189,-0.024413153599278356,0.6956068233035,0.04172375045873662,0.04695565,1.046606,0.1093159,0.01015574851325342,1.0563748351871036,0.0781181324397521
11.50865,-0.025682560057203953,0.6838951136425845,0.03335921389090934,0.04454454,1.084979,0.0977766,0.0037787849267694245,1.0313147770073607,0.06794206761522475
11.51454,-0.02321931937219744,0.6887885756196532,0.03076330293361859,0.0499574,1.080744,0.09410556,0.0019385418864727056,1.035653805676727,0.06460666301629257
11.527,-0.02907256328539812,0.6045591985593453,0.02558396950133884,0.05350722,1.022265,0.08740017,-0.0017653823472939937,1.0509148814978144,0.057891657546451245
11.530569999999999,-0.03048989787043753,0.5931979023740862,0.02419238039491321,0.05242316,1.023732,0.08568539,-0.00305021951388143,1.0591210360796197,0.056037436096850794
11.5375,-0.0332411944178673,0.5711436215438749,0.021491060364792546,0.05077814,1.037157,0.08243913,-0.005199317858019686,1.0547025735586986,0.05254047013861835
11.54776,-0.035080892974381564,0.5455453513015189,0.017491703437081514,0.04827634,1.057358,0.07779979,-0.008520847792278189,1.0314144579109128,0.0476476684014899
11.55824,-0.027878162699715617,0.5480773609609112,0.013898293351286511,0.04566723,1.078857,0.07324911,-0.011947129867901689,1.01359059715754,0.04296879499791876
11.56494,-0.024934016903129352,0.5202244741174564,0.011791131399313808,0.04392021,1.09199,0.07043929,-0.013826207399840452,1.0034624153532308,0.04011636343452314
11.569139999999999,-0.02570164481310271,0.46531062690759734,0.010470223907032769,0.04280228,1.100051,0.06871505,-0.015538945809980664,1.0019709773167906,0.03838243677072933
11.57014,-0.025867773089771118,0.4614226194897952,0.010155722123155879,-0.04048709,0.9798041,0.06811849,-0.01587676799859217,1.0014507732948705,0.037972900146605676
11.570540000000001,-0.02593422440043854,0.459867416522673,0.01002992140960501,-0.04055381,0.9796173,0.06780427,-0.01600870440821116,1.0012304323583034,0.03780933785784484
11.57129,-0.0260588206079394,0.4569514109593317,0.009794045071698182,-0.04068404,0.9795079,0.06722066,-0.016221812800851526,1.0006856843999603,0.037505367759747645
11.57188,-0.02615683629117377,0.4546574865828283,0.009608489019210804,-0.04078672,0.9794217,0.06676272,-0.016389458069729215,1.0002571493393957,0.03726624461591031
11.57376,-0.02646915745130997,0.44734803263736966,0.009017225665523012,-0.04113325,0.9791306,0.06531047,-0.016878661487046275,0.9987172970943003,0.036509442077586565
11.57979,-0.027470910959619087,0.4239033479080549,0.00712077990874797,-0.04226911,0.9781765,0.06079362,-0.0188318287737149,0.984660702556411,0.03413738033894547
11.59413,-0.0277972288988477,0.37206080297388866,0.0035290973894488028,-0.04863146,0.9563236,0.05070786,-0.02327017742218093,0.9815117451618,0.028766983101995307
11.60694,-0.0022023137731028014,0.37499866711890184,0.001547598626157881,-0.051822,0.9511986,0.04241633,-0.0297150994686622,0.9807194337724571,0.024137439356347445
11.61973,0.0045959916296295636,0.30398170563458876,2.2228822526796244e-05,-0.05458846,0.9481883,0.03480126,-0.03528628116222755,0.9848678685117406,0.019604005872197017
11.63957,0.012279665903282475,0.20814401695182358,-0.002343942944794503,-0.05888712,0.941364,0.02413707,-0.0419064699632391,0.954489629659931,0.012911333093756897
11.66793,0.03786359166810481,0.08547870381663412,-0.002220837682643485,-0.07697624,0.9074131,0.01017294,-0.05263270877563577,0.9032838164727433,0.00414030658142228
11.69285,0.04208015966094225,-0.0020973082675086324,0.00019273701455273804,-0.09002744,0.8879777,-0.001481677,-0.07438521269777748,0.8874985345137367,-0.004109102468269708
11.71552,0.08808839029895578,-0.06610972148589318,0.006756347360044958,-0.09820584,0.8715891,-0.01138074,-0.0847942592424602,0.8756570714324018,-0.012041529671991371
11.72475,0.09023158589281269,-0.09528507525525856,0.009786824533877442,-0.1017431,0.8703198,-0.01519188,-0.08897441204355357,0.8714421425898129,-0.015217636340617454
11.73952,0.09412794417870303,-0.09890146812382362,0.01463624467011845,-0.1069878,0.862483,-0.0210668,-0.09561334127459586,0.8543236211024641,-0.020220144043617706
11.74963,0.09702623758681805,-0.09387171153072435,0.017955651411986514,-0.09792436,0.8012426,-0.02465897,-0.09722999294683067,0.800045755149497,-0.02358988684654388
11.76064,0.10018253931019598,-0.08839420212518226,0.024788659802469512,-0.08447033,0.7306791,-0.02775549,-0.0891691219562816,0.7455845814972112,-0.026974807291302128
11.77163,0.16425754828874436,-0.05883866069415401,0.03170851104115233,-0.08548237,0.7232326,-0.03033289,-0.08160513657573801,0.7292015691895597,-0.029604138390812267
11.7741,0.16571540600447224,-0.055551310751445926,0.03326374603292227,-0.08566093,0.7195138,-0.0308911,-0.08095123554041153,0.7269722947246884,-0.030120992526374107
11.77933,0.16880228691672064,-0.04859064670271873,0.036556814456790036,-0.08597375,0.7088861,-0.03206333,-0.08083567810197108,0.7221971805806288,-0.031176750254912667
11.783520000000001,0.17127533300129555,-0.04301412999828656,0.03919504709465088,-0.08640663,0.7060384,-0.03298377,-0.08095370919174824,0.7183959227361515,-0.03200062050731575
11.791220000000001,0.1768252133388113,-0.033167268903477945,0.044043350510288584,-0.0870376,0.6981364,-0.03463664,-0.08162854046346882,0.710689321114125,-0.03347467628411778
11.80052,0.22126355448452947,-0.03633447220345791,0.05068048335070178,-0.08782341,0.6890464,-0.03656862,-0.08252484025184767,0.7008972124134033,-0.0352040734657073
11.81803,0.28417386671919903,-0.026022111811250154,0.06868633216232437,-0.08923862,0.6718067,-0.04003146,-0.08421914332623212,0.6856076899821869,-0.038327640769346485
11.82774,0.29391421417988167,-0.01711921495619233,0.07867130029258482,-0.0818998,0.5805673,-0.04175936,-0.08412341804865998,0.6760692086211727,-0.03998674012755771
11.83268,0.2992623307360112,-0.011476573408526185,0.0837511913907806,-0.0383749,0.4378866,-0.0420931,-0.08373884799782187,0.6514388713863785,-0.040792354771948425
11.835849999999999,0.30269421929530815,-0.007855688042919326,0.08701095956512822,-0.02495252,0.3926616,-0.04191078,-0.08266738776876005,0.6231132188814601,-0.04131037807586164
11.83943,0.3065699798764726,-0.0037664862735561893,0.0906923381342677,-0.01704704,0.3853563,-0.04153464,-0.06398825010183189,0.5655998851580619,-0.041715430998028984
11.841199999999999,0.3084862078733032,-0.0017447300914989316,0.09251246105811405,-0.007481861,0.3818916,-0.04127336,-0.06017584405182923,0.5387069989839549,-0.04183783791612044
11.844579999999999,0.33646827352204306,-0.00015203356464573011,0.09598817602003776,-0.005948094,0.3751051,-0.04069002,-0.053590870961684675,0.4904148239052517,-0.04200451303837104
11.848149999999999,0.36852557678040115,0.0012968601936165468,0.09965927140881509,-0.004162956,0.365192,-0.04006023,-0.03426373934356828,0.44964475690402356,-0.041998421361142825
11.85233,0.40606045846667416,0.0029933240338235285,0.10599737615729708,-0.002266739,0.35607,-0.03930629,-0.020334572893316152,0.41411297446616396,-0.041636525098305836
11.86018,0.4765506070879919,0.006179266891627052,0.11820712042985246,0.0009538497,0.3422872,-0.03785138,-0.0068415999937578,0.386536172032348,-0.04049876575731099
11.87468,0.510043552503066,0.015455861410424036,0.14076015125177146,0.006938782,0.3148996,-0.0350309,0.0011629855590632103,0.3598219550784557,-0.0378058394532652
11.88948,0.5789844597877184,0.025915853642746144,0.16377979650449048,0.01264586,0.2874043,-0.0319171,0.008129197316315893,0.3383302824439232,-0.03482119600925462
11.898,0.7004711804207111,0.033318857507701374,0.18205750982164845,0.01878523,0.1986695,-0.03009224,0.011585349543837433,0.33062580730157043,-0.03301930893598168
11.9027,0.76133150196229,0.03603481308676848,0.1926485745663335,0.02222042,0.1412328,-0.02905617,0.013110128406300362,0.33075646667193553,-0.03198504135683754
11.907670000000001,0.8051188491688788,0.03433706413030128,0.2038480621793353,0.02813369,0.01389389,-0.02793806,0.016819197816068818,0.3214536354884038,-0.030873991561623706
11.910120000000001,0.8267041611721151,0.033500145630634796,0.2093689363547557,0.02956615,0.001431998,-0.02737471,0.019073546459867682,0.3129139350987617,-0.030292214059735038
11.91299,0.8519898123759075,0.0325197553881683,0.2158362461031057,0.03327766,-0.03070379,-0.02669189,0.020476290504772787,0.3025255200054443,-0.02959893391957496
11.91576,0.8763944304367126,0.03157352508446363,0.2220782140483778,0.03458871,-0.04265314,-0.0260111,0.02197892256747101,0.2870486684049881,-0.028924708224940823
11.91879,0.9030897346692817,0.030538478939978332,0.22890607068165159,0.04115744,-0.04751666,-0.02521579,0.02677712246096797,0.26144459989450636,-0.02815387622631788
11.92332,0.9341133689254851,0.033696046155823,0.23911405436110583,0.05914496,-0.05064853,-0.02375119,0.030092134261847963,0.210486861864078,-0.026954267736629244
11.92956,0.9594342633387353,0.047264614445820946,0.2531753828731993,0.0935597,-0.01443564,-0.02091084,0.0427044623703855,0.13667485095404186,-0.025184974818570457
11.931239999999999,0.9662514272192199,0.050917690523894193,0.25696112516491354,0.09596222,-0.01593786,-0.01998548,0.044216599665114265,0.11739280163070981,-0.024657070000926925
11.932649999999999,0.9766053489165173,0.05032532338244174,0.2607401213206014,0.09662906,-0.01937744,-0.01920412,0.0452343609597843,0.10204343550150301,-0.024210445245996182
11.93717,1.0106898697460456,0.04772097705447197,0.2738816347653143,0.09907411,-0.02199184,-0.01668931,0.056753533938671545,0.061081025965010874,-0.022656470369807738
11.9414,1.0424111625799324,0.045619905813458074,0.28617999801113675,0.100975,-0.03220529,-0.01431514,0.0778632227484172,0.03047327822759756,-0.0209098679694968
11.94681,1.0712786916773482,0.0652370692862487,0.3019091103420817,0.1033788,-0.0534995,-0.01127153,0.09365714867321456,0.0009386679265509199,-0.018141907137956933
11.95994,1.099220945436748,0.06266295859663665,0.34161064701670446,0.1083675,-0.1032668,-0.00381908,0.10104869563655894,-0.023183091651775397,-0.010963339073142547
11.96966,1.1126094415583445,0.052063150222860954,0.3747059711217173,0.1101757,-0.1209862,0.001705946,0.10502109179571398,-0.019305723083617648,-0.005549619744228626
11.98398,1.115566354021149,0.03450313147700131,0.42405415155885307,0.1150941,-0.1705829,0.009909139,0.10899810026480014,-0.032781952302476096,0.0024682529609816937
11.99548,1.1123524447230453,0.019753296665941823,0.4666569906079558,0.1174564,-0.1999324,0.0165633,0.11290594213278932,-0.061022348644130316,0.008914048632112778
12.0023,1.1104464567740833,0.011006003325818518,0.4919223264614217,0.1217508,-0.2182883,0.02057994,0.11449143540969839,-0.07522648880279176,0.012750738046966869
12.006889999999999,1.1509208279301335,0.05329840679341515,0.5089264161340583,0.1375647,-0.2239955,0.02350425,0.11520405944492035,-0.0865385801205671,0.015329943902565958
12.01159,1.1435260992973657,0.04885427366361382,0.5263380112236974,0.2181369,-0.2029485,0.02763939,0.11585717078276746,-0.10155289739435308,0.01795809731834351
12.01186,1.1431012957376103,0.04859897239871001,0.5273382517926779,0.2182275,-0.203704,0.02792943,0.11597725437264159,-0.1022216035192567,0.018109483978839144
12.01257,1.1419842197101078,0.047927624628038325,0.5299685140296218,0.2184667,-0.2056991,0.02869544,0.11629302973860624,-0.10398005295881463,0.018507574826808367
12.014830000000002,1.1384284565803076,0.04579065848477142,0.538340898051451,0.2326835,-0.2081949,0.0312259,0.1176643230186473,-0.10947504336169916,0.019780828812625467
12.017190000000001,1.1347153587987495,0.043559136317468126,0.547083741543265,0.2554821,-0.2086078,0.03407928,0.12415931870154205,-0.11147172146924057,0.02114108071009702
12.02043,1.1296177160816971,0.04049552113862909,0.5590866283710054,0.2639819,-0.215967,0.03824658,0.1455821063913685,-0.11315168850791842,0.02324586983507956
12.02361,1.1246144741556976,0.03748863957421088,0.570867239516759,0.265081,-0.2253894,0.0423935,0.17251017043735306,-0.11773600456633371,0.025696315713496554
12.02789,1.1178805510603287,0.03344164174537215,0.5867229048324238,0.2663752,-0.2382234,0.04799631,0.20664779022976737,-0.12543198262965463,0.029655809615637203
12.03418,1.1118308764560298,0.0288465082395515,0.6100359967978481,0.2679019,-0.2571794,0.05622536,0.2436321434788788,-0.13846461456459966,0.036600122414890086
12.03921,1.1300639369955787,0.03328327974818154,0.6287363343192418,0.2712493,-0.2484772,0.0628246,0.25637270040278554,-0.1660726134820816,0.04274253666833852
12.045910000000001,1.15435051862877,0.03919309468015262,0.6536453326081699,0.2775672,-0.2235426,0.07166025,0.2628843819880466,-0.191842483007519,0.05119114004452741
12.0501,1.1695386943068373,0.04288893416745923,0.6692227509410938,0.2990465,-0.0700982,0.07727164,0.2647563522913539,-0.21356237528154415,0.05653368202860382
12.05188,1.1759909503228196,0.04445900440311723,0.6758403654118837,0.300535,-0.07040033,0.07969163,0.26576384077366266,-0.22026500549366035,0.05881194097424951
12.05412,1.184110643286747,0.04643482312664063,0.6841681499144454,0.3020784,-0.07359114,0.08273292,0.26721892387592544,-0.2272764302010671,0.06168764697567179
12.05636,1.1922303362506808,0.04841064185016558,0.6924959344170137,0.3039632,-0.07465546,0.08579608,0.2690610491804358,-0.22230155999943882,0.06457661832271858
12.06095,1.1796920758667888,0.046216384021894964,0.7095604571253991,0.3069444,-0.08108921,0.09206332,0.2754980572022076,-0.1737224331281333,0.07050037671254167
12.06691,1.1572731621833825,0.04205377296294758,0.7317183123197277,0.30738,-0.08846091,0.1001663,0.28726844484021047,-0.15489824152732756,0.07831089362851405
12.07572,1.135538741089329,0.03649767239127368,0.7641622569023597,0.3164182,-0.09824863,0.1122118,0.2988494280707092,-0.17019801000864448,0.0902830979473757
12.08668,1.1281868679054,0.030616203019691562,0.8026167269360265,0.3225991,-0.1236774,0.1274024,0.30455577144046997,-0.19493367206235063,0.10546481220253243
12.09322,1.1237998924836015,0.02710664009175752,0.8255630986532022,0.3464618,-0.1097146,0.136806,0.30790367193386414,-0.21137786206505357,0.1145884348549366
12.093539999999999,1.123585239251955,0.026934918358281434,0.8266858569023553,0.359046,-0.1033835,0.137303,0.3081226039305086,-0.21200668309734896,0.11503663599099549
12.094109999999999,1.123202888183083,0.026629039020525908,0.8286857700336675,0.3813961,-0.09213932,0.1382156,0.30845305673632645,-0.21315140606775096,0.1158366649465677
12.09594,1.1219753400145969,0.025647005357204128,0.8351065437710475,0.4749317,-0.04412144,0.1416314,0.3088331053483652,-0.21761482050472722,0.11840804891542732
12.09694,1.1213045486656987,0.025110374940089216,0.8386151632996651,0.5532076,-0.003031253,0.143899,0.30858171490712283,-0.21939805550733849,0.11981093954116226
12.097399999999999,1.1209959846452062,0.02486352494821699,0.8402291282828251,0.5887927,0.01564881,0.1450505,0.30865149874565684,-0.2196312239162197,0.12045550620262581
12.09775,1.120761207673091,0.024675704302226147,0.8414571451178453,0.6136122,0.02859311,0.1459896,0.30861750367969937,-0.22001944729350656,0.12094558666185422
12.09803,1.1205733860953992,0.02452544778543386,0.8424395585858591,0.6141185,0.02818173,0.146757,0.3084408659834685,-0.22068916540874586,0.12133752308719709
12.098469999999999,1.1202782379018843,0.02428933040190353,0.8439833511784492,0.6149219,0.02752898,0.1479751,0.3081632924608204,-0.22174157958983434,0.12195342318416338
12.09891,1.1199830897083682,0.024053213018372245,0.8455271437710458,0.6156992,0.02689743,0.149154,0.3078678618687836,-0.2229669007934371,0.12256792606284711
12.100290000000001,1.1190573976468872,0.023312663042752695,0.8503690387205445,0.6181798,0.02487277,0.1529294,0.3070036050841312,-0.22734473782204073,0.1244893081183886
12.10139,1.1183195271630992,0.02272236958392639,0.8542285202020232,0.6201393,0.02323916,0.1559525,0.30662626202837673,-0.23075336453489864,0.1260173693589321
12.10228,1.1177225228625793,0.022244768512693823,0.8573511915824947,0.6217069,0.02193227,0.1583729,0.30657247168464613,-0.23332375434171812,0.12725427990697644
12.102979999999999,1.1169177574303402,0.02186243263239495,0.8598072252525227,0.6458993,0.02693884,0.1603503,0.3065670009472806,-0.235317948531893,0.12822721439394855
12.10401,1.1151805761814153,0.02128880807255702,0.8634211033670074,0.6865527,0.03567255,0.1633697,0.3071906331634304,-0.23706791639492233,0.12966097497408977
12.105080000000001,1.1133759315830203,0.020692906830784518,0.8671753262626316,0.7168296,0.04152885,0.1667108,0.308140897781329,-0.2383188459825582,0.131151448215951
12.10646,1.111048446026214,0.019924361304013167,0.872017221212124,0.7253721,0.04092767,0.1711282,0.31540489557293633,-0.2282524397023679,0.1330944910664235
12.10846,1.1076752785525816,0.01881052720724312,0.8790344602693592,0.7321055,0.03855021,0.1775835,0.32926606128660807,-0.21061807342669994,0.13599298122006434
12.1101,1.1049092812242014,0.017897183247891125,0.8847885962962956,0.7357822,0.03632417,0.1828976,0.33995746790009107,-0.19707123984503638,0.13845400253870768
12.114360000000001,1.0977244345053567,0.015524716621768408,0.8997353154882224,0.7454838,0.03126476,0.1967158,0.39218015571830184,-0.1694728885618948,0.14535167018289905
12.12023,1.0878241879702435,0.012255613547747596,0.9187990172976505,0.7572283,0.02079493,0.2158641,0.5104020043775238,-0.16734651069724346,0.15733258987107307
12.13055,1.0704186438062906,0.006508229608410902,0.9514231285248055,0.7774442,0.004710442,0.2496681,0.6693201131001593,-0.15195048699323624,0.1858297617788192
12.143650000000001,1.0865186719324416,0.02318288004824189,0.9928355177763339,0.8193812,0.02833993,0.2930523,0.7365347117274169,-0.12657209468168276,0.2282048759162762
12.14443,1.0861838673898472,0.022940433555871775,0.9953012936248944,0.8276252,0.0434353,0.2956647,0.7384412520430782,-0.12523755772470202,0.23078304833183488
12.14559,1.0856859529418854,0.02257987210567966,0.998968344886863,0.8335696,0.05019683,0.299539,0.7410215179819362,-0.12339348009532419,0.23462262272198278
12.14804,1.0846343232888633,0.02181834145656744,1.006713410052223,0.8421999,0.05509347,0.3077888,0.7459703044275217,-0.11572848127940814,0.24272855669684298
12.14986,1.0838531126894753,0.021252632974369592,1.012466887032207,0.8469306,0.05484862,0.3139191,0.7493056951634449,-0.11157611035407244,0.24874644883495167
12.154129999999999,1.082020272437066,0.019925393843060076,1.0259654291775455,0.862326,0.06454329,0.3283092,0.7567314727701435,-0.10455247580506606,0.2628503576591463
12.15839,1.0801917245505857,0.018601263000113062,1.0394323588120173,0.8721615,0.05979637,0.3427626,0.7643356616683009,-0.08685016616811725,0.2768758265197056
12.16312,1.078161435465364,0.01713104260407214,1.0536617950128366,0.9276428,0.05896609,0.3593721,0.7742386951250367,-0.0704394019272447,0.29233740594141094
12.16759,1.0762427478943393,0.01574163770548719,1.0653798500183402,0.9893144,0.06145194,0.376177,0.7829374996891258,-0.0674793874056753,0.30693799666947524
12.17269,1.0740536412696813,0.014156410639988423,1.0787494429776328,1.066505,0.06478858,0.3968014,0.7954796317001608,-0.07293670803401377,0.3236685878151084
12.1755,1.0728474864431536,0.013282981609781969,1.0861158265493236,1.079299,0.06108557,0.4086716,0.803903249174557,-0.07603268770818764,0.3329686968625982
12.179580000000001,1.0739583975270643,0.012962527791095772,1.096811500916765,1.100008,0.0554888,0.42609,0.8309093880252836,-0.07710791833416035,0.3467542766880054
12.183670000000001,1.0813484317434907,0.014719524443992878,1.1075333901723563,1.112372,0.05168436,0.4437362,0.8549590398873049,-0.07886668839616408,0.36093513626264195
12.190150000000001,1.0930568478125484,0.017503225742470572,1.124520637697108,1.131012,0.04451325,0.4717473,0.8843462733437917,-0.0842179055355164,0.384091943201492
12.19807,1.0766827501848002,0.016719293406459373,1.1452828291162458,1.149914,0.03041154,0.5062076,0.952786803592132,-0.09195205784240609,0.4137871574517472
12.215219999999999,1.0399453556060188,0.012454346328801134,1.1902413623028945,1.195009,0.01305958,0.5813013,1.0761526034435107,-0.08702798483580258,0.48568970310959936
12.2283,1.0269256756033185,0.009552352895452042,1.2166126804054076,1.141421,0.04866425,0.635227,1.1182026424252072,-0.052948358092187724,0.5426877351548527
12.23864,1.0245731528750026,0.008765807367586354,1.2368850189189196,1.135561,0.04930025,0.674105,1.1355645985594616,-0.006462241052559167,0.586619818753839
12.24816,1.0327988893327151,0.010014721377823471,1.2555496864864875,1.15451,0.03787404,0.7092167,1.152699614030138,0.03197605685547974,0.6250659087047288
12.25253,1.036574778862148,0.01058801488882513,1.2641173962837842,1.16413,0.03337377,0.725405,1.1629241841788749,0.035993624884662845,0.6424402301703959
12.26454,1.036371159142287,0.009970129542971098,1.2876638939189191,1.188117,0.02433919,0.769938,1.171457728928156,0.023532976006187572,0.6898634945593491
12.283439999999999,1.0276417916356828,0.0072545576836149225,1.320143021365889,1.255411,0.02461348,0.841053,1.1257073099419739,-0.0029438074619685195,0.759452739547953
12.28699,1.0260021485325903,0.006744489953418266,1.3250520713468132,1.261016,0.02636078,0.8545211,1.1329253713862504,-0.005733992625142706,0.7719581690135505
12.292670000000001,1.0234906941294284,0.005931564123823686,1.332906551316293,1.25425,0.05184349,0.8753931,1.1521180583260897,-0.007455081408864219,0.7922422120790154
12.29678,1.0219491592621863,0.005351174721589408,1.3385899866463182,1.184136,0.04905267,0.8892548,1.1621032063999106,-0.001216518977875177,0.806963369498952
12.297799999999999,1.021566588565207,0.00520713647577959,1.340000474246469,1.160821,0.04831605,0.892373,1.1605968838752567,0.004131925820755114,0.8105739422926502
12.299019999999999,1.0211090040060742,0.005034855436673507,1.34168752804273,1.150357,0.04766213,0.8960766,1.1615311877874712,0.00947820245406952,0.814846665018278
12.30092,1.0198810808343748,0.004762508969513496,1.3443149069057607,1.154294,0.04688237,0.9017695,1.1654727868110293,0.015805335293540206,0.8214441652039359
12.303170000000001,1.0180945685170188,0.004437387427529045,1.3474262766119822,1.158814,0.04554022,0.9084973,1.1708882431329117,0.02135510210960078,0.8292060873566272
12.3055,1.0162445357617151,0.004100706008496705,1.350648272796643,1.162835,0.04188976,0.9155206,1.1736619163819282,0.026784284647981226,0.8371600834437698
12.312330000000001,1.0108214783717009,0.00311378150549572,1.3600930083937444,1.170956,0.0406059,0.9359806,1.1426372639551137,0.037271914690044906,0.8593937034926109
12.31869,1.009969490219037,0.004521348641864438,1.3688878134299889,1.18003,0.03830161,0.9548924,1.161089101843493,0.0450087033479789,0.8790851188721427
12.32786,1.0118555512559397,0.006141598448051523,1.381568373521556,1.196015,0.03221976,0.9821561,1.1940326617179973,0.05498072637986984,0.9078185912169099
12.33153,1.011065101018734,0.005796229045851765,1.3850858850905408,1.204346,0.03132397,0.9930864,1.2029149728880253,0.058760275951801506,0.9192942009409241
12.33446,1.0104340331181856,0.005520498160716989,1.387866434760535,1.193564,0.02929081,1.001728,1.2079482364073497,0.061952654208288264,0.9283932364763128
12.33481,1.0103586495805776,0.005487561024267509,1.3881985823320353,1.189279,0.02892759,1.002716,1.2084865298918153,0.06232351225505582,0.9294736831615725
12.3356,1.0101884981671192,0.005413217201995628,1.3889482868505667,1.179376,0.02808801,1.004977,1.2097358341493867,0.06311500800388292,0.931915671192066
12.337900000000001,1.009693120634265,0.005196773162469813,1.3911309708918613,1.124533,0.02461804,1.011179,1.21315295440879,0.06546175187543977,0.9390022187148953
12.33987,1.0092688190082995,0.0050113841373110495,1.39300048722288,1.125668,0.02363899,1.016198,1.2167139398008773,0.0676713910442872,0.9450224400522459
12.34151,1.008915593289221,0.004857050126518838,1.3945568358436282,1.128124,0.02288528,1.020365,1.2196574275323173,0.06934824411058349,0.9500122859224922
12.34358,1.0084697535096527,0.004662250490945772,1.3965212514807916,1.101469,0.02077462,1.025472,1.2231025357196053,0.07087221745804498,0.9562792886842817
12.34581,1.0079894526843205,0.004452393878709952,1.3986375060077851,1.0582,0.01794577,1.030588,1.2239477322096743,0.07129758352003705,0.9630240076088856
12.348529999999998,1.0074036149063375,0.004196425275444995,1.401218767134878,1.05756,0.0165547,1.036515,1.2078519251009023,0.06902202182816389,0.971063629902402
12.350729999999999,1.006929775527086,0.003989391846333484,1.4033065518700278,1.059851,0.01553984,1.04127,1.1974043636639833,0.06743452408499745,0.9773750618137188
12.353250000000001,1.0063870140563067,0.0037522444638964673,1.4056980143848379,1.062478,0.01436981,1.046732,1.187692695108556,0.06583755188697504,0.9844189179308588
12.3594,1.0050624176097631,0.0031734919234257153,1.4115343217126428,1.070058,0.01154744,1.060033,1.1714999593312494,0.05983178904477663,1.0010398703522543
12.37512,1.0055677933830005,0.0037083137377745797,1.4264524926383495,1.08309,0.004625863,1.093886,1.1648076037600301,0.04605370338477229,1.0412219922400996
12.39033,1.0059926289381063,0.003924983773339409,1.4397846381734878,1.121288,0.01002308,1.126714,1.1754886922295973,0.032092663621219875,1.0793730120885405
12.40485,1.0043024757303276,0.00300221515436883,1.4487150461368306,1.159961,0.02293359,1.158325,1.1615462157354268,0.03750881324721108,1.1148097738798515
12.42276,1.0022177206372618,0.001864006754522792,1.459730446042029,1.14351,0.01961422,1.195485,1.0917780443469924,0.04914675654237042,1.150664579875096
12.42925,1.0014622733701488,0.0014515571445283793,1.4637220677832201,1.056428,0.01613911,1.206847,1.068734181727191,0.04975482994602097,1.1614764477588169
12.431560000000001,1.00119338535982,0.0013047530460556923,1.4651428145046619,1.049469,0.01546073,1.210323,1.0672813309292764,0.05016733558827776,1.165096159983055
12.4366,1.0006067206100129,0.0009844531948427927,1.46824262553326,1.026234,0.01382122,1.217477,1.0569653286445002,0.05054440237385376,1.1728392958475653
12.44091,1.004044365743681,0.0032035068202309466,1.4708934559962086,1.028409,0.012895,1.223305,1.0312684173293833,0.049452724775029676,1.1788637256662886
12.44589,1.0046438332312948,0.0031254908098857933,1.4739563645125615,1.030716,0.01181795,1.229996,1.023054859994672,0.04966638996700547,1.1853168682990822
12.45184,1.0053600644664962,0.003032278909975409,1.477269422098076,1.031341,0.01048694,1.237901,1.0380532204525739,0.04945170360253464,1.1930211585129407
12.468200000000001,1.0073293994258061,0.002775985349885687,1.4836027020484177,1.038585,0.005650732,1.259271,1.0986059525556984,0.04911279159211276,1.2160059406922756
12.483,1.009110949388996,0.002544130540024589,1.4893320751086288,1.053239,0.006762154,1.27838,1.128054013185491,0.04492036610702576,1.2390796555935664
12.5077,1.0022786088358522,0.002111890300833066,1.498893934202359,1.075969,0.0111518,1.309632,1.139575684542248,0.049371037462555854,1.2778747948525464
12.51223,1.0026001212452793,0.0020665286605061214,1.5006475869025457,1.061071,0.01036931,1.314882,1.128842007637879,0.049760748690429873,1.2842594518108947
12.51565,1.0028428524682904,0.0020322821241003527,1.5018395808289422,1.049891,0.009783522,1.31874,1.1200465419140655,0.04968889923568655,1.2888770440082686
12.52661,1.0036207279665947,0.001922532989887731,1.5044574301381572,1.010034,0.007898426,1.329534,1.0785272330007032,0.04807317220806257,1.30201682370444
12.53088,1.0039237871251494,0.001879774887416204,1.5054773404073496,1.009191,0.004214813,1.333273,1.0493102694887961,0.0470510468053252,1.3062676225084096
12.53932,1.0045228080380775,0.0017952600431867661,1.5074932754593364,1.014883,0.006134793,1.340619,1.0177812126066845,0.043710249696188065,1.3133608583935608
12.55001,1.0052815205450916,0.001688214582900902,1.5100466339552772,1.014473,0.004786122,1.349691,1.002841469517484,0.04013389148277374,1.3209421200750173
12.56197,1.0061303700852122,0.001568451841552079,1.512903338128472,1.016884,0.00330423,1.35955,1.0169485820119015,0.03673453251734835,1.3293804962814797
12.57867,1.0028125782291022,0.0013873063545888045,1.5168922143569294,1.020451,-0.0004503878,1.37302,1.0416479062347759,0.030284756825987996,1.3424871684707746
12.60657,1.0022584124158194,0.001203290279637125,1.5214584129455668,1.026743,0.007411131,1.393925,1.0783574735070085,0.02366475260971823,1.367724670444896
12.6307,1.0032151207276607,0.0010498431860006575,1.5248784080555913,1.007354,0.003318394,1.40928,1.0595080836756694,0.021007527703881142,1.388798598443773
12.65498,1.0041777762523816,0.0008954422148654045,1.5283196629777378,1.009852,0.003247031,1.422659,1.049859926879558,0.01786775528763273,1.4064893351526233
12.675170000000001,1.000943961918753,0.0007808325134586935,1.5304030885563185,1.014406,0.002147804,1.433193,1.0421291327763864,0.015853257393326138,1.4195005296722096
12.70266,1.001486419743838,0.0006485735067299971,1.5325866365477665,0.9978262,-0.0006310145,1.44579,1.0303475173365078,0.0136635549604496,1.4351719753491268
12.7264,1.0019548791388004,0.0005343563797842188,1.5344723196804322,1.003126,0.002068383,1.455011,1.0180706252172258,0.010263983637118466,1.446161380149578
12.74721,1.002365521093694,0.00043423597490882976,1.5361252710701025,1.013427,0.004469239,1.462796,1.016686801749011,0.010553815715888907,1.4547047014203438
12.77955,1.0005640965460796,0.0003643985487334536,1.5376292217898833,1.012637,0.003574063,1.474174,1.0122249694307797,0.006597979110839307,1.4665769152183141
12.804630000000001,1.0008796286875565,0.0003530285608434456,1.538667553307393,1.008316,-0.002856537,1.48226,1.0144350256632517,0.00888905601906999,1.474737517208285
12.839920000000001,1.0006446772457598,0.00027446433342630326,1.5401285867704282,0.9969854,0.002657613,1.491259,1.0109901138821569,0.0061272016060806974,1.4844230923256554
12.86951,1.0002917188177687,0.0002001095733886597,1.541025185610792,0.9967203,0.001771918,1.49675,1.0014682776513142,-0.00021359262213436277,1.4915490165407752
12.90146,1.0004844661626304,0.00019660833650725172,1.5416557252060954,1.013387,0.001788427,1.503154,1.003419977345444,0.0019488848621798114,1.4983029678770194
12.91037,1.0005382182390847,0.00019563193523609848,1.5418315658256307,1.003314,0.001778449,1.504696,1.0083385256761108,0.0015263262967870294,1.5000082631663239
12.916839999999999,1.0005772503305168,0.00019492292106950367,1.5419592525605796,0.9986296,0.001773809,1.505732,1.0105223532726666,0.0012154056228063789,1.5013859554491829
12.934759999999999,1.0006053899599292,0.00018507290338273138,1.5423129073195103,1.005062,-0.003120362,1.508783,1.0023283841568604,0.0003497460578405367,1.504738040685199
12.9401,1.000570037278043,0.00017782433238467418,1.5424182932800399,0.9955519,-0.006542253,1.509745,1.0043895766226931,-0.0024969376087468735,1.5057467338401505
12.9522,1.000489931013844,0.000161399667763609,1.5426570891831126,0.9983621,0.000887451,1.511525,1.0002845446810393,-0.0070707465565441885,1.508260428344878
12.96286,1.00041935805712,0.00014692967397348126,1.5428674664001998,0.9983621,0.000887451,1.512854,0.998679370528714,-0.0074042216035686784,1.510202294142295
12.97489,1.00033971521759,0.00013060002807336322,1.5430998194237087,0.9983621,0.000887451,1.514281,0.9989426839700434,-0.006060623578510457,1.5122234779202097
12.995849999999999,1.0003121284250336,0.00011339503937371682,1.5432777196924454,1.00614,0.0008913062,1.516952,0.9999442945153211,-0.0028532425639630665,1.515264963025569
13.02214,1.0003646539046558,0.00010062857117472678,1.5435008589131083,0.9993167,0.0008879242,1.520039,1.01107374510197,-0.001539560048397322,1.5191553587423106
13.04322,1.0004067701888109,9.03920877348374e-05,1.5436797776948343,0.9993167,0.0008879242,1.521971,1.0067780632717083,-0.0013773949078852517,1.5221456343814856
13.068900000000001,1.000458076933455,7.792183656138497e-05,1.54389773947447,1.01502,0.0008957077,1.524953,1.0048753919658437,-0.0012048151454462314,1.5248574491897835
13.07089,1.0004620528065797,7.695548921577905e-05,1.54391462981487,1.013694,0.0008950505,1.525226,1.0058952196487294,-0.001191084766135412,1.525087688396334
13.076929999999999,1.0004741202807874,7.40224550612762e-05,1.5439658949686472,1.000272,0.0008883977,1.52587,1.0087533480669137,-0.001147337793118109,1.525728101957193
13.08001,1.0004802738934628,7.25268018831516e-05,1.5439920368020303,1.000272,0.0008883977,1.526101,1.0111782257923803,-0.0011287224768864043,1.5261195492107782
13.08592,1.0004920816372653,6.965689594720529e-05,1.5440421985667363,1.000272,0.0008883977,1.526535,1.0133343056450843,-0.0010858189909277072,1.5268794268202603
13.09386,1.0005079451712402,6.580121859840456e-05,1.5441095901761719,1.000272,0.0008883977,1.527102,1.010693265607918,-0.0010381544162702961,1.5278554879290964
13.11927,1.0002956087037191,5.503815499438413e-05,1.5442697588050525,0.986405,-0.009158229,1.528787,0.9972219806598498,-0.0042982060602872975,1.5300900998871518
13.140519999999999,1.0003133975216765,5.0352028111576043e-05,1.5443416193945065,0.9990477,1.379619e-06,1.530063,0.9901479954513717,-0.009035083155886574,1.5314836532027738
13.15889,1.0003287754316001,4.630100924864921e-05,1.5444037407605427,0.9990477,1.379619e-06,1.531083,0.9918308848979343,-0.007661895534695494,1.5324892497713216
13.17936,1.0003459112952982,4.178689078789181e-05,1.5444729636436543,0.9990477,1.379619e-06,1.53213,0.9940835063138181,-0.005876732024369624,1.5335282133597896
13.2061,1.0003682959066948,3.589008924218403e-05,1.5445633896277484,0.9990477,1.379619e-06,1.533369,0.9967832162433237,-0.0037373054264629303,1.534724083010929
13.29166,1.000320078830061,2.1517176764118097e-05,1.544782400916964,1.000002,1.380347e-06,1.536691,1.0079791892830707,-0.0009786093775027834,1.5394588016332986
13.4132,1.0003665337936316,1.0918857995750165e-05,1.5449392533537103,1.0,0.0,1.539976,1.0075236178170826,-0.0005762866705160425,1.5443977702907041
13.526819999999999,1.000326885196631,6.714287886405065e-06,1.5450047645324736,1.0,0.0,1.541819,1.007207810418884,-0.00032746037886218757,1.5468898083682427
13.709430000000001,1.0003252545793386,2.5160629085496474e-06,1.5450615028263692,1.0,0.0,1.543445,1.0068231676989048,-8.965514107315031e-05,1.5486717113716055
13.96106,1.0003258546600697,4.188622457140551e-07,1.545081783540182,1.0,0.0,1.544347,1.006420479409335,5.96724504550145e-05,1.549231901838424
14.29063,1.0003269237416657,-1.5811049671140326e-08,1.5450872268651785,1.0,0.0,1.544674,1.0059747680146263,0.00012281449018438753,1.5489976267953838
14.720229999999999,1.0003267977161305,-1.5811047679195546e-08,1.545088,1.0,0.0,1.544742,1.0054334497470754,0.00013361632116199555,1.5484441308847328
15.345359999999998,1.0003267977161305,-1.5811047679195546e-08,1.545088,1.0,0.0,1.544746,1.0046639968020106,0.00011869578519654396,1.5476368255140343
16.40135,1.0003267977161305,-1.5811047679195546e-08,1.545088,1.0,0.0,1.544746,1.0033615173904662,8.415097260725117e-05,1.5463463389398244
17.501350000000002,1.0003267977161305,-1.5811047679195546e-08,1.545088,1.0,0.0,1.544746,1.0020076056354963,4.7618943334350735e-05,1.544984882860654
18.60135,1.0003267977161305,-1.5811047679195546e-08,1.545088,1.0,0.0,1.544746,1.0006536985853993,1.10758697995425e-05,1.5436223173048873
19.70135,1.0003267977161305,-1.5811047679195546e-08,1.545088,1.0,0.0,1.544746,1.00024275559528,-1.5872417318758908e-08,1.5429254077025005
20.801350000000003,1.0003267977161305,-1.5811047679195546e-08,1.545088,1.0,0.0,1.544746,1.000242755595278,-1.5872377449575802e-08,1.5429138959962099
22.0,1.0003267977161305,-1.5811047679195546e-08,1.545088,1.0,0.0,1.544746,1.000242755595278,-1.587237684680869e-08,1.542923714857931
