time_ns,input_v,hspice_native_pad_v,hspice_native_ku,hspice_native_kd,legacy_input_v,legacy_pad_v,legacy_ku,legacy_kd,coefficient_value_match_input_v,coefficient_value_match_pad_v,coefficient_value_match_ku,coefficient_value_match_kd,coefficient_value_match_kuleg,coefficient_value_match_kdleg,coefficient_value_match_hfall_after_rise,coefficient_value_match_hrise_after_fall,coefficient_value_match_hreverse_edge,coefficient_value_match_kutarget,coefficient_value_match_kdtarget,coefficient_value_match_coeff_jump_ku,coefficient_value_match_coeff_jump_kd,pad_voltage_input_v,pad_voltage_pad_v,pad_voltage_ku,pad_voltage_kd,pad_voltage_kuleg,pad_voltage_kdleg,pad_voltage_padsamp,pad_voltage_padslewpre,pad_voltage_padslewsamp,pad_voltage_tr_pad_early,pad_voltage_tf_pad_early,pad_voltage_tr_pad_late,pad_voltage_tf_pad_late,pad_voltage_padstartcmd,pad_voltage_padstart_latch,pad_voltage_padstartspan,pad_voltage_padmatch_ambiguous,pad_voltage_pmt0,pad_voltage_pmelapsed,pad_voltage_padarg,pad_voltage_kupadmatch,pad_voltage_kdpadmatch,pad_voltage_padmapactive,pad_voltage_hfall_after_rise,pad_voltage_hrise_after_fall,pad_voltage_hreverse_edge,pad_voltage_pmsample,pad_voltage_pmlatchpulse,pad_voltage_kutarget,pad_voltage_kdtarget,pad_voltage_coeff_jump_ku,pad_voltage_coeff_jump_kd,pad_slew_input_v,pad_slew_pad_v,pad_slew_ku,pad_slew_kd,pad_slew_kuleg,pad_slew_kdleg,pad_slew_padsamp,pad_slew_padslewpre,pad_slew_padslewsamp,pad_slew_tr_pad_early,pad_slew_tf_pad_early,pad_slew_tr_pad_late,pad_slew_tf_pad_late,pad_slew_tr_pad_score,pad_slew_tf_pad_score,pad_slew_tr_pad_score_late,pad_slew_tf_pad_score_late,pad_slew_padstartcmd,pad_slew_padstart_latch,pad_slew_padstartspan,pad_slew_padmatch_ambiguous,pad_slew_pmt0,pad_slew_pmelapsed,pad_slew_padarg,pad_slew_kupadmatch,pad_slew_kdpadmatch,pad_slew_padmapactive,pad_slew_hfall_after_rise,pad_slew_hrise_after_fall,pad_slew_hreverse_edge,pad_slew_pmsample,pad_slew_pmlatchpulse,pad_slew_kutarget,pad_slew_kdtarget,pad_slew_coeff_jump_ku,pad_slew_coeff_jump_kd
0.0,0.0,1.644683e-09,0.0,1.0,0.0,1.831349621123643e-06,0.0,1.0,0.0,1.831349621123643e-06,0.0,1.0,0.0,1.0,0.0,0.0,0.0,0.0,1.0,0.0,0.0,0.0,1.831349621123643e-06,0.0,0.9999999999999999,0.0,1.0,0.0,0.0,0.0,0.2349438340934611,7.80851414218689,0.6819885552323159,13.92851414218573,7.80851414218689,0.0,6.119999999998844,1.0,0.0,0.0,0.0,-0.3906541545551124,0.7653595159656846,0.0,0.0,0.0,0.0,0.0,0.0,0.0,1.0,0.0,1.110223024625157e-16,0.0,1.831349621123643e-06,0.0,0.9999999999999999,0.0,1.0,0.0,0.0,0.0,0.2349438340934611,7.80851414218689,0.6819885552323159,13.92851414218573,0.4407438127042742,8.7985141421867,0.4913188842174039,13.5685141421858,8.7985141421867,0.0,4.769999999999097,1.0,0.0,0.0,0.0,-0.3906541545551124,0.7653595159656846,0.0,0.0,0.0,0.0,0.0,0.0,0.0,1.0,0.0,1.110223024625157e-16
0.001,0.0,1.644683e-09,0.0,1.0,0.0,1.8313284950624406e-06,0.0,1.0,0.0,1.8313284950624406e-06,0.0,1.0,0.0,1.0,0.0,0.0,0.0,0.0,1.0,0.0,0.0,0.0,1.8313292659355997e-06,0.0,0.9999999999999996,0.0,1.0,0.0,1.942750226207983e-09,0.0,0.2349438340934611,7.80851414218689,0.6819885552323159,13.92851414218573,7.80851414218689,0.0,6.119999999998844,1.0,0.0,0.0,0.0,-0.3906541545551124,0.7653595159656846,0.0,0.0,0.0,0.0,0.0,0.0,0.0,1.0,0.0,3.95516952522712e-16,0.0,1.8313292659355997e-06,0.0,0.9999999999999996,0.0,1.0,0.0,1.942750226207983e-09,0.0,0.2349438340934611,7.80851414218689,0.6819885552323159,13.92851414218573,0.4407438127042742,8.7985141421867,0.4913188842174039,13.5685141421858,8.7985141421867,0.0,4.769999999999097,1.0,0.0,0.0,0.0,-0.3906541545551124,0.7653595159656846,0.0,0.0,0.0,0.0,0.0,0.0,0.0,1.0,0.0,3.95516952522712e-16
0.002,0.0,1.644683e-09,0.0,1.0,0.0,1.8313073371953944e-06,0.0,1.0,0.0,1.8313073371953944e-06,0.0,1.0,0.0,1.0,0.0,0.0,0.0,0.0,1.0,0.0,0.0,0.0,1.831310610598862e-06,0.0,0.9999999999999997,0.0,1.0,0.0,3.5189824001507327e-09,0.0,0.2349438340934611,7.80851414218689,0.6819885552323159,13.92851414218573,7.80851414218689,0.0,6.119999999998844,1.0,0.0,0.0,0.0,-0.3906541545551124,0.7653595159656846,0.0,0.0,0.0,0.0,0.0,0.0,0.0,1.0,0.0,3.816391647148976e-16,0.0,1.831310610598862e-06,0.0,0.9999999999999997,0.0,1.0,0.0,3.5189824001507327e-09,0.0,0.2349438340934611,7.80851414218689,0.6819885552323159,13.92851414218573,0.4407438127042742,8.7985141421867,0.4913188842174039,13.5685141421858,8.7985141421867,0.0,4.769999999999097,1.0,0.0,0.0,0.0,-0.3906541545551124,0.7653595159656846,0.0,0.0,0.0,0.0,0.0,0.0,0.0,1.0,0.0,3.816391647148976e-16
0.0052,0.0,1.644683e-09,0.0,1.0,0.0,1.8312486250918186e-06,0.0,1.0,0.0,1.8312486250918186e-06,0.0,1.0,0.0,1.0,0.0,0.0,0.0,0.0,1.0,0.0,0.0,0.0,1.8312230464928087e-06,0.0,0.9999999999999999,0.0,1.0,0.0,1.003600923987942e-08,0.0,0.2349438340934611,7.80851414218689,0.6819885552323159,13.92851414218573,7.80851414218689,0.0,6.119999999998844,1.0,0.0,0.0,0.0,-0.3906541545551124,0.7653595159656846,0.0,0.0,0.0,0.0,0.0,0.0,0.0,1.0,0.0,1.5099033134902132e-16,0.0,1.8312230464928087e-06,0.0,0.9999999999999999,0.0,1.0,0.0,1.003600923987942e-08,0.0,0.2349438340934611,7.80851414218689,0.6819885552323159,13.92851414218573,0.4407438127042742,8.7985141421867,0.4913188842174039,13.5685141421858,8.7985141421867,0.0,4.769999999999097,1.0,0.0,0.0,0.0,-0.3906541545551124,0.7653595159656846,0.0,0.0,0.0,0.0,0.0,0.0,0.0,1.0,0.0,1.5099033134902132e-16
0.01544,0.0,1.644683e-09,0.0,1.0,0.0,1.8308736427246517e-06,0.0,1.0,0.0,1.8308736427246517e-06,0.0,1.0,0.0,1.0,0.0,0.0,0.0,0.0,1.0,0.0,0.0,0.0,1.8310614946355705e-06,0.0,1.0,0.0,1.0,0.0,1.353325377097389e-08,0.0,0.2349438340934611,7.80851414218689,0.6819885552323159,13.92851414218573,7.80851414218689,0.0,6.119999999998844,1.0,0.0,0.0,0.0,-0.3906541545551124,0.7653595159656846,0.0,0.0,0.0,0.0,0.0,0.0,0.0,1.0,0.0,0.0,0.0,1.8310614946355705e-06,0.0,1.0,0.0,1.0,0.0,1.353325377097389e-08,0.0,0.2349438340934611,7.80851414218689,0.6819885552323159,13.92851414218573,0.4407438127042742,8.7985141421867,0.4913188842174039,13.5685141421858,8.7985141421867,0.0,4.769999999999097,1.0,0.0,0.0,0.0,-0.3906541545551124,0.7653595159656846,0.0,0.0,0.0,0.0,0.0,0.0,0.0,1.0,0.0,0.0
0.048208,0.0,1.644683e-09,0.0,1.0,0.0,1.8297220051814835e-06,0.0,1.0,0.0,1.8297220051814835e-06,0.0,1.0,0.0,1.0,0.0,0.0,0.0,0.0,1.0,0.0,0.0,0.0,1.8306314422140651e-06,0.0,1.0,0.0,1.0,0.0,1.2711317263964766e-08,0.0,0.2349438340934611,7.80851414218689,0.6819885552323159,13.92851414218573,7.80851414218689,0.0,6.119999999998844,1.0,0.0,0.0,0.0,-0.3906541545551124,0.7653595159656846,0.0,0.0,0.0,0.0,0.0,0.0,0.0,1.0,0.0,0.0,0.0,1.8306314422140651e-06,0.0,1.0,0.0,1.0,0.0,1.2711317263964766e-08,0.0,0.2349438340934611,7.80851414218689,0.6819885552323159,13.92851414218573,0.4407438127042742,8.7985141421867,0.4913188842174039,13.5685141421858,8.7985141421867,0.0,4.769999999999097,1.0,0.0,0.0,0.0,-0.3906541545551124,0.7653595159656846,0.0,0.0,0.0,0.0,0.0,0.0,0.0,1.0,0.0,0.0
0.1530656,0.0,1.644683e-09,0.0,1.0,0.0,1.826991772920816e-06,0.0,1.0,0.0,1.826991772920816e-06,0.0,1.0,0.0,1.0,0.0,0.0,0.0,0.0,1.0,0.0,0.0,0.0,1.829610952104261e-06,0.0,1.0,0.0,1.0,0.0,7.988527550363859e-09,0.0,0.2349438340934611,7.80851414218689,0.6819885552323159,13.92851414218573,7.80851414218689,0.0,6.119999999998844,1.0,0.0,0.0,0.0,-0.3906541545551124,0.7653595159656846,0.0,0.0,0.0,0.0,0.0,0.0,0.0,1.0,0.0,0.0,0.0,1.829610952104261e-06,0.0,1.0,0.0,1.0,0.0,7.988527550363859e-09,0.0,0.2349438340934611,7.80851414218689,0.6819885552323159,13.92851414218573,0.4407438127042742,8.7985141421867,0.4913188842174039,13.5685141421858,8.7985141421867,0.0,4.769999999999097,1.0,0.0,0.0,0.0,-0.3906541545551124,0.7653595159656846,0.0,0.0,0.0,0.0,0.0,0.0,0.0,1.0,0.0,0.0
0.4886099,0.0,1.644683e-09,0.0,1.0,0.0,1.8234509674675947e-06,0.0,1.0,0.0,1.8234509674675947e-06,0.0,1.0,0.0,1.0,0.0,0.0,0.0,0.0,1.0,0.0,0.0,0.0,1.8282832126792444e-06,0.0,1.0,0.0,1.0,0.0,1.7873531730462222e-09,0.0,0.2349438340934611,7.80851414218689,0.6819885552323159,13.92851414218573,7.80851414218689,0.0,6.119999999998844,1.0,0.0,0.0,0.0,-0.3906541545551124,0.7653595159656846,0.0,0.0,0.0,0.0,0.0,0.0,0.0,1.0,0.0,0.0,0.0,1.8282832126792444e-06,0.0,1.0,0.0,1.0,0.0,1.7873531730462222e-09,0.0,0.2349438340934611,7.80851414218689,0.6819885552323159,13.92851414218573,0.4407438127042742,8.7985141421867,0.4913188842174039,13.5685141421858,8.7985141421867,0.0,4.769999999999097,1.0,0.0,0.0,0.0,-0.3906541545551124,0.7653595159656846,0.0,0.0,0.0,0.0,0.0,0.0,0.0,1.0,0.0,0.0
1.562352,0.0,1.644683e-09,0.0,1.0,0.0,1.822446369439487e-06,0.0,1.0,0.0,1.822446369439487e-06,0.0,1.0,0.0,1.0,0.0,0.0,0.0,0.0,1.0,0.0,0.0,0.0,1.827903697984788e-06,0.0,1.0,0.0,1.0,0.0,1.4838823787343226e-11,0.0,0.2349438340934611,7.80851414218689,0.6819885552323159,13.92851414218573,7.80851414218689,0.0,6.119999999998844,1.0,0.0,0.0,0.0,-0.3906541545551124,0.7653595159656846,0.0,0.0,0.0,0.0,0.0,0.0,0.0,1.0,0.0,0.0,0.0,1.827903697984788e-06,0.0,1.0,0.0,1.0,0.0,1.4838823787343226e-11,0.0,0.2349438340934611,7.80851414218689,0.6819885552323159,13.92851414218573,0.4407438127042742,8.7985141421867,0.4913188842174039,13.5685141421858,8.7985141421867,0.0,4.769999999999097,1.0,0.0,0.0,0.0,-0.3906541545551124,0.7653595159656846,0.0,0.0,0.0,0.0,0.0,0.0,0.0,1.0,0.0,0.0
2.662352,0.0,1.644683e-09,0.0,1.0,0.0,1.8224381774497891e-06,0.0,1.0,0.0,1.8224381774497891e-06,0.0,1.0,0.0,1.0,0.0,0.0,0.0,0.0,1.0,0.0,0.0,0.0,1.8279005442911538e-06,0.0,1.0,0.0,1.0,0.0,1.0957270572650209e-13,0.0,0.2349438340934611,7.80851414218689,0.6819885552323159,13.92851414218573,7.80851414218689,0.0,6.119999999998844,1.0,0.0,0.0,0.0,-0.3906541545551124,0.7653595159656846,0.0,0.0,0.0,0.0,0.0,0.0,0.0,1.0,0.0,0.0,0.0,1.8279005442911538e-06,0.0,1.0,0.0,1.0,0.0,1.0957270572650209e-13,0.0,0.2349438340934611,7.80851414218689,0.6819885552323159,13.92851414218573,0.4407438127042742,8.7985141421867,0.4913188842174039,13.5685141421858,8.7985141421867,0.0,4.769999999999097,1.0,0.0,0.0,0.0,-0.3906541545551124,0.7653595159656846,0.0,0.0,0.0,0.0,0.0,0.0,0.0,1.0,0.0,0.0
3.762352,0.0,1.644683e-09,0.0,1.0,0.0,1.8224381181157427e-06,0.0,1.0,0.0,1.8224381181157427e-06,0.0,1.0,0.0,1.0,0.0,0.0,0.0,0.0,1.0,0.0,0.0,0.0,1.8279005210036983e-06,0.0,1.0,0.0,1.0,0.0,8.093664627401745e-16,0.0,0.2349438340934611,7.80851414218689,0.6819885552323159,13.92851414218573,7.80851414218689,0.0,6.119999999998844,1.0,0.0,0.0,0.0,-0.3906541545551124,0.7653595159656846,0.0,0.0,0.0,0.0,0.0,0.0,0.0,1.0,0.0,0.0,0.0,1.8279005210036983e-06,0.0,1.0,0.0,1.0,0.0,8.093664627401745e-16,0.0,0.2349438340934611,7.80851414218689,0.6819885552323159,13.92851414218573,0.4407438127042742,8.7985141421867,0.4913188842174039,13.5685141421858,8.7985141421867,0.0,4.769999999999097,1.0,0.0,0.0,0.0,-0.3906541545551124,0.7653595159656846,0.0,0.0,0.0,0.0,0.0,0.0,0.0,1.0,0.0,0.0
4.862352,0.0,1.644683e-09,0.0,1.0,0.0,1.822438117685994e-06,0.0,1.0,0.0,1.822438117685994e-06,0.0,1.0,0.0,1.0,0.0,0.0,0.0,0.0,1.0,0.0,0.0,0.0,1.827900520831735e-06,0.0,1.0,0.0,1.0,0.0,6.179952383167375e-18,0.0,0.2349438340934611,7.80851414218689,0.6819885552323159,13.92851414218573,7.80851414218689,0.0,6.119999999998844,1.0,0.0,0.0,0.0,-0.3906541545551124,0.7653595159656846,0.0,0.0,0.0,0.0,0.0,0.0,0.0,1.0,0.0,0.0,0.0,1.827900520831735e-06,0.0,1.0,0.0,1.0,0.0,6.179952383167375e-18,0.0,0.2349438340934611,7.80851414218689,0.6819885552323159,13.92851414218573,0.4407438127042742,8.7985141421867,0.4913188842174039,13.5685141421858,8.7985141421867,0.0,4.769999999999097,1.0,0.0,0.0,0.0,-0.3906541545551124,0.7653595159656846,0.0,0.0,0.0,0.0,0.0,0.0,0.0,1.0,0.0,0.0
5.0,0.0,1.644683e-09,0.0,1.0,0.0,1.822470328256689e-06,0.0,1.0,0.0,1.822470328256689e-06,0.0,1.0,0.0,1.0,0.0,0.0,0.0,0.0,1.0,0.0,0.0,0.0,1.827831434821476e-06,0.0,0.9999999999999997,0.0,1.0,0.0,5.761908142368774e-09,0.0,0.2349438340934611,7.80851414218689,0.6819885552323159,13.92851414218573,7.80851414218689,0.0,6.119999999998844,1.0,0.0,0.0,0.0,-0.3906541545551124,0.7653595159656846,0.0,0.0,0.0,0.0,0.0,0.0,0.0,1.0,0.0,3.33066907387547e-16,0.0,1.827831434821476e-06,0.0,0.9999999999999997,0.0,1.0,0.0,5.761908142368774e-09,0.0,0.2349438340934611,7.80851414218689,0.6819885552323159,13.92851414218573,0.4407438127042742,8.7985141421867,0.4913188842174039,13.5685141421858,8.7985141421867,0.0,4.769999999999097,1.0,0.0,0.0,0.0,-0.3906541545551124,0.7653595159656846,0.0,0.0,0.0,0.0,0.0,0.0,0.0,1.0,0.0,3.33066907387547e-16
5.0003,0.0198,1.644683e-09,0.0,1.0,0.01979999999999157,1.8224813943695903e-06,0.0,1.0,0.01979999999999157,1.8224813943695903e-06,0.0,1.0,0.0,1.0,0.0,0.0,0.0,0.0,1.0,0.0,0.0,0.01979999999999157,1.8278366830796989e-06,0.0,0.9999999999999996,0.0,1.0,0.0,5.083111514609907e-09,0.0,0.2349438340934611,7.80851414218689,0.6819885552323159,13.92851414218573,7.80851414218689,0.0,6.119999999998844,1.0,0.0,0.0,0.0,-0.3906541545551124,0.7653595159656846,0.0,0.0,0.0,0.0,0.0,0.0,0.0,1.0,0.0,4.440892098500626e-16,0.01979999999999157,1.8278366830796989e-06,0.0,0.9999999999999996,0.0,1.0,0.0,5.083111514609907e-09,0.0,0.2349438340934611,7.80851414218689,0.6819885552323159,13.92851414218573,0.4407438127042742,8.7985141421867,0.4913188842174039,13.5685141421858,8.7985141421867,0.0,4.769999999999097,1.0,0.0,0.0,0.0,-0.3906541545551124,0.7653595159656846,0.0,0.0,0.0,0.0,0.0,0.0,0.0,1.0,0.0,4.440892098500626e-16
5.001259999999999,0.08316,1.644683e-09,0.0,1.0,0.08315999999991625,1.8225043200138985e-06,0.0,1.0,0.08315999999991625,1.8225043200138985e-06,0.0,1.0,0.0,1.0,0.0,0.0,0.0,0.0,1.0,0.0,0.0,0.08315999999991625,1.8278421280641206e-06,0.0,0.9999999999999996,0.0,1.0,0.0,4.110555116051847e-09,0.0,0.2349438340934611,7.80851414218689,0.6819885552323159,13.92851414218573,7.80851414218689,0.0,6.119999999998844,1.0,0.0,0.0,0.0,-0.3906541545551124,0.7653595159656846,0.0,0.0,0.0,0.0,0.0,0.0,0.0,1.0,0.0,4.440892098500626e-16,0.08315999999991625,1.8278421280641206e-06,0.0,0.9999999999999996,0.0,1.0,0.0,4.110555116051847e-09,0.0,0.2349438340934611,7.80851414218689,0.6819885552323159,13.92851414218573,0.4407438127042742,8.7985141421867,0.4913188842174039,13.5685141421858,8.7985141421867,0.0,4.769999999999097,1.0,0.0,0.0,0.0,-0.3906541545551124,0.7653595159656846,0.0,0.0,0.0,0.0,0.0,0.0,0.0,1.0,0.0,4.440892098500626e-16
5.004332,0.285912,1.644683e-09,0.0,1.0,0.2859119999999866,1.8225823249242152e-06,0.0,1.0,0.2859119999999866,1.8225823249242152e-06,0.0,1.0,0.0,1.0,0.0,0.0,0.0,0.0,1.0,0.0,0.0,0.2859119999999866,1.8278321945053278e-06,0.0,0.9999999999999996,0.0,1.0,0.0,3.971557000482168e-09,0.0,0.2349438340934611,7.80851414218689,0.6819885552323159,13.92851414218573,7.80851414218689,0.0,6.119999999998844,1.0,0.0,0.0,0.0,-0.3906541545551124,0.7653595159656846,0.0,0.0,0.0,0.0,0.0,0.0,0.0,1.0,0.0,4.0700776082757207e-16,0.2859119999999866,1.8278321945053278e-06,0.0,0.9999999999999996,0.0,1.0,0.0,3.971557000482168e-09,0.0,0.2349438340934611,7.80851414218689,0.6819885552323159,13.92851414218573,0.4407438127042742,8.7985141421867,0.4913188842174039,13.5685141421858,8.7985141421867,0.0,4.769999999999097,1.0,0.0,0.0,0.0,-0.3906541545551124,0.7653595159656846,0.0,0.0,0.0,0.0,0.0,0.0,0.0,1.0,0.0,4.0700776082757207e-16
5.010221,0.6746,1.644683e-09,0.0,1.0,0.6745859999999556,1.8226234771298822e-06,0.0,1.0,0.6745859999999556,1.8226234771298822e-06,0.0,1.0,0.0,1.0,0.0,0.0,0.0,0.0,1.0,0.0,0.0,0.6745859999999556,1.8278091470815059e-06,0.0,1.0,0.0,1.0,0.0,3.755670036690904e-09,0.0,0.2349438340934611,7.80851414218689,0.6819885552323159,13.92851414218573,7.80851414218689,0.0,6.119999999998844,1.0,0.0,0.0,0.0,-0.3906541545551124,0.7653595159656846,0.0,0.0,0.0,0.0,0.0,0.0,0.0,1.0,0.0,0.0,0.6745859999999556,1.8278091470815059e-06,0.0,1.0,0.0,1.0,0.0,3.755670036690904e-09,0.0,0.2349438340934611,7.80851414218689,0.6819885552323159,13.92851414218573,0.4407438127042742,8.7985141421867,0.4913188842174039,13.5685141421858,8.7985141421867,0.0,4.769999999999097,1.0,0.0,0.0,0.0,-0.3906541545551124,0.7653595159656846,0.0,0.0,0.0,0.0,0.0,0.0,0.0,1.0,0.0,0.0
5.011221,0.7406,1.644683e-09,0.0,1.0,0.7405860000000012,1.8226235551994309e-06,0.0,1.0,0.7405860000000012,1.8226235551994309e-06,0.0,1.0,0.0,1.0,0.0,0.0,0.0,0.0,1.0,0.0,0.0,0.7405860000000012,1.8278090559451871e-06,0.0,1.0,0.0,1.0,0.0,3.402872172241421e-09,0.0,0.2349438340934611,7.80851414218689,0.6819885552323159,13.92851414218573,7.80851414218689,0.0,6.119999999998844,1.0,0.0,0.0,0.0,-0.3906541545551124,0.7653595159656846,0.0,0.0,0.0,0.0,0.0,0.0,0.0,1.0,0.0,0.0,0.7405860000000012,1.8278090559451871e-06,0.0,1.0,0.0,1.0,0.0,3.402872172241421e-09,0.0,0.2349438340934611,7.80851414218689,0.6819885552323159,13.92851414218573,0.4407438127042742,8.7985141421867,0.4913188842174039,13.5685141421858,8.7985141421867,0.0,4.769999999999097,1.0,0.0,0.0,0.0,-0.3906541545551124,0.7653595159656846,0.0,0.0,0.0,0.0,0.0,0.0,0.0,1.0,0.0,0.0
5.012220999999999,0.8066,1.644683e-09,0.0,1.0,0.8065859999999654,1.8226230820664843e-06,0.0,1.0,0.8065859999999654,1.8226230820664843e-06,0.0,1.0,0.0,1.0,0.0,0.0,0.0,0.0,1.0,0.0,0.0,0.8065859999999654,1.8278092696184405e-06,0.0,1.0,0.0,1.0,0.0,3.0689460937213458e-09,0.0,0.2349438340934611,7.80851414218689,0.6819885552323159,13.92851414218573,7.80851414218689,0.0,6.119999999998844,1.0,0.0,0.0,0.0,-0.3906541545551124,0.7653595159656846,0.0,0.0,0.0,0.0,0.0,0.0,0.0,1.0,0.0,0.0,0.8065859999999654,1.8278092696184405e-06,0.0,1.0,0.0,1.0,0.0,3.0689460937213458e-09,0.0,0.2349438340934611,7.80851414218689,0.6819885552323159,13.92851414218573,0.4407438127042742,8.7985141421867,0.4913188842174039,13.5685141421858,8.7985141421867,0.0,4.769999999999097,1.0,0.0,0.0,0.0,-0.3906541545551124,0.7653595159656846,0.0,0.0,0.0,0.0,0.0,0.0,0.0,1.0,0.0,0.0
5.012321,0.8132,8.149123e-06,0.02516318,0.9838392,0.8131860000000086,1.8226230347531896e-06,0.0,1.0,0.8131860000000086,1.8226230347531896e-06,0.0,1.0,0.0,1.0,0.0,0.0,0.0,0.0,1.0,0.0,0.0,0.8131860000000086,1.8278092909857659e-06,0.0,1.0,0.0,1.0,0.0,3.035553485869101e-09,0.0,0.2349438340934611,7.80851414218689,0.6819885552323159,13.92851414218573,7.80851414218689,0.0,6.119999999998844,1.0,0.0,0.0,0.0,-0.3906541545551124,0.7653595159656846,0.0,0.0,0.0,0.0,0.0,0.0,0.0,1.0,0.0,0.0,0.8131860000000086,1.8278092909857659e-06,0.0,1.0,0.0,1.0,0.0,3.035553485869101e-09,0.0,0.2349438340934611,7.80851414218689,0.6819885552323159,13.92851414218573,0.4407438127042742,8.7985141421867,0.4913188842174039,13.5685141421858,8.7985141421867,0.0,4.769999999999097,1.0,0.0,0.0,0.0,-0.3906541545551124,0.7653595159656846,0.0,0.0,0.0,0.0,0.0,0.0,0.0,1.0,0.0,0.0
5.0124070000000005,0.8188722,1.665458e-05,0.03597493,0.9768939,0.8188620000000401,1.8226229940637563e-06,0.0,1.0,0.8188620000000401,1.8226229940637563e-06,0.0,1.0,0.0,1.0,0.0,0.0,0.0,0.0,1.0,0.0,0.0,0.8188620000000401,1.8278093093616658e-06,0.0,1.0,0.0,1.0,0.0,3.0068358431162003e-09,0.0,0.2349438340934611,7.80851414218689,0.6819885552323159,13.92851414218573,7.80851414218689,0.0,6.119999999998844,1.0,0.0,0.0,0.0,-0.3906541545551124,0.7653595159656846,0.0,0.0,0.0,0.0,0.0,0.0,0.0,1.0,0.0,0.0,0.8188620000000401,1.8278093093616658e-06,0.0,1.0,0.0,1.0,0.0,3.0068358431162003e-09,0.0,0.2349438340934611,7.80851414218689,0.6819885552323159,13.92851414218573,0.4407438127042742,8.7985141421867,0.4913188842174039,13.5685141421858,8.7985141421867,0.0,4.769999999999097,1.0,0.0,0.0,0.0,-0.3906541545551124,0.7653595159656846,0.0,0.0,0.0,0.0,0.0,0.0,0.0,1.0,0.0,0.0
5.012627,0.8333805,5.208424e-05,0.06362923,0.9591293,0.833382000000018,1.822622889974508e-06,0.0,1.0,0.833382000000018,1.822622889974508e-06,0.0,1.0,0.0,1.0,0.0,0.0,0.0,0.0,1.0,0.0,0.0,0.833382000000018,1.8278093563697815e-06,0.0,1.0,0.0,1.0,0.0,2.9333721058418547e-09,0.0,0.2349438340934611,7.80851414218689,0.6819885552323159,13.92851414218573,7.80851414218689,0.0,6.119999999998844,1.0,0.0,0.0,0.0,-0.3906541545551124,0.7653595159656846,0.0,0.0,0.0,0.0,0.0,0.0,0.0,1.0,0.0,0.0,0.833382000000018,1.8278093563697815e-06,0.0,1.0,0.0,1.0,0.0,2.9333721058418547e-09,0.0,0.2349438340934611,7.80851414218689,0.6819885552323159,13.92851414218573,0.4407438127042742,8.7985141421867,0.4913188842174039,13.5685141421858,8.7985141421867,0.0,4.769999999999097,1.0,0.0,0.0,0.0,-0.3906541545551124,0.7653595159656846,0.0,0.0,0.0,0.0,0.0,0.0,0.0,1.0,0.0,0.0
5.012796000000001,0.8445622,9.279975e-05,0.08494279,0.9454378,0.8445360000000532,1.82262281001504e-06,0.0,1.0,0.8445360000000532,1.82262281001504e-06,0.0,1.0,0.0,1.0,0.0,0.0,0.0,0.0,1.0,0.0,0.0,0.8445360000000532,1.8278093924805613e-06,0.0,1.0,0.0,1.0,0.0,2.8769385985717537e-09,0.0,0.2349438340934611,7.80851414218689,0.6819885552323159,13.92851414218573,7.80851414218689,0.0,6.119999999998844,1.0,0.0,0.0,0.0,-0.3906541545551124,0.7653595159656846,0.0,0.0,0.0,0.0,0.0,0.0,0.0,1.0,0.0,0.0,0.8445360000000532,1.8278093924805613e-06,0.0,1.0,0.0,1.0,0.0,2.8769385985717537e-09,0.0,0.2349438340934611,7.80851414218689,0.6819885552323159,13.92851414218573,0.4407438127042742,8.7985141421867,0.4913188842174039,13.5685141421858,8.7985141421867,0.0,4.769999999999097,1.0,0.0,0.0,0.0,-0.3906541545551124,0.7653595159656846,0.0,0.0,0.0,0.0,0.0,0.0,0.0,1.0,0.0,0.0
5.013338999999999,0.8803438,0.0003014165,0.1531462,0.901625,0.880373999999963,1.8226224745746864e-06,0.0,1.0,0.880373999999963,1.8226224745746864e-06,0.0,1.0,0.0,1.0,0.0,0.0,0.0,0.0,1.0,0.0,0.0,0.880373999999963,1.8278095519143322e-06,0.0,1.0,0.0,1.0,0.0,2.711421036175423e-09,0.0,0.2349438340934611,7.80851414218689,0.6819885552323159,13.92851414218573,7.80851414218689,0.0,6.119999999998844,1.0,0.0,0.0,0.0,-0.3906541545551124,0.7653595159656846,0.0,0.0,0.0,0.0,0.0,0.0,0.0,1.0,0.0,0.0,0.880373999999963,1.8278095519143322e-06,0.0,1.0,0.0,1.0,0.0,2.711421036175423e-09,0.0,0.2349438340934611,7.80851414218689,0.6819885552323159,13.92851414218573,0.4407438127042742,8.7985141421867,0.4913188842174039,13.5685141421858,8.7985141421867,0.0,4.769999999999097,1.0,0.0,0.0,0.0,-0.3906541545551124,0.7653595159656846,0.0,0.0,0.0,0.0,0.0,0.0,0.0,1.0,0.0,0.0
5.015073,0.9948448,0.001768649,0.3713971,0.7614242,0.9948180000000164,1.8226212471841475e-06,0.0,1.0,0.9948180000000164,1.8226212471841475e-06,0.0,1.0,0.0,1.0,0.0,0.0,0.0,0.0,1.0,0.0,0.0,0.9948180000000164,1.8278101473927893e-06,0.0,1.0,0.0,1.0,0.0,2.2167177999877564e-09,0.0,0.2349438340934611,7.80851414218689,0.6819885552323159,13.92851414218573,7.80851414218689,0.0,6.119999999998844,1.0,0.0,0.0,0.0,-0.3906541545551124,0.7653595159656846,0.0,0.0,0.0,0.0,0.0,0.0,0.0,1.0,0.0,0.0,0.9948180000000164,1.8278101473927893e-06,0.0,1.0,0.0,1.0,0.0,2.2167177999877564e-09,0.0,0.2349438340934611,7.80851414218689,0.6819885552323159,13.92851414218573,0.4407438127042742,8.7985141421867,0.4913188842174039,13.5685141421858,8.7985141421867,0.0,4.769999999999097,1.0,0.0,0.0,0.0,-0.3906541545551124,0.7653595159656846,0.0,0.0,0.0,0.0,0.0,0.0,0.0,1.0,0.0,0.0
5.016461,1.086446,0.003817779,0.5459978,0.6492636,1.0864259999999843,1.8226201682142208e-06,0.0,1.0,1.0864259999999843,1.8226201682142208e-06,0.0,1.0,0.0,1.0,0.0,0.0,0.0,0.0,1.0,0.0,0.0,1.0864259999999843,1.8278106773984275e-06,0.0,1.0,0.0,1.0,0.0,1.8841982696080534e-09,0.0,0.2349438340934611,7.80851414218689,0.6819885552323159,13.92851414218573,7.80851414218689,0.0,6.119999999998844,1.0,0.0,0.0,0.0,-0.3906541545551124,0.7653595159656846,0.0,0.0,0.0,0.0,0.0,0.0,0.0,1.0,0.0,0.0,1.0864259999999843,1.8278106773984275e-06,0.0,1.0,0.0,1.0,0.0,1.8841982696080534e-09,0.0,0.2349438340934611,7.80851414218689,0.6819885552323159,13.92851414218573,0.4407438127042742,8.7985141421867,0.4913188842174039,13.5685141421858,8.7985141421867,0.0,4.769999999999097,1.0,0.0,0.0,0.0,-0.3906541545551124,0.7653595159656846,0.0,0.0,0.0,0.0,0.0,0.0,0.0,1.0,0.0,0.0
5.0175719999999995,1.159726,0.006016025,0.6856783,0.5595351,1.159751999999993,1.822619293456726e-06,0.0,1.0,1.159751999999993,1.822619293456726e-06,0.0,1.0,0.0,1.0,0.0,0.0,0.0,0.0,1.0,0.0,0.0,1.159751999999993,1.8278111078107518e-06,0.0,1.0,0.0,1.0,0.0,1.6423215104967996e-09,0.0,0.2349438340934611,7.80851414218689,0.6819885552323159,13.92851414218573,7.80851414218689,0.0,6.119999999998844,1.0,0.0,0.0,0.0,-0.3906541545551124,0.7653595159656846,0.0,0.0,0.0,0.0,0.0,0.0,0.0,1.0,0.0,0.0,1.159751999999993,1.8278111078107518e-06,0.0,1.0,0.0,1.0,0.0,1.6423215104967996e-09,0.0,0.2349438340934611,7.80851414218689,0.6819885552323159,13.92851414218573,0.4407438127042742,8.7985141421867,0.4913188842174039,13.5685141421858,8.7985141421867,0.0,4.769999999999097,1.0,0.0,0.0,0.0,-0.3906541545551124,0.7653595159656846,0.0,0.0,0.0,0.0,0.0,0.0,0.0,1.0,0.0,0.0
5.018016,1.189038,0.007034351,0.7415505,0.5236436,1.1890560000000576,1.8226189396828904e-06,0.0,1.0,1.1890560000000576,1.8226189396828904e-06,0.0,1.0,0.0,1.0,0.0,0.0,0.0,0.0,1.0,0.0,0.0,1.1890560000000576,1.827811282147518e-06,0.0,1.0,0.0,1.0,0.0,1.5548023273903544e-09,0.0,0.2349438340934611,7.80851414218689,0.6819885552323159,13.92851414218573,7.80851414218689,0.0,6.119999999998844,1.0,0.0,0.0,0.0,-0.3906541545551124,0.7653595159656846,0.0,0.0,0.0,0.0,0.0,0.0,0.0,1.0,0.0,0.0,1.1890560000000576,1.827811282147518e-06,0.0,1.0,0.0,1.0,0.0,1.5548023273903544e-09,0.0,0.2349438340934611,7.80851414218689,0.6819885552323159,13.92851414218573,0.4407438127042742,8.7985141421867,0.4913188842174039,13.5685141421858,8.7985141421867,0.0,4.769999999999097,1.0,0.0,0.0,0.0,-0.3906541545551124,0.7653595159656846,0.0,0.0,0.0,0.0,0.0,0.0,0.0,1.0,0.0,0.0
5.018371,1.212488,0.007866436,0.7175062,0.5442998,1.2124860000000606,1.8226186568231795e-06,0.0,1.0,1.2124860000000606,1.8226186568231795e-06,0.0,1.0,0.0,1.0,0.0,0.0,0.0,0.0,1.0,0.0,0.0,1.2124860000000606,1.8278114215384007e-06,0.0,1.0,0.0,1.0,0.0,1.4848264039607972e-09,0.0,0.2349438340934611,7.80851414218689,0.6819885552323159,13.92851414218573,7.80851414218689,0.0,6.119999999998844,1.0,0.0,0.0,0.0,-0.3906541545551124,0.7653595159656846,0.0,0.0,0.0,0.0,0.0,0.0,0.0,1.0,0.0,0.0,1.2124860000000606,1.8278114215384007e-06,0.0,1.0,0.0,1.0,0.0,1.4848264039607972e-09,0.0,0.2349438340934611,7.80851414218689,0.6819885552323159,13.92851414218573,0.4407438127042742,8.7985141421867,0.4913188842174039,13.5685141421858,8.7985141421867,0.0,4.769999999999097,1.0,0.0,0.0,0.0,-0.3906541545551124,0.7653595159656846,0.0,0.0,0.0,0.0,0.0,0.0,0.0,1.0,0.0,0.0
5.018771,1.238888,0.008750817,0.6628125,0.5873939,1.2388860000000697,1.8226183381080123e-06,0.0,1.0,1.2388860000000697,1.8226183381080123e-06,0.0,1.0,0.0,1.0,0.0,0.0,0.0,0.0,1.0,0.0,0.0,1.2388860000000697,1.8278115785985503e-06,0.0,1.0,0.0,1.0,0.0,1.4059802930542366e-09,0.0,0.2349438340934611,7.80851414218689,0.6819885552323159,13.92851414218573,7.80851414218689,0.0,6.119999999998844,1.0,0.0,0.0,0.0,-0.3906541545551124,0.7653595159656846,0.0,0.0,0.0,0.0,0.0,0.0,0.0,1.0,0.0,0.0,1.2388860000000697,1.8278115785985503e-06,0.0,1.0,0.0,1.0,0.0,1.4059802930542366e-09,0.0,0.2349438340934611,7.80851414218689,0.6819885552323159,13.92851414218573,0.4407438127042742,8.7985141421867,0.4913188842174039,13.5685141421858,8.7985141421867,0.0,4.769999999999097,1.0,0.0,0.0,0.0,-0.3906541545551124,0.7653595159656846,0.0,0.0,0.0,0.0,0.0,0.0,0.0,1.0,0.0,0.0
5.019172,1.26537,0.009565213,0.6079473,0.6306233,1.265352000000078,1.8226180183022703e-06,0.0,1.0,1.265352000000078,1.8226180183022703e-06,0.0,1.0,0.0,1.0,0.0,0.0,0.0,0.0,1.0,0.0,0.0,1.265352000000078,1.8278117362343843e-06,0.0,1.0,0.0,1.0,0.0,1.3331118246834778e-09,0.0,0.2349438340934611,7.80851414218689,0.6819885552323159,13.92851414218573,7.80851414218689,0.0,6.119999999998844,1.0,0.0,0.0,0.0,-0.3906541545551124,0.7653595159656846,0.0,0.0,0.0,0.0,0.0,0.0,0.0,1.0,0.0,0.0,1.265352000000078,1.8278117362343843e-06,0.0,1.0,0.0,1.0,0.0,1.3331118246834778e-09,0.0,0.2349438340934611,7.80851414218689,0.6819885552323159,13.92851414218573,0.4407438127042742,8.7985141421867,0.4913188842174039,13.5685141421858,8.7985141421867,0.0,4.769999999999097,1.0,0.0,0.0,0.0,-0.3906541545551124,0.7653595159656846,0.0,0.0,0.0,0.0,0.0,0.0,0.0,1.0,0.0,0.0
5.01964,1.296265,0.01042321,0.543939,0.6810565,1.2962400000000442,1.8226176446061512e-06,0.0,1.0,1.2962400000000442,1.8226176446061512e-06,0.0,1.0,0.0,1.0,0.0,0.0,0.0,0.0,1.0,0.0,0.0,1.2962400000000442,1.8278119204927825e-06,0.0,1.0,0.0,1.0,0.0,1.257662960134953e-09,0.0,0.2349438340934611,7.80851414218689,0.6819885552323159,13.92851414218573,7.80851414218689,0.0,6.119999999998844,1.0,0.0,0.0,0.0,-0.3906541545551124,0.7653595159656846,0.0,0.0,0.0,0.0,0.0,0.0,0.0,1.0,0.0,0.0,1.2962400000000442,1.8278119204927825e-06,0.0,1.0,0.0,1.0,0.0,1.257662960134953e-09,0.0,0.2349438340934611,7.80851414218689,0.6819885552323159,13.92851414218573,0.4407438127042742,8.7985141421867,0.4913188842174039,13.5685141421858,8.7985141421867,0.0,4.769999999999097,1.0,0.0,0.0,0.0,-0.3906541545551124,0.7653595159656846,0.0,0.0,0.0,0.0,0.0,0.0,0.0,1.0,0.0,0.0
5.021138,1.39513,0.01250262,0.3391126,0.8424429,1.3951079999999907,1.8226164490353219e-06,0.0,1.0,1.395107999999983,1.822618265923651e-06,0.0,1.0,0.0,1.0,0.0,0.0,0.0,0.0,1.0,0.0,0.0,1.3951079999999907,1.827812509982698e-06,0.0,1.0,0.0,1.0,0.0,1.0202668961097879e-09,0.0,0.2349438340934611,7.80851414218689,0.6819885552323159,13.92851414218573,7.285937790922608,0.0,5.728566085753133,0.9309999999992296,0.0,0.0,0.0,-0.32069764174511206,0.7521084200616371,0.0,0.0,0.0,0.0,0.0,0.0,0.0,1.0,0.0,0.0,1.3951079999999907,1.827812509982698e-06,0.0,1.0,0.0,1.0,0.0,1.0202668961097879e-09,0.0,0.2349438340934611,7.80851414218689,0.6819885552323159,13.92851414218573,0.4407438127042742,8.7985141421867,0.4913188842174039,13.5685141421858,8.221827989445973,0.0,4.444359679929929,0.9309999999992296,0.0,0.0,0.0,-0.32069764174511206,0.7521084200616371,0.0,0.0,0.0,0.0,0.0,0.0,0.0,1.0,0.0,0.0
5.022337,1.474222,0.01343631,0.1752515,0.971552,1.4742420000000325,1.8226154966444676e-06,0.0,1.0,1.4742420000000191,1.82264698936401e-06,0.0,1.0,0.0,1.0,0.0,0.0,0.0,0.0,1.0,0.0,0.0,1.4742420000000325,1.8278129794881604e-06,0.0,1.0,0.0,1.0,0.0,8.626335548622357e-10,0.0,0.2349438340934611,7.80851414218689,0.6819885552323159,13.92851414218573,2.7455823912177646,0.0,2.327629396074448,0.3314999999988554,0.0,0.0,0.0,0.2871129296918887,0.6369775215921779,0.0,0.0,0.0,0.0,0.0,0.0,0.0,1.0,0.0,0.0,1.4742420000000325,1.8278129794881604e-06,0.0,1.0,0.0,1.0,0.0,8.626335548622357e-10,0.0,0.2349438340934611,7.80851414218689,0.6819885552323159,13.92851414218573,0.4407438127042742,8.7985141421867,0.4913188842174039,13.5685141421858,3.2113446769181326,0.0,1.6150644353008259,0.3314999999988554,0.0,0.0,0.0,0.2871129296918887,0.6369775215921779,0.0,0.0,0.0,0.0,0.0,0.0,0.0,1.0,0.0,0.0
5.023337,1.540222,0.01372052,0.03851411,1.07929,1.5402419999999966,1.8226147043790497e-06,0.0,1.0,1.5402419999999846,1.8226755805534863e-06,0.0,1.0,0.0,1.0,0.0,0.0,0.0,0.0,1.0,0.0,0.0,1.5402419999999966,1.827813370006893e-06,0.0,1.0,0.0,1.0,0.0,7.393961126769608e-10,0.0,0.2349438340934611,7.80851414218689,0.6819885552323159,13.92851414218573,0.2349438340934611,0.0,0.4470447211388549,0.0,0.0,0.0,0.0,0.6232083499263246,0.5733146477932285,0.0,0.0,0.0,0.0,0.0,0.0,0.0,1.0,0.0,0.0,1.5402419999999966,1.827813370006893e-06,0.0,1.0,0.0,1.0,0.0,7.393961126769608e-10,0.0,0.2349438340934611,7.80851414218689,0.6819885552323159,13.92851414218573,0.4407438127042742,8.7985141421867,0.4913188842174039,13.5685141421858,0.4407438127042742,0.0,0.05057507151312968,0.0,0.0,0.0,0.0,0.6232083499263246,0.5733146477932285,0.0,0.0,0.0,0.0,0.0,0.0,0.0,1.0,0.0,0.0
5.024337,1.606222,0.01359962,-0.07185277,1.16207,1.6062420000000195,1.8226139161576595e-06,0.0,1.0,1.6062420000000575,1.822699339181005e-06,0.0,1.0,0.0,1.0,0.0,0.0,0.0,0.0,1.0,0.0,0.0,1.6062420000000195,1.827813758436021e-06,0.0,1.0,0.0,1.0,0.0,6.323563987382284e-10,0.0,0.2349438340934611,7.80851414218689,0.6819885552323159,13.92851414218573,0.2349438340934611,0.0,0.4470447211388549,0.0,0.0,0.0,0.0,0.6232083499263246,0.5733146477932285,0.0,0.0,0.0,0.0,0.0,0.0,0.0,1.0,0.0,0.0,1.6062420000000195,1.827813758436021e-06,0.0,1.0,0.0,1.0,0.0,6.323563987382284e-10,0.0,0.2349438340934611,7.80851414218689,0.6819885552323159,13.92851414218573,0.4407438127042742,8.7985141421867,0.4913188842174039,13.5685141421858,0.4407438127042742,0.0,0.05057507151312968,0.0,0.0,0.0,0.0,0.6232083499263246,0.5733146477932285,0.0,0.0,0.0,0.0,0.0,0.0,0.0,1.0,0.0,0.0
5.025337,1.672222,0.01325594,-0.09848996,1.165604,1.672242000000042,1.8226131301945386e-06,0.0,1.0,1.6722420000000804,1.822720748319506e-06,0.0,1.0,0.0,1.0,0.0,0.0,0.0,0.0,1.0,0.0,0.0,1.672242000000042,1.8278141457035848e-06,0.0,1.0,0.0,1.0,0.0,5.320532858428811e-10,0.0,0.2349438340934611,7.80851414218689,0.6819885552323159,13.92851414218573,0.2349438340934611,0.0,0.4470447211388549,0.0,0.0,0.0,0.0,0.6232083499263246,0.5733146477932285,0.0,0.0,0.0,0.0,0.0,0.0,0.0,1.0,0.0,0.0,1.672242000000042,1.8278141457035848e-06,0.0,1.0,0.0,1.0,0.0,5.320532858428811e-10,0.0,0.2349438340934611,7.80851414218689,0.6819885552323159,13.92851414218573,0.4407438127042742,8.7985141421867,0.4913188842174039,13.5685141421858,0.4407438127042742,0.0,0.05057507151312968,0.0,0.0,0.0,0.0,0.6232083499263246,0.5733146477932285,0.0,0.0,0.0,0.0,0.0,0.0,0.0,1.0,0.0,0.0
5.026283,1.734701,0.01285274,-0.1237061,1.168951,1.734678000000035,1.8226123908763396e-06,0.0,1.0,1.7346780000000241,1.8227446162308324e-06,0.0,1.0,0.0,1.0,0.0,0.0,0.0,0.0,1.0,0.0,0.0,1.734678000000035,1.8278145098968875e-06,0.0,1.0,0.0,1.0,0.0,4.4970417517199106e-10,0.0,0.2349438340934611,7.80851414218689,0.6819885552323159,13.92851414218573,0.2349438340934611,0.0,0.4470447211388549,0.0,0.0,0.0,0.0,0.6232083499263246,0.5733146477932285,0.0,0.0,0.0,0.0,0.0,0.0,0.0,1.0,0.0,0.0,1.734678000000035,1.8278145098968875e-06,0.0,1.0,0.0,1.0,0.0,4.4970417517199106e-10,0.0,0.2349438340934611,7.80851414218689,0.6819885552323159,13.92851414218573,0.4407438127042742,8.7985141421867,0.4913188842174039,13.5685141421858,0.4407438127042742,0.0,0.05057507151312968,0.0,0.0,0.0,0.0,0.6232083499263246,0.5733146477932285,0.0,0.0,0.0,0.0,0.0,0.0,0.0,1.0,0.0,0.0
5.027113,1.789451,0.01243748,-0.1458026,1.171883,1.7894580000000164,1.8226117429897448e-06,0.0,1.0,1.789458,1.8227773281601496e-06,0.0,1.0,0.0,1.0,0.0,0.0,0.0,0.0,1.0,0.0,0.0,1.7894580000000164,1.8278148290361933e-06,0.0,1.0,0.0,1.0,0.0,3.792979518334e-10,0.0,0.2349438340934611,7.80851414218689,0.6819885552323159,13.92851414218573,0.2349438340934611,0.0,0.4470447211388549,0.0,0.0,0.0,0.0,0.6232083499263246,0.5733146477932285,0.0,0.0,0.0,0.0,0.0,0.0,0.0,1.0,0.0,0.0,1.7894580000000164,1.8278148290361933e-06,0.0,1.0,0.0,1.0,0.0,3.792979518334e-10,0.0,0.2349438340934611,7.80851414218689,0.6819885552323159,13.92851414218573,0.4407438127042742,8.7985141421867,0.4913188842174039,13.5685141421858,0.4407438127042742,0.0,0.05057507151312968,0.0,0.0,0.0,0.0,0.6232083499263246,0.5733146477932285,0.0,0.0,0.0,0.0,0.0,0.0,0.0,1.0,0.0,0.0
5.0297670000000005,1.964649,0.01072339,-0.2165114,1.181266,1.964622000000091,1.822609692314362e-06,0.0,1.0,1.9646220000000318,1.8228178289467404e-06,0.0,1.0,0.0,1.0,0.0,0.0,0.0,0.0,1.0,0.0,0.0,1.964622000000091,1.827815838802636e-06,0.0,1.0,0.0,1.0,0.0,2.0182541012101563e-10,0.0,0.2349438340934611,7.80851414218689,0.6819885552323159,13.92851414218573,0.2349438340934611,0.0,0.4470447211388549,0.0,0.0,0.0,0.0,0.6232083499263246,0.5733146477932285,0.0,0.0,0.0,0.0,0.0,0.0,0.0,1.0,0.0,0.0,1.964622000000091,1.827815838802636e-06,0.0,1.0,0.0,1.0,0.0,2.0182541012101563e-10,0.0,0.2349438340934611,7.80851414218689,0.6819885552323159,13.92851414218573,0.4407438127042742,8.7985141421867,0.4913188842174039,13.5685141421858,0.4407438127042742,0.0,0.05057507151312968,0.0,0.0,0.0,0.0,0.6232083499263246,0.5733146477932285,0.0,0.0,0.0,0.0,0.0,0.0,0.0,1.0,0.0,0.0
5.030829,2.034728,0.009939201,-0.2070959,1.166326,2.03471400000001,1.8226088769246412e-06,0.0,1.0,2.0347140000000055,1.8228295235990293e-06,0.0,1.0,0.0,1.0,0.0,0.0,0.0,0.0,1.0,0.0,0.0,2.03471400000001,1.8278162402280246e-06,0.0,1.0,0.0,1.0,0.0,1.4087286486977646e-10,0.0,0.2349438340934611,7.80851414218689,0.6819885552323159,13.92851414218573,0.2349438340934611,0.0,0.4470447211388549,0.0,0.0,0.0,0.0,0.6232083499263246,0.5733146477932285,0.0,0.0,0.0,0.0,0.0,0.0,0.0,1.0,0.0,0.0,2.03471400000001,1.8278162402280246e-06,0.0,1.0,0.0,1.0,0.0,1.4087286486977646e-10,0.0,0.2349438340934611,7.80851414218689,0.6819885552323159,13.92851414218573,0.4407438127042742,8.7985141421867,0.4913188842174039,13.5685141421858,0.4407438127042742,0.0,0.05057507151312968,0.0,0.0,0.0,0.0,0.6232083499263246,0.5733146477932285,0.0,0.0,0.0,0.0,0.0,0.0,0.0,1.0,0.0,0.0
5.032398000000001,2.13825,0.008908918,-0.1694024,1.132464,2.13826800000008,1.8226334223874126e-06,0.0,1.0,2.1382680000000494,-0.0003083621489222235,-0.08906139700719559,1.170681128437547,-0.08906139700719559,1.170681128437547,0.0,0.0,0.0,-0.08906139700719559,1.170681128437547,0.0,0.0,2.138268000000041,1.827807337894264e-06,-1.3093200231307517e-22,1.0,0.0,1.0,0.0,8.940499164838154e-10,0.0,0.2349438340934611,7.80851414218689,0.6819885552323159,13.92851414218573,0.2349438340934611,0.0,0.4470447211388549,0.0,0.0,0.0,0.0,0.6232083499263246,0.5733146477932285,0.0,0.0,0.0,0.0,0.0,0.0,0.0,1.0,8.411006190039718e-23,0.0,2.138268000000041,1.827807337894264e-06,-1.3093200231307517e-22,1.0,0.0,1.0,0.0,8.940499164838154e-10,0.0,0.2349438340934611,7.80851414218689,0.6819885552323159,13.92851414218573,0.4407438127042742,8.7985141421867,0.4913188842174039,13.5685141421858,0.4407438127042742,0.0,0.05057507151312968,0.0,0.0,0.0,0.0,0.6232083499263246,0.5733146477932285,0.0,0.0,0.0,0.0,0.0,0.0,0.0,1.0,8.411006190039718e-23,0.0
5.034643,2.286411,0.007782317,-0.1154556,1.084,2.2864379999999995,0.005283650274793871,1.0,0.0,2.286438,-0.0009452347123826251,-0.08906139700721524,1.170681128437551,-0.08906139700721524,1.170681128437551,0.0,0.0,0.0,-0.08906139700721524,1.170681128437551,0.0,0.0,2.286438000000003,0.0007607605773189147,0.27710050966338007,0.7243563257491172,1.0,0.0,0.0,0.07155414801043461,0.0,0.2349438340934611,7.80851414218689,0.6819885552323159,13.92851414218573,0.2349438340934611,0.0,0.4470447211388549,0.0,0.0,0.0,0.0,0.6232083499263246,0.5733146477932285,0.0,0.0,0.0,0.0,0.0,0.0,1.0,0.0,0.7228994903366199,0.7243563257491172,2.286438000000003,0.0007607605773189147,0.27710050966338007,0.7243563257491172,1.0,0.0,0.0,0.07155414801043461,0.0,0.2349438340934611,7.80851414218689,0.6819885552323159,13.92851414218573,0.4407438127042742,8.7985141421867,0.4913188842174039,13.5685141421858,0.4407438127042742,0.0,0.05057507151312968,0.0,0.0,0.0,0.0,0.6232083499263246,0.5733146477932285,0.0,0.0,0.0,0.0,0.0,0.0,1.0,0.0,0.7228994903366199,0.7243563257491172
5.036543,2.411806,0.007119331,-0.07835363,1.050147,2.411838000000054,0.005857639752717092,-0.08906139700719559,1.170681128437547,2.411838000000013,-0.0014808129401533657,-0.08906139700720411,1.1706811284375487,-0.08906139700720411,1.1706811284375487,0.0,0.0,0.0,-0.08906139700720411,1.1706811284375487,0.0,0.0,2.4118379999999875,0.0024052709736501546,0.214059504752778,0.811542801299893,-0.08906139700720254,1.1706811284375482,0.0,0.2077759957897477,0.0,0.2349438340934611,7.80851414218689,0.6819885552323159,13.92851414218573,0.2349438340934611,0.0,0.4470447211388549,0.0,0.0,0.0,0.0,0.6232083499263246,0.5733146477932285,0.0,0.0,0.0,0.0,0.0,0.0,-0.08906139700720254,1.1706811284375482,0.3031209017599805,0.35913832713765553,2.4118379999999875,0.0024052709736501546,0.214059504752778,0.811542801299893,-0.08906139700720254,1.1706811284375482,0.0,0.2077759957897477,0.0,0.2349438340934611,7.80851414218689,0.6819885552323159,13.92851414218573,0.4407438127042742,8.7985141421867,0.4913188842174039,13.5685141421858,0.4407438127042742,0.0,0.05057507151312968,0.0,0.0,0.0,0.0,0.6232083499263246,0.5733146477932285,0.0,0.0,0.0,0.0,0.0,0.0,-0.08906139700720254,1.1706811284375482,0.3031209017599805,0.35913832713765553
5.040036,2.642397,0.006239798,-0.05808127,1.028049,2.6423759999999703,0.004761615397743601,-0.08906139700720195,1.1706811284375482,2.6423760000000245,-0.0024531128912728263,-0.08906139700719559,1.170681128437547,-0.08906139700719559,1.170681128437547,0.0,0.0,0.0,-0.08906139700719559,1.170681128437547,0.0,0.0,2.642376000000018,0.003844788136111889,0.06012476002093642,0.9939477095422432,-0.08906139700719783,1.1706811284375473,0.0,0.2654305538183304,0.0,0.2349438340934611,7.80851414218689,0.6819885552323159,13.92851414218573,0.2349438340934611,0.0,0.4470447211388549,0.0,0.0,0.0,0.0,0.6232083499263246,0.5733146477932285,0.0,0.0,0.0,0.0,0.0,0.0,-0.08906139700719783,1.1706811284375473,0.14918615702813423,0.1767334188953043,2.642376000000018,0.003844788136111889,0.06012476002093642,0.9939477095422432,-0.08906139700719783,1.1706811284375473,0.0,0.2654305538183304,0.0,0.2349438340934611,7.80851414218689,0.6819885552323159,13.92851414218573,0.4407438127042742,8.7985141421867,0.4913188842174039,13.5685141421858,0.4407438127042742,0.0,0.05057507151312968,0.0,0.0,0.0,0.0,0.6232083499263246,0.5733146477932285,0.0,0.0,0.0,0.0,0.0,0.0,-0.08906139700719783,1.1706811284375473,0.14918615702813423,0.1767334188953043
5.043526,2.872688,0.005575066,-0.04298547,1.012853,2.872716000000031,0.004384937582268683,-0.08906139700717594,1.170681128437543,2.8727159999999943,-0.0031322868401125565,-0.04423564454407026,1.040683001046668,-0.04423564454407026,1.040683001046668,0.0,0.0,0.0,-0.04423564454407026,1.040683001046668,0.0,0.0,2.8727160000000187,0.0040484606262920445,0.026156547984059843,1.0414651495871727,-0.07131220033766,1.1330104292018122,0.0,0.20331459458714002,0.0,0.2349438340934611,7.80851414218689,0.6819885552323159,13.92851414218573,0.2349438340934611,0.0,0.4470447211388549,0.0,0.0,0.0,0.0,0.6232083499263246,0.5733146477932285,0.0,0.0,0.0,0.0,0.0,0.0,-0.07131220033766,1.1330104292018122,0.09746874832171981,0.10850805036563174,2.8727160000000187,0.0040484606262920445,0.026156547984059843,1.0414651495871727,-0.07131220033766,1.1330104292018122,0.0,0.20331459458714002,0.0,0.2349438340934611,7.80851414218689,0.6819885552323159,13.92851414218573,0.4407438127042742,8.7985141421867,0.4913188842174039,13.5685141421858,0.4407438127042742,0.0,0.05057507151312968,0.0,0.0,0.0,0.0,0.6232083499263246,0.5733146477932285,0.0,0.0,0.0,0.0,0.0,0.0,-0.07131220033766,1.1330104292018122,0.09746874832171981,0.10850805036563174
5.046663,3.07974,0.005099285,-0.03581565,1.007732,3.0797580000000044,0.005692788368179831,-0.04423564454407458,1.040683001046676,3.0797579999999725,-0.0035316376180977724,-0.04423564454407433,1.0406830010466754,-0.04423564454407433,1.0406830010466754,0.0,0.0,0.0,-0.04423564454407433,1.0406830010466754,0.0,0.0,3.0797580000000164,0.0042047565944417255,0.015756353320383935,1.0397042651193786,-0.04423564454407496,1.0406830010466768,0.0,0.162239944417077,0.0,0.2349438340934611,7.80851414218689,0.6819885552323159,13.92851414218573,0.2349438340934611,0.0,0.4470447211388549,0.0,0.0,0.0,0.0,0.6232083499263246,0.5733146477932285,0.0,0.0,0.0,0.0,0.0,0.0,-0.04423564454407496,1.0406830010466768,0.05999199786445891,0.0009787359272986345,3.0797580000000164,0.0042047565944417255,0.015756353320383935,1.0397042651193786,-0.04423564454407496,1.0406830010466768,0.0,0.162239944417077,0.0,0.2349438340934611,7.80851414218689,0.6819885552323159,13.92851414218573,0.4407438127042742,8.7985141421867,0.4913188842174039,13.5685141421858,0.4407438127042742,0.0,0.05057507151312968,0.0,0.0,0.0,0.0,0.6232083499263246,0.5733146477932285,0.0,0.0,0.0,0.0,0.0,0.0,-0.04423564454407496,1.0406830010466768,0.05999199786445891,0.0009787359272986345
5.05,3.3,0.004684382,-0.0273813,1.006025,3.2999999999998826,0.005133083430799919,-0.04423564454407458,1.040683001046676,3.2999999999998826,-0.003951399865333089,-0.04423564454407458,1.040683001046676,-0.04423564454407458,1.040683001046676,0.0,0.0,0.0,-0.04423564454407458,1.040683001046676,0.0,0.0,3.2999999999998826,0.004137679966631923,-0.013627220287713805,1.0401773571916388,-0.04423564454407183,1.040683001046671,0.0,0.10978588197711471,0.0,0.2349438340934611,7.80851414218689,0.6819885552323159,13.92851414218573,0.2349438340934611,0.0,0.4470447211388549,0.0,0.0,0.0,0.0,0.6232083499263246,0.5733146477932285,0.0,0.0,0.0,0.0,0.0,0.0,-0.04423564454407183,1.040683001046671,0.030608424256358017,0.0005056438550321271,3.2999999999998826,0.004137679966631923,-0.013627220287713805,1.0401773571916388,-0.04423564454407183,1.040683001046671,0.0,0.10978588197711471,0.0,0.2349438340934611,7.80851414218689,0.6819885552323159,13.92851414218573,0.4407438127042742,8.7985141421867,0.4913188842174039,13.5685141421858,0.4407438127042742,0.0,0.05057507151312968,0.0,0.0,0.0,0.0,0.6232083499263246,0.5733146477932285,0.0,0.0,0.0,0.0,0.0,0.0,-0.04423564454407183,1.040683001046671,0.030608424256358017,0.0005056438550321271
5.050193,3.3,0.004663596,-0.02686153,1.006079,3.3,0.00510090162350523,-0.04423564454407458,1.040683001046676,3.3,-0.003975458935456789,-0.044235644544072625,1.0406830010466726,-0.044235644544072625,1.0406830010466726,0.0,0.0,0.0,-0.044235644544072625,1.0406830010466726,0.0,0.0,3.3,0.0041248976533012315,-0.014773660141287646,1.0401962961040856,-0.044235644544073145,1.0406830010466734,0.0,0.10643977367581434,0.0,0.2349438340934611,7.80851414218689,0.6819885552323159,13.92851414218573,0.2349438340934611,0.0,0.4470447211388549,0.0,0.0,0.0,0.0,0.6232083499263246,0.5733146477932285,0.0,0.0,0.0,0.0,0.0,0.0,-0.044235644544073145,1.0406830010466734,0.0294619844027855,0.000486704942587668,3.3,0.0041248976533012315,-0.014773660141287646,1.0401962961040856,-0.044235644544073145,1.0406830010466734,0.0,0.10643977367581434,0.0,0.2349438340934611,7.80851414218689,0.6819885552323159,13.92851414218573,0.4407438127042742,8.7985141421867,0.4913188842174039,13.5685141421858,0.4407438127042742,0.0,0.05057507151312968,0.0,0.0,0.0,0.0,0.6232083499263246,0.5733146477932285,0.0,0.0,0.0,0.0,0.0,0.0,-0.044235644544073145,1.0406830010466734,0.0294619844027855,0.000486704942587668
5.0504929999999995,3.3,0.004631564,-0.02605013,1.006165,3.3,0.005050925550707949,-0.04423564454407458,1.040683001046676,3.3,-0.004012811908310896,-0.04423564454407458,1.040683001046676,-0.04423564454407458,1.040683001046676,0.0,0.0,0.0,-0.04423564454407458,1.040683001046676,0.0,0.0,3.3,0.004103713022969587,-0.016472029106226315,1.0402243527535724,-0.04423564454407335,1.0406830010466739,0.0,0.10123481992264988,0.0,0.2349438340934611,7.80851414218689,0.6819885552323159,13.92851414218573,0.2349438340934611,0.0,0.4470447211388549,0.0,0.0,0.0,0.0,0.6232083499263246,0.5733146477932285,0.0,0.0,0.0,0.0,0.0,0.0,-0.04423564454407335,1.0406830010466739,0.027763615437847035,0.000458648293101476,3.3,0.004103713022969587,-0.016472029106226315,1.0402243527535724,-0.04423564454407335,1.0406830010466739,0.0,0.10123481992264988,0.0,0.2349438340934611,7.80851414218689,0.6819885552323159,13.92851414218573,0.4407438127042742,8.7985141421867,0.4913188842174039,13.5685141421858,0.4407438127042742,0.0,0.05057507151312968,0.0,0.0,0.0,0.0,0.6232083499263246,0.5733146477932285,0.0,0.0,0.0,0.0,0.0,0.0,-0.04423564454407335,1.0406830010466739,0.027763615437847035,0.000458648293101476
5.051455000000001,3.3,0.004534648,-0.02345367,1.006439,3.3,0.004891063587588315,-0.04423564454407471,1.0406830010466763,3.3,-0.004125819911467171,-0.03055230620227573,1.015429775625913,-0.03055230620227573,1.015429775625913,0.0,0.0,0.0,-0.03055230620227573,1.015429775625913,0.0,0.0,3.3,0.004026595972673492,-0.021338429224384097,1.0403047445207292,-0.0442356445440719,1.0406830010466712,0.0,0.08460315084655541,0.0,0.2349438340934611,7.80851414218689,0.6819885552323159,13.92851414218573,0.2349438340934611,0.0,0.4470447211388549,0.0,0.0,0.0,0.0,0.6232083499263246,0.5733146477932285,0.0,0.0,0.0,0.0,0.0,0.0,-0.0442356445440719,1.0406830010466712,0.022897215319687796,0.00037825652594154286,3.3,0.004026595972673492,-0.021338429224384097,1.0403047445207292,-0.0442356445440719,1.0406830010466712,0.0,0.08460315084655541,0.0,0.2349438340934611,7.80851414218689,0.6819885552323159,13.92851414218573,0.4407438127042742,8.7985141421867,0.4913188842174039,13.5685141421858,0.4407438127042742,0.0,0.05057507151312968,0.0,0.0,0.0,0.0,0.6232083499263246,0.5733146477932285,0.0,0.0,0.0,0.0,0.0,0.0,-0.0442356445440719,1.0406830010466712,0.022897215319687796,0.00037825652594154286
5.054532999999999,3.3,0.004276819,-0.01604572,1.00701,3.3,0.005343144243510729,0.6232083499263246,0.5733146477932285,3.3,-0.004313191393768128,-0.02470002655539966,1.007227082509719,-0.02470002655539966,1.007227082509719,0.0,0.0,0.0,-0.02470002655539966,1.007227082509719,0.0,0.0,3.3,0.003848303198404243,-0.0033594540629813966,1.0198006509265136,-0.04423564454406907,1.040683001046666,0.0,0.04759805842508203,0.0,0.2349438340934611,7.80851414218689,0.6819885552323159,13.92851414218573,0.2349438340934611,0.0,0.4470447211388549,0.0,0.0,0.0,0.0,0.6232083499263246,0.5733146477932285,0.0,0.0,0.0,0.0,0.0,0.0,-0.04423564454406907,1.040683001046666,0.04087619048108767,0.020882350120152195,3.3,0.003848303198404243,-0.0033594540629813966,1.0198006509265136,-0.04423564454406907,1.040683001046666,0.0,0.04759805842508203,0.0,0.2349438340934611,7.80851414218689,0.6819885552323159,13.92851414218573,0.4407438127042742,8.7985141421867,0.4913188842174039,13.5685141421858,0.4407438127042742,0.0,0.05057507151312968,0.0,0.0,0.0,0.0,0.6232083499263246,0.5733146477932285,0.0,0.0,0.0,0.0,0.0,0.0,-0.04423564454406907,1.040683001046666,0.04087619048108767,0.020882350120152195
5.062396,3.3,0.003792496,-0.01081233,1.003194,3.3,0.005708755269913786,-0.024700026555401967,1.007227082509722,3.3,-0.00473754501308724,-0.01193692364812648,1.005830710659599,-0.01193692364812648,1.005830710659599,0.0,0.0,0.0,-0.01193692364812648,1.005830710659599,0.0,0.0,3.3,0.003783722520489535,-0.012910652214451618,1.0053571277352922,-0.02470002655540035,1.007227082509719,0.0,0.013315567381457656,0.0,0.2349438340934611,7.80851414218689,0.6819885552323159,13.92851414218573,0.2349438340934611,0.0,0.4470447211388549,0.0,0.0,0.0,0.0,0.6232083499263246,0.5733146477932285,0.0,0.0,0.0,0.0,0.0,0.0,-0.02470002655540035,1.007227082509719,0.011789374340948735,0.0018699547744267966,3.3,0.003783722520489535,-0.012910652214451618,1.0053571277352922,-0.02470002655540035,1.007227082509719,0.0,0.013315567381457656,0.0,0.2349438340934611,7.80851414218689,0.6819885552323159,13.92851414218573,0.4407438127042742,8.7985141421867,0.4913188842174039,13.5685141421858,0.4407438127042742,0.0,0.05057507151312968,0.0,0.0,0.0,0.0,0.6232083499263246,0.5733146477932285,0.0,0.0,0.0,0.0,0.0,0.0,-0.02470002655540035,1.007227082509719,0.011789374340948735,0.0018699547744267966
5.07276,3.3,0.00327768,-0.01007492,1.004673,3.3,0.00692100032269435,-0.010448208596215968,1.0019883926251003,3.3,-0.004897793275570117,-0.010050965201646134,1.002191961146945,-0.010050965201646134,1.002191961146945,0.0,0.0,0.0,-0.010050965201646134,1.002191961146945,0.0,0.0,3.3,0.0039864353343912464,-0.0016351846021965485,0.9984942419449567,-0.011801132741962874,1.005751003533991,0.0,0.014846666365316744,0.0,0.2349438340934611,7.80851414218689,0.6819885552323159,13.92851414218573,0.2349438340934611,0.0,0.4470447211388549,0.0,0.0,0.0,0.0,0.6232083499263246,0.5733146477932285,0.0,0.0,0.0,0.0,0.0,0.0,-0.011801132741962874,1.005751003533991,0.010165948139766328,0.007256761589034122,3.3,0.0039864353343912464,-0.0016351846021965485,0.9984942419449567,-0.011801132741962874,1.005751003533991,0.0,0.014846666365316744,0.0,0.2349438340934611,7.80851414218689,0.6819885552323159,13.92851414218573,0.4407438127042742,8.7985141421867,0.4913188842174039,13.5685141421858,0.4407438127042742,0.0,0.05057507151312968,0.0,0.0,0.0,0.0,0.6232083499263246,0.5733146477932285,0.0,0.0,0.0,0.0,0.0,0.0,-0.011801132741962874,1.005751003533991,0.010165948139766328,0.007256761589034122
5.083767000000001,3.3,0.002778866,-0.009543352,0.9979695,3.3,0.008293722284206174,-0.010039557964339267,1.003355987629596,3.3,-0.005005834912026027,-0.009750059915720585,1.001509742234575,-0.009750059915720585,1.001509742234575,0.0,0.0,0.0,-0.009750059915720585,1.001509742234575,0.0,0.0,3.3,0.0043894940773445855,0.02390394653015399,0.9803479792132177,-0.010049735739918466,1.002317418869259,0.0,0.025173902563345285,0.0,0.2349438340934611,7.80851414218689,0.6819885552323159,13.92851414218573,0.2349438340934611,0.0,0.4470447211388549,0.0,0.0,0.0,0.0,0.6232083499263246,0.5733146477932285,0.0,0.0,0.0,0.0,0.0,0.0,-0.010049735739918466,1.002317418869259,0.03395368227007244,0.021969439656041267,3.3,0.0043894940773445855,0.02390394653015399,0.9803479792132177,-0.010049735739918466,1.002317418869259,0.0,0.025173902563345285,0.0,0.2349438340934611,7.80851414218689,0.6819885552323159,13.92851414218573,0.4407438127042742,8.7985141421867,0.4913188842174039,13.5685141421858,0.4407438127042742,0.0,0.05057507151312968,0.0,0.0,0.0,0.0,0.6232083499263246,0.5733146477932285,0.0,0.0,0.0,0.0,0.0,0.0,-0.010049735739918466,1.002317418869259,0.03395368227007244,0.021969439656041267
5.098489,3.3,0.002158939,-0.009652656,0.9996587,3.3,0.009073528678696385,-0.009596234541275978,0.9990419065476596,3.3,-0.005128293322173889,-0.009597010512618688,0.9990543976942154,-0.009597010512618688,0.9990543976942154,0.0,0.0,0.0,-0.009597010512618688,0.9990543976942154,0.0,0.0,3.3,0.004983533654906097,0.013707786750677246,0.9851238681162433,-0.009597010752934862,0.9990544015626888,0.0,0.03637880678843131,0.0,0.2349438340934611,7.80851414218689,0.6819885552323159,13.92851414218573,0.2349438340934611,0.0,0.4470447211388549,0.0,0.0,0.0,0.0,0.6232083499263246,0.5733146477932285,0.0,0.0,0.0,0.0,0.0,0.0,-0.009597010752934862,0.9990544015626888,0.023304797503612102,0.013930533446445495,3.3,0.004983533654906097,0.013707786750677246,0.9851238681162433,-0.009597010752934862,0.9990544015626888,0.0,0.03637880678843131,0.0,0.2349438340934611,7.80851414218689,0.6819885552323159,13.92851414218573,0.4407438127042742,8.7985141421867,0.4913188842174039,13.5685141421858,0.4407438127042742,0.0,0.05057507151312968,0.0,0.0,0.0,0.0,0.6232083499263246,0.5733146477932285,0.0,0.0,0.0,0.0,0.0,0.0,-0.009597010752934862,0.9990544015626888,0.023304797503612102,0.013930533446445495
5.113696,3.3,0.001543803,-0.01021828,0.9992487,3.3,0.009540839656608674,-0.009779312774509172,0.9989865958853302,3.3,-0.005252429454776572,-0.01006887433243847,0.999581416052707,-0.01006887433243847,0.999581416052707,0.0,0.0,0.0,-0.01006887433243847,0.999581416052707,0.0,0.0,3.3,0.005188495235638684,0.019265336664100373,0.9805216500044717,-0.00978643943536862,0.999001235541352,0.0,0.016561621786747166,0.0,0.2349438340934611,7.80851414218689,0.6819885552323159,13.92851414218573,0.2349438340934611,0.0,0.4470447211388549,0.0,0.0,0.0,0.0,0.6232083499263246,0.5733146477932285,0.0,0.0,0.0,0.0,0.0,0.0,-0.00978643943536862,0.999001235541352,0.029051776099468993,0.01847958553688037,3.3,0.005188495235638684,0.019265336664100373,0.9805216500044717,-0.00978643943536862,0.999001235541352,0.0,0.016561621786747166,0.0,0.2349438340934611,7.80851414218689,0.6819885552323159,13.92851414218573,0.4407438127042742,8.7985141421867,0.4913188842174039,13.5685141421858,0.4407438127042742,0.0,0.05057507151312968,0.0,0.0,0.0,0.0,0.6232083499263246,0.5733146477932285,0.0,0.0,0.0,0.0,0.0,0.0,-0.00978643943536862,0.999001235541352,0.029051776099468993,0.01847958553688037
5.133269,3.3,0.0007694678,-0.01101693,1.002707,3.3,0.009342038691416046,0.6232083499263246,0.5733146477932285,3.3,-0.005428676737373615,-0.010641470663404613,1.0016867987193832,-0.010641470663404613,1.0016867987193832,0.0,0.0,0.0,-0.010641470663404613,1.0016867987193832,0.0,0.0,3.3,0.005348764842920293,0.017202351710939687,0.9822437967192601,-0.03790750968857022,1.029455603196921,0.0,0.0025464044024785908,0.0,0.2349438340934611,7.80851414218689,0.6819885552323159,13.92851414218573,0.2349438340934611,0.0,0.4470447211388549,0.0,0.0,0.0,0.0,0.6232083499263246,0.5733146477932285,0.0,0.0,0.0,0.0,0.0,0.0,-0.03790750968857022,1.029455603196921,0.05510986139950992,0.04721180647766096,3.3,0.005348764842920293,0.017202351710939687,0.9822437967192601,-0.03790750968857022,1.029455603196921,0.0,0.0025464044024785908,0.0,0.2349438340934611,7.80851414218689,0.6819885552323159,13.92851414218573,0.4407438127042742,8.7985141421867,0.4913188842174039,13.5685141421858,0.4407438127042742,0.0,0.05057507151312968,0.0,0.0,0.0,0.0,0.6232083499263246,0.5733146477932285,0.0,0.0,0.0,0.0,0.0,0.0,-0.03790750968857022,1.029455603196921,0.05510986139950992,0.04721180647766096
5.161766,3.3,-0.0003491885,-0.01264563,0.9994111,3.3,0.00809896825436139,-0.011592128513162976,1.0010107063905362,3.3,-0.005733427167639251,-0.0120773415390185,1.0031502791735414,-0.0120773415390185,1.0031502791735414,0.0,0.0,0.0,-0.0120773415390185,1.0031502791735414,0.0,0.0,3.3,0.005121281860412259,-0.00537557851559386,0.9975070801203954,-0.011591266055038242,1.0010083533485399,0.0,0.01415883456096302,0.0,0.2349438340934611,7.80851414218689,0.6819885552323159,13.92851414218573,0.2349438340934611,0.0,0.4470447211388549,0.0,0.0,0.0,0.0,0.6232083499263246,0.5733146477932285,0.0,0.0,0.0,0.0,0.0,0.0,-0.011591266055038242,1.0010083533485399,0.00621568753944438,0.0035012732281445693,3.3,0.005121281860412259,-0.00537557851559386,0.9975070801203954,-0.011591266055038242,1.0010083533485399,0.0,0.01415883456096302,0.0,0.2349438340934611,7.80851414218689,0.6819885552323159,13.92851414218573,0.4407438127042742,8.7985141421867,0.4913188842174039,13.5685141421858,0.4407438127042742,0.0,0.05057507151312968,0.0,0.0,0.0,0.0,0.6232083499263246,0.5733146477932285,0.0,0.0,0.0,0.0,0.0,0.0,-0.011591266055038242,1.0010083533485399,0.00621568753944438,0.0035012732281445693
5.188568,3.3,-0.001335579,-0.01243654,0.9993368,3.3,0.007428818007093572,-0.01209108883951044,1.0025541257496715,3.3,-0.006062485943157011,-0.01209124721387088,1.002547257825508,-0.01209124721387088,1.002547257825508,0.0,0.0,0.0,-0.01209124721387088,1.002547257825508,0.0,0.0,3.3,0.004362827380322671,-0.006816106070304733,0.9997467193251789,-0.012091247733861575,1.0025472352760458,0.0,0.03031028855119053,0.0,0.2349438340934611,7.80851414218689,0.6819885552323159,13.92851414218573,0.2349438340934611,0.0,0.4470447211388549,0.0,0.0,0.0,0.0,0.6232083499263246,0.5733146477932285,0.0,0.0,0.0,0.0,0.0,0.0,-0.012091247733861575,1.0025472352760458,0.005275141663556842,0.0028005159508671025,3.3,0.004362827380322671,-0.006816106070304733,0.9997467193251789,-0.012091247733861575,1.0025472352760458,0.0,0.03031028855119053,0.0,0.2349438340934611,7.80851414218689,0.6819885552323159,13.92851414218573,0.4407438127042742,8.7985141421867,0.4913188842174039,13.5685141421858,0.4407438127042742,0.0,0.05057507151312968,0.0,0.0,0.0,0.0,0.6232083499263246,0.5733146477932285,0.0,0.0,0.0,0.0,0.0,0.0,-0.012091247733861575,1.0025472352760458,0.005275141663556842,0.0028005159508671025
5.22136,3.3,-0.002312139,-0.0110615,1.000489,3.3,0.0059288303953962595,-0.012112916713593314,1.0016075572304235,3.3,-0.00641678229965842,-0.0121149787505241,1.0015181367382218,-0.0121149787505241,1.0015181367382218,0.0,0.0,0.0,-0.0121149787505241,1.0015181367382218,0.0,0.0,3.3,0.0029768985735193726,-0.010870303338058829,1.0010496842102181,-0.012112904645466244,1.0016080805662801,0.0,0.0431092760670294,0.0,0.2349438340934611,7.80851414218689,0.6819885552323159,13.92851414218573,0.2349438340934611,0.0,0.4470447211388549,0.0,0.0,0.0,0.0,0.6232083499263246,0.5733146477932285,0.0,0.0,0.0,0.0,0.0,0.0,-0.012112904645466244,1.0016080805662801,0.0012426013074074093,0.0005583963560618712,3.3,0.0029768985735193726,-0.010870303338058829,1.0010496842102181,-0.012112904645466244,1.0016080805662801,0.0,0.0431092760670294,0.0,0.2349438340934611,7.80851414218689,0.6819885552323159,13.92851414218573,0.4407438127042742,8.7985141421867,0.4913188842174039,13.5685141421858,0.4407438127042742,0.0,0.05057507151312968,0.0,0.0,0.0,0.0,0.6232083499263246,0.5733146477932285,0.0,0.0,0.0,0.0,0.0,0.0,-0.012112904645466244,1.0016080805662801,0.0012426013074074093,0.0005583963560618712
5.280014,3.3,-0.00368685,-0.01181922,1.000827,3.3,0.003426827189083957,-0.012204355718351422,1.0024346626085747,3.3,-0.00694786780752735,-0.0122045935655343,1.002434864359715,-0.0122045935655343,1.002434864359715,0.0,0.0,0.0,-0.0122045935655343,1.002434864359715,0.0,0.0,3.3,0.0003025405118029675,-0.01219378409827475,1.0023709516383346,-0.012204582443574549,1.0024348549256397,0.0,0.042678523680045065,0.0,0.2349438340934611,7.80851414218689,0.6819885552323159,13.92851414218573,0.2349438340934611,0.0,0.4470447211388549,0.0,0.0,0.0,0.0,0.6232083499263246,0.5733146477932285,0.0,0.0,0.0,0.0,0.0,0.0,-0.012204582443574549,1.0024348549256397,1.0798345299800323e-05,6.390328730530879e-05,3.3,0.0003025405118029675,-0.01219378409827475,1.0023709516383346,-0.012204582443574549,1.0024348549256397,0.0,0.042678523680045065,0.0,0.2349438340934611,7.80851414218689,0.6819885552323159,13.92851414218573,0.4407438127042742,8.7985141421867,0.4913188842174039,13.5685141421858,0.4407438127042742,0.0,0.05057507151312968,0.0,0.0,0.0,0.0,0.6232083499263246,0.5733146477932285,0.0,0.0,0.0,0.0,0.0,0.0,-0.012204582443574549,1.0024348549256397,1.0798345299800323e-05,6.390328730530879e-05
5.337778,3.3,-0.004940833,-0.01368742,1.0021,3.3,0.0006871314193969031,-0.01140785339889467,1.0053807263374315,3.3,-0.007261846931667613,-0.01141356242259435,1.0056082749442836,-0.01141356242259435,1.0056082749442836,0.0,0.0,0.0,-0.01141356242259435,1.0056082749442836,0.0,0.0,3.3,-0.0017247052394724733,-0.011702930790576839,1.0046923345172036,-0.011413679608312377,1.0056129456985632,0.0,0.03169539063236539,0.0,0.2349438340934611,7.80851414218689,0.6819885552323159,13.92851414218573,0.2349438340934611,0.0,0.4470447211388549,0.0,0.0,0.0,0.0,0.6232083499263246,0.5733146477932285,0.0,0.0,0.0,0.0,0.0,0.0,-0.011413679608312377,1.0056129456985632,0.00028925118226446456,0.0009206111813595233,3.3,-0.0017247052394724733,-0.011702930790576839,1.0046923345172036,-0.011413679608312377,1.0056129456985632,0.0,0.03169539063236539,0.0,0.2349438340934611,7.80851414218689,0.6819885552323159,13.92851414218573,0.4407438127042742,8.7985141421867,0.4913188842174039,13.5685141421858,0.4407438127042742,0.0,0.05057507151312968,0.0,0.0,0.0,0.0,0.6232083499263246,0.5733146477932285,0.0,0.0,0.0,0.0,0.0,0.0,-0.011413679608312377,1.0056129456985632,0.00028925118226446456,0.0009206111813595233
5.423413,3.3,-0.00741836,-0.02153962,1.004537,3.3,-0.0033257618507281698,-0.021219030260585296,1.0072342344921874,3.3,-0.00887451341808913,-0.02101210197967575,1.00344403696268,-0.02101210197967575,1.00344403696268,0.0,0.0,0.0,-0.02101210197967575,1.00344403696268,0.0,0.0,3.3,-0.004885884855439319,-0.01976543733911783,1.0014358532492564,-0.023163189585122642,1.00967605615512,0.0,0.04155581310893969,0.0,0.2349438340934611,7.80851414218689,0.6819885552323159,13.92851414218573,0.2349438340934611,0.0,0.4470447211388549,0.0,0.0,0.0,0.0,0.6232083499263246,0.5733146477932285,0.0,0.0,0.0,0.0,0.0,0.0,-0.023163189585122642,1.00967605615512,0.003397752246004811,0.008240202905863756,3.3,-0.004885884855439319,-0.01976543733911783,1.0014358532492564,-0.023163189585122642,1.00967605615512,0.0,0.04155581310893969,0.0,0.2349438340934611,7.80851414218689,0.6819885552323159,13.92851414218573,0.4407438127042742,8.7985141421867,0.4913188842174039,13.5685141421858,0.4407438127042742,0.0,0.05057507151312968,0.0,0.0,0.0,0.0,0.6232083499263246,0.5733146477932285,0.0,0.0,0.0,0.0,0.0,0.0,-0.023163189585122642,1.00967605615512,0.003397752246004811,0.008240202905863756
5.449203,3.3,-0.008333912,-0.02255298,1.007295,3.3,-0.004560227028970388,-0.02170759929226566,1.005776924129901,3.3,-0.0095732492342271,-0.021712552751473026,1.005786826935308,-0.021712552751473026,1.005786826935308,0.0,0.0,0.0,-0.021712552751473026,1.005786826935308,0.0,0.0,3.3,-0.005944747009339088,-0.020913875115203345,1.0052372015066344,-0.02171367388150995,1.0057890682644732,0.0,0.0406109563604606,0.0,0.2349438340934611,7.80851414218689,0.6819885552323159,13.92851414218573,0.2349438340934611,0.0,0.4470447211388549,0.0,0.0,0.0,0.0,0.6232083499263246,0.5733146477932285,0.0,0.0,0.0,0.0,0.0,0.0,-0.02171367388150995,1.0057890682644732,0.0007997987663066138,0.0005518667578393859,3.3,-0.005944747009339088,-0.020913875115203345,1.0052372015066344,-0.02171367388150995,1.0057890682644732,0.0,0.0406109563604606,0.0,0.2349438340934611,7.80851414218689,0.6819885552323159,13.92851414218573,0.4407438127042742,8.7985141421867,0.4913188842174039,13.5685141421858,0.4407438127042742,0.0,0.05057507151312968,0.0,0.0,0.0,0.0,0.6232083499263246,0.5733146477932285,0.0,0.0,0.0,0.0,0.0,0.0,-0.02171367388150995,1.0057890682644732,0.0007997987663066138,0.0005518667578393859
5.4698340000000005,3.3,-0.009052873,-0.02348087,1.009135,3.3,-0.005504775188954287,-0.02262191972445254,1.0076766140795363,3.3,-0.01013550919094252,-0.022621883103102345,1.007676504702931,-0.022621883103102345,1.007676504702931,0.0,0.0,0.0,-0.022621883103102345,1.007676504702931,0.0,0.0,3.3,-0.006755600620175159,-0.021819408227323072,1.0070593058014545,-0.02262261250653246,1.0076786832045443,0.0,0.03922821429237639,0.0,0.2349438340934611,7.80851414218689,0.6819885552323159,13.92851414218573,0.2349438340934611,0.0,0.4470447211388549,0.0,0.0,0.0,0.0,0.6232083499263246,0.5733146477932285,0.0,0.0,0.0,0.0,0.0,0.0,-0.02262261250653246,1.0076786832045443,0.0008032042792093907,0.0006193774030890454,3.3,-0.006755600620175159,-0.021819408227323072,1.0070593058014545,-0.02262261250653246,1.0076786832045443,0.0,0.03922821429237639,0.0,0.2349438340934611,7.80851414218689,0.6819885552323159,13.92851414218573,0.4407438127042742,8.7985141421867,0.4913188842174039,13.5685141421858,0.4407438127042742,0.0,0.05057507151312968,0.0,0.0,0.0,0.0,0.6232083499263246,0.5733146477932285,0.0,0.0,0.0,0.0,0.0,0.0,-0.02262261250653246,1.0076786832045443,0.0008032042792093907,0.0006193774030890454
5.48634,3.3,-0.009469402,-0.01820652,1.006075,3.3,-0.006210031243939133,-0.02193009659870701,1.0099303021127801,3.3,-0.010570001754077964,-0.022143373839624662,1.009928043642152,-0.022143373839624662,1.009928043642152,0.0,0.0,0.0,-0.022143373839624662,1.009928043642152,0.0,0.0,3.3,-0.007385138662463721,-0.021371102344411037,1.0082220622297433,-0.022166809525240125,1.0099277954731145,0.0,0.03803709287658204,0.0,0.2349438340934611,7.80851414218689,0.6819885552323159,13.92851414218573,0.2349438340934611,0.0,0.4470447211388549,0.0,0.0,0.0,0.0,0.6232083499263246,0.5733146477932285,0.0,0.0,0.0,0.0,0.0,0.0,-0.022166809525240125,1.0099277954731145,0.0007957071808290943,0.001705733243371798,3.3,-0.007385138662463721,-0.021371102344411037,1.0082220622297433,-0.022166809525240125,1.0099277954731145,0.0,0.03803709287658204,0.0,0.2349438340934611,7.80851414218689,0.6819885552323159,13.92851414218573,0.4407438127042742,8.7985141421867,0.4913188842174039,13.5685141421858,0.4407438127042742,0.0,0.05057507151312968,0.0,0.0,0.0,0.0,0.6232083499263246,0.5733146477932285,0.0,0.0,0.0,0.0,0.0,0.0,-0.022166809525240125,1.0099277954731145,0.0007957071808290943,0.001705733243371798
5.519303,3.3,-0.009645812,-0.01196893,1.002339,3.3,-0.007128695152300325,-0.014989161808383087,1.0039143490535887,3.3,-0.010839172121011842,-0.014973195148749256,1.003910387483772,-0.014973195148749256,1.003910387483772,0.0,0.0,0.0,-0.014973195148749256,1.003910387483772,0.0,0.0,3.3,-0.008205905162366696,-0.015538923452021982,1.0039709280813194,-0.01496852138246735,1.0039092278516477,0.0,0.01955593211853791,0.0,0.2349438340934611,7.80851414218689,0.6819885552323159,13.92851414218573,0.2349438340934611,0.0,0.4470447211388549,0.0,0.0,0.0,0.0,0.6232083499263246,0.5733146477932285,0.0,0.0,0.0,0.0,0.0,0.0,-0.01496852138246735,1.0039092278516477,0.000570402069554638,6.170022967114824e-05,3.3,-0.008205905162366696,-0.015538923452021982,1.0039709280813194,-0.01496852138246735,1.0039092278516477,0.0,0.01955593211853791,0.0,0.2349438340934611,7.80851414218689,0.6819885552323159,13.92851414218573,0.4407438127042742,8.7985141421867,0.4913188842174039,13.5685141421858,0.4407438127042742,0.0,0.05057507151312968,0.0,0.0,0.0,0.0,0.6232083499263246,0.5733146477932285,0.0,0.0,0.0,0.0,0.0,0.0,-0.01496852138246735,1.0039092278516477,0.000570402069554638,6.170022967114824e-05
5.5455309999999995,3.3,-0.009384205,-0.008628637,1.006354,3.3,-0.00738580762520481,-0.010825184578903439,1.0024235873286822,3.3,-0.010586280902055907,-0.00969510359045828,1.003983861718552,-0.00969510359045828,1.003983861718552,0.0,0.0,0.0,-0.00969510359045828,1.003983861718552,0.0,0.0,3.3,-0.008363843846171625,-0.012146920268634152,1.0030619762262765,-0.009678781536799243,1.004020073013832,0.0,0.004526505263580771,0.0,0.2349438340934611,7.80851414218689,0.6819885552323159,13.92851414218573,0.2349438340934611,0.0,0.4470447211388549,0.0,0.0,0.0,0.0,0.6232083499263246,0.5733146477932285,0.0,0.0,0.0,0.0,0.0,0.0,-0.009678781536799243,1.004020073013832,0.0024681387318349064,0.0009580967875561403,3.3,-0.008363843846171625,-0.012146920268634152,1.0030619762262765,-0.009678781536799243,1.004020073013832,0.0,0.004526505263580771,0.0,0.2349438340934611,7.80851414218689,0.6819885552323159,13.92851414218573,0.4407438127042742,8.7985141421867,0.4913188842174039,13.5685141421858,0.4407438127042742,0.0,0.05057507151312968,0.0,0.0,0.0,0.0,0.6232083499263246,0.5733146477932285,0.0,0.0,0.0,0.0,0.0,0.0,-0.009678781536799243,1.004020073013832,0.0024681387318349064,0.0009580967875561403
5.591462,3.3,-0.008731361,-0.008112963,1.006867,3.3,-0.007300159613226836,-0.008817021080838093,1.0063659964164038,3.3,-0.009846635709484604,-0.008551963833922116,1.0067599848536104,-0.008551963833922116,1.0067599848536104,0.0,0.0,0.0,-0.008551963833922116,1.0067599848536104,0.0,0.0,3.3,-0.008146916860501988,-0.009179661085341548,1.006053842157608,-0.008817610563002135,1.0063651201937787,0.0,0.005714311589880075,0.0,0.2349438340934611,7.80851414218689,0.6819885552323159,13.92851414218573,0.2349438340934611,0.0,0.4470447211388549,0.0,0.0,0.0,0.0,0.6232083499263246,0.5733146477932285,0.0,0.0,0.0,0.0,0.0,0.0,-0.008817610563002135,1.0063651201937787,0.00036205052233941477,0.0003112780361705345,3.3,-0.008146916860501988,-0.009179661085341548,1.006053842157608,-0.008817610563002135,1.0063651201937787,0.0,0.005714311589880075,0.0,0.2349438340934611,7.80851414218689,0.6819885552323159,13.92851414218573,0.4407438127042742,8.7985141421867,0.4913188842174039,13.5685141421858,0.4407438127042742,0.0,0.05057507151312968,0.0,0.0,0.0,0.0,0.6232083499263246,0.5733146477932285,0.0,0.0,0.0,0.0,0.0,0.0,-0.008817610563002135,1.0063651201937787,0.00036205052233941477,0.0003112780361705345
5.625324,3.3,-0.007934549,-0.0008012837,1.002507,3.3,-0.006979071851943081,-0.001521129707300168,1.0035088542730985,3.3,-0.009100027373950367,-0.0031170390766056683,1.003833129519769,-0.0031170390766056683,1.003833129519769,0.0,0.0,0.0,-0.0031170390766056683,1.003833129519769,0.0,0.0,3.3,-0.007789181926968767,-0.006194241120670148,1.0051849988238875,-0.00336411689203098,1.0037316527326992,0.0,0.013030868352628615,0.0,0.2349438340934611,7.80851414218689,0.6819885552323159,13.92851414218573,0.2349438340934611,0.0,0.4470447211388549,0.0,0.0,0.0,0.0,0.6232083499263246,0.5733146477932285,0.0,0.0,0.0,0.0,0.0,0.0,-0.00336411689203098,1.0037316527326992,0.0028301242286391686,0.0014533460911885154,3.3,-0.007789181926968767,-0.006194241120670148,1.0051849988238875,-0.00336411689203098,1.0037316527326992,0.0,0.013030868352628615,0.0,0.2349438340934611,7.80851414218689,0.6819885552323159,13.92851414218573,0.4407438127042742,8.7985141421867,0.4913188842174039,13.5685141421858,0.4407438127042742,0.0,0.05057507151312968,0.0,0.0,0.0,0.0,0.6232083499263246,0.5733146477932285,0.0,0.0,0.0,0.0,0.0,0.0,-0.00336411689203098,1.0037316527326992,0.0028301242286391686,0.0014533460911885154
5.668322,3.3,-0.006150297,0.006657288,1.000571,3.3,-0.005817484219174373,0.0038354727018136024,1.0018487023425633,3.3,-0.007409267461569818,0.003880798988216236,1.001836825977562,0.003880798988216236,1.001836825977562,0.0,0.0,0.0,0.003880798988216236,1.001836825977562,0.0,0.0,3.3,-0.0066116198768541344,0.0019354908506465994,1.0019479569143024,0.0038779574635464196,1.001837570512065,0.0,0.03188452176262786,0.0,0.2349438340934611,7.80851414218689,0.6819885552323159,13.92851414218573,0.2349438340934611,0.0,0.4470447211388549,0.0,0.0,0.0,0.0,0.6232083499263246,0.5733146477932285,0.0,0.0,0.0,0.0,0.0,0.0,0.0038779574635464196,1.001837570512065,0.0019424666128998198,0.00011038640223754627,3.3,-0.0066116198768541344,0.0019354908506465994,1.0019479569143024,0.0038779574635464196,1.001837570512065,0.0,0.03188452176262786,0.0,0.2349438340934611,7.80851414218689,0.6819885552323159,13.92851414218573,0.4407438127042742,8.7985141421867,0.4913188842174039,13.5685141421858,0.4407438127042742,0.0,0.05057507151312968,0.0,0.0,0.0,0.0,0.6232083499263246,0.5733146477932285,0.0,0.0,0.0,0.0,0.0,0.0,0.0038779574635464196,1.001837570512065,0.0019424666128998198,0.00011038640223754627
5.714709999999999,3.3,-0.003805711,0.01059831,0.998532,3.3,-0.003881844809807467,-0.00010497030283572245,1.0033856756992656,3.3,-0.004962869860714858,0.009734635826316222,1.0005483076618138,0.009734635826316222,1.0005483076618138,0.0,0.0,0.0,0.009734635826316222,1.0005483076618138,0.0,0.0,3.3,-0.004596075345188132,0.007891009982852009,1.0006929306027597,-0.002050963649517732,1.003856524900167,0.0,0.046558267205575786,0.0,0.2349438340934611,7.80851414218689,0.6819885552323159,13.92851414218573,0.2349438340934611,0.0,0.4470447211388549,0.0,0.0,0.0,0.0,0.6232083499263246,0.5733146477932285,0.0,0.0,0.0,0.0,0.0,0.0,-0.002050963649517732,1.003856524900167,0.00994197363236974,0.0031635942974074273,3.3,-0.004596075345188132,0.007891009982852009,1.0006929306027597,-0.002050963649517732,1.003856524900167,0.0,0.046558267205575786,0.0,0.2349438340934611,7.80851414218689,0.6819885552323159,13.92851414218573,0.4407438127042742,8.7985141421867,0.4913188842174039,13.5685141421858,0.4407438127042742,0.0,0.05057507151312968,0.0,0.0,0.0,0.0,0.6232083499263246,0.5733146477932285,0.0,0.0,0.0,0.0,0.0,0.0,-0.002050963649517732,1.003856524900167,0.00994197363236974,0.0031635942974074273
5.779394,3.3,-0.0002733562,0.01741329,0.9824814,3.3,-0.00084677735759297,0.015412424959717258,0.9868173313004404,3.3,-0.0014468842946116867,0.015421290303242909,0.9868008635334691,0.015421290303242909,0.9868008635334691,0.0,0.0,0.0,0.015421290303242909,0.9868008635334691,0.0,0.0,3.3,-0.0014745491126332384,0.014113483102175145,0.9877458019956854,0.015423108093142505,0.9867974869084818,0.0,0.049837637544181426,0.0,0.2349438340934611,7.80851414218689,0.6819885552323159,13.92851414218573,0.2349438340934611,0.0,0.4470447211388549,0.0,0.0,0.0,0.0,0.6232083499263246,0.5733146477932285,0.0,0.0,0.0,0.0,0.0,0.0,0.015423108093142505,0.9867974869084818,0.0013096249909673545,0.000948315087203625,3.3,-0.0014745491126332384,0.014113483102175145,0.9877458019956854,0.015423108093142505,0.9867974869084818,0.0,0.049837637544181426,0.0,0.2349438340934611,7.80851414218689,0.6819885552323159,13.92851414218573,0.4407438127042742,8.7985141421867,0.4913188842174039,13.5685141421858,0.4407438127042742,0.0,0.05057507151312968,0.0,0.0,0.0,0.0,0.6232083499263246,0.5733146477932285,0.0,0.0,0.0,0.0,0.0,0.0,0.015423108093142505,0.9867974869084818,0.0013096249909673545,0.000948315087203625
5.831978,3.3,0.002092416,0.01278976,0.9637934,3.3,0.0018814500761575009,0.01614730552616965,0.97351098710828,3.3,0.0015391118860464466,0.014000215643916467,0.9686362365844058,0.014000215643916467,0.9686362365844058,0.0,0.0,0.0,0.014000215643916467,0.9686362365844058,0.0,0.0,3.3,0.0013457323047561174,0.016539128735319222,0.9743779832465559,0.016145879470245282,0.9735083477869774,0.0,0.05258767569560348,0.0,0.2349438340934611,7.80851414218689,0.6819885552323159,13.92851414218573,0.2349438340934611,0.0,0.4470447211388549,0.0,0.0,0.0,0.0,0.6232083499263246,0.5733146477932285,0.0,0.0,0.0,0.0,0.0,0.0,0.016145879470245282,0.9735083477869774,0.00039324926507394633,0.0008696354595784901,3.3,0.0013457323047561174,0.016539128735319222,0.9743779832465559,0.016145879470245282,0.9735083477869774,0.0,0.05258767569560348,0.0,0.2349438340934611,7.80851414218689,0.6819885552323159,13.92851414218573,0.4407438127042742,8.7985141421867,0.4913188842174039,13.5685141421858,0.4407438127042742,0.0,0.05057507151312968,0.0,0.0,0.0,0.0,0.6232083499263246,0.5733146477932285,0.0,0.0,0.0,0.0,0.0,0.0,0.016145879470245282,0.9735083477869774,0.00039324926507394633,0.0008696354595784901
5.846318,3.3,0.002495335,0.01065947,0.9478266,3.3,0.002435837885867945,0.012642957344380859,0.9643941365313499,3.3,0.0020619998689002496,0.012740268411179756,0.9647404922598095,0.012740268411179756,0.9647404922598095,0.0,0.0,0.0,0.012740268411179756,0.9647404922598095,0.0,0.0,3.3,0.0019445697622898156,0.013972855122526311,0.9668380704494127,0.01275651885421687,0.9647983318686132,0.0,0.04347243394641268,0.0,0.2349438340934611,7.80851414218689,0.6819885552323159,13.92851414218573,0.2349438340934611,0.0,0.4470447211388549,0.0,0.0,0.0,0.0,0.6232083499263246,0.5733146477932285,0.0,0.0,0.0,0.0,0.0,0.0,0.01275651885421687,0.9647983318686132,0.0012163362683094393,0.002039738580799504,3.3,0.0019445697622898156,0.013972855122526311,0.9668380704494127,0.01275651885421687,0.9647983318686132,0.0,0.04347243394641268,0.0,0.2349438340934611,7.80851414218689,0.6819885552323159,13.92851414218573,0.4407438127042742,8.7985141421867,0.4913188842174039,13.5685141421858,0.4407438127042742,0.0,0.05057507151312968,0.0,0.0,0.0,0.0,0.6232083499263246,0.5733146477932285,0.0,0.0,0.0,0.0,0.0,0.0,0.01275651885421687,0.9647983318686132,0.0012163362683094393,0.002039738580799504
5.889318,3.3,0.004170145,0.02193257,0.8896111,3.3,0.003960374438680841,0.018904400832767485,0.9199172958956129,3.3,0.003612078649724458,0.018919364561879957,0.9198390084222868,0.018919364561879957,0.9198390084222868,0.0,0.0,0.0,0.018919364561879957,0.9198390084222868,0.0,0.0,3.3,0.0034196050057326483,0.01802868707437983,0.9235959357636011,0.01892112125592901,0.919829817722731,0.0,0.03869099724607359,0.0,0.2349438340934611,7.80851414218689,0.6819885552323159,13.92851414218573,0.2349438340934611,0.0,0.4470447211388549,0.0,0.0,0.0,0.0,0.6232083499263246,0.5733146477932285,0.0,0.0,0.0,0.0,0.0,0.0,0.01892112125592901,0.919829817722731,0.0008924341815491728,0.003766118040870157,3.3,0.0034196050057326483,0.01802868707437983,0.9235959357636011,0.01892112125592901,0.919829817722731,0.0,0.03869099724607359,0.0,0.2349438340934611,7.80851414218689,0.6819885552323159,13.92851414218573,0.4407438127042742,8.7985141421867,0.4913188842174039,13.5685141421858,0.4407438127042742,0.0,0.05057507151312968,0.0,0.0,0.0,0.0,0.6232083499263246,0.5733146477932285,0.0,0.0,0.0,0.0,0.0,0.0,0.01892112125592901,0.919829817722731,0.0008924341815491728,0.003766118040870157
5.921881,3.3,0.006269592,0.03064286,0.8368737,3.3,0.00568584068592489,0.026076310904693662,0.8660293750557037,3.3,0.005456917002442546,0.028698990587937137,0.8507272557626041,0.028698990587937137,0.8507272557626041,0.0,0.0,0.0,0.028698990587937137,0.8507272557626041,0.0,0.0,3.3,0.005096123194523966,0.025250037284547326,0.8711647672022623,0.026078110399183313,0.8660215410066205,0.0,0.05507444123338061,0.0,0.2349438340934611,7.80851414218689,0.6819885552323159,13.92851414218573,0.2349438340934611,0.0,0.4470447211388549,0.0,0.0,0.0,0.0,0.6232083499263246,0.5733146477932285,0.0,0.0,0.0,0.0,0.0,0.0,0.026078110399183313,0.8660215410066205,0.0008280731146359841,0.0051432261956417,3.3,0.005096123194523966,0.025250037284547326,0.8711647672022623,0.026078110399183313,0.8660215410066205,0.0,0.05507444123338061,0.0,0.2349438340934611,7.80851414218689,0.6819885552323159,13.92851414218573,0.4407438127042742,8.7985141421867,0.4913188842174039,13.5685141421858,0.4407438127042742,0.0,0.05057507151312968,0.0,0.0,0.0,0.0,0.6232083499263246,0.5733146477932285,0.0,0.0,0.0,0.0,0.0,0.0,0.026078110399183313,0.8660215410066205,0.0008280731146359841,0.0051432261956417
5.956378,3.3,0.009224734,0.03985762,0.7403826,3.3,0.008090374552584018,0.03623462902122445,0.7672997860304195,3.3,0.008075463369826142,0.03609495555303856,0.7684864247418733,0.03609495555303856,0.7684864247418733,0.0,0.0,0.0,0.03609495555303856,0.7684864247418733,0.0,0.0,3.3,0.0074794246135273645,0.03202643286522081,0.7970154164807028,0.036060447184419364,0.7687781507039535,0.0,0.07213330535774125,0.0,0.2349438340934611,7.80851414218689,0.6819885552323159,13.92851414218573,0.2349438340934611,0.0,0.4470447211388549,0.0,0.0,0.0,0.0,0.6232083499263246,0.5733146477932285,0.0,0.0,0.0,0.0,0.0,0.0,0.036060447184419364,0.7687781507039535,0.004034014319198544,0.028237265776749412,3.3,0.0074794246135273645,0.03202643286522081,0.7970154164807028,0.036060447184419364,0.7687781507039535,0.0,0.07213330535774125,0.0,0.2349438340934611,7.80851414218689,0.6819885552323159,13.92851414218573,0.4407438127042742,8.7985141421867,0.4913188842174039,13.5685141421858,0.4407438127042742,0.0,0.05057507151312968,0.0,0.0,0.0,0.0,0.6232083499263246,0.5733146477932285,0.0,0.0,0.0,0.0,0.0,0.0,0.036060447184419364,0.7687781507039535,0.004034014319198544,0.028237265776749412
5.970828,3.3,0.01065896,0.04254301,0.6873703,3.3,0.009338823202216589,0.03868087999477881,0.749088294631766,3.3,0.009390212077726648,0.03867664934126222,0.749125458615533,0.03867664934126222,0.749125458615533,0.0,0.0,0.0,0.03867664934126222,0.749125458615533,0.0,0.0,3.3,0.008675339604327656,0.03713806978873045,0.760268405016209,0.038683217513300026,0.7490677608064281,0.0,0.08104628970266654,0.0,0.2349438340934611,7.80851414218689,0.6819885552323159,13.92851414218573,0.2349438340934611,0.0,0.4470447211388549,0.0,0.0,0.0,0.0,0.6232083499263246,0.5733146477932285,0.0,0.0,0.0,0.0,0.0,0.0,0.038683217513300026,0.7490677608064281,0.0015451477245695788,0.011200644209780862,3.3,0.008675339604327656,0.03713806978873045,0.760268405016209,0.038683217513300026,0.7490677608064281,0.0,0.08104628970266654,0.0,0.2349438340934611,7.80851414218689,0.6819885552323159,13.92851414218573,0.4407438127042742,8.7985141421867,0.4913188842174039,13.5685141421858,0.4407438127042742,0.0,0.05057507151312968,0.0,0.0,0.0,0.0,0.6232083499263246,0.5733146477932285,0.0,0.0,0.0,0.0,0.0,0.0,0.038683217513300026,0.7490677608064281,0.0015451477245695788,0.011200644209780862
5.982388,3.3,0.01186334,0.04452479,0.6438633,3.3,0.010402464415491895,0.040759301921881944,0.7187083775881145,3.3,0.01051989532380815,0.042312533300816725,0.6719812966278328,0.042312533300816725,0.6719812966278328,0.0,0.0,0.0,0.042312533300816725,0.6719812966278328,0.0,0.0,3.3,0.00971811543552254,0.039723755369423186,0.7295321863882951,0.0407599944157847,0.718667708000729,0.0,0.08771370140379485,0.0,0.2349438340934611,7.80851414218689,0.6819885552323159,13.92851414218573,0.2349438340934611,0.0,0.4470447211388549,0.0,0.0,0.0,0.0,0.6232083499263246,0.5733146477932285,0.0,0.0,0.0,0.0,0.0,0.0,0.0407599944157847,0.718667708000729,0.0010362390463615125,0.01086447838756617,3.3,0.00971811543552254,0.039723755369423186,0.7295321863882951,0.0407599944157847,0.718667708000729,0.0,0.08771370140379485,0.0,0.2349438340934611,7.80851414218689,0.6819885552323159,13.92851414218573,0.4407438127042742,8.7985141421867,0.4913188842174039,13.5685141421858,0.4407438127042742,0.0,0.05057507151312968,0.0,0.0,0.0,0.0,0.6232083499263246,0.5733146477932285,0.0,0.0,0.0,0.0,0.0,0.0,0.0407599944157847,0.718667708000729,0.0010362390463615125,0.01086447838756617
5.998162,3.3,0.01359685,0.04783782,0.6023976,3.3,0.011918803188512381,0.044280851001327746,0.6456536798191848,3.3,0.012146111802596766,0.04433628208101408,0.6448979193031295,0.04433628208101408,0.6448979193031295,0.0,0.0,0.0,0.04433628208101408,0.6448979193031295,0.0,0.0,3.3,0.011215157293297053,0.041743442806597565,0.6761754596986979,0.044314124208091256,0.6452000250093435,0.0,0.09381763424853147,0.0,0.2349438340934611,7.80851414218689,0.6819885552323159,13.92851414218573,0.2349438340934611,0.0,0.4470447211388549,0.0,0.0,0.0,0.0,0.6232083499263246,0.5733146477932285,0.0,0.0,0.0,0.0,0.0,0.0,0.044314124208091256,0.6452000250093435,0.0025706814014936946,0.030975434689354382,3.3,0.011215157293297053,0.041743442806597565,0.6761754596986979,0.044314124208091256,0.6452000250093435,0.0,0.09381763424853147,0.0,0.2349438340934611,7.80851414218689,0.6819885552323159,13.92851414218573,0.4407438127042742,8.7985141421867,0.4913188842174039,13.5685141421858,0.4407438127042742,0.0,0.05057507151312968,0.0,0.0,0.0,0.0,0.6232083499263246,0.5733146477932285,0.0,0.0,0.0,0.0,0.0,0.0,0.044314124208091256,0.6452000250093435,0.0025706814014936946,0.030975434689354382
6.015726,3.3,0.01565288,0.05075422,0.5317036,3.3,0.013736667943440304,0.047786358854379735,0.5916000275774522,3.3,0.014083864980926012,0.048118752589191696,0.5800705943100403,0.048118752589191696,0.5800705943100403,0.0,0.0,0.0,0.048118752589191696,0.5800705943100403,0.0,0.0,3.3,0.013007833864591594,0.04402381152451812,0.641791295892214,0.04812451348050419,0.5798707716148689,0.0,0.10137248782924523,0.0,0.2349438340934611,7.80851414218689,0.6819885552323159,13.92851414218573,0.2349438340934611,0.0,0.4470447211388549,0.0,0.0,0.0,0.0,0.6232083499263246,0.5733146477932285,0.0,0.0,0.0,0.0,0.0,0.0,0.04812451348050419,0.5798707716148689,0.004100701955986069,0.061920524277345144,3.3,0.013007833864591594,0.04402381152451812,0.641791295892214,0.04812451348050419,0.5798707716148689,0.0,0.10137248782924523,0.0,0.2349438340934611,7.80851414218689,0.6819885552323159,13.92851414218573,0.4407438127042742,8.7985141421867,0.4913188842174039,13.5685141421858,0.4407438127042742,0.0,0.05057507151312968,0.0,0.0,0.0,0.0,0.6232083499263246,0.5733146477932285,0.0,0.0,0.0,0.0,0.0,0.0,0.04812451348050419,0.5798707716148689,0.004100701955986069,0.061920524277345144
6.029990000000001,3.3,0.01741542,0.05351179,0.5017245,3.3,0.015344737366797256,0.05003192470061072,0.5402487703074447,3.3,0.01574709149070311,0.050029317870934245,0.5402844322683238,0.050029317870934245,0.5402844322683238,0.0,0.0,0.0,0.050029317870934245,0.5402844322683238,0.0,0.0,3.3,0.014549386958599822,0.04818987156469185,0.569359629685236,0.05002724562211451,0.5403127810542105,0.0,0.10691108515042672,0.0,0.2349438340934611,7.80851414218689,0.6819885552323159,13.92851414218573,0.2349438340934611,0.0,0.4470447211388549,0.0,0.0,0.0,0.0,0.6232083499263246,0.5733146477932285,0.0,0.0,0.0,0.0,0.0,0.0,0.05002724562211451,0.5403127810542105,0.0018373740574226642,0.029046848631025454,3.3,0.014549386958599822,0.04818987156469185,0.569359629685236,0.05002724562211451,0.5403127810542105,0.0,0.10691108515042672,0.0,0.2349438340934611,7.80851414218689,0.6819885552323159,13.92851414218573,0.4407438127042742,8.7985141421867,0.4913188842174039,13.5685141421858,0.4407438127042742,0.0,0.05057507151312968,0.0,0.0,0.0,0.0,0.6232083499263246,0.5733146477932285,0.0,0.0,0.0,0.0,0.0,0.0,0.05002724562211451,0.5403127810542105,0.0018373740574226642,0.029046848631025454
6.044312,3.3,0.01927653,0.05638169,0.4638045,3.3,0.017026039930987044,0.048577864728721054,0.567373085777508,3.3,0.017509527264052294,0.05411326321984902,0.4940276548155844,0.05411326321984902,0.4940276548155844,0.0,0.0,0.0,0.05411326321984902,0.4940276548155844,0.0,0.0,3.3,0.016194388482125656,0.05043579470521885,0.5384291597105076,0.051792618588163676,0.5220252401103025,0.0,0.11354936866368909,0.0,0.2349438340934611,7.80851414218689,0.6819885552323159,13.92851414218573,0.2349438340934611,0.0,0.4470447211388549,0.0,0.0,0.0,0.0,0.6232083499263246,0.5733146477932285,0.0,0.0,0.0,0.0,0.0,0.0,0.051792618588163676,0.5220252401103025,0.0013568238829448271,0.016403919600205187,3.3,0.016194388482125656,0.05043579470521885,0.5384291597105076,0.051792618588163676,0.5220252401103025,0.0,0.11354936866368909,0.0,0.2349438340934611,7.80851414218689,0.6819885552323159,13.92851414218573,0.4407438127042742,8.7985141421867,0.4913188842174039,13.5685141421858,0.4407438127042742,0.0,0.05057507151312968,0.0,0.0,0.0,0.0,0.6232083499263246,0.5733146477932285,0.0,0.0,0.0,0.0,0.0,0.0,0.051792618588163676,0.5220252401103025,0.0013568238829448271,0.016403919600205187
6.059714,3.3,0.02136811,0.05860262,0.4249554,3.3,0.01893589667773976,0.055841361352240486,0.4692339329521299,3.3,0.01951067470018873,0.05584422818517656,0.4691750733948321,0.05584422818517656,0.4691750733948321,0.0,0.0,0.0,0.05584422818517656,0.4691750733948321,0.0,0.0,3.3,0.01805078307782268,0.05393834655910017,0.49541575528142606,0.055841134384767295,0.46923859286963854,0.0,0.11980171674576945,0.0,0.2349438340934611,7.80851414218689,0.6819885552323159,13.92851414218573,0.2349438340934611,0.0,0.4470447211388549,0.0,0.0,0.0,0.0,0.6232083499263246,0.5733146477932285,0.0,0.0,0.0,0.0,0.0,0.0,0.055841134384767295,0.46923859286963854,0.0019027878256671306,0.02617716241178753,3.3,0.01805078307782268,0.05393834655910017,0.49541575528142606,0.055841134384767295,0.46923859286963854,0.0,0.11980171674576945,0.0,0.2349438340934611,7.80851414218689,0.6819885552323159,13.92851414218573,0.4407438127042742,8.7985141421867,0.4913188842174039,13.5685141421858,0.4407438127042742,0.0,0.05057507151312968,0.0,0.0,0.0,0.0,0.6232083499263246,0.5733146477932285,0.0,0.0,0.0,0.0,0.0,0.0,0.055841134384767295,0.46923859286963854,0.0019027878256671306,0.02617716241178753
6.082122,3.3,0.02454985,0.06182108,0.3699875,3.3,0.021890209226912448,0.05876047309471904,0.41879238675318387,3.3,0.02256509315308827,0.06004610794672976,0.39141765824870167,0.06004610794672976,0.39141765824870167,0.0,0.0,0.0,0.06004610794672976,0.39141765824870167,0.0,0.0,3.3,0.020942100019964157,0.05774567232198576,0.4346327457760218,0.058761482492611934,0.4187734187883766,0.0,0.12931094234724114,0.0,0.2349438340934611,7.80851414218689,0.6819885552323159,13.92851414218573,0.2349438340934611,0.0,0.4470447211388549,0.0,0.0,0.0,0.0,0.6232083499263246,0.5733146477932285,0.0,0.0,0.0,0.0,0.0,0.0,0.058761482492611934,0.4187734187883766,0.001015810170626171,0.0158593269876451,3.3,0.020942100019964157,0.05774567232198576,0.4346327457760218,0.058761482492611934,0.4187734187883766,0.0,0.12931094234724114,0.0,0.2349438340934611,7.80851414218689,0.6819885552323159,13.92851414218573,0.4407438127042742,8.7985141421867,0.4913188842174039,13.5685141421858,0.4407438127042742,0.0,0.05057507151312968,0.0,0.0,0.0,0.0,0.6232083499263246,0.5733146477932285,0.0,0.0,0.0,0.0,0.0,0.0,0.058761482492611934,0.4187734187883766,0.001015810170626171,0.0158593269876451
6.12812,3.3,0.03184092,0.07127159,0.2727557,3.3,0.028654174627853975,0.06870142840474835,0.30635002010241863,3.3,0.029618151605322034,0.0687467099079378,0.30571007997302996,0.0687467099079378,0.30571007997302996,0.0,0.0,0.0,0.0687467099079378,0.30571007997302996,0.0,0.0,3.3,0.02757059408412484,0.06642177530700541,0.34012671417130264,0.06872862821533136,0.3059656192085034,0.0,0.15137931260492388,0.0,0.2349438340934611,7.80851414218689,0.6819885552323159,13.92851414218573,0.2349438340934611,0.0,0.4470447211388549,0.0,0.0,0.0,0.0,0.6232083499263246,0.5733146477932285,0.0,0.0,0.0,0.0,0.0,0.0,0.06872862821533136,0.3059656192085034,0.0023068529083259603,0.03416109496279919,3.3,0.02757059408412484,0.06642177530700541,0.34012671417130264,0.06872862821533136,0.3059656192085034,0.0,0.15137931260492388,0.0,0.2349438340934611,7.80851414218689,0.6819885552323159,13.92851414218573,0.4407438127042742,8.7985141421867,0.4913188842174039,13.5685141421858,0.4407438127042742,0.0,0.05057507151312968,0.0,0.0,0.0,0.0,0.6232083499263246,0.5733146477932285,0.0,0.0,0.0,0.0,0.0,0.0,0.06872862821533136,0.3059656192085034,0.0023068529083259603,0.03416109496279919
6.168121,3.3,0.03898102,0.07734697,0.2139267,3.3,0.03536953588808299,0.0751859270578917,0.24061459769411325,3.3,0.036511594013947976,0.07525222807877208,0.24041855721946917,0.07525222807877208,0.24041855721946917,0.0,0.0,0.0,0.07525222807877208,0.24041855721946917,0.0,0.0,3.3,0.03417632766306904,0.07298538960345026,0.2641684626154444,0.0752257522797817,0.24049684150727843,0.0,0.1687074630891781,0.0,0.2349438340934611,7.80851414218689,0.6819885552323159,13.92851414218573,0.2349438340934611,0.0,0.4470447211388549,0.0,0.0,0.0,0.0,0.6232083499263246,0.5733146477932285,0.0,0.0,0.0,0.0,0.0,0.0,0.0752257522797817,0.24049684150727843,0.0022403626763314467,0.023671621108166053,3.3,0.03417632766306904,0.07298538960345026,0.2641684626154444,0.0752257522797817,0.24049684150727843,0.0,0.1687074630891781,0.0,0.2349438340934611,7.80851414218689,0.6819885552323159,13.92851414218573,0.4407438127042742,8.7985141421867,0.4913188842174039,13.5685141421858,0.4407438127042742,0.0,0.05057507151312968,0.0,0.0,0.0,0.0,0.6232083499263246,0.5733146477932285,0.0,0.0,0.0,0.0,0.0,0.0,0.0752257522797817,0.24049684150727843,0.0022403626763314467,0.023671621108166053
6.2169300000000005,3.3,0.04947418,0.09816899,0.1656349,3.3,0.04491298731660264,0.0931260713942323,0.17863977489913044,3.3,0.04636258895413183,0.09323892035250857,0.1786040153775755,0.09323892035250857,0.1786040153775755,0.0,0.0,0.0,0.09323892035250857,0.1786040153775755,0.0,0.0,3.3,0.043473691602166534,0.0879022029051252,0.19708173899735704,0.09317446342650744,0.1786244404561044,0.0,0.20524502766526675,0.0,0.2349438340934611,7.80851414218689,0.6819885552323159,13.92851414218573,0.2349438340934611,0.0,0.4470447211388549,0.0,0.0,0.0,0.0,0.6232083499263246,0.5733146477932285,0.0,0.0,0.0,0.0,0.0,0.0,0.09317446342650744,0.1786244404561044,0.005272260521382257,0.018457298541252644,3.3,0.043473691602166534,0.0879022029051252,0.19708173899735704,0.09317446342650744,0.1786244404561044,0.0,0.20524502766526675,0.0,0.2349438340934611,7.80851414218689,0.6819885552323159,13.92851414218573,0.4407438127042742,8.7985141421867,0.4913188842174039,13.5685141421858,0.4407438127042742,0.0,0.05057507151312968,0.0,0.0,0.0,0.0,0.6232083499263246,0.5733146477932285,0.0,0.0,0.0,0.0,0.0,0.0,0.09317446342650744,0.1786244404561044,0.005272260521382257,0.018457298541252644
6.260376,3.3,0.0607627,0.1104609,0.1275796,3.3,0.05539388531232051,0.10393016348322927,0.13363034032038817,3.3,0.05710122732149588,0.10392676835605365,0.133649792785563,0.10392676835605365,0.133649792785563,0.0,0.0,0.0,0.10392676835605365,0.133649792785563,0.0,0.0,3.3,0.05372212934284536,0.1020173362508006,0.1459261243293053,0.10392762671556917,0.13364487479347595,0.0,0.24425034797981346,0.0,0.2349438340934611,7.80851414218689,0.6819885552323159,13.92851414218573,0.2349438340934611,0.0,0.4470447211388549,0.0,0.0,0.0,0.0,0.6232083499263246,0.5733146477932285,0.0,0.0,0.0,0.0,0.0,0.0,0.10392762671556917,0.13364487479347595,0.0019102904647685594,0.01228124953582933,3.3,0.05372212934284536,0.1020173362508006,0.1459261243293053,0.10392762671556917,0.13364487479347595,0.0,0.24425034797981346,0.0,0.2349438340934611,7.80851414218689,0.6819885552323159,13.92851414218573,0.4407438127042742,8.7985141421867,0.4913188842174039,13.5685141421858,0.4407438127042742,0.0,0.05057507151312968,0.0,0.0,0.0,0.0,0.6232083499263246,0.5733146477932285,0.0,0.0,0.0,0.0,0.0,0.0,0.10392762671556917,0.13364487479347595,0.0019102904647685594,0.01228124953582933
6.301863999999999,3.3,0.07281884,0.121717,0.08811337,3.3,0.06678428311678003,0.1153967176193122,0.10775177094425319,3.3,0.06863222571147111,0.11785547576230115,0.0964075455069735,0.11785547576230115,0.0964075455069735,0.0,0.0,0.0,0.11785547576230115,0.0964075455069735,0.0,0.0,3.3,0.0648766556798313,0.11430778918843372,0.11477785802276382,0.11539837708678341,0.10774345172941145,0.0,0.27665183335636784,0.0,0.2349438340934611,7.80851414218689,0.6819885552323159,13.92851414218573,0.2349438340934611,0.0,0.4470447211388549,0.0,0.0,0.0,0.0,0.6232083499263246,0.5733146477932285,0.0,0.0,0.0,0.0,0.0,0.0,0.11539837708678341,0.10774345172941145,0.0010905878983496935,0.007034406293352365,3.3,0.0648766556798313,0.11430778918843372,0.11477785802276382,0.11539837708678341,0.10774345172941145,0.0,0.27665183335636784,0.0,0.2349438340934611,7.80851414218689,0.6819885552323159,13.92851414218573,0.4407438127042742,8.7985141421867,0.4913188842174039,13.5685141421858,0.4407438127042742,0.0,0.05057507151312968,0.0,0.0,0.0,0.0,0.6232083499263246,0.5733146477932285,0.0,0.0,0.0,0.0,0.0,0.0,0.11539837708678341,0.10774345172941145,0.0010905878983496935,0.007034406293352365
6.315583,3.3,0.07745619,0.1425021,0.07768118,3.3,0.07084984517342191,0.11853862195424322,0.09345915773873395,3.3,0.072802765633692,0.12868597864771752,0.08892851503600288,0.12868597864771752,0.08892851503600288,0.0,0.0,0.0,0.12868597864771752,0.08892851503600288,0.0,0.0,3.3,0.06883411735860934,0.11750501554981746,0.11187516658995947,0.12889860180196588,0.08885483676307962,0.0,0.28628374674754914,0.0,0.2349438340934611,7.80851414218689,0.6819885552323159,13.92851414218573,0.2349438340934611,0.0,0.4470447211388549,0.0,0.0,0.0,0.0,0.6232083499263246,0.5733146477932285,0.0,0.0,0.0,0.0,0.0,0.0,0.12889860180196588,0.08885483676307962,0.011393586252148409,0.023020329826879866,3.3,0.06883411735860934,0.11750501554981746,0.11187516658995947,0.12889860180196588,0.08885483676307962,0.0,0.28628374674754914,0.0,0.2349438340934611,7.80851414218689,0.6819885552323159,13.92851414218573,0.4407438127042742,8.7985141421867,0.4913188842174039,13.5685141421858,0.4407438127042742,0.0,0.05057507151312968,0.0,0.0,0.0,0.0,0.6232083499263246,0.5733146477932285,0.0,0.0,0.0,0.0,0.0,0.0,0.12889860180196588,0.08885483676307962,0.011393586252148409,0.023020329826879866
6.323201,3.3,0.08034301,0.148836,0.0763442,3.3,0.07341567860668743,0.062308608309462346,0.3832416460416882,3.3,0.07536753639678655,0.14162131967349217,0.08181376620604391,0.14162131967349217,0.08181376620604391,0.0,0.0,0.0,0.14162131967349217,0.08181376620604391,0.0,0.0,3.3,0.07119324867916285,0.1276416852750631,0.09804149249930466,0.06911996249183099,0.30105896398670845,0.0,0.299694028418908,0.0,0.2349438340934611,7.80851414218689,0.6819885552323159,13.92851414218573,0.2349438340934611,0.0,0.4470447211388549,0.0,0.0,0.0,0.0,0.6232083499263246,0.5733146477932285,0.0,0.0,0.0,0.0,0.0,0.0,0.06911996249183099,0.30105896398670845,0.05852172278323212,0.2030174714874038,3.3,0.07119324867916285,0.1276416852750631,0.09804149249930466,0.06911996249183099,0.30105896398670845,0.0,0.299694028418908,0.0,0.2349438340934611,7.80851414218689,0.6819885552323159,13.92851414218573,0.4407438127042742,8.7985141421867,0.4913188842174039,13.5685141421858,0.4407438127042742,0.0,0.05057507151312968,0.0,0.0,0.0,0.0,0.6232083499263246,0.5733146477932285,0.0,0.0,0.0,0.0,0.0,0.0,0.06911996249183099,0.30105896398670845,0.05852172278323212,0.2030174714874038
6.344259,3.3,0.08887452,0.162177,0.0709098,3.3,0.08112731171613957,0.1364240912210198,0.08591963914190849,3.3,0.08339607582535484,0.1551588541857184,0.07957031744499043,0.1551588541857184,0.07957031744499043,0.0,0.0,0.0,0.1551588541857184,0.07957031744499043,0.0,0.0,3.3,0.07861269562214644,0.14717684599825928,0.09152617726740768,0.1492802030882376,0.0850405433819377,0.0,0.35475207180551355,0.0,0.2349438340934611,7.80851414218689,0.6819885552323159,13.92851414218573,0.2349438340934611,0.0,0.4470447211388549,0.0,0.0,0.0,0.0,0.6232083499263246,0.5733146477932285,0.0,0.0,0.0,0.0,0.0,0.0,0.1492802030882376,0.0850405433819377,0.002103357089978351,0.006485633885469986,3.3,0.07861269562214644,0.14717684599825928,0.09152617726740768,0.1492802030882376,0.0850405433819377,0.0,0.35475207180551355,0.0,0.2349438340934611,7.80851414218689,0.6819885552323159,13.92851414218573,0.4407438127042742,8.7985141421867,0.4913188842174039,13.5685141421858,0.4407438127042742,0.0,0.05057507151312968,0.0,0.0,0.0,0.0,0.6232083499263246,0.5733146477932285,0.0,0.0,0.0,0.0,0.0,0.0,0.1492802030882376,0.0850405433819377,0.002103357089978351,0.006485633885469986
6.362955,3.3,0.09700984,0.1714554,0.05762999,3.3,0.08870894297670175,0.32823603390916767,0.03219506616758274,3.3,0.09110959109022926,0.1655998162180311,0.06533807500428464,0.1655998162180311,0.06533807500428464,0.0,0.0,0.0,0.1655998162180311,0.06533807500428464,0.0,0.0,3.3,0.08593524129533703,0.16029404473758188,0.07545831076884021,0.34532255057596495,0.028227190520258176,0.0,0.39042109788525553,0.0,0.2349438340934611,7.80851414218689,0.6819885552323159,13.92851414218573,0.2349438340934611,0.0,0.4470447211388549,0.0,0.0,0.0,0.0,0.6232083499263246,0.5733146477932285,0.0,0.0,0.0,0.0,0.0,0.0,0.34532255057596495,0.028227190520258176,0.18502850583838318,0.04723112024858203,3.3,0.08593524129533703,0.16029404473758188,0.07545831076884021,0.34532255057596495,0.028227190520258176,0.0,0.39042109788525553,0.0,0.2349438340934611,7.80851414218689,0.6819885552323159,13.92851414218573,0.4407438127042742,8.7985141421867,0.4913188842174039,13.5685141421858,0.4407438127042742,0.0,0.05057507151312968,0.0,0.0,0.0,0.0,0.6232083499263246,0.5733146477932285,0.0,0.0,0.0,0.0,0.0,0.0,0.34532255057596495,0.028227190520258176,0.18502850583838318,0.04723112024858203
6.370602,3.3,0.1004762,0.1754636,0.05208275,3.3,0.09184067213692114,0.16567161861535623,0.06523663947425794,3.3,0.09440597935602625,0.16566444727885904,0.0652467704496249,0.16566444727885904,0.0652467704496249,0.0,0.0,0.0,0.16566444727885904,0.0652467704496249,0.0,0.0,3.3,0.08907948225702852,0.16206511429525927,0.07146405762786587,0.1656684466517785,0.06524112051972042,0.0,0.4018774295002289,0.0,0.2349438340934611,7.80851414218689,0.6819885552323159,13.92851414218573,0.2349438340934611,0.0,0.4470447211388549,0.0,0.0,0.0,0.0,0.6232083499263246,0.5733146477932285,0.0,0.0,0.0,0.0,0.0,0.0,0.1656684466517785,0.06524112051972042,0.003603332356519233,0.006222937108145455,3.3,0.08907948225702852,0.16206511429525927,0.07146405762786587,0.1656684466517785,0.06524112051972042,0.0,0.4018774295002289,0.0,0.2349438340934611,7.80851414218689,0.6819885552323159,13.92851414218573,0.4407438127042742,8.7985141421867,0.4913188842174039,13.5685141421858,0.4407438127042742,0.0,0.05057507151312968,0.0,0.0,0.0,0.0,0.6232083499263246,0.5733146477932285,0.0,0.0,0.0,0.0,0.0,0.0,0.1656684466517785,0.06524112051972042,0.003603332356519233,0.006222937108145455
6.395072,3.3,0.1122014,0.1921511,0.05366564,3.3,0.1027654927814696,0.15879227909803595,0.069203389150789,3.3,0.10557814740229972,0.18487810864719953,0.0608799943330802,0.18487810864719953,0.0608799943330802,0.0,0.0,0.0,0.18487810864719953,0.0608799943330802,0.0,0.0,3.3,0.09977427330755953,0.17183890658752915,0.06723352650363813,0.17672460038198562,0.05948866341269893,0.0,0.4406499220184849,0.0,0.2349438340934611,7.80851414218689,0.6819885552323159,13.92851414218573,0.2349438340934611,0.0,0.4470447211388549,0.0,0.0,0.0,0.0,0.6232083499263246,0.5733146477932285,0.0,0.0,0.0,0.0,0.0,0.0,0.17672460038198562,0.05948866341269893,0.010009883042114961,0.0077448630909392035,3.3,0.09977427330755953,0.17183890658752915,0.06723352650363813,0.17672460038198562,0.05948866341269893,0.0,0.4406499220184849,0.0,0.2349438340934611,7.80851414218689,0.6819885552323159,13.92851414218573,0.4407438127042742,8.7985141421867,0.4913188842174039,13.5685141421858,0.4407438127042742,0.0,0.05057507151312968,0.0,0.0,0.0,0.0,0.6232083499263246,0.5733146477932285,0.0,0.0,0.0,0.0,0.0,0.0,0.17672460038198562,0.05948866341269893,0.010009883042114961,0.0077448630909392035
6.415344999999999,3.3,0.1232708,0.2237567,0.0467301,3.3,0.11261957055278356,0.22219808051662907,0.04998062337157974,3.3,0.11556222980127433,0.19761758177093527,0.05177956117084578,0.19761758177093527,0.05177956117084578,0.0,0.0,0.0,0.19761758177093527,0.05177956117084578,0.0,0.0,3.3,0.1093541806275898,0.18590363593473813,0.06202120488622826,0.1959157351611353,0.05231063916778718,0.0,0.47325809885613696,0.0,0.2349438340934611,7.80851414218689,0.6819885552323159,13.92851414218573,0.2349438340934611,0.0,0.4470447211388549,0.0,0.0,0.0,0.0,0.6232083499263246,0.5733146477932285,0.0,0.0,0.0,0.0,0.0,0.0,0.1959157351611353,0.05231063916778718,0.0100120992263971,0.009710565718441082,3.3,0.1093541806275898,0.18590363593473813,0.06202120488622826,0.1959157351611353,0.05231063916778718,0.0,0.47325809885613696,0.0,0.2349438340934611,7.80851414218689,0.6819885552323159,13.92851414218573,0.4407438127042742,8.7985141421867,0.4913188842174039,13.5685141421858,0.4407438127042742,0.0,0.05057507151312968,0.0,0.0,0.0,0.0,0.6232083499263246,0.5733146477932285,0.0,0.0,0.0,0.0,0.0,0.0,0.1959157351611353,0.05231063916778718,0.0100120992263971,0.009710565718441082
6.434906,3.3,0.1359038,0.2597297,0.03877989,3.3,0.1235546488407545,0.14714124232145373,0.08201234068891432,3.3,0.12712936058935823,0.24476075661691243,0.04353365055428386,0.24476075661691243,0.04353365055428386,0.0,0.0,0.0,0.24476075661691243,0.04353365055428386,0.0,0.0,3.3,0.1197490097055885,0.21817784598650924,0.055880453138428,0.1238803325526839,0.10290115143941085,0.0,0.5403397120318547,0.0,0.2349438340934611,7.80851414218689,0.6819885552323159,13.92851414218573,0.2349438340934611,0.0,0.4470447211388549,0.0,0.0,0.0,0.0,0.6232083499263246,0.5733146477932285,0.0,0.0,0.0,0.0,0.0,0.0,0.1238803325526839,0.10290115143941085,0.09429751343382527,0.04702069830098288,3.3,0.1197490097055885,0.21817784598650924,0.055880453138428,0.1238803325526839,0.10290115143941085,0.0,0.5403397120318547,0.0,0.2349438340934611,7.80851414218689,0.6819885552323159,13.92851414218573,0.4407438127042742,8.7985141421867,0.4913188842174039,13.5685141421858,0.4407438127042742,0.0,0.05057507151312968,0.0,0.0,0.0,0.0,0.6232083499263246,0.5733146477932285,0.0,0.0,0.0,0.0,0.0,0.0,0.1238803325526839,0.10290115143941085,0.09429751343382527,0.04702069830098288
6.464276,3.3,0.1577543,0.2941225,0.03600416,3.3,0.14325173524686532,0.2501106230057582,0.04201469053767005,3.3,0.14755945275155233,0.2779716544525195,0.03322355421200949,0.2779716544525195,0.03322355421200949,0.0,0.0,0.0,0.2779716544525195,0.03322355421200949,0.0,0.0,3.3,0.13879690754123747,0.25968374128898813,0.038733637290643996,0.265757912551972,0.03306265320093747,0.0,0.6635684684824872,0.0,0.2349438340934611,7.80851414218689,0.6819885552323159,13.92851414218573,0.2349438340934611,0.0,0.4470447211388549,0.0,0.0,0.0,0.0,0.6232083499263246,0.5733146477932285,0.0,0.0,0.0,0.0,0.0,0.0,0.265757912551972,0.03306265320093747,0.006074171262983803,0.0056709840897065135,3.3,0.13879690754123747,0.25968374128898813,0.038733637290643996,0.265757912551972,0.03306265320093747,0.0,0.6635684684824872,0.0,0.2349438340934611,7.80851414218689,0.6819885552323159,13.92851414218573,0.4407438127042742,8.7985141421867,0.4913188842174039,13.5685141421858,0.4407438127042742,0.0,0.05057507151312968,0.0,0.0,0.0,0.0,0.6232083499263246,0.5733146477932285,0.0,0.0,0.0,0.0,0.0,0.0,0.265757912551972,0.03306265320093747,0.006074171262983803,0.0056709840897065135
6.487069999999999,3.3,0.1765454,0.3217753,0.03406091,3.3,0.16010189984810816,0.30335174901318657,0.037038009873774085,3.3,0.16529257443368237,0.303720201317908,0.03696548886663916,0.303720201317908,0.03696548886663916,0.0,0.0,0.0,0.303720201317908,0.03696548886663916,0.0,0.0,3.3,0.1553242757424766,0.28389402492415367,0.041205642777673746,0.30351454709247516,0.03700596697292003,0.0,0.7291854804607906,0.0,0.2349438340934611,7.80851414218689,0.6819885552323159,13.92851414218573,0.2349438340934611,0.0,0.4470447211388549,0.0,0.0,0.0,0.0,0.6232083499263246,0.5733146477932285,0.0,0.0,0.0,0.0,0.0,0.0,0.30351454709247516,0.03700596697292003,0.019620522168321487,0.004199675804753721,3.3,0.1553242757424766,0.28389402492415367,0.041205642777673746,0.30351454709247516,0.03700596697292003,0.0,0.7291854804607906,0.0,0.2349438340934611,7.80851414218689,0.6819885552323159,13.92851414218573,0.4407438127042742,8.7985141421867,0.4913188842174039,13.5685141421858,0.4407438127042742,0.0,0.05057507151312968,0.0,0.0,0.0,0.0,0.6232083499263246,0.5733146477932285,0.0,0.0,0.0,0.0,0.0,0.0,0.30351454709247516,0.03700596697292003,0.019620522168321487,0.004199675804753721
6.514968,3.3,0.2016294,0.3529525,0.02852427,3.3,0.18294446574094517,0.23335143272975817,0.045893680137425896,3.3,0.1891293633238206,0.3377906579058335,0.031072498189425906,0.3377906579058335,0.031072498189425906,0.0,0.0,0.0,0.3377906579058335,0.031072498189425906,0.0,0.0,3.3,0.17780343321165537,0.30882828967629583,0.037053214975624756,0.22397187614394432,0.04785350576054757,0.0,0.8170531833685112,0.0,0.2349438340934611,7.80851414218689,0.6819885552323159,13.92851414218573,0.2349438340934611,0.0,0.4470447211388549,0.0,0.0,0.0,0.0,0.6232083499263246,0.5733146477932285,0.0,0.0,0.0,0.0,0.0,0.0,0.22397187614394432,0.04785350576054757,0.08508414444994622,0.011322306469885093,3.3,0.17780343321165537,0.30882828967629583,0.037053214975624756,0.22397187614394432,0.04785350576054757,0.0,0.8170531833685112,0.0,0.2349438340934611,7.80851414218689,0.6819885552323159,13.92851414218573,0.4407438127042742,8.7985141421867,0.4913188842174039,13.5685141421858,0.4407438127042742,0.0,0.05057507151312968,0.0,0.0,0.0,0.0,0.6232083499263246,0.5733146477932285,0.0,0.0,0.0,0.0,0.0,0.0,0.22397187614394432,0.04785350576054757,0.08508414444994622,0.011322306469885093
6.526945,3.3,0.2126836,0.3458461,0.02428401,3.3,0.1934828096398142,0.3475040536459099,0.028591748053639125,3.3,0.2000328611429333,0.34773302078686,0.028463162804466608,0.34773302078686,0.028463162804466608,0.0,0.0,0.0,0.34773302078686,0.028463162804466608,0.0,0.0,3.3,0.18807331158067378,0.32748428015978226,0.03265672412528128,0.3475951073078002,0.0285406133897147,0.0,0.8469088119924536,0.0,0.2349438340934611,7.80851414218689,0.6819885552323159,13.92851414218573,0.2349438340934611,0.0,0.4470447211388549,0.0,0.0,0.0,0.0,0.6232083499263246,0.5733146477932285,0.0,0.0,0.0,0.0,0.0,0.0,0.3475951073078002,0.0285406133897147,0.020110827148017953,0.004116110735566588,3.3,0.18807331158067378,0.32748428015978226,0.03265672412528128,0.3475951073078002,0.0285406133897147,0.0,0.8469088119924536,0.0,0.2349438340934611,7.80851414218689,0.6819885552323159,13.92851414218573,0.4407438127042742,8.7985141421867,0.4913188842174039,13.5685141421858,0.4407438127042742,0.0,0.05057507151312968,0.0,0.0,0.0,0.0,0.6232083499263246,0.5733146477932285,0.0,0.0,0.0,0.0,0.0,0.0,0.3475951073078002,0.0285406133897147,0.020110827148017953,0.004116110735566588
6.532496,3.3,0.2177176,0.3468947,0.02365848,3.3,0.19863177297480025,0.34773353904829946,0.02846287175494715,3.3,0.2051238179473195,0.34324520729522917,0.026188192662515465,0.34324520729522917,0.026188192662515465,0.0,0.0,0.0,0.34324520729522917,0.026188192662515465,0.0,0.0,3.3,0.1930164601647074,0.3412713536921041,0.02981029210920962,0.34773620856594756,0.028461372585282387,0.0,0.8660424736278105,0.0,0.2349438340934611,7.80851414218689,0.6819885552323159,13.92851414218573,0.2349438340934611,0.0,0.4470447211388549,0.0,0.0,0.0,0.0,0.6232083499263246,0.5733146477932285,0.0,0.0,0.0,0.0,0.0,0.0,0.34773620856594756,0.028461372585282387,0.006464854873843439,0.0013489195239272309,3.3,0.1930164601647074,0.3412713536921041,0.02981029210920962,0.34773620856594756,0.028461372585282387,0.0,0.8660424736278105,0.0,0.2349438340934611,7.80851414218689,0.6819885552323159,13.92851414218573,0.4407438127042742,8.7985141421867,0.4913188842174039,13.5685141421858,0.4407438127042742,0.0,0.05057507151312968,0.0,0.0,0.0,0.0,0.6232083499263246,0.5733146477932285,0.0,0.0,0.0,0.0,0.0,0.0,0.34773620856594756,0.028461372585282387,0.006464854873843439,0.0013489195239272309
6.548642,3.3,0.2325466,0.3581127,0.01990214,3.3,0.2128351931465602,0.34475897140351497,0.0233167223321146,3.3,0.21966541147839655,0.34489326868169107,0.0232431604612679,0.34489326868169107,0.0232431604612679,0.0,0.0,0.0,0.34489326868169107,0.0232431604612679,0.0,0.0,3.3,0.20724086252065513,0.3367091633705263,0.026631863498392708,0.3448150517218863,0.023286004113598897,0.0,0.8763871255378,0.0,0.2349438340934611,7.80851414218689,0.6819885552323159,13.92851414218573,0.2349438340934611,0.0,0.4470447211388549,0.0,0.0,0.0,0.0,0.6232083499263246,0.5733146477932285,0.0,0.0,0.0,0.0,0.0,0.0,0.3448150517218863,0.023286004113598897,0.008105888351360018,0.0033458593847938063,3.3,0.20724086252065513,0.3367091633705263,0.026631863498392708,0.3448150517218863,0.023286004113598897,0.0,0.8763871255378,0.0,0.2349438340934611,7.80851414218689,0.6819885552323159,13.92851414218573,0.4407438127042742,8.7985141421867,0.4913188842174039,13.5685141421858,0.4407438127042742,0.0,0.05057507151312968,0.0,0.0,0.0,0.0,0.6232083499263246,0.5733146477932285,0.0,0.0,0.0,0.0,0.0,0.0,0.3448150517218863,0.023286004113598897,0.008105888351360018,0.0033458593847938063
6.569513,3.3,0.2523683,0.3770152,0.02355447,3.3,0.2317014518498988,0.36267626078373383,0.025118276377809164,3.3,0.23890323598135724,0.3627268375863194,0.02512457263262689,0.3627268375863194,0.02512457263262689,0.0,0.0,0.0,0.3627268375863194,0.02512457263262689,0.0,0.0,3.3,0.2258019577535118,0.3524965078731188,0.025026170294426827,0.3626554752718846,0.02511568881053659,0.0,0.8910157406007062,0.0,0.2349438340934611,7.80851414218689,0.6819885552323159,13.92851414218573,0.2349438340934611,0.0,0.4470447211388549,0.0,0.0,0.0,0.0,0.6232083499263246,0.5733146477932285,0.0,0.0,0.0,0.0,0.0,0.0,0.3626554752718846,0.02511568881053659,0.010158967398765723,8.951851610976797e-05,3.3,0.2258019577535118,0.3524965078731188,0.025026170294426827,0.3626554752718846,0.02511568881053659,0.0,0.8910157406007062,0.0,0.2349438340934611,7.80851414218689,0.6819885552323159,13.92851414218573,0.4407438127042742,8.7985141421867,0.4913188842174039,13.5685141421858,0.4407438127042742,0.0,0.05057507151312968,0.0,0.0,0.0,0.0,0.6232083499263246,0.5733146477932285,0.0,0.0,0.0,0.0,0.0,0.0,0.3626554752718846,0.02511568881053659,0.010158967398765723,8.951851610976797e-05
6.5919929999999995,3.3,0.2745854,0.3954327,0.02155941,3.3,0.25290662493068944,0.3786710801847214,0.023675317303713656,3.3,0.2604773628786688,0.38738460118180834,0.022373404960336473,0.38738460118180834,0.022373404960336473,0.0,0.0,0.0,0.38738460118180834,0.022373404960336473,0.0,0.0,3.3,0.24667810916312075,0.37308651781381535,0.024391812515051455,0.3786677310103008,0.023674901138977644,0.0,0.9312914639554096,0.0,0.2349438340934611,7.80851414218689,0.6819885552323159,13.92851414218573,0.2349438340934611,0.0,0.4470447211388549,0.0,0.0,0.0,0.0,0.6232083499263246,0.5733146477932285,0.0,0.0,0.0,0.0,0.0,0.0,0.3786677310103008,0.023674901138977644,0.005581213196485484,0.0007169113760738107,3.3,0.24667810916312075,0.37308651781381535,0.024391812515051455,0.3786677310103008,0.023674901138977644,0.0,0.9312914639554096,0.0,0.2349438340934611,7.80851414218689,0.6819885552323159,13.92851414218573,0.4407438127042742,8.7985141421867,0.4913188842174039,13.5685141421858,0.4407438127042742,0.0,0.05057507151312968,0.0,0.0,0.0,0.0,0.6232083499263246,0.5733146477932285,0.0,0.0,0.0,0.0,0.0,0.0,0.3786677310103008,0.023674901138977644,0.005581213196485484,0.0007169113760738107
6.616874999999999,3.3,0.2998537,0.4070445,0.01842141,3.3,0.27718437961240966,0.4022357567327072,0.021032601087671444,3.3,0.2853927472445612,0.4024226402485808,0.02103526623139662,0.4024226402485808,0.02103526623139662,0.0,0.0,0.0,0.4024226402485808,0.02103526623139662,0.0,0.0,3.3,0.2707527571943927,0.3870442296379321,0.0226909844580506,0.4022569556891553,0.021032903405751743,0.0,0.970799084772014,0.0,0.2349438340934611,7.80851414218689,0.6819885552323159,13.92851414218573,0.2349438340934611,0.0,0.4470447211388549,0.0,0.0,0.0,0.0,0.6232083499263246,0.5733146477932285,0.0,0.0,0.0,0.0,0.0,0.0,0.4022569556891553,0.021032903405751743,0.015212726051223154,0.0016580810522988565,3.3,0.2707527571943927,0.3870442296379321,0.0226909844580506,0.4022569556891553,0.021032903405751743,0.0,0.970799084772014,0.0,0.2349438340934611,7.80851414218689,0.6819885552323159,13.92851414218573,0.4407438127042742,8.7985141421867,0.4913188842174039,13.5685141421858,0.4407438127042742,0.0,0.05057507151312968,0.0,0.0,0.0,0.0,0.6232083499263246,0.5733146477932285,0.0,0.0,0.0,0.0,0.0,0.0,0.4022569556891553,0.021032903405751743,0.015212726051223154,0.0016580810522988565
6.653948000000001,3.3,0.3382786,0.427125,0.01869839,3.3,0.31445933676116083,0.4103644976009809,0.01765814497702319,3.3,0.3230290534865055,0.4175690403254406,0.01788141261468013,0.4175690403254406,0.01788141261468013,0.0,0.0,0.0,0.4175690403254406,0.01788141261468013,0.0,0.0,3.3,0.30782113965487273,0.4051516601124101,0.018751612472398507,0.41074154283141456,0.017500880639455246,0.0,1.0028697303733007,0.0,0.2349438340934611,7.80851414218689,0.6819885552323159,13.92851414218573,0.2349438340934611,0.0,0.4470447211388549,0.0,0.0,0.0,0.0,0.6232083499263246,0.5733146477932285,0.0,0.0,0.0,0.0,0.0,0.0,0.41074154283141456,0.017500880639455246,0.005589882719004465,0.0012507318329432614,3.3,0.30782113965487273,0.4051516601124101,0.018751612472398507,0.41074154283141456,0.017500880639455246,0.0,1.0028697303733007,0.0,0.2349438340934611,7.80851414218689,0.6819885552323159,13.92851414218573,0.4407438127042742,8.7985141421867,0.4913188842174039,13.5685141421858,0.4407438127042742,0.0,0.05057507151312968,0.0,0.0,0.0,0.0,0.6232083499263246,0.5733146477932285,0.0,0.0,0.0,0.0,0.0,0.0,0.41074154283141456,0.017500880639455246,0.005589882719004465,0.0012507318329432614
6.684388,3.3,0.3704206,0.4401264,0.01688606,3.3,0.34587929024171893,0.4156756583510882,0.019508251757378796,3.3,0.3547847493788473,0.43332111547163416,0.018078159072689535,0.43332111547163416,0.018078159072689535,0.0,0.0,0.0,0.43332111547163416,0.018078159072689535,0.0,0.0,3.3,0.33905661234534107,0.425092746433307,0.018401155724846328,0.430098010394098,0.017617868169630443,0.0,1.0334626957550814,0.0,0.2349438340934611,7.80851414218689,0.6819885552323159,13.92851414218573,0.2349438340934611,0.0,0.4470447211388549,0.0,0.0,0.0,0.0,0.6232083499263246,0.5733146477932285,0.0,0.0,0.0,0.0,0.0,0.0,0.430098010394098,0.017617868169630443,0.005005263960790959,0.0007832875552158826,3.3,0.33905661234534107,0.425092746433307,0.018401155724846328,0.430098010394098,0.017617868169630443,0.0,1.0334626957550814,0.0,0.2349438340934611,7.80851414218689,0.6819885552323159,13.92851414218573,0.4407438127042742,8.7985141421867,0.4913188842174039,13.5685141421858,0.4407438127042742,0.0,0.05057507151312968,0.0,0.0,0.0,0.0,0.6232083499263246,0.5733146477932285,0.0,0.0,0.0,0.0,0.0,0.0,0.430098010394098,0.017617868169630443,0.005005263960790959,0.0007832875552158826
6.730916,3.3,0.420711,0.4674976,0.01746036,3.3,0.3950981808342618,0.4549817517736289,0.017113719866107144,3.3,0.40432947074344344,0.4549780771044281,0.01712146404199721,0.4549780771044281,0.01712146404199721,0.0,0.0,0.0,0.4549780771044281,0.01712146404199721,0.0,0.0,3.3,0.3879702875699533,0.4504057839711683,0.01725120453627444,0.45497548901926105,0.017126918298055755,0.0,1.0621397595505258,0.0,0.2349438340934611,7.80851414218689,0.6819885552323159,13.92851414218573,0.2349438340934611,0.0,0.4470447211388549,0.0,0.0,0.0,0.0,0.6232083499263246,0.5733146477932285,0.0,0.0,0.0,0.0,0.0,0.0,0.45497548901926105,0.017126918298055755,0.004569705048092697,0.00012428623821868505,3.3,0.3879702875699533,0.4504057839711683,0.01725120453627444,0.45497548901926105,0.017126918298055755,0.0,1.0621397595505258,0.0,0.2349438340934611,7.80851414218689,0.6819885552323159,13.92851414218573,0.4407438127042742,8.7985141421867,0.4913188842174039,13.5685141421858,0.4407438127042742,0.0,0.05057507151312968,0.0,0.0,0.0,0.0,0.6232083499263246,0.5733146477932285,0.0,0.0,0.0,0.0,0.0,0.0,0.45497548901926105,0.017126918298055755,0.004569705048092697,0.00012428623821868505
6.772329,3.3,0.4662276,0.4809909,0.01701697,3.3,0.44020222687479355,0.4733654552083312,0.015159690311424997,3.3,0.44970162451239815,0.4745417029675444,0.016937158046560097,0.4745417029675444,0.016937158046560097,0.0,0.0,0.0,0.4745417029675444,0.016937158046560097,0.0,0.0,3.3,0.4329021097836226,0.4708487549935473,0.015646379328372845,0.4733653772716832,0.015158369282588213,0.0,1.092010832438436,0.0,0.2349438340934611,7.80851414218689,0.6819885552323159,13.92851414218573,0.2349438340934611,0.0,0.4470447211388549,0.0,0.0,0.0,0.0,0.6232083499263246,0.5733146477932285,0.0,0.0,0.0,0.0,0.0,0.0,0.4733653772716832,0.015158369282588213,0.0025166222781359423,0.000488010045784634,3.3,0.4329021097836226,0.4708487549935473,0.015646379328372845,0.4733653772716832,0.015158369282588213,0.0,1.092010832438436,0.0,0.2349438340934611,7.80851414218689,0.6819885552323159,13.92851414218573,0.4407438127042742,8.7985141421867,0.4913188842174039,13.5685141421858,0.4407438127042742,0.0,0.05057507151312968,0.0,0.0,0.0,0.0,0.6232083499263246,0.5733146477932285,0.0,0.0,0.0,0.0,0.0,0.0,0.4733653772716832,0.015158369282588213,0.0025166222781359423,0.000488010045784634
6.811715,3.3,0.5098236,0.4990542,0.01564637,3.3,0.48327911695726183,0.48882075497083366,0.016493529673440786,3.3,0.49283605668506386,0.493638553098012,0.016412326575863872,0.493638553098012,0.016412326575863872,0.0,0.0,0.0,0.493638553098012,0.016412326575863872,0.0,0.0,3.3,0.47584542346569086,0.4851415408838469,0.016277104882479215,0.4888127733442365,0.01649342689799636,0.0,1.0932940708187788,0.0,0.2349438340934611,7.80851414218689,0.6819885552323159,13.92851414218573,0.2349438340934611,0.0,0.4470447211388549,0.0,0.0,0.0,0.0,0.6232083499263246,0.5733146477932285,0.0,0.0,0.0,0.0,0.0,0.0,0.4888127733442365,0.01649342689799636,0.0036712324603895884,0.00021632201551714765,3.3,0.47584542346569086,0.4851415408838469,0.016277104882479215,0.4888127733442365,0.01649342689799636,0.0,1.0932940708187788,0.0,0.2349438340934611,7.80851414218689,0.6819885552323159,13.92851414218573,0.4407438127042742,8.7985141421867,0.4913188842174039,13.5685141421858,0.4407438127042742,0.0,0.05057507151312968,0.0,0.0,0.0,0.0,0.6232083499263246,0.5733146477932285,0.0,0.0,0.0,0.0,0.0,0.0,0.4888127733442365,0.01649342689799636,0.0036712324603895884,0.00021632201551714765
6.853962,3.3,0.557273,0.5179019,0.01400189,3.3,0.5302109820203605,0.5070212890235373,0.016084320814971236,3.3,0.5398733839271885,0.5105010664601436,0.013839150484408135,0.5105010664601436,0.013839150484408135,0.0,0.0,0.0,0.5105010664601436,0.013839150484408135,0.0,0.0,3.3,0.5225972693160823,0.5035914915560973,0.016035605990387683,0.5075816060246641,0.01609125816053618,0.0,1.1126613734625084,0.0,0.2349438340934611,7.80851414218689,0.6819885552323159,13.92851414218573,0.2349438340934611,0.0,0.4470447211388549,0.0,0.0,0.0,0.0,0.6232083499263246,0.5733146477932285,0.0,0.0,0.0,0.0,0.0,0.0,0.5075816060246641,0.01609125816053618,0.003990114468566794,5.565217014849642e-05,3.3,0.5225972693160823,0.5035914915560973,0.016035605990387683,0.5075816060246641,0.01609125816053618,0.0,1.1126613734625084,0.0,0.2349438340934611,7.80851414218689,0.6819885552323159,13.92851414218573,0.4407438127042742,8.7985141421867,0.4913188842174039,13.5685141421858,0.4407438127042742,0.0,0.05057507151312968,0.0,0.0,0.0,0.0,0.6232083499263246,0.5733146477932285,0.0,0.0,0.0,0.0,0.0,0.0,0.5075816060246641,0.01609125816053618,0.003990114468566794,5.565217014849642e-05
6.9100399999999995,3.3,0.6211124,0.54336,0.01520555,3.3,0.593391120421076,0.5333382419996349,0.015096989433579662,3.3,0.6031284793514523,0.5333318002113218,0.01509691605933704,0.5333318002113218,0.01509691605933704,0.0,0.0,0.0,0.5333318002113218,0.01509691605933704,0.0,0.0,3.3,0.5856091395110242,0.528671328034526,0.014785352342734733,0.5332890336603593,0.015096428933226456,0.0,1.1289531064461826,0.0,0.2349438340934611,7.80851414218689,0.6819885552323159,13.92851414218573,0.2349438340934611,0.0,0.4470447211388549,0.0,0.0,0.0,0.0,0.6232083499263246,0.5733146477932285,0.0,0.0,0.0,0.0,0.0,0.0,0.5332890336603593,0.015096428933226456,0.0046177056258333345,0.00031107659049172163,3.3,0.5856091395110242,0.528671328034526,0.014785352342734733,0.5332890336603593,0.015096428933226456,0.0,1.1289531064461826,0.0,0.2349438340934611,7.80851414218689,0.6819885552323159,13.92851414218573,0.4407438127042742,8.7985141421867,0.4913188842174039,13.5685141421858,0.4407438127042742,0.0,0.05057507151312968,0.0,0.0,0.0,0.0,0.6232083499263246,0.5733146477932285,0.0,0.0,0.0,0.0,0.0,0.0,0.5332890336603593,0.015096428933226456,0.0046177056258333345,0.00031107659049172163
6.984487,3.3,0.7069177,0.5735119,0.01286847,3.3,0.6785356884466666,0.5490664359746186,0.015009126491676869,3.3,0.688296445956015,0.5674580294653501,0.014594243467292925,0.5674580294653501,0.014594243467292925,0.0,0.0,0.0,0.5674580294653501,0.014594243467292925,0.0,0.0,3.3,0.6704992457065474,0.5596366779794124,0.014726290939673922,0.558448666195119,0.014718529964236893,0.0,1.1462552823258096,0.0,0.2349438340934611,7.80851414218689,0.6819885552323159,13.92851414218573,0.2349438340934611,0.0,0.4470447211388549,0.0,0.0,0.0,0.0,0.6232083499263246,0.5733146477932285,0.0,0.0,0.0,0.0,0.0,0.0,0.558448666195119,0.014718529964236893,0.007278610060705456,7.578872457912749e-05,3.3,0.6704992457065474,0.5596366779794124,0.014726290939673922,0.558448666195119,0.014718529964236893,0.0,1.1462552823258096,0.0,0.2349438340934611,7.80851414218689,0.6819885552323159,13.92851414218573,0.4407438127042742,8.7985141421867,0.4913188842174039,13.5685141421858,0.4407438127042742,0.0,0.05057507151312968,0.0,0.0,0.0,0.0,0.6232083499263246,0.5733146477932285,0.0,0.0,0.0,0.0,0.0,0.0,0.558448666195119,0.014718529964236893,0.007278610060705456,7.578872457912749e-05
7.048278,3.3,0.7811094,0.600968,0.01377715,3.3,0.752357937769036,0.5903890186860837,0.012007339728837588,3.3,0.7621067133613633,0.5905387250456295,0.012047130358299367,0.5905387250456295,0.012047130358299367,0.0,0.0,0.0,0.5905387250456295,0.012047130358299367,0.0,0.0,3.3,0.7441844185774301,0.5855881711434683,0.013263787757782747,0.5904183973222308,0.012015148311108672,0.0,1.1578004251801066,0.0,0.2349438340934611,7.80851414218689,0.6819885552323159,13.92851414218573,0.2349438340934611,0.0,0.4470447211388549,0.0,0.0,0.0,0.0,0.6232083499263246,0.5733146477932285,0.0,0.0,0.0,0.0,0.0,0.0,0.5904183973222308,0.012015148311108672,0.004830226178762564,0.0012486394466740777,3.3,0.7441844185774301,0.5855881711434683,0.013263787757782747,0.5904183973222308,0.012015148311108672,0.0,1.1578004251801066,0.0,0.2349438340934611,7.80851414218689,0.6819885552323159,13.92851414218573,0.4407438127042742,8.7985141421867,0.4913188842174039,13.5685141421858,0.4407438127042742,0.0,0.05057507151312968,0.0,0.0,0.0,0.0,0.6232083499263246,0.5733146477932285,0.0,0.0,0.0,0.0,0.0,0.0,0.5904183973222308,0.012015148311108672,0.004830226178762564,0.0012486394466740777
7.125888000000001,3.3,0.8717195,0.6322473,0.01339673,3.3,0.8426630251657535,0.6236373422678969,0.01332046859811546,3.3,0.8523153410977569,0.6236330205532472,0.013320427935180665,0.6236330205532472,0.013320427935180665,0.0,0.0,0.0,0.6236330205532472,0.013320427935180665,0.0,0.0,3.3,0.8344073585569514,0.6149059523552661,0.01327425088315846,0.6236305564104397,0.013320404750105657,0.0,1.1628425960694713,0.0,0.2349438340934611,7.80851414218689,0.6819885552323159,13.92851414218573,0.2349438340934611,0.0,0.4470447211388549,0.0,0.0,0.0,0.0,0.6232083499263246,0.5733146477932285,0.0,0.0,0.0,0.0,0.0,0.0,0.6236305564104397,0.013320404750105657,0.008724604055173663,4.615386694720288e-05,3.3,0.8344073585569514,0.6149059523552661,0.01327425088315846,0.6236305564104397,0.013320404750105657,0.0,1.1628425960694713,0.0,0.2349438340934611,7.80851414218689,0.6819885552323159,13.92851414218573,0.4407438127042742,8.7985141421867,0.4913188842174039,13.5685141421858,0.4407438127042742,0.0,0.05057507151312968,0.0,0.0,0.0,0.0,0.6232083499263246,0.5733146477932285,0.0,0.0,0.0,0.0,0.0,0.0,0.6236305564104397,0.013320404750105657,0.008724604055173663,4.615386694720288e-05
7.213945,3.3,0.9744013,0.6677923,0.01300828,3.3,0.9451537904087853,0.6567989223058824,0.01291483631533448,3.3,0.9545335599956238,0.6602473383174073,0.0129455743516222,0.6602473383174073,0.0129455743516222,0.0,0.0,0.0,0.6602473383174073,0.0129455743516222,0.0,0.0,3.3,0.9367625883774007,0.6536409506938823,0.012910274465625196,0.6574570284513764,0.012920702455183541,0.0,1.1601291007649543,0.0,0.2349438340934611,7.80851414218689,0.6819885552323159,13.92851414218573,0.2349438340934611,0.0,0.4470447211388549,0.0,0.0,0.0,0.0,0.6232083499263246,0.5733146477932285,0.0,0.0,0.0,0.0,0.0,0.0,0.6574570284513764,0.012920702455183541,0.0038160777574941123,1.042798955834717e-05,3.3,0.9367625883774007,0.6536409506938823,0.012910274465625196,0.6574570284513764,0.012920702455183541,0.0,1.1601291007649543,0.0,0.2349438340934611,7.80851414218689,0.6819885552323159,13.92851414218573,0.4407438127042742,8.7985141421867,0.4913188842174039,13.5685141421858,0.4407438127042742,0.0,0.05057507151312968,0.0,0.0,0.0,0.0,0.6232083499263246,0.5733146477932285,0.0,0.0,0.0,0.0,0.0,0.0,0.6574570284513764,0.012920702455183541,0.0038160777574941123,1.042798955834717e-05
7.328905,3.3,1.106388,0.7080809,0.01188187,3.3,1.0771197358320346,0.6983042880534669,0.011767649686188424,3.3,1.08602167791373,0.6983816770042021,0.011782494798515156,0.6983816770042021,0.011782494798515156,0.0,0.0,0.0,0.6983816770042021,0.011782494798515156,0.0,0.0,3.3,1.0688626645050572,0.6934375064775145,0.01150312529466462,0.6982810473720258,0.011763191549422581,0.0,1.13741305404091,0.0,0.2349438340934611,7.80851414218689,0.6819885552323159,13.92851414218573,0.2349438340934611,0.0,0.4470447211388549,0.0,0.0,0.0,0.0,0.6232083499263246,0.5733146477932285,0.0,0.0,0.0,0.0,0.0,0.0,0.6982810473720258,0.011763191549422581,0.004843540894511373,0.00026006625475795956,3.3,1.0688626645050572,0.6934375064775145,0.01150312529466462,0.6982810473720258,0.011763191549422581,0.0,1.13741305404091,0.0,0.2349438340934611,7.80851414218689,0.6819885552323159,13.92851414218573,0.4407438127042742,8.7985141421867,0.4913188842174039,13.5685141421858,0.4407438127042742,0.0,0.05057507151312968,0.0,0.0,0.0,0.0,0.6232083499263246,0.5733146477932285,0.0,0.0,0.0,0.0,0.0,0.0,0.6982810473720258,0.011763191549422581,0.004843540894511373,0.00026006625475795956
7.4311940000000005,3.3,1.219922,0.741494,0.01138729,3.3,1.1914240704140084,0.7325589071403595,0.011324720493367583,3.3,1.1997338183834985,0.7325556486034324,0.01132469628961582,0.7325556486034324,0.01132469628961582,0.0,0.0,0.0,0.7325556486034324,0.01132469628961582,0.0,0.0,3.3,1.1833667250062374,0.7296509074695113,0.011345689393122213,0.7325511897815216,0.011324663170390499,0.0,1.1029741620183902,0.0,0.2349438340934611,7.80851414218689,0.6819885552323159,13.92851414218573,0.2349438340934611,0.0,0.4470447211388549,0.0,0.0,0.0,0.0,0.6232083499263246,0.5733146477932285,0.0,0.0,0.0,0.0,0.0,0.0,0.7325511897815216,0.011324663170390499,0.002900282312010219,2.1026222731708753e-05,3.3,1.1833667250062374,0.7296509074695113,0.011345689393122213,0.7325511897815216,0.011324663170390499,0.0,1.1029741620183902,0.0,0.2349438340934611,7.80851414218689,0.6819885552323159,13.92851414218573,0.4407438127042742,8.7985141421867,0.4913188842174039,13.5685141421858,0.4407438127042742,0.0,0.05057507151312968,0.0,0.0,0.0,0.0,0.6232083499263246,0.5733146477932285,0.0,0.0,0.0,0.0,0.0,0.0,0.7325511897815216,0.011324663170390499,0.002900282312010219,2.1026222731708753e-05
7.562608,3.3,1.358948,0.7853533,0.01015116,3.3,1.3315701795945076,0.7783849827739129,0.010109527599151947,3.3,1.3390155346585288,0.778378385693305,0.010109485131930296,0.778378385693305,0.010109485131930296,0.0,0.0,0.0,0.778378385693305,0.010109485131930296,0.0,0.0,3.3,1.323688375884649,0.7734744242508721,0.009925015627265521,0.7757811573097088,0.010092766058753,0.0,1.0445476250601973,0.0,0.2349438340934611,7.80851414218689,0.6819885552323159,13.92851414218573,0.2349438340934611,0.0,0.4470447211388549,0.0,0.0,0.0,0.0,0.6232083499263246,0.5733146477932285,0.0,0.0,0.0,0.0,0.0,0.0,0.7757811573097088,0.010092766058753,0.0023067330588366483,0.00016775043148748247,3.3,1.323688375884649,0.7734744242508721,0.009925015627265521,0.7757811573097088,0.010092766058753,0.0,1.0445476250601973,0.0,0.2349438340934611,7.80851414218689,0.6819885552323159,13.92851414218573,0.4407438127042742,8.7985141421867,0.4913188842174039,13.5685141421858,0.4407438127042742,0.0,0.05057507151312968,0.0,0.0,0.0,0.0,0.6232083499263246,0.5733146477932285,0.0,0.0,0.0,0.0,0.0,0.0,0.7757811573097088,0.010092766058753,0.0023067330588366483,0.00016775043148748247
7.595234,3.3,1.391942,0.7901458,0.010182,3.3,1.3649449727709075,0.7858530857805712,0.010157601831457627,3.3,1.3722074289245048,0.7837294422729909,0.010143931354332869,0.7837294422729909,0.010143931354332869,0.0,0.0,0.0,0.7837294422729909,0.010143931354332869,0.0,0.0,3.3,1.3571841026821176,0.7765055932921846,0.010206801124058957,0.7844962325712039,0.010148867394300867,0.0,1.0205293185539785,0.0,0.2349438340934611,7.80851414218689,0.6819885552323159,13.92851414218573,0.2349438340934611,0.0,0.4470447211388549,0.0,0.0,0.0,0.0,0.6232083499263246,0.5733146477932285,0.0,0.0,0.0,0.0,0.0,0.0,0.7844962325712039,0.010148867394300867,0.00799063927901941,5.793372975809304e-05,3.3,1.3571841026821176,0.7765055932921846,0.010206801124058957,0.7844962325712039,0.010148867394300867,0.0,1.0205293185539785,0.0,0.2349438340934611,7.80851414218689,0.6819885552323159,13.92851414218573,0.4407438127042742,8.7985141421867,0.4913188842174039,13.5685141421858,0.4407438127042742,0.0,0.05057507151312968,0.0,0.0,0.0,0.0,0.6232083499263246,0.5733146477932285,0.0,0.0,0.0,0.0,0.0,0.0,0.7844962325712039,0.010148867394300867,0.00799063927901941,5.793372975809304e-05
7.617808999999999,3.3,1.414183,0.7952077,0.01021457,3.3,1.3875576069855335,0.7875936909543336,0.010168806585516495,3.3,1.394600998000757,0.7876225492236045,0.01016899235412997,0.7876225492236045,0.01016899235412997,0.0,0.0,0.0,0.7876225492236045,0.01016899235412997,0.0,0.0,3.3,1.3798193023069656,0.7838921480627957,0.010203928033839535,0.7876000913518396,0.010168847786634938,0.0,1.0013758731933062,0.0,0.2349438340934611,7.80851414218689,0.6819885552323159,13.92851414218573,0.2349438340934611,0.0,0.4470447211388549,0.0,0.0,0.0,0.0,0.6232083499263246,0.5733146477932285,0.0,0.0,0.0,0.0,0.0,0.0,0.7876000913518396,0.010168847786634938,0.003707943289043877,3.508024720458923e-05,3.3,1.3798193023069656,0.7838921480627957,0.010203928033839535,0.7876000913518396,0.010168847786634938,0.0,1.0013758731933062,0.0,0.2349438340934611,7.80851414218689,0.6819885552323159,13.92851414218573,0.4407438127042742,8.7985141421867,0.4913188842174039,13.5685141421858,0.4407438127042742,0.0,0.05057507151312968,0.0,0.0,0.0,0.0,0.6232083499263246,0.5733146477932285,0.0,0.0,0.0,0.0,0.0,0.0,0.7876000913518396,0.010168847786634938,0.003707943289043877,3.508024720458923e-05
7.686501,3.3,1.47957,0.8123978,0.009530931,3.3,1.4540336075516473,0.8055607259550812,0.009493244321896563,3.3,1.4604705820080779,0.8055114239794684,0.00949295136801725,0.8055114239794684,0.00949295136801725,0.0,0.0,0.0,0.8055114239794684,0.00949295136801725,0.0,0.0,3.3,1.446420331279832,0.8002253417861137,0.009544027184467955,0.805465634756111,0.009492679287021579,0.0,0.9509810382485354,0.0,0.2349438340934611,7.80851414218689,0.6819885552323159,13.92851414218573,0.2349438340934611,0.0,0.4470447211388549,0.0,0.0,0.0,0.0,0.6232083499263246,0.5733146477932285,0.0,0.0,0.0,0.0,0.0,0.0,0.805465634756111,0.009492679287021579,0.00524029296999732,5.134789744637714e-05,3.3,1.446420331279832,0.8002253417861137,0.009544027184467955,0.805465634756111,0.009492679287021579,0.0,0.9509810382485354,0.0,0.2349438340934611,7.80851414218689,0.6819885552323159,13.92851414218573,0.4407438127042742,8.7985141421867,0.4913188842174039,13.5685141421858,0.4407438127042742,0.0,0.05057507151312968,0.0,0.0,0.0,0.0,0.6232083499263246,0.5733146477932285,0.0,0.0,0.0,0.0,0.0,0.0,0.805465634756111,0.009492679287021579,0.00524029296999732,5.134789744637714e-05
7.743308000000001,3.3,1.531159,0.8263108,0.008812445,3.3,1.5065129107527335,0.8039539105412755,0.009702442224669258,3.3,1.5123880532263032,0.819710135494103,0.008404817840129855,0.819710135494103,0.008404817840129855,0.0,0.0,0.0,0.819710135494103,0.008404817840129855,0.0,0.0,3.3,1.4990629509300701,0.8152759814403312,0.008952614829348535,0.789922762696802,0.009810922390224665,0.0,0.9150406152008026,0.0,0.2349438340934611,7.80851414218689,0.6819885552323159,13.92851414218573,0.2349438340934611,0.0,0.4470447211388549,0.0,0.0,0.0,0.0,0.6232083499263246,0.5733146477932285,0.0,0.0,0.0,0.0,0.0,0.0,0.789922762696802,0.009810922390224665,0.0253532187435293,0.00085830756087613,3.3,1.4990629509300701,0.8152759814403312,0.008952614829348535,0.789922762696802,0.009810922390224665,0.0,0.9150406152008026,0.0,0.2349438340934611,7.80851414218689,0.6819885552323159,13.92851414218573,0.4407438127042742,8.7985141421867,0.4913188842174039,13.5685141421858,0.4407438127042742,0.0,0.05057507151312968,0.0,0.0,0.0,0.0,0.6232083499263246,0.5733146477932285,0.0,0.0,0.0,0.0,0.0,0.0,0.789922762696802,0.009810922390224665,0.0253532187435293,0.00085830756087613
7.839480999999999,3.3,1.613381,0.8497864,0.00812754,3.3,1.5902289029155965,0.839858850572442,0.005529329504380431,3.3,1.5953334247730118,0.839827406058244,0.005489552909822056,0.839827406058244,0.005489552909822056,0.0,0.0,0.0,0.839827406058244,0.005489552909822056,0.0,0.0,3.3,1.5830813407895057,0.8385273556153393,0.006981756914040841,0.8399316788392818,0.005621455603840536,0.0,0.8478016561109102,0.0,0.2349438340934611,7.80851414218689,0.6819885552323159,13.92851414218573,0.2349438340934611,0.0,0.4470447211388549,0.0,0.0,0.0,0.0,0.6232083499263246,0.5733146477932285,0.0,0.0,0.0,0.0,0.0,0.0,0.8399316788392818,0.005621455603840536,0.0014043232239424744,0.0013603013102003044,3.3,1.5830813407895057,0.8385273556153393,0.006981756914040841,0.8399316788392818,0.005621455603840536,0.0,0.8478016561109102,0.0,0.2349438340934611,7.80851414218689,0.6819885552323159,13.92851414218573,0.4407438127042742,8.7985141421867,0.4913188842174039,13.5685141421858,0.4407438127042742,0.0,0.05057507151312968,0.0,0.0,0.0,0.0,0.6232083499263246,0.5733146477932285,0.0,0.0,0.0,0.0,0.0,0.0,0.8399316788392818,0.005621455603840536,0.0014043232239424744,0.0013603013102003044
7.8811409999999995,3.3,1.646723,0.8551073,0.008153879,3.3,1.6245304707069417,0.8498140692426478,0.008129982080594544,3.3,1.6292750502632087,0.8498122243134233,0.008129972945282088,0.8498122243134233,0.008129972945282088,0.0,0.0,0.0,0.8498122243134233,0.008129972945282088,0.0,0.0,3.3,1.6174825469750318,0.8486827129220667,0.008169420128061903,0.8498063338099661,0.008129943777989977,0.0,0.8168968412037818,0.0,0.2349438340934611,7.80851414218689,0.6819885552323159,13.92851414218573,0.2349438340934611,0.0,0.4470447211388549,0.0,0.0,0.0,0.0,0.6232083499263246,0.5733146477932285,0.0,0.0,0.0,0.0,0.0,0.0,0.8498063338099661,0.008129943777989977,0.0011236208878993349,3.947635007192588e-05,3.3,1.6174825469750318,0.8486827129220667,0.008169420128061903,0.8498063338099661,0.008129943777989977,0.0,0.8168968412037818,0.0,0.2349438340934611,7.80851414218689,0.6819885552323159,13.92851414218573,0.4407438127042742,8.7985141421867,0.4913188842174039,13.5685141421858,0.4407438127042742,0.0,0.05057507151312968,0.0,0.0,0.0,0.0,0.6232083499263246,0.5733146477932285,0.0,0.0,0.0,0.0,0.0,0.0,0.8498063338099661,0.008129943777989977,0.0011236208878993349,3.947635007192588e-05
7.965712999999999,3.3,1.70971,0.8687801,0.007399446,3.3,1.689184331426306,0.8616474605391947,0.006345044346155271,3.3,1.6931520527306088,0.8622758682676128,0.006605130644326561,0.8622758682676128,0.006605130644326561,0.0,0.0,0.0,0.8622758682676128,0.006605130644326561,0.0,0.0,3.3,1.6822954383395128,0.8584355479808559,0.006698450777028042,0.8622900068369369,0.006610982335817039,0.0,0.7405690709558584,0.0,0.2349438340934611,7.80851414218689,0.6819885552323159,13.92851414218573,0.2349438340934611,0.0,0.4470447211388549,0.0,0.0,0.0,0.0,0.6232083499263246,0.5733146477932285,0.0,0.0,0.0,0.0,0.0,0.0,0.8622900068369369,0.006610982335817039,0.0038544588560810236,8.746844121100313e-05,3.3,1.6822954383395128,0.8584355479808559,0.006698450777028042,0.8622900068369369,0.006610982335817039,0.0,0.7405690709558584,0.0,0.2349438340934611,7.80851414218689,0.6819885552323159,13.92851414218573,0.4407438127042742,8.7985141421867,0.4913188842174039,13.5685141421858,0.4407438127042742,0.0,0.05057507151312968,0.0,0.0,0.0,0.0,0.6232083499263246,0.5733146477932285,0.0,0.0,0.0,0.0,0.0,0.0,0.8622900068369369,0.006610982335817039,0.0038544588560810236,8.746844121100313e-05
8.030452,3.3,1.754113,0.8805346,0.007451815,3.3,1.7347691781816506,0.8741492757992995,0.007425348972937034,3.3,1.7381026647378175,0.8741464075727472,0.007425336191058052,0.8741464075727472,0.007425336191058052,0.0,0.0,0.0,0.8741464075727472,0.007425336191058052,0.0,0.0,3.3,1.7279730497223489,0.8723587330241414,0.007441199229495625,0.8741229161286529,0.007425231504489512,0.0,0.6887420762310278,0.0,0.2349438340934611,7.80851414218689,0.6819885552323159,13.92851414218573,0.2349438340934611,0.0,0.4470447211388549,0.0,0.0,0.0,0.0,0.6232083499263246,0.5733146477932285,0.0,0.0,0.0,0.0,0.0,0.0,0.8741229161286529,0.007425231504489512,0.0017641831045114597,1.5967725006113336e-05,3.3,1.7279730497223489,0.8723587330241414,0.007441199229495625,0.8741229161286529,0.007425231504489512,0.0,0.6887420762310278,0.0,0.2349438340934611,7.80851414218689,0.6819885552323159,13.92851414218573,0.4407438127042742,8.7985141421867,0.4913188842174039,13.5685141421858,0.4407438127042742,0.0,0.05057507151312968,0.0,0.0,0.0,0.0,0.6232083499263246,0.5733146477932285,0.0,0.0,0.0,0.0,0.0,0.0,0.8741229161286529,0.007425231504489512,0.0017641831045114597,1.5967725006113336e-05
8.16369,3.3,1.836044,0.9020898,0.006709262,3.3,1.8189715365808123,0.8955889516253369,0.006685163853608263,3.3,1.8212250601487316,0.8984582066880048,0.006696529469282181,0.8984582066880048,0.006696529469282181,0.0,0.0,0.0,0.8984582066880048,0.006696529469282181,0.0,0.0,3.3,1.8124781597719652,0.8932417302227891,0.006649803793616196,0.8950556244308998,0.006683051252327432,0.0,0.5967419493474799,0.0,0.2349438340934611,7.80851414218689,0.6819885552323159,13.92851414218573,0.2349438340934611,0.0,0.4470447211388549,0.0,0.0,0.0,0.0,0.6232083499263246,0.5733146477932285,0.0,0.0,0.0,0.0,0.0,0.0,0.8950556244308998,0.006683051252327432,0.0018138942081107434,3.324745871123628e-05,3.3,1.8124781597719652,0.8932417302227891,0.006649803793616196,0.8950556244308998,0.006683051252327432,0.0,0.5967419493474799,0.0,0.2349438340934611,7.80851414218689,0.6819885552323159,13.92851414218573,0.4407438127042742,8.7985141421867,0.4913188842174039,13.5685141421858,0.4407438127042742,0.0,0.05057507151312968,0.0,0.0,0.0,0.0,0.6232083499263246,0.5733146477932285,0.0,0.0,0.0,0.0,0.0,0.0,0.8950556244308998,0.006683051252327432,0.0018138942081107434,3.324745871123628e-05
8.265851,3.3,1.890247,0.9116952,0.005903981,3.3,1.8747435651376727,0.9051138801963033,0.005882468554169031,3.3,1.8762128528407582,0.9051508490010866,0.005882596687586807,0.9051508490010866,0.005882596687586807,0.0,0.0,0.0,0.9051508490010866,0.005882596687586807,0.0,0.0,3.3,1.8685914882020231,0.902726000127801,0.005981189065858066,0.9051523613694751,0.0058826019294368394,0.0,0.5185780522946971,0.0,0.2349438340934611,7.80851414218689,0.6819885552323159,13.92851414218573,0.2349438340934611,0.0,0.4470447211388549,0.0,0.0,0.0,0.0,0.6232083499263246,0.5733146477932285,0.0,0.0,0.0,0.0,0.0,0.0,0.9051523613694751,0.0058826019294368394,0.002426361241674026,9.85871364212271e-05,3.3,1.8685914882020231,0.902726000127801,0.005981189065858066,0.9051523613694751,0.0058826019294368394,0.0,0.5185780522946971,0.0,0.2349438340934611,7.80851414218689,0.6819885552323159,13.92851414218573,0.4407438127042742,8.7985141421867,0.4913188842174039,13.5685141421858,0.4407438127042742,0.0,0.05057507151312968,0.0,0.0,0.0,0.0,0.6232083499263246,0.5733146477932285,0.0,0.0,0.0,0.0,0.0,0.0,0.9051523613694751,0.0058826019294368394,0.002426361241674026,9.85871364212271e-05
8.387794,3.3,1.945801,0.9249852,0.005100156,3.3,1.931985740090882,0.9184281541830437,0.005081617369658597,3.3,1.9325827292904023,0.9184653934623478,0.005081728000623136,0.9184653934623478,0.005081728000623136,0.0,0.0,0.0,0.9184653934623478,0.005081728000623136,0.0,0.0,3.3,1.9261405173307578,0.9171966573395592,0.004971958631195443,0.9184324207703511,0.0050816300448950115,0.0,0.44134023561283753,0.0,0.2349438340934611,7.80851414218689,0.6819885552323159,13.92851414218573,0.2349438340934611,0.0,0.4470447211388549,0.0,0.0,0.0,0.0,0.6232083499263246,0.5733146477932285,0.0,0.0,0.0,0.0,0.0,0.0,0.9184324207703511,0.0050816300448950115,0.0012357634307918978,0.00010967141369956778,3.3,1.9261405173307578,0.9171966573395592,0.004971958631195443,0.9184324207703511,0.0050816300448950115,0.0,0.44134023561283753,0.0,0.2349438340934611,7.80851414218689,0.6819885552323159,13.92851414218573,0.4407438127042742,8.7985141421867,0.4913188842174039,13.5685141421858,0.4407438127042742,0.0,0.05057507151312968,0.0,0.0,0.0,0.0,0.6232083499263246,0.5733146477932285,0.0,0.0,0.0,0.0,0.0,0.0,0.9184324207703511,0.0050816300448950115,0.0012357634307918978,0.00010967141369956778
8.486637,3.3,1.984444,0.934429,0.005128207,3.3,1.9720781719094889,0.9295148234406047,0.005114553799590028,3.3,1.972103521415256,0.9295256090377448,0.005114585841590761,0.9295256090377448,0.005114585841590761,0.0,0.0,0.0,0.9295256090377448,0.005114585841590761,0.0,0.0,3.3,1.966475370480203,0.92682840488614,0.005132132499760656,0.9295758417841077,0.005114735073726437,0.0,0.3849582014177009,0.0,0.2349438340934611,7.80851414218689,0.6819885552323159,13.92851414218573,0.2349438340934611,0.0,0.4470447211388549,0.0,0.0,0.0,0.0,0.6232083499263246,0.5733146477932285,0.0,0.0,0.0,0.0,0.0,0.0,0.9295758417841077,0.005114735073726437,0.0027474368979676115,1.7397426034219055e-05,3.3,1.966475370480203,0.92682840488614,0.005132132499760656,0.9295758417841077,0.005114735073726437,0.0,0.3849582014177009,0.0,0.2349438340934611,7.80851414218689,0.6819885552323159,13.92851414218573,0.4407438127042742,8.7985141421867,0.4913188842174039,13.5685141421858,0.4407438127042742,0.0,0.05057507151312968,0.0,0.0,0.0,0.0,0.6232083499263246,0.5733146477932285,0.0,0.0,0.0,0.0,0.0,0.0,0.9295758417841077,0.005114735073726437,0.0027474368979676115,1.7397426034219055e-05
8.630279,3.3,2.031592,0.9446188,0.004298898,3.3,2.0212393267152704,0.9403873990898902,0.004289002448721629,3.3,2.0204849338460256,0.9403761367562686,0.004288974567106626,0.9403761367562686,0.004288974567106626,0.0,0.0,0.0,0.9403761367562686,0.004288974567106626,0.0,0.0,3.3,2.015975249779594,0.9394559992202399,0.004321347193748387,0.9402515177271823,0.004288666053799552,0.0,0.3137895316379241,0.0,0.2349438340934611,7.80851414218689,0.6819885552323159,13.92851414218573,0.2349438340934611,0.0,0.4470447211388549,0.0,0.0,0.0,0.0,0.6232083499263246,0.5733146477932285,0.0,0.0,0.0,0.0,0.0,0.0,0.9402515177271823,0.004288666053799552,0.0007955185069423705,3.2681139948835616e-05,3.3,2.015975249779594,0.9394559992202399,0.004321347193748387,0.9402515177271823,0.004288666053799552,0.0,0.3137895316379241,0.0,0.2349438340934611,7.80851414218689,0.6819885552323159,13.92851414218573,0.4407438127042742,8.7985141421867,0.4913188842174039,13.5685141421858,0.4407438127042742,0.0,0.05057507151312968,0.0,0.0,0.0,0.0,0.6232083499263246,0.5733146477932285,0.0,0.0,0.0,0.0,0.0,0.0,0.9402515177271823,0.004288666053799552,0.0007955185069423705,3.2681139948835616e-05
8.804789000000001,3.3,2.076958,0.9560828,0.003462046,3.3,2.068317796577241,0.9438056495816387,0.0032575142327785312,3.3,2.066790257246709,0.9504834247499578,0.0034511660766176084,0.9504834247499578,0.0034511660766176084,0.0,0.0,0.0,0.9504834247499578,0.0034511660766176084,0.0,0.0,3.3,2.0634706965037433,0.9495249636023618,0.0035424438544764,0.9422899445928147,0.004130722739912595,0.0,0.24192291178774478,0.0,0.2349438340934611,7.80851414218689,0.6819885552323159,13.92851414218573,0.2349438340934611,0.0,0.4470447211388549,0.0,0.0,0.0,0.0,0.6232083499263246,0.5733146477932285,0.0,0.0,0.0,0.0,0.0,0.0,0.9422899445928147,0.004130722739912595,0.007417291410512567,0.0006109716637218146,3.3,2.0634706965037433,0.9495249636023618,0.0035424438544764,0.9422899445928147,0.004130722739912595,0.0,0.24192291178774478,0.0,0.2349438340934611,7.80851414218689,0.6819885552323159,13.92851414218573,0.4407438127042742,8.7985141421867,0.4913188842174039,13.5685141421858,0.4407438127042742,0.0,0.05057507151312968,0.0,0.0,0.0,0.0,0.6232083499263246,0.5733146477932285,0.0,0.0,0.0,0.0,0.0,0.0,0.9422899445928147,0.004130722739912595,0.007417291410512567,0.0006109716637218146
8.963257,3.3,2.109195,0.9662347,0.00348215,3.3,2.1016883910858284,0.9469229556994485,0.0041224145454985634,3.3,2.0995960983818907,0.9580712405100736,0.003466193754787113,0.9580712405100736,0.003466193754787113,0.0,0.0,0.0,0.9580712405100736,0.003466193754787113,0.0,0.0,3.3,2.0964626994351523,0.9589513980133438,0.0034279685108137706,0.9505715905302102,0.0034513406890506306,0.0,0.18441062876073522,0.0,0.2349438340934611,7.80851414218689,0.6819885552323159,13.92851414218573,0.2349438340934611,0.0,0.4470447211388549,0.0,0.0,0.0,0.0,0.6232083499263246,0.5733146477932285,0.0,0.0,0.0,0.0,0.0,0.0,0.9505715905302102,0.0034513406890506306,0.008379807483133635,2.3372178236860088e-05,3.3,2.0964626994351523,0.9589513980133438,0.0034279685108137706,0.9505715905302102,0.0034513406890506306,0.0,0.18441062876073522,0.0,0.2349438340934611,7.80851414218689,0.6819885552323159,13.92851414218573,0.4407438127042742,8.7985141421867,0.4913188842174039,13.5685141421858,0.4407438127042742,0.0,0.05057507151312968,0.0,0.0,0.0,0.0,0.6232083499263246,0.5733146477932285,0.0,0.0,0.0,0.0,0.0,0.0,0.9505715905302102,0.0034513406890506306,0.008379807483133635,2.3372178236860088e-05
9.168433,3.3,2.140585,0.971558,0.002619824,3.3,2.1345639594016648,0.9683304675605962,0.0026148650900861157,3.3,2.131995221732716,0.9684037337255553,0.0026149739168906325,0.9684037337255553,0.0026149739168906325,0.0,0.0,0.0,0.9684037337255553,0.0026149739168906325,0.0,0.0,3.3,2.1286904414572,0.9676831274092491,0.0026504265453306916,0.9683120845913153,0.0026148377847152737,0.0,0.13614575315034982,0.0,0.2349438340934611,7.80851414218689,0.6819885552323159,13.92851414218573,0.2349438340934611,0.0,0.4470447211388549,0.0,0.0,0.0,0.0,0.6232083499263246,0.5733146477932285,0.0,0.0,0.0,0.0,0.0,0.0,0.9683120845913153,0.0026148377847152737,0.0006289571820661868,3.558876061541737e-05,3.3,2.1286904414572,0.9676831274092491,0.0026504265453306916,0.9683120845913153,0.0026148377847152737,0.0,0.13614575315034982,0.0,0.2349438340934611,7.80851414218689,0.6819885552323159,13.92851414218573,0.4407438127042742,8.7985141421867,0.4913188842174039,13.5685141421858,0.4407438127042742,0.0,0.05057507151312968,0.0,0.0,0.0,0.0,0.6232083499263246,0.5733146477932285,0.0,0.0,0.0,0.0,0.0,0.0,0.9683120845913153,0.0026148377847152737,0.0006289571820661868,3.558876061541737e-05
9.331895,3.3,2.159322,0.9804866,0.002633088,3.3,2.154305709761362,0.9741834789829587,0.0026235589330114526,3.3,2.151387574871573,0.9741666890367541,0.002623533993857144,0.9741666890367541,0.002623533993857144,0.0,0.0,0.0,0.9741666890367541,0.002623533993857144,0.0,0.0,3.3,2.1481085676978933,0.9744525737768734,0.0026149291624237266,0.9741993869516626,0.0026235825621095674,0.0,0.106977345234136,0.0,0.2349438340934611,7.80851414218689,0.6819885552323159,13.92851414218573,0.2349438340934611,0.0,0.4470447211388549,0.0,0.0,0.0,0.0,0.6232083499263246,0.5733146477932285,0.0,0.0,0.0,0.0,0.0,0.0,0.9741993869516626,0.0026235825621095674,0.0002531868252107173,8.65339968584094e-06,3.3,2.1481085676978933,0.9744525737768734,0.0026149291624237266,0.9741993869516626,0.0026235825621095674,0.0,0.106977345234136,0.0,0.2349438340934611,7.80851414218689,0.6819885552323159,13.92851414218573,0.4407438127042742,8.7985141421867,0.4913188842174039,13.5685141421858,0.4407438127042742,0.0,0.05057507151312968,0.0,0.0,0.0,0.0,0.6232083499263246,0.5733146477932285,0.0,0.0,0.0,0.0,0.0,0.0,0.9741993869516626,0.0026235825621095674,0.0002531868252107173,8.65339968584094e-06
9.464675,3.3,2.1715,0.9805147,0.001755849,3.3,2.167191899635298,0.9741724053490016,0.0014326888875171512,3.3,2.164087567495938,0.9776985991423814,0.0017525151773208527,0.9776985991423814,0.0017525151773208527,0.0,0.0,0.0,0.9776985991423814,0.0017525151773208527,0.0,0.0,3.3,2.160776646373517,0.9784908606746823,0.0018243835927951584,0.9759230702322845,0.002215751505919082,0.0,0.08937543063391674,0.0,0.2349438340934611,7.80851414218689,0.6819885552323159,13.92851414218573,0.2349438340934611,0.0,0.4470447211388549,0.0,0.0,0.0,0.0,0.6232083499263246,0.5733146477932285,0.0,0.0,0.0,0.0,0.0,0.0,0.9759230702322845,0.002215751505919082,0.0031092432954335034,0.00043673073273881025,3.3,2.160776646373517,0.9784908606746823,0.0018243835927951584,0.9759230702322845,0.002215751505919082,0.0,0.08937543063391674,0.0,0.2349438340934611,7.80851414218689,0.6819885552323159,13.92851414218573,0.4407438127042742,8.7985141421867,0.4913188842174039,13.5685141421858,0.4407438127042742,0.0,0.05057507151312968,0.0,0.0,0.0,0.0,0.6232083499263246,0.5733146477932285,0.0,0.0,0.0,0.0,0.0,0.0,0.9759230702322845,0.002215751505919082,0.0031092432954335034,0.00043673073273881025
9.583865,3.3,2.180577,0.9864123,0.001761691,3.3,2.1767411930196547,0.9800744112746717,0.0017548677901216053,3.3,2.173455946958236,0.9794332739305653,0.001754232913355768,0.9794332739305653,0.001754232913355768,0.0,0.0,0.0,0.9794332739305653,0.001754232913355768,0.0,0.0,3.3,2.170197326439664,0.9803484315538146,0.0017548647824956161,0.980237804419572,0.0017550295877650402,0.0,0.07455133351421242,0.0,0.2349438340934611,7.80851414218689,0.6819885552323159,13.92851414218573,0.2349438340934611,0.0,0.4470447211388549,0.0,0.0,0.0,0.0,0.6232083499263246,0.5733146477932285,0.0,0.0,0.0,0.0,0.0,0.0,0.980237804419572,0.0017550295877650402,0.00011062713424259008,1.6480526942374623e-07,3.3,2.170197326439664,0.9803484315538146,0.0017548647824956161,0.980237804419572,0.0017550295877650402,0.0,0.07455133351421242,0.0,0.2349438340934611,7.80851414218689,0.6819885552323159,13.92851414218573,0.4407438127042742,8.7985141421867,0.4913188842174039,13.5685141421858,0.4407438127042742,0.0,0.05057507151312968,0.0,0.0,0.0,0.0,0.6232083499263246,0.5733146477932285,0.0,0.0,0.0,0.0,0.0,0.0,0.980237804419572,0.0017550295877650402,0.00011062713424259008,1.6480526942374623e-07
9.686246,3.3,2.187235,0.9866805,0.001761957,3.3,2.183725851716658,0.9826521920720669,0.0017574203994037382,3.3,2.180370864283186,0.9827835555926309,0.001757550480185729,0.9827835555926309,0.001757550480185729,0.0,0.0,0.0,0.9827835555926309,0.001757550480185729,0.0,0.0,3.3,2.1770900774669313,0.9835801884593669,0.001758339334096224,0.9828014120386815,0.0017575681622671471,0.0,0.06450764105242246,0.0,0.2349438340934611,7.80851414218689,0.6819885552323159,13.92851414218573,0.2349438340934611,0.0,0.4470447211388549,0.0,0.0,0.0,0.0,0.6232083499263246,0.5733146477932285,0.0,0.0,0.0,0.0,0.0,0.0,0.9828014120386815,0.0017575681622671471,0.0007787764206853088,7.711718290775852e-07,3.3,2.1770900774669313,0.9835801884593669,0.001758339334096224,0.9828014120386815,0.0017575681622671471,0.0,0.06450764105242246,0.0,0.2349438340934611,7.80851414218689,0.6819885552323159,13.92851414218573,0.4407438127042742,8.7985141421867,0.4913188842174039,13.5685141421858,0.4407438127042742,0.0,0.05057507151312968,0.0,0.0,0.0,0.0,0.6232083499263246,0.5733146477932285,0.0,0.0,0.0,0.0,0.0,0.0,0.9828014120386815,0.0017575681622671471,0.0007787764206853088,7.711718290775852e-07
9.785787000000001,3.3,2.192702,0.9897382,0.001764985,3.3,2.189638001827114,0.9872996801689667,0.0017620225057064691,3.3,2.186187202796765,0.9871434926978144,0.001761867843374816,0.9871434926978144,0.001761867843374816,0.0,0.0,0.0,0.9871434926978144,0.001761867843374816,0.0,0.0,3.3,2.1829422902348172,0.9843660470453304,0.0017479149931390655,0.9871333084945553,0.0017618577586182703,0.0,0.053976200906761536,0.0,0.2349438340934611,7.80851414218689,0.6819885552323159,13.92851414218573,0.2349438340934611,0.0,0.4470447211388549,0.0,0.0,0.0,0.0,0.6232083499263246,0.5733146477932285,0.0,0.0,0.0,0.0,0.0,0.0,0.9871333084945553,0.0017618577586182703,0.002767261449224867,1.3942765479204252e-05,3.3,2.1829422902348172,0.9843660470453304,0.0017479149931390655,0.9871333084945553,0.0017618577586182703,0.0,0.053976200906761536,0.0,0.2349438340934611,7.80851414218689,0.6819885552323159,13.92851414218573,0.4407438127042742,8.7985141421867,0.4913188842174039,13.5685141421858,0.4407438127042742,0.0,0.05057507151312968,0.0,0.0,0.0,0.0,0.6232083499263246,0.5733146477932285,0.0,0.0,0.0,0.0,0.0,0.0,0.9871333084945553,0.0017618577586182703,0.002767261449224867,1.3942765479204252e-05
9.887929,3.3,2.197809,0.9896459,2.781006e-05,3.3,2.1949124948547944,0.9867658610918396,0.00024787499525793307,3.3,2.1913846341531174,0.9866726076289997,0.00016074909804745244,0.9866726076289997,0.00016074909804745244,0.0,0.0,0.0,0.9866726076289997,0.00016074909804745244,0.0,0.0,3.3,2.1881541917252814,0.9862850351262479,0.0010358183888398843,0.9867582165516715,0.00024073276803519877,0.0,0.04666822565698246,0.0,0.2349438340934611,7.80851414218689,0.6819885552323159,13.92851414218573,0.2349438340934611,0.0,0.4470447211388549,0.0,0.0,0.0,0.0,0.6232083499263246,0.5733146477932285,0.0,0.0,0.0,0.0,0.0,0.0,0.9867582165516715,0.00024073276803519877,0.0004731814254235559,0.0007950856208046854,3.3,2.1881541917252814,0.9862850351262479,0.0010358183888398843,0.9867582165516715,0.00024073276803519877,0.0,0.04666822565698246,0.0,0.2349438340934611,7.80851414218689,0.6819885552323159,13.92851414218573,0.4407438127042742,8.7985141421867,0.4913188842174039,13.5685141421858,0.4407438127042742,0.0,0.05057507151312968,0.0,0.0,0.0,0.0,0.6232083499263246,0.5733146477932285,0.0,0.0,0.0,0.0,0.0,0.0,0.9867582165516715,0.00024073276803519877,0.0004731814254235559,0.0007950856208046854
9.9932,3.3,2.202373,0.9919966,0.00088428,3.3,2.1997464727158174,0.9841235345508386,0.001758877374516714,3.3,2.1961096362036443,0.990598188752129,0.000882657653191032,0.990598188752129,0.000882657653191032,0.0,0.0,0.0,0.990598188752129,0.000882657653191032,0.0,0.0,3.3,2.1930555162004395,0.9879219045997438,0.0009175728862897551,0.9863947602426659,0.0017611264221427325,0.0,0.04809179507255808,0.0,0.2349438340934611,7.80851414218689,0.6819885552323159,13.92851414218573,0.2349438340934611,0.0,0.4470447211388549,0.0,0.0,0.0,0.0,0.6232083499263246,0.5733146477932285,0.0,0.0,0.0,0.0,0.0,0.0,0.9863947602426659,0.0017611264221427325,0.0015271443570779605,0.0008435535358529773,3.3,2.1930555162004395,0.9879219045997438,0.0009175728862897551,0.9863947602426659,0.0017611264221427325,0.0,0.04809179507255808,0.0,0.2349438340934611,7.80851414218689,0.6819885552323159,13.92851414218573,0.4407438127042742,8.7985141421867,0.4913188842174039,13.5685141421858,0.4407438127042742,0.0,0.05057507151312968,0.0,0.0,0.0,0.0,0.6232083499263246,0.5733146477932285,0.0,0.0,0.0,0.0,0.0,0.0,0.9863947602426659,0.0017611264221427325,0.0015271443570779605,0.0008435535358529773
10.1012,3.3,2.206502,0.9962834,0.0008864048,3.3,2.203979087462803,0.9885107210654405,0.0008816241068625228,3.3,2.200294981776433,0.9885120641048832,0.000881624771827779,0.9885120641048832,0.000881624771827779,0.0,0.0,0.0,0.9885120641048832,0.000881624771827779,0.0,0.0,3.3,2.1972794648529583,0.988777741943814,0.0008721937521831616,0.9885193596867328,0.000881628384013914,0.0,0.03457015121541212,0.0,0.2349438340934611,7.80851414218689,0.6819885552323159,13.92851414218573,0.2349438340934611,0.0,0.4470447211388549,0.0,0.0,0.0,0.0,0.6232083499263246,0.5733146477932285,0.0,0.0,0.0,0.0,0.0,0.0,0.9885193596867328,0.000881628384013914,0.00025838225708115154,9.434631830752336e-06,3.3,2.1972794648529583,0.988777741943814,0.0008721937521831616,0.9885193596867328,0.000881628384013914,0.0,0.03457015121541212,0.0,0.2349438340934611,7.80851414218689,0.6819885552323159,13.92851414218573,0.4407438127042742,8.7985141421867,0.4913188842174039,13.5685141421858,0.4407438127042742,0.0,0.05057507151312968,0.0,0.0,0.0,0.0,0.6232083499263246,0.5733146477932285,0.0,0.0,0.0,0.0,0.0,0.0,0.9885193596867328,0.000881628384013914,0.00025838225708115154,9.434631830752336e-06
10.229899999999999,3.3,2.210536,0.9945276,0.0008855345,3.3,2.2081027877781314,0.9909143175030348,0.0008828141747563326,3.3,2.204389526498428,0.9909148810152187,0.0008828144537623034,0.9909148810152187,0.0008828144537623034,0.0,0.0,0.0,0.9909148810152187,0.0008828144537623034,0.0,0.0,3.3,2.20139318273259,0.9910616921156994,0.0008828871428183059,0.990924900921092,0.0008828194148148711,0.0,0.02904634479450688,0.0,0.2349438340934611,7.80851414218689,0.6819885552323159,13.92851414218573,0.2349438340934611,0.0,0.4470447211388549,0.0,0.0,0.0,0.0,0.6232083499263246,0.5733146477932285,0.0,0.0,0.0,0.0,0.0,0.0,0.990924900921092,0.0008828194148148711,0.00013679119460747335,6.772800343469169e-08,3.3,2.20139318273259,0.9910616921156994,0.0008828871428183059,0.990924900921092,0.0008828194148148711,0.0,0.02904634479450688,0.0,0.2349438340934611,7.80851414218689,0.6819885552323159,13.92851414218573,0.4407438127042742,8.7985141421867,0.4913188842174039,13.5685141421858,0.4407438127042742,0.0,0.05057507151312968,0.0,0.0,0.0,0.0,0.6232083499263246,0.5733146477932285,0.0,0.0,0.0,0.0,0.0,0.0,0.990924900921092,0.0008828194148148711,0.00013679119460747335,6.772800343469169e-08
10.33038,3.3,2.21295,0.996439,0.0008864819,3.3,2.2108414219215335,0.994253604727327,0.0008844675215709988,3.3,2.2070985651599098,0.9942473200099234,0.0008844644098837426,0.9942473200099234,0.0008844644098837426,0.0,0.0,0.0,0.9942473200099234,0.0008844644098837426,0.0,0.0,3.3,2.204113762467901,0.9931756566323381,0.00088393380826249,0.994177354923447,0.0008844297687926671,0.0,0.02380148457430657,0.0,0.2349438340934611,7.80851414218689,0.6819885552323159,13.92851414218573,0.2349438340934611,0.0,0.4470447211388549,0.0,0.0,0.0,0.0,0.6232083499263246,0.5733146477932285,0.0,0.0,0.0,0.0,0.0,0.0,0.994177354923447,0.0008844297687926671,0.0010016982911089756,4.959605301771117e-07,3.3,2.204113762467901,0.9931756566323381,0.00088393380826249,0.994177354923447,0.0008844297687926671,0.0,0.02380148457430657,0.0,0.2349438340934611,7.80851414218689,0.6819885552323159,13.92851414218573,0.4407438127042742,8.7985141421867,0.4913188842174039,13.5685141421858,0.4407438127042742,0.0,0.05057507151312968,0.0,0.0,0.0,0.0,0.6232083499263246,0.5733146477932285,0.0,0.0,0.0,0.0,0.0,0.0,0.994177354923447,0.0008844297687926671,0.0010016982911089756,4.959605301771117e-07
10.43225,3.3,2.215147,0.9973956,0.0008869561,3.3,2.213374267925039,0.9980143193265417,0.0008863295253717641,3.3,2.209607260217463,0.9974535776910926,0.0008860518911538761,0.9974535776910926,0.0008860518911538761,0.0,0.0,0.0,0.9974535776910926,0.0008860518911538761,0.0,0.0,3.3,2.2066201201872495,0.997144162236682,0.0008858986934787711,0.9980165378915694,0.000886330623826966,0.0,0.024261942746519407,0.0,0.2349438340934611,7.80851414218689,0.6819885552323159,13.92851414218573,0.2349438340934611,0.0,0.4470447211388549,0.0,0.0,0.0,0.0,0.6232083499263246,0.5733146477932285,0.0,0.0,0.0,0.0,0.0,0.0,0.9980165378915694,0.000886330623826966,0.0008723756548874268,4.3193034819482416e-07,3.3,2.2066201201872495,0.997144162236682,0.0008858986934787711,0.9980165378915694,0.000886330623826966,0.0,0.024261942746519407,0.0,0.2349438340934611,7.80851414218689,0.6819885552323159,13.92851414218573,0.4407438127042742,8.7985141421867,0.4913188842174039,13.5685141421858,0.4407438127042742,0.0,0.05057507151312968,0.0,0.0,0.0,0.0,0.6232083499263246,0.5733146477932285,0.0,0.0,0.0,0.0,0.0,0.0,0.9980165378915694,0.000886330623826966,0.0008723756548874268,4.3193034819482416e-07
10.55787,3.3,2.217444,0.9983528,0.0008874306,3.3,2.2161737320516304,0.99738661063538,0.0008860187344468264,3.3,2.2124260858685183,0.9973679099850565,0.0008860094753868631,0.9973679099850565,0.0008860094753868631,0.0,0.0,0.0,0.9973679099850565,0.0008860094753868631,0.0,0.0,3.3,2.2094371432780244,0.997325585384603,0.0008859885196493199,0.997385481725802,0.0008860181755014798,0.0,0.022844625119442085,0.0,0.2349438340934611,7.80851414218689,0.6819885552323159,13.92851414218573,0.2349438340934611,0.0,0.4470447211388549,0.0,0.0,0.0,0.0,0.6232083499263246,0.5733146477932285,0.0,0.0,0.0,0.0,0.0,0.0,0.997385481725802,0.0008860181755014798,5.9896341198880005e-05,2.9655852159990012e-08,3.3,2.2094371432780244,0.997325585384603,0.0008859885196493199,0.997385481725802,0.0008860181755014798,0.0,0.022844625119442085,0.0,0.2349438340934611,7.80851414218689,0.6819885552323159,13.92851414218573,0.4407438127042742,8.7985141421867,0.4913188842174039,13.5685141421858,0.4407438127042742,0.0,0.05057507151312968,0.0,0.0,0.0,0.0,0.6232083499263246,0.5733146477932285,0.0,0.0,0.0,0.0,0.0,0.0,0.997385481725802,0.0008860181755014798,5.9896341198880005e-05,2.9655852159990012e-08
10.75508,3.3,2.22055,1.001135,0.0008888097,3.3,2.2194120661151926,0.9958899510133785,0.0008852777088169632,3.3,2.2155829954348647,1.000166135616295,0.0008873949319598914,1.000166135616295,0.0008873949319598914,0.0,0.0,0.0,1.000166135616295,0.0008873949319598914,0.0,0.0,3.3,2.212707219584053,0.9953406634593623,0.0008850057457451827,0.9958937056076126,0.0008852795677904508,0.0,0.011135118444229961,0.0,0.2349438340934611,7.80851414218689,0.6819885552323159,13.92851414218573,0.2349438340934611,0.0,0.4470447211388549,0.0,0.0,0.0,0.0,0.6232083499263246,0.5733146477932285,0.0,0.0,0.0,0.0,0.0,0.0,0.9958937056076126,0.0008852795677904508,0.0009647661120335089,4.776746898766635e-07,3.3,2.212707219584053,0.9953406634593623,0.0008850057457451827,0.9958937056076126,0.0008852795677904508,0.0,0.011135118444229961,0.0,0.2349438340934611,7.80851414218689,0.6819885552323159,13.92851414218573,0.4407438127042742,8.7985141421867,0.4913188842174039,13.5685141421858,0.4407438127042742,0.0,0.05057507151312968,0.0,0.0,0.0,0.0,0.6232083499263246,0.5733146477932285,0.0,0.0,0.0,0.0,0.0,0.0,0.9958937056076126,0.0008852795677904508,0.0009647661120335089,4.776746898766635e-07
10.98626,3.3,2.223696,0.9974894,-0.00181789,3.3,2.2223792198562804,0.9959147897325819,0.00031937523634046174,3.3,2.2185494551257117,0.9961427452827322,0.0004849373240288345,0.9961427452827322,0.0004849373240288345,0.0,0.0,0.0,0.9961427452827322,0.0004849373240288345,0.0,0.0,3.3,2.215721674004394,0.997022458194245,0.0007191088438878788,0.9961764589494733,0.0005094232601930162,0.0,0.009530829671053299,0.0,0.2349438340934611,7.80851414218689,0.6819885552323159,13.92851414218573,0.2349438340934611,0.0,0.4470447211388549,0.0,0.0,0.0,0.0,0.6232083499263246,0.5733146477932285,0.0,0.0,0.0,0.0,0.0,0.0,0.9961764589494733,0.0005094232601930162,0.0008459992447716012,0.0002096855836948626,3.3,2.215721674004394,0.997022458194245,0.0007191088438878788,0.9961764589494733,0.0005094232601930162,0.0,0.009530829671053299,0.0,0.2349438340934611,7.80851414218689,0.6819885552323159,13.92851414218573,0.4407438127042742,8.7985141421867,0.4913188842174039,13.5685141421858,0.4407438127042742,0.0,0.05057507151312968,0.0,0.0,0.0,0.0,0.6232083499263246,0.5733146477932285,0.0,0.0,0.0,0.0,0.0,0.0,0.9961764589494733,0.0005094232601930162,0.0008459992447716012,0.0002096855836948626
10.99432,3.3,2.223783,1.000002,1.364541e-06,3.3,2.222453767286036,0.9977546121465399,0.000886200939236472,3.3,2.2185912028368,0.9933839428223327,-0.001518756354679,0.9933839428223327,-0.001518756354679,0.0,0.0,0.0,0.9933839428223327,-0.001518756354679,0.0,0.0,3.3,2.215793863830845,0.9964099929023313,0.0005171826593072878,0.9961427452826866,0.00048493732399553186,0.0,0.009683596959782393,0.0,0.2349438340934611,7.80851414218689,0.6819885552323159,13.92851414218573,0.2349438340934611,0.0,0.4470447211388549,0.0,0.0,0.0,0.0,0.6232083499263246,0.5733146477932285,0.0,0.0,0.0,0.0,0.0,0.0,0.9961427452826866,0.00048493732399553186,0.00026724761964461874,3.2245335311755914e-05,3.3,2.215793863830845,0.9964099929023313,0.0005171826593072878,0.9961427452826866,0.00048493732399553186,0.0,0.009683596959782393,0.0,0.2349438340934611,7.80851414218689,0.6819885552323159,13.92851414218573,0.4407438127042742,8.7985141421867,0.4913188842174039,13.5685141421858,0.4407438127042742,0.0,0.05057507151312968,0.0,0.0,0.0,0.0,0.6232083499263246,0.5733146477932285,0.0,0.0,0.0,0.0,0.0,0.0,0.9961427452826866,0.00048493732399553186,0.00026724761964461874,3.2245335311755914e-05
11.02012,3.3,2.22401,1.0,0.0,3.3,2.2226708572412877,0.9947790601141677,-0.0005054950796033271,3.3,2.218814646621111,0.9947780612384175,-0.0005062205541725494,0.9947780612384175,-0.0005062205541725494,0.0,0.0,0.0,0.9947780612384175,-0.0005062205541725494,0.0,0.0,3.3,2.216007758456823,0.9947174467410518,-0.0005854729208826898,0.9947643821581471,-0.0005161555484542257,0.0,0.008315006411455335,0.0,0.2349438340934611,7.80851414218689,0.6819885552323159,13.92851414218573,0.2349438340934611,0.0,0.4470447211388549,0.0,0.0,0.0,0.0,0.6232083499263246,0.5733146477932285,0.0,0.0,0.0,0.0,0.0,0.0,0.9947643821581471,-0.0005161555484542257,4.693541709529625e-05,6.931737242846409e-05,3.3,2.216007758456823,0.9947174467410518,-0.0005854729208826898,0.9947643821581471,-0.0005161555484542257,0.0,0.008315006411455335,0.0,0.2349438340934611,7.80851414218689,0.6819885552323159,13.92851414218573,0.4407438127042742,8.7985141421867,0.4913188842174039,13.5685141421858,0.4407438127042742,0.0,0.05057507151312968,0.0,0.0,0.0,0.0,0.6232083499263246,0.5733146477932285,0.0,0.0,0.0,0.0,0.0,0.0,0.9947643821581471,-0.0005161555484542257,4.693541709529625e-05,6.931737242846409e-05
11.03168,3.3,2.224107,1.0,0.0,3.3,2.2227609553035705,0.9954751204465254,4.734612809318209e-08,3.3,2.2188805227803963,0.9954751204465254,4.734612809318209e-08,0.9954751204465254,4.734612809318209e-08,0.0,0.0,0.0,0.9954751204465254,4.734612809318209e-08,0.0,0.0,3.3,2.2160990664698734,0.9953602217458777,-9.725699224694134e-05,0.9954702682302932,-3.4767753455522288e-06,0.0,0.007751816451459743,0.0,0.2349438340934611,7.80851414218689,0.6819885552323159,13.92851414218573,0.2349438340934611,0.0,0.4470447211388549,0.0,0.0,0.0,0.0,0.6232083499263246,0.5733146477932285,0.0,0.0,0.0,0.0,0.0,0.0,0.9954702682302932,-3.4767753455522288e-06,0.00011004648441554745,9.378021690138909e-05,3.3,2.2160990664698734,0.9953602217458777,-9.725699224694134e-05,0.9954702682302932,-3.4767753455522288e-06,0.0,0.007751816451459743,0.0,0.2349438340934611,7.80851414218689,0.6819885552323159,13.92851414218573,0.4407438127042742,8.7985141421867,0.4913188842174039,13.5685141421858,0.4407438127042742,0.0,0.05057507151312968,0.0,0.0,0.0,0.0,0.6232083499263246,0.5733146477932285,0.0,0.0,0.0,0.0,0.0,0.0,0.9954702682302932,-3.4767753455522288e-06,0.00011004648441554745,9.378021690138909e-05
11.06476,3.3,2.224372,1.0,0.0,3.3,2.2229969573561834,0.9962239595671718,3.841182651033144e-05,3.3,2.2191126989105725,0.9954751204465254,4.734612809318209e-08,0.9954751204465254,4.734612809318209e-08,0.0,0.0,0.0,0.9954751204465254,4.734612809318209e-08,0.0,0.0,3.3,2.2163289378536724,0.9959001939109369,7.274089213941684e-05,1.0000301686335828,0.0006573167981290091,0.0,0.007135041662389694,0.0,0.2349438340934611,7.80851414218689,0.6819885552323159,13.92851414218573,0.2349438340934611,0.0,0.4470447211388549,0.0,0.0,0.0,0.0,0.6232083499263246,0.5733146477932285,0.0,0.0,0.0,0.0,0.0,0.0,1.0000301686335828,0.0006573167981290091,0.004234323808092589,0.0006059011497542806,3.3,2.2163289378536724,0.9959001939109369,7.274089213941684e-05,1.0000301686335828,0.0006573167981290091,0.0,0.007135041662389694,0.0,0.2349438340934611,7.80851414218689,0.6819885552323159,13.92851414218573,0.4407438127042742,8.7985141421867,0.4913188842174039,13.5685141421858,0.4407438127042742,0.0,0.05057507151312968,0.0,0.0,0.0,0.0,0.6232083499263246,0.5733146477932285,0.0,0.0,0.0,0.0,0.0,0.0,1.0000301686335828,0.0006573167981290091,0.004234323808092589,0.0006059011497542806
11.170630000000001,3.3,2.225099,1.0,0.0,3.3,2.2235827246503406,0.9954751204465254,4.734612809318209e-08,3.3,2.2196784644625804,0.9954751204465254,4.734612809318209e-08,0.9954751204465254,4.734612809318209e-08,0.0,0.0,0.0,0.9954751204465254,4.734612809318209e-08,0.0,0.0,3.3,2.217106277026175,0.995465682828163,-1.4517007009603235e-05,0.9954751204465254,4.734612809318209e-08,0.0,0.004284187925144311,0.0,0.2349438340934611,7.80851414218689,0.6819885552323159,13.92851414218573,0.2349438340934611,0.0,0.4470447211388549,0.0,0.0,0.0,0.0,0.6232083499263246,0.5733146477932285,0.0,0.0,0.0,0.0,0.0,0.0,0.9954751204465254,4.734612809318209e-08,9.43761836249692e-06,1.4564353137696416e-05,3.3,2.217106277026175,0.995465682828163,-1.4517007009603235e-05,0.9954751204465254,4.734612809318209e-08,0.0,0.004284187925144311,0.0,0.2349438340934611,7.80851414218689,0.6819885552323159,13.92851414218573,0.4407438127042742,8.7985141421867,0.4913188842174039,13.5685141421858,0.4407438127042742,0.0,0.05057507151312968,0.0,0.0,0.0,0.0,0.6232083499263246,0.5733146477932285,0.0,0.0,0.0,0.0,0.0,0.0,0.9954751204465254,4.734612809318209e-08,9.43761836249692e-06,1.4564353137696416e-05
11.50942,3.3,2.226563,1.0,0.0,3.3,2.224746953649446,0.9954751204465254,4.734612809318209e-08,3.3,2.2208178613354215,0.9954751204465254,4.734612809318209e-08,0.9954751204465254,4.734612809318209e-08,0.0,0.0,0.0,0.9954751204465254,4.734612809318209e-08,0.0,0.0,3.3,2.218171935780296,0.9954751204465214,4.734613309318182e-08,0.9954751204465254,4.734612809318209e-08,0.0,0.0014941844132576928,0.0,0.2349438340934611,7.80851414218689,0.6819885552323159,13.92851414218573,0.2349438340934611,0.0,0.4470447211388549,0.0,0.0,0.0,0.0,0.6232083499263246,0.5733146477932285,0.0,0.0,0.0,0.0,0.0,0.0,0.9954751204465254,4.734612809318209e-08,3.972197788532162e-15,4.999999735304294e-15,3.3,2.218171935780296,0.9954751204465214,4.734613309318182e-08,0.9954751204465254,4.734612809318209e-08,0.0,0.0014941844132576928,0.0,0.2349438340934611,7.80851414218689,0.6819885552323159,13.92851414218573,0.4407438127042742,8.7985141421867,0.4913188842174039,13.5685141421858,0.4407438127042742,0.0,0.05057507151312968,0.0,0.0,0.0,0.0,0.6232083499263246,0.5733146477932285,0.0,0.0,0.0,0.0,0.0,0.0,0.9954751204465254,4.734612809318209e-08,3.972197788532162e-15,4.999999735304294e-15
12.041879999999999,3.3,2.227426,1.0,0.0,3.3,2.225442265976888,0.9954751204465254,4.734612809318209e-08,3.3,2.2214733581997668,0.9954751204465254,4.734612809318209e-08,0.9954751204465254,4.734612809318209e-08,0.0,0.0,0.0,0.9954751204465254,4.734612809318209e-08,0.0,0.0,3.3,2.218809786177501,0.995475120446521,4.734613309318182e-08,0.9954751204465254,4.734612809318209e-08,0.0,0.0005085433326233202,0.0,0.2349438340934611,7.80851414218689,0.6819885552323159,13.92851414218573,0.2349438340934611,0.0,0.4470447211388549,0.0,0.0,0.0,0.0,0.6232083499263246,0.5733146477932285,0.0,0.0,0.0,0.0,0.0,0.0,0.9954751204465254,4.734612809318209e-08,4.446072382915142e-15,4.999999736818868e-15,3.3,2.218809786177501,0.995475120446521,4.734613309318182e-08,0.9954751204465254,4.734612809318209e-08,0.0,0.0005085433326233202,0.0,0.2349438340934611,7.80851414218689,0.6819885552323159,13.92851414218573,0.4407438127042742,8.7985141421867,0.4913188842174039,13.5685141421858,0.4407438127042742,0.0,0.05057507151312968,0.0,0.0,0.0,0.0,0.6232083499263246,0.5733146477932285,0.0,0.0,0.0,0.0,0.0,0.0,0.9954751204465254,4.734612809318209e-08,4.446072382915142e-15,4.999999736818868e-15
12.71328,3.3,2.227659,1.0,0.0,3.3,2.2256734475727935,0.9954751204465254,4.734612809318209e-08,3.3,2.2216915213574424,0.9954751204465254,4.734612809318209e-08,0.9954751204465254,4.734612809318209e-08,0.0,0.0,0.0,0.9954751204465254,4.734612809318209e-08,0.0,0.0,3.3,2.219018661951666,0.9954751204465211,4.734613309318183e-08,0.9954751204465254,4.734612809318209e-08,0.0,0.00037643582291153963,0.0,0.2349438340934611,7.80851414218689,0.6819885552323159,13.92851414218573,0.2349438340934611,0.0,0.4470447211388549,0.0,0.0,0.0,0.0,0.6232083499263246,0.5733146477932285,0.0,0.0,0.0,0.0,0.0,0.0,0.9954751204465254,4.734612809318209e-08,4.2950248916105945e-15,4.999999740204783e-15,3.3,2.219018661951666,0.9954751204465211,4.734613309318183e-08,0.9954751204465254,4.734612809318209e-08,0.0,0.00037643582291153963,0.0,0.2349438340934611,7.80851414218689,0.6819885552323159,13.92851414218573,0.4407438127042742,8.7985141421867,0.4913188842174039,13.5685141421858,0.4407438127042742,0.0,0.05057507151312968,0.0,0.0,0.0,0.0,0.6232083499263246,0.5733146477932285,0.0,0.0,0.0,0.0,0.0,0.0,0.9954751204465254,4.734612809318209e-08,4.2950248916105945e-15,4.999999740204783e-15
13.562539999999998,3.3,2.227692,1.0,0.0,3.3,2.2257210048220046,0.9954751204465254,4.734612809318209e-08,3.3,2.221737436046458,0.9954751204465254,4.734612809318209e-08,0.9954751204465254,4.734612809318209e-08,0.0,0.0,0.0,0.9954751204465254,4.734612809318209e-08,0.0,0.0,3.3,2.2190643820930798,0.9954751204465209,4.734613309318182e-08,0.9954751204465254,4.734612809318209e-08,0.0,0.0002522472130982563,0.0,0.2349438340934611,7.80851414218689,0.6819885552323159,13.92851414218573,0.2349438340934611,0.0,0.4470447211388549,0.0,0.0,0.0,0.0,0.6232083499263246,0.5733146477932285,0.0,0.0,0.0,0.0,0.0,0.0,0.9954751204465254,4.734612809318209e-08,4.59927053740535e-15,4.999999734536038e-15,3.3,2.2190643820930798,0.9954751204465209,4.734613309318182e-08,0.9954751204465254,4.734612809318209e-08,0.0,0.0002522472130982563,0.0,0.2349438340934611,7.80851414218689,0.6819885552323159,13.92851414218573,0.4407438127042742,8.7985141421867,0.4913188842174039,13.5685141421858,0.4407438127042742,0.0,0.05057507151312968,0.0,0.0,0.0,0.0,0.6232083499263246,0.5733146477932285,0.0,0.0,0.0,0.0,0.0,0.0,0.9954751204465254,4.734612809318209e-08,4.59927053740535e-15,4.999999734536038e-15
14.66254,3.3,2.227692,1.0,0.0,3.3,2.2257287991210677,0.9954751204465254,4.734612809318209e-08,3.3,2.2217449455892497,0.9954751204465254,4.734612809318209e-08,0.9954751204465254,4.734612809318209e-08,0.0,0.0,0.0,0.9954751204465254,4.734612809318209e-08,0.0,0.0,3.3,2.21907144530609,0.9954751204465209,4.734613309318182e-08,0.9954751204465254,4.734612809318209e-08,0.0,0.00024031216734498304,0.0,0.2349438340934611,7.80851414218689,0.6819885552323159,13.92851414218573,0.2349438340934611,0.0,0.4470447211388549,0.0,0.0,0.0,0.0,0.6232083499263246,0.5733146477932285,0.0,0.0,0.0,0.0,0.0,0.0,0.9954751204465254,4.734612809318209e-08,4.5992705374127715e-15,4.999999734536038e-15,3.3,2.21907144530609,0.9954751204465209,4.734613309318182e-08,0.9954751204465254,4.734612809318209e-08,0.0,0.00024031216734498304,0.0,0.2349438340934611,7.80851414218689,0.6819885552323159,13.92851414218573,0.4407438127042742,8.7985141421867,0.4913188842174039,13.5685141421858,0.4407438127042742,0.0,0.05057507151312968,0.0,0.0,0.0,0.0,0.6232083499263246,0.5733146477932285,0.0,0.0,0.0,0.0,0.0,0.0,0.9954751204465254,4.734612809318209e-08,4.5992705374127715e-15,4.999999734536038e-15
14.999999999999998,3.3,2.227692,1.0,0.0,3.3,2.225704864855469,0.9954751204465254,4.734612809318209e-08,3.3,2.221820891773617,0.9954751204465254,4.734612809318209e-08,0.9954751204465254,4.734612809318209e-08,0.0,0.0,0.0,0.9954751204465254,4.734612809318209e-08,0.0,0.0,3.3,2.219086429154197,0.9954751204465216,4.734613309318182e-08,0.9954751204465254,4.734612809318209e-08,0.0,0.001292618450463578,0.0,0.2349438340934611,7.80851414218689,0.6819885552323159,13.92851414218573,0.2349438340934611,0.0,0.4470447211388549,0.0,0.0,0.0,0.0,0.6232083499263246,0.5733146477932285,0.0,0.0,0.0,0.0,0.0,0.0,0.9954751204465254,4.734612809318209e-08,3.774758283725532e-15,4.999999733587338e-15,3.3,2.219086429154197,0.9954751204465216,4.734613309318182e-08,0.9954751204465254,4.734612809318209e-08,0.0,0.001292618450463578,0.0,0.2349438340934611,7.80851414218689,0.6819885552323159,13.92851414218573,0.4407438127042742,8.7985141421867,0.4913188842174039,13.5685141421858,0.4407438127042742,0.0,0.05057507151312968,0.0,0.0,0.0,0.0,0.6232083499263246,0.5733146477932285,0.0,0.0,0.0,0.0,0.0,0.0,0.9954751204465254,4.734612809318209e-08,3.774758283725532e-15,4.999999733587338e-15
15.000300000000001,3.2802,2.227692,1.0,0.0,3.2801999999999074,2.2257092676823005,0.9954751204465254,4.734612809318209e-08,3.280200000000133,2.2218193216852797,0.9954751204465254,4.734612809318209e-08,0.9954751204465254,4.734612809318209e-08,0.0,0.0,0.0,0.9954751204465254,4.734612809318209e-08,0.0,0.0,3.2801999999999074,2.219097040207904,0.9954751204465218,4.734613309318182e-08,0.9954751204465254,4.734612809318209e-08,0.0,0.0022872363011106505,0.0,0.2349438340934611,7.80851414218689,0.6819885552323159,13.92851414218573,0.2349438340934611,0.0,0.4470447211388549,0.0,0.0,0.0,0.0,0.6232083499263246,0.5733146477932285,0.0,0.0,0.0,0.0,0.0,0.0,0.9954751204465254,4.734612809318209e-08,3.663735981263017e-15,4.999999735241699e-15,3.2801999999999074,2.219097040207904,0.9954751204465218,4.734613309318182e-08,0.9954751204465254,4.734612809318209e-08,0.0,0.0022872363011106505,0.0,0.2349438340934611,7.80851414218689,0.6819885552323159,13.92851414218573,0.4407438127042742,8.7985141421867,0.4913188842174039,13.5685141421858,0.4407438127042742,0.0,0.05057507151312968,0.0,0.0,0.0,0.0,0.6232083499263246,0.5733146477932285,0.0,0.0,0.0,0.0,0.0,0.0,0.9954751204465254,4.734612809318209e-08,3.663735981263017e-15,4.999999735241699e-15
15.00126,3.21684,2.227692,1.0,0.0,3.2168400000001447,2.225708180747686,0.9954751204465254,4.734612809318209e-08,3.21683999999986,2.221811939560294,0.9954751204465254,4.734612809318209e-08,0.9954751204465254,4.734612809318209e-08,0.0,0.0,0.0,0.9954751204465254,4.734612809318209e-08,0.0,0.0,3.2168400000001447,2.2191172096044034,0.9954751204465218,4.734613309318184e-08,0.9954751204465254,4.734612809318209e-08,0.0,0.0039840722050751825,0.0,0.2349438340934611,7.80851414218689,0.6819885552323159,13.92851414218573,0.2349438340934611,0.0,0.4470447211388549,0.0,0.0,0.0,0.0,0.6232083499263246,0.5733146477932285,0.0,0.0,0.0,0.0,0.0,0.0,0.9954751204465254,4.734612809318209e-08,3.663735981263017e-15,4.999999751123567e-15,3.2168400000001447,2.2191172096044034,0.9954751204465218,4.734613309318184e-08,0.9954751204465254,4.734612809318209e-08,0.0,0.0039840722050751825,0.0,0.2349438340934611,7.80851414218689,0.6819885552323159,13.92851414218573,0.4407438127042742,8.7985141421867,0.4913188842174039,13.5685141421858,0.4407438127042742,0.0,0.05057507151312968,0.0,0.0,0.0,0.0,0.6232083499263246,0.5733146477932285,0.0,0.0,0.0,0.0,0.0,0.0,0.9954751204465254,4.734612809318209e-08,3.663735981263017e-15,4.999999751123567e-15
15.00433,3.014088,2.227692,1.0,0.0,3.0142200000003974,2.225704463570708,0.9954751204465254,4.734612809318209e-08,3.014219999999985,2.221824447290345,0.9954751204465254,4.734612809318209e-08,0.9954751204465254,4.734612809318209e-08,0.0,0.0,0.0,0.9954751204465254,4.734612809318209e-08,0.0,0.0,3.0142200000002437,2.2191430540835957,0.9954751204465229,4.734613309318191e-08,0.9954751204465254,4.734612809318209e-08,0.0,0.00512244074452358,0.0,0.2349438340934611,7.80851414218689,0.6819885552323159,13.92851414218573,0.2349438340934611,0.0,0.4470447211388549,0.0,0.0,0.0,0.0,0.6232083499263246,0.5733146477932285,0.0,0.0,0.0,0.0,0.0,0.0,0.9954751204465254,4.734612809318209e-08,2.5875637895012154e-15,4.999999822172391e-15,3.0142200000002437,2.2191430540835957,0.9954751204465229,4.734613309318191e-08,0.9954751204465254,4.734612809318209e-08,0.0,0.00512244074452358,0.0,0.2349438340934611,7.80851414218689,0.6819885552323159,13.92851414218573,0.4407438127042742,8.7985141421867,0.4913188842174039,13.5685141421858,0.4407438127042742,0.0,0.05057507151312968,0.0,0.0,0.0,0.0,0.6232083499263246,0.5733146477932285,0.0,0.0,0.0,0.0,0.0,0.0,0.9954751204465254,4.734612809318209e-08,2.5875637895012154e-15,4.999999822172391e-15
15.014159999999999,2.365282,2.227692,1.0,0.0,2.365440000000302,2.2257028629626237,0.9954751204465254,4.734612809318209e-08,2.365440000000038,2.221820668032359,0.9954751204465254,4.734612809318209e-08,0.9954751204465254,4.734612809318209e-08,0.0,0.0,0.0,0.9954751204465254,4.734612809318209e-08,0.0,0.0,2.3654400000003584,2.2191416962809,0.995475120446523,4.734613309318187e-08,0.9954751204465254,4.734612809318209e-08,0.0,0.0024354415126915585,0.0,0.2349438340934611,7.80851414218689,0.6819885552323159,13.92851414218573,0.2349438340934611,0.0,0.4470447211388549,0.0,0.0,0.0,0.0,0.6232083499263246,0.5733146477932285,0.0,0.0,0.0,0.0,0.0,0.0,0.9954751204465254,4.734612809318209e-08,2.394696271625701e-15,4.9999997846425585e-15,2.3654400000003584,2.2191416962809,0.995475120446523,4.734613309318187e-08,0.9954751204465254,4.734612809318209e-08,0.0,0.0024354415126915585,0.0,0.2349438340934611,7.80851414218689,0.6819885552323159,13.92851414218573,0.4407438127042742,8.7985141421867,0.4913188842174039,13.5685141421858,0.4407438127042742,0.0,0.05057507151312968,0.0,0.0,0.0,0.0,0.6232083499263246,0.5733146477932285,0.0,0.0,0.0,0.0,0.0,0.0,0.9954751204465254,4.734612809318209e-08,2.394696271625701e-15,4.9999997846425585e-15
15.045069999999999,0.3254,2.227692,1.0,0.0,0.32537999999983225,2.2430799330216735,1.987611354567359,-0.2229619255688335,0.3253799999999521,2.2387467527854095,1.987611354567567,-0.222961925568464,1.987611354567567,-0.222961925568464,0.0,0.0,0.0,1.987611354567567,-0.222961925568464,0.0,0.0,0.3253800000000091,2.2272468020958236,1.7080585984483623,-0.15988915540334567,1.987611354567541,-0.22296192556851,0.0,0.6423630029264238,0.0,0.2349438340934611,7.80851414218689,0.6819885552323159,13.92851414218573,7.80851414218689,0.0,6.119999999998844,1.0,0.0,0.0,0.0,-0.3906541545551124,0.7653595159656846,0.0,0.0,0.0,0.0,0.0,0.0,1.987611354567541,-0.22296192556851,0.2795527561191792,0.06307277016516434,0.3253800000000091,2.2272468020958236,1.7080585984483623,-0.15988915540334567,1.987611354567541,-0.22296192556851,0.0,0.6423630029264238,0.0,0.2349438340934611,7.80851414218689,0.6819885552323159,13.92851414218573,0.4407438127042742,8.7985141421867,0.4913188842174039,13.5685141421858,8.7985141421867,0.0,4.769999999999097,1.0,0.0,0.0,0.0,-0.3906541545551124,0.7653595159656846,0.0,0.0,0.0,0.0,0.0,0.0,1.987611354567541,-0.22296192556851,0.2795527561191792,0.06307277016516434
15.04607,0.2594,2.227692,1.0,0.0,0.2593799999997714,2.2459101739957763,1.9876113545673735,-0.2229619255688078,0.2593799999997658,2.241632357316254,1.9876113545675689,-0.22296192556846084,1.9876113545675689,-0.22296192556846084,0.0,0.0,0.0,1.9876113545675689,-0.22296192556846084,0.0,0.0,0.25937999999993794,2.2294268153084125,1.7606614548977912,-0.1717574263903839,1.987611354567541,-0.22296192556851,0.0,0.7892188465103309,0.0,0.2349438340934611,7.80851414218689,0.6819885552323159,13.92851414218573,7.80851414218689,0.0,6.119999999998844,1.0,0.0,0.0,0.0,-0.3906541545551124,0.7653595159656846,0.0,0.0,0.0,0.0,0.0,0.0,1.987611354567541,-0.22296192556851,0.22694989966975002,0.05120449917812614,0.25937999999993794,2.2294268153084125,1.7606614548977912,-0.1717574263903839,1.987611354567541,-0.22296192556851,0.0,0.7892188465103309,0.0,0.2349438340934611,7.80851414218689,0.6819885552323159,13.92851414218573,0.4407438127042742,8.7985141421867,0.4913188842174039,13.5685141421858,8.7985141421867,0.0,4.769999999999097,1.0,0.0,0.0,0.0,-0.3906541545551124,0.7653595159656846,0.0,0.0,0.0,0.0,0.0,0.0,1.987611354567541,-0.22296192556851,0.22694989966975002,0.05120449917812614
15.047070000000001,0.1934,2.227692,1.0,0.0,0.19337999999985966,2.2487694457145553,1.98761135456745,-0.2229619255686719,0.1933799999996801,2.2445142453245652,1.9876113545676322,-0.22296192556834982,1.9876113545676322,-0.22296192556834982,0.0,0.0,0.0,1.9876113545676322,-0.22296192556834982,0.0,0.0,0.19337999999972647,2.2317466854392163,1.8034439196898382,-0.1814100179182236,1.987611354567541,-0.22296192556851,0.0,0.9352251279989922,0.0,0.2349438340934611,7.80851414218689,0.6819885552323159,13.92851414218573,7.80851414218689,0.0,6.119999999998844,1.0,0.0,0.0,0.0,-0.3906541545551124,0.7653595159656846,0.0,0.0,0.0,0.0,0.0,0.0,1.987611354567541,-0.22296192556851,0.18416743487770293,0.04155190765028645,0.19337999999972647,2.2317466854392163,1.8034439196898382,-0.1814100179182236,1.987611354567541,-0.22296192556851,0.0,0.9352251279989922,0.0,0.2349438340934611,7.80851414218689,0.6819885552323159,13.92851414218573,0.4407438127042742,8.7985141421867,0.4913188842174039,13.5685141421858,8.7985141421867,0.0,4.769999999999097,1.0,0.0,0.0,0.0,-0.3906541545551124,0.7653595159656846,0.0,0.0,0.0,0.0,0.0,0.0,1.987611354567541,-0.22296192556851,0.18416743487770293,0.04155190765028645
15.047130000000001,0.189275,2.227681,0.9533776,0.02093664,0.1894199999999084,2.2489414213883925,1.98761135456745,-0.22296192556867186,0.18941999999971249,2.2446858981529596,1.9876113545676282,-0.22296192556835667,1.9876113545676282,-0.22296192556835667,0.0,0.0,0.0,1.9876113545676282,-0.22296192556835667,0.0,0.0,0.18941999999974782,2.231889345891731,1.8057673363924762,-0.18193422783716642,1.987611354567541,-0.22296192556851,0.0,0.943964437005105,0.0,0.2349438340934611,7.80851414218689,0.6819885552323159,13.92851414218573,7.80851414218689,0.0,6.119999999998844,1.0,0.0,0.0,0.0,-0.3906541545551124,0.7653595159656846,0.0,0.0,0.0,0.0,0.0,0.0,1.987611354567541,-0.22296192556851,0.18184401817506493,0.0410276977313436,0.18941999999974782,2.231889345891731,1.8057673363924762,-0.18193422783716642,1.987611354567541,-0.22296192556851,0.0,0.943964437005105,0.0,0.2349438340934611,7.80851414218689,0.6819885552323159,13.92851414218573,0.4407438127042742,8.7985141421867,0.4913188842174039,13.5685141421858,8.7985141421867,0.0,4.769999999999097,1.0,0.0,0.0,0.0,-0.3906541545551124,0.7653595159656846,0.0,0.0,0.0,0.0,0.0,0.0,1.987611354567541,-0.22296192556851,0.18184401817506493,0.0410276977313436
15.04718,0.1860373,2.22767,0.9393022,0.02725674,0.1861199999999295,2.2490847344499243,1.98761135456745,-0.22296192556867186,0.18611999999971993,2.2448289421766225,1.987611354567625,-0.22296192556836236,1.987611354567625,-0.22296192556836236,0.0,0.0,0.0,1.987611354567625,-0.22296192556836236,0.0,0.0,0.18611999999974607,2.2320082296021613,1.8077035169780193,-0.18237106943628806,1.987611354567541,-0.22296192556851,0.0,0.9512471945102422,0.0,0.2349438340934611,7.80851414218689,0.6819885552323159,13.92851414218573,7.80851414218689,0.0,6.119999999998844,1.0,0.0,0.0,0.0,-0.3906541545551124,0.7653595159656846,0.0,0.0,0.0,0.0,0.0,0.0,1.987611354567541,-0.22296192556851,0.1799078375895218,0.04059085613222198,0.18611999999974607,2.2320082296021613,1.8077035169780193,-0.18237106943628806,1.987611354567541,-0.22296192556851,0.0,0.9512471945102422,0.0,0.2349438340934611,7.80851414218689,0.6819885552323159,13.92851414218573,0.4407438127042742,8.7985141421867,0.4913188842174039,13.5685141421858,8.7985141421867,0.0,4.769999999999097,1.0,0.0,0.0,0.0,-0.3906541545551124,0.7653595159656846,0.0,0.0,0.0,0.0,0.0,0.0,1.987611354567541,-0.22296192556851,0.1799078375895218,0.04059085613222198
15.04721,0.1840039,2.227662,0.9304626,0.03122586,0.1841400000000125,2.2491707222868405,1.98761135456745,-0.22296192556867186,0.18413999999979472,2.2449147685908173,1.987611354567623,-0.2229619255683658,1.987611354567623,-0.2229619255683658,0.0,0.0,0.0,1.987611354567623,-0.2229619255683658,0.0,0.0,0.18413999999981537,2.2320795598284167,1.808865225329304,-0.18263317439575172,1.987611354567541,-0.22296192556851,0.0,0.9556168490131692,0.0,0.2349438340934611,7.80851414218689,0.6819885552323159,13.92851414218573,7.80851414218689,0.0,6.119999999998844,1.0,0.0,0.0,0.0,-0.3906541545551124,0.7653595159656846,0.0,0.0,0.0,0.0,0.0,0.0,1.987611354567541,-0.22296192556851,0.17874612923823718,0.04032875117275832,0.18413999999981537,2.2320795598284167,1.808865225329304,-0.18263317439575172,1.987611354567541,-0.22296192556851,0.0,0.9556168490131692,0.0,0.2349438340934611,7.80851414218689,0.6819885552323159,13.92851414218573,0.4407438127042742,8.7985141421867,0.4913188842174039,13.5685141421858,8.7985141421867,0.0,4.769999999999097,1.0,0.0,0.0,0.0,-0.3906541545551124,0.7653595159656846,0.0,0.0,0.0,0.0,0.0,0.0,1.987611354567541,-0.22296192556851,0.17874612923823718,0.04032875117275832
15.047279999999999,0.179683,2.227642,0.9116787,0.03966019,0.17952000000008891,2.249371360572983,1.98761135456745,-0.22296192556867186,0.17951999999985205,2.245115030223943,1.9876113545676186,-0.22296192556837377,1.9876113545676186,-0.22296192556837377,0.0,0.0,0.0,1.9876113545676186,-0.22296192556837377,0.0,0.0,0.17951999999985982,2.2322459970230164,1.8115758781490368,-0.18324475263451578,1.987611354567541,-0.22296192556851,0.0,0.9658127095202578,0.0,0.2349438340934611,7.80851414218689,0.6819885552323159,13.92851414218573,7.80851414218689,0.0,6.119999999998844,1.0,0.0,0.0,0.0,-0.3906541545551124,0.7653595159656846,0.0,0.0,0.0,0.0,0.0,0.0,1.987611354567541,-0.22296192556851,0.1760354764185043,0.03971717293399425,0.17951999999985982,2.2322459970230164,1.8115758781490368,-0.18324475263451578,1.987611354567541,-0.22296192556851,0.0,0.9658127095202578,0.0,0.2349438340934611,7.80851414218689,0.6819885552323159,13.92851414218573,0.4407438127042742,8.7985141421867,0.4913188842174039,13.5685141421858,8.7985141421867,0.0,4.769999999999097,1.0,0.0,0.0,0.0,-0.3906541545551124,0.7653595159656846,0.0,0.0,0.0,0.0,0.0,0.0,1.987611354567541,-0.22296192556851,0.1760354764185043,0.03971717293399425
15.04749,0.1658563,2.227543,0.8515701,0.06665004,0.16566000000008368,2.2499732754314206,1.98761135456745,-0.22296192556867184,0.1656599999997895,2.245715815123331,1.9876113545676048,-0.22296192556839772,1.9876113545676048,-0.22296192556839772,0.0,0.0,0.0,1.9876113545676048,-0.22296192556839772,0.0,0.0,0.1656599999997587,2.232745308606825,1.819707836608373,-0.185079487350839,1.987611354567541,-0.22296192556851,0.0,0.9964002910420409,0.0,0.2349438340934611,7.80851414218689,0.6819885552323159,13.92851414218573,7.80851414218689,0.0,6.119999999998844,1.0,0.0,0.0,0.0,-0.3906541545551124,0.7653595159656846,0.0,0.0,0.0,0.0,0.0,0.0,1.987611354567541,-0.22296192556851,0.16790351795916814,0.03788243821767101,0.1656599999997587,2.232745308606825,1.819707836608373,-0.185079487350839,1.987611354567541,-0.22296192556851,0.0,0.9964002910420409,0.0,0.2349438340934611,7.80851414218689,0.6819885552323159,13.92851414218573,0.4407438127042742,8.7985141421867,0.4913188842174039,13.5685141421858,8.7985141421867,0.0,4.769999999999097,1.0,0.0,0.0,0.0,-0.3906541545551124,0.7653595159656846,0.0,0.0,0.0,0.0,0.0,0.0,1.987611354567541,-0.22296192556851,0.16790351795916814,0.03788243821767101
15.048160000000001,0.1216108,2.226893,0.6592227,0.1530176,0.12143999999962522,2.2519124435233695,1.965265210843928,-0.2625403310511791,0.1214399999997016,2.2476326050404225,1.9876113545675613,-0.22296192556847416,1.9876113545675613,-0.22296192556847416,0.0,0.0,0.0,1.9876113545675613,-0.22296192556847416,0.0,0.0,0.1214399999996531,2.2344055645419654,1.840549193815133,-0.18978172013149247,1.987611354567497,-0.2229619255685882,0.0,1.0906675752012172,0.0,0.2349438340934611,7.80851414218689,0.6819885552323159,13.92851414218573,7.80851414218689,0.0,6.119999999998844,1.0,0.0,0.0,0.0,-0.3906541545551124,0.7653595159656846,0.0,0.0,0.0,0.0,0.0,0.0,1.987611354567497,-0.2229619255685882,0.14706216075236436,0.033180205437095725,0.1214399999996531,2.2344055645419654,1.840549193815133,-0.18978172013149247,1.987611354567497,-0.2229619255685882,0.0,1.0906675752012172,0.0,0.2349438340934611,7.80851414218689,0.6819885552323159,13.92851414218573,0.4407438127042742,8.7985141421867,0.4913188842174039,13.5685141421858,8.7985141421867,0.0,4.769999999999097,1.0,0.0,0.0,0.0,-0.3906541545551124,0.7653595159656846,0.0,0.0,0.0,0.0,0.0,0.0,1.987611354567497,-0.2229619255685882,0.14706216075236436,0.033180205437095725
15.049999999999999,0.0,2.222472,0.1305468,0.3904027,0.0,2.256605901448439,0.9447759641405213,-0.3871000137569951,0.0,2.252964504120707,1.095911223538246,-0.4860237989051012,1.095911223538246,-0.4860237989051012,0.0,0.0,0.0,1.095911223538246,-0.4860237989051012,0.0,0.0,0.0,2.238936116266932,1.666196425881911,-0.2380105177344496,0.9384224579811443,-0.399497264649975,0.0,1.323121626919942,0.0,0.2349438340934611,7.80851414218689,0.6819885552323159,13.92851414218573,7.80851414218689,0.0,6.119999999998844,1.0,0.0,0.0,0.0,-0.3906541545551124,0.7653595159656846,0.0,0.0,0.0,0.0,0.0,0.0,0.9384224579811443,-0.399497264649975,0.727773967900767,0.1614867469155254,0.0,2.238936116266932,1.666196425881911,-0.2380105177344496,0.9384224579811443,-0.399497264649975,0.0,1.323121626919942,0.0,0.2349438340934611,7.80851414218689,0.6819885552323159,13.92851414218573,0.4407438127042742,8.7985141421867,0.4913188842174039,13.5685141421858,8.7985141421867,0.0,4.769999999999097,1.0,0.0,0.0,0.0,-0.3906541545551124,0.7653595159656846,0.0,0.0,0.0,0.0,0.0,0.0,0.9384224579811443,-0.399497264649975,0.727773967900767,0.1614867469155254
15.050180000000001,0.0,2.221798,0.0776792,0.4141412,0.0,2.2568761311352867,0.9552903089323298,-0.3665839448196935,0.0,2.2533431557113164,0.9332805370709232,-0.4934847919531041,0.9332805370709232,-0.4934847919531041,0.0,0.0,0.0,0.9332805370709232,-0.4934847919531041,0.0,0.0,0.0,2.2393485592792937,1.6405592161186724,-0.24369919277265803,0.9384224579811435,-0.3994972646499762,0.0,1.3403605545772899,0.0,0.2349438340934611,7.80851414218689,0.6819885552323159,13.92851414218573,7.80851414218689,0.0,6.119999999998844,1.0,0.0,0.0,0.0,-0.3906541545551124,0.7653595159656846,0.0,0.0,0.0,0.0,0.0,0.0,0.9384224579811435,-0.3994972646499762,0.7021367581375292,0.1557980718773183,0.0,2.2393485592792937,1.6405592161186724,-0.24369919277265803,0.9384224579811435,-0.3994972646499762,0.0,1.3403605545772899,0.0,0.2349438340934611,7.80851414218689,0.6819885552323159,13.92851414218573,0.4407438127042742,8.7985141421867,0.4913188842174039,13.5685141421858,8.7985141421867,0.0,4.769999999999097,1.0,0.0,0.0,0.0,-0.3906541545551124,0.7653595159656846,0.0,0.0,0.0,0.0,0.0,0.0,0.9384224579811435,-0.3994972646499762,0.7021367581375292,0.1557980718773183
15.050410000000001,0.0,2.220936,0.01232226,0.4434877,0.0,2.257205131288393,0.9654583781558111,-0.346743544559021,0.0,2.25376577108295,0.9254345045978061,-0.4248399514500715,0.9254345045978061,-0.4248399514500715,0.0,0.0,0.0,0.9254345045978061,-0.4248399514500715,0.0,0.0,0.0,2.239871605898111,1.6090122206684137,-0.2506991981244802,0.9384224579810955,-0.3994972646500704,0.0,1.3615841755767844,0.0,0.2349438340934611,7.80851414218689,0.6819885552323159,13.92851414218573,7.80851414218689,0.0,6.119999999998844,1.0,0.0,0.0,0.0,-0.3906541545551124,0.7653595159656846,0.0,0.0,0.0,0.0,0.0,0.0,0.9384224579810955,-0.3994972646500704,0.6705897626873182,0.1487980665255903,0.0,2.239871605898111,1.6090122206684137,-0.2506991981244802,0.9384224579810955,-0.3994972646500704,0.0,1.3615841755767844,0.0,0.2349438340934611,7.80851414218689,0.6819885552323159,13.92851414218573,0.4407438127042742,8.7985141421867,0.4913188842174039,13.5685141421858,8.7985141421867,0.0,4.769999999999097,1.0,0.0,0.0,0.0,-0.3906541545551124,0.7653595159656846,0.0,0.0,0.0,0.0,0.0,0.0,0.9384224579810955,-0.3994972646500704,0.6705897626873182,0.1487980665255903
15.051139999999998,0.0,2.21778,-0.1968199,0.5373964,0.0,2.258219004341927,0.9665801087911354,-0.34455477260041784,0.0,2.2548754828314816,0.9569149321492633,-0.36341390592752065,0.9569149321492633,-0.36341390592752065,0.0,0.0,0.0,0.9569149321492633,-0.36341390592752065,0.0,0.0,0.0,2.2414823491110156,1.5196784154912142,-0.2705215965942614,0.9384224579810456,-0.3994972646501678,0.0,1.4204460917136097,0.0,0.2349438340934611,7.80851414218689,0.6819885552323159,13.92851414218573,7.80851414218689,0.0,6.119999999998844,1.0,0.0,0.0,0.0,-0.3906541545551124,0.7653595159656846,0.0,0.0,0.0,0.0,0.0,0.0,0.9384224579810456,-0.3994972646501678,0.5812559575101687,0.12897566805590635,0.0,2.2414823491110156,1.5196784154912142,-0.2705215965942614,0.9384224579810456,-0.3994972646501678,0.0,1.4204460917136097,0.0,0.2349438340934611,7.80851414218689,0.6819885552323159,13.92851414218573,0.4407438127042742,8.7985141421867,0.4913188842174039,13.5685141421858,8.7985141421867,0.0,4.769999999999097,1.0,0.0,0.0,0.0,-0.3906541545551124,0.7653595159656846,0.0,0.0,0.0,0.0,0.0,0.0,0.9384224579810456,-0.3994972646501678,0.5812559575101687,0.12897566805590635
15.051720000000001,0.0,2.214819,-0.3641337,0.6125233,0.0,2.2590547508151664,0.9536920185753651,-0.3697026018349037,0.0,2.255743313760752,0.9522062634052614,-0.3726016750627048,0.9522062634052614,-0.3726016750627048,0.0,0.0,0.0,0.9522062634052614,-0.3726016750627048,0.0,0.0,0.0,2.2427332836971163,1.4548769710076408,-0.28490047647543376,0.9384224579810455,-0.3994972646501678,0.0,1.4623200748548881,0.0,0.2349438340934611,7.80851414218689,0.6819885552323159,13.92851414218573,7.80851414218689,0.0,6.119999999998844,1.0,0.0,0.0,0.0,-0.3906541545551124,0.7653595159656846,0.0,0.0,0.0,0.0,0.0,0.0,0.9384224579810455,-0.3994972646501678,0.5164545130265957,0.11459678817473391,0.0,2.2427332836971163,1.4548769710076408,-0.28490047647543376,0.9384224579810455,-0.3994972646501678,0.0,1.4623200748548881,0.0,0.2349438340934611,7.80851414218689,0.6819885552323159,13.92851414218573,0.4407438127042742,8.7985141421867,0.4913188842174039,13.5685141421858,8.7985141421867,0.0,4.769999999999097,1.0,0.0,0.0,0.0,-0.3906541545551124,0.7653595159656846,0.0,0.0,0.0,0.0,0.0,0.0,0.9384224579810455,-0.3994972646501678,0.5164545130265957,0.11459678817473391
15.05219,0.0,2.212171,-0.4979847,0.6726249,0.0,2.2597711083679504,0.9491916638810138,-0.37848389909876673,0.0,2.256467100499111,0.9445386421291966,-0.3875630872856919,0.9445386421291966,-0.3875630872856919,0.0,0.0,0.0,0.9445386421291966,-0.3875630872856919,0.0,0.0,0.0,2.243701488369842,1.411735181316719,-0.2944732663533119,0.9384224579810644,-0.399497264650131,0.0,1.4888267479909232,0.0,0.2349438340934611,7.80851414218689,0.6819885552323159,13.92851414218573,7.80851414218689,0.0,6.119999999998844,1.0,0.0,0.0,0.0,-0.3906541545551124,0.7653595159656846,0.0,0.0,0.0,0.0,0.0,0.0,0.9384224579810644,-0.399497264650131,0.4733127233356549,0.10502399829681898,0.0,2.243701488369842,1.411735181316719,-0.2944732663533119,0.9384224579810644,-0.399497264650131,0.0,1.4888267479909232,0.0,0.2349438340934611,7.80851414218689,0.6819885552323159,13.92851414218573,0.4407438127042742,8.7985141421867,0.4913188842174039,13.5685141421858,8.7985141421867,0.0,4.769999999999097,1.0,0.0,0.0,0.0,-0.3906541545551124,0.7653595159656846,0.0,0.0,0.0,0.0,0.0,0.0,0.9384224579810644,-0.399497264650131,0.4733127233356549,0.10502399829681898
15.052560000000001,0.0,2.209874,-0.6050655,0.7207061,0.0,2.260335049420147,0.9456488314620238,-0.3853968352427224,0.0,2.257036890059101,0.9385024296352178,-0.39934122031240704,0.9385024296352178,-0.39934122031240704,0.0,0.0,0.0,0.9385024296352178,-0.39934122031240704,0.0,0.0,0.0,2.244452880039487,1.379999789548089,-0.3015150752182116,0.9384224579810837,-0.3994972646500933,0.0,1.507928529196984,0.0,0.2349438340934611,7.80851414218689,0.6819885552323159,13.92851414218573,7.80851414218689,0.0,6.119999999998844,1.0,0.0,0.0,0.0,-0.3906541545551124,0.7653595159656846,0.0,0.0,0.0,0.0,0.0,0.0,0.9384224579810837,-0.3994972646500933,0.44157733156700574,0.0979821894318816,0.0,2.244452880039487,1.379999789548089,-0.3015150752182116,0.9384224579810837,-0.3994972646500933,0.0,1.507928529196984,0.0,0.2349438340934611,7.80851414218689,0.6819885552323159,13.92851414218573,0.4407438127042742,8.7985141421867,0.4913188842174039,13.5685141421858,8.7985141421867,0.0,4.769999999999097,1.0,0.0,0.0,0.0,-0.3906541545551124,0.7653595159656846,0.0,0.0,0.0,0.0,0.0,0.0,0.9384224579810837,-0.3994972646500933,0.44157733156700574,0.0979821894318816
15.05286,0.0,2.207921,-0.6907302,0.7591711,0.0,2.260792298921925,0.9427762646358377,-0.39100191860264344,0.0,2.2575037388097443,0.9384224579810109,-0.39949726465023555,0.9384224579810109,-0.39949726465023555,0.0,0.0,0.0,0.9384224579810109,-0.39949726465023555,0.0,0.0,0.0,2.2450621165283837,1.3542683908169653,-0.3072246499734918,0.9384224579810994,-0.3994972646500627,0.0,1.5234164599044817,0.0,0.2349438340934611,7.80851414218689,0.6819885552323159,13.92851414218573,7.80851414218689,0.0,6.119999999998844,1.0,0.0,0.0,0.0,-0.3906541545551124,0.7653595159656846,0.0,0.0,0.0,0.0,0.0,0.0,0.9384224579810994,-0.3994972646500627,0.41584593283586624,0.09227261467657083,0.0,2.2450621165283837,1.3542683908169653,-0.3072246499734918,0.9384224579810994,-0.3994972646500627,0.0,1.5234164599044817,0.0,0.2349438340934611,7.80851414218689,0.6819885552323159,13.92851414218573,0.4407438127042742,8.7985141421867,0.4913188842174039,13.5685141421858,8.7985141421867,0.0,4.769999999999097,1.0,0.0,0.0,0.0,-0.3906541545551124,0.7653595159656846,0.0,0.0,0.0,0.0,0.0,0.0,0.9384224579810994,-0.3994972646500627,0.41584593283586624,0.09227261467657083
15.0531,0.0,2.206326,-0.6576564,0.7597715,0.0,2.2611580985233473,0.9404782111748855,-0.39548598529058687,0.0,2.257877282358496,0.9384224579810226,-0.39949726465021246,0.9384224579810226,-0.39949726465021246,0.0,0.0,0.0,0.9384224579810226,-0.39949726465021246,0.0,0.0,0.0,2.245549505719502,1.333683271832036,-0.3117923097777227,0.9384224579811119,-0.3994972646500382,0.0,1.5358068044704984,0.0,0.2349438340934611,7.80851414218689,0.6819885552323159,13.92851414218573,7.80851414218689,0.0,6.119999999998844,1.0,0.0,0.0,0.0,-0.3906541545551124,0.7653595159656846,0.0,0.0,0.0,0.0,0.0,0.0,0.9384224579811119,-0.3994972646500382,0.3952608138509242,0.08770495487231544,0.0,2.245549505719502,1.333683271832036,-0.3117923097777227,0.9384224579811119,-0.3994972646500382,0.0,1.5358068044704984,0.0,0.2349438340934611,7.80851414218689,0.6819885552323159,13.92851414218573,0.4407438127042742,8.7985141421867,0.4913188842174039,13.5685141421858,8.7985141421867,0.0,4.769999999999097,1.0,0.0,0.0,0.0,-0.3906541545551124,0.7653595159656846,0.0,0.0,0.0,0.0,0.0,0.0,0.9384224579811119,-0.3994972646500382,0.3952608138509242,0.08770495487231544
15.053309999999998,0.0,2.204961,-0.5476704,0.7362968,0.0,2.2614781731745883,0.9384674143965757,-0.39940954364249176,0.0,2.258204132963649,0.938422457981033,-0.39949726465019225,0.938422457981033,-0.39949726465019225,0.0,0.0,0.0,0.938422457981033,-0.39949726465019225,0.0,0.0,0.0,2.245975971261725,1.315671292720432,-0.31578901210637833,0.9384224579811229,-0.39949726465001684,0.0,1.546648355965637,0.0,0.2349438340934611,7.80851414218689,0.6819885552323159,13.92851414218573,7.80851414218689,0.0,6.119999999998844,1.0,0.0,0.0,0.0,-0.3906541545551124,0.7653595159656846,0.0,0.0,0.0,0.0,0.0,0.0,0.9384224579811229,-0.39949726465001684,0.37724883473930937,0.08370825254363848,0.0,2.245975971261725,1.315671292720432,-0.31578901210637833,0.9384224579811229,-0.39949726465001684,0.0,1.546648355965637,0.0,0.2349438340934611,7.80851414218689,0.6819885552323159,13.92851414218573,0.4407438127042742,8.7985141421867,0.4913188842174039,13.5685141421858,8.7985141421867,0.0,4.769999999999097,1.0,0.0,0.0,0.0,-0.3906541545551124,0.7653595159656846,0.0,0.0,0.0,0.0,0.0,0.0,0.9384224579811229,-0.39949726465001684,0.37724883473930937,0.08370825254363848
15.05343,0.0,2.204247,-0.4877824,0.7235147,0.0,2.2616619065210717,0.9384224579810455,-0.3994972646501678,0.0,2.258390904738029,0.938422457981039,-0.39949726465018076,0.938422457981039,-0.39949726465018076,0.0,0.0,0.0,0.938422457981039,-0.39949726465018076,0.0,0.0,0.0,2.2462196658572893,1.3053787332277387,-0.31807284200854447,0.9384224579811292,-0.39949726465000457,0.0,1.5528435282487827,0.0,0.2349438340934611,7.80851414218689,0.6819885552323159,13.92851414218573,7.80851414218689,0.0,6.119999999998844,1.0,0.0,0.0,0.0,-0.3906541545551124,0.7653595159656846,0.0,0.0,0.0,0.0,0.0,0.0,0.9384224579811292,-0.39949726465000457,0.3669562752466098,0.08142442264146008,0.0,2.2462196658572893,1.3053787332277387,-0.31807284200854447,0.9384224579811292,-0.39949726465000457,0.0,1.5528435282487827,0.0,0.2349438340934611,7.80851414218689,0.6819885552323159,13.92851414218573,0.4407438127042742,8.7985141421867,0.4913188842174039,13.5685141421858,8.7985141421867,0.0,4.769999999999097,1.0,0.0,0.0,0.0,-0.3906541545551124,0.7653595159656846,0.0,0.0,0.0,0.0,0.0,0.0,0.9384224579811292,-0.39949726465000457,0.3669562752466098,0.08142442264146008
15.0536,0.0,2.203196,-0.3963898,0.7040084,0.0,2.261922243511639,0.9384224579810455,-0.3994972646501678,0.0,2.2586554980850595,0.9384224579810473,-0.3994972646501644,0.9384224579810473,-0.3994972646501644,0.0,0.0,0.0,0.9384224579810473,-0.3994972646501644,0.0,0.0,0.0,2.246564899867663,1.290797607280163,-0.32130826770318976,0.9384224579811381,-0.39949726464998725,0.0,1.5616200223163283,0.0,0.2349438340934611,7.80851414218689,0.6819885552323159,13.92851414218573,7.80851414218689,0.0,6.119999999998844,1.0,0.0,0.0,0.0,-0.3906541545551124,0.7653595159656846,0.0,0.0,0.0,0.0,0.0,0.0,0.9384224579811381,-0.39949726464998725,0.352375149299025,0.07818899694679748,0.0,2.246564899867663,1.290797607280163,-0.32130826770318976,0.9384224579811381,-0.39949726464998725,0.0,1.5616200223163283,0.0,0.2349438340934611,7.80851414218689,0.6819885552323159,13.92851414218573,0.4407438127042742,8.7985141421867,0.4913188842174039,13.5685141421858,8.7985141421867,0.0,4.769999999999097,1.0,0.0,0.0,0.0,-0.3906541545551124,0.7653595159656846,0.0,0.0,0.0,0.0,0.0,0.0,0.9384224579811381,-0.39949726464998725,0.352375149299025,0.07818899694679748
15.054159999999998,0.0,2.200153,-0.1039333,0.6415883,0.0,2.2627798241864525,0.9384224579810455,-0.3994972646501678,0.0,2.2595270996988104,0.9384224579810748,-0.39949726465011054,0.9384224579810748,-0.39949726465011054,0.0,0.0,0.0,0.9384224579810748,-0.39949726465011054,0.0,0.0,0.0,2.24763940062463,1.2543926290893512,-0.3293862173948093,0.9384224579811086,-0.39949726465004487,0.0,1.5810337928165905,0.0,0.2349438340934611,7.80851414218689,0.6819885552323159,13.92851414218573,7.80851414218689,0.0,6.119999999998844,1.0,0.0,0.0,0.0,-0.3906541545551124,0.7653595159656846,0.0,0.0,0.0,0.0,0.0,0.0,0.9384224579811086,-0.39949726465004487,0.31597017110824294,0.07011104725523562,0.0,2.24763940062463,1.2543926290893512,-0.3293862173948093,0.9384224579811086,-0.39949726465004487,0.0,1.5810337928165905,0.0,0.2349438340934611,7.80851414218689,0.6819885552323159,13.92851414218573,0.4407438127042742,8.7985141421867,0.4913188842174039,13.5685141421858,8.7985141421867,0.0,4.769999999999097,1.0,0.0,0.0,0.0,-0.3906541545551124,0.7653595159656846,0.0,0.0,0.0,0.0,0.0,0.0,0.9384224579811086,-0.39949726465004487,0.31597017110824294,0.07011104725523562
15.05595,0.0,2.193696,0.8319276,0.4418441,0.0,2.2655209761866657,0.9384224579810693,-0.3994972646501214,0.0,2.2622984154120664,0.9384224579810266,-0.3994972646502048,0.9384224579810266,-0.3994972646502048,0.0,0.0,0.0,0.9384224579810266,-0.3994972646502048,0.0,0.0,0.0,2.25099378955185,1.1549222046297605,-0.3514578439832779,0.9384224579810082,-0.3994972646502406,0.0,1.6305725215633422,0.0,0.2349438340934611,7.80851414218689,0.6819885552323159,13.92851414218573,7.80851414218689,0.0,6.119999999998844,1.0,0.0,0.0,0.0,-0.3906541545551124,0.7653595159656846,0.0,0.0,0.0,0.0,0.0,0.0,0.9384224579810082,-0.3994972646502406,0.21649974664875257,0.048039420666962714,0.0,2.25099378955185,1.1549222046297605,-0.3514578439832779,0.9384224579810082,-0.3994972646502406,0.0,1.6305725215633422,0.0,0.2349438340934611,7.80851414218689,0.6819885552323159,13.92851414218573,0.4407438127042742,8.7985141421867,0.4913188842174039,13.5685141421858,8.7985141421867,0.0,4.769999999999097,1.0,0.0,0.0,0.0,-0.3906541545551124,0.7653595159656846,0.0,0.0,0.0,0.0,0.0,0.0,0.9384224579810082,-0.3994972646502406,0.21649974664875257,0.048039420666962714
15.05739,0.0,2.192131,1.580616,0.2820487,0.0,2.267745196246233,0.9384224579810949,-0.3994972646500714,0.0,2.264513486898172,0.9384224579810175,-0.39949726465022245,0.9384224579810175,-0.39949726465022245,0.0,0.0,0.0,0.9384224579810175,-0.39949726465022245,0.0,0.0,0.0,2.253597147676108,1.0977051988669035,-0.3641538025314504,0.9384224579810388,-0.39949726465018087,0.0,1.655336693227799,0.0,0.2349438340934611,7.80851414218689,0.6819885552323159,13.92851414218573,7.80851414218689,0.0,6.119999999998844,1.0,0.0,0.0,0.0,-0.3906541545551124,0.7653595159656846,0.0,0.0,0.0,0.0,0.0,0.0,0.9384224579810388,-0.39949726465018087,0.15928274088586458,0.03534346211873036,0.0,2.253597147676108,1.0977051988669035,-0.3641538025314504,0.9384224579810388,-0.39949726465018087,0.0,1.655336693227799,0.0,0.2349438340934611,7.80851414218689,0.6819885552323159,13.92851414218573,0.4407438127042742,8.7985141421867,0.4913188842174039,13.5685141421858,8.7985141421867,0.0,4.769999999999097,1.0,0.0,0.0,0.0,-0.3906541545551124,0.7653595159656846,0.0,0.0,0.0,0.0,0.0,0.0,0.9384224579810388,-0.39949726465018087,0.15928274088586458,0.03534346211873036
15.05853,0.0,2.193179,2.179567,0.1542124,0.0,2.2694316215530552,0.982297938026425,-0.31388542757502336,0.0,2.2662577516967155,0.9426879095233939,-0.39117432112641026,0.9426879095233939,-0.39117432112641026,0.0,0.0,0.0,0.9426879095233939,-0.39117432112641026,0.0,0.0,0.0,2.2555805104928472,1.0639809896648242,-0.37163691277798416,0.938422457981004,-0.3994972646502487,0.0,1.6649423259114815,0.0,0.2349438340934611,7.80851414218689,0.6819885552323159,13.92851414218573,7.80851414218689,0.0,6.119999999998844,1.0,0.0,0.0,0.0,-0.3906541545551124,0.7653595159656846,0.0,0.0,0.0,0.0,0.0,0.0,0.938422457981004,-0.3994972646502487,0.12555853168382003,0.027860351872264537,0.0,2.2555805104928472,1.0639809896648242,-0.37163691277798416,0.938422457981004,-0.3994972646502487,0.0,1.6649423259114815,0.0,0.2349438340934611,7.80851414218689,0.6819885552323159,13.92851414218573,0.4407438127042742,8.7985141421867,0.4913188842174039,13.5685141421858,8.7985141421867,0.0,4.769999999999097,1.0,0.0,0.0,0.0,-0.3906541545551124,0.7653595159656846,0.0,0.0,0.0,0.0,0.0,0.0,0.938422457981004,-0.3994972646502487,0.12555853168382003,0.027860351872264537
15.058779999999999,0.0,2.193679,2.310178,0.1263356,0.0,2.2696820711091203,0.995211274042694,-0.27159215868530046,0.0,2.2666102618718904,0.9639736698114278,-0.3496405751727485,0.9639736698114278,-0.3496405751727485,0.0,0.0,0.0,0.9639736698114278,-0.3496405751727485,0.0,0.0,0.0,2.256015458478973,1.0565853297521013,-0.37327794572678236,0.9384224579809964,-0.3994972646502636,0.0,1.667048824307022,0.0,0.2349438340934611,7.80851414218689,0.6819885552323159,13.92851414218573,7.80851414218689,0.0,6.119999999998844,1.0,0.0,0.0,0.0,-0.3906541545551124,0.7653595159656846,0.0,0.0,0.0,0.0,0.0,0.0,0.9384224579809964,-0.3994972646502636,0.11816287177110477,0.02621931892348124,0.0,2.256015458478973,1.0565853297521013,-0.37327794572678236,0.9384224579809964,-0.3994972646502636,0.0,1.667048824307022,0.0,0.2349438340934611,7.80851414218689,0.6819885552323159,13.92851414218573,0.4407438127042742,8.7985141421867,0.4913188842174039,13.5685141421858,8.7985141421867,0.0,4.769999999999097,1.0,0.0,0.0,0.0,-0.3906541545551124,0.7653595159656846,0.0,0.0,0.0,0.0,0.0,0.0,0.9384224579809964,-0.3994972646502636,0.11816287177110477,0.02621931892348124
15.05898,0.0,2.194148,2.414543,0.1040327,0.0,2.269875227171671,1.0048318797745461,-0.2377363858397195,0.0,2.266873017071838,0.9834061946226936,-0.3117229467757464,0.9834061946226936,-0.3117229467757464,0.0,0.0,0.0,0.9834061946226936,-0.3117229467757464,0.0,0.0,0.0,2.256350467648162,1.0531066152642825,-0.36607789902521476,0.9621861772343735,-0.1559850207640712,0.0,1.6672121908475699,0.0,0.2349438340934611,7.80851414218689,0.6819885552323159,13.92851414218573,7.80851414218689,0.0,6.119999999998844,1.0,0.0,0.0,0.0,-0.3906541545551124,0.7653595159656846,0.0,0.0,0.0,0.0,0.0,0.0,0.9621861772343735,-0.1559850207640712,0.09092043802990914,0.2100928782611436,0.0,2.256350467648162,1.0531066152642825,-0.36607789902521476,0.9621861772343735,-0.1559850207640712,0.0,1.6672121908475699,0.0,0.2349438340934611,7.80851414218689,0.6819885552323159,13.92851414218573,0.4407438127042742,8.7985141421867,0.4913188842174039,13.5685141421858,8.7985141421867,0.0,4.769999999999097,1.0,0.0,0.0,0.0,-0.3906541545551124,0.7653595159656846,0.0,0.0,0.0,0.0,0.0,0.0,0.9621861772343735,-0.1559850207640712,0.09092043802990914,0.2100928782611436
15.059140000000001,0.0,2.194552,2.399112,0.08502799,0.0,2.2700297520217116,1.012528364360028,-0.2106517675632547,0.0,2.267059241166163,0.9948721150560735,-0.2840003860986675,0.9948721150560735,-0.2840003860986675,0.0,0.0,0.0,0.9948721150560735,-0.2840003860986675,0.0,0.0,0.0,2.256610975075504,1.050211041808648,-0.35947072754033926,0.9609414926287216,-0.15560389016227089,0.0,1.6665938184935796,0.0,0.2349438340934611,7.80851414218689,0.6819885552323159,13.92851414218573,7.80851414218689,0.0,6.119999999998844,1.0,0.0,0.0,0.0,-0.3906541545551124,0.7653595159656846,0.0,0.0,0.0,0.0,0.0,0.0,0.9609414926287216,-0.15560389016227089,0.08926954917992676,0.20386683737806843,0.0,2.256610975075504,1.050211041808648,-0.35947072754033926,0.9609414926287216,-0.15560389016227089,0.0,1.6665938184935796,0.0,0.2349438340934611,7.80851414218689,0.6819885552323159,13.92851414218573,0.4407438127042742,8.7985141421867,0.4913188842174039,13.5685141421858,8.7985141421867,0.0,4.769999999999097,1.0,0.0,0.0,0.0,-0.3906541545551124,0.7653595159656846,0.0,0.0,0.0,0.0,0.0,0.0,0.9609414926287216,-0.15560389016227089,0.08926954917992676,0.20386683737806843
15.05928,0.0,2.194918,2.385385,0.06812292,0.0,2.270164961265494,1.0192627883721963,-0.18695272657179907,0.0,2.2671922228114734,0.9998064823334087,-0.2630064137863195,0.9998064823334087,-0.2630064137863195,0.0,0.0,0.0,0.9998064823334087,-0.2630064137863195,0.0,0.0,0.0,2.2568322448920326,1.047769179654582,-0.35389631401876165,0.9609414926287398,-0.15560389016227805,0.0,1.665407855384152,0.0,0.2349438340934611,7.80851414218689,0.6819885552323159,13.92851414218573,7.80851414218689,0.0,6.119999999998844,1.0,0.0,0.0,0.0,-0.3906541545551124,0.7653595159656846,0.0,0.0,0.0,0.0,0.0,0.0,0.9609414926287398,-0.15560389016227805,0.08682768702584247,0.19829242385648366,0.0,2.2568322448920326,1.047769179654582,-0.35389631401876165,0.9609414926287398,-0.15560389016227805,0.0,1.665407855384152,0.0,0.2349438340934611,7.80851414218689,0.6819885552323159,13.92851414218573,0.4407438127042742,8.7985141421867,0.4913188842174039,13.5685141421858,8.7985141421867,0.0,4.769999999999097,1.0,0.0,0.0,0.0,-0.3906541545551124,0.7653595159656846,0.0,0.0,0.0,0.0,0.0,0.0,0.9609414926287398,-0.15560389016227805,0.08682768702584247,0.19829242385648366
15.059420000000001,0.0,2.195267,2.372523,0.05228184,0.0,2.270280316945786,1.0182839993402029,-0.17332440732659704,0.0,2.2673252044567866,1.0047408496108692,-0.2420124414734387,1.0047408496108692,-0.2420124414734387,0.0,0.0,0.0,1.0047408496108692,-0.2420124414734387,0.0,0.0,0.0,2.257049497861836,1.0453797866464931,-0.34844085542382147,0.960941492628747,-0.1556038901622783,0.0,1.6638350423954364,0.0,0.2349438340934611,7.80851414218689,0.6819885552323159,13.92851414218573,7.80851414218689,0.0,6.119999999998844,1.0,0.0,0.0,0.0,-0.3906541545551124,0.7653595159656846,0.0,0.0,0.0,0.0,0.0,0.0,0.960941492628747,-0.1556038901622783,0.08443829401774648,0.19283696526154326,0.0,2.257049497861836,1.0453797866464931,-0.34844085542382147,0.960941492628747,-0.1556038901622783,0.0,1.6638350423954364,0.0,0.2349438340934611,7.80851414218689,0.6819885552323159,13.92851414218573,0.4407438127042742,8.7985141421867,0.4913188842174039,13.5685141421858,8.7985141421867,0.0,4.769999999999097,1.0,0.0,0.0,0.0,-0.3906541545551124,0.7653595159656846,0.0,0.0,0.0,0.0,0.0,0.0,0.960941492628747,-0.1556038901622783,0.08443829401774648,0.19283696526154326
15.05984,0.0,2.196422,2.331362,0.001590367,0.0,2.270560902612204,0.9899077764856535,-0.16565488227228556,0.0,2.2677241493927203,1.0195439514430003,-0.1790305245358618,1.0195439514430003,-0.1790305245358618,0.0,0.0,0.0,1.0195439514430003,-0.1790305245358618,0.0,0.0,0.0,2.2576716742471725,1.0386968867413158,-0.3331808908001834,0.9609414926287531,-0.1556038901622785,0.0,1.6564362481340171,0.0,0.2349438340934611,7.80851414218689,0.6819885552323159,13.92851414218573,7.80851414218689,0.0,6.119999999998844,1.0,0.0,0.0,0.0,-0.3906541545551124,0.7653595159656846,0.0,0.0,0.0,0.0,0.0,0.0,0.9609414926287531,-0.1556038901622785,0.07775539411256284,0.1775770006379049,0.0,2.2576716742471725,1.0386968867413158,-0.3331808908001834,0.9609414926287531,-0.1556038901622785,0.0,1.6564362481340171,0.0,0.2349438340934611,7.80851414218689,0.6819885552323159,13.92851414218573,0.4407438127042742,8.7985141421867,0.4913188842174039,13.5685141421858,8.7985141421867,0.0,4.769999999999097,1.0,0.0,0.0,0.0,-0.3906541545551124,0.7653595159656846,0.0,0.0,0.0,0.0,0.0,0.0,0.9609414926287531,-0.1556038901622785,0.07775539411256284,0.1775770006379049
15.061209999999999,0.0,2.200502,2.19965,-0.1606223,0.0,2.2713402607625546,0.9507997669294916,-0.15524644727258996,0.0,2.2686112543545334,0.9538300971260085,-0.1553532505932746,0.9538300971260085,-0.1553532505932746,0.0,0.0,0.0,0.9538300971260085,-0.1553532505932746,0.0,0.0,0.0,2.259533039772576,1.02023308542255,-0.29101608571405435,0.9609414926287158,-0.1556038901622772,0.0,1.6186841244646617,0.0,0.2349438340934611,7.80851414218689,0.6819885552323159,13.92851414218573,7.80851414218689,0.0,6.119999999998844,1.0,0.0,0.0,0.0,-0.3906541545551124,0.7653595159656846,0.0,0.0,0.0,0.0,0.0,0.0,0.9609414926287158,-0.1556038901622772,0.05929159279383429,0.13541219555177714,0.0,2.259533039772576,1.02023308542255,-0.29101608571405435,0.9609414926287158,-0.1556038901622772,0.0,1.6186841244646617,0.0,0.2349438340934611,7.80851414218689,0.6819885552323159,13.92851414218573,0.4407438127042742,8.7985141421867,0.4913188842174039,13.5685141421858,8.7985141421867,0.0,4.769999999999097,1.0,0.0,0.0,0.0,-0.3906541545551124,0.7653595159656846,0.0,0.0,0.0,0.0,0.0,0.0,0.9609414926287158,-0.1556038901622772,0.05929159279383429,0.13541219555177714
15.062299999999999,0.0,2.20419,2.09428,-0.2903925,0.0,2.2718840796838906,0.957555310780289,-0.15548454492845756,0.0,2.269169537480002,0.9584513039731472,-0.15563622498845803,0.9584513039731472,-0.15563622498845803,0.0,0.0,0.0,0.9584513039731472,-0.15563622498845803,0.0,0.0,0.0,2.2608201544204136,1.0087100778572862,-0.26470042017578366,0.9609414926287081,-0.15560389016227694,0.0,1.5746673888720348,0.0,0.2349438340934611,7.80851414218689,0.6819885552323159,13.92851414218573,7.80851414218689,0.0,6.119999999998844,1.0,0.0,0.0,0.0,-0.3906541545551124,0.7653595159656846,0.0,0.0,0.0,0.0,0.0,0.0,0.9609414926287081,-0.15560389016227694,0.04776858522857795,0.10909653001350676,0.0,2.2608201544204136,1.0087100778572862,-0.26470042017578366,0.9609414926287081,-0.15560389016227694,0.0,1.5746673888720348,0.0,0.2349438340934611,7.80851414218689,0.6819885552323159,13.92851414218573,0.4407438127042742,8.7985141421867,0.4913188842174039,13.5685141421858,8.7985141421867,0.0,4.769999999999097,1.0,0.0,0.0,0.0,-0.3906541545551124,0.7653595159656846,0.0,0.0,0.0,0.0,0.0,0.0,0.9609414926287081,-0.15560389016227694,0.04776858522857795,0.10909653001350676
15.0633,0.0,2.207895,1.997834,-0.4091717,0.0,2.272391301938653,0.96080387603208,-0.15566900899392944,0.0,2.26968396289842,0.9633180009970472,-0.15638491766833088,0.9633180009970472,-0.15638491766833088,0.0,0.0,0.0,0.9633180009970472,-0.15638491766833088,0.0,0.0,0.0,2.2619246020844566,0.999296236540051,-0.24320120489920288,0.960941492628718,-0.15560389016227727,0.0,1.5288941367212128,0.0,0.2349438340934611,7.80851414218689,0.6819885552323159,13.92851414218573,7.80851414218689,0.0,6.119999999998844,1.0,0.0,0.0,0.0,-0.3906541545551124,0.7653595159656846,0.0,0.0,0.0,0.0,0.0,0.0,0.960941492628718,-0.15560389016227727,0.03835474391133298,0.08759731473692561,0.0,2.2619246020844566,0.999296236540051,-0.24320120489920288,0.960941492628718,-0.15560389016227727,0.0,1.5288941367212128,0.0,0.2349438340934611,7.80851414218689,0.6819885552323159,13.92851414218573,0.4407438127042742,8.7985141421867,0.4913188842174039,13.5685141421858,8.7985141421867,0.0,4.769999999999097,1.0,0.0,0.0,0.0,-0.3906541545551124,0.7653595159656846,0.0,0.0,0.0,0.0,0.0,0.0,0.960941492628718,-0.15560389016227727,0.03835474391133298,0.08759731473692561
15.064300000000001,0.0,2.211915,1.901388,-0.5279508,0.0,2.272906826185243,0.9615918090294719,-0.15583918446458395,0.0,2.270205819326469,0.9624027709704647,-0.156051343188731,0.9624027709704647,-0.156051343188731,0.0,0.0,0.0,0.9624027709704647,-0.156051343188731,0.0,0.0,0.0,2.262886862995595,0.9924874836849903,-0.22765112930608059,0.9609414926287374,-0.15560389016227794,0.0,1.4768458914232052,0.0,0.2349438340934611,7.80851414218689,0.6819885552323159,13.92851414218573,7.80851414218689,0.0,6.119999999998844,1.0,0.0,0.0,0.0,-0.3906541545551124,0.7653595159656846,0.0,0.0,0.0,0.0,0.0,0.0,0.9609414926287374,-0.15560389016227794,0.03154599105625291,0.07204723914380262,0.0,2.262886862995595,0.9924874836849903,-0.22765112930608059,0.9609414926287374,-0.15560389016227794,0.0,1.4768458914232052,0.0,0.2349438340934611,7.80851414218689,0.6819885552323159,13.92851414218573,0.4407438127042742,8.7985141421867,0.4913188842174039,13.5685141421858,8.7985141421867,0.0,4.769999999999097,1.0,0.0,0.0,0.0,-0.3906541545551124,0.7653595159656846,0.0,0.0,0.0,0.0,0.0,0.0,0.9609414926287374,-0.15560389016227794,0.03154599105625291,0.07204723914380262
15.065299999999999,0.0,2.216143,1.780355,-0.6093006,0.0,2.2734185087263197,0.9616641376210642,-0.15582516880552413,0.0,2.2707282515473617,0.9610395274984641,-0.15563390908331065,0.9610395274984641,-0.15563390908331065,0.0,0.0,0.0,0.9610395274984641,-0.15563390908331065,0.0,0.0,0.0,2.2638100475078113,0.9862968466402185,-0.21351267332312726,0.960941492628757,-0.15560389016227863,0.0,1.4235546582775174,0.0,0.2349438340934611,7.80851414218689,0.6819885552323159,13.92851414218573,7.80851414218689,0.0,6.119999999998844,1.0,0.0,0.0,0.0,-0.3906541545551124,0.7653595159656846,0.0,0.0,0.0,0.0,0.0,0.0,0.960941492628757,-0.15560389016227863,0.025355354011461547,0.0579087831608486,0.0,2.2638100475078113,0.9862968466402185,-0.21351267332312726,0.960941492628757,-0.15560389016227863,0.0,1.4235546582775174,0.0,0.2349438340934611,7.80851414218689,0.6819885552323159,13.92851414218573,0.4407438127042742,8.7985141421867,0.4913188842174039,13.5685141421858,8.7985141421867,0.0,4.769999999999097,1.0,0.0,0.0,0.0,-0.3906541545551124,0.7653595159656846,0.0,0.0,0.0,0.0,0.0,0.0,0.960941492628757,-0.15560389016227863,0.025355354011461547,0.0579087831608486
15.0663,0.0,2.220241,1.605817,-0.6092015,0.0,2.2739262141231924,0.9609956332917369,-0.15562046838889723,0.0,2.2712305759849847,0.9609414926287715,-0.1556038901622773,0.9609414926287715,-0.1556038901622773,0.0,0.0,0.0,0.9609414926287715,-0.1556038901622773,0.0,0.0,0.0,2.2646268850760474,0.9817064555847842,-0.20302882388913168,0.9609414926287749,-0.15560389016227927,0.0,1.3672840738901453,0.0,0.2349438340934611,7.80851414218689,0.6819885552323159,13.92851414218573,7.80851414218689,0.0,6.119999999998844,1.0,0.0,0.0,0.0,-0.3906541545551124,0.7653595159656846,0.0,0.0,0.0,0.0,0.0,0.0,0.9609414926287749,-0.15560389016227927,0.020764962956009186,0.04742493372685238,0.0,2.2646268850760474,0.9817064555847842,-0.20302882388913168,0.9609414926287749,-0.15560389016227927,0.0,1.3672840738901453,0.0,0.2349438340934611,7.80851414218689,0.6819885552323159,13.92851414218573,0.4407438127042742,8.7985141421867,0.4913188842174039,13.5685141421858,8.7985141421867,0.0,4.769999999999097,1.0,0.0,0.0,0.0,-0.3906541545551124,0.7653595159656846,0.0,0.0,0.0,0.0,0.0,0.0,0.9609414926287749,-0.15560389016227927,0.020764962956009186,0.04742493372685238
15.067300000000001,0.0,2.223977,1.431278,-0.6091023,0.0,2.2744418377274167,0.9609414926287086,-0.1556038901622691,0.0,2.2717360241609548,0.9609414926287714,-0.1556038901622763,0.9609414926287714,-0.1556038901622763,0.0,0.0,0.0,0.9609414926287714,-0.1556038901622763,0.0,0.0,0.0,2.265408956552979,0.9775575458881958,-0.1935532439267598,0.9609414926287853,-0.15560389016228005,0.0,1.3106458285834504,0.0,0.2349438340934611,7.80851414218689,0.6819885552323159,13.92851414218573,7.80851414218689,0.0,6.119999999998844,1.0,0.0,0.0,0.0,-0.3906541545551124,0.7653595159656846,0.0,0.0,0.0,0.0,0.0,0.0,0.9609414926287853,-0.15560389016228005,0.016616053259410582,0.037949353764479735,0.0,2.265408956552979,0.9775575458881958,-0.1935532439267598,0.9609414926287853,-0.15560389016228005,0.0,1.3106458285834504,0.0,0.2349438340934611,7.80851414218689,0.6819885552323159,13.92851414218573,0.4407438127042742,8.7985141421867,0.4913188842174039,13.5685141421858,8.7985141421867,0.0,4.769999999999097,1.0,0.0,0.0,0.0,-0.3906541545551124,0.7653595159656846,0.0,0.0,0.0,0.0,0.0,0.0,0.9609414926287853,-0.15560389016228005,0.016616053259410582,0.037949353764479735
15.068140000000001,0.0,2.226847,1.284277,-0.6090188,0.0,2.274876164632016,0.9572116623064381,-0.15547243311364692,0.0,2.272167099736582,0.9609414926287353,-0.15560389016226872,0.9609414926287353,-0.15560389016226872,0.0,0.0,0.0,0.9609414926287353,-0.15560389016226872,0.0,0.0,0.0,2.265997242135081,0.9749442785766701,-0.18758484036940085,0.9609414926287786,-0.155603890162281,0.0,1.2623436628594162,0.0,0.2349438340934611,7.80851414218689,0.6819885552323159,13.92851414218573,7.80851414218689,0.0,6.119999999998844,1.0,0.0,0.0,0.0,-0.3906541545551124,0.7653595159656846,0.0,0.0,0.0,0.0,0.0,0.0,0.9609414926287786,-0.155603890162281,0.014002785947891512,0.03198095020711985,0.0,2.265997242135081,0.9749442785766701,-0.18758484036940085,0.9609414926287786,-0.155603890162281,0.0,1.2623436628594162,0.0,0.2349438340934611,7.80851414218689,0.6819885552323159,13.92851414218573,0.4407438127042742,8.7985141421867,0.4913188842174039,13.5685141421858,8.7985141421867,0.0,4.769999999999097,1.0,0.0,0.0,0.0,-0.3906541545551124,0.7653595159656846,0.0,0.0,0.0,0.0,0.0,0.0,0.9609414926287786,-0.155603890162281,0.014002785947891512,0.03198095020711985
15.070839999999999,0.0,2.234341,0.8138733,-0.6087515,0.0,2.2759352107317805,0.9101374491150978,-0.13079245508188275,0.0,2.2733190850125853,0.9085710258271302,-0.13571081085246192,0.9085710258271302,-0.13571081085246192,0.0,0.0,0.0,0.9085710258271302,-0.13571081085246192,0.0,0.0,0.0,2.267679030257269,0.9516184612018235,-0.16755890401537527,0.9083362357895223,-0.13623799986708726,0.0,1.1095185717514136,0.0,0.2349438340934611,7.80851414218689,0.6819885552323159,13.92851414218573,7.80851414218689,0.0,6.119999999998844,1.0,0.0,0.0,0.0,-0.3906541545551124,0.7653595159656846,0.0,0.0,0.0,0.0,0.0,0.0,0.9083362357895223,-0.13623799986708726,0.04328222541230115,0.031320904148288004,0.0,2.267679030257269,0.9516184612018235,-0.16755890401537527,0.9083362357895223,-0.13623799986708726,0.0,1.1095185717514136,0.0,0.2349438340934611,7.80851414218689,0.6819885552323159,13.92851414218573,0.4407438127042742,8.7985141421867,0.4913188842174039,13.5685141421858,8.7985141421867,0.0,4.769999999999097,1.0,0.0,0.0,0.0,-0.3906541545551124,0.7653595159656846,0.0,0.0,0.0,0.0,0.0,0.0,0.9083362357895223,-0.13623799986708726,0.04328222541230115,0.031320904148288004
15.071379999999998,0.0,2.235546,0.8037294,-0.5823697,0.0,2.2760986460010253,0.9097182273433245,-0.13205987349407708,0.0,2.273495880500342,0.9093166379064238,-0.13327398468948998,0.9093166379064238,-0.13327398468948998,0.0,0.0,0.0,0.9093166379064238,-0.13327398468948998,0.0,0.0,0.0,2.267978689695624,0.9471263646805012,-0.1643079243489582,0.9083362357895263,-0.13623799986707516,0.0,1.0802397098819236,0.0,0.2349438340934611,7.80851414218689,0.6819885552323159,13.92851414218573,7.80851414218689,0.0,6.119999999998844,1.0,0.0,0.0,0.0,-0.3906541545551124,0.7653595159656846,0.0,0.0,0.0,0.0,0.0,0.0,0.9083362357895263,-0.13623799986707516,0.038790128890974815,0.028069924481883057,0.0,2.267978689695624,0.9471263646805012,-0.1643079243489582,0.9083362357895263,-0.13623799986707516,0.0,1.0802397098819236,0.0,0.2349438340934611,7.80851414218689,0.6819885552323159,13.92851414218573,0.4407438127042742,8.7985141421867,0.4913188842174039,13.5685141421858,8.7985141421867,0.0,4.769999999999097,1.0,0.0,0.0,0.0,-0.3906541545551124,0.7653595159656846,0.0,0.0,0.0,0.0,0.0,0.0,0.9083362357895263,-0.13623799986707516,0.038790128890974815,0.028069924481883057
15.072260000000002,0.0,2.237372,0.8419687,-0.5219891,0.0,2.2763670956718935,0.9088762002539996,-0.13460554432615848,0.0,2.2737745728099634,0.9087495436694876,-0.13498846071563225,0.9087495436694876,-0.13498846071563225,0.0,0.0,0.0,0.9087495436694876,-0.13498846071563225,0.0,0.0,0.0,2.268436993253968,0.9409380075668573,-0.15982948836949987,0.9083362357895278,-0.13623799986707044,0.0,1.033920087694252,0.0,0.2349438340934611,7.80851414218689,0.6819885552323159,13.92851414218573,7.80851414218689,0.0,6.119999999998844,1.0,0.0,0.0,0.0,-0.3906541545551124,0.7653595159656846,0.0,0.0,0.0,0.0,0.0,0.0,0.9083362357895278,-0.13623799986707044,0.03260177177732947,0.02359148850242946,0.0,2.268436993253968,0.9409380075668573,-0.15982948836949987,0.9083362357895278,-0.13623799986707044,0.0,1.033920087694252,0.0,0.2349438340934611,7.80851414218689,0.6819885552323159,13.92851414218573,0.4407438127042742,8.7985141421867,0.4913188842174039,13.5685141421858,8.7985141421867,0.0,4.769999999999097,1.0,0.0,0.0,0.0,-0.3906541545551124,0.7653595159656846,0.0,0.0,0.0,0.0,0.0,0.0,0.9083362357895278,-0.13623799986707044,0.03260177177732947,0.02359148850242946
15.072459999999998,0.0,2.237751,0.8504878,-0.5085373,0.0,2.2764280573969153,0.9087228587297632,-0.13506913635371254,0.0,2.2738375004463305,0.9086276502334278,-0.1353569768462096,0.9086276502334278,-0.1353569768462096,0.0,0.0,0.0,0.9086276502334278,-0.1353569768462096,0.0,0.0,0.0,2.2685359452092366,0.9397278940525068,-0.1589537744640424,0.9083362357895274,-0.13623799986707197,0.0,1.0236346657845128,0.0,0.2349438340934611,7.80851414218689,0.6819885552323159,13.92851414218573,7.80851414218689,0.0,6.119999999998844,1.0,0.0,0.0,0.0,-0.3906541545551124,0.7653595159656846,0.0,0.0,0.0,0.0,0.0,0.0,0.9083362357895274,-0.13623799986707197,0.03139165826297943,0.022715774596970446,0.0,2.2685359452092366,0.9397278940525068,-0.1589537744640424,0.9083362357895274,-0.13623799986707197,0.0,1.0236346657845128,0.0,0.2349438340934611,7.80851414218689,0.6819885552323159,13.92851414218573,0.4407438127042742,8.7985141421867,0.4913188842174039,13.5685141421858,8.7985141421867,0.0,4.769999999999097,1.0,0.0,0.0,0.0,-0.3906541545551124,0.7653595159656846,0.0,0.0,0.0,0.0,0.0,0.0,0.9083362357895274,-0.13623799986707197,0.03139165826297943,0.022715774596970446
15.07309,0.0,2.23892,0.877749,-0.4654915,0.0,2.2766217974820524,0.9083269223005394,-0.13626615701018763,0.0,2.2740357225008925,0.9082436859098305,-0.1365178026575567,0.9082436859098305,-0.1365178026575567,0.0,0.0,0.0,0.9082436859098305,-0.1365178026575567,0.0,0.0,0.0,2.268847643868341,0.935916036482209,-0.1561952756617837,0.9083362357895257,-0.13623799986707677,0.0,0.99123558676804,0.0,0.2349438340934611,7.80851414218689,0.6819885552323159,13.92851414218573,7.80851414218689,0.0,6.119999999998844,1.0,0.0,0.0,0.0,-0.3906541545551124,0.7653595159656846,0.0,0.0,0.0,0.0,0.0,0.0,0.9083362357895257,-0.13623799986707677,0.02757980069268331,0.01995727579470689,0.0,2.268847643868341,0.935916036482209,-0.1561952756617837,0.9083362357895257,-0.13623799986707677,0.0,0.99123558676804,0.0,0.2349438340934611,7.80851414218689,0.6819885552323159,13.92851414218573,0.4407438127042742,8.7985141421867,0.4913188842174039,13.5685141421858,8.7985141421867,0.0,4.769999999999097,1.0,0.0,0.0,0.0,-0.3906541545551124,0.7653595159656846,0.0,0.0,0.0,0.0,0.0,0.0,0.9083362357895257,-0.13623799986707677,0.02757980069268331,0.01995727579470689
15.075099999999999,0.0,2.242076,0.9649846,-0.3277449,0.0,2.277262650009377,0.9082440548765319,-0.13651668717352794,0.0,2.274686310317046,0.9083002934409078,-0.13634666310329932,0.9083002934409078,-0.13634666310329932,0.0,0.0,0.0,0.9083002934409078,-0.13634666310329932,0.0,0.0,0.0,2.269766799028938,0.9264091622341297,-0.1493156746391962,0.9083362357895188,-0.13623799986709736,0.0,0.8934434947608796,0.0,0.2349438340934611,7.80851414218689,0.6819885552323159,13.92851414218573,7.80851414218689,0.0,6.119999999998844,1.0,0.0,0.0,0.0,-0.3906541545551124,0.7653595159656846,0.0,0.0,0.0,0.0,0.0,0.0,0.9083362357895188,-0.13623799986709736,0.018072926444610844,0.013077674772098789,0.0,2.269766799028938,0.9264091622341297,-0.1493156746391962,0.9083362357895188,-0.13623799986709736,0.0,0.8934434947608796,0.0,0.2349438340934611,7.80851414218689,0.6819885552323159,13.92851414218573,0.4407438127042742,8.7985141421867,0.4913188842174039,13.5685141421858,8.7985141421867,0.0,4.769999999999097,1.0,0.0,0.0,0.0,-0.3906541545551124,0.7653595159656846,0.0,0.0,0.0,0.0,0.0,0.0,0.9083362357895188,-0.13623799986709736,0.018072926444610844,0.013077674772098789
15.0759,0.0,2.243088,0.9998789,-0.2726462,0.0,2.277516861549204,0.9082996861085502,-0.13634849922981798,0.0,2.27493578552852,0.908336235789518,-0.13623799986709992,0.908336235789518,-0.13623799986709992,0.0,0.0,0.0,0.908336235789518,-0.13623799986709992,0.0,0.0,0.0,2.2701126919155294,0.9233330396091295,-0.147089702315957,0.9083362357895159,-0.1362379998671064,0.0,0.8562471198609084,0.0,0.2349438340934611,7.80851414218689,0.6819885552323159,13.92851414218573,7.80851414218689,0.0,6.119999999998844,1.0,0.0,0.0,0.0,-0.3906541545551124,0.7653595159656846,0.0,0.0,0.0,0.0,0.0,0.0,0.9083362357895159,-0.1362379998671064,0.014996803819613554,0.010851702448850557,0.0,2.2701126919155294,0.9233330396091295,-0.147089702315957,0.9083362357895159,-0.1362379998671064,0.0,0.8562471198609084,0.0,0.2349438340934611,7.80851414218689,0.6819885552323159,13.92851414218573,0.4407438127042742,8.7985141421867,0.4913188842174039,13.5685141421858,8.7985141421867,0.0,4.769999999999097,1.0,0.0,0.0,0.0,-0.3906541545551124,0.7653595159656846,0.0,0.0,0.0,0.0,0.0,0.0,0.9083362357895159,-0.1362379998671064,0.014996803819613554,0.010851702448850557
15.07655,0.0,2.243796,1.027794,-0.2285673,0.0,2.2777217506679155,0.9083385498757999,-0.1362310037715761,0.0,2.275134030860188,0.908336235789517,-0.13623799986710314,0.908336235789517,-0.13623799986710314,0.0,0.0,0.0,0.908336235789517,-0.13623799986710314,0.0,0.0,0.0,2.2703747288699363,0.9215220726169056,-0.14577926427730353,0.9083362357895137,-0.13623799986711305,0.0,0.8283945402977908,0.0,0.2349438340934611,7.80851414218689,0.6819885552323159,13.92851414218573,7.80851414218689,0.0,6.119999999998844,1.0,0.0,0.0,0.0,-0.3906541545551124,0.7653595159656846,0.0,0.0,0.0,0.0,0.0,0.0,0.9083362357895137,-0.13623799986711305,0.013185836827391807,0.009541264410190497,0.0,2.2703747288699363,0.9215220726169056,-0.14577926427730353,0.9083362357895137,-0.13623799986711305,0.0,0.8283945402977908,0.0,0.2349438340934611,7.80851414218689,0.6819885552323159,13.92851414218573,0.4407438127042742,8.7985141421867,0.4913188842174039,13.5685141421858,8.7985141421867,0.0,4.769999999999097,1.0,0.0,0.0,0.0,-0.3906541545551124,0.7653595159656846,0.0,0.0,0.0,0.0,0.0,0.0,0.9083362357895137,-0.13623799986711305,0.013185836827391807,0.009541264410190497
15.07706,0.0,2.244299,1.046338,-0.197284,0.0,2.277874312322966,0.9083377088782711,-0.13623354632977408,0.0,2.2752914069838526,0.9083362357895166,-0.13623799986710433,0.9083362357895166,-0.13623799986710433,0.0,0.0,0.0,0.9083362357895166,-0.13623799986710433,0.0,0.0,0.0,2.270580327095702,0.9201011600537721,-0.14475107443158794,0.908336235789512,-0.13623799986711824,0.0,0.8065409778712836,0.0,0.2349438340934611,7.80851414218689,0.6819885552323159,13.92851414218573,7.80851414218689,0.0,6.119999999998844,1.0,0.0,0.0,0.0,-0.3906541545551124,0.7653595159656846,0.0,0.0,0.0,0.0,0.0,0.0,0.908336235789512,-0.13623799986711824,0.011764924264260016,0.008513074564469737,0.0,2.270580327095702,0.9201011600537721,-0.14475107443158794,0.908336235789512,-0.13623799986711824,0.0,0.8065409778712836,0.0,0.2349438340934611,7.80851414218689,0.6819885552323159,13.92851414218573,0.4407438127042742,8.7985141421867,0.4913188842174039,13.5685141421858,8.7985141421867,0.0,4.769999999999097,1.0,0.0,0.0,0.0,-0.3906541545551124,0.7653595159656846,0.0,0.0,0.0,0.0,0.0,0.0,0.908336235789512,-0.13623799986711824,0.011764924264260016,0.008513074564469737
15.077399999999999,0.0,2.244605,1.040982,-0.195253,0.0,2.2779760200929995,0.908337148213252,-0.1362352413685727,0.0,2.27539964589706,0.9083362357895172,-0.13623799986710264,0.9083362357895172,-0.13623799986710264,0.0,0.0,0.0,0.9083362357895172,-0.13623799986710264,0.0,0.0,0.0,2.2707118918188476,0.9192518158977823,-0.1441364809129487,0.9083362357895117,-0.13623799986711913,0.0,0.7922313786679949,0.0,0.2349438340934611,7.80851414218689,0.6819885552323159,13.92851414218573,7.80851414218689,0.0,6.119999999998844,1.0,0.0,0.0,0.0,-0.3906541545551124,0.7653595159656846,0.0,0.0,0.0,0.0,0.0,0.0,0.9083362357895117,-0.13623799986711913,0.010915580108270526,0.00789848104582961,0.0,2.2707118918188476,0.9192518158977823,-0.1441364809129487,0.9083362357895117,-0.13623799986711913,0.0,0.7922313786679949,0.0,0.2349438340934611,7.80851414218689,0.6819885552323159,13.92851414218573,0.4407438127042742,8.7985141421867,0.4913188842174039,13.5685141421858,8.7985141421867,0.0,4.769999999999097,1.0,0.0,0.0,0.0,-0.3906541545551124,0.7653595159656846,0.0,0.0,0.0,0.0,0.0,0.0,0.9083362357895117,-0.13623799986711913,0.010915580108270526,0.00789848104582961
15.077990000000002,0.0,2.245132,1.031457,-0.1916413,0.0,2.278153541148298,0.9084441522660405,-0.1359117397858425,0.0,2.2755874722464497,0.9083362357895182,-0.1362379998670997,0.9083362357895182,-0.1362379998670997,0.0,0.0,0.0,0.9083362357895182,-0.1362379998670997,0.0,0.0,0.0,2.2709240947754195,0.9180645942481612,-0.1432774037991487,0.9083362357895137,-0.1362379998671131,0.0,0.7681593941899326,0.0,0.2349438340934611,7.80851414218689,0.6819885552323159,13.92851414218573,7.80851414218689,0.0,6.119999999998844,1.0,0.0,0.0,0.0,-0.3906541545551124,0.7653595159656846,0.0,0.0,0.0,0.0,0.0,0.0,0.9083362357895137,-0.1362379998671131,0.009728358458647527,0.007039403932035593,0.0,2.2709240947754195,0.9180645942481612,-0.1432774037991487,0.9083362357895137,-0.1362379998671131,0.0,0.7681593941899326,0.0,0.2349438340934611,7.80851414218689,0.6819885552323159,13.92851414218573,0.4407438127042742,8.7985141421867,0.4913188842174039,13.5685141421858,8.7985141421867,0.0,4.769999999999097,1.0,0.0,0.0,0.0,-0.3906541545551124,0.7653595159656846,0.0,0.0,0.0,0.0,0.0,0.0,0.9083362357895137,-0.1362379998671131,0.009728358458647527,0.007039403932035593
15.078560000000001,0.0,2.245614,1.022376,-0.1881978,0.0,2.2783306341295786,0.9103900790149163,-0.12913760480348288,0.0,2.27576993260473,0.9086740585557399,-0.13521667220046474,0.9086740585557399,-0.13521667220046474,0.0,0.0,0.0,0.9086740585557399,-0.13521667220046474,0.0,0.0,0.0,2.2711291044114286,0.9169176174002277,-0.14244744794344755,0.9083362357895156,-0.1362379998671073,0.0,0.7449034091858135,0.0,0.2349438340934611,7.80851414218689,0.6819885552323159,13.92851414218573,7.80851414218689,0.0,6.119999999998844,1.0,0.0,0.0,0.0,-0.3906541545551124,0.7653595159656846,0.0,0.0,0.0,0.0,0.0,0.0,0.9083362357895156,-0.1362379998671073,0.008581381610712117,0.006209448076340234,0.0,2.2711291044114286,0.9169176174002277,-0.14244744794344755,0.9083362357895156,-0.1362379998671073,0.0,0.7449034091858135,0.0,0.2349438340934611,7.80851414218689,0.6819885552323159,13.92851414218573,0.4407438127042742,8.7985141421867,0.4913188842174039,13.5685141421858,8.7985141421867,0.0,4.769999999999097,1.0,0.0,0.0,0.0,-0.3906541545551124,0.7653595159656846,0.0,0.0,0.0,0.0,0.0,0.0,0.9083362357895156,-0.1362379998671073,0.008581381610712117,0.006209448076340234
15.080369999999998,0.0,2.247029,0.9933159,-0.1771787,0.0,2.278763947702861,0.8423045474570016,-0.1390459273545235,0.0,2.2762469488440744,0.856931079027407,-0.1372721328932034,0.856931079027407,-0.1372721328932034,0.0,0.0,0.0,0.856931079027407,-0.1372721328932034,0.0,0.0,0.0,2.2717481462219444,0.8966477823601778,-0.14138826926180648,0.8418965014598262,-0.13961042170447888,0.0,0.6776672983368998,0.0,0.2349438340934611,7.80851414218689,0.6819885552323159,13.92851414218573,7.80851414218689,0.0,6.119999999998844,1.0,0.0,0.0,0.0,-0.3906541545551124,0.7653595159656846,0.0,0.0,0.0,0.0,0.0,0.0,0.8418965014598262,-0.13961042170447888,0.05475128090035163,0.0017778475573275786,0.0,2.2717481462219444,0.8966477823601778,-0.14138826926180648,0.8418965014598262,-0.13961042170447888,0.0,0.6776672983368998,0.0,0.2349438340934611,7.80851414218689,0.6819885552323159,13.92851414218573,0.4407438127042742,8.7985141421867,0.4913188842174039,13.5685141421858,8.7985141421867,0.0,4.769999999999097,1.0,0.0,0.0,0.0,-0.3906541545551124,0.7653595159656846,0.0,0.0,0.0,0.0,0.0,0.0,0.8418965014598262,-0.13961042170447888,0.05475128090035163,0.0017778475573275786
15.08618,0.0,2.250554,0.9173951,-0.1591428,0.0,2.2799163246466456,0.8419557027128124,-0.13960799146559186,0.0,2.27742441499216,0.8418965014598326,-0.1396104217044786,0.8418965014598326,-0.1396104217044786,0.0,0.0,0.0,0.8418965014598326,-0.1396104217044786,0.0,0.0,0.0,2.2733535913986334,0.8584150158004522,-0.14014683168075243,0.841896501459838,-0.13961042170447838,0.0,0.49914268411636725,0.0,0.2349438340934611,7.80851414218689,0.6819885552323159,13.92851414218573,7.80851414218689,0.0,6.119999999998844,1.0,0.0,0.0,0.0,-0.3906541545551124,0.7653595159656846,0.0,0.0,0.0,0.0,0.0,0.0,0.841896501459838,-0.13961042170447838,0.016518514340614205,0.0005364099762740778,0.0,2.2733535913986334,0.8584150158004522,-0.14014683168075243,0.841896501459838,-0.13961042170447838,0.0,0.49914268411636725,0.0,0.2349438340934611,7.80851414218689,0.6819885552323159,13.92851414218573,0.4407438127042742,8.7985141421867,0.4913188842174039,13.5685141421858,8.7985141421867,0.0,4.769999999999097,1.0,0.0,0.0,0.0,-0.3906541545551124,0.7653595159656846,0.0,0.0,0.0,0.0,0.0,0.0,0.841896501459838,-0.13961042170447838,0.016518514340614205,0.0005364099762740778
15.09172,0.0,2.252925,0.8938391,-0.1428443,0.0,2.280666744769343,0.792852404465023,-0.12876691348262032,0.0,2.2782684407851654,0.7931364569145254,-0.12894123594114273,0.7931364569145254,-0.12894123594114273,0.0,0.0,0.0,0.7931364569145254,-0.12894123594114273,0.0,0.0,0.0,2.274518790333867,0.826558471855952,-0.13548819916467567,0.7945764502161049,-0.12971806780719275,0.0,0.3739034858743472,0.0,0.2349438340934611,7.80851414218689,0.6819885552323159,13.92851414218573,7.80851414218689,0.0,6.119999999998844,1.0,0.0,0.0,0.0,-0.3906541545551124,0.7653595159656846,0.0,0.0,0.0,0.0,0.0,0.0,0.7945764502161049,-0.12971806780719275,0.03198202163984707,0.005770131357482924,0.0,2.274518790333867,0.826558471855952,-0.13548819916467567,0.7945764502161049,-0.12971806780719275,0.0,0.3739034858743472,0.0,0.2349438340934611,7.80851414218689,0.6819885552323159,13.92851414218573,0.4407438127042742,8.7985141421867,0.4913188842174039,13.5685141421858,8.7985141421867,0.0,4.769999999999097,1.0,0.0,0.0,0.0,-0.3906541545551124,0.7653595159656846,0.0,0.0,0.0,0.0,0.0,0.0,0.7945764502161049,-0.12971806780719275,0.03198202163984707,0.005770131357482924
15.098200000000002,0.0,2.254967,0.8660983,-0.1330184,0.0,2.2810425129170273,0.7930951720125705,-0.12891624531192178,0.0,2.278669144693634,0.794577044206435,-0.12971830401029752,0.794577044206435,-0.12971830401029752,0.0,0.0,0.0,0.794577044206435,-0.12971830401029752,0.0,0.0,0.0,2.275315325871729,0.8027525074201157,-0.13119324854910192,0.7945770442064204,-0.12971830401029175,0.0,0.2515881700233854,0.0,0.2349438340934611,7.80851414218689,0.6819885552323159,13.92851414218573,7.80851414218689,0.0,6.119999999998844,1.0,0.0,0.0,0.0,-0.3906541545551124,0.7653595159656846,0.0,0.0,0.0,0.0,0.0,0.0,0.7945770442064204,-0.12971830401029175,0.00817546321369527,0.0014749445388101805,0.0,2.275315325871729,0.8027525074201157,-0.13119324854910192,0.7945770442064204,-0.12971830401029175,0.0,0.2515881700233854,0.0,0.2349438340934611,7.80851414218689,0.6819885552323159,13.92851414218573,0.4407438127042742,8.7985141421867,0.4913188842174039,13.5685141421858,8.7985141421867,0.0,4.769999999999097,1.0,0.0,0.0,0.0,-0.3906541545551124,0.7653595159656846,0.0,0.0,0.0,0.0,0.0,0.0,0.7945770442064204,-0.12971830401029175,0.00817546321369527,0.0014749445388101805
15.1039,0.0,2.256302,0.8195238,-0.1405976,0.0,2.280960737762135,0.7694453625177381,-0.12043748169408748,0.0,2.278648974993543,0.769739720994586,-0.12046209679603781,0.769739720994586,-0.12046209679603781,0.0,0.0,0.0,0.769739720994586,-0.12046209679603781,0.0,0.0,0.0,2.2756098817428407,0.7809862378690468,-0.12423264881538991,0.7693463271464939,-0.1204292000716727,0.0,0.1637555358565372,0.0,0.2349438340934611,7.80851414218689,0.6819885552323159,13.92851414218573,7.80851414218689,0.0,6.119999999998844,1.0,0.0,0.0,0.0,-0.3906541545551124,0.7653595159656846,0.0,0.0,0.0,0.0,0.0,0.0,0.7693463271464939,-0.1204292000716727,0.011639910722552872,0.0038034487437172116,0.0,2.2756098817428407,0.7809862378690468,-0.12423264881538991,0.7693463271464939,-0.1204292000716727,0.0,0.1637555358565372,0.0,0.2349438340934611,7.80851414218689,0.6819885552323159,13.92851414218573,0.4407438127042742,8.7985141421867,0.4913188842174039,13.5685141421858,8.7985141421867,0.0,4.769999999999097,1.0,0.0,0.0,0.0,-0.3906541545551124,0.7653595159656846,0.0,0.0,0.0,0.0,0.0,0.0,0.7693463271464939,-0.1204292000716727,0.011639910722552872,0.0038034487437172116
15.111579999999998,0.0,2.25743,0.7827197,-0.1313714,0.0,2.2805341014677376,0.7010872203183138,-0.12827174002268038,0.0,2.2782889105200503,0.7024542051537978,-0.12824550681646502,0.7024542051537978,-0.12824550681646502,0.0,0.0,0.0,0.7024542051537978,-0.12824550681646502,0.0,0.0,0.0,2.275517891555342,0.7454801360019163,-0.12443932788438586,0.7070825877930932,-0.12815668555592957,0.0,0.06650655636533687,0.0,0.2349438340934611,7.80851414218689,0.6819885552323159,13.92851414218573,7.80851414218689,0.0,6.119999999998844,1.0,0.0,0.0,0.0,-0.3906541545551124,0.7653595159656846,0.0,0.0,0.0,0.0,0.0,0.0,0.7070825877930932,-0.12815668555592957,0.038397548208823074,0.003717357671543748,0.0,2.275517891555342,0.7454801360019163,-0.12443932788438586,0.7070825877930932,-0.12815668555592957,0.0,0.06650655636533687,0.0,0.2349438340934611,7.80851414218689,0.6819885552323159,13.92851414218573,0.4407438127042742,8.7985141421867,0.4913188842174039,13.5685141421858,8.7985141421867,0.0,4.769999999999097,1.0,0.0,0.0,0.0,-0.3906541545551124,0.7653595159656846,0.0,0.0,0.0,0.0,0.0,0.0,0.7070825877930932,-0.12815668555592957,0.038397548208823074,0.003717357671543748
15.118139999999999,0.0,2.257743,0.7657505,-0.1201037,0.0,2.27977536842315,0.7041440564140466,-0.12821307762234901,0.0,2.277553465720616,0.7070836718465133,-0.12815666475233603,0.7070836718465133,-0.12815666475233603,0.0,0.0,0.0,0.7070836718465133,-0.12815666475233603,0.0,0.0,0.0,2.275061671642305,0.7167834207358088,-0.12721757354528693,0.7070836718464465,-0.12815666475233728,0.0,0.008820473496927992,0.0,0.2349438340934611,7.80851414218689,0.6819885552323159,13.92851414218573,7.80851414218689,0.0,6.119999999998844,1.0,0.0,0.0,0.0,-0.3906541545551124,0.7653595159656846,0.0,0.0,0.0,0.0,0.0,0.0,0.7070836718464465,-0.12815666475233728,0.009699748889362283,0.0009390912070503705,0.0,2.275061671642305,0.7167834207358088,-0.12721757354528693,0.7070836718464465,-0.12815666475233728,0.0,0.008820473496927992,0.0,0.2349438340934611,7.80851414218689,0.6819885552323159,13.92851414218573,0.4407438127042742,8.7985141421867,0.4913188842174039,13.5685141421858,8.7985141421867,0.0,4.769999999999097,1.0,0.0,0.0,0.0,-0.3906541545551124,0.7653595159656846,0.0,0.0,0.0,0.0,0.0,0.0,0.7070836718464465,-0.12815666475233728,0.009699748889362283,0.0009390912070503705
15.12833,0.0,2.257436,0.7218678,-0.1229569,0.0,2.277654613481741,0.6527345451371942,-0.12492268140090773,0.0,2.2755165252596647,0.6556067019686566,-0.12646166700718645,0.6556067019686566,-0.12646166700718645,0.0,0.0,0.0,0.6556067019686566,-0.12646166700718645,0.0,0.0,0.0,2.2735014943056897,0.6639687583215074,-0.12658697911552425,0.6556067019686095,-0.126461667007181,0.0,0.10341887100804593,0.0,0.2349438340934611,7.80851414218689,0.6819885552323159,13.92851414218573,7.80851414218689,0.0,6.119999999998844,1.0,0.0,0.0,0.0,-0.3906541545551124,0.7653595159656846,0.0,0.0,0.0,0.0,0.0,0.0,0.6556067019686095,-0.126461667007181,0.008362056352897882,0.00012531210834322337,0.0,2.2735014943056897,0.6639687583215074,-0.12658697911552425,0.6556067019686095,-0.126461667007181,0.0,0.10341887100804593,0.0,0.2349438340934611,7.80851414218689,0.6819885552323159,13.92851414218573,0.4407438127042742,8.7985141421867,0.4913188842174039,13.5685141421858,8.7985141421867,0.0,4.769999999999097,1.0,0.0,0.0,0.0,-0.3906541545551124,0.7653595159656846,0.0,0.0,0.0,0.0,0.0,0.0,0.6556067019686095,-0.126461667007181,0.008362056352897882,0.00012531210834322337
15.137459999999999,0.0,2.25633,0.6516741,-0.1285927,0.0,2.2743867248814786,0.6038170258569492,-0.11278127949803733,0.0,2.272356238480378,0.603821945803469,-0.11278174086793212,0.603821945803469,-0.11278174086793212,0.0,0.0,0.0,0.603821945803469,-0.11278174086793212,0.0,0.0,0.0,2.2709735011300105,0.613793369163568,-0.11510062572400079,0.6038219458034322,-0.11278174086792866,0.0,0.21299703011071147,0.0,0.2349438340934611,7.80851414218689,0.6819885552323159,13.92851414218573,7.80851414218689,0.0,6.119999999998844,1.0,0.0,0.0,0.0,-0.3906541545551124,0.7653595159656846,0.0,0.0,0.0,0.0,0.0,0.0,0.6038219458034322,-0.11278174086792866,0.009971423360135854,0.002318884856072078,0.0,2.2709735011300105,0.613793369163568,-0.11510062572400079,0.6038219458034322,-0.11278174086792866,0.0,0.21299703011071147,0.0,0.2349438340934611,7.80851414218689,0.6819885552323159,13.92851414218573,0.4407438127042742,8.7985141421867,0.4913188842174039,13.5685141421858,8.7985141421867,0.0,4.769999999999097,1.0,0.0,0.0,0.0,-0.3906541545551124,0.7653595159656846,0.0,0.0,0.0,0.0,0.0,0.0,0.6038219458034322,-0.11278174086792866,0.009971423360135854,0.002318884856072078
15.140640000000001,0.0,2.25573,0.6412743,-0.127112,0.0,2.2730368622224266,0.5480472899236718,-0.1072185856942591,0.0,2.271061235568494,0.5557603677743723,-0.10801410381842576,0.5557603677743723,-0.10801410381842576,0.0,0.0,0.0,0.5557603677743723,-0.10801410381842576,0.0,0.0,0.0,2.269810513295447,0.5934953738524501,-0.11244209198487594,0.5525954287903923,-0.10769027095276702,0.0,0.25507942743319795,0.0,0.2349438340934611,7.80851414218689,0.6819885552323159,13.92851414218573,7.80851414218689,0.0,6.119999999998844,1.0,0.0,0.0,0.0,-0.3906541545551124,0.7653595159656846,0.0,0.0,0.0,0.0,0.0,0.0,0.5525954287903923,-0.10769027095276702,0.04089994506205788,0.0047518210321089455,0.0,2.269810513295447,0.5934953738524501,-0.11244209198487594,0.5525954287903923,-0.10769027095276702,0.0,0.25507942743319795,0.0,0.2349438340934611,7.80851414218689,0.6819885552323159,13.92851414218573,0.4407438127042742,8.7985141421867,0.4913188842174039,13.5685141421858,8.7985141421867,0.0,4.769999999999097,1.0,0.0,0.0,0.0,-0.3906541545551124,0.7653595159656846,0.0,0.0,0.0,0.0,0.0,0.0,0.5525954287903923,-0.10769027095276702,0.04089994506205788,0.0047518210321089455
15.14763,0.0,2.25403,0.6210004,-0.1166413,0.0,2.2696305142890627,0.5525946173255071,-0.10769018679614047,0.0,2.267680218366544,0.5525960367695546,-0.10769033400598875,0.5525960367695546,-0.10769033400598875,0.0,0.0,0.0,0.5525960367695546,-0.10769033400598875,0.0,0.0,0.0,2.266858425881547,0.5621261090164396,-0.1087975565120855,0.5525960367695257,-0.10769033400598577,0.0,0.3414101614738723,0.0,0.2349438340934611,7.80851414218689,0.6819885552323159,13.92851414218573,7.80851414218689,0.0,6.119999999998844,1.0,0.0,0.0,0.0,-0.3906541545551124,0.7653595159656846,0.0,0.0,0.0,0.0,0.0,0.0,0.5525960367695257,-0.10769033400598577,0.009530072246913837,0.001107222506099794,0.0,2.266858425881547,0.5621261090164396,-0.1087975565120855,0.5525960367695257,-0.10769033400598577,0.0,0.3414101614738723,0.0,0.2349438340934611,7.80851414218689,0.6819885552323159,13.92851414218573,0.4407438127042742,8.7985141421867,0.4913188842174039,13.5685141421858,8.7985141421867,0.0,4.769999999999097,1.0,0.0,0.0,0.0,-0.3906541545551124,0.7653595159656846,0.0,0.0,0.0,0.0,0.0,0.0,0.5525960367695257,-0.10769033400598577,0.009530072246913837,0.001107222506099794
15.15549,0.0,2.251207,0.5608058,-0.1084494,0.0,2.265361465635836,0.5092319427811463,-0.10841254538753398,0.0,2.2634701482595494,0.5090165856756086,-0.10843073280858384,0.5090165856756086,-0.10843073280858384,0.0,0.0,0.0,0.5090165856756086,-0.10843073280858384,0.0,0.0,0.0,2.2629697064351517,0.5219649295251646,-0.10845533483475375,0.5090165856756033,-0.10843073280858428,0.0,0.42691321071022603,0.0,0.2349438340934611,7.80851414218689,0.6819885552323159,13.92851414218573,7.80851414218689,0.0,6.119999999998844,1.0,0.0,0.0,0.0,-0.3906541545551124,0.7653595159656846,0.0,0.0,0.0,0.0,0.0,0.0,0.5090165856756033,-0.10843073280858428,0.01294834384956129,2.460202616948519e-05,0.0,2.2629697064351517,0.5219649295251646,-0.10845533483475375,0.5090165856756033,-0.10843073280858428,0.0,0.42691321071022603,0.0,0.2349438340934611,7.80851414218689,0.6819885552323159,13.92851414218573,0.4407438127042742,8.7985141421867,0.4913188842174039,13.5685141421858,8.7985141421867,0.0,4.769999999999097,1.0,0.0,0.0,0.0,-0.3906541545551124,0.7653595159656846,0.0,0.0,0.0,0.0,0.0,0.0,0.5090165856756033,-0.10843073280858428,0.01294834384956129,2.460202616948519e-05
15.16292,0.0,2.247732,0.529958,-0.1053122,0.0,2.2608469617790092,0.4536500992789793,-0.10890158453941923,0.0,2.2590253788731918,0.4537417492759122,-0.10890650476501033,0.4537417492759122,-0.10890650476501033,0.0,0.0,0.0,0.4537417492759122,-0.10890650476501033,0.0,0.0,0.0,2.2588157072806334,0.4809384342562892,-0.10870579684985157,0.4537858780741012,-0.10890887381737716,0.0,0.498341129949266,0.0,0.2349438340934611,7.80851414218689,0.6819885552323159,13.92851414218573,7.80851414218689,0.0,6.119999999998844,1.0,0.0,0.0,0.0,-0.3906541545551124,0.7653595159656846,0.0,0.0,0.0,0.0,0.0,0.0,0.4537858780741012,-0.10890887381737716,0.02715255618218798,0.00020307696752557212,0.0,2.2588157072806334,0.4809384342562892,-0.10870579684985157,0.4537858780741012,-0.10890887381737716,0.0,0.498341129949266,0.0,0.2349438340934611,7.80851414218689,0.6819885552323159,13.92851414218573,0.4407438127042742,8.7985141421867,0.4913188842174039,13.5685141421858,8.7985141421867,0.0,4.769999999999097,1.0,0.0,0.0,0.0,-0.3906541545551124,0.7653595159656846,0.0,0.0,0.0,0.0,0.0,0.0,0.4537858780741012,-0.10890887381737716,0.02715255618218798,0.00020307696752557212
15.169819999999998,0.0,2.244091,0.5013817,-0.1051994,0.0,2.256282875044813,0.41836889220233153,-0.10697903115325592,0.0,2.2545049124605296,0.4259172772140255,-0.1075263443886788,0.4259172772140255,-0.1075263443886788,0.0,0.0,0.0,0.4259172772140255,-0.1075263443886788,0.0,0.0,0.0,2.2545144745904757,0.4522003031962936,-0.10842344201466945,0.41022013029868687,-0.10647794892551415,0.0,0.5628388646183595,0.0,0.2349438340934611,7.80851414218689,0.6819885552323159,13.92851414218573,7.80851414218689,0.0,6.119999999998844,1.0,0.0,0.0,0.0,-0.3906541545551124,0.7653595159656846,0.0,0.0,0.0,0.0,0.0,0.0,0.41022013029868687,-0.10647794892551415,0.04198017289760682,0.001945493089155292,0.0,2.2545144745904757,0.4522003031962936,-0.10842344201466945,0.41022013029868687,-0.10647794892551415,0.0,0.5628388646183595,0.0,0.2349438340934611,7.80851414218689,0.6819885552323159,13.92851414218573,0.4407438127042742,8.7985141421867,0.4913188842174039,13.5685141421858,8.7985141421867,0.0,4.769999999999097,1.0,0.0,0.0,0.0,-0.3906541545551124,0.7653595159656846,0.0,0.0,0.0,0.0,0.0,0.0,0.41022013029868687,-0.10647794892551415,0.04198017289760682,0.001945493089155292
15.179049999999998,0.0,2.238662,0.452879,-0.1091272,0.0,2.2494618172108796,0.39833673179834483,-0.10426676172796046,0.0,2.2477201409360554,0.40533972825740355,-0.1059386681094411,0.40533972825740355,-0.1059386681094411,0.0,0.0,0.0,0.40533972825740355,-0.1059386681094411,0.0,0.0,0.0,2.2481007417624665,0.41493879668747086,-0.10639737435840134,0.37950449452168517,-0.09807528620442886,0.0,0.6459785712720084,0.0,0.2349438340934611,7.80851414218689,0.6819885552323159,13.92851414218573,7.80851414218689,0.0,6.119999999998844,1.0,0.0,0.0,0.0,-0.3906541545551124,0.7653595159656846,0.0,0.0,0.0,0.0,0.0,0.0,0.37950449452168517,-0.09807528620442886,0.03543430216578566,0.008322088153972467,0.0,2.2481007417624665,0.41493879668747086,-0.10639737435840134,0.37950449452168517,-0.09807528620442886,0.0,0.6459785712720084,0.0,0.2349438340934611,7.80851414218689,0.6819885552323159,13.92851414218573,0.4407438127042742,8.7985141421867,0.4913188842174039,13.5685141421858,8.7985141421867,0.0,4.769999999999097,1.0,0.0,0.0,0.0,-0.3906541545551124,0.7653595159656846,0.0,0.0,0.0,0.0,0.0,0.0,0.37950449452168517,-0.09807528620442886,0.03543430216578566,0.008322088153972467
15.193049999999998,0.0,2.229014,0.3869623,-0.1053598,0.0,2.237641882426283,0.3473167911792761,-0.09254672211071964,0.0,2.2359905279568766,0.3474370144320002,-0.09256909897546804,0.3474370144320002,-0.09256909897546804,0.0,0.0,0.0,0.3474370144320002,-0.09256909897546804,0.0,0.0,0.0,2.236966133332045,0.3630739245969065,-0.09538295077649249,0.3473021958204436,-0.09254400551169946,0.0,0.7681863812096108,0.0,0.2349438340934611,7.80851414218689,0.6819885552323159,13.92851414218573,7.80851414218689,0.0,6.119999999998844,1.0,0.0,0.0,0.0,-0.3906541545551124,0.7653595159656846,0.0,0.0,0.0,0.0,0.0,0.0,0.3473021958204436,-0.09254400551169946,0.01577172877646299,0.0028389452647930363,0.0,2.236966133332045,0.3630739245969065,-0.09538295077649249,0.3473021958204436,-0.09254400551169946,0.0,0.7681863812096108,0.0,0.2349438340934611,7.80851414218689,0.6819885552323159,13.92851414218573,0.4407438127042742,8.7985141421867,0.4913188842174039,13.5685141421858,8.7985141421867,0.0,4.769999999999097,1.0,0.0,0.0,0.0,-0.3906541545551124,0.7653595159656846,0.0,0.0,0.0,0.0,0.0,0.0,0.3473021958204436,-0.09254400551169946,0.01577172877646299,0.0028389452647930363
15.205829999999999,0.0,2.218633,0.3485228,-0.09426268,0.0,2.2258413659388876,0.32393050696365217,-0.09004997982135043,0.0,2.2242213325984506,0.3238444362528279,-0.09004349607335119,0.3238444362528279,-0.09004349607335119,0.0,0.0,0.0,0.3238444362528279,-0.09004349607335119,0.0,0.0,0.0,2.225565676627686,0.3305351725299799,-0.09083640472327172,0.3238444362528275,-0.09004349607335115,0.0,0.8626119964440956,0.0,0.2349438340934611,7.80851414218689,0.6819885552323159,13.92851414218573,7.80851414218689,0.0,6.119999999998844,1.0,0.0,0.0,0.0,-0.3906541545551124,0.7653595159656846,0.0,0.0,0.0,0.0,0.0,0.0,0.3238444362528275,-0.09004349607335115,0.006690736277152343,0.0007929086499205672,0.0,2.225565676627686,0.3305351725299799,-0.09083640472327172,0.3238444362528275,-0.09004349607335115,0.0,0.8626119964440956,0.0,0.2349438340934611,7.80851414218689,0.6819885552323159,13.92851414218573,0.4407438127042742,8.7985141421867,0.4913188842174039,13.5685141421858,8.7985141421867,0.0,4.769999999999097,1.0,0.0,0.0,0.0,-0.3906541545551124,0.7653595159656846,0.0,0.0,0.0,0.0,0.0,0.0,0.3238444362528275,-0.09004349607335115,0.006690736277152343,0.0007929086499205672
15.22412,0.0,2.201845,0.3014123,-0.08770768,0.0,2.2075736235784227,0.27064065526008707,-0.09005856504030524,0.0,2.206012329587155,0.27075550128913123,-0.09002012903310226,0.27075550128913123,-0.09002012903310226,0.0,0.0,0.0,0.27075550128913123,-0.09002012903310226,0.0,0.0,0.0,2.2077572254548485,0.2800454154194011,-0.08943115880741623,0.27057574802623235,-0.09008028781930535,0.0,0.9654741355827753,0.0,0.2349438340934611,7.80851414218689,0.6819885552323159,13.92851414218573,7.80851414218689,0.0,6.119999999998844,1.0,0.0,0.0,0.0,-0.3906541545551124,0.7653595159656846,0.0,0.0,0.0,0.0,0.0,0.0,0.27057574802623235,-0.09008028781930535,0.009469667393168738,0.0006491290118891262,0.0,2.2077572254548485,0.2800454154194011,-0.08943115880741623,0.27057574802623235,-0.09008028781930535,0.0,0.9654741355827753,0.0,0.2349438340934611,7.80851414218689,0.6819885552323159,13.92851414218573,0.4407438127042742,8.7985141421867,0.4913188842174039,13.5685141421858,8.7985141421867,0.0,4.769999999999097,1.0,0.0,0.0,0.0,-0.3906541545551124,0.7653595159656846,0.0,0.0,0.0,0.0,0.0,0.0,0.27057574802623235,-0.09008028781930535,0.009469667393168738,0.0006491290118891262
15.240899999999998,0.0,2.184979,0.2558938,-0.08759722,0.0,2.1897684653139855,0.21624622216895173,-0.08599121148198012,0.0,2.18826243374028,0.21855845955105527,-0.08617941752272892,0.21855845955105527,-0.08617941752272892,0.0,0.0,0.0,0.21855845955105527,-0.08617941752272892,0.0,0.0,0.0,2.190276531879178,0.24019984993858048,-0.08750356865981548,0.21953083832118764,-0.08624024571825532,0.0,1.0359450745732255,0.0,0.2349438340934611,7.80851414218689,0.6819885552323159,13.92851414218573,7.80851414218689,0.0,6.119999999998844,1.0,0.0,0.0,0.0,-0.3906541545551124,0.7653595159656846,0.0,0.0,0.0,0.0,0.0,0.0,0.21953083832118764,-0.08624024571825532,0.02066901161739284,0.0012633229415601691,0.0,2.190276531879178,0.24019984993858048,-0.08750356865981548,0.21953083832118764,-0.08624024571825532,0.0,1.0359450745732255,0.0,0.2349438340934611,7.80851414218689,0.6819885552323159,13.92851414218573,0.4407438127042742,8.7985141421867,0.4913188842174039,13.5685141421858,8.7985141421867,0.0,4.769999999999097,1.0,0.0,0.0,0.0,-0.3906541545551124,0.7653595159656846,0.0,0.0,0.0,0.0,0.0,0.0,0.21953083832118764,-0.08624024571825532,0.02066901161739284,0.0012633229415601691
15.26562,0.0,2.157929,0.1962079,-0.0845328,0.0,2.1611836674420912,0.1893082368027725,-0.07647829361162235,0.0,2.15973877331504,0.18921837186970775,-0.07646205064325137,0.18921837186970775,-0.07646205064325137,0.0,0.0,0.0,0.18921837186970775,-0.07646205064325137,0.0,0.0,0.0,2.162309652941832,0.1931587195790923,-0.07830577536026476,0.18921837186970597,-0.07646205064325107,0.0,1.1403959791305154,0.0,0.2349438340934611,7.80851414218689,0.6819885552323159,13.92851414218573,7.80851414218689,0.0,6.119999999998844,1.0,0.0,0.0,0.0,-0.3906541545551124,0.7653595159656846,0.0,0.0,0.0,0.0,0.0,0.0,0.18921837186970597,-0.07646205064325107,0.00394034770938631,0.0018437247170136955,0.0,2.162309652941832,0.1931587195790923,-0.07830577536026476,0.18921837186970597,-0.07646205064325107,0.0,1.1403959791305154,0.0,0.2349438340934611,7.80851414218689,0.6819885552323159,13.92851414218573,0.4407438127042742,8.7985141421867,0.4913188842174039,13.5685141421858,8.7985141421867,0.0,4.769999999999097,1.0,0.0,0.0,0.0,-0.3906541545551124,0.7653595159656846,0.0,0.0,0.0,0.0,0.0,0.0,0.18921837186970597,-0.07646205064325107,0.00394034770938631,0.0018437247170136955
15.292309999999999,0.0,2.126029,0.1606676,-0.0717484,0.0,2.1279051447489072,0.14527850588363536,-0.06873704368341925,0.0,2.1265183867062936,0.14530820956465915,-0.06874916904679049,0.14530820956465915,-0.06874916904679049,0.0,0.0,0.0,0.14530820956465915,-0.06874916904679049,0.0,0.0,0.0,2.1294861979506248,0.15275520220665423,-0.07010042887678165,0.1454039053926721,-0.0687882331172282,0.0,1.2393349385264494,0.0,0.2349438340934611,7.80851414218689,0.6819885552323159,13.92851414218573,7.80851414218689,0.0,6.119999999998844,1.0,0.0,0.0,0.0,-0.3906541545551124,0.7653595159656846,0.0,0.0,0.0,0.0,0.0,0.0,0.1454039053926721,-0.0687882331172282,0.007351296813982139,0.0013121957595534487,0.0,2.1294861979506248,0.15275520220665423,-0.07010042887678165,0.1454039053926721,-0.0687882331172282,0.0,1.2393349385264494,0.0,0.2349438340934611,7.80851414218689,0.6819885552323159,13.92851414218573,0.4407438127042742,8.7985141421867,0.4913188842174039,13.5685141421858,8.7985141421867,0.0,4.769999999999097,1.0,0.0,0.0,0.0,-0.3906541545551124,0.7653595159656846,0.0,0.0,0.0,0.0,0.0,0.0,0.1454039053926721,-0.0687882331172282,0.007351296813982139,0.0013121957595534487
15.31893,0.0,2.092201,0.1289474,-0.06644516,0.0,2.093005827882632,0.11025986119126982,-0.06658290309904749,0.0,2.0916573603403217,0.11016077703896202,-0.06680896120914673,0.11016077703896202,-0.06680896120914673,0.0,0.0,0.0,0.11016077703896202,-0.06680896120914673,0.0,0.0,0.0,2.094939819805209,0.11510536415450262,-0.06741800937524388,0.1102959908146058,-0.06648772352829882,0.0,1.30633198688924,0.0,0.2349438340934611,7.80851414218689,0.6819885552323159,13.92851414218573,7.80851414218689,0.0,6.119999999998844,1.0,0.0,0.0,0.0,-0.3906541545551124,0.7653595159656846,0.0,0.0,0.0,0.0,0.0,0.0,0.1102959908146058,-0.06648772352829882,0.004809373339896857,0.0009302858469450677,0.0,2.094939819805209,0.11510536415450262,-0.06741800937524388,0.1102959908146058,-0.06648772352829882,0.0,1.30633198688924,0.0,0.2349438340934611,7.80851414218689,0.6819885552323159,13.92851414218573,0.4407438127042742,8.7985141421867,0.4913188842174039,13.5685141421858,8.7985141421867,0.0,4.769999999999097,1.0,0.0,0.0,0.0,-0.3906541545551124,0.7653595159656846,0.0,0.0,0.0,0.0,0.0,0.0,0.1102959908146058,-0.06648772352829882,0.004809373339896857,0.0009302858469450677
15.344270000000002,0.0,2.058809,0.09871289,-0.06545219,0.0,2.058861350951133,0.08872090986754451,-0.06390444453156258,0.0,2.057523841296019,0.08869012798423598,-0.06388811914854661,0.08869012798423598,-0.06388811914854661,0.0,0.0,0.0,0.08869012798423598,-0.06388811914854661,0.0,0.0,0.0,2.0610030492072777,0.09182779095895902,-0.0644059124939424,0.08874720305676662,-0.06391838930487156,0.0,1.3424402544570477,0.0,0.2349438340934611,7.80851414218689,0.6819885552323159,13.92851414218573,7.80851414218689,0.0,6.119999999998844,1.0,0.0,0.0,0.0,-0.3906541545551124,0.7653595159656846,0.0,0.0,0.0,0.0,0.0,0.0,0.08874720305676662,-0.06391838930487156,0.0030805879021923964,0.0004875231890708365,0.0,2.0610030492072777,0.09182779095895902,-0.0644059124939424,0.08874720305676662,-0.06391838930487156,0.0,1.3424402544570477,0.0,0.2349438340934611,7.80851414218689,0.6819885552323159,13.92851414218573,0.4407438127042742,8.7985141421867,0.4913188842174039,13.5685141421858,8.7985141421867,0.0,4.769999999999097,1.0,0.0,0.0,0.0,-0.3906541545551124,0.7653595159656846,0.0,0.0,0.0,0.0,0.0,0.0,0.08874720305676662,-0.06391838930487156,0.0030805879021923964,0.0004875231890708365
15.356580000000001,0.0,2.042147,0.08079677,-0.06268311,0.0,2.0420993678231754,0.08784720179136289,-0.06169442014874055,0.0,2.0407540777473843,0.08784892200607593,-0.06169568224218384,0.08784892200607593,-0.06169568224218384,0.0,0.0,0.0,0.08784892200607593,-0.06169568224218384,0.0,0.0,0.0,2.0442825490334555,0.08826697574295492,-0.062186323617468425,0.08784892200607818,-0.06169568224218547,0.0,1.3531032025944032,0.0,0.2349438340934611,7.80851414218689,0.6819885552323159,13.92851414218573,7.80851414218689,0.0,6.119999999998844,1.0,0.0,0.0,0.0,-0.3906541545551124,0.7653595159656846,0.0,0.0,0.0,0.0,0.0,0.0,0.08784892200607818,-0.06169568224218547,0.00041805373687674543,0.0004906413752829588,0.0,2.0442825490334555,0.08826697574295492,-0.062186323617468425,0.08784892200607818,-0.06169568224218547,0.0,1.3531032025944032,0.0,0.2349438340934611,7.80851414218689,0.6819885552323159,13.92851414218573,0.4407438127042742,8.7985141421867,0.4913188842174039,13.5685141421858,8.7985141421867,0.0,4.769999999999097,1.0,0.0,0.0,0.0,-0.3906541545551124,0.7653595159656846,0.0,0.0,0.0,0.0,0.0,0.0,0.08784892200607818,-0.06169568224218547,0.00041805373687674543,0.0004906413752829588
15.36616,0.0,2.029078,0.08142889,-0.06343852,0.0,2.0287905939760735,0.07592095967271173,-0.056336511577557334,0.0,2.027470895960803,0.07590450476943099,-0.056332135192695074,0.07590450476943099,-0.056332135192695074,0.0,0.0,0.0,0.07590450476943099,-0.056332135192695074,0.0,0.0,0.0,2.031128440924984,0.07862657237459093,-0.057594509032236584,0.07590450476943209,-0.056332135192695386,0.0,1.3660116207648925,0.0,0.2349438340934611,7.80851414218689,0.6819885552323159,13.92851414218573,7.80851414218689,0.0,6.119999999998844,1.0,0.0,0.0,0.0,-0.3906541545551124,0.7653595159656846,0.0,0.0,0.0,0.0,0.0,0.0,0.07590450476943209,-0.056332135192695386,0.002722067605158845,0.001262373839541198,0.0,2.031128440924984,0.07862657237459093,-0.057594509032236584,0.07590450476943209,-0.056332135192695386,0.0,1.3660116207648925,0.0,0.2349438340934611,7.80851414218689,0.6819885552323159,13.92851414218573,0.4407438127042742,8.7985141421867,0.4913188842174039,13.5685141421858,8.7985141421867,0.0,4.769999999999097,1.0,0.0,0.0,0.0,-0.3906541545551124,0.7653595159656846,0.0,0.0,0.0,0.0,0.0,0.0,0.07590450476943209,-0.056332135192695386,0.002722067605158845,0.001262373839541198
15.38327,0.0,2.005505,0.06761443,-0.05475564,0.0,2.004609543616014,0.07190182665037152,-0.053095338815547934,0.0,2.0033024871407856,0.07201099043439148,-0.053124039930861296,0.07201099043439148,-0.053124039930861296,0.0,0.0,0.0,0.07201099043439148,-0.053124039930861296,0.0,0.0,0.0,2.0070662171134046,0.06975745254584047,-0.053347124600568854,0.07189107724186516,-0.053092512603394676,0.0,1.4005530949679115,0.0,0.2349438340934611,7.80851414218689,0.6819885552323159,13.92851414218573,7.80851414218689,0.0,6.119999999998844,1.0,0.0,0.0,0.0,-0.3906541545551124,0.7653595159656846,0.0,0.0,0.0,0.0,0.0,0.0,0.07189107724186516,-0.053092512603394676,0.0021336246960246994,0.0002546119971741712,0.0,2.0070662171134046,0.06975745254584047,-0.053347124600568854,0.07189107724186516,-0.053092512603394676,0.0,1.4005530949679115,0.0,0.2349438340934611,7.80851414218689,0.6819885552323159,13.92851414218573,0.4407438127042742,8.7985141421867,0.4913188842174039,13.5685141421858,8.7985141421867,0.0,4.769999999999097,1.0,0.0,0.0,0.0,-0.3906541545551124,0.7653595159656846,0.0,0.0,0.0,0.0,0.0,0.0,0.07189107724186516,-0.053092512603394676,0.0021336246960246994,0.0002546119971741712
15.39607,0.0,1.987418,0.05745509,-0.0509322,0.0,1.9866545979096428,0.0629264757442672,-0.05094441562657757,0.0,1.98534823284988,0.06291029008060997,-0.05094080642199738,0.06291029008060997,-0.05094080642199738,0.0,0.0,0.0,0.06291029008060997,-0.05094080642199738,0.0,0.0,0.0,1.9891524222215609,0.06480264335910109,-0.05144785919650722,0.06291029008061055,-0.05094080642199751,0.0,1.3998549481042597,0.0,0.2349438340934611,7.80851414218689,0.6819885552323159,13.92851414218573,7.80851414218689,0.0,6.119999999998844,1.0,0.0,0.0,0.0,-0.3906541545551124,0.7653595159656846,0.0,0.0,0.0,0.0,0.0,0.0,0.06291029008061055,-0.05094080642199751,0.0018923532784905395,0.0005070527745097113,0.0,1.9891524222215609,0.06480264335910109,-0.05144785919650722,0.06291029008061055,-0.05094080642199751,0.0,1.3998549481042597,0.0,0.2349438340934611,7.80851414218689,0.6819885552323159,13.92851414218573,0.4407438127042742,8.7985141421867,0.4913188842174039,13.5685141421858,8.7985141421867,0.0,4.769999999999097,1.0,0.0,0.0,0.0,-0.3906541545551124,0.7653595159656846,0.0,0.0,0.0,0.0,0.0,0.0,0.06291029008061055,-0.05094080642199751,0.0018923532784905395,0.0005070527745097113
15.41617,0.0,1.958934,0.05321758,-0.05064303,0.0,1.9581809604250173,0.044930449422315055,-0.05242271146451753,0.0,1.9568752158585372,0.044939360082523395,-0.05242260522332974,0.044939360082523395,-0.05242260522332974,0.0,0.0,0.0,0.044939360082523395,-0.05242260522332974,0.0,0.0,0.0,1.9607649370669826,0.04675409404376628,-0.05250113552061413,0.04493936008252341,-0.05242260522332974,0.0,1.4109671233424916,0.0,0.2349438340934611,7.80851414218689,0.6819885552323159,13.92851414218573,7.80851414218689,0.0,6.119999999998844,1.0,0.0,0.0,0.0,-0.3906541545551124,0.7653595159656846,0.0,0.0,0.0,0.0,0.0,0.0,0.04493936008252341,-0.05242260522332974,0.0018147339612428707,7.853029728439606e-05,0.0,1.9607649370669826,0.04675409404376628,-0.05250113552061413,0.04493936008252341,-0.05242260522332974,0.0,1.4109671233424916,0.0,0.2349438340934611,7.80851414218689,0.6819885552323159,13.92851414218573,0.4407438127042742,8.7985141421867,0.4913188842174039,13.5685141421858,8.7985141421867,0.0,4.769999999999097,1.0,0.0,0.0,0.0,-0.3906541545551124,0.7653595159656846,0.0,0.0,0.0,0.0,0.0,0.0,0.04493936008252341,-0.05242260522332974,0.0018147339612428707,7.853029728439606e-05
15.44031,0.0,1.925197,0.04758942,-0.05181394,0.0,1.9243627183477905,0.03902824406414646,-0.046170636791846936,0.0,1.9230696461370715,0.04049133700734309,-0.047129884837403026,0.04049133700734309,-0.047129884837403026,0.0,0.0,0.0,0.04049133700734309,-0.047129884837403026,0.0,0.0,0.0,1.9268971429380213,0.044453205417662275,-0.049592981459795314,0.0391042677923402,-0.04596925635280332,0.0,1.4020630675623669,0.0,0.2349438340934611,7.80851414218689,0.6819885552323159,13.92851414218573,7.80851414218689,0.0,6.119999999998844,1.0,0.0,0.0,0.0,-0.3906541545551124,0.7653595159656846,0.0,0.0,0.0,0.0,0.0,0.0,0.0391042677923402,-0.04596925635280332,0.005348937625322066,0.003623725106991999,0.0,1.9268971429380213,0.044453205417662275,-0.049592981459795314,0.0391042677923402,-0.04596925635280332,0.0,1.4020630675623669,0.0,0.2349438340934611,7.80851414218689,0.6819885552323159,13.92851414218573,0.4407438127042742,8.7985141421867,0.4913188842174039,13.5685141421858,8.7985141421867,0.0,4.769999999999097,1.0,0.0,0.0,0.0,-0.3906541545551124,0.7653595159656846,0.0,0.0,0.0,0.0,0.0,0.0,0.0391042677923402,-0.04596925635280332,0.005348937625322066,0.003623725106991999
15.46387,0.0,1.892143,0.03416162,-0.04463529,0.0,1.8906790300501406,0.035144701840485654,-0.04254838775632925,0.0,1.889383978906908,0.03500431858780918,-0.04255391388591388,0.03500431858780918,-0.04255391388591388,0.0,0.0,0.0,0.03500431858780918,-0.04255391388591388,0.0,0.0,0.0,1.8933849294486498,0.034409675934325284,-0.04309811259151634,0.0351888676452343,-0.0425466491874074,0.0,1.4239849601167427,0.0,0.2349438340934611,7.80851414218689,0.6819885552323159,13.92851414218573,7.80851414218689,0.0,6.119999999998844,1.0,0.0,0.0,0.0,-0.3906541545551124,0.7653595159656846,0.0,0.0,0.0,0.0,0.0,0.0,0.0351888676452343,-0.0425466491874074,0.0007791917109090171,0.0005514634041089463,0.0,1.8933849294486498,0.034409675934325284,-0.04309811259151634,0.0351888676452343,-0.0425466491874074,0.0,1.4239849601167427,0.0,0.2349438340934611,7.80851414218689,0.6819885552323159,13.92851414218573,0.4407438127042742,8.7985141421867,0.4913188842174039,13.5685141421858,8.7985141421867,0.0,4.769999999999097,1.0,0.0,0.0,0.0,-0.3906541545551124,0.7653595159656846,0.0,0.0,0.0,0.0,0.0,0.0,0.0351888676452343,-0.0425466491874074,0.0007791917109090171,0.0005514634041089463
15.49585,0.0,1.846986,0.03197343,-0.03986693,0.0,1.8453994724481124,0.025924039465444013,-0.04039097399247853,0.0,1.8441006730568217,0.025910385810269495,-0.04038462007265428,0.025910385810269495,-0.04038462007265428,0.0,0.0,0.0,0.025910385810269495,-0.04038462007265428,0.0,0.0,0.0,1.8481056953860888,0.027272275172723074,-0.04037690343240934,0.025910385810269467,-0.04038462007265426,0.0,1.4138316715908623,0.0,0.2349438340934611,7.80851414218689,0.6819885552323159,13.92851414218573,7.80851414218689,0.0,6.119999999998844,1.0,0.0,0.0,0.0,-0.3906541545551124,0.7653595159656846,0.0,0.0,0.0,0.0,0.0,0.0,0.025910385810269467,-0.04038462007265426,0.0013618893624536103,7.716640244925947e-06,0.0,1.8481056953860888,0.027272275172723074,-0.04037690343240934,0.025910385810269467,-0.04038462007265426,0.0,1.4138316715908623,0.0,0.2349438340934611,7.80851414218689,0.6819885552323159,13.92851414218573,0.4407438127042742,8.7985141421867,0.4913188842174039,13.5685141421858,8.7985141421867,0.0,4.769999999999097,1.0,0.0,0.0,0.0,-0.3906541545551124,0.7653595159656846,0.0,0.0,0.0,0.0,0.0,0.0,0.025910385810269467,-0.04038462007265426,0.0013618893624536103,7.716640244925947e-06
15.521200000000002,0.0,1.811296,0.01906365,-0.03829845,0.0,1.8090067365590223,-0.002651742173675175,-0.03314027990814247,0.0,1.8077473423629151,-0.002381559884845941,-0.03320638772802416,-0.002381559884845941,-0.03320638772802416,0.0,0.0,0.0,-0.002381559884845941,-0.03320638772802416,0.0,0.0,0.0,1.811930861391654,0.007251352873493417,-0.034963824109106346,-0.0018805172033919484,-0.03332898214189977,0.0,1.4326075157886846,0.0,0.2349438340934611,7.80851414218689,0.6819885552323159,13.92851414218573,7.80851414218689,0.0,6.119999999998844,1.0,0.0,0.0,0.0,-0.3906541545551124,0.7653595159656846,0.0,0.0,0.0,0.0,0.0,0.0,-0.0018805172033919484,-0.03332898214189977,0.009131870076885366,0.0016348419672065793,0.0,1.811930861391654,0.007251352873493417,-0.034963824109106346,-0.0018805172033919484,-0.03332898214189977,0.0,1.4326075157886846,0.0,0.2349438340934611,7.80851414218689,0.6819885552323159,13.92851414218573,0.4407438127042742,8.7985141421867,0.4913188842174039,13.5685141421858,8.7985141421867,0.0,4.769999999999097,1.0,0.0,0.0,0.0,-0.3906541545551124,0.7653595159656846,0.0,0.0,0.0,0.0,0.0,0.0,-0.0018805172033919484,-0.03332898214189977,0.009131870076885366,0.0016348419672065793
15.548060000000001,0.0,1.772478,-0.009480246,-0.03147713,0.0,1.7694999602514716,0.0019534614673244245,-0.030888880634780073,0.0,1.768231432362379,0.0016050023693521664,-0.030899700727046432,0.0016050023693521664,-0.030899700727046432,0.0,0.0,0.0,0.0016050023693521664,-0.030899700727046432,0.0,0.0,0.0,1.7725277733272429,0.0005987457057948216,-0.031072490144436554,0.0016049976076558015,-0.030899700874903086,0.0,1.4677594922482087,0.0,0.2349438340934611,7.80851414218689,0.6819885552323159,13.92851414218573,7.80851414218689,0.0,6.119999999998844,1.0,0.0,0.0,0.0,-0.3906541545551124,0.7653595159656846,0.0,0.0,0.0,0.0,0.0,0.0,0.0016049976076558015,-0.030899700874903086,0.00100625190186098,0.0001727892695334714,0.0,1.7725277733272429,0.0005987457057948216,-0.031072490144436554,0.0016049976076558015,-0.030899700874903086,0.0,1.4677594922482087,0.0,0.2349438340934611,7.80851414218689,0.6819885552323159,13.92851414218573,0.4407438127042742,8.7985141421867,0.4913188842174039,13.5685141421858,8.7985141421867,0.0,4.769999999999097,1.0,0.0,0.0,0.0,-0.3906541545551124,0.7653595159656846,0.0,0.0,0.0,0.0,0.0,0.0,0.0016049976076558015,-0.030899700874903086,0.00100625190186098,0.0001727892695334714
15.55795,0.0,1.757895,-0.00998029,-0.0301769,0.0,1.755125542859369,-0.0007063774316954784,-0.02909995008225201,0.0,1.7538615040149597,-0.0007063759370150118,-0.029099951068645994,-0.0007063759370150118,-0.029099951068645994,0.0,0.0,0.0,-0.0007063759370150118,-0.029099951068645994,0.0,0.0,0.0,1.7581598133591911,-0.0004805080846870506,-0.029396302752704963,-0.0007063745775201139,-0.02909995196582611,0.0,1.4579719031665053,0.0,0.2349438340934611,7.80851414218689,0.6819885552323159,13.92851414218573,7.80851414218689,0.0,6.119999999998844,1.0,0.0,0.0,0.0,-0.3906541545551124,0.7653595159656846,0.0,0.0,0.0,0.0,0.0,0.0,-0.0007063745775201139,-0.02909995196582611,0.00022586649283306328,0.00029635078687884894,0.0,1.7581598133591911,-0.0004805080846870506,-0.029396302752704963,-0.0007063745775201139,-0.02909995196582611,0.0,1.4579719031665053,0.0,0.2349438340934611,7.80851414218689,0.6819885552323159,13.92851414218573,0.4407438127042742,8.7985141421867,0.4913188842174039,13.5685141421858,8.7985141421867,0.0,4.769999999999097,1.0,0.0,0.0,0.0,-0.3906541545551124,0.7653595159656846,0.0,0.0,0.0,0.0,0.0,0.0,-0.0007063745775201139,-0.02909995196582611,0.00022586649283306328,0.00029635078687884894
15.581589999999998,0.0,1.723299,-0.006544299,-0.02504403,0.0,1.7204298138334924,-0.01177256381565967,-0.021026607525916848,0.0,1.7191797797928057,-0.01173882923412466,-0.021080904205697897,-0.01173882923412466,-0.021080904205697897,0.0,0.0,0.0,-0.01173882923412466,-0.021080904205697897,0.0,0.0,0.0,1.7235626880931578,-0.009611377657633667,-0.02293910289698128,-0.011622660133520098,-0.021267881371827235,0.0,1.4661862130922332,0.0,0.2349438340934611,7.80851414218689,0.6819885552323159,13.92851414218573,7.80851414218689,0.0,6.119999999998844,1.0,0.0,0.0,0.0,-0.3906541545551124,0.7653595159656846,0.0,0.0,0.0,0.0,0.0,0.0,-0.011622660133520098,-0.021267881371827235,0.002011282475886434,0.0016712215251540419,0.0,1.7235626880931578,-0.009611377657633667,-0.02293910289698128,-0.011622660133520098,-0.021267881371827235,0.0,1.4661862130922332,0.0,0.2349438340934611,7.80851414218689,0.6819885552323159,13.92851414218573,0.4407438127042742,8.7985141421867,0.4913188842174039,13.5685141421858,8.7985141421867,0.0,4.769999999999097,1.0,0.0,0.0,0.0,-0.3906541545551124,0.7653595159656846,0.0,0.0,0.0,0.0,0.0,0.0,-0.011622660133520098,-0.021267881371827235,0.002011282475886434,0.0016712215251540419
15.604370000000001,0.0,1.690004,-0.01423353,-0.01965225,0.0,1.6876701671911727,0.007495520579423986,-0.018880128196960225,0.0,1.6863952823198485,0.007496539618558333,-0.018887589866960038,0.007496539618558333,-0.018887589866960038,0.0,0.0,0.0,0.007496539618558333,-0.018887589866960038,0.0,0.0,0.0,1.6906214021621997,0.005819156982894696,-0.019580351196982714,0.0074943062569767386,-0.01887123661167233,0.0,1.436696420202651,0.0,0.2349438340934611,7.80851414218689,0.6819885552323159,13.92851414218573,7.80851414218689,0.0,6.119999999998844,1.0,0.0,0.0,0.0,-0.3906541545551124,0.7653595159656846,0.0,0.0,0.0,0.0,0.0,0.0,0.0074943062569767386,-0.01887123661167233,0.0016751492740820421,0.0007091145853103849,0.0,1.6906214021621997,0.005819156982894696,-0.019580351196982714,0.0074943062569767386,-0.01887123661167233,0.0,1.436696420202651,0.0,0.2349438340934611,7.80851414218689,0.6819885552323159,13.92851414218573,0.4407438127042742,8.7985141421867,0.4913188842174039,13.5685141421858,8.7985141421867,0.0,4.769999999999097,1.0,0.0,0.0,0.0,-0.3906541545551124,0.7653595159656846,0.0,0.0,0.0,0.0,0.0,0.0,0.0074943062569767386,-0.01887123661167233,0.0016751492740820421,0.0007091145853103849
15.629129999999998,0.0,1.654409,0.007271534,-0.01272344,0.0,1.6518263996717688,0.006524798350487076,0.0024754911092238307,0.0,1.6505921824466216,0.007064055688771052,0.0024686352612134153,0.007064055688771052,0.0024686352612134153,0.0,0.0,0.0,0.007064055688771052,0.0024686352612134153,0.0,0.0,0.0,1.655142420929037,0.007088842619321868,0.0014576281294011457,0.003995766426746934,0.00418798210099696,0.0,1.441129991323611,0.0,0.2349438340934611,7.80851414218689,0.6819885552323159,13.92851414218573,7.80851414218689,0.0,6.119999999998844,1.0,0.0,0.0,0.0,-0.3906541545551124,0.7653595159656846,0.0,0.0,0.0,0.0,0.0,0.0,0.003995766426746934,0.00418798210099696,0.003093076192574934,0.0027303539715958134,0.0,1.655142420929037,0.007088842619321868,0.0014576281294011457,0.003995766426746934,0.00418798210099696,0.0,1.441129991323611,0.0,0.2349438340934611,7.80851414218689,0.6819885552323159,13.92851414218573,0.4407438127042742,8.7985141421867,0.4913188842174039,13.5685141421858,8.7985141421867,0.0,4.769999999999097,1.0,0.0,0.0,0.0,-0.3906541545551124,0.7653595159656846,0.0,0.0,0.0,0.0,0.0,0.0,0.003995766426746934,0.00418798210099696,0.003093076192574934,0.0027303539715958134
15.64924,0.0,1.625617,0.005788786,0.005023854,0.0,1.6221421071346582,0.0014747767953134942,0.008113633916624615,0.0,1.6209202015849717,0.001729847896219004,0.008720557077134176,0.001729847896219004,0.008720557077134176,0.0,0.0,0.0,0.001729847896219004,0.008720557077134176,0.0,0.0,0.0,1.6255493018343772,0.0021981992889717355,0.00752482746128736,0.0010079423136219034,0.006427374196849639,0.0,1.4694261814875997,0.0,0.2349438340934611,7.80851414218689,0.6819885552323159,13.92851414218573,7.80851414218689,0.0,6.119999999998844,1.0,0.0,0.0,0.0,-0.3906541545551124,0.7653595159656846,0.0,0.0,0.0,0.0,0.0,0.0,0.0010079423136219034,0.006427374196849639,0.0011902569753498324,0.0010974532644377221,0.0,1.6255493018343772,0.0021981992889717355,0.00752482746128736,0.0010079423136219034,0.006427374196849639,0.0,1.4694261814875997,0.0,0.2349438340934611,7.80851414218689,0.6819885552323159,13.92851414218573,0.4407438127042742,8.7985141421867,0.4913188842174039,13.5685141421858,8.7985141421867,0.0,4.769999999999097,1.0,0.0,0.0,0.0,-0.3906541545551124,0.7653595159656846,0.0,0.0,0.0,0.0,0.0,0.0,0.0010079423136219034,0.006427374196849639,0.0011902569753498324,0.0010974532644377221
15.668429999999999,0.0,1.597604,0.0008741263,0.01025205,0.0,1.5943201969122511,0.0001317849898269354,0.0020548784434219858,0.0,1.593069102702085,0.0002305520733679612,0.0025477792520245054,0.0002305520733679612,0.0025477792520245054,0.0,0.0,0.0,0.0002305520733679612,0.0025477792520245054,0.0,0.0,0.0,1.5975852398335197,0.000359077292808914,0.0030994429626416777,0.00023055236620660744,0.0025477807134466797,0.0,1.4540250951437745,0.0,0.2349438340934611,7.80851414218689,0.6819885552323159,13.92851414218573,7.80851414218689,0.0,6.119999999998844,1.0,0.0,0.0,0.0,-0.3906541545551124,0.7653595159656846,0.0,0.0,0.0,0.0,0.0,0.0,0.00023055236620660744,0.0025477807134466797,0.0001285249266023066,0.0005516622491949979,0.0,1.5975852398335197,0.000359077292808914,0.0030994429626416777,0.00023055236620660744,0.0025477807134466797,0.0,1.4540250951437745,0.0,0.2349438340934611,7.80851414218689,0.6819885552323159,13.92851414218573,0.4407438127042742,8.7985141421867,0.4913188842174039,13.5685141421858,8.7985141421867,0.0,4.769999999999097,1.0,0.0,0.0,0.0,-0.3906541545551124,0.7653595159656846,0.0,0.0,0.0,0.0,0.0,0.0,0.00023055236620660744,0.0025477807134466797,0.0001285249266023066,0.0005516622491949979
15.690760000000001,0.0,1.565712,-0.001349714,-0.002220155,0.0,1.5630026643492048,0.000777129630484518,-0.0009392500681903532,0.0,1.5617309325220783,0.0006557076537212947,-0.001050990629958246,0.0006557076537212947,-0.001050990629958246,0.0,0.0,0.0,0.0006557076537212947,-0.001050990629958246,0.0,0.0,0.0,1.5660657830267843,9.140787357241575e-05,-0.0014630526499009233,0.0006744633270643935,-0.001033730414537943,0.0,1.4104419113237656,0.0,0.2349438340934611,7.80851414218689,0.6819885552323159,13.92851414218573,7.80851414218689,0.0,6.119999999998844,1.0,0.0,0.0,0.0,-0.3906541545551124,0.7653595159656846,0.0,0.0,0.0,0.0,0.0,0.0,0.0006744633270643935,-0.001033730414537943,0.0005830554534919778,0.00042932223536298035,0.0,1.5660657830267843,9.140787357241575e-05,-0.0014630526499009233,0.0006744633270643935,-0.001033730414537943,0.0,1.4104419113237656,0.0,0.2349438340934611,7.80851414218689,0.6819885552323159,13.92851414218573,0.4407438127042742,8.7985141421867,0.4913188842174039,13.5685141421858,8.7985141421867,0.0,4.769999999999097,1.0,0.0,0.0,0.0,-0.3906541545551124,0.7653595159656846,0.0,0.0,0.0,0.0,0.0,0.0,0.0006744633270643935,-0.001033730414537943,0.0005830554534919778,0.00042932223536298035
15.69757,0.0,1.55629,-0.0002646085,-0.001599312,0.0,1.553571929914432,0.0006744863263809779,-0.0010337092490403641,0.0,1.5523009855309808,0.0006744501825065373,-0.0010337425110324768,0.0006744501825065373,-0.0010337425110324768,0.0,0.0,0.0,0.0006744501825065373,-0.0010337425110324768,0.0,0.0,0.0,1.556640066932125,0.0005336400680990648,-0.0011374242471100515,0.0006744491302090308,-0.0010337434794264874,0.0,1.397406256244258,0.0,0.2349438340934611,7.80851414218689,0.6819885552323159,13.92851414218573,7.80851414218689,0.0,6.119999999998844,1.0,0.0,0.0,0.0,-0.3906541545551124,0.7653595159656846,0.0,0.0,0.0,0.0,0.0,0.0,0.0006744491302090308,-0.0010337434794264874,0.00014080906210996592,0.00010368076768356424,0.0,1.556640066932125,0.0005336400680990648,-0.0011374242471100515,0.0006744491302090308,-0.0010337434794264874,0.0,1.397406256244258,0.0,0.2349438340934611,7.80851414218689,0.6819885552323159,13.92851414218573,0.4407438127042742,8.7985141421867,0.4913188842174039,13.5685141421858,8.7985141421867,0.0,4.769999999999097,1.0,0.0,0.0,0.0,-0.3906541545551124,0.7653595159656846,0.0,0.0,0.0,0.0,0.0,0.0,0.0006744491302090308,-0.0010337434794264874,0.00014080906210996592,0.00010368076768356424
15.706269999999998,0.0,1.544362,0.001979739,-0.0007638582,0.0,1.5416229727533346,0.00149232761638325,-0.00028107741403045604,0.0,1.5403436156950092,0.001492946332873098,-0.0002805080300524107,0.001492946332873098,-0.0002805080300524107,0.0,0.0,0.0,0.001492946332873098,-0.0002805080300524107,0.0,0.0,0.0,1.5446496317442344,0.001291383584278396,-0.00046173205561986615,0.0014929451872576194,-0.00028050908432381054,0.0,1.38513248998678,0.0,0.2349438340934611,7.80851414218689,0.6819885552323159,13.92851414218573,7.80851414218689,0.0,6.119999999998844,1.0,0.0,0.0,0.0,-0.3906541545551124,0.7653595159656846,0.0,0.0,0.0,0.0,0.0,0.0,0.0014929451872576194,-0.00028050908432381054,0.00020156160297922317,0.0001812229712960556,0.0,1.5446496317442344,0.001291383584278396,-0.00046173205561986615,0.0014929451872576194,-0.00028050908432381054,0.0,1.38513248998678,0.0,0.2349438340934611,7.80851414218689,0.6819885552323159,13.92851414218573,0.4407438127042742,8.7985141421867,0.4913188842174039,13.5685141421858,8.7985141421867,0.0,4.769999999999097,1.0,0.0,0.0,0.0,-0.3906541545551124,0.7653595159656846,0.0,0.0,0.0,0.0,0.0,0.0,0.0014929451872576194,-0.00028050908432381054,0.00020156160297922317,0.0001812229712960556
15.722579999999999,0.0,1.522119,0.001636928,0.0005129143,0.0,1.519470357123513,0.001110997626715934,-0.0015496692932598574,0.0,1.5181907980596059,0.0011128345113320906,-0.0015451831683707129,0.0011128345113320906,-0.0015451831683707129,0.0,0.0,0.0,0.0011128345113320906,-0.0015451831683707129,0.0,0.0,0.0,1.522406557313452,0.0012770851404297217,-0.0011136598607037807,0.0011180828799160468,-0.0015323653589531844,0.0,1.365401009077236,0.0,0.2349438340934611,7.80851414218689,0.6819885552323159,13.92851414218573,7.80851414218689,0.0,6.119999999998844,1.0,0.0,0.0,0.0,-0.3906541545551124,0.7653595159656846,0.0,0.0,0.0,0.0,0.0,0.0,0.0011180828799160468,-0.0015323653589531844,0.0001590022605136757,0.00041870549824940366,0.0,1.522406557313452,0.0012770851404297217,-0.0011136598607037807,0.0011180828799160468,-0.0015323653589531844,0.0,1.365401009077236,0.0,0.2349438340934611,7.80851414218689,0.6819885552323159,13.92851414218573,0.4407438127042742,8.7985141421867,0.4913188842174039,13.5685141421858,8.7985141421867,0.0,4.769999999999097,1.0,0.0,0.0,0.0,-0.3906541545551124,0.7653595159656846,0.0,0.0,0.0,0.0,0.0,0.0,0.0011180828799160468,-0.0015323653589531844,0.0001590022605136757,0.00041870549824940366
15.7444,0.0,1.492876,0.0009874664,-0.001497472,0.0,1.4903903856804914,0.0007113284201155253,-0.001604067889972451,0.0,1.4891043062650002,0.0007118388824799282,-0.0016054945367394117,0.0007118388824799282,-0.0016054945367394117,0.0,0.0,0.0,0.0007118388824799282,-0.0016054945367394117,0.0,0.0,0.0,1.4932451882521105,0.0007667353031384404,-0.0017008123155404984,0.0007106462053810177,-0.0016021612274773655,0.0,1.3354671945202456,0.0,0.2349438340934611,7.80851414218689,0.6819885552323159,13.92851414218573,7.80851414218689,0.0,6.119999999998844,1.0,0.0,0.0,0.0,-0.3906541545551124,0.7653595159656846,0.0,0.0,0.0,0.0,0.0,0.0,0.0007106462053810177,-0.0016021612274773655,5.6089097757422685e-05,9.865108806313282e-05,0.0,1.4932451882521105,0.0007667353031384404,-0.0017008123155404984,0.0007106462053810177,-0.0016021612274773655,0.0,1.3354671945202456,0.0,0.2349438340934611,7.80851414218689,0.6819885552323159,13.92851414218573,0.4407438127042742,8.7985141421867,0.4913188842174039,13.5685141421858,8.7985141421867,0.0,4.769999999999097,1.0,0.0,0.0,0.0,-0.3906541545551124,0.7653595159656846,0.0,0.0,0.0,0.0,0.0,0.0,0.0007106462053810177,-0.0016021612274773655,5.6089097757422685e-05,9.865108806313282e-05
15.771299999999998,0.0,1.457632,0.0005243154,-0.001058926,0.0,1.4552432099029369,0.0004230815544967559,-0.0005594545099596035,0.0,1.4539457607662483,0.000401441034325409,-0.00039676122227605187,0.000401441034325409,-0.00039676122227605187,0.0,0.0,0.0,0.000401441034325409,-0.00039676122227605187,0.0,0.0,0.0,1.4579827724692023,0.00040283167243395734,-0.0009666554352557937,0.00035534967103825386,-5.024665757832152e-05,0.0,1.3078350358412898,0.0,0.2349438340934611,7.80851414218689,0.6819885552323159,13.92851414218573,7.80851414218689,0.0,6.119999999998844,1.0,0.0,0.0,0.0,-0.3906541545551124,0.7653595159656846,0.0,0.0,0.0,0.0,0.0,0.0,0.00035534967103825386,-5.024665757832152e-05,4.748200139570351e-05,0.0009164087776774722,0.0,1.4579827724692023,0.00040283167243395734,-0.0009666554352557937,0.00035534967103825386,-5.024665757832152e-05,0.0,1.3078350358412898,0.0,0.2349438340934611,7.80851414218689,0.6819885552323159,13.92851414218573,0.4407438127042742,8.7985141421867,0.4913188842174039,13.5685141421858,8.7985141421867,0.0,4.769999999999097,1.0,0.0,0.0,0.0,-0.3906541545551124,0.7653595159656846,0.0,0.0,0.0,0.0,0.0,0.0,0.00035534967103825386,-5.024665757832152e-05,4.748200139570351e-05,0.0009164087776774722
15.80463,0.0,1.414955,0.0006242641,0.0008355017,0.0,1.4126887037893514,0.0004820818034101078,-0.0005050085025228197,0.0,1.4113870289968973,0.0004821907304731103,-0.0005040952088326935,0.0004821907304731103,-0.0005040952088326935,0.0,0.0,0.0,0.0004821907304731103,-0.0005040952088326935,0.0,0.0,0.0,1.4153331546074435,0.000519009024637184,-0.00041529131928995394,0.00048138965040203755,-0.00051081182593426,0.0,1.2716205995507295,0.0,0.2349438340934611,7.80851414218689,0.6819885552323159,13.92851414218573,7.80851414218689,0.0,6.119999999998844,1.0,0.0,0.0,0.0,-0.3906541545551124,0.7653595159656846,0.0,0.0,0.0,0.0,0.0,0.0,0.00048138965040203755,-0.00051081182593426,3.7619374235146446e-05,9.55205066443061e-05,0.0,1.4153331546074435,0.000519009024637184,-0.00041529131928995394,0.00048138965040203755,-0.00051081182593426,0.0,1.2716205995507295,0.0,0.2349438340934611,7.80851414218689,0.6819885552323159,13.92851414218573,0.4407438127042742,8.7985141421867,0.4913188842174039,13.5685141421858,8.7985141421867,0.0,4.769999999999097,1.0,0.0,0.0,0.0,-0.3906541545551124,0.7653595159656846,0.0,0.0,0.0,0.0,0.0,0.0,0.00048138965040203755,-0.00051081182593426,3.7619374235146446e-05,9.55205066443061e-05
15.859760000000001,0.0,1.347053,-1.645121e-06,-0.00117136,0.0,1.3448806881706405,0.00027271375598154587,0.0016892175164782705,0.0,1.343574862653942,0.00027525781777529615,0.0019059948232202208,0.00027525781777529615,0.0019059948232202208,0.0,0.0,0.0,0.00027525781777529615,0.0019059948232202208,0.0,0.0,0.0,1.3473664355486379,0.0002562018928341829,0.0019254713764550698,0.000269957813020782,0.0014543859986132384,0.0,1.2166447681553034,0.0,0.2349438340934611,7.80851414218689,0.6819885552323159,13.92851414218573,7.80851414218689,0.0,6.119999999998844,1.0,0.0,0.0,0.0,-0.3906541545551124,0.7653595159656846,0.0,0.0,0.0,0.0,0.0,0.0,0.000269957813020782,0.0014543859986132384,1.3755920186599062e-05,0.00047108537784183176,0.0,1.3473664355486379,0.0002562018928341829,0.0019254713764550698,0.000269957813020782,0.0014543859986132384,0.0,1.2166447681553034,0.0,0.2349438340934611,7.80851414218689,0.6819885552323159,13.92851414218573,0.4407438127042742,8.7985141421867,0.4913188842174039,13.5685141421858,8.7985141421867,0.0,4.769999999999097,1.0,0.0,0.0,0.0,-0.3906541545551124,0.7653595159656846,0.0,0.0,0.0,0.0,0.0,0.0,0.000269957813020782,0.0014543859986132384,1.3755920186599062e-05,0.00047108537784183176
15.911079999999998,0.0,1.286738,0.0002016424,0.001088845,0.0,1.2846518169144006,0.00013369903416022864,0.0010027794517934658,0.0,1.2833326422679798,0.00013571254717201708,0.0010142900746780566,0.00013571254717201708,0.0010142900746780566,0.0,0.0,0.0,0.00013571254717201708,0.0010142900746780566,0.0,0.0,0.0,1.2869405528184124,0.0001672276609362647,0.0011060133056215555,0.00013860433735628507,0.001030821532919254,0.0,1.1624355554443662,0.0,0.2349438340934611,7.80851414218689,0.6819885552323159,13.92851414218573,7.80851414218689,0.0,6.119999999998844,1.0,0.0,0.0,0.0,-0.3906541545551124,0.7653595159656846,0.0,0.0,0.0,0.0,0.0,0.0,0.00013860433735628507,0.001030821532919254,2.8623323579979638e-05,7.519177270230185e-05,0.0,1.2869405528184124,0.0001672276609362647,0.0011060133056215555,0.00013860433735628507,0.001030821532919254,0.0,1.1624355554443662,0.0,0.2349438340934611,7.80851414218689,0.6819885552323159,13.92851414218573,0.4407438127042742,8.7985141421867,0.4913188842174039,13.5685141421858,8.7985141421867,0.0,4.769999999999097,1.0,0.0,0.0,0.0,-0.3906541545551124,0.7653595159656846,0.0,0.0,0.0,0.0,0.0,0.0,0.00013860433735628507,0.001030821532919254,2.8623323579979638e-05,7.519177270230185e-05
15.96613,0.0,1.224956,-1.653117e-05,-0.0003913904,0.0,1.2230377846160503,-5.9192822220774686e-05,-9.992284181579842e-05,0.0,1.2217126978224186,-5.924964818790571e-05,-0.00010024769806150783,-5.924964818790571e-05,-0.00010024769806150783,0.0,0.0,0.0,-5.924964818790571e-05,-0.00010024769806150783,0.0,0.0,0.0,1.2251606663826669,-4.910345673867445e-05,-4.224603259197432e-05,-5.9249596025073834e-05,-0.0001002473998629444,0.0,1.103096311636828,0.0,0.2349438340934611,7.80851414218689,0.6819885552323159,13.92851414218573,7.80851414218689,0.0,6.119999999998844,1.0,0.0,0.0,0.0,-0.3906541545551124,0.7653595159656846,0.0,0.0,0.0,0.0,0.0,0.0,-5.9249596025073834e-05,-0.0001002473998629444,1.0146139286399388e-05,5.80013672709701e-05,0.0,1.2251606663826669,-4.910345673867445e-05,-4.224603259197432e-05,-5.9249596025073834e-05,-0.0001002473998629444,0.0,1.103096311636828,0.0,0.2349438340934611,7.80851414218689,0.6819885552323159,13.92851414218573,0.4407438127042742,8.7985141421867,0.4913188842174039,13.5685141421858,8.7985141421867,0.0,4.769999999999097,1.0,0.0,0.0,0.0,-0.3906541545551124,0.7653595159656846,0.0,0.0,0.0,0.0,0.0,0.0,-5.9249596025073834e-05,-0.0001002473998629444,1.0146139286399388e-05,5.80013672709701e-05
16.0274,0.0,1.159767,2.459783e-06,5.854737e-07,0.0,1.157587295874877,-0.00014962161175378468,0.0025296854487507417,0.0,1.1562686817029604,-0.00014962129796981005,0.0025296899871378085,-0.00014962129796981005,0.0025296899871378085,0.0,0.0,0.0,-0.00014962129796981005,0.0025296899871378085,0.0,0.0,0.0,1.1595739345682383,-0.00014866318128715586,0.0025433985397684327,-0.0001496212907563117,0.0025296900914696116,0.0,1.0523054111325167,0.0,0.2349438340934611,7.80851414218689,0.6819885552323159,13.92851414218573,7.80851414218689,0.0,6.119999999998844,1.0,0.0,0.0,0.0,-0.3906541545551124,0.7653595159656846,0.0,0.0,0.0,0.0,0.0,0.0,-0.0001496212907563117,0.0025296900914696116,9.581094691558101e-07,1.3708448298821347e-05,0.0,1.1595739345682383,-0.00014866318128715586,0.0025433985397684327,-0.0001496212907563117,0.0025296900914696116,0.0,1.0523054111325167,0.0,0.2349438340934611,7.80851414218689,0.6819885552323159,13.92851414218573,0.4407438127042742,8.7985141421867,0.4913188842174039,13.5685141421858,8.7985141421867,0.0,4.769999999999097,1.0,0.0,0.0,0.0,-0.3906541545551124,0.7653595159656846,0.0,0.0,0.0,0.0,0.0,0.0,-0.0001496212907563117,0.0025296900914696116,9.581094691558101e-07,1.3708448298821347e-05
16.09601,0.0,1.090832,-2.680845e-05,5.854509e-07,0.0,1.0883936473627536,-0.00018406966599789328,0.0020314490297237984,0.0,1.0870790248075262,-0.00018407960488725782,0.0020313052794669333,-0.00018407960488725782,0.0020313052794669333,0.0,0.0,0.0,-0.00018407960488725782,0.0020313052794669333,0.0,0.0,0.0,1.0901814479144172,-0.00018278577873986982,0.0020500184206766153,-0.0001840795987418726,0.002031305368350175,0.0,0.9881304136549368,0.0,0.2349438340934611,7.80851414218689,0.6819885552323159,13.92851414218573,7.80851414218689,0.0,6.119999999998844,1.0,0.0,0.0,0.0,-0.3906541545551124,0.7653595159656846,0.0,0.0,0.0,0.0,0.0,0.0,-0.0001840795987418726,0.002031305368350175,1.2938200020027077e-06,1.871305232644024e-05,0.0,1.0901814479144172,-0.00018278577873986982,0.0020500184206766153,-0.0001840795987418726,0.002031305368350175,0.0,0.9881304136549368,0.0,0.2349438340934611,7.80851414218689,0.6819885552323159,13.92851414218573,0.4407438127042742,8.7985141421867,0.4913188842174039,13.5685141421858,8.7985141421867,0.0,4.769999999999097,1.0,0.0,0.0,0.0,-0.3906541545551124,0.7653595159656846,0.0,0.0,0.0,0.0,0.0,0.0,-0.0001840795987418726,0.002031305368350175,1.2938200020027077e-06,1.871305232644024e-05
16.19296,0.0,1.000306,-0.0001037091,5.85391e-07,0.0,0.9977320481530946,-0.00023330688188536404,0.0013193108650312165,0.0,0.9964346802204255,-0.00023330117715063639,0.0013193933749628983,-0.00023330117715063639,0.0013193933749628983,0.0,0.0,0.0,-0.00023330117715063639,0.0013193933749628983,0.0,0.0,0.0,0.9992692637403482,-0.00023084928305631513,0.0013548561307081919,-0.00023330580481077017,0.0013193264432053836,0.0,0.9049425695550712,0.0,0.2349438340934611,7.80851414218689,0.6819885552323159,13.92851414218573,7.80851414218689,0.0,6.119999999998844,1.0,0.0,0.0,0.0,-0.3906541545551124,0.7653595159656846,0.0,0.0,0.0,0.0,0.0,0.0,-0.00023330580481077017,0.0013193264432053836,2.4565217544550693e-06,3.552968750280862e-05,0.0,0.9992692637403482,-0.00023084928305631513,0.0013548561307081919,-0.00023330580481077017,0.0013193264432053836,0.0,0.9049425695550712,0.0,0.2349438340934611,7.80851414218689,0.6819885552323159,13.92851414218573,0.4407438127042742,8.7985141421867,0.4913188842174039,13.5685141421858,8.7985141421867,0.0,4.769999999999097,1.0,0.0,0.0,0.0,-0.3906541545551124,0.7653595159656846,0.0,0.0,0.0,0.0,0.0,0.0,-0.00023330580481077017,0.0013193264432053836,2.4565217544550693e-06,3.552968750280862e-05
16.36942,0.0,0.8541105,-0.0002974679,5.8524e-07,0.0,0.8520206671842218,-0.00031999459112259194,6.55107659619951e-05,0.0,0.8507652646562761,-0.0003188009329426808,8.27751366253376e-05,-0.0003188009329426808,8.27751366253376e-05,0.0,0.0,0.0,-0.0003188009329426808,8.27751366253376e-05,0.0,0.0,0.0,0.8531833036722838,-0.00031692442425851466,0.00010991585582586153,-0.0003219090090567903,3.7821749644939585e-05,0.0,0.7701584248679426,0.0,0.2349438340934611,7.80851414218689,0.6819885552323159,13.92851414218573,7.80851414218689,0.0,6.119999999998844,1.0,0.0,0.0,0.0,-0.3906541545551124,0.7653595159656846,0.0,0.0,0.0,0.0,0.0,0.0,-0.0003219090090567903,3.7821749644939585e-05,4.984584798275588e-06,7.209410618092201e-05,0.0,0.8531833036722838,-0.00031692442425851466,0.00010991585582586153,-0.0003219090090567903,3.7821749644939585e-05,0.0,0.7701584248679426,0.0,0.2349438340934611,7.80851414218689,0.6819885552323159,13.92851414218573,0.4407438127042742,8.7985141421867,0.4913188842174039,13.5685141421858,8.7985141421867,0.0,4.769999999999097,1.0,0.0,0.0,0.0,-0.3906541545551124,0.7653595159656846,0.0,0.0,0.0,0.0,0.0,0.0,-0.0003219090090567903,3.7821749644939585e-05,4.984584798275588e-06,7.209410618092201e-05
16.5541,0.0,0.7255502,0.003561361,-0.003519803,0.0,0.7240203367304355,0.003881194349131285,-0.004771044349388913,0.0,0.7228100639531507,0.003879215885524026,-0.0047832358490890285,0.003879215885524026,-0.0047832358490890285,0.0,0.0,0.0,0.003879215885524026,-0.0047832358490890285,0.0,0.0,0.0,0.7247878514934482,0.003785604312586905,-0.003868275329932702,0.003882258923280252,-0.00476448433212592,0.0,0.6351606312540936,0.0,0.2349438340934611,7.80851414218689,0.6819885552323159,13.92851414218573,7.80851414218689,0.0,6.119999999998844,1.0,0.0,0.0,0.0,-0.3906541545551124,0.7653595159656846,0.0,0.0,0.0,0.0,0.0,0.0,0.003882258923280252,-0.00476448433212592,9.66546106933471e-05,0.0008962090021932172,0.0,0.7247878514934482,0.003785604312586905,-0.003868275329932702,0.003882258923280252,-0.00476448433212592,0.0,0.6351606312540936,0.0,0.2349438340934611,7.80851414218689,0.6819885552323159,13.92851414218573,0.4407438127042742,8.7985141421867,0.4913188842174039,13.5685141421858,8.7985141421867,0.0,4.769999999999097,1.0,0.0,0.0,0.0,-0.3906541545551124,0.7653595159656846,0.0,0.0,0.0,0.0,0.0,0.0,0.003882258923280252,-0.00476448433212592,9.66546106933471e-05,0.0008962090021932172
16.59951,0.0,0.6976848,0.004688849,-0.004317653,0.0,0.696277288622064,0.005381438322337989,-0.004245511244961458,0.0,0.6950825766806884,0.0052356481214368145,-0.0039025716072497055,0.0052356481214368145,-0.0039025716072497055,0.0,0.0,0.0,0.0052356481214368145,-0.0039025716072497055,0.0,0.0,0.0,0.6969671013600771,0.005055920325101102,-0.003420744385461356,0.005656410284947704,-0.0045202991231409455,0.0,0.6051570217681239,0.0,0.2349438340934611,7.80851414218689,0.6819885552323159,13.92851414218573,7.80851414218689,0.0,6.119999999998844,1.0,0.0,0.0,0.0,-0.3906541545551124,0.7653595159656846,0.0,0.0,0.0,0.0,0.0,0.0,0.005656410284947704,-0.0045202991231409455,0.0006004899598466025,0.001099554737679589,0.0,0.6969671013600771,0.005055920325101102,-0.003420744385461356,0.005656410284947704,-0.0045202991231409455,0.0,0.6051570217681239,0.0,0.2349438340934611,7.80851414218689,0.6819885552323159,13.92851414218573,0.4407438127042742,8.7985141421867,0.4913188842174039,13.5685141421858,8.7985141421867,0.0,4.769999999999097,1.0,0.0,0.0,0.0,-0.3906541545551124,0.7653595159656846,0.0,0.0,0.0,0.0,0.0,0.0,0.005656410284947704,-0.0045202991231409455,0.0006004899598466025,0.001099554737679589
16.63583,0.0,0.6764512,0.007365546,-0.004840889,0.0,0.6752487930923973,0.007890942460865987,-0.005441136210692344,0.0,0.6740568694904037,0.007892239260539603,-0.005448082366978781,0.007892239260539603,-0.005448082366978781,0.0,0.0,0.0,0.007892239260539603,-0.005448082366978781,0.0,0.0,0.0,0.6758337771131419,0.0077518216877719365,-0.0054361984587553615,0.007892238747966266,-0.00544807962143942,0.0,0.5744660407232125,0.0,0.2349438340934611,7.80851414218689,0.6819885552323159,13.92851414218573,7.80851414218689,0.0,6.119999999998844,1.0,0.0,0.0,0.0,-0.3906541545551124,0.7653595159656846,0.0,0.0,0.0,0.0,0.0,0.0,0.007892238747966266,-0.00544807962143942,0.00014041706019432936,1.1881162684058614e-05,0.0,0.6758337771131419,0.0077518216877719365,-0.0054361984587553615,0.007892238747966266,-0.00544807962143942,0.0,0.5744660407232125,0.0,0.2349438340934611,7.80851414218689,0.6819885552323159,13.92851414218573,0.4407438127042742,8.7985141421867,0.4913188842174039,13.5685141421858,8.7985141421867,0.0,4.769999999999097,1.0,0.0,0.0,0.0,-0.3906541545551124,0.7653595159656846,0.0,0.0,0.0,0.0,0.0,0.0,0.007892238747966266,-0.00544807962143942,0.00014041706019432936,1.1881162684058614e-05
16.66347,0.0,0.6609582,0.008686171,-0.00563571,0.0,0.6598869348389275,0.009325802857269095,-0.006439135841595705,0.0,0.6587033920371015,0.00931773906537915,-0.0064832194240117096,0.00931773906537915,-0.0064832194240117096,0.0,0.0,0.0,0.00931773906537915,-0.0064832194240117096,0.0,0.0,0.0,0.660408005096271,0.009110724459052087,-0.00621674315438357,0.009326814212640748,-0.006433606908249387,0.0,0.5551046200051251,0.0,0.2349438340934611,7.80851414218689,0.6819885552323159,13.92851414218573,7.80851414218689,0.0,6.119999999998844,1.0,0.0,0.0,0.0,-0.3906541545551124,0.7653595159656846,0.0,0.0,0.0,0.0,0.0,0.0,0.009326814212640748,-0.006433606908249387,0.0002160897535886614,0.00021686375386581697,0.0,0.660408005096271,0.009110724459052087,-0.00621674315438357,0.009326814212640748,-0.006433606908249387,0.0,0.5551046200051251,0.0,0.2349438340934611,7.80851414218689,0.6819885552323159,13.92851414218573,0.4407438127042742,8.7985141421867,0.4913188842174039,13.5685141421858,8.7985141421867,0.0,4.769999999999097,1.0,0.0,0.0,0.0,-0.3906541545551124,0.7653595159656846,0.0,0.0,0.0,0.0,0.0,0.0,0.009326814212640748,-0.006433606908249387,0.0002160897535886614,0.00021686375386581697
16.68199,0.0,0.6508876,0.009559286,-0.006933702,0.0,0.649993614779562,0.01483231762926486,-0.012769097565055164,0.0,0.6487990391766006,0.014720678914594087,-0.012697799683777877,0.014720678914594087,-0.012697799683777877,0.0,0.0,0.0,0.014720678914594087,-0.012697799683777877,0.0,0.0,0.0,0.6504183213454218,0.011832493221127616,-0.010040438647254497,0.014316810075057924,-0.01243986951450067,0.0,0.5393351570477978,0.0,0.2349438340934611,7.80851414218689,0.6819885552323159,13.92851414218573,7.80851414218689,0.0,6.119999999998844,1.0,0.0,0.0,0.0,-0.3906541545551124,0.7653595159656846,0.0,0.0,0.0,0.0,0.0,0.0,0.014316810075057924,-0.01243986951450067,0.002484316853930306,0.0023994308672461726,0.0,0.6504183213454218,0.011832493221127616,-0.010040438647254497,0.014316810075057924,-0.01243986951450067,0.0,0.5393351570477978,0.0,0.2349438340934611,7.80851414218689,0.6819885552323159,13.92851414218573,0.4407438127042742,8.7985141421867,0.4913188842174039,13.5685141421858,8.7985141421867,0.0,4.769999999999097,1.0,0.0,0.0,0.0,-0.3906541545551124,0.7653595159656846,0.0,0.0,0.0,0.0,0.0,0.0,0.014316810075057924,-0.01243986951450067,0.002484316853930306,0.0023994308672461726
16.69681,0.0,0.6430425,0.01017747,-0.009611963,0.0,0.6427427695409883,0.02287126941962934,-0.014178298042429989,0.0,0.6415343766559638,0.02287096490327359,-0.014178405030199001,0.02287096490327359,-0.014178405030199001,0.0,0.0,0.0,0.02287096490327359,-0.014178405030199001,0.0,0.0,0.0,0.6429763387815036,0.021113412137063997,-0.013737450693923797,0.022870960919248545,-0.014178406429933213,0.0,0.5063545912740991,0.0,0.2349438340934611,7.80851414218689,0.6819885552323159,13.92851414218573,7.80851414218689,0.0,6.119999999998844,1.0,0.0,0.0,0.0,-0.3906541545551124,0.7653595159656846,0.0,0.0,0.0,0.0,0.0,0.0,0.022870960919248545,-0.014178406429933213,0.0017575487821845427,0.0004409557360094167,0.0,0.6429763387815036,0.021113412137063997,-0.013737450693923797,0.022870960919248545,-0.014178406429933213,0.0,0.5063545912740991,0.0,0.2349438340934611,7.80851414218689,0.6819885552323159,13.92851414218573,0.4407438127042742,8.7985141421867,0.4913188842174039,13.5685141421858,8.7985141421867,0.0,4.769999999999097,1.0,0.0,0.0,0.0,-0.3906541545551124,0.7653595159656846,0.0,0.0,0.0,0.0,0.0,0.0,0.022870960919248545,-0.014178406429933213,0.0017575487821845427,0.0004409557360094167
16.70866,0.0,0.637155,0.02138821,-0.01487877,0.0,0.6372803905202834,0.025631469539740076,-0.016216291998227307,0.0,0.6360735505348702,0.025251474110024312,-0.015983259118279466,0.025251474110024312,-0.015983259118279466,0.0,0.0,0.0,0.025251474110024312,-0.015983259118279466,0.0,0.0,0.0,0.6374231483084748,0.02469667481651694,-0.015650939628804043,0.025137028706027385,-0.015913075641408283,0.0,0.47851178357687696,0.0,0.2349438340934611,7.80851414218689,0.6819885552323159,13.92851414218573,7.80851414218689,0.0,6.119999999998844,1.0,0.0,0.0,0.0,-0.3906541545551124,0.7653595159656846,0.0,0.0,0.0,0.0,0.0,0.0,0.025137028706027385,-0.015913075641408283,0.00044035388951045075,0.0002621360126042362,0.0,0.6374231483084748,0.02469667481651694,-0.015650939628804043,0.025137028706027385,-0.015913075641408283,0.0,0.47851178357687696,0.0,0.2349438340934611,7.80851414218689,0.6819885552323159,13.92851414218573,0.4407438127042742,8.7985141421867,0.4913188842174039,13.5685141421858,8.7985141421867,0.0,4.769999999999097,1.0,0.0,0.0,0.0,-0.3906541545551124,0.7653595159656846,0.0,0.0,0.0,0.0,0.0,0.0,0.025137028706027385,-0.015913075641408283,0.00044035388951045075,0.0002621360126042362
16.72989,0.0,0.6275235,0.02803236,-0.01768465,0.0,0.6279849427731365,0.03144910697686222,-0.01946010020369323,0.0,0.6267727253215303,0.030976665212817,-0.019012044490182164,0.030976665212817,-0.019012044490182164,0.0,0.0,0.0,0.030976665212817,-0.019012044490182164,0.0,0.0,0.0,0.6280074274022299,0.02980295369708105,-0.018271090044201705,0.03184968345642945,-0.019926754340856858,0.0,0.44398097129424957,0.0,0.2349438340934611,7.80851414218689,0.6819885552323159,13.92851414218573,7.80851414218689,0.0,6.119999999998844,1.0,0.0,0.0,0.0,-0.3906541545551124,0.7653595159656846,0.0,0.0,0.0,0.0,0.0,0.0,0.03184968345642945,-0.019926754340856858,0.0020467297593483977,0.0016556642966551523,0.0,0.6280074274022299,0.02980295369708105,-0.018271090044201705,0.03184968345642945,-0.019926754340856858,0.0,0.44398097129424957,0.0,0.2349438340934611,7.80851414218689,0.6819885552323159,13.92851414218573,0.4407438127042742,8.7985141421867,0.4913188842174039,13.5685141421858,8.7985141421867,0.0,4.769999999999097,1.0,0.0,0.0,0.0,-0.3906541545551124,0.7653595159656846,0.0,0.0,0.0,0.0,0.0,0.0,0.03184968345642945,-0.019926754340856858,0.0020467297593483977,0.0016556642966551523
16.74601,0.0,0.620657,0.03165664,-0.01913952,0.0,0.6213290157640313,0.03411760852335863,-0.01992473810029034,0.0,0.6201150017814874,0.03412234666818593,-0.019920974070294774,0.03412234666818593,-0.019920974070294774,0.0,0.0,0.0,0.03412234666818593,-0.019920974070294774,0.0,0.0,0.0,0.6212712343554266,0.03352688581506358,-0.01986440646458936,0.03412234381938458,-0.019920976333411285,0.0,0.42090468564850264,0.0,0.2349438340934611,7.80851414218689,0.6819885552323159,13.92851414218573,7.80851414218689,0.0,6.119999999998844,1.0,0.0,0.0,0.0,-0.3906541545551124,0.7653595159656846,0.0,0.0,0.0,0.0,0.0,0.0,0.03412234381938458,-0.019920976333411285,0.0005954580043209937,5.6569868821921816e-05,0.0,0.6212712343554266,0.03352688581506358,-0.01986440646458936,0.03412234381938458,-0.019920976333411285,0.0,0.42090468564850264,0.0,0.2349438340934611,7.80851414218689,0.6819885552323159,13.92851414218573,0.4407438127042742,8.7985141421867,0.4913188842174039,13.5685141421858,8.7985141421867,0.0,4.769999999999097,1.0,0.0,0.0,0.0,-0.3906541545551124,0.7653595159656846,0.0,0.0,0.0,0.0,0.0,0.0,0.03412234381938458,-0.019920976333411285,0.0005954580043209937,5.6569868821921816e-05
16.77168,0.0,0.6101677,0.03622561,-0.01435988,0.0,0.6105607263059113,0.032359376683020497,-0.005856275117530535,0.0,0.6093781848986002,0.032343373745347376,-0.005901979235801039,0.032343373745347376,-0.005901979235801039,0.0,0.0,0.0,0.032343373745347376,-0.005901979235801039,0.0,0.0,0.0,0.6105961687483341,0.03172624035825132,-0.009693444588205058,0.032277228822024,-0.006090888013696049,0.0,0.4200698041325978,0.0,0.2349438340934611,7.80851414218689,0.6819885552323159,13.92851414218573,7.80851414218689,0.0,6.119999999998844,1.0,0.0,0.0,0.0,-0.3906541545551124,0.7653595159656846,0.0,0.0,0.0,0.0,0.0,0.0,0.032277228822024,-0.006090888013696049,0.0005509884637726902,0.00360255657450901,0.0,0.6105961687483341,0.03172624035825132,-0.009693444588205058,0.032277228822024,-0.006090888013696049,0.0,0.4200698041325978,0.0,0.2349438340934611,7.80851414218689,0.6819885552323159,13.92851414218573,0.4407438127042742,8.7985141421867,0.4913188842174039,13.5685141421858,8.7985141421867,0.0,4.769999999999097,1.0,0.0,0.0,0.0,-0.3906541545551124,0.7653595159656846,0.0,0.0,0.0,0.0,0.0,0.0,0.032277228822024,-0.006090888013696049,0.0005509884637726902,0.00360255657450901
16.80737,0.0,0.5955327,0.03481849,-0.001266206,0.0,0.5949748983571292,0.0376594617491614,0.028893633624395728,0.0,0.5938435793044372,0.0376593214744609,0.028892599965330765,0.0376593214744609,0.028892599965330765,0.0,0.0,0.0,0.0376593214744609,0.028892599965330765,0.0,0.0,0.0,0.5952378528170011,0.03713479099437349,0.02374646648378676,0.03765931759040484,0.028892571344419835,0.0,0.4368430619924003,0.0,0.2349438340934611,7.80851414218689,0.6819885552323159,13.92851414218573,7.80851414218689,0.0,6.119999999998844,1.0,0.0,0.0,0.0,-0.3906541545551124,0.7653595159656846,0.0,0.0,0.0,0.0,0.0,0.0,0.03765931759040484,0.028892571344419835,0.0005245265960313592,0.0051461048606330755,0.0,0.5952378528170011,0.03713479099437349,0.02374646648378676,0.03765931759040484,0.028892571344419835,0.0,0.4368430619924003,0.0,0.2349438340934611,7.80851414218689,0.6819885552323159,13.92851414218573,0.4407438127042742,8.7985141421867,0.4913188842174039,13.5685141421858,8.7985141421867,0.0,4.769999999999097,1.0,0.0,0.0,0.0,-0.3906541545551124,0.7653595159656846,0.0,0.0,0.0,0.0,0.0,0.0,0.03765931759040484,0.028892571344419835,0.0005245265960313592,0.0051461048606330755
16.84717,0.0,0.5772197,0.03397452,0.05160969,0.0,0.5752196609894034,0.03430954536926806,0.05766896628359126,0.0,0.5741481511687153,0.03430949644549508,0.05766817219092278,0.03430949644549508,0.05766817219092278,0.0,0.0,0.0,0.03430949644549508,0.05766817219092278,0.0,0.0,0.0,0.5757955537421497,0.03424738125162766,0.05629375759043457,0.034309495333585786,0.05766815414327487,0.0,0.49981409479445005,0.0,0.2349438340934611,7.80851414218689,0.6819885552323159,13.92851414218573,7.80851414218689,0.0,6.119999999998844,1.0,0.0,0.0,0.0,-0.3906541545551124,0.7653595159656846,0.0,0.0,0.0,0.0,0.0,0.0,0.034309495333585786,0.05766815414327487,6.211408195813096e-05,0.0013743965528402995,0.0,0.5757955537421497,0.03424738125162766,0.05629375759043457,0.034309495333585786,0.05766815414327487,0.0,0.49981409479445005,0.0,0.2349438340934611,7.80851414218689,0.6819885552323159,13.92851414218573,0.4407438127042742,8.7985141421867,0.4913188842174039,13.5685141421858,8.7985141421867,0.0,4.769999999999097,1.0,0.0,0.0,0.0,-0.3906541545551124,0.7653595159656846,0.0,0.0,0.0,0.0,0.0,0.0,0.034309495333585786,0.05766815414327487,6.211408195813096e-05,0.0013743965528402995
16.87755,0.0,0.5617233,0.0350665,0.07149672,0.0,0.5593044619414749,0.035771687664982586,0.08360249129451226,0.0,0.5582833477497163,0.035771588591687366,0.08360086118110273,0.035771588591687366,0.08360086118110273,0.0,0.0,0.0,0.035771588591687366,0.08360086118110273,0.0,0.0,0.0,0.5600481713809854,0.03564397134419114,0.08139067782180547,0.03577158524686751,0.08360080614674043,0.0,0.5225015457006017,0.0,0.2349438340934611,7.80851414218689,0.6819885552323159,13.92851414218573,7.80851414218689,0.0,6.119999999998844,1.0,0.0,0.0,0.0,-0.3906541545551124,0.7653595159656846,0.0,0.0,0.0,0.0,0.0,0.0,0.03577158524686751,0.08360080614674043,0.00012761390267637023,0.00221012832493495,0.0,0.5600481713809854,0.03564397134419114,0.08139067782180547,0.03577158524686751,0.08360080614674043,0.0,0.5225015457006017,0.0,0.2349438340934611,7.80851414218689,0.6819885552323159,13.92851414218573,0.4407438127042742,8.7985141421867,0.4913188842174039,13.5685141421858,8.7985141421867,0.0,4.769999999999097,1.0,0.0,0.0,0.0,-0.3906541545551124,0.7653595159656846,0.0,0.0,0.0,0.0,0.0,0.0,0.03577158524686751,0.08360080614674043,0.00012761390267637023,0.00221012832493495
16.9029,0.0,0.5475512,0.03827542,0.1326051,0.0,0.5439405817330284,0.03778094345099453,0.15312582121070084,0.0,0.5430017628792128,0.03778013971848991,0.15310093399066685,0.03778013971848991,0.15310093399066685,0.0,0.0,0.0,0.03778013971848991,0.15310093399066685,0.0,0.0,0.0,0.545143928312876,0.03760429162294183,0.1458410589300798,0.03777942881870397,0.15307892129453518,0.0,0.596497233680827,0.0,0.2349438340934611,7.80851414218689,0.6819885552323159,13.92851414218573,7.80851414218689,0.0,6.119999999998844,1.0,0.0,0.0,0.0,-0.3906541545551124,0.7653595159656846,0.0,0.0,0.0,0.0,0.0,0.0,0.03777942881870397,0.15307892129453518,0.0001751371957621306,0.007237862364455396,0.0,0.545143928312876,0.03760429162294183,0.1458410589300798,0.03777942881870397,0.15307892129453518,0.0,0.596497233680827,0.0,0.2349438340934611,7.80851414218689,0.6819885552323159,13.92851414218573,0.4407438127042742,8.7985141421867,0.4913188842174039,13.5685141421858,8.7985141421867,0.0,4.769999999999097,1.0,0.0,0.0,0.0,-0.3906541545551124,0.7653595159656846,0.0,0.0,0.0,0.0,0.0,0.0,0.03777942881870397,0.15307892129453518,0.0001751371957621306,0.007237862364455396
16.92394,0.0,0.5345532,0.03806545,0.1625424,0.0,0.5303927741960068,0.03862528264470626,0.18062157868932677,0.0,0.529495582286814,0.03862170561032612,0.18049848668213103,0.03862170561032612,0.18049848668213103,0.0,0.0,0.0,0.03862170561032612,0.18049848668213103,0.0,0.0,0.0,0.5317846163108992,0.038443343773871146,0.17479690399888814,0.038626601049866725,0.18066694731603064,0.0,0.6344587346771902,0.0,0.2349438340934611,7.80851414218689,0.6819885552323159,13.92851414218573,7.80851414218689,0.0,6.119999999998844,1.0,0.0,0.0,0.0,-0.3906541545551124,0.7653595159656846,0.0,0.0,0.0,0.0,0.0,0.0,0.038626601049866725,0.18066694731603064,0.00018325727599558433,0.005870043317142531,0.0,0.5317846163108992,0.038443343773871146,0.17479690399888814,0.038626601049866725,0.18066694731603064,0.0,0.6344587346771902,0.0,0.2349438340934611,7.80851414218689,0.6819885552323159,13.92851414218573,0.4407438127042742,8.7985141421867,0.4913188842174039,13.5685141421858,8.7985141421867,0.0,4.769999999999097,1.0,0.0,0.0,0.0,-0.3906541545551124,0.7653595159656846,0.0,0.0,0.0,0.0,0.0,0.0,0.038626601049866725,0.18066694731603064,0.00018325727599558433,0.005870043317142531
16.94287,0.0,0.5222762,0.03885016,0.1887206,0.0,0.517024932401582,0.04193259105537449,0.25221288313616413,0.0,0.5162072030046002,0.04192858742383064,0.2521636815313006,0.04192858742383064,0.2521636815313006,0.0,0.0,0.0,0.04192858742383064,0.2521636815313006,0.0,0.0,0.0,0.5188207468163586,0.04126091097419852,0.2366929079074394,0.04193247032597828,0.2521105204837881,0.0,0.6878844290372235,0.0,0.2349438340934611,7.80851414218689,0.6819885552323159,13.92851414218573,7.80851414218689,0.0,6.119999999998844,1.0,0.0,0.0,0.0,-0.3906541545551124,0.7653595159656846,0.0,0.0,0.0,0.0,0.0,0.0,0.04193247032597828,0.2521105204837881,0.000671559351779764,0.015417612576348686,0.0,0.5188207468163586,0.04126091097419852,0.2366929079074394,0.04193247032597828,0.2521105204837881,0.0,0.6878844290372235,0.0,0.2349438340934611,7.80851414218689,0.6819885552323159,13.92851414218573,0.4407438127042742,8.7985141421867,0.4913188842174039,13.5685141421858,8.7985141421867,0.0,4.769999999999097,1.0,0.0,0.0,0.0,-0.3906541545551124,0.7653595159656846,0.0,0.0,0.0,0.0,0.0,0.0,0.04193247032597828,0.2521105204837881,0.000671559351779764,0.015417612576348686
16.94922,0.0,0.5179697,0.04016084,0.2157717,0.0,0.5122799793520068,0.041944747948918,0.2625203302600894,0.0,0.5114754060016681,0.04193913044348038,0.25755765485683035,0.04193913044348038,0.25755765485683035,0.0,0.0,0.0,0.04193913044348038,0.25755765485683035,0.0,0.0,0.0,0.5141556224986207,0.0417693538641307,0.24966978910512427,0.04206468656576531,0.27205430577951656,0.0,0.7104181309771528,0.0,0.2349438340934611,7.80851414218689,0.6819885552323159,13.92851414218573,7.80851414218689,0.0,6.119999999998844,1.0,0.0,0.0,0.0,-0.3906541545551124,0.7653595159656846,0.0,0.0,0.0,0.0,0.0,0.0,0.04206468656576531,0.27205430577951656,0.00029533270163460863,0.022384516674392316,0.0,0.5141556224986207,0.0417693538641307,0.24966978910512427,0.04206468656576531,0.27205430577951656,0.0,0.7104181309771528,0.0,0.2349438340934611,7.80851414218689,0.6819885552323159,13.92851414218573,0.4407438127042742,8.7985141421867,0.4913188842174039,13.5685141421858,8.7985141421867,0.0,4.769999999999097,1.0,0.0,0.0,0.0,-0.3906541545551124,0.7653595159656846,0.0,0.0,0.0,0.0,0.0,0.0,0.04206468656576531,0.27205430577951656,0.00029533270163460863,0.022384516674392316
16.964070000000003,0.0,0.5071918,0.04233964,0.2665004,0.0,0.5007677225490806,0.042566972868086035,0.29258480053501645,0.0,0.5000056954524587,0.04256170171420644,0.29240331438668216,0.04256170171420644,0.29240331438668216,0.0,0.0,0.0,0.04256170171420644,0.29240331438668216,0.0,0.0,0.0,0.5028594019838198,0.042379452867100244,0.2844247546052179,0.04256960645758255,0.2926754751813897,0.0,0.7520856580560453,0.0,0.2349438340934611,7.80851414218689,0.6819885552323159,13.92851414218573,7.80851414218689,0.0,6.119999999998844,1.0,0.0,0.0,0.0,-0.3906541545551124,0.7653595159656846,0.0,0.0,0.0,0.0,0.0,0.0,0.04256960645758255,0.2926754751813897,0.0001901535904822998,0.008250720576171777,0.0,0.5028594019838198,0.042379452867100244,0.2844247546052179,0.04256960645758255,0.2926754751813897,0.0,0.7520856580560453,0.0,0.2349438340934611,7.80851414218689,0.6819885552323159,13.92851414218573,0.4407438127042742,8.7985141421867,0.4913188842174039,13.5685141421858,8.7985141421867,0.0,4.769999999999097,1.0,0.0,0.0,0.0,-0.3906541545551124,0.7653595159656846,0.0,0.0,0.0,0.0,0.0,0.0,0.04256960645758255,0.2926754751813897,0.0001901535904822998,0.008250720576171777
16.975769999999997,0.0,0.4982139,0.04247195,0.2896255,0.0,0.49144126094737917,0.04309837063583268,0.3133470695383914,0.0,0.49070660702130503,0.04309918661577926,0.3133955200836571,0.04309918661577926,0.3133955200836571,0.0,0.0,0.0,0.04309918661577926,0.3133955200836571,0.0,0.0,0.0,0.49366031295135154,0.04295500854329181,0.3076836718111734,0.04309918656786102,0.3133955172384093,0.0,0.7771011140047209,0.0,0.2349438340934611,7.80851414218689,0.6819885552323159,13.92851414218573,7.80851414218689,0.0,6.119999999998844,1.0,0.0,0.0,0.0,-0.3906541545551124,0.7653595159656846,0.0,0.0,0.0,0.0,0.0,0.0,0.04309918656786102,0.3133955172384093,0.00014417802456919324,0.00571184542723598,0.0,0.49366031295135154,0.04295500854329181,0.3076836718111734,0.04309918656786102,0.3133955172384093,0.0,0.7771011140047209,0.0,0.2349438340934611,7.80851414218689,0.6819885552323159,13.92851414218573,0.4407438127042742,8.7985141421867,0.4913188842174039,13.5685141421858,8.7985141421867,0.0,4.769999999999097,1.0,0.0,0.0,0.0,-0.3906541545551124,0.7653595159656846,0.0,0.0,0.0,0.0,0.0,0.0,0.04309918656786102,0.3133955172384093,0.00014417802456919324,0.00571184542723598
16.98214,0.0,0.4932159,0.04281006,0.3029358,0.0,0.4862699585761265,0.04355164819613371,0.33387456488433365,0.0,0.48555878688377513,0.043544903157198354,0.33361703963856776,0.043544903157198354,0.33361703963856776,0.0,0.0,0.0,0.043544903157198354,0.33361703963856776,0.0,0.0,0.0,0.4885510632284781,0.043262801278858794,0.3211232617388995,0.04352238226162708,0.33275719298350526,0.0,0.7891492692286607,0.0,0.2349438340934611,7.80851414218689,0.6819885552323159,13.92851414218573,7.80851414218689,0.0,6.119999999998844,1.0,0.0,0.0,0.0,-0.3906541545551124,0.7653595159656846,0.0,0.0,0.0,0.0,0.0,0.0,0.04352238226162708,0.33275719298350526,0.00025958098276829695,0.01163393124460575,0.0,0.4885510632284781,0.043262801278858794,0.3211232617388995,0.04352238226162708,0.33275719298350526,0.0,0.7891492692286607,0.0,0.2349438340934611,7.80851414218689,0.6819885552323159,13.92851414218573,0.4407438127042742,8.7985141421867,0.4913188842174039,13.5685141421858,8.7985141421867,0.0,4.769999999999097,1.0,0.0,0.0,0.0,-0.3906541545551124,0.7653595159656846,0.0,0.0,0.0,0.0,0.0,0.0,0.04352238226162708,0.33275719298350526,0.00025958098276829695,0.01163393124460575
16.998540000000002,0.0,0.4800689,0.04350068,0.3337908,0.0,0.4726818239142423,0.044090806709136135,0.35767689310442197,0.0,0.4720061266990571,0.04402877003487554,0.35472087244437894,0.04402877003487554,0.35472087244437894,0.0,0.0,0.0,0.04402877003487554,0.35472087244437894,0.0,0.0,0.0,0.4751156491729827,0.04394621972163546,0.3510987456139925,0.044020913807907215,0.35434652663191923,0.0,0.8161930769525656,0.0,0.2349438340934611,7.80851414218689,0.6819885552323159,13.92851414218573,7.80851414218689,0.0,6.119999999998844,1.0,0.0,0.0,0.0,-0.3906541545551124,0.7653595159656846,0.0,0.0,0.0,0.0,0.0,0.0,0.044020913807907215,0.35434652663191923,7.469408627175928e-05,0.0032477810179266735,0.0,0.4751156491729827,0.04394621972163546,0.3510987456139925,0.044020913807907215,0.35434652663191923,0.0,0.8161930769525656,0.0,0.2349438340934611,7.80851414218689,0.6819885552323159,13.92851414218573,0.4407438127042742,8.7985141421867,0.4913188842174039,13.5685141421858,8.7985141421867,0.0,4.769999999999097,1.0,0.0,0.0,0.0,-0.3906541545551124,0.7653595159656846,0.0,0.0,0.0,0.0,0.0,0.0,0.044020913807907215,0.35434652663191923,7.469408627175928e-05,0.0032477810179266735
17.021919999999998,0.0,0.4606321,0.04458639,0.3845922,0.0,0.45257618771428987,0.04567595281974898,0.4284592344344502,0.0,0.45198349692803774,0.045650951412806846,0.42773019877144725,0.045650951412806846,0.42773019877144725,0.0,0.0,0.0,0.045650951412806846,0.42773019877144725,0.0,0.0,0.0,0.45527478627986845,0.04512955618131843,0.40745726891796186,0.045556653777453916,0.4249804999537665,0.0,0.8510973138443464,0.0,0.2349438340934611,7.80851414218689,0.6819885552323159,13.92851414218573,7.80851414218689,0.0,6.119999999998844,1.0,0.0,0.0,0.0,-0.3906541545551124,0.7653595159656846,0.0,0.0,0.0,0.0,0.0,0.0,0.045556653777453916,0.4249804999537665,0.0004270975961354896,0.01752323103580464,0.0,0.45527478627986845,0.04512955618131843,0.40745726891796186,0.045556653777453916,0.4249804999537665,0.0,0.8510973138443464,0.0,0.2349438340934611,7.80851414218689,0.6819885552323159,13.92851414218573,0.4407438127042742,8.7985141421867,0.4913188842174039,13.5685141421858,8.7985141421867,0.0,4.769999999999097,1.0,0.0,0.0,0.0,-0.3906541545551124,0.7653595159656846,0.0,0.0,0.0,0.0,0.0,0.0,0.045556653777453916,0.4249804999537665,0.0004270975961354896,0.01752323103580464
17.04484,0.0,0.4405905,0.04619595,0.4507424,0.0,0.4316347602337486,0.04650558689269549,0.48251276369105756,0.0,0.4311092012263046,0.04650451966396679,0.48255430304047786,0.04650451966396679,0.48255430304047786,0.0,0.0,0.0,0.04650451966396679,0.48255430304047786,0.0,0.0,0.0,0.4346610250329886,0.04656100564890344,0.476806965343953,0.046501481220779364,0.48267256724183083,0.0,0.903891746413495,0.0,0.2349438340934611,7.80851414218689,0.6819885552323159,13.92851414218573,7.80851414218689,0.0,6.119999999998844,1.0,0.0,0.0,0.0,-0.3906541545551124,0.7653595159656846,0.0,0.0,0.0,0.0,0.0,0.0,0.046501481220779364,0.48267256724183083,5.95244281240806e-05,0.005865601897877777,0.0,0.4346610250329886,0.04656100564890344,0.476806965343953,0.046501481220779364,0.48267256724183083,0.0,0.903891746413495,0.0,0.2349438340934611,7.80851414218689,0.6819885552323159,13.92851414218573,0.4407438127042742,8.7985141421867,0.4913188842174039,13.5685141421858,8.7985141421867,0.0,4.769999999999097,1.0,0.0,0.0,0.0,-0.3906541545551124,0.7653595159656846,0.0,0.0,0.0,0.0,0.0,0.0,0.046501481220779364,0.48267256724183083,5.95244281240806e-05,0.005865601897877777
17.052909999999997,0.0,0.4332103,0.04714784,0.4841416,0.0,0.4241087798896974,0.04633281561925804,0.5072995571323163,0.0,0.42361007168675424,0.0463325311560809,0.5072555393767724,0.0463325311560809,0.5072555393767724,0.0,0.0,0.0,0.0463325311560809,0.5072555393767724,0.0,0.0,0.0,0.42720329670448876,0.04641790884450563,0.4952778315912915,0.04633233422662997,0.5072250665664845,0.0,0.9155142282353119,0.0,0.2349438340934611,7.80851414218689,0.6819885552323159,13.92851414218573,7.80851414218689,0.0,6.119999999998844,1.0,0.0,0.0,0.0,-0.3906541545551124,0.7653595159656846,0.0,0.0,0.0,0.0,0.0,0.0,0.04633233422662997,0.5072250665664845,8.557461787566417e-05,0.01194723497519289,0.0,0.42720329670448876,0.04641790884450563,0.4952778315912915,0.04633233422662997,0.5072250665664845,0.0,0.9155142282353119,0.0,0.2349438340934611,7.80851414218689,0.6819885552323159,13.92851414218573,0.4407438127042742,8.7985141421867,0.4913188842174039,13.5685141421858,8.7985141421867,0.0,4.769999999999097,1.0,0.0,0.0,0.0,-0.3906541545551124,0.7653595159656846,0.0,0.0,0.0,0.0,0.0,0.0,0.04633233422662997,0.5072250665664845,8.557461787566417e-05,0.01194723497519289
17.05937,0.0,0.4272376,0.04695314,0.4884561,0.0,0.41805742606530344,0.046395167576370085,0.5218494151440638,0.0,0.4175717448420735,0.046375860926704,0.5158511384469113,0.046375860926704,0.5158511384469113,0.0,0.0,0.0,0.046375860926704,0.5158511384469113,0.0,0.0,0.0,0.42118168634837516,0.04635985233477403,0.5067159279555002,0.04638597769380857,0.5312401390796218,0.0,0.923597759124974,0.0,0.2349438340934611,7.80851414218689,0.6819885552323159,13.92851414218573,7.80851414218689,0.0,6.119999999998844,1.0,0.0,0.0,0.0,-0.3906541545551124,0.7653595159656846,0.0,0.0,0.0,0.0,0.0,0.0,0.04638597769380857,0.5312401390796218,2.612535903454463e-05,0.02452421112412146,0.0,0.42118168634837516,0.04635985233477403,0.5067159279555002,0.04638597769380857,0.5312401390796218,0.0,0.923597759124974,0.0,0.2349438340934611,7.80851414218689,0.6819885552323159,13.92851414218573,0.4407438127042742,8.7985141421867,0.4913188842174039,13.5685141421858,8.7985141421867,0.0,4.769999999999097,1.0,0.0,0.0,0.0,-0.3906541545551124,0.7653595159656846,0.0,0.0,0.0,0.0,0.0,0.0,0.04638597769380857,0.5312401390796218,2.612535903454463e-05,0.02452421112412146
17.069660000000002,0.0,0.4176899,0.04637614,0.5133994,0.0,0.40827640481855226,0.0464822792107515,0.5502639503202851,0.0,0.40782246596183647,0.046468325413036596,0.5445611018661601,0.046468325413036596,0.5445611018661601,0.0,0.0,0.0,0.046468325413036596,0.5445611018661601,0.0,0.0,0.0,0.4114911565055875,0.046397442797857465,0.5323432218243713,0.04647928571972261,0.5569504490721374,0.0,0.9356862310543842,0.0,0.2349438340934611,7.80851414218689,0.6819885552323159,13.92851414218573,7.80851414218689,0.0,6.119999999998844,1.0,0.0,0.0,0.0,-0.3906541545551124,0.7653595159656846,0.0,0.0,0.0,0.0,0.0,0.0,0.04647928571972261,0.5569504490721374,8.184292186515303e-05,0.0246072272477661,0.0,0.4114911565055875,0.046397442797857465,0.5323432218243713,0.04647928571972261,0.5569504490721374,0.0,0.9356862310543842,0.0,0.2349438340934611,7.80851414218689,0.6819885552323159,13.92851414218573,0.4407438127042742,8.7985141421867,0.4913188842174039,13.5685141421858,8.7985141421867,0.0,4.769999999999097,1.0,0.0,0.0,0.0,-0.3906541545551124,0.7653595159656846,0.0,0.0,0.0,0.0,0.0,0.0,0.04647928571972261,0.5569504490721374,8.184292186515303e-05,0.0246072272477661
17.07797,0.0,0.4098722,0.04643553,0.5346557,0.0,0.40028996480093876,0.046479212079458876,0.5570365845371511,0.0,0.3998515098988464,0.04647928051360226,0.5569565385614238,0.04647928051360226,0.5569565385614238,0.0,0.0,0.0,0.04647928051360226,0.5569565385614238,0.0,0.0,0.0,0.403579830036135,0.046464597024363674,0.552540636942886,0.04647928053426976,0.5569565143870892,0.0,0.9451247694805921,0.0,0.2349438340934611,7.80851414218689,0.6819885552323159,13.92851414218573,7.80851414218689,0.0,6.119999999998844,1.0,0.0,0.0,0.0,-0.3906541545551124,0.7653595159656846,0.0,0.0,0.0,0.0,0.0,0.0,0.04647928053426976,0.5569565143870892,1.4683509906078717e-05,0.004415877444203175,0.0,0.403579830036135,0.046464597024363674,0.552540636942886,0.04647928053426976,0.5569565143870892,0.0,0.9451247694805921,0.0,0.2349438340934611,7.80851414218689,0.6819885552323159,13.92851414218573,0.4407438127042742,8.7985141421867,0.4913188842174039,13.5685141421858,8.7985141421867,0.0,4.769999999999097,1.0,0.0,0.0,0.0,-0.3906541545551124,0.7653595159656846,0.0,0.0,0.0,0.0,0.0,0.0,0.04647928053426976,0.5569565143870892,1.4683509906078717e-05,0.004415877444203175
17.09073,0.0,0.3977329,0.04649547,0.5668816,0.0,0.38793589941000217,0.04621093636193944,0.6055912293325416,0.0,0.3875381796472902,0.04629281615713523,0.6031199840997703,0.04629281615713523,0.6031199840997703,0.0,0.0,0.0,0.04629281615713523,0.6031199840997703,0.0,0.0,0.0,0.3913161249196999,0.046439222788443396,0.586449896170655,0.0462886318320304,0.6039771993684055,0.0,0.9573540052568343,0.0,0.2349438340934611,7.80851414218689,0.6819885552323159,13.92851414218573,7.80851414218689,0.0,6.119999999998844,1.0,0.0,0.0,0.0,-0.3906541545551124,0.7653595159656846,0.0,0.0,0.0,0.0,0.0,0.0,0.0462886318320304,0.6039771993684055,0.00015059095641300148,0.017527303197750626,0.0,0.3913161249196999,0.046439222788443396,0.586449896170655,0.0462886318320304,0.6039771993684055,0.0,0.9573540052568343,0.0,0.2349438340934611,7.80851414218689,0.6819885552323159,13.92851414218573,0.4407438127042742,8.7985141421867,0.4913188842174039,13.5685141421858,8.7985141421867,0.0,4.769999999999097,1.0,0.0,0.0,0.0,-0.3906541545551124,0.7653595159656846,0.0,0.0,0.0,0.0,0.0,0.0,0.0462886318320304,0.6039771993684055,0.00015059095641300148,0.017527303197750626
17.12004,0.0,0.3696074,0.04578445,0.628551,0.0,0.3594899465540136,0.045116383731157575,0.6698888756782371,0.0,0.35916425258703055,0.04527285592024304,0.664689607137285,0.04527285592024304,0.664689607137285,0.0,0.0,0.0,0.04527285592024304,0.664689607137285,0.0,0.0,0.0,0.36299231685662453,0.0455616191133836,0.6503186787164932,0.04498843355059565,0.6723140449990287,0.0,0.9666319164706927,0.0,0.2349438340934611,7.80851414218689,0.6819885552323159,13.92851414218573,7.80851414218689,0.0,6.119999999998844,1.0,0.0,0.0,0.0,-0.3906541545551124,0.7653595159656846,0.0,0.0,0.0,0.0,0.0,0.0,0.04498843355059565,0.6723140449990287,0.0005731855627879507,0.02199536628253548,0.0,0.36299231685662453,0.0455616191133836,0.6503186787164932,0.04498843355059565,0.6723140449990287,0.0,0.9666319164706927,0.0,0.2349438340934611,7.80851414218689,0.6819885552323159,13.92851414218573,0.4407438127042742,8.7985141421867,0.4913188842174039,13.5685141421858,8.7985141421867,0.0,4.769999999999097,1.0,0.0,0.0,0.0,-0.3906541545551124,0.7653595159656846,0.0,0.0,0.0,0.0,0.0,0.0,0.04498843355059565,0.6723140449990287,0.0005731855627879507,0.02199536628253548
17.14758,0.0,0.3429545,0.0445754,0.701119,0.0,0.33248838217282595,0.0439902157515386,0.7244972805865075,0.0,0.332220738238075,0.04399026615381281,0.7244968146159969,0.04399026615381281,0.7244968146159969,0.0,0.0,0.0,0.04399026615381281,0.7244968146159969,0.0,0.0,0.0,0.33612886908062967,0.04411240275469664,0.7200991978300113,0.04399026794756566,0.724496798032699,0.0,0.9763244881921941,0.0,0.2349438340934611,7.80851414218689,0.6819885552323159,13.92851414218573,7.80851414218689,0.0,6.119999999998844,1.0,0.0,0.0,0.0,-0.3906541545551124,0.7653595159656846,0.0,0.0,0.0,0.0,0.0,0.0,0.04399026794756566,0.724496798032699,0.00012213480713099125,0.004397600202687685,0.0,0.33612886908062967,0.04411240275469664,0.7200991978300113,0.04399026794756566,0.724496798032699,0.0,0.9763244881921941,0.0,0.2349438340934611,7.80851414218689,0.6819885552323159,13.92851414218573,0.4407438127042742,8.7985141421867,0.4913188842174039,13.5685141421858,8.7985141421867,0.0,4.769999999999097,1.0,0.0,0.0,0.0,-0.3906541545551124,0.7653595159656846,0.0,0.0,0.0,0.0,0.0,0.0,0.04399026794756566,0.724496798032699,0.00012213480713099125,0.004397600202687685
17.17135,0.0,0.3199237,0.04268454,0.7505248,0.0,0.309598685264838,0.0418651134056818,0.7813511587151469,0.0,0.30938064084247385,0.04188118444609941,0.7806799711999307,0.04188118444609941,0.7806799711999307,0.0,0.0,0.0,0.04188118444609941,0.7806799711999307,0.0,0.0,0.0,0.3132172179531959,0.042195110884779785,0.7632576876432458,0.04191831152347525,0.7791294038338112,0.0,0.96152446643982,0.0,0.2349438340934611,7.80851414218689,0.6819885552323159,13.92851414218573,7.80851414218689,0.0,6.119999999998844,1.0,0.0,0.0,0.0,-0.3906541545551124,0.7653595159656846,0.0,0.0,0.0,0.0,0.0,0.0,0.04191831152347525,0.7791294038338112,0.00027679936130454075,0.015871716190565526,0.0,0.3132172179531959,0.042195110884779785,0.7632576876432458,0.04191831152347525,0.7791294038338112,0.0,0.96152446643982,0.0,0.2349438340934611,7.80851414218689,0.6819885552323159,13.92851414218573,0.4407438127042742,8.7985141421867,0.4913188842174039,13.5685141421858,8.7985141421867,0.0,4.769999999999097,1.0,0.0,0.0,0.0,-0.3906541545551124,0.7653595159656846,0.0,0.0,0.0,0.0,0.0,0.0,0.04191831152347525,0.7791294038338112,0.00027679936130454075,0.015871716190565526
17.197,0.0,0.2955025,0.04136452,0.8029983,0.0,0.2852218983871015,0.04092164282982906,0.8344115174325608,0.0,0.2850494639118837,0.04092167949439324,0.8344077621505833,0.04092167949439324,0.8344077621505833,0.0,0.0,0.0,0.04092167949439324,0.8344077621505833,0.0,0.0,0.0,0.2888758472140502,0.0410216818929,0.8283475785978643,0.040921680213752275,0.8344076884719223,0.0,0.94828744603237,0.0,0.2349438340934611,7.80851414218689,0.6819885552323159,13.92851414218573,7.80851414218689,0.0,6.119999999998844,1.0,0.0,0.0,0.0,-0.3906541545551124,0.7653595159656846,0.0,0.0,0.0,0.0,0.0,0.0,0.040921680213752275,0.8344076884719223,0.0001000016791477283,0.006060109874057934,0.0,0.2888758472140502,0.0410216818929,0.8283475785978643,0.040921680213752275,0.8344076884719223,0.0,0.94828744603237,0.0,0.2349438340934611,7.80851414218689,0.6819885552323159,13.92851414218573,0.4407438127042742,8.7985141421867,0.4913188842174039,13.5685141421858,8.7985141421867,0.0,4.769999999999097,1.0,0.0,0.0,0.0,-0.3906541545551124,0.7653595159656846,0.0,0.0,0.0,0.0,0.0,0.0,0.040921680213752275,0.8344076884719223,0.0001000016791477283,0.006060109874057934
17.22803,0.0,0.2670713,0.03816037,0.8456191,0.0,0.2571693574031248,0.037147991710623274,0.8568403932942433,0.0,0.25702699893996717,0.03716286836022748,0.856549535155228,0.03716286836022748,0.856549535155228,0.0,0.0,0.0,0.03716286836022748,0.856549535155228,0.0,0.0,0.0,0.26060464884515583,0.03734368928231728,0.8541126008556832,0.037162869265907596,0.8565495174479857,0.0,0.8973134201499636,0.0,0.2349438340934611,7.80851414218689,0.6819885552323159,13.92851414218573,7.80851414218689,0.0,6.119999999998844,1.0,0.0,0.0,0.0,-0.3906541545551124,0.7653595159656846,0.0,0.0,0.0,0.0,0.0,0.0,0.037162869265907596,0.8565495174479857,0.0001808200164096795,0.002436916592302463,0.0,0.26060464884515583,0.03734368928231728,0.8541126008556832,0.037162869265907596,0.8565495174479857,0.0,0.8973134201499636,0.0,0.2349438340934611,7.80851414218689,0.6819885552323159,13.92851414218573,0.4407438127042742,8.7985141421867,0.4913188842174039,13.5685141421858,8.7985141421867,0.0,4.769999999999097,1.0,0.0,0.0,0.0,-0.3906541545551124,0.7653595159656846,0.0,0.0,0.0,0.0,0.0,0.0,0.037162869265907596,0.8565495174479857,0.0001808200164096795,0.002436916592302463
17.25696,0.0,0.2419285,0.03514239,0.8918998,0.0,0.23244575705553697,0.03475544352772354,0.9111648896508905,0.0,0.23233908297891268,0.034755524002223794,0.9111628507074476,0.034755524002223794,0.9111628507074476,0.0,0.0,0.0,0.034755524002223794,0.9111628507074476,0.0,0.0,0.0,0.23577553384203068,0.034863156762798234,0.9071086036750318,0.0347555254725523,0.9111628134544466,0.0,0.8521071904107871,0.0,0.2349438340934611,7.80851414218689,0.6819885552323159,13.92851414218573,7.80851414218689,0.0,6.119999999998844,1.0,0.0,0.0,0.0,-0.3906541545551124,0.7653595159656846,0.0,0.0,0.0,0.0,0.0,0.0,0.0347555254725523,0.9111628134544466,0.00010763129024593662,0.004054209779414848,0.0,0.23577553384203068,0.034863156762798234,0.9071086036750318,0.0347555254725523,0.9111628134544466,0.0,0.8521071904107871,0.0,0.2349438340934611,7.80851414218689,0.6819885552323159,13.92851414218573,0.4407438127042742,8.7985141421867,0.4913188842174039,13.5685141421858,8.7985141421867,0.0,4.769999999999097,1.0,0.0,0.0,0.0,-0.3906541545551124,0.7653595159656846,0.0,0.0,0.0,0.0,0.0,0.0,0.0347555254725523,0.9111628134544466,0.00010763129024593662,0.004054209779414848
17.28392,0.0,0.2197023,0.03311746,0.9323873,0.0,0.21098131383938956,0.031044030232457397,0.9156085751834797,0.0,0.21088914569591805,0.031055174303465657,0.9155165711358186,0.031055174303465657,0.9155165711358186,0.0,0.0,0.0,0.031055174303465657,0.9155165711358186,0.0,0.0,0.0,0.21406083934571454,0.03151553152441955,0.9137627154293888,0.03104010447862769,0.9156409857130058,0.0,0.7943165891771808,0.0,0.2349438340934611,7.80851414218689,0.6819885552323159,13.92851414218573,7.80851414218689,0.0,6.119999999998844,1.0,0.0,0.0,0.0,-0.3906541545551124,0.7653595159656846,0.0,0.0,0.0,0.0,0.0,0.0,0.03104010447862769,0.9156409857130058,0.0004754270457918569,0.0018782702836170335,0.0,0.21406083934571454,0.03151553152441955,0.9137627154293888,0.03104010447862769,0.9156409857130058,0.0,0.7943165891771808,0.0,0.2349438340934611,7.80851414218689,0.6819885552323159,13.92851414218573,0.4407438127042742,8.7985141421867,0.4913188842174039,13.5685141421858,8.7985141421867,0.0,4.769999999999097,1.0,0.0,0.0,0.0,-0.3906541545551124,0.7653595159656846,0.0,0.0,0.0,0.0,0.0,0.0,0.03104010447862769,0.9156409857130058,0.0004754270457918569,0.0018782702836170335
17.293689999999998,0.0,0.2120725,0.03137863,0.9130745,0.0,0.20364127095137924,0.02995122158530235,0.9252589335422089,0.0,0.20355633810623208,0.02996518959345724,0.9251443477571052,0.02996518959345724,0.9251443477571052,0.0,0.0,0.0,0.02996518959345724,0.9251443477571052,0.0,0.0,0.0,0.2066517050986385,0.030419599446880722,0.92142231017652,0.029948273815246673,0.9252831154114055,0.0,0.7708866897173893,0.0,0.2349438340934611,7.80851414218689,0.6819885552323159,13.92851414218573,7.80851414218689,0.0,6.119999999998844,1.0,0.0,0.0,0.0,-0.3906541545551124,0.7653595159656846,0.0,0.0,0.0,0.0,0.0,0.0,0.029948273815246673,0.9252831154114055,0.0004713256316340496,0.0038608052348855135,0.0,0.2066517050986385,0.030419599446880722,0.92142231017652,0.029948273815246673,0.9252831154114055,0.0,0.7708866897173893,0.0,0.2349438340934611,7.80851414218689,0.6819885552323159,13.92851414218573,0.4407438127042742,8.7985141421867,0.4913188842174039,13.5685141421858,8.7985141421867,0.0,4.769999999999097,1.0,0.0,0.0,0.0,-0.3906541545551124,0.7653595159656846,0.0,0.0,0.0,0.0,0.0,0.0,0.029948273815246673,0.9252831154114055,0.0004713256316340496,0.0038608052348855135
17.29474,0.0,0.2112703,0.03126805,0.9137372,0.0,0.2028627820386852,0.029955133014703757,0.9252268463466787,0.0,0.20277948114061506,0.029954631882477514,0.9252309573572784,0.029954631882477514,0.9252309573572784,0.0,0.0,0.0,0.029954631882477514,0.9252309573572784,0.0,0.0,0.0,0.20586683403456932,0.030327934389224168,0.9221731731001434,0.02994827615969218,0.9252830961788759,0.0,0.7685672348513646,0.0,0.2349438340934611,7.80851414218689,0.6819885552323159,13.92851414218573,7.80851414218689,0.0,6.119999999998844,1.0,0.0,0.0,0.0,-0.3906541545551124,0.7653595159656846,0.0,0.0,0.0,0.0,0.0,0.0,0.02994827615969218,0.9252830961788759,0.0003796582295319867,0.0031099230787325757,0.0,0.20586683403456932,0.030327934389224168,0.9221731731001434,0.02994827615969218,0.9252830961788759,0.0,0.7685672348513646,0.0,0.2349438340934611,7.80851414218689,0.6819885552323159,13.92851414218573,0.4407438127042742,8.7985141421867,0.4913188842174039,13.5685141421858,8.7985141421867,0.0,4.769999999999097,1.0,0.0,0.0,0.0,-0.3906541545551124,0.7653595159656846,0.0,0.0,0.0,0.0,0.0,0.0,0.02994827615969218,0.9252830961788759,0.0003796582295319867,0.0031099230787325757
17.29739,0.0,0.2092651,0.03099063,0.9153997,0.0,0.2009126776117291,0.02994820736027256,0.9252836605711232,0.0,0.20082842305566415,0.02994827802120052,0.9252830809080947,0.02994827802120052,0.9252830809080947,0.0,0.0,0.0,0.02994827802120052,0.9252830809080947,0.0,0.0,0.0,0.20389496949360286,0.0301625279983942,0.9235280789505059,0.029948279950303414,0.9252830650828054,0.0,0.7628088095019411,0.0,0.2349438340934611,7.80851414218689,0.6819885552323159,13.92851414218573,7.80851414218689,0.0,6.119999999998844,1.0,0.0,0.0,0.0,-0.3906541545551124,0.7653595159656846,0.0,0.0,0.0,0.0,0.0,0.0,0.029948279950303414,0.9252830650828054,0.00021424804809078285,0.001754986132299617,0.0,0.20389496949360286,0.0301625279983942,0.9235280789505059,0.029948279950303414,0.9252830650828054,0.0,0.7628088095019411,0.0,0.2349438340934611,7.80851414218689,0.6819885552323159,13.92851414218573,0.4407438127042742,8.7985141421867,0.4913188842174039,13.5685141421858,8.7985141421867,0.0,4.769999999999097,1.0,0.0,0.0,0.0,-0.3906541545551124,0.7653595159656846,0.0,0.0,0.0,0.0,0.0,0.0,0.029948279950303414,0.9252830650828054,0.00021424804809078285,0.001754986132299617
17.30508,0.0,0.2035268,0.03012568,0.9220815,0.0,0.19531549863227915,0.028838392726240766,0.9334080010494259,0.0,0.19523902383684996,0.028834018082418006,0.9334372073430867,0.028834018082418006,0.9334372073430867,0.0,0.0,0.0,0.028834018082418006,0.9334372073430867,0.0,0.0,0.0,0.1982480750698595,0.02918571734044989,0.9308246444537002,0.028830947038004148,0.9334577104579983,0.0,0.7469711747085226,0.0,0.2349438340934611,7.80851414218689,0.6819885552323159,13.92851414218573,7.80851414218689,0.0,6.119999999998844,1.0,0.0,0.0,0.0,-0.3906541545551124,0.7653595159656846,0.0,0.0,0.0,0.0,0.0,0.0,0.028830947038004148,0.9334577104579983,0.0003547703024457393,0.0026330660042981164,0.0,0.1982480750698595,0.02918571734044989,0.9308246444537002,0.028830947038004148,0.9334577104579983,0.0,0.7469711747085226,0.0,0.2349438340934611,7.80851414218689,0.6819885552323159,13.92851414218573,0.4407438127042742,8.7985141421867,0.4913188842174039,13.5685141421858,8.7985141421867,0.0,4.769999999999097,1.0,0.0,0.0,0.0,-0.3906541545551124,0.7653595159656846,0.0,0.0,0.0,0.0,0.0,0.0,0.028830947038004148,0.9334577104579983,0.0003547703024457393,0.0026330660042981164
17.320880000000002,0.0,0.1920845,0.02837948,0.9364568,0.0,0.18420329436642313,0.027156196205808416,0.9517314405910152,0.0,0.18413636721656748,0.027247640061464327,0.9513543911484266,0.027247640061464327,0.9513543911484266,0.0,0.0,0.0,0.027247640061464327,0.9513543911484266,0.0,0.0,0.0,0.18701665884739055,0.027811203355945738,0.9448598826139284,0.027284790036760622,0.9514215059249225,0.0,0.7151497635693269,0.0,0.2349438340934611,7.80851414218689,0.6819885552323159,13.92851414218573,7.80851414218689,0.0,6.119999999998844,1.0,0.0,0.0,0.0,-0.3906541545551124,0.7653595159656846,0.0,0.0,0.0,0.0,0.0,0.0,0.027284790036760622,0.9514215059249225,0.0005264133191851231,0.006561623310994049,0.0,0.18701665884739055,0.027811203355945738,0.9448598826139284,0.027284790036760622,0.9514215059249225,0.0,0.7151497635693269,0.0,0.2349438340934611,7.80851414218689,0.6819885552323159,13.92851414218573,0.4407438127042742,8.7985141421867,0.4913188842174039,13.5685141421858,8.7985141421867,0.0,4.769999999999097,1.0,0.0,0.0,0.0,-0.3906541545551124,0.7653595159656846,0.0,0.0,0.0,0.0,0.0,0.0,0.027284790036760622,0.9514215059249225,0.0005264133191851231,0.006561623310994049
17.34005,0.0,0.1788604,0.02698511,0.9547002,0.0,0.1714616694895821,0.025242619068702475,0.9490725690894157,0.0,0.17140007993712653,0.02544713994819169,0.9476827950214638,0.02544713994819169,0.9476827950214638,0.0,0.0,0.0,0.02544713994819169,0.9476827950214638,0.0,0.0,0.0,0.17410688715089526,0.026080838495397236,0.9498641503954421,0.025132339123755558,0.9496128103235605,0.0,0.6738352612014032,0.0,0.2349438340934611,7.80851414218689,0.6819885552323159,13.92851414218573,7.80851414218689,0.0,6.119999999998844,1.0,0.0,0.0,0.0,-0.3906541545551124,0.7653595159656846,0.0,0.0,0.0,0.0,0.0,0.0,0.025132339123755558,0.9496128103235605,0.0009484993716416758,0.00025134007188165565,0.0,0.17410688715089526,0.026080838495397236,0.9498641503954421,0.025132339123755558,0.9496128103235605,0.0,0.6738352612014032,0.0,0.2349438340934611,7.80851414218689,0.6819885552323159,13.92851414218573,0.4407438127042742,8.7985141421867,0.4913188842174039,13.5685141421858,8.7985141421867,0.0,4.769999999999097,1.0,0.0,0.0,0.0,-0.3906541545551124,0.7653595159656846,0.0,0.0,0.0,0.0,0.0,0.0,0.025132339123755558,0.9496128103235605,0.0009484993716416758,0.00025134007188165565
17.355050000000002,0.0,0.1690864,0.02531568,0.9488149,0.0,0.162079575007416,0.02415208881295998,0.9532342921465219,0.0,0.16202444394474913,0.02414848096994374,0.9532547832499766,0.02414848096994374,0.9532547832499766,0.0,0.0,0.0,0.02414848096994374,0.9532547832499766,0.0,0.0,0.0,0.16460457345719087,0.024464805684140608,0.9522569316234094,0.024145589138129087,0.9532712076965562,0.0,0.639434204939841,0.0,0.2349438340934611,7.80851414218689,0.6819885552323159,13.92851414218573,7.80851414218689,0.0,6.119999999998844,1.0,0.0,0.0,0.0,-0.3906541545551124,0.7653595159656846,0.0,0.0,0.0,0.0,0.0,0.0,0.024145589138129087,0.9532712076965562,0.00031921654601152033,0.0010142760731467117,0.0,0.16460457345719087,0.024464805684140608,0.9522569316234094,0.024145589138129087,0.9532712076965562,0.0,0.639434204939841,0.0,0.2349438340934611,7.80851414218689,0.6819885552323159,13.92851414218573,0.4407438127042742,8.7985141421867,0.4913188842174039,13.5685141421858,8.7985141421867,0.0,4.769999999999097,1.0,0.0,0.0,0.0,-0.3906541545551124,0.7653595159656846,0.0,0.0,0.0,0.0,0.0,0.0,0.024145589138129087,0.9532712076965562,0.00031921654601152033,0.0010142760731467117
17.37462,0.0,0.1570985,0.02337855,0.95602,0.0,0.15051086246348355,0.022185914107718235,0.9616558940363595,0.0,0.15046318900916247,0.022186936259493292,0.9616514213132811,0.022186936259493292,0.9616514213132811,0.0,0.0,0.0,0.022186936259493292,0.9616514213132811,0.0,0.0,0.0,0.1528929931916487,0.022529483291672592,0.960380839117337,0.02218022891067387,0.9616807712734255,0.0,0.5992522786331731,0.0,0.2349438340934611,7.80851414218689,0.6819885552323159,13.92851414218573,7.80851414218689,0.0,6.119999999998844,1.0,0.0,0.0,0.0,-0.3906541545551124,0.7653595159656846,0.0,0.0,0.0,0.0,0.0,0.0,0.02218022891067387,0.9616807712734255,0.00034925438099871713,0.0012999321560886279,0.0,0.1528929931916487,0.022529483291672592,0.960380839117337,0.02218022891067387,0.9616807712734255,0.0,0.5992522786331731,0.0,0.2349438340934611,7.80851414218689,0.6819885552323159,13.92851414218573,0.4407438127042742,8.7985141421867,0.4913188842174039,13.5685141421858,8.7985141421867,0.0,4.769999999999097,1.0,0.0,0.0,0.0,-0.3906541545551124,0.7653595159656846,0.0,0.0,0.0,0.0,0.0,0.0,0.02218022891067387,0.9616807712734255,0.00034925438099871713,0.0012999321560886279
17.39093,0.0,0.1476765,0.02176717,0.9631052,0.0,0.14141582792112015,0.020051598642939993,0.9710927941975396,0.0,0.14137420504336987,0.0201263922637597,0.9707108868969844,0.0201263922637597,0.9707108868969844,0.0,0.0,0.0,0.0201263922637597,0.9707108868969844,0.0,0.0,0.0,0.1436823419420882,0.020944491998196143,0.9672461612818726,0.02017669196207097,0.9704867861436394,0.0,0.5683889348817606,0.0,0.2349438340934611,7.80851414218689,0.6819885552323159,13.92851414218573,7.80851414218689,0.0,6.119999999998844,1.0,0.0,0.0,0.0,-0.3906541545551124,0.7653595159656846,0.0,0.0,0.0,0.0,0.0,0.0,0.02017669196207097,0.9704867861436394,0.0007678000361251705,0.0032406248617668225,0.0,0.1436823419420882,0.020944491998196143,0.9672461612818726,0.02017669196207097,0.9704867861436394,0.0,0.5683889348817606,0.0,0.2349438340934611,7.80851414218689,0.6819885552323159,13.92851414218573,0.4407438127042742,8.7985141421867,0.4913188842174039,13.5685141421858,8.7985141421867,0.0,4.769999999999097,1.0,0.0,0.0,0.0,-0.3906541545551124,0.7653595159656846,0.0,0.0,0.0,0.0,0.0,0.0,0.02017669196207097,0.9704867861436394,0.0007678000361251705,0.0032406248617668225
17.41527,0.0,0.1344985,0.01933124,0.9735116,0.0,0.12873899677832595,0.01875995587843897,0.9709891425100662,0.0,0.12870184313256167,0.018757165096962014,0.9710067481839705,0.018757165096962014,0.9710067481839705,0.0,0.0,0.0,0.018757165096962014,0.9710067481839705,0.0,0.0,0.0,0.1308321994713065,0.018944057843732688,0.9714120761809866,0.018756602664596875,0.9710102962943816,0.0,0.5237576620695633,0.0,0.2349438340934611,7.80851414218689,0.6819885552323159,13.92851414218573,7.80851414218689,0.0,6.119999999998844,1.0,0.0,0.0,0.0,-0.3906541545551124,0.7653595159656846,0.0,0.0,0.0,0.0,0.0,0.0,0.018756602664596875,0.9710102962943816,0.00018745517913581924,0.0004017798866049274,0.0,0.1308321994713065,0.018944057843732688,0.9714120761809866,0.018756602664596875,0.9710102962943816,0.0,0.5237576620695633,0.0,0.2349438340934611,7.80851414218689,0.6819885552323159,13.92851414218573,0.4407438127042742,8.7985141421867,0.4913188842174039,13.5685141421858,8.7985141421867,0.0,4.769999999999097,1.0,0.0,0.0,0.0,-0.3906541545551124,0.7653595159656846,0.0,0.0,0.0,0.0,0.0,0.0,0.018756602664596875,0.9710102962943816,0.00018745517913581924,0.0004017798866049274
17.46511,0.0,0.110733,0.01609464,0.9805534,0.0,0.10602406956657665,0.015225910477164468,0.980350827531274,0.0,0.10599732450544987,0.015222999557720206,0.9803536109905375,0.015222999557720206,0.9803536109905375,0.0,0.0,0.0,0.015222999557720206,0.9803536109905375,0.0,0.0,0.0,0.10779432046223407,0.015452448909489144,0.980126202471536,0.015221226636942857,0.9803553062805843,0.0,0.43800549451093657,0.0,0.2349438340934611,7.80851414218689,0.6819885552323159,13.92851414218573,7.80851414218689,0.0,6.119999999998844,1.0,0.0,0.0,0.0,-0.3906541545551124,0.7653595159656846,0.0,0.0,0.0,0.0,0.0,0.0,0.015221226636942857,0.9803553062805843,0.0002312222725462887,0.0002291038090482799,0.0,0.10779432046223407,0.015452448909489144,0.980126202471536,0.015221226636942857,0.9803553062805843,0.0,0.43800549451093657,0.0,0.2349438340934611,7.80851414218689,0.6819885552323159,13.92851414218573,0.4407438127042742,8.7985141421867,0.4913188842174039,13.5685141421858,8.7985141421867,0.0,4.769999999999097,1.0,0.0,0.0,0.0,-0.3906541545551124,0.7653595159656846,0.0,0.0,0.0,0.0,0.0,0.0,0.015221226636942857,0.9803553062805843,0.0002312222725462887,0.0002291038090482799
17.503,0.0,0.09537839,0.01332754,0.9827907,0.0,0.09128213891306465,0.01234304348333189,0.985425992026662,0.0,0.09126216988188787,0.012344664950409588,0.9854227639960783,0.012344664950409588,0.9854227639960783,0.0,0.0,0.0,0.012344664950409588,0.9854227639960783,0.0,0.0,0.0,0.09283740709324437,0.012693296076046263,0.9847298431146296,0.012342791506452637,0.9854264936643972,0.0,0.3820960498073752,0.0,0.2349438340934611,7.80851414218689,0.6819885552323159,13.92851414218573,7.80851414218689,0.0,6.119999999998844,1.0,0.0,0.0,0.0,-0.3906541545551124,0.7653595159656846,0.0,0.0,0.0,0.0,0.0,0.0,0.012342791506452637,0.9854264936643972,0.00035050456959362917,0.0006966505497675819,0.0,0.09283740709324437,0.012693296076046263,0.9847298431146296,0.012342791506452637,0.9854264936643972,0.0,0.3820960498073752,0.0,0.2349438340934611,7.80851414218689,0.6819885552323159,13.92851414218573,0.4407438127042742,8.7985141421867,0.4913188842174039,13.5685141421858,8.7985141421867,0.0,4.769999999999097,1.0,0.0,0.0,0.0,-0.3906541545551124,0.7653595159656846,0.0,0.0,0.0,0.0,0.0,0.0,0.012342791506452637,0.9854264936643972,0.00035050456959362917,0.0006966505497675819
17.550739999999998,0.0,0.07887608,0.01080474,0.9883477,0.0,0.07546328489065364,0.009974373106400748,0.9892877033495309,0.0,0.07544755726075825,0.010046530531988857,0.9889803541271477,0.010046530531988857,0.9889803541271477,0.0,0.0,0.0,0.010046530531988857,0.9889803541271477,0.0,0.0,0.0,0.07676503179425176,0.010355929500508248,0.9883158627661262,0.010032713787543395,0.9890263992752811,0.0,0.31862205276846545,0.0,0.2349438340934611,7.80851414218689,0.6819885552323159,13.92851414218573,7.80851414218689,0.0,6.119999999998844,1.0,0.0,0.0,0.0,-0.3906541545551124,0.7653595159656846,0.0,0.0,0.0,0.0,0.0,0.0,0.010032713787543395,0.9890263992752811,0.0003232157129648478,0.0007105365091550371,0.0,0.07676503179425176,0.010355929500508248,0.9883158627661262,0.010032713787543395,0.9890263992752811,0.0,0.31862205276846545,0.0,0.2349438340934611,7.80851414218689,0.6819885552323159,13.92851414218573,0.4407438127042742,8.7985141421867,0.4913188842174039,13.5685141421858,8.7985141421867,0.0,4.769999999999097,1.0,0.0,0.0,0.0,-0.3906541545551124,0.7653595159656846,0.0,0.0,0.0,0.0,0.0,0.0,0.010032713787543395,0.9890263992752811,0.0003232157129648478,0.0007105365091550371
17.60868,0.0,0.06249792,0.008044862,0.9911436,0.0,0.05981088867277961,0.007543212718290784,0.992543474043569,0.0,0.05980013819924246,0.007626750528639945,0.9924921970855647,0.007626750528639945,0.9924921970855647,0.0,0.0,0.0,0.007626750528639945,0.9924921970855647,0.0,0.0,0.0,0.06086547408803392,0.007724748527402995,0.992428827981231,0.007654116276675971,0.9924753995144179,0.0,0.254983340015244,0.0,0.2349438340934611,7.80851414218689,0.6819885552323159,13.92851414218573,7.80851414218689,0.0,6.119999999998844,1.0,0.0,0.0,0.0,-0.3906541545551124,0.7653595159656846,0.0,0.0,0.0,0.0,0.0,0.0,0.007654116276675971,0.9924753995144179,7.063225072702296e-05,4.657153318679079e-05,0.0,0.06086547408803392,0.007724748527402995,0.992428827981231,0.007654116276675971,0.9924753995144179,0.0,0.254983340015244,0.0,0.2349438340934611,7.80851414218689,0.6819885552323159,13.92851414218573,0.4407438127042742,8.7985141421867,0.4913188842174039,13.5685141421858,8.7985141421867,0.0,4.769999999999097,1.0,0.0,0.0,0.0,-0.3906541545551124,0.7653595159656846,0.0,0.0,0.0,0.0,0.0,0.0,0.007654116276675971,0.9924753995144179,7.063225072702296e-05,4.657153318679079e-05
17.66822,0.0,0.04910724,0.006155599,0.9947864,0.0,0.04700541190676998,0.005901192249918848,0.997944561591532,0.0,0.04699747427968067,0.005917812522594011,0.9977043372247351,0.005917812522594011,0.9977043372247351,0.0,0.0,0.0,0.005917812522594011,0.9977043372247351,0.0,0.0,0.0,0.0478468272792004,0.005963087507757394,0.9972920582010949,0.00591781270200554,0.9977043313025925,0.0,0.20176110584991766,0.0,0.2349438340934611,7.80851414218689,0.6819885552323159,13.92851414218573,7.80851414218689,0.0,6.119999999998844,1.0,0.0,0.0,0.0,-0.3906541545551124,0.7653595159656846,0.0,0.0,0.0,0.0,0.0,0.0,0.00591781270200554,0.9977043313025925,4.527480575185344e-05,0.0004122731014975834,0.0,0.0478468272792004,0.005963087507757394,0.9972920582010949,0.00591781270200554,0.9977043313025925,0.0,0.20176110584991766,0.0,0.2349438340934611,7.80851414218689,0.6819885552323159,13.92851414218573,0.4407438127042742,8.7985141421867,0.4913188842174039,13.5685141421858,8.7985141421867,0.0,4.769999999999097,1.0,0.0,0.0,0.0,-0.3906541545551124,0.7653595159656846,0.0,0.0,0.0,0.0,0.0,0.0,0.00591781270200554,0.9977043313025925,4.527480575185344e-05,0.0004122731014975834
17.74266,0.0,0.03620578,0.004022264,0.9946249,0.0,0.034696969514439235,0.003915600736262011,0.9976101535159563,0.0,0.03469185979284426,0.0039162037098679926,0.9976233767623683,0.0039162037098679926,0.9976233767623683,0.0,0.0,0.0,0.0039162037098679926,0.9976233767623683,0.0,0.0,0.0,0.035331534857883415,0.003975410482957043,0.9979057701551116,0.003917803699915954,0.9976584646376108,0.0,0.1507342335560664,0.0,0.2349438340934611,7.80851414218689,0.6819885552323159,13.92851414218573,7.80851414218689,0.0,6.119999999998844,1.0,0.0,0.0,0.0,-0.3906541545551124,0.7653595159656846,0.0,0.0,0.0,0.0,0.0,0.0,0.003917803699915954,0.9976584646376108,5.760678304108972e-05,0.00024730551750085875,0.0,0.035331534857883415,0.003975410482957043,0.9979057701551116,0.003917803699915954,0.9976584646376108,0.0,0.1507342335560664,0.0,0.2349438340934611,7.80851414218689,0.6819885552323159,13.92851414218573,0.4407438127042742,8.7985141421867,0.4913188842174039,13.5685141421858,8.7985141421867,0.0,4.769999999999097,1.0,0.0,0.0,0.0,-0.3906541545551124,0.7653595159656846,0.0,0.0,0.0,0.0,0.0,0.0,0.003917803699915954,0.9976584646376108,5.760678304108972e-05,0.00024730551750085875
17.82226,0.0,0.0260608,0.002854735,0.9965552,0.0,0.025030517325415755,0.0026107374658697205,0.9993468590215124,0.0,0.025027122652224357,0.0026122151455353335,0.9993521348226445,0.0026122151455353335,0.9993521348226445,0.0,0.0,0.0,0.0026122151455353335,0.9993521348226445,0.0,0.0,0.0,0.025496400544538257,0.0027139613552483502,0.9997090773313068,0.0026170312886739325,0.9993693300334966,0.0,0.10931360799053345,0.0,0.2349438340934611,7.80851414218689,0.6819885552323159,13.92851414218573,7.80851414218689,0.0,6.119999999998844,1.0,0.0,0.0,0.0,-0.3906541545551124,0.7653595159656846,0.0,0.0,0.0,0.0,0.0,0.0,0.0026170312886739325,0.9993693300334966,9.693006657441739e-05,0.00033974729781009044,0.0,0.025496400544538257,0.0027139613552483502,0.9997090773313068,0.0026170312886739325,0.9993693300334966,0.0,0.10931360799053345,0.0,0.2349438340934611,7.80851414218689,0.6819885552323159,13.92851414218573,0.4407438127042742,8.7985141421867,0.4913188842174039,13.5685141421858,8.7985141421867,0.0,4.769999999999097,1.0,0.0,0.0,0.0,-0.3906541545551124,0.7653595159656846,0.0,0.0,0.0,0.0,0.0,0.0,0.0026170312886739325,0.9993693300334966,9.693006657441739e-05,0.00033974729781009044
17.90037,0.0,0.0188497,0.001948692,0.9977398,0.0,0.0181206981535371,0.0018029470732670936,0.9994173991468973,0.0,0.01811827292770589,0.001821041583530209,0.9993352158632449,0.001821041583530209,0.9993352158632449,0.0,0.0,0.0,0.001821041583530209,0.9993352158632449,0.0,0.0,0.0,0.01846284287221597,0.0018756461984646552,0.9994613562999927,0.0018049541410147618,0.9992980149357633,0.0,0.0796190333946311,0.0,0.2349438340934611,7.80851414218689,0.6819885552323159,13.92851414218573,7.80851414218689,0.0,6.119999999998844,1.0,0.0,0.0,0.0,-0.3906541545551124,0.7653595159656846,0.0,0.0,0.0,0.0,0.0,0.0,0.0018049541410147618,0.9992980149357633,7.069205744989294e-05,0.00016334136422934163,0.0,0.01846284287221597,0.0018756461984646552,0.9994613562999927,0.0018049541410147618,0.9992980149357633,0.0,0.0796190333946311,0.0,0.2349438340934611,7.80851414218689,0.6819885552323159,13.92851414218573,0.4407438127042742,8.7985141421867,0.4913188842174039,13.5685141421858,8.7985141421867,0.0,4.769999999999097,1.0,0.0,0.0,0.0,-0.3906541545551124,0.7653595159656846,0.0,0.0,0.0,0.0,0.0,0.0,0.0018049541410147618,0.9992980149357633,7.069205744989294e-05,0.00016334136422934163
18.0144,0.0,0.01163843,0.0009975628,0.9988884,0.0,0.011275125101222345,0.0010261689395381329,1.0007126152719126,0.0,0.011273657459092753,0.0010263233299415214,1.000713196871779,0.0010263233299415214,1.000713196871779,0.0,0.0,0.0,0.0010263233299415214,1.000713196871779,0.0,0.0,0.0,0.011493580495704007,0.0010409376241485762,1.000767647343821,0.001025962634078733,1.0007118381042597,0.0,0.05005239622165915,0.0,0.2349438340934611,7.80851414218689,0.6819885552323159,13.92851414218573,7.80851414218689,0.0,6.119999999998844,1.0,0.0,0.0,0.0,-0.3906541545551124,0.7653595159656846,0.0,0.0,0.0,0.0,0.0,0.0,0.001025962634078733,1.0007118381042597,1.4974990069843415e-05,5.580923956131391e-05,0.0,0.011493580495704007,0.0010409376241485762,1.000767647343821,0.001025962634078733,1.0007118381042597,0.0,0.05005239622165915,0.0,0.2349438340934611,7.80851414218689,0.6819885552323159,13.92851414218573,0.4407438127042742,8.7985141421867,0.4913188842174039,13.5685141421858,8.7985141421867,0.0,4.769999999999097,1.0,0.0,0.0,0.0,-0.3906541545551124,0.7653595159656846,0.0,0.0,0.0,0.0,0.0,0.0,0.001025962634078733,1.0007118381042597,1.4974990069843415e-05,5.580923956131391e-05
18.17157,0.0,0.005865864,0.0004508498,0.9994041,0.0,0.005845420371511301,0.0005547285357501943,1.003524255038522,0.0,0.005844409932603341,0.0005550254292974119,1.0035268270807602,0.0005550254292974119,1.0035268270807602,0.0,0.0,0.0,0.0005550254292974119,1.0035268270807602,0.0,0.0,0.0,0.005960511367191073,0.0005667734245081641,1.0036286006363728,0.0005560136482802106,1.0035353881996791,0.0,0.025958762385225768,0.0,0.2349438340934611,7.80851414218689,0.6819885552323159,13.92851414218573,7.80851414218689,0.0,6.119999999998844,1.0,0.0,0.0,0.0,-0.3906541545551124,0.7653595159656846,0.0,0.0,0.0,0.0,0.0,0.0,0.0005560136482802106,1.0035353881996791,1.0759776227953548e-05,9.321243669313672e-05,0.0,0.005960511367191073,0.0005667734245081641,1.0036286006363728,0.0005560136482802106,1.0035353881996791,0.0,0.025958762385225768,0.0,0.2349438340934611,7.80851414218689,0.6819885552323159,13.92851414218573,0.4407438127042742,8.7985141421867,0.4913188842174039,13.5685141421858,8.7985141421867,0.0,4.769999999999097,1.0,0.0,0.0,0.0,-0.3906541545551124,0.7653595159656846,0.0,0.0,0.0,0.0,0.0,0.0,0.0005560136482802106,1.0035353881996791,1.0759776227953548e-05,9.321243669313672e-05
18.3458,0.0,0.002716539,0.0002200426,0.9992122,0.0,0.002838325894137727,0.00027994058309497465,1.0011437175451054,0.0,0.002837749141640465,0.0002798912182776467,1.001143289888808,0.0002798912182776467,1.001143289888808,0.0,0.0,0.0,0.0002798912182776467,1.001143289888808,0.0,0.0,0.0,0.0028950547553169355,0.00028434289745743214,1.0011818555868097,0.0002798912220951329,1.0011432899218788,0.0,0.012513418383792458,0.0,0.2349438340934611,7.80851414218689,0.6819885552323159,13.92851414218573,7.80851414218689,0.0,6.119999999998844,1.0,0.0,0.0,0.0,-0.3906541545551124,0.7653595159656846,0.0,0.0,0.0,0.0,0.0,0.0,0.0002798912220951329,1.0011432899218788,4.451675362299173e-06,3.8565664930617844e-05,0.0,0.0028950547553169355,0.00028434289745743214,1.0011818555868097,0.0002798912220951329,1.0011432899218788,0.0,0.012513418383792458,0.0,0.2349438340934611,7.80851414218689,0.6819885552323159,13.92851414218573,0.4407438127042742,8.7985141421867,0.4913188842174039,13.5685141421858,8.7985141421867,0.0,4.769999999999097,1.0,0.0,0.0,0.0,-0.3906541545551124,0.7653595159656846,0.0,0.0,0.0,0.0,0.0,0.0,0.0002798912220951329,1.0011432899218788,4.451675362299173e-06,3.8565664930617844e-05
18.551560000000002,0.0,0.001077963,9.461738e-05,1.000079,0.0,0.0012001659211633932,0.0001355965183255075,1.0040583097553002,0.0,0.0011998416130298078,0.00013560658185936196,1.004058553989105,0.00013560658185936196,1.004058553989105,0.0,0.0,0.0,0.00013560658185936196,1.004058553989105,0.0,0.0,0.0,0.001224431933528204,0.000135996363916247,1.0040680136834448,0.00013563955089841768,1.0040593541209415,0.0,0.005271078823117659,0.0,0.2349438340934611,7.80851414218689,0.6819885552323159,13.92851414218573,7.80851414218689,0.0,6.119999999998844,1.0,0.0,0.0,0.0,-0.3906541545551124,0.7653595159656846,0.0,0.0,0.0,0.0,0.0,0.0,0.00013563955089841768,1.0040593541209415,3.5681301782930615e-07,8.659562502822012e-06,0.0,0.001224431933528204,0.000135996363916247,1.0040680136834448,0.00013563955089841768,1.0040593541209415,0.0,0.005271078823117659,0.0,0.2349438340934611,7.80851414218689,0.6819885552323159,13.92851414218573,0.4407438127042742,8.7985141421867,0.4913188842174039,13.5685141421858,8.7985141421867,0.0,4.769999999999097,1.0,0.0,0.0,0.0,-0.3906541545551124,0.7653595159656846,0.0,0.0,0.0,0.0,0.0,0.0,0.00013563955089841768,1.0040593541209415,3.5681301782930615e-07,8.659562502822012e-06
18.79643,0.0,0.0003393834,2.789733e-05,1.000023,0.0,0.00046350845204365957,0.00012273531168498678,1.003746178701673,0.0,0.0004633123127993762,0.00012273532317964286,1.003746178980639,0.00012273532317964286,1.003746178980639,0.0,0.0,0.0,0.00012273532317964286,1.003746178980639,0.0,0.0,0.0,0.000471923618205869,0.00012286454303335397,1.0037493150416812,0.00012273532384791575,1.0037461789968576,0.0,0.0017851803141019993,0.0,0.2349438340934611,7.80851414218689,0.6819885552323159,13.92851414218573,7.80851414218689,0.0,6.119999999998844,1.0,0.0,0.0,0.0,-0.3906541545551124,0.7653595159656846,0.0,0.0,0.0,0.0,0.0,0.0,0.00012273532384791575,1.0037461789968576,1.2921918543818105e-07,3.136044823574997e-06,0.0,0.000471923618205869,0.00012286454303335397,1.0037493150416812,0.00012273532384791575,1.0037461789968576,0.0,0.0017851803141019993,0.0,0.2349438340934611,7.80851414218689,0.6819885552323159,13.92851414218573,0.4407438127042742,8.7985141421867,0.4913188842174039,13.5685141421858,8.7985141421867,0.0,4.769999999999097,1.0,0.0,0.0,0.0,-0.3906541545551124,0.7653595159656846,0.0,0.0,0.0,0.0,0.0,0.0,0.00012273532384791575,1.0037461789968576,1.2921918543818105e-07,3.136044823574997e-06
19.07351,0.0,8.691473e-05,6.567374e-06,1.000005,0.0,0.00019370855543690243,0.0001076814784162621,1.0033808343781871,0.0,0.0001936248925782067,0.0001076896007471926,1.0033810315005705,0.0001076896007471926,1.0033810315005705,0.0,0.0,0.0,0.0001076896007471926,1.0033810315005705,0.0,0.0,0.0,0.00019631978364610428,0.0001079183798774193,1.0033865837845042,0.00010768035370386654,1.0033808070823298,0.0,0.0005438248118251105,0.0,0.2349438340934611,7.80851414218689,0.6819885552323159,13.92851414218573,7.80851414218689,0.0,6.119999999998844,1.0,0.0,0.0,0.0,-0.3906541545551124,0.7653595159656846,0.0,0.0,0.0,0.0,0.0,0.0,0.00010768035370386654,1.0033808070823298,2.380261735527299e-07,5.7767021744889275e-06,0.0,0.00019631978364610428,0.0001079183798774193,1.0033865837845042,0.00010768035370386654,1.0033808070823298,0.0,0.0005438248118251105,0.0,0.2349438340934611,7.80851414218689,0.6819885552323159,13.92851414218573,0.4407438127042742,8.7985141421867,0.4913188842174039,13.5685141421858,8.7985141421867,0.0,4.769999999999097,1.0,0.0,0.0,0.0,-0.3906541545551124,0.7653595159656846,0.0,0.0,0.0,0.0,0.0,0.0,0.00010768035370386654,1.0033808070823298,2.380261735527299e-07,5.7767021744889275e-06
19.460820000000002,0.0,8.181413e-06,1.102449e-06,1.000001,0.0,9.194830273685235e-05,8.664333040683075e-05,1.002870255589735,0.0,9.193140068797198e-05,8.670933090068196e-05,1.0028718573681887,8.670933090068196e-05,1.0028718573681887,0.0,0.0,0.0,8.670933090068196e-05,1.0028718573681887,0.0,0.0,0.0,9.256024440759604e-05,8.712461774233637e-05,1.0028819360430055,8.671091406009751e-05,1.0028718957901839,0.0,0.0001280635452171321,0.0,0.2349438340934611,7.80851414218689,0.6819885552323159,13.92851414218573,7.80851414218689,0.0,6.119999999998844,1.0,0.0,0.0,0.0,-0.3906541545551124,0.7653595159656846,0.0,0.0,0.0,0.0,0.0,0.0,8.671091406009751e-05,1.0028718957901839,4.137036822388627e-07,1.0040252821715083e-05,0.0,9.256024440759604e-05,8.712461774233637e-05,1.0028819360430055,8.671091406009751e-05,1.0028718957901839,0.0,0.0001280635452171321,0.0,0.2349438340934611,7.80851414218689,0.6819885552323159,13.92851414218573,0.4407438127042742,8.7985141421867,0.4913188842174039,13.5685141421858,8.7985141421867,0.0,4.769999999999097,1.0,0.0,0.0,0.0,-0.3906541545551124,0.7653595159656846,0.0,0.0,0.0,0.0,0.0,0.0,8.671091406009751e-05,1.0028718957901839,4.137036822388627e-07,1.0040252821715083e-05
20.08951,0.0,-1.142204e-06,-4.246314e-07,0.9999995,0.0,5.00558534150292e-05,5.3025539269825085e-05,1.002054379065743,0.0,5.006455257405066e-05,5.3152965930930546e-05,1.0020574716074544,5.3152965930930546e-05,1.0020574716074544,0.0,0.0,0.0,5.3152965930930546e-05,1.0020574716074544,0.0,0.0,0.0,5.025687286304626e-05,5.3372394006533e-05,1.002062796948877,5.283755049303788e-05,1.002049816730605,0.0,4.419586977779615e-05,0.0,0.2349438340934611,7.80851414218689,0.6819885552323159,13.92851414218573,7.80851414218689,0.0,6.119999999998844,1.0,0.0,0.0,0.0,-0.3906541545551124,0.7653595159656846,0.0,0.0,0.0,0.0,0.0,0.0,5.283755049303788e-05,1.002049816730605,5.34843513495122e-07,1.2980218271713786e-05,0.0,5.025687286304626e-05,5.3372394006533e-05,1.002062796948877,5.283755049303788e-05,1.002049816730605,0.0,4.419586977779615e-05,0.0,0.2349438340934611,7.80851414218689,0.6819885552323159,13.92851414218573,0.4407438127042742,8.7985141421867,0.4913188842174039,13.5685141421858,8.7985141421867,0.0,4.769999999999097,1.0,0.0,0.0,0.0,-0.3906541545551124,0.7653595159656846,0.0,0.0,0.0,0.0,0.0,0.0,5.283755049303788e-05,1.002049816730605,5.34843513495122e-07,1.2980218271713786e-05
21.04717,0.0,1.505009e-06,2.602017e-06,1.000002,0.0,1.1718270002381947e-05,2.2955855764604e-06,1.000823204235935,0.0,1.1735493367026795e-05,2.2955855764604e-06,1.000823204235935,2.2955855764604e-06,1.000823204235935,0.0,0.0,0.0,2.2955855764604e-06,1.000823204235935,0.0,0.0,0.0,1.1899183891767943e-05,2.3091775560578974e-06,1.0008235341022567,2.2955855764604e-06,1.000823204235935,0.0,3.8462366740041776e-05,0.0,0.2349438340934611,7.80851414218689,0.6819885552323159,13.92851414218573,7.80851414218689,0.0,6.119999999998844,1.0,0.0,0.0,0.0,-0.3906541545551124,0.7653595159656846,0.0,0.0,0.0,0.0,0.0,0.0,2.2955855764604e-06,1.000823204235935,1.3591979597497887e-08,3.2986632207805327e-07,0.0,1.1899183891767943e-05,2.3091775560578974e-06,1.0008235341022567,2.2955855764604e-06,1.000823204235935,0.0,3.8462366740041776e-05,0.0,0.2349438340934611,7.80851414218689,0.6819885552323159,13.92851414218573,0.4407438127042742,8.7985141421867,0.4913188842174039,13.5685141421858,8.7985141421867,0.0,4.769999999999097,1.0,0.0,0.0,0.0,-0.3906541545551124,0.7653595159656846,0.0,0.0,0.0,0.0,0.0,0.0,2.2955855764604e-06,1.000823204235935,1.3591979597497887e-08,3.2986632207805327e-07
22.0,0.0,7.325106e-07,0.0,1.0,0.0,3.606529091976283e-06,2.2955855764604e-06,1.000823204235935,0.0,3.605899124164953e-06,2.2955855764604e-06,1.000823204235935,2.2955855764604e-06,1.000823204235935,0.0,0.0,0.0,2.2955855764604e-06,1.000823204235935,0.0,0.0,0.0,3.608021070168894e-06,2.295585576460393e-06,1.000823204235937,2.2955855764604e-06,1.000823204235935,0.0,5.590536887811423e-07,0.0,0.2349438340934611,7.80851414218689,0.6819885552323159,13.92851414218573,7.80851414218689,0.0,6.119999999998844,1.0,0.0,0.0,0.0,-0.3906541545551124,0.7653595159656846,0.0,0.0,0.0,0.0,0.0,0.0,2.2955855764604e-06,1.000823204235935,6.776263578034403e-21,1.998401444325282e-15,0.0,3.608021070168894e-06,2.295585576460393e-06,1.000823204235937,2.2955855764604e-06,1.000823204235935,0.0,5.590536887811423e-07,0.0,0.2349438340934611,7.80851414218689,0.6819885552323159,13.92851414218573,0.4407438127042742,8.7985141421867,0.4913188842174039,13.5685141421858,8.7985141421867,0.0,4.769999999999097,1.0,0.0,0.0,0.0,-0.3906541545551124,0.7653595159656846,0.0,0.0,0.0,0.0,0.0,0.0,2.2955855764604e-06,1.000823204235935,6.776263578034403e-21,1.998401444325282e-15
