time_ns,input_v,hspice_native_pad_v,hspice_native_ku,hspice_native_kd,legacy_input_v,legacy_pad_v,legacy_ku,legacy_kd,coefficient_value_match_input_v,coefficient_value_match_pad_v,coefficient_value_match_ku,coefficient_value_match_kd,coefficient_value_match_kuleg,coefficient_value_match_kdleg,coefficient_value_match_hfall_after_rise,coefficient_value_match_hrise_after_fall,coefficient_value_match_hreverse_edge,coefficient_value_match_kutarget,coefficient_value_match_kdtarget,coefficient_value_match_coeff_jump_ku,coefficient_value_match_coeff_jump_kd,pad_voltage_input_v,pad_voltage_pad_v,pad_voltage_ku,pad_voltage_kd,pad_voltage_kuleg,pad_voltage_kdleg,pad_voltage_padsamp,pad_voltage_padslewpre,pad_voltage_padslewsamp,pad_voltage_tr_pad_early,pad_voltage_tf_pad_early,pad_voltage_tr_pad_late,pad_voltage_tf_pad_late,pad_voltage_padstartcmd,pad_voltage_padstart_latch,pad_voltage_padstartspan,pad_voltage_padmatch_ambiguous,pad_voltage_pmt0,pad_voltage_pmelapsed,pad_voltage_padarg,pad_voltage_kupadmatch,pad_voltage_kdpadmatch,pad_voltage_padmapactive,pad_voltage_hfall_after_rise,pad_voltage_hrise_after_fall,pad_voltage_hreverse_edge,pad_voltage_pmsample,pad_voltage_pmlatchpulse,pad_voltage_kutarget,pad_voltage_kdtarget,pad_voltage_coeff_jump_ku,pad_voltage_coeff_jump_kd,pad_slew_input_v,pad_slew_pad_v,pad_slew_ku,pad_slew_kd,pad_slew_kuleg,pad_slew_kdleg,pad_slew_padsamp,pad_slew_padslewpre,pad_slew_padslewsamp,pad_slew_tr_pad_early,pad_slew_tf_pad_early,pad_slew_tr_pad_late,pad_slew_tf_pad_late,pad_slew_tr_pad_score,pad_slew_tf_pad_score,pad_slew_tr_pad_score_late,pad_slew_tf_pad_score_late,pad_slew_padstartcmd,pad_slew_padstart_latch,pad_slew_padstartspan,pad_slew_padmatch_ambiguous,pad_slew_pmt0,pad_slew_pmelapsed,pad_slew_padarg,pad_slew_kupadmatch,pad_slew_kdpadmatch,pad_slew_padmapactive,pad_slew_hfall_after_rise,pad_slew_hrise_after_fall,pad_slew_hreverse_edge,pad_slew_pmsample,pad_slew_pmlatchpulse,pad_slew_kutarget,pad_slew_kdtarget,pad_slew_coeff_jump_ku,pad_slew_coeff_jump_kd
0.0,0.0,1.644683e-09,0.0,1.0,0.0,1.831349621123643e-06,0.0,1.0,0.0,1.831349621123643e-06,0.0,1.0,0.0,1.0,0.0,0.0,0.0,0.0,1.0,0.0,0.0,0.0,1.831349621123643e-06,0.0,0.9999999999999999,0.0,1.0,0.0,0.0,0.0,0.618257350308631,7.865711115015785,1.109944426715079,13.86571111501464,7.865711115015785,0.0,5.999999999998857,1.0,0.0,0.0,0.0,0.9977324945445993,0.001307235637763012,0.0,0.0,0.0,0.0,0.0,0.0,0.0,1.0,0.0,1.110223024625157e-16,0.0,1.831349621123643e-06,0.0,0.9999999999999999,0.0,1.0,0.0,0.0,0.0,0.618257350308631,7.865711115015785,1.109944426715079,13.86571111501464,0.9068243400544136,6.865711115015974,0.9558131373419678,6.865711115015974,6.865711115015974,0.0,0.0,0.0,0.0,0.0,0.0,0.9977324945445993,0.001307235637763012,0.0,0.0,0.0,0.0,0.0,0.0,0.0,1.0,0.0,1.110223024625157e-16
0.001,0.0,1.644683e-09,0.0,1.0,0.0,1.8313496211236415e-06,0.0,1.0,0.0,1.8313496211236415e-06,0.0,1.0,0.0,1.0,0.0,0.0,0.0,0.0,1.0,0.0,0.0,0.0,1.8313603206413456e-06,0.0,0.9999999999999996,0.0,1.0,0.0,9.901529755612301e-10,0.0,0.618257350308631,7.865711115015785,1.109944426715079,13.86571111501464,7.865711115015785,0.0,5.999999999998857,1.0,0.0,0.0,0.0,0.9977324945445993,0.001307235637763012,0.0,0.0,0.0,0.0,0.0,0.0,0.0,1.0,0.0,3.95516952522712e-16,0.0,1.8313603206413456e-06,0.0,0.9999999999999996,0.0,1.0,0.0,9.901529755612301e-10,0.0,0.618257350308631,7.865711115015785,1.109944426715079,13.86571111501464,0.9068243400544136,6.865711115015974,0.9558131373419678,6.865711115015974,6.865711115015974,0.0,0.0,0.0,0.0,0.0,0.0,0.9977324945445993,0.001307235637763012,0.0,0.0,0.0,0.0,0.0,0.0,0.0,1.0,0.0,3.95516952522712e-16
0.002,0.0,1.644683e-09,0.0,1.0,0.0,1.8313496211236404e-06,0.0,1.0,0.0,1.8313496211236404e-06,0.0,1.0,0.0,1.0,0.0,0.0,0.0,0.0,1.0,0.0,0.0,0.0,1.8313255933681001e-06,0.0,0.9999999999999997,0.0,1.0,0.0,-2.327760939875244e-09,0.0,0.618257350308631,7.865711115015785,1.109944426715079,13.86571111501464,7.865711115015785,0.0,5.999999999998857,1.0,0.0,0.0,0.0,0.9977324945445993,0.001307235637763012,0.0,0.0,0.0,0.0,0.0,0.0,0.0,1.0,0.0,3.816391647148976e-16,0.0,1.8313255933681001e-06,0.0,0.9999999999999997,0.0,1.0,0.0,-2.327760939875244e-09,0.0,0.618257350308631,7.865711115015785,1.109944426715079,13.86571111501464,0.9068243400544136,6.865711115015974,0.9558131373419678,6.865711115015974,6.865711115015974,0.0,0.0,0.0,0.0,0.0,0.0,0.9977324945445993,0.001307235637763012,0.0,0.0,0.0,0.0,0.0,0.0,0.0,1.0,0.0,3.816391647148976e-16
0.0052,0.0,1.644683e-09,0.0,1.0,0.0,1.83134962112364e-06,0.0,1.0,0.0,1.83134962112364e-06,0.0,1.0,0.0,1.0,0.0,0.0,0.0,0.0,1.0,0.0,0.0,0.0,1.8310401663845908e-06,0.0,0.9999999999999999,0.0,1.0,0.0,2.6076804698372266e-08,0.0,0.618257350308631,7.865711115015785,1.109944426715079,13.86571111501464,7.865711115015785,0.0,5.999999999998857,1.0,0.0,0.0,0.0,0.9977324945445993,0.001307235637763012,0.0,0.0,0.0,0.0,0.0,0.0,0.0,1.0,0.0,1.5099033134902132e-16,0.0,1.8310401663845908e-06,0.0,0.9999999999999999,0.0,1.0,0.0,2.6076804698372266e-08,0.0,0.618257350308631,7.865711115015785,1.109944426715079,13.86571111501464,0.9068243400544136,6.865711115015974,0.9558131373419678,6.865711115015974,6.865711115015974,0.0,0.0,0.0,0.0,0.0,0.0,0.9977324945445993,0.001307235637763012,0.0,0.0,0.0,0.0,0.0,0.0,0.0,1.0,0.0,1.5099033134902132e-16
0.01544,0.0,1.644683e-09,0.0,1.0,0.0,1.83134962112364e-06,0.0,1.0,0.0,1.83134962112364e-06,0.0,1.0,0.0,1.0,0.0,0.0,0.0,0.0,1.0,0.0,0.0,0.0,1.829977365666805e-06,0.0,1.0,0.0,1.0,0.0,7.463710781023102e-08,0.0,0.618257350308631,7.865711115015785,1.109944426715079,13.86571111501464,7.865711115015785,0.0,5.999999999998857,1.0,0.0,0.0,0.0,0.9977324945445993,0.001307235637763012,0.0,0.0,0.0,0.0,0.0,0.0,0.0,1.0,0.0,0.0,0.0,1.829977365666805e-06,0.0,1.0,0.0,1.0,0.0,7.463710781023102e-08,0.0,0.618257350308631,7.865711115015785,1.109944426715079,13.86571111501464,0.9068243400544136,6.865711115015974,0.9558131373419678,6.865711115015974,6.865711115015974,0.0,0.0,0.0,0.0,0.0,0.0,0.9977324945445993,0.001307235637763012,0.0,0.0,0.0,0.0,0.0,0.0,0.0,1.0,0.0,0.0
0.048208,0.0,1.644683e-09,0.0,1.0,0.0,1.83134962112364e-06,0.0,1.0,0.0,1.83134962112364e-06,0.0,1.0,0.0,1.0,0.0,0.0,0.0,0.0,1.0,0.0,0.0,0.0,1.8284365330382158e-06,0.0,1.0,0.0,1.0,0.0,3.501520911113075e-08,0.0,0.618257350308631,7.865711115015785,1.109944426715079,13.86571111501464,7.865711115015785,0.0,5.999999999998857,1.0,0.0,0.0,0.0,0.9977324945445993,0.001307235637763012,0.0,0.0,0.0,0.0,0.0,0.0,0.0,1.0,0.0,0.0,0.0,1.8284365330382158e-06,0.0,1.0,0.0,1.0,0.0,3.501520911113075e-08,0.0,0.618257350308631,7.865711115015785,1.109944426715079,13.86571111501464,0.9068243400544136,6.865711115015974,0.9558131373419678,6.865711115015974,6.865711115015974,0.0,0.0,0.0,0.0,0.0,0.0,0.9977324945445993,0.001307235637763012,0.0,0.0,0.0,0.0,0.0,0.0,0.0,1.0,0.0,0.0
0.1530656,0.0,1.644683e-09,0.0,1.0,0.0,1.83134962112364e-06,0.0,1.0,0.0,1.83134962112364e-06,0.0,1.0,0.0,1.0,0.0,0.0,0.0,0.0,1.0,0.0,0.0,0.0,1.8279076453871332e-06,0.0,1.0,0.0,1.0,0.0,4.970240234291637e-10,0.0,0.618257350308631,7.865711115015785,1.109944426715079,13.86571111501464,7.865711115015785,0.0,5.999999999998857,1.0,0.0,0.0,0.0,0.9977324945445993,0.001307235637763012,0.0,0.0,0.0,0.0,0.0,0.0,0.0,1.0,0.0,0.0,0.0,1.8279076453871332e-06,0.0,1.0,0.0,1.0,0.0,4.970240234291637e-10,0.0,0.618257350308631,7.865711115015785,1.109944426715079,13.86571111501464,0.9068243400544136,6.865711115015974,0.9558131373419678,6.865711115015974,6.865711115015974,0.0,0.0,0.0,0.0,0.0,0.0,0.9977324945445993,0.001307235637763012,0.0,0.0,0.0,0.0,0.0,0.0,0.0,1.0,0.0,0.0
0.4886099,0.0,1.644683e-09,0.0,1.0,0.0,1.83134962112364e-06,0.0,1.0,0.0,1.83134962112364e-06,0.0,1.0,0.0,1.0,0.0,0.0,0.0,0.0,1.0,0.0,0.0,0.0,1.827900522898942e-06,0.0,1.0,0.0,1.0,0.0,4.920420313054383e-16,0.0,0.618257350308631,7.865711115015785,1.109944426715079,13.86571111501464,7.865711115015785,0.0,5.999999999998857,1.0,0.0,0.0,0.0,0.9977324945445993,0.001307235637763012,0.0,0.0,0.0,0.0,0.0,0.0,0.0,1.0,0.0,0.0,0.0,1.827900522898942e-06,0.0,1.0,0.0,1.0,0.0,4.920420313054383e-16,0.0,0.618257350308631,7.865711115015785,1.109944426715079,13.86571111501464,0.9068243400544136,6.865711115015974,0.9558131373419678,6.865711115015974,6.865711115015974,0.0,0.0,0.0,0.0,0.0,0.0,0.9977324945445993,0.001307235637763012,0.0,0.0,0.0,0.0,0.0,0.0,0.0,1.0,0.0,0.0
1.562352,0.0,1.644683e-09,0.0,1.0,0.0,1.83134962112364e-06,0.0,1.0,0.0,1.83134962112364e-06,0.0,1.0,0.0,1.0,0.0,0.0,0.0,0.0,1.0,0.0,0.0,0.0,1.8279005228919e-06,0.0,1.0,0.0,1.0,0.0,1.897353801849633e-19,0.0,0.618257350308631,7.865711115015785,1.109944426715079,13.86571111501464,7.865711115015785,0.0,5.999999999998857,1.0,0.0,0.0,0.0,0.9977324945445993,0.001307235637763012,0.0,0.0,0.0,0.0,0.0,0.0,0.0,1.0,0.0,0.0,0.0,1.8279005228919e-06,0.0,1.0,0.0,1.0,0.0,1.897353801849633e-19,0.0,0.618257350308631,7.865711115015785,1.109944426715079,13.86571111501464,0.9068243400544136,6.865711115015974,0.9558131373419678,6.865711115015974,6.865711115015974,0.0,0.0,0.0,0.0,0.0,0.0,0.9977324945445993,0.001307235637763012,0.0,0.0,0.0,0.0,0.0,0.0,0.0,1.0,0.0,0.0
2.662352,0.0,1.644683e-09,0.0,1.0,0.0,1.83134962112364e-06,0.0,1.0,0.0,1.83134962112364e-06,0.0,1.0,0.0,1.0,0.0,0.0,0.0,0.0,1.0,0.0,0.0,0.0,1.8279005228919e-06,0.0,1.0,0.0,1.0,0.0,1.897353801849633e-19,0.0,0.618257350308631,7.865711115015785,1.109944426715079,13.86571111501464,7.865711115015785,0.0,5.999999999998857,1.0,0.0,0.0,0.0,0.9977324945445993,0.001307235637763012,0.0,0.0,0.0,0.0,0.0,0.0,0.0,1.0,0.0,0.0,0.0,1.8279005228919e-06,0.0,1.0,0.0,1.0,0.0,1.897353801849633e-19,0.0,0.618257350308631,7.865711115015785,1.109944426715079,13.86571111501464,0.9068243400544136,6.865711115015974,0.9558131373419678,6.865711115015974,6.865711115015974,0.0,0.0,0.0,0.0,0.0,0.0,0.9977324945445993,0.001307235637763012,0.0,0.0,0.0,0.0,0.0,0.0,0.0,1.0,0.0,0.0
3.762352,0.0,1.644683e-09,0.0,1.0,0.0,1.83134962112364e-06,0.0,1.0,0.0,1.83134962112364e-06,0.0,1.0,0.0,1.0,0.0,0.0,0.0,0.0,1.0,0.0,0.0,0.0,1.8279005228919e-06,0.0,1.0,0.0,1.0,0.0,1.897353801849633e-19,0.0,0.618257350308631,7.865711115015785,1.109944426715079,13.86571111501464,7.865711115015785,0.0,5.999999999998857,1.0,0.0,0.0,0.0,0.9977324945445993,0.001307235637763012,0.0,0.0,0.0,0.0,0.0,0.0,0.0,1.0,0.0,0.0,0.0,1.8279005228919e-06,0.0,1.0,0.0,1.0,0.0,1.897353801849633e-19,0.0,0.618257350308631,7.865711115015785,1.109944426715079,13.86571111501464,0.9068243400544136,6.865711115015974,0.9558131373419678,6.865711115015974,6.865711115015974,0.0,0.0,0.0,0.0,0.0,0.0,0.9977324945445993,0.001307235637763012,0.0,0.0,0.0,0.0,0.0,0.0,0.0,1.0,0.0,0.0
4.862352,0.0,1.644683e-09,0.0,1.0,0.0,1.83134962112364e-06,0.0,1.0,0.0,1.83134962112364e-06,0.0,1.0,0.0,1.0,0.0,0.0,0.0,0.0,1.0,0.0,0.0,0.0,1.8279005228919e-06,0.0,1.0,0.0,1.0,0.0,1.897353801849633e-19,0.0,0.618257350308631,7.865711115015785,1.109944426715079,13.86571111501464,7.865711115015785,0.0,5.999999999998857,1.0,0.0,0.0,0.0,0.9977324945445993,0.001307235637763012,0.0,0.0,0.0,0.0,0.0,0.0,0.0,1.0,0.0,0.0,0.0,1.8279005228919e-06,0.0,1.0,0.0,1.0,0.0,1.897353801849633e-19,0.0,0.618257350308631,7.865711115015785,1.109944426715079,13.86571111501464,0.9068243400544136,6.865711115015974,0.9558131373419678,6.865711115015974,6.865711115015974,0.0,0.0,0.0,0.0,0.0,0.0,0.9977324945445993,0.001307235637763012,0.0,0.0,0.0,0.0,0.0,0.0,0.0,1.0,0.0,0.0
5.0,0.0,1.644683e-09,0.0,1.0,0.0,1.831349621123641e-06,0.0,1.0,0.0,1.831349621123641e-06,0.0,1.0,0.0,1.0,0.0,0.0,0.0,0.0,1.0,0.0,0.0,0.0,1.827952058311994e-06,0.0,0.9999999999999997,0.0,1.0,0.0,4.356858187160723e-09,0.0,0.618257350308631,7.865711115015785,1.109944426715079,13.86571111501464,7.865711115015785,0.0,5.999999999998857,1.0,0.0,0.0,0.0,0.9977324945445993,0.001307235637763012,0.0,0.0,0.0,0.0,0.0,0.0,0.0,1.0,0.0,3.33066907387547e-16,0.0,1.827952058311994e-06,0.0,0.9999999999999997,0.0,1.0,0.0,4.356858187160723e-09,0.0,0.618257350308631,7.865711115015785,1.109944426715079,13.86571111501464,0.9068243400544136,6.865711115015974,0.9558131373419678,6.865711115015974,6.865711115015974,0.0,0.0,0.0,0.0,0.0,0.0,0.9977324945445993,0.001307235637763012,0.0,0.0,0.0,0.0,0.0,0.0,0.0,1.0,0.0,3.33066907387547e-16
5.0003,0.0198,1.644683e-09,0.0,1.0,0.01979999999999157,1.8313496211236412e-06,0.0,1.0,0.01979999999999157,1.8313496211236412e-06,0.0,1.0,0.0,1.0,0.0,0.0,0.0,0.0,1.0,0.0,0.0,0.01979999999999157,1.8279953410808004e-06,0.0,0.9999999999999996,0.0,1.0,0.0,8.439784527094793e-09,0.0,0.618257350308631,7.865711115015785,1.109944426715079,13.86571111501464,7.865711115015785,0.0,5.999999999998857,1.0,0.0,0.0,0.0,0.9977324945445993,0.001307235637763012,0.0,0.0,0.0,0.0,0.0,0.0,0.0,1.0,0.0,4.440892098500626e-16,0.01979999999999157,1.8279953410808004e-06,0.0,0.9999999999999996,0.0,1.0,0.0,8.439784527094793e-09,0.0,0.618257350308631,7.865711115015785,1.109944426715079,13.86571111501464,0.9068243400544136,6.865711115015974,0.9558131373419678,6.865711115015974,6.865711115015974,0.0,0.0,0.0,0.0,0.0,0.0,0.9977324945445993,0.001307235637763012,0.0,0.0,0.0,0.0,0.0,0.0,0.0,1.0,0.0,4.440892098500626e-16
5.001259999999999,0.08316,1.644683e-09,0.0,1.0,0.08315999999991625,1.8313496211236427e-06,0.0,1.0,0.08315999999991625,1.8313496211236427e-06,0.0,1.0,0.0,1.0,0.0,0.0,0.0,0.0,1.0,0.0,0.0,0.08315999999991625,1.8281143354254415e-06,0.0,0.9999999999999996,0.0,1.0,0.0,1.8954042077773955e-08,0.0,0.618257350308631,7.865711115015785,1.109944426715079,13.86571111501464,7.865711115015785,0.0,5.999999999998857,1.0,0.0,0.0,0.0,0.9977324945445993,0.001307235637763012,0.0,0.0,0.0,0.0,0.0,0.0,0.0,1.0,0.0,4.440892098500626e-16,0.08315999999991625,1.8281143354254415e-06,0.0,0.9999999999999996,0.0,1.0,0.0,1.8954042077773955e-08,0.0,0.618257350308631,7.865711115015785,1.109944426715079,13.86571111501464,0.9068243400544136,6.865711115015974,0.9558131373419678,6.865711115015974,6.865711115015974,0.0,0.0,0.0,0.0,0.0,0.0,0.9977324945445993,0.001307235637763012,0.0,0.0,0.0,0.0,0.0,0.0,0.0,1.0,0.0,4.440892098500626e-16
5.004332,0.285912,1.644683e-09,0.0,1.0,0.2859119999999866,1.831349621123644e-06,0.0,1.0,0.2859119999999866,1.831349621123644e-06,0.0,1.0,0.0,1.0,0.0,0.0,0.0,0.0,1.0,0.0,0.0,0.2859119999999866,1.8282579679889123e-06,0.0,0.9999999999999996,0.0,1.0,0.0,2.6154001308491673e-08,0.0,0.618257350308631,7.865711115015785,1.109944426715079,13.86571111501464,7.865711115015785,0.0,5.999999999998857,1.0,0.0,0.0,0.0,0.9977324945445993,0.001307235637763012,0.0,0.0,0.0,0.0,0.0,0.0,0.0,1.0,0.0,4.0700776082757207e-16,0.2859119999999866,1.8282579679889123e-06,0.0,0.9999999999999996,0.0,1.0,0.0,2.6154001308491673e-08,0.0,0.618257350308631,7.865711115015785,1.109944426715079,13.86571111501464,0.9068243400544136,6.865711115015974,0.9558131373419678,6.865711115015974,6.865711115015974,0.0,0.0,0.0,0.0,0.0,0.0,0.9977324945445993,0.001307235637763012,0.0,0.0,0.0,0.0,0.0,0.0,0.0,1.0,0.0,4.0700776082757207e-16
5.010221,0.6746,1.644683e-09,0.0,1.0,0.6745859999999556,1.831349621123643e-06,0.0,1.0,0.6745859999999556,1.831349621123643e-06,0.0,1.0,0.0,1.0,0.0,0.0,0.0,0.0,1.0,0.0,0.0,0.6745859999999556,1.8282233602492066e-06,0.0,1.0,0.0,1.0,0.0,1.1763717461682654e-08,0.0,0.618257350308631,7.865711115015785,1.109944426715079,13.86571111501464,7.865711115015785,0.0,5.999999999998857,1.0,0.0,0.0,0.0,0.9977324945445993,0.001307235637763012,0.0,0.0,0.0,0.0,0.0,0.0,0.0,1.0,0.0,0.0,0.6745859999999556,1.8282233602492066e-06,0.0,1.0,0.0,1.0,0.0,1.1763717461682654e-08,0.0,0.618257350308631,7.865711115015785,1.109944426715079,13.86571111501464,0.9068243400544136,6.865711115015974,0.9558131373419678,6.865711115015974,6.865711115015974,0.0,0.0,0.0,0.0,0.0,0.0,0.9977324945445993,0.001307235637763012,0.0,0.0,0.0,0.0,0.0,0.0,0.0,1.0,0.0,0.0
5.011221,0.7406,1.644683e-09,0.0,1.0,0.7405860000000012,1.831349621123643e-06,0.0,1.0,0.7405860000000012,1.831349621123643e-06,0.0,1.0,0.0,1.0,0.0,0.0,0.0,0.0,1.0,0.0,0.0,0.7405860000000012,1.8282109978005398e-06,0.0,1.0,0.0,1.0,0.0,9.395843260770177e-09,0.0,0.618257350308631,7.865711115015785,1.109944426715079,13.86571111501464,7.865711115015785,0.0,5.999999999998857,1.0,0.0,0.0,0.0,0.9977324945445993,0.001307235637763012,0.0,0.0,0.0,0.0,0.0,0.0,0.0,1.0,0.0,0.0,0.7405860000000012,1.8282109978005398e-06,0.0,1.0,0.0,1.0,0.0,9.395843260770177e-09,0.0,0.618257350308631,7.865711115015785,1.109944426715079,13.86571111501464,0.9068243400544136,6.865711115015974,0.9558131373419678,6.865711115015974,6.865711115015974,0.0,0.0,0.0,0.0,0.0,0.0,0.9977324945445993,0.001307235637763012,0.0,0.0,0.0,0.0,0.0,0.0,0.0,1.0,0.0,0.0
5.012220999999999,0.8066,1.644683e-09,0.0,1.0,0.8065859999999654,1.831349621123643e-06,0.0,1.0,0.8065859999999654,1.831349621123643e-06,0.0,1.0,0.0,1.0,0.0,0.0,0.0,0.0,1.0,0.0,0.0,0.8065859999999654,1.8281988035716292e-06,0.0,1.0,0.0,1.0,0.0,7.380165506817567e-09,0.0,0.618257350308631,7.865711115015785,1.109944426715079,13.86571111501464,7.865711115015785,0.0,5.999999999998857,1.0,0.0,0.0,0.0,0.9977324945445993,0.001307235637763012,0.0,0.0,0.0,0.0,0.0,0.0,0.0,1.0,0.0,0.0,0.8065859999999654,1.8281988035716292e-06,0.0,1.0,0.0,1.0,0.0,7.380165506817567e-09,0.0,0.618257350308631,7.865711115015785,1.109944426715079,13.86571111501464,0.9068243400544136,6.865711115015974,0.9558131373419678,6.865711115015974,6.865711115015974,0.0,0.0,0.0,0.0,0.0,0.0,0.9977324945445993,0.001307235637763012,0.0,0.0,0.0,0.0,0.0,0.0,0.0,1.0,0.0,0.0
5.013821,0.9122,6.539549e-05,0.001441955,0.9986132,0.9121860000000135,1.8313496211236425e-06,0.0,1.0,0.9121860000000135,1.8313496211236425e-06,0.0,1.0,0.0,1.0,0.0,0.0,0.0,0.0,1.0,0.0,0.0,0.9121860000000135,1.8281798896498123e-06,0.0,1.0,0.0,1.0,0.0,4.5063923312614864e-09,0.0,0.618257350308631,7.865711115015785,1.109944426715079,13.86571111501464,7.865711115015785,0.0,5.999999999998857,1.0,0.0,0.0,0.0,0.9977324945445993,0.001307235637763012,0.0,0.0,0.0,0.0,0.0,0.0,0.0,1.0,0.0,0.0,0.9121860000000135,1.8281798896498123e-06,0.0,1.0,0.0,1.0,0.0,4.5063923312614864e-09,0.0,0.618257350308631,7.865711115015785,1.109944426715079,13.86571111501464,0.9068243400544136,6.865711115015974,0.9558131373419678,6.865711115015974,6.865711115015974,0.0,0.0,0.0,0.0,0.0,0.0,0.9977324945445993,0.001307235637763012,0.0,0.0,0.0,0.0,0.0,0.0,0.0,1.0,0.0,0.0
5.0160290000000005,1.057916,0.0002113229,0.003311264,0.9968097,1.0579140000000435,1.8313496211236415e-06,0.0,1.0,1.0579140000000435,1.8313496211236415e-06,0.0,1.0,0.0,1.0,0.0,0.0,0.0,0.0,1.0,0.0,0.0,1.0579140000000435,1.8281554407049667e-06,0.0,1.0,0.0,1.0,0.0,1.3771416632378521e-09,0.0,0.618257350308631,7.865711115015785,1.109944426715079,13.86571111501464,7.865711115015785,0.0,5.999999999998857,1.0,0.0,0.0,0.0,0.9977324945445993,0.001307235637763012,0.0,0.0,0.0,0.0,0.0,0.0,0.0,1.0,0.0,0.0,1.0579140000000435,1.8281554407049667e-06,0.0,1.0,0.0,1.0,0.0,1.3771416632378521e-09,0.0,0.618257350308631,7.865711115015785,1.109944426715079,13.86571111501464,0.9068243400544136,6.865711115015974,0.9558131373419678,6.865711115015974,6.865711115015974,0.0,0.0,0.0,0.0,0.0,0.0,0.9977324945445993,0.001307235637763012,0.0,0.0,0.0,0.0,0.0,0.0,0.0,1.0,0.0,0.0
5.020792,1.372246,0.0007195225,0.005028571,0.9971473,1.3722720000000288,1.831349621123641e-06,0.0,1.0,1.3722720000000288,1.831349621123641e-06,0.0,1.0,0.0,1.0,0.0,0.0,0.0,0.0,1.0,0.0,0.0,1.3722720000000288,1.8281094326408669e-06,0.0,1.0,0.0,1.0,0.0,2.527340429704476e-09,0.0,0.618257350308631,7.865711115015785,1.109944426715079,13.86571111501464,7.865711115015785,0.0,5.999999999998857,1.0,0.0,0.0,0.0,0.9977324945445993,0.001307235637763012,0.0,0.0,0.0,0.0,0.0,0.0,0.0,1.0,0.0,0.0,1.3722720000000288,1.8281094326408669e-06,0.0,1.0,0.0,1.0,0.0,2.527340429704476e-09,0.0,0.618257350308631,7.865711115015785,1.109944426715079,13.86571111501464,0.9068243400544136,6.865711115015974,0.9558131373419678,6.865711115015974,6.865711115015974,0.0,0.0,0.0,0.0,0.0,0.0,0.9977324945445993,0.001307235637763012,0.0,0.0,0.0,0.0,0.0,0.0,0.0,1.0,0.0,0.0
5.0292639999999995,1.931431,0.001492984,0.004053246,0.9958533,1.9314240000000373,1.831349621123641e-06,0.0,1.0,1.9314239999999547,1.831349621123643e-06,0.0,1.0,0.0,1.0,0.0,0.0,0.0,0.0,1.0,0.0,0.0,1.9314240000000373,1.8280474248943742e-06,0.0,1.0,0.0,1.0,0.0,5.3626825032693126e-09,0.0,0.618257350308631,7.865711115015785,1.109944426715079,13.86571111501464,0.618257350308631,0.0,0.4916870764064483,0.0,0.0,0.0,0.0,0.0038814754183143,0.9964005392635383,0.0,0.0,0.0,0.0,0.0,0.0,0.0,1.0,0.0,0.0,1.9314240000000373,1.8280474248943742e-06,0.0,1.0,0.0,1.0,0.0,5.3626825032693126e-09,0.0,0.618257350308631,7.865711115015785,1.109944426715079,13.86571111501464,0.9068243400544136,6.865711115015974,0.9558131373419678,6.865711115015974,0.9068243400544136,0.0,0.04898879728755423,0.0,0.0,0.0,0.0,0.0038814754183143,0.9964005392635383,0.0,0.0,0.0,0.0,0.0,0.0,0.0,1.0,0.0,0.0
5.038804,2.561047,0.001730531,0.0020346,1.000592,2.5610640000000098,0.0006519040181745298,0.003665925731417645,0.9978410120177759,2.561063999999991,0.0006400477030017175,0.003665925731417552,0.9978410120177753,0.003665925731417552,0.9978410120177753,0.0,0.0,0.0,0.003665925731417552,0.9978410120177753,0.0,0.0,2.561063999999989,0.03100353816816446,0.14126255256024098,0.8595385283886569,0.003665925731417556,0.9978410120177753,0.0,2.346164345997063,0.0,0.618257350308631,7.865711115015785,1.109944426715079,13.86571111501464,0.618257350308631,0.0,0.4916870764064483,0.0,0.0,0.0,0.0,0.0038814754183143,0.9964005392635383,0.0,0.0,0.0,0.0,0.0,0.0,0.003665925731417556,0.9978410120177753,0.13759662682882348,0.13830248362911846,2.561063999999989,0.03100353816816446,0.14126255256024098,0.8595385283886569,0.003665925731417556,0.9978410120177753,0.0,2.346164345997063,0.0,0.618257350308631,7.865711115015785,1.109944426715079,13.86571111501464,0.9068243400544136,6.865711115015974,0.9558131373419678,6.865711115015974,0.9068243400544136,0.0,0.04898879728755423,0.0,0.0,0.0,0.0,0.0038814754183143,0.9964005392635383,0.0,0.0,0.0,0.0,0.0,0.0,0.003665925731417556,0.9978410120177753,0.13759662682882348,0.13830248362911846
5.05,3.3,0.001576704,0.001620327,1.000562,3.2999999999998826,0.001092436974701022,0.002151850685167473,1.000828351268622,3.2999999999998826,0.0010933831770116593,0.002151850685167378,1.000828351268623,0.002151850685167378,1.000828351268623,0.0,0.0,0.0,0.002151850685167378,1.000828351268623,0.0,0.0,3.2999999999998826,0.03452589323813501,0.01685471478319296,0.9855164661276437,0.002151850685167426,1.000828351268622,0.0,0.7625056917930159,0.0,0.618257350308631,7.865711115015785,1.109944426715079,13.86571111501464,0.618257350308631,0.0,0.4916870764064483,0.0,0.0,0.0,0.0,0.0038814754183143,0.9964005392635383,0.0,0.0,0.0,0.0,0.0,0.0,0.002151850685167426,1.000828351268622,0.014702864098025533,0.01531188514097856,3.2999999999998826,0.03452589323813501,0.01685471478319296,0.9855164661276437,0.002151850685167426,1.000828351268622,0.0,0.7625056917930159,0.0,0.618257350308631,7.865711115015785,1.109944426715079,13.86571111501464,0.9068243400544136,6.865711115015974,0.9558131373419678,6.865711115015974,0.9068243400544136,0.0,0.04898879728755423,0.0,0.0,0.0,0.0,0.0038814754183143,0.9964005392635383,0.0,0.0,0.0,0.0,0.0,0.0,0.002151850685167426,1.000828351268622,0.014702864098025533,0.01531188514097856
5.050481,3.3,0.001568624,0.001608769,1.000417,3.3,0.001101774066484919,0.0021518506851674955,1.0008283512686216,3.3,0.001102696212155029,0.002151850685167473,1.000828351268622,0.002151850685167473,1.000828351268622,0.0,0.0,0.0,0.002151850685167473,1.000828351268622,0.0,0.0,3.3,0.03407822074775229,0.015518428427960735,0.9869081040459675,0.002151850685167472,1.000828351268622,0.0,0.6833631610238476,0.0,0.618257350308631,7.865711115015785,1.109944426715079,13.86571111501464,0.618257350308631,0.0,0.4916870764064483,0.0,0.0,0.0,0.0,0.0038814754183143,0.9964005392635383,0.0,0.0,0.0,0.0,0.0,0.0,0.002151850685167472,1.000828351268622,0.013366577742793265,0.013920247222654282,3.3,0.03407822074775229,0.015518428427960735,0.9869081040459675,0.002151850685167472,1.000828351268622,0.0,0.6833631610238476,0.0,0.618257350308631,7.865711115015785,1.109944426715079,13.86571111501464,0.9068243400544136,6.865711115015974,0.9558131373419678,6.865711115015974,0.9068243400544136,0.0,0.04898879728755423,0.0,0.0,0.0,0.0,0.0038814754183143,0.9964005392635383,0.0,0.0,0.0,0.0,0.0,0.0,0.002151850685167472,1.000828351268622,0.013366577742793265,0.013920247222654282
5.051028,3.3,0.001559439,0.001595633,1.000252,3.3,0.0011121924597167245,0.002148184746704225,1.0008641666246179,3.3,0.001113086110061328,0.0021518506851674214,1.0008283512686225,0.0021518506851674214,1.0008283512686225,0.0,0.0,0.0,0.0021518506851674214,1.0008283512686225,0.0,0.0,3.3,0.03355730362280543,0.014146925777850542,0.9883364169861555,0.0021518506851674335,1.000828351268622,0.0,0.5967836872536475,0.0,0.618257350308631,7.865711115015785,1.109944426715079,13.86571111501464,0.618257350308631,0.0,0.4916870764064483,0.0,0.0,0.0,0.0,0.0038814754183143,0.9964005392635383,0.0,0.0,0.0,0.0,0.0,0.0,0.0021518506851674335,1.000828351268622,0.011995075092683105,0.012491934282466727,3.3,0.03355730362280543,0.014146925777850542,0.9883364169861555,0.0021518506851674335,1.000828351268622,0.0,0.5967836872536475,0.0,0.618257350308631,7.865711115015785,1.109944426715079,13.86571111501464,0.9068243400544136,6.865711115015974,0.9558131373419678,6.865711115015974,0.9068243400544136,0.0,0.04898879728755423,0.0,0.0,0.0,0.0,0.0038814754183143,0.9964005392635383,0.0,0.0,0.0,0.0,0.0,0.0,0.0021518506851674335,1.000828351268622,0.011995075092683105,0.012491934282466727
5.052777,3.3,0.001530027,0.001553597,0.9997235,3.3,0.0011352737301338275,0.001837760190069268,1.0020913680966521,3.3,0.0011379261185815942,0.0018794851639353685,1.0024452787715292,0.0018794851639353685,1.0024452787715292,0.0,0.0,0.0,0.0018794851639353685,1.0024452787715292,0.0,0.0,3.3,0.031840512871639096,0.010584142084977956,0.9920467780643578,0.0021518506851674704,1.000828351268622,0.0,0.34306843232955003,0.0,0.618257350308631,7.865711115015785,1.109944426715079,13.86571111501464,0.618257350308631,0.0,0.4916870764064483,0.0,0.0,0.0,0.0,0.0038814754183143,0.9964005392635383,0.0,0.0,0.0,0.0,0.0,0.0,0.0021518506851674704,1.000828351268622,0.00843229139981049,0.008781573204263966,3.3,0.031840512871639096,0.010584142084977956,0.9920467780643578,0.0021518506851674704,1.000828351268622,0.0,0.34306843232955003,0.0,0.618257350308631,7.865711115015785,1.109944426715079,13.86571111501464,0.9068243400544136,6.865711115015974,0.9558131373419678,6.865711115015974,0.9068243400544136,0.0,0.04898879728755423,0.0,0.0,0.0,0.0,0.0038814754183143,0.9964005392635383,0.0,0.0,0.0,0.0,0.0,0.0,0.0021518506851674704,1.000828351268622,0.00843229139981049,0.008781573204263966
5.058376,3.3,0.001435567,0.001419094,0.9992458,3.3,0.0011702211536785492,0.001796573096123863,1.0017469398806182,3.3,0.001173592692237192,0.0017965730961256778,1.0017469398806296,0.0017965730961256778,1.0017469398806296,0.0,0.0,0.0,0.0017965730961256778,1.0017469398806296,0.0,0.0,3.3,0.02635162296322239,0.00493237920699039,0.9978992835315055,0.0017965730961256867,1.00174693988063,0.0,0.22071876496000487,0.0,0.618257350308631,7.865711115015785,1.109944426715079,13.86571111501464,0.618257350308631,0.0,0.4916870764064483,0.0,0.0,0.0,0.0,0.0038814754183143,0.9964005392635383,0.0,0.0,0.0,0.0,0.0,0.0,0.0017965730961256867,1.00174693988063,0.003135806110864703,0.0038476563491241346,3.3,0.02635162296322239,0.00493237920699039,0.9978992835315055,0.0017965730961256867,1.00174693988063,0.0,0.22071876496000487,0.0,0.618257350308631,7.865711115015785,1.109944426715079,13.86571111501464,0.9068243400544136,6.865711115015974,0.9558131373419678,6.865711115015974,0.9068243400544136,0.0,0.04898879728755423,0.0,0.0,0.0,0.0,0.0038814754183143,0.9964005392635383,0.0,0.0,0.0,0.0,0.0,0.0,0.0017965730961256867,1.00174693988063,0.003135806110864703,0.0038476563491241346
5.071325,3.3,0.00123922,0.001264749,0.9991094,3.3,0.001184148341034571,0.0015961961027038385,1.001162005396754,3.3,0.001187315863788661,0.0016092046305567521,1.0011999794994475,0.0016092046305567521,1.0011999794994475,0.0,0.0,0.0,0.0016092046305567521,1.0011999794994475,0.0,0.0,3.3,0.016279611415506892,0.001995742495789919,1.0008033225745758,0.001614182879021295,1.0012145118524212,0.0,0.6014322106939778,0.0,0.618257350308631,7.865711115015785,1.109944426715079,13.86571111501464,0.618257350308631,0.0,0.4916870764064483,0.0,0.0,0.0,0.0,0.0038814754183143,0.9964005392635383,0.0,0.0,0.0,0.0,0.0,0.0,0.001614182879021295,1.0012145118524212,0.0003815596167686235,0.0004111892778458786,3.3,0.016279611415506892,0.001995742495789919,1.0008033225745758,0.001614182879021295,1.0012145118524212,0.0,0.6014322106939778,0.0,0.618257350308631,7.865711115015785,1.109944426715079,13.86571111501464,0.9068243400544136,6.865711115015974,0.9558131373419678,6.865711115015974,0.9068243400544136,0.0,0.04898879728755423,0.0,0.0,0.0,0.0,0.0038814754183143,0.9964005392635383,0.0,0.0,0.0,0.0,0.0,0.0,0.001614182879021295,1.0012145118524212,0.0003815596167686235,0.0004111892778458786
5.088873,3.3,0.00100621,0.0009532325,1.00044,3.3,0.0010795654488406018,0.0012492727232615952,1.0001492771167615,3.3,0.0010830219495044768,0.0012493310768513604,1.0001494474608024,0.0012493310768513604,1.0001494474608024,0.0,0.0,0.0,0.0012493310768513604,1.0001494474608024,0.0,0.0,3.3,0.00855399976869764,0.0015270980547436393,1.0002620368525765,0.0012494024448125613,1.000149655796006,0.0,0.43387481564185776,0.0,0.618257350308631,7.865711115015785,1.109944426715079,13.86571111501464,0.618257350308631,0.0,0.4916870764064483,0.0,0.0,0.0,0.0,0.0038814754183143,0.9964005392635383,0.0,0.0,0.0,0.0,0.0,0.0,0.0012494024448125613,1.000149655796006,0.0002776956099310781,0.00011238105657012485,3.3,0.00855399976869764,0.0015270980547436393,1.0002620368525765,0.0012494024448125613,1.000149655796006,0.0,0.43387481564185776,0.0,0.618257350308631,7.865711115015785,1.109944426715079,13.86571111501464,0.9068243400544136,6.865711115015974,0.9558131373419678,6.865711115015974,0.9068243400544136,0.0,0.04898879728755423,0.0,0.0,0.0,0.0,0.0038814754183143,0.9964005392635383,0.0,0.0,0.0,0.0,0.0,0.0,0.0012494024448125613,1.000149655796006,0.0002776956099310781,0.00011238105657012485
5.122207,3.3,0.0006897101,0.0007580433,0.999659,3.3,0.0007845025823551873,0.0008605595081248793,1.0030884192395815,3.3,0.0007865863860681648,0.0008650885031954262,1.0031083971095613,0.0008650885031954262,1.0031083971095613,0.0,0.0,0.0,0.0008650885031954262,1.0031083971095613,0.0,0.0,3.3,0.0028457335273827994,0.0009973007608536386,1.0028026550849858,0.0008793185058793452,1.0031711671366896,0.0,0.13485475861140045,0.0,0.618257350308631,7.865711115015785,1.109944426715079,13.86571111501464,0.618257350308631,0.0,0.4916870764064483,0.0,0.0,0.0,0.0,0.0038814754183143,0.9964005392635383,0.0,0.0,0.0,0.0,0.0,0.0,0.0008793185058793452,1.0031711671366896,0.00011798225497429338,0.00036851205170339025,3.3,0.0028457335273827994,0.0009973007608536386,1.0028026550849858,0.0008793185058793452,1.0031711671366896,0.0,0.13485475861140045,0.0,0.618257350308631,7.865711115015785,1.109944426715079,13.86571111501464,0.9068243400544136,6.865711115015974,0.9558131373419678,6.865711115015974,0.9068243400544136,0.0,0.04898879728755423,0.0,0.0,0.0,0.0,0.0038814754183143,0.9964005392635383,0.0,0.0,0.0,0.0,0.0,0.0,0.0008793185058793452,1.0031711671366896,0.00011798225497429338,0.00036851205170339025
5.155539999999999,3.3,0.0005024417,0.0005140625,0.9994562,3.3,0.0006225712020794278,0.0007288955839847161,1.002507635927475,3.3,0.000623731035123196,0.0007285684351401314,1.0025061928397743,0.0007285684351401314,1.0025061928397743,0.0,0.0,0.0,0.0007285684351401314,1.0025061928397743,0.0,0.0,3.3,0.0012804206651536483,0.001128546891574806,1.0018747905271366,0.0007294592670341668,1.002510122392242,0.0,0.037626210668733145,0.0,0.618257350308631,7.865711115015785,1.109944426715079,13.86571111501464,0.618257350308631,0.0,0.4916870764064483,0.0,0.0,0.0,0.0,0.0038814754183143,0.9964005392635383,0.0,0.0,0.0,0.0,0.0,0.0,0.0007294592670341668,1.002510122392242,0.00039908762454063954,0.0006353318651050365,3.3,0.0012804206651536483,0.001128546891574806,1.0018747905271366,0.0007294592670341668,1.002510122392242,0.0,0.037626210668733145,0.0,0.618257350308631,7.865711115015785,1.109944426715079,13.86571111501464,0.9068243400544136,6.865711115015974,0.9558131373419678,6.865711115015974,0.9068243400544136,0.0,0.04898879728755423,0.0,0.0,0.0,0.0,0.0038814754183143,0.9964005392635383,0.0,0.0,0.0,0.0,0.0,0.0,0.0007294592670341668,1.002510122392242,0.00039908762454063954,0.0006353318651050365
5.188873,3.3,0.0003535588,0.0003705707,0.9993369,3.3,0.0005144880422933584,0.0006158755244999717,1.0020090926483596,3.3,0.000515295744665956,0.000615887564056945,1.0020091457561018,0.000615887564056945,1.0020091457561018,0.0,0.0,0.0,0.000615887564056945,1.0020091457561018,0.0,0.0,3.3,0.0007934937505937604,0.0007730101636038423,1.0018376433130318,0.0006159103402871754,1.0020092462244312,0.0,0.012185053022327932,0.0,0.618257350308631,7.865711115015785,1.109944426715079,13.86571111501464,0.618257350308631,0.0,0.4916870764064483,0.0,0.0,0.0,0.0,0.0038814754183143,0.9964005392635383,0.0,0.0,0.0,0.0,0.0,0.0,0.0006159103402871754,1.0020092462244312,0.00015709982331666686,0.00017160291139956148,3.3,0.0007934937505937604,0.0007730101636038423,1.0018376433130318,0.0006159103402871754,1.0020092462244312,0.0,0.012185053022327932,0.0,0.618257350308631,7.865711115015785,1.109944426715079,13.86571111501464,0.9068243400544136,6.865711115015974,0.9558131373419678,6.865711115015974,0.9068243400544136,0.0,0.04898879728755423,0.0,0.0,0.0,0.0,0.0038814754183143,0.9964005392635383,0.0,0.0,0.0,0.0,0.0,0.0,0.0006159103402871754,1.0020092462244312,0.00015709982331666686,0.00017160291139956148
5.222207,3.3,0.00025833,0.0002839344,0.9992649,3.3,0.00042027687303190943,0.00048425062650996124,1.001428481484675,3.3,0.0004210327770941833,0.0004887796215805077,1.001448459354655,0.0004887796215805077,1.001448459354655,0.0,0.0,0.0,0.0004887796215805077,1.001448459354655,0.0,0.0,3.3,0.0005785392988092743,0.0005714511252541777,1.0014545505003438,0.0005030096242644665,1.0015112293817834,0.0,0.005833779110204992,0.0,0.618257350308631,7.865711115015785,1.109944426715079,13.86571111501464,0.618257350308631,0.0,0.4916870764064483,0.0,0.0,0.0,0.0,0.0038814754183143,0.9964005392635383,0.0,0.0,0.0,0.0,0.0,0.0,0.0005030096242644665,1.0015112293817834,6.844150098971124e-05,5.6678881439401816e-05,3.3,0.0005785392988092743,0.0005714511252541777,1.0014545505003438,0.0005030096242644665,1.0015112293817834,0.0,0.005833779110204992,0.0,0.618257350308631,7.865711115015785,1.109944426715079,13.86571111501464,0.9068243400544136,6.865711115015974,0.9558131373419678,6.865711115015974,0.9068243400544136,0.0,0.04898879728755423,0.0,0.0,0.0,0.0,0.0038814754183143,0.9964005392635383,0.0,0.0,0.0,0.0,0.0,0.0,0.0005030096242644665,1.0015112293817834,6.844150098971124e-05,5.6678881439401816e-05
5.25554,3.3,0.0002136575,0.0002780236,0.99926,3.3,0.000327339071190038,0.00035258670236983536,1.0008476981725685,3.3,0.00032817122700676515,0.0003522595535252432,1.0008462550848682,0.0003522595535252432,1.0008462550848682,0.0,0.0,0.0,0.0003522595535252432,1.0008462550848682,0.0,0.0,3.3,0.00043539017992790506,0.0004960894422430241,1.0010613405281725,0.00035315038541918576,1.000850184637335,0.0,0.004380525101979556,0.0,0.618257350308631,7.865711115015785,1.109944426715079,13.86571111501464,0.618257350308631,0.0,0.4916870764064483,0.0,0.0,0.0,0.0,0.0038814754183143,0.9964005392635383,0.0,0.0,0.0,0.0,0.0,0.0,0.00035315038541918576,1.000850184637335,0.00014293905682383827,0.00021115589083788014,3.3,0.00043539017992790506,0.0004960894422430241,1.0010613405281725,0.00035315038541918576,1.000850184637335,0.0,0.004380525101979556,0.0,0.618257350308631,7.865711115015785,1.109944426715079,13.86571111501464,0.9068243400544136,6.865711115015974,0.9558131373419678,6.865711115015974,0.9068243400544136,0.0,0.04898879728755423,0.0,0.0,0.0,0.0,0.0038814754183143,0.9964005392635383,0.0,0.0,0.0,0.0,0.0,0.0,0.00035315038541918576,1.000850184637335,0.00014293905682383827,0.00021115589083788014
5.288873000000001,3.3,0.0001753236,0.0001820754,0.9991802,3.3,0.00023625080679322622,0.00023956664288507789,1.000349154893453,3.3,0.00023697844096021232,0.0002395786824420511,1.0003492080011958,0.0002395786824420511,1.0003492080011958,0.0,0.0,0.0,0.0002395786824420511,1.0003492080011958,0.0,0.0,3.3,0.0002998955058135562,0.0002818923675767749,1.0005626252943725,0.00023960145867228482,1.0003493084695247,0.0,0.003900755291909004,0.0,0.618257350308631,7.865711115015785,1.109944426715079,13.86571111501464,0.618257350308631,0.0,0.4916870764064483,0.0,0.0,0.0,0.0,0.0038814754183143,0.9964005392635383,0.0,0.0,0.0,0.0,0.0,0.0,0.00023960145867228482,1.0003493084695247,4.229090890449006e-05,0.0002133168248480358,3.3,0.0002998955058135562,0.0002818923675767749,1.0005626252943725,0.00023960145867228482,1.0003493084695247,0.0,0.003900755291909004,0.0,0.618257350308631,7.865711115015785,1.109944426715079,13.86571111501464,0.9068243400544136,6.865711115015974,0.9558131373419678,6.865711115015974,0.9068243400544136,0.0,0.04898879728755423,0.0,0.0,0.0,0.0,0.0038814754183143,0.9964005392635383,0.0,0.0,0.0,0.0,0.0,0.0,0.00023960145867228482,1.0003493084695247,4.229090890449006e-05,0.0002133168248480358
5.322207000000001,3.3,-0.000249692,-0.001133527,0.9990848,3.3,0.00014538516599428114,1.8529468253537044e-05,1.0017335491259909,3.3,0.0001466667116583776,6.268859917678963e-05,1.0020747213784402,6.268859917678963e-05,1.0020747213784402,0.0,0.0,0.0,6.268859917678963e-05,1.0020747213784402,0.0,0.0,3.3,0.00016777630314498583,0.00012547517934942613,1.0027915387757227,0.00012974227571489427,1.0034728592201312,0.0,0.003894241806251937,0.0,0.618257350308631,7.865711115015785,1.109944426715079,13.86571111501464,0.618257350308631,0.0,0.4916870764064483,0.0,0.0,0.0,0.0,0.0038814754183143,0.9964005392635383,0.0,0.0,0.0,0.0,0.0,0.0,0.00012974227571489427,1.0034728592201312,4.26709636546811e-06,0.0006813204444088847,3.3,0.00016777630314498583,0.00012547517934942613,1.0027915387757227,0.00012974227571489427,1.0034728592201312,0.0,0.003894241806251937,0.0,0.618257350308631,7.865711115015785,1.109944426715079,13.86571111501464,0.9068243400544136,6.865711115015974,0.9558131373419678,6.865711115015974,0.9068243400544136,0.0,0.04898879728755423,0.0,0.0,0.0,0.0,0.0038814754183143,0.9964005392635383,0.0,0.0,0.0,0.0,0.0,0.0,0.00012974227571489427,1.0034728592201312,4.26709636546811e-06,0.0006813204444088847
5.3555399999999995,3.3,-0.0007645078,-0.001302987,1.000437,3.3,-0.0006273396213208887,-0.0012608614636522172,1.0038652918340316,3.3,-0.0006241481420074419,-0.0012527517847776843,1.003994595072603,-0.0012527517847776843,1.003994595072603,0.0,0.0,0.0,-0.0012527517847776843,1.003994595072603,0.0,0.0,3.3,-0.00039163238452736887,-0.0011067411120178933,1.0007511236332867,-0.0012573751406710278,1.0039048239417656,0.0,0.02151881626415142,0.0,0.618257350308631,7.865711115015785,1.109944426715079,13.86571111501464,0.618257350308631,0.0,0.4916870764064483,0.0,0.0,0.0,0.0,0.0038814754183143,0.9964005392635383,0.0,0.0,0.0,0.0,0.0,0.0,-0.0012573751406710278,1.0039048239417656,0.00015063402865313474,0.0031537003084788355,3.3,-0.00039163238452736887,-0.0011067411120178933,1.0007511236332867,-0.0012573751406710278,1.0039048239417656,0.0,0.02151881626415142,0.0,0.618257350308631,7.865711115015785,1.109944426715079,13.86571111501464,0.9068243400544136,6.865711115015974,0.9558131373419678,6.865711115015974,0.9068243400544136,0.0,0.04898879728755423,0.0,0.0,0.0,0.0,0.0038814754183143,0.9964005392635383,0.0,0.0,0.0,0.0,0.0,0.0,-0.0012573751406710278,1.0039048239417656,0.00015063402865313474,0.0031537003084788355
5.388873,3.3,-0.001026836,-0.001727662,0.9995335,3.3,-0.0009081089738734278,-0.001494831095006937,1.0029262252042506,3.3,-0.0009061153855496044,-0.0014948036844519615,1.0029263626018212,-0.0014948036844519615,1.0029263626018212,0.0,0.0,0.0,-0.0014948036844519615,1.0029263626018212,0.0,0.0,3.3,-0.0007555351594287814,-0.001336274460758176,1.002871353338857,-0.0014947518296277102,1.0029266225282207,0.0,0.009206061140055257,0.0,0.618257350308631,7.865711115015785,1.109944426715079,13.86571111501464,0.618257350308631,0.0,0.4916870764064483,0.0,0.0,0.0,0.0,0.0038814754183143,0.9964005392635383,0.0,0.0,0.0,0.0,0.0,0.0,-0.0014947518296277102,1.0029266225282207,0.00015847736886953487,5.526918936333678e-05,3.3,-0.0007555351594287814,-0.001336274460758176,1.002871353338857,-0.0014947518296277102,1.0029266225282207,0.0,0.009206061140055257,0.0,0.618257350308631,7.865711115015785,1.109944426715079,13.86571111501464,0.9068243400544136,6.865711115015974,0.9558131373419678,6.865711115015974,0.9068243400544136,0.0,0.04898879728755423,0.0,0.0,0.0,0.0,0.0038814754183143,0.9964005392635383,0.0,0.0,0.0,0.0,0.0,0.0,-0.0014947518296277102,1.0029266225282207,0.00015847736886953487,5.526918936333678e-05
5.422207,3.3,-0.001332466,-0.002183131,0.9991544,3.3,-0.0011287545203414516,-0.0017945025455840128,1.0014240984045535,3.3,-0.0011270079622405717,-0.0017841913465391017,1.00147578410365,-0.0017841913465391017,1.00147578410365,0.0,0.0,0.0,-0.0017841913465391017,1.00147578410365,0.0,0.0,3.3,-0.0009899229403780704,-0.0016722715961793551,1.001717877158142,-0.0017517937864180602,1.0016381794309623,0.0,0.006957073973273139,0.0,0.618257350308631,7.865711115015785,1.109944426715079,13.86571111501464,0.618257350308631,0.0,0.4916870764064483,0.0,0.0,0.0,0.0,0.0038814754183143,0.9964005392635383,0.0,0.0,0.0,0.0,0.0,0.0,-0.0017517937864180602,1.0016381794309623,7.952219023870489e-05,7.96977271800361e-05,3.3,-0.0009899229403780704,-0.0016722715961793551,1.001717877158142,-0.0017517937864180602,1.0016381794309623,0.0,0.006957073973273139,0.0,0.618257350308631,7.865711115015785,1.109944426715079,13.86571111501464,0.9068243400544136,6.865711115015974,0.9558131373419678,6.865711115015974,0.9068243400544136,0.0,0.04898879728755423,0.0,0.0,0.0,0.0,0.0038814754183143,0.9964005392635383,0.0,0.0,0.0,0.0,0.0,0.0,-0.0017517937864180602,1.0016381794309623,7.952219023870489e-05,7.96977271800361e-05
5.45554,3.3,-0.001494219,-0.002101626,1.002395,3.3,-0.0013383232677642001,-0.0020706535032490115,1.0009738658304648,3.3,-0.0013366954076098813,-0.0020708239177120373,1.0009957354407386,-0.0020708239177120373,1.0009957354407386,0.0,0.0,0.0,-0.0020708239177120373,1.0009957354407386,0.0,0.0,3.3,-0.0011977960448997032,-0.0018027299113959072,1.0008685343326085,-0.0020703598762173343,1.000936184118276,0.0,0.00635425581571213,0.0,0.618257350308631,7.865711115015785,1.109944426715079,13.86571111501464,0.618257350308631,0.0,0.4916870764064483,0.0,0.0,0.0,0.0,0.0038814754183143,0.9964005392635383,0.0,0.0,0.0,0.0,0.0,0.0,-0.0020703598762173343,1.000936184118276,0.0002676299648214276,6.764978566764165e-05,3.3,-0.0011977960448997032,-0.0018027299113959072,1.0008685343326085,-0.0020703598762173343,1.000936184118276,0.0,0.00635425581571213,0.0,0.618257350308631,7.865711115015785,1.109944426715079,13.86571111501464,0.9068243400544136,6.865711115015974,0.9558131373419678,6.865711115015974,0.9068243400544136,0.0,0.04898879728755423,0.0,0.0,0.0,0.0,0.0038814754183143,0.9964005392635383,0.0,0.0,0.0,0.0,0.0,0.0,-0.0020703598762173343,1.000936184118276,0.0002676299648214276,6.764978566764165e-05
5.488873,3.3,-0.001591799,-0.002420309,0.9999283,3.3,-0.001511115177318611,-0.002297609678124968,1.0025645549945044,3.3,-0.0015095195545268931,-0.0022975785184278677,1.0025646333438947,-0.0022975785184278677,1.0025646333438947,0.0,0.0,0.0,-0.0022975785184278677,1.0025646333438947,0.0,0.0,3.3,-0.0013880766905005526,-0.00216035281024452,1.0024119051798421,-0.002297519571039966,1.0025647815639465,0.0,0.005511859011786645,0.0,0.618257350308631,7.865711115015785,1.109944426715079,13.86571111501464,0.618257350308631,0.0,0.4916870764064483,0.0,0.0,0.0,0.0,0.0038814754183143,0.9964005392635383,0.0,0.0,0.0,0.0,0.0,0.0,-0.002297519571039966,1.0025647815639465,0.00013716676079544594,0.00015287638410455573,3.3,-0.0013880766905005526,-0.00216035281024452,1.0024119051798421,-0.002297519571039966,1.0025647815639465,0.0,0.005511859011786645,0.0,0.618257350308631,7.865711115015785,1.109944426715079,13.86571111501464,0.9068243400544136,6.865711115015974,0.9558131373419678,6.865711115015974,0.9068243400544136,0.0,0.04898879728755423,0.0,0.0,0.0,0.0,0.0038814754183143,0.9964005392635383,0.0,0.0,0.0,0.0,0.0,0.0,-0.002297519571039966,1.0025647815639465,0.00013716676079544594,0.00015287638410455573
5.522207000000001,3.3,-0.001787878,-0.002703934,0.9996921,3.3,-0.0017230887743287457,-0.0026382693852381473,1.0017079843946075,3.3,-0.0017212670092026782,-0.0026265478480684674,1.0017374575724314,-0.0026265478480684674,1.0017374575724314,0.0,0.0,0.0,-0.0026265478480684674,1.0017374575724314,0.0,0.0,3.3,-0.001600313299515473,-0.002519844129424247,1.0018702211765056,-0.00258971903664582,1.0018300616475104,0.0,0.006611219701294533,0.0,0.618257350308631,7.865711115015785,1.109944426715079,13.86571111501464,0.618257350308631,0.0,0.4916870764064483,0.0,0.0,0.0,0.0,0.0038814754183143,0.9964005392635383,0.0,0.0,0.0,0.0,0.0,0.0,-0.00258971903664582,1.0018300616475104,6.987490722157272e-05,4.0159528995688284e-05,3.3,-0.001600313299515473,-0.002519844129424247,1.0018702211765056,-0.00258971903664582,1.0018300616475104,0.0,0.006611219701294533,0.0,0.618257350308631,7.865711115015785,1.109944426715079,13.86571111501464,0.9068243400544136,6.865711115015974,0.9558131373419678,6.865711115015974,0.9068243400544136,0.0,0.04898879728755423,0.0,0.0,0.0,0.0,0.0038814754183143,0.9964005392635383,0.0,0.0,0.0,0.0,0.0,0.0,-0.00258971903664582,1.0018300616475104,6.987490722157272e-05,4.0159528995688284e-05
5.55554,3.3,-0.002000731,-0.003025432,0.9994242,3.3,-0.0019542178991623542,-0.0029790300963176072,1.0008511598256438,3.3,-0.001952109383639126,-0.0029798767934948673,1.0008490308509106,-0.0029798767934948673,1.0008490308509106,0.0,0.0,0.0,-0.0029798767934948673,1.0008490308509106,0.0,0.0,3.3,-0.0018368607071714699,-0.0027410856603394375,1.0012794753096104,-0.0029775712226137703,1.0008548280854868,0.0,0.0071755398106853885,0.0,0.618257350308631,7.865711115015785,1.109944426715079,13.86571111501464,0.618257350308631,0.0,0.4916870764064483,0.0,0.0,0.0,0.0,0.0038814754183143,0.9964005392635383,0.0,0.0,0.0,0.0,0.0,0.0,-0.0029775712226137703,1.0008548280854868,0.000236485562274333,0.0004246472241236907,3.3,-0.0018368607071714699,-0.0027410856603394375,1.0012794753096104,-0.0029775712226137703,1.0008548280854868,0.0,0.0071755398106853885,0.0,0.618257350308631,7.865711115015785,1.109944426715079,13.86571111501464,0.9068243400544136,6.865711115015974,0.9558131373419678,6.865711115015974,0.9068243400544136,0.0,0.04898879728755423,0.0,0.0,0.0,0.0,0.0038814754183143,0.9964005392635383,0.0,0.0,0.0,0.0,0.0,0.0,-0.0029775712226137703,1.0008548280854868,0.000236485562274333,0.0004246472241236907
5.5888729999999995,3.3,-0.002270171,-0.003495695,1.001194,3.3,-0.0021861127543125985,-0.003271538435924301,1.000115663262065,3.3,-0.002184254461347184,-0.003271507276227201,1.0001157416114554,-0.003271507276227201,1.0001157416114554,0.0,0.0,0.0,-0.003271507276227201,1.0001157416114554,0.0,0.0,3.3,-0.002073847775138939,-0.0031570516599478612,1.0004973054045716,-0.00327144832883929,1.000115889831507,0.0,0.00707888480104408,0.0,0.618257350308631,7.865711115015785,1.109944426715079,13.86571111501464,0.618257350308631,0.0,0.4916870764064483,0.0,0.0,0.0,0.0,0.0038814754183143,0.9964005392635383,0.0,0.0,0.0,0.0,0.0,0.0,-0.00327144832883929,1.000115889831507,0.000114396668891429,0.0003814155730648632,3.3,-0.002073847775138939,-0.0031570516599478612,1.0004973054045716,-0.00327144832883929,1.000115889831507,0.0,0.00707888480104408,0.0,0.618257350308631,7.865711115015785,1.109944426715079,13.86571111501464,0.9068243400544136,6.865711115015974,0.9558131373419678,6.865711115015974,0.9068243400544136,0.0,0.04898879728755423,0.0,0.0,0.0,0.0,0.0038814754183143,0.9964005392635383,0.0,0.0,0.0,0.0,0.0,0.0,-0.00327144832883929,1.000115889831507,0.000114396668891429,0.0003814155730648632
5.6222069999999995,3.3,-0.00260938,-0.004016755,0.9995698,3.3,-0.0024653937372753924,-0.003778705722775805,1.0025014649720958,3.3,-0.0024627364997981895,-0.0037610640405474176,1.0025714623174666,-0.0037610640405474176,1.0025714623174666,0.0,0.0,0.0,-0.0037610640405474176,1.0025714623174666,0.0,0.0,3.3,-0.0023529767140986263,-0.003642056120031191,1.0026903077016271,-0.0037056342638412732,1.00279139243375,0.0,0.008955308846440859,0.0,0.618257350308631,7.865711115015785,1.109944426715079,13.86571111501464,0.618257350308631,0.0,0.4916870764064483,0.0,0.0,0.0,0.0,0.0038814754183143,0.9964005392635383,0.0,0.0,0.0,0.0,0.0,0.0,-0.0037056342638412732,1.00279139243375,6.35781438100824e-05,0.00010108473212237893,3.3,-0.0023529767140986263,-0.003642056120031191,1.0026903077016271,-0.0037056342638412732,1.00279139243375,0.0,0.008955308846440859,0.0,0.618257350308631,7.865711115015785,1.109944426715079,13.86571111501464,0.9068243400544136,6.865711115015974,0.9558131373419678,6.865711115015974,0.9068243400544136,0.0,0.04898879728755423,0.0,0.0,0.0,0.0,0.0038814754183143,0.9964005392635383,0.0,0.0,0.0,0.0,0.0,0.0,-0.0037056342638412732,1.00279139243375,6.35781438100824e-05,0.00010108473212237893
5.65554,3.3,-0.002967781,-0.004510854,1.000794,3.3,-0.0028068464567066976,-0.004291572942641888,1.0004665488312474,3.3,-0.0028036768700862697,-0.004292847277426575,1.0004614926211377,-0.004292847277426575,1.0004614926211377,0.0,0.0,0.0,-0.004292847277426575,1.0004614926211377,0.0,0.0,3.3,-0.0026937411474095185,-0.004070542636094223,1.0013947356959774,-0.00428937724203387,1.0004752607676601,0.0,0.010516604814588562,0.0,0.618257350308631,7.865711115015785,1.109944426715079,13.86571111501464,0.618257350308631,0.0,0.4916870764064483,0.0,0.0,0.0,0.0,0.0038814754183143,0.9964005392635383,0.0,0.0,0.0,0.0,0.0,0.0,-0.00428937724203387,1.0004752607676601,0.0002188346059396465,0.000919474928316932,3.3,-0.0026937411474095185,-0.004070542636094223,1.0013947356959774,-0.00428937724203387,1.0004752607676601,0.0,0.010516604814588562,0.0,0.618257350308631,7.865711115015785,1.109944426715079,13.86571111501464,0.9068243400544136,6.865711115015974,0.9558131373419678,6.865711115015974,0.9068243400544136,0.0,0.04898879728755423,0.0,0.0,0.0,0.0,0.0038814754183143,0.9964005392635383,0.0,0.0,0.0,0.0,0.0,0.0,-0.00428937724203387,1.0004752607676601,0.0002188346059396465,0.000919474928316932
5.688873,3.3,-0.003355445,-0.005120014,0.9996218,3.3,-0.003231226968687203,-0.0050409283795992115,1.0030109396970406,3.3,-0.003226713904934799,-0.0050408268402813575,1.0030111682917977,-0.0050408268402813575,1.0030111682917977,0.0,0.0,0.0,-0.0050408268402813575,1.0030111682917977,0.0,0.0,3.3,-0.0030903217251912474,-0.004847848475365309,1.002843822413002,-0.005040634749917386,1.0030116007434935,0.0,0.012979666103168655,0.0,0.618257350308631,7.865711115015785,1.109944426715079,13.86571111501464,0.618257350308631,0.0,0.4916870764064483,0.0,0.0,0.0,0.0,0.0038814754183143,0.9964005392635383,0.0,0.0,0.0,0.0,0.0,0.0,-0.005040634749917386,1.0030116007434935,0.00019278627455207622,0.0001677783304911157,3.3,-0.0030903217251912474,-0.004847848475365309,1.002843822413002,-0.005040634749917386,1.0030116007434935,0.0,0.012979666103168655,0.0,0.618257350308631,7.865711115015785,1.109944426715079,13.86571111501464,0.9068243400544136,6.865711115015974,0.9558131373419678,6.865711115015974,0.9068243400544136,0.0,0.04898879728755423,0.0,0.0,0.0,0.0,0.0038814754183143,0.9964005392635383,0.0,0.0,0.0,0.0,0.0,0.0,-0.005040634749917386,1.0030116007434935,0.00019278627455207622,0.0001677783304911157
5.722207,3.3,-0.004085569,-0.006759997,1.001316,3.3,-0.003885866335967545,-0.006151027562182839,1.0005117811569018,3.3,-0.0038800721168270455,-0.006112830885091402,1.0005977730693862,-0.006112830885091402,1.0005977730693862,0.0,0.0,0.0,-0.006112830885091402,1.0005977730693862,0.0,0.0,3.3,-0.00370554583163807,-0.005885757670174218,1.0010990107355442,-0.005992817767594855,1.0008679577629938,0.0,0.019326641295679663,0.0,0.618257350308631,7.865711115015785,1.109944426715079,13.86571111501464,0.618257350308631,0.0,0.4916870764064483,0.0,0.0,0.0,0.0,0.0038814754183143,0.9964005392635383,0.0,0.0,0.0,0.0,0.0,0.0,-0.005992817767594855,1.0008679577629938,0.00010706009742063672,0.0002310529725506239,3.3,-0.00370554583163807,-0.005885757670174218,1.0010990107355442,-0.005992817767594855,1.0008679577629938,0.0,0.019326641295679663,0.0,0.618257350308631,7.865711115015785,1.109944426715079,13.86571111501464,0.9068243400544136,6.865711115015974,0.9558131373419678,6.865711115015974,0.9068243400544136,0.0,0.04898879728755423,0.0,0.0,0.0,0.0,0.0038814754183143,0.9964005392635383,0.0,0.0,0.0,0.0,0.0,0.0,-0.005992817767594855,1.0008679577629938,0.00010706009742063672,0.0002310529725506239
5.75554,3.3,-0.005103982,-0.008144973,1.000279,3.3,-0.004703511438424457,-0.00751090665867529,1.0016288893407104,3.3,-0.004695416436318448,-0.0075144869455214475,1.0016220724201468,-0.0075144869455214475,1.0016220724201468,0.0,0.0,0.0,-0.0075144869455214475,1.0016220724201468,0.0,0.0,3.3,-0.004471213053869768,-0.006969177970366164,1.0022733435111884,-0.007504737763264981,1.0016406350113198,0.0,0.023977317394273372,0.0,0.618257350308631,7.865711115015785,1.109944426715079,13.86571111501464,0.618257350308631,0.0,0.4916870764064483,0.0,0.0,0.0,0.0,0.0038814754183143,0.9964005392635383,0.0,0.0,0.0,0.0,0.0,0.0,-0.007504737763264981,1.0016406350113198,0.0005355597928988162,0.0006327084998691055,3.3,-0.004471213053869768,-0.006969177970366164,1.0022733435111884,-0.007504737763264981,1.0016406350113198,0.0,0.023977317394273372,0.0,0.618257350308631,7.865711115015785,1.109944426715079,13.86571111501464,0.9068243400544136,6.865711115015974,0.9558131373419678,6.865711115015974,0.9068243400544136,0.0,0.04898879728755423,0.0,0.0,0.0,0.0,0.0038814754183143,0.9964005392635383,0.0,0.0,0.0,0.0,0.0,0.0,-0.007504737763264981,1.0016406350113198,0.0005355597928988162,0.0006327084998691055
5.788873,3.3,-0.006410705,-0.01058411,1.00007,3.3,-0.0058581639802719205,-0.009487421046034842,1.0015365540797596,3.3,-0.005846720974927855,-0.00948721062569125,1.0015349108484102,-0.00948721062569125,1.0015349108484102,0.0,0.0,0.0,-0.00948721062569125,1.0015349108484102,0.0,0.0,3.3,-0.005481436548298535,-0.00899432380237692,1.0016997525594409,-0.009486812556044538,1.0015318022111392,0.0,0.033531947914198425,0.0,0.618257350308631,7.865711115015785,1.109944426715079,13.86571111501464,0.618257350308631,0.0,0.4916870764064483,0.0,0.0,0.0,0.0,0.0038814754183143,0.9964005392635383,0.0,0.0,0.0,0.0,0.0,0.0,-0.009486812556044538,1.0015318022111392,0.0004924887536676179,0.00016795034830131223,3.3,-0.005481436548298535,-0.00899432380237692,1.0016997525594409,-0.009486812556044538,1.0015318022111392,0.0,0.033531947914198425,0.0,0.618257350308631,7.865711115015785,1.109944426715079,13.86571111501464,0.9068243400544136,6.865711115015974,0.9558131373419678,6.865711115015974,0.9068243400544136,0.0,0.04898879728755423,0.0,0.0,0.0,0.0,0.0038814754183143,0.9964005392635383,0.0,0.0,0.0,0.0,0.0,0.0,-0.009486812556044538,1.0015318022111392,0.0004924887536676179,0.00016795034830131223
5.822207,3.3,-0.008097442,-0.01312352,1.003558,3.3,-0.007298046209646661,-0.01169947727073566,1.0029858855126785,3.3,-0.007286048809556057,-0.011624367695149443,1.0030896406402816,-0.011624367695149443,1.0030896406402816,0.0,0.0,0.0,-0.011624367695149443,1.0030896406402816,0.0,0.0,3.3,-0.006855618777997483,-0.011125432935290528,1.0029033358857142,-0.011388375064209429,1.0034156369642575,0.0,0.041832464427981976,0.0,0.618257350308631,7.865711115015785,1.109944426715079,13.86571111501464,0.618257350308631,0.0,0.4916870764064483,0.0,0.0,0.0,0.0,0.0038814754183143,0.9964005392635383,0.0,0.0,0.0,0.0,0.0,0.0,-0.011388375064209429,1.0034156369642575,0.0002629421289189031,0.0005123010785432099,3.3,-0.006855618777997483,-0.011125432935290528,1.0029033358857142,-0.011388375064209429,1.0034156369642575,0.0,0.041832464427981976,0.0,0.618257350308631,7.865711115015785,1.109944426715079,13.86571111501464,0.9068243400544136,6.865711115015974,0.9558131373419678,6.865711115015974,0.9068243400544136,0.0,0.04898879728755423,0.0,0.0,0.0,0.0,0.0038814754183143,0.9964005392635383,0.0,0.0,0.0,0.0,0.0,0.0,-0.011388375064209429,1.0034156369642575,0.0002629421289189031,0.0005123010785432099
5.85554,3.3,-0.01078479,-0.01871827,1.001809,3.3,-0.009697571853082886,-0.016777082048803852,1.0021372110219948,3.3,-0.009670024551355605,-0.01678906482295564,1.0021365706489396,-0.01678906482295564,1.0021365706489396,0.0,0.0,0.0,-0.01678906482295564,1.0021365706489396,0.0,0.0,3.3,-0.008733757852453982,-0.014028670280390431,1.0024591770154396,-0.016756435524200367,1.002138314395711,0.0,0.06460596373916211,0.0,0.618257350308631,7.865711115015785,1.109944426715079,13.86571111501464,0.618257350308631,0.0,0.4916870764064483,0.0,0.0,0.0,0.0,0.0038814754183143,0.9964005392635383,0.0,0.0,0.0,0.0,0.0,0.0,-0.016756435524200367,1.002138314395711,0.0027277652438099376,0.0003208626197285181,3.3,-0.008733757852453982,-0.014028670280390431,1.0024591770154396,-0.016756435524200367,1.002138314395711,0.0,0.06460596373916211,0.0,0.618257350308631,7.865711115015785,1.109944426715079,13.86571111501464,0.9068243400544136,6.865711115015974,0.9558131373419678,6.865711115015974,0.9068243400544136,0.0,0.04898879728755423,0.0,0.0,0.0,0.0,0.0038814754183143,0.9964005392635383,0.0,0.0,0.0,0.0,0.0,0.0,-0.016756435524200367,1.002138314395711,0.0027277652438099376,0.0003208626197285181
5.888873,3.3,-0.01426274,-0.02330146,1.000385,3.3,-0.012839288683155516,-0.02090907103699054,1.0024153752771225,3.3,-0.012813734416082427,-0.020908627702103662,1.0024151730667337,-0.020908627702103662,1.0024151730667337,0.0,0.0,0.0,-0.020908627702103662,1.0024151730667337,0.0,0.0,3.3,-0.011365123084373922,-0.019017531960120793,1.0023407125341652,-0.020907789008663635,1.0024147905285405,0.0,0.0781104211416416,0.0,0.618257350308631,7.865711115015785,1.109944426715079,13.86571111501464,0.618257350308631,0.0,0.4916870764064483,0.0,0.0,0.0,0.0,0.0038814754183143,0.9964005392635383,0.0,0.0,0.0,0.0,0.0,0.0,-0.020907789008663635,1.0024147905285405,0.0018902570485428442,7.407799437518805e-05,3.3,-0.011365123084373922,-0.019017531960120793,1.0023407125341652,-0.020907789008663635,1.0024147905285405,0.0,0.0781104211416416,0.0,0.618257350308631,7.865711115015785,1.109944426715079,13.86571111501464,0.9068243400544136,6.865711115015974,0.9558131373419678,6.865711115015974,0.9068243400544136,0.0,0.04898879728755423,0.0,0.0,0.0,0.0,0.0038814754183143,0.9964005392635383,0.0,0.0,0.0,0.0,0.0,0.0,-0.020907789008663635,1.0024147905285405,0.0018902570485428442,7.407799437518805e-05
5.922207,3.3,-0.01494408,-0.0190627,1.005321,3.3,-0.015041746823158793,-0.02031626897428923,1.0041035672609204,3.3,-0.015045188476483725,-0.020508558748546995,1.0035773631632512,-0.020508558748546995,1.0035773631632512,0.0,0.0,0.0,-0.020508558748546995,1.0035773631632512,0.0,0.0,3.3,-0.013752723688963816,-0.020800650078429128,1.0019295653109546,-0.021201638595849635,1.001888297085603,0.0,0.057733346850119695,0.0,0.618257350308631,7.865711115015785,1.109944426715079,13.86571111501464,0.618257350308631,0.0,0.4916870764064483,0.0,0.0,0.0,0.0,0.0038814754183143,0.9964005392635383,0.0,0.0,0.0,0.0,0.0,0.0,-0.021201638595849635,1.001888297085603,0.00040098851742050566,4.126822535204572e-05,3.3,-0.013752723688963816,-0.020800650078429128,1.0019295653109546,-0.021201638595849635,1.001888297085603,0.0,0.057733346850119695,0.0,0.618257350308631,7.865711115015785,1.109944426715079,13.86571111501464,0.9068243400544136,6.865711115015974,0.9558131373419678,6.865711115015974,0.9068243400544136,0.0,0.04898879728755423,0.0,0.0,0.0,0.0,0.0038814754183143,0.9964005392635383,0.0,0.0,0.0,0.0,0.0,0.0,-0.021201638595849635,1.001888297085603,0.00040098851742050566,4.126822535204572e-05
5.95554,3.3,-0.01293506,-0.01611871,1.001424,3.3,-0.013620454593595918,-0.01724789883281293,1.0030266433946582,3.3,-0.013635909916149547,-0.017240830655836224,1.0030500747101843,-0.017240830655836224,1.0030500747101843,0.0,0.0,0.0,-0.017240830655836224,1.0030500747101843,0.0,0.0,3.3,-0.013099159245622804,-0.01664965791252872,1.0032216742295914,-0.017260180263152784,1.0029917933116121,0.0,0.02796411560871665,0.0,0.618257350308631,7.865711115015785,1.109944426715079,13.86571111501464,0.618257350308631,0.0,0.4916870764064483,0.0,0.0,0.0,0.0,0.0038814754183143,0.9964005392635383,0.0,0.0,0.0,0.0,0.0,0.0,-0.017260180263152784,1.0029917933116121,0.0006105223506240647,0.0002298809179795928,3.3,-0.013099159245622804,-0.01664965791252872,1.0032216742295914,-0.017260180263152784,1.0029917933116121,0.0,0.02796411560871665,0.0,0.618257350308631,7.865711115015785,1.109944426715079,13.86571111501464,0.9068243400544136,6.865711115015974,0.9558131373419678,6.865711115015974,0.9068243400544136,0.0,0.04898879728755423,0.0,0.0,0.0,0.0,0.0038814754183143,0.9964005392635383,0.0,0.0,0.0,0.0,0.0,0.0,-0.017260180263152784,1.0029917933116121,0.0006105223506240647,0.0002298809179795928
5.988873,3.3,-0.01079237,-0.01291277,1.001641,3.3,-0.011664470091489453,-0.014411077353693865,1.0019249301425956,3.3,-0.011681227471488516,-0.014411383515643151,1.0019257598685252,-0.014411383515643151,1.0019257598685252,0.0,0.0,0.0,-0.014411383515643151,1.0019257598685252,0.0,0.0,3.3,-0.01154738800597563,-0.014482230869677787,1.0021245160551011,-0.014411962707640058,1.001927329530003,0.0,0.04966969191614364,0.0,0.618257350308631,7.865711115015785,1.109944426715079,13.86571111501464,0.618257350308631,0.0,0.4916870764064483,0.0,0.0,0.0,0.0,0.0038814754183143,0.9964005392635383,0.0,0.0,0.0,0.0,0.0,0.0,-0.014411962707640058,1.001927329530003,7.026816203772987e-05,0.00019718652509718158,3.3,-0.01154738800597563,-0.014482230869677787,1.0021245160551011,-0.014411962707640058,1.001927329530003,0.0,0.04966969191614364,0.0,0.618257350308631,7.865711115015785,1.109944426715079,13.86571111501464,0.9068243400544136,6.865711115015974,0.9558131373419678,6.865711115015974,0.9068243400544136,0.0,0.04898879728755423,0.0,0.0,0.0,0.0,0.0038814754183143,0.9964005392635383,0.0,0.0,0.0,0.0,0.0,0.0,-0.014411962707640058,1.001927329530003,7.026816203772987e-05,0.00019718652509718158
6.022207,3.3,-0.008582744,-0.009879969,1.001187,3.3,-0.009522819009967572,-0.011195070222844637,1.0028851218411003,3.3,-0.00954031712117279,-0.01129861387270799,1.0029533103027979,-0.01129861387270799,1.0029533103027979,0.0,0.0,0.0,-0.01129861387270799,1.0029533103027979,0.0,0.0,3.3,-0.009693504298676069,-0.011805702030853099,1.002834863028939,-0.011628907102849721,1.0028576851916642,0.0,0.055933496145467144,0.0,0.618257350308631,7.865711115015785,1.109944426715079,13.86571111501464,0.618257350308631,0.0,0.4916870764064483,0.0,0.0,0.0,0.0,0.0038814754183143,0.9964005392635383,0.0,0.0,0.0,0.0,0.0,0.0,-0.011628907102849721,1.0028576851916642,0.00017679492800338025,2.282216272489321e-05,3.3,-0.009693504298676069,-0.011805702030853099,1.002834863028939,-0.011628907102849721,1.0028576851916642,0.0,0.055933496145467144,0.0,0.618257350308631,7.865711115015785,1.109944426715079,13.86571111501464,0.9068243400544136,6.865711115015974,0.9558131373419678,6.865711115015974,0.9068243400544136,0.0,0.04898879728755423,0.0,0.0,0.0,0.0,0.0038814754183143,0.9964005392635383,0.0,0.0,0.0,0.0,0.0,0.0,-0.011628907102849721,1.0028576851916642,0.00017679492800338025,2.282216272489321e-05
6.055540000000001,3.3,-0.005310274,-0.003121406,1.002956,3.3,-0.006839160433815882,-0.005529815185068638,1.004390578499468,3.3,-0.006874913856789603,-0.005513489183294577,1.0043299835767534,-0.005513489183294577,1.0043299835767534,0.0,0.0,0.0,-0.005513489183294577,1.0043299835767534,0.0,0.0,3.3,-0.007502720171930595,-0.008107596731719876,1.0026241798082394,-0.005557945165067726,1.0044949845866162,0.0,0.07286435350023457,0.0,0.618257350308631,7.865711115015785,1.109944426715079,13.86571111501464,0.618257350308631,0.0,0.4916870764064483,0.0,0.0,0.0,0.0,0.0038814754183143,0.9964005392635383,0.0,0.0,0.0,0.0,0.0,0.0,-0.005557945165067726,1.0044949845866162,0.002549651566652151,0.0018708047783769148,3.3,-0.007502720171930595,-0.008107596731719876,1.0026241798082394,-0.005557945165067726,1.0044949845866162,0.0,0.07286435350023457,0.0,0.618257350308631,7.865711115015785,1.109944426715079,13.86571111501464,0.9068243400544136,6.865711115015974,0.9558131373419678,6.865711115015974,0.9068243400544136,0.0,0.04898879728755423,0.0,0.0,0.0,0.0,0.0038814754183143,0.9964005392635383,0.0,0.0,0.0,0.0,0.0,0.0,-0.005557945165067726,1.0044949845866162,0.002549651566652151,0.0018708047783769148
6.088873,3.3,-0.0008489284,0.003324625,1.002264,3.3,-0.002764377035588864,6.0994304743616056e-05,1.0036912901172774,3.3,-0.0027990663534721736,6.0342346904205285e-05,1.0036911787424634,6.0342346904205285e-05,1.0036911787424634,0.0,0.0,0.0,6.0342346904205285e-05,1.0036911787424634,0.0,0.0,3.3,-0.004049004273763243,-0.0017167983249459658,1.0034144669718963,5.910898409157234e-05,1.003690968045474,0.0,0.10567601506932801,0.0,0.618257350308631,7.865711115015785,1.109944426715079,13.86571111501464,0.618257350308631,0.0,0.4916870764064483,0.0,0.0,0.0,0.0,0.0038814754183143,0.9964005392635383,0.0,0.0,0.0,0.0,0.0,0.0,5.910898409157234e-05,1.003690968045474,0.0017759073090375388,0.0002765010735772197,3.3,-0.004049004273763243,-0.0017167983249459658,1.0034144669718963,5.910898409157234e-05,1.003690968045474,0.0,0.10567601506932801,0.0,0.618257350308631,7.865711115015785,1.109944426715079,13.86571111501464,0.9068243400544136,6.865711115015974,0.9558131373419678,6.865711115015974,0.9068243400544136,0.0,0.04898879728755423,0.0,0.0,0.0,0.0,0.0038814754183143,0.9964005392635383,0.0,0.0,0.0,0.0,0.0,0.0,5.910898409157234e-05,1.003690968045474,0.0017759073090375388,0.0002765010735772197
6.122207,3.3,0.00372524,0.009707707,1.001854,3.3,0.001647097758555665,0.006755510353027924,1.002823407419201,3.3,0.0016105729527606302,0.006528206819672813,1.0028295814331682,0.006528206819672813,1.0028295814331682,0.0,0.0,0.0,0.006528206819672813,1.0028295814331682,0.0,0.0,3.3,1.1433163507566777e-05,0.0047889655900694465,1.0028060774695622,0.005814142793930422,1.002848982229575,0.0,0.1242804391636144,0.0,0.618257350308631,7.865711115015785,1.109944426715079,13.86571111501464,0.618257350308631,0.0,0.4916870764064483,0.0,0.0,0.0,0.0,0.0038814754183143,0.9964005392635383,0.0,0.0,0.0,0.0,0.0,0.0,0.005814142793930422,1.002848982229575,0.0010251772038609758,4.290476001320982e-05,3.3,1.1433163507566777e-05,0.0047889655900694465,1.0028060774695622,0.005814142793930422,1.002848982229575,0.0,0.1242804391636144,0.0,0.618257350308631,7.865711115015785,1.109944426715079,13.86571111501464,0.9068243400544136,6.865711115015974,0.9558131373419678,6.865711115015974,0.9068243400544136,0.0,0.04898879728755423,0.0,0.0,0.0,0.0,0.0038814754183143,0.9964005392635383,0.0,0.0,0.0,0.0,0.0,0.0,0.005814142793930422,1.002848982229575,0.0010251772038609758,4.290476001320982e-05
6.155539999999999,3.3,0.008708181,0.01736369,1.002301,3.3,0.0065164391113693414,0.01436264100279722,1.0025550460049784,3.3,0.00646975998644682,0.014381591372248165,1.0025665972237052,0.014381591372248165,1.0025665972237052,0.0,0.0,0.0,0.014381591372248165,1.0025665972237052,0.0,0.0,3.3,0.00436951828802971,0.00925481069787954,1.0028119099393622,0.014329989192452592,1.0025351430577512,0.0,0.13489050194756935,0.0,0.618257350308631,7.865711115015785,1.109944426715079,13.86571111501464,0.618257350308631,0.0,0.4916870764064483,0.0,0.0,0.0,0.0,0.0038814754183143,0.9964005392635383,0.0,0.0,0.0,0.0,0.0,0.0,0.014329989192452592,1.0025351430577512,0.00507517849457305,0.00027676688161097006,3.3,0.00436951828802971,0.00925481069787954,1.0028119099393622,0.014329989192452592,1.0025351430577512,0.0,0.13489050194756935,0.0,0.618257350308631,7.865711115015785,1.109944426715079,13.86571111501464,0.9068243400544136,6.865711115015974,0.9558131373419678,6.865711115015974,0.9068243400544136,0.0,0.04898879728755423,0.0,0.0,0.0,0.0,0.0038814754183143,0.9964005392635383,0.0,0.0,0.0,0.0,0.0,0.0,0.014329989192452592,1.0025351430577512,0.00507517849457305,0.00027676688161097006
6.188873,3.3,0.01403528,0.02463914,1.001919,3.3,0.011678790780757283,0.02086711043088579,1.0032339762537688,3.3,0.011637068919452731,0.020866410662619517,1.0032343677197713,0.020866410662619517,1.0032343677197713,0.0,0.0,0.0,0.020866410662619517,1.0032343677197713,0.0,0.0,3.3,0.009177962677062015,0.017993405614126417,1.002948823619867,0.020865086852849973,1.0032351082885338,0.0,0.14289310351116302,0.0,0.618257350308631,7.865711115015785,1.109944426715079,13.86571111501464,0.618257350308631,0.0,0.4916870764064483,0.0,0.0,0.0,0.0,0.0038814754183143,0.9964005392635383,0.0,0.0,0.0,0.0,0.0,0.0,0.020865086852849973,1.0032351082885338,0.002871681238723562,0.0002862846686664223,3.3,0.009177962677062015,0.017993405614126417,1.002948823619867,0.020865086852849973,1.0032351082885338,0.0,0.14289310351116302,0.0,0.618257350308631,7.865711115015785,1.109944426715079,13.86571111501464,0.9068243400544136,6.865711115015974,0.9558131373419678,6.865711115015974,0.9068243400544136,0.0,0.04898879728755423,0.0,0.0,0.0,0.0,0.0038814754183143,0.9964005392635383,0.0,0.0,0.0,0.0,0.0,0.0,0.020865086852849973,1.0032351082885338,0.002871681238723562,0.0002862846686664223
6.222207,3.3,0.01932048,0.03191289,1.000385,3.3,0.01687234361141991,0.028472668708365675,1.000888704569487,3.3,0.016829753107507502,0.02821546749333933,1.0011385813808578,0.02821546749333933,1.0011385813808578,0.0,0.0,0.0,0.02821546749333933,1.0011385813808578,0.0,0.0,3.3,0.014282308293273403,0.025908963198177575,1.002170496046522,0.027411510131504148,1.002148867772701,0.0,0.15509594750592842,0.0,0.618257350308631,7.865711115015785,1.109944426715079,13.86571111501464,0.618257350308631,0.0,0.4916870764064483,0.0,0.0,0.0,0.0,0.0038814754183143,0.9964005392635383,0.0,0.0,0.0,0.0,0.0,0.0,0.027411510131504148,1.002148867772701,0.0015025469333265688,2.1628273820974138e-05,3.3,0.014282308293273403,0.025908963198177575,1.002170496046522,0.027411510131504148,1.002148867772701,0.0,0.15509594750592842,0.0,0.618257350308631,7.865711115015785,1.109944426715079,13.86571111501464,0.9068243400544136,6.865711115015974,0.9558131373419678,6.865711115015974,0.9068243400544136,0.0,0.04898879728755423,0.0,0.0,0.0,0.0,0.0038814754183143,0.9964005392635383,0.0,0.0,0.0,0.0,0.0,0.0,0.027411510131504148,1.002148867772701,0.0015025469333265688,2.1628273820974138e-05
6.25554,3.3,0.0246062,0.0391753,0.998997,3.3,0.02219405050630908,0.036078490395436855,1.0001750467828237,3.3,0.0221460883599822,0.03609724828467742,1.0001717036887314,0.03609724828467742,1.0001717036887314,0.0,0.0,0.0,0.03609724828467742,1.0001717036887314,0.0,0.0,3.3,0.019355982154820456,0.02991607898507703,1.000650394180169,0.036046170231789,1.0001808069910625,0.0,0.152427130773273,0.0,0.618257350308631,7.865711115015785,1.109944426715079,13.86571111501464,0.618257350308631,0.0,0.4916870764064483,0.0,0.0,0.0,0.0,0.0038814754183143,0.9964005392635383,0.0,0.0,0.0,0.0,0.0,0.0,0.036046170231789,1.0001808069910625,0.0061300912467119675,0.00046958718910675525,3.3,0.019355982154820456,0.02991607898507703,1.000650394180169,0.036046170231789,1.0001808069910625,0.0,0.152427130773273,0.0,0.618257350308631,7.865711115015785,1.109944426715079,13.86571111501464,0.9068243400544136,6.865711115015974,0.9558131373419678,6.865711115015974,0.9068243400544136,0.0,0.04898879728755423,0.0,0.0,0.0,0.0,0.0038814754183143,0.9964005392635383,0.0,0.0,0.0,0.0,0.0,0.0,0.036046170231789,1.0001808069910625,0.0061300912467119675,0.00046958718910675525
6.288873,3.3,0.02988811,0.04641183,0.9977015,3.3,0.027443532182414836,0.04256615166724665,0.9990423528622668,3.3,0.027401347103419,0.04256545885183886,0.9990424748613056,0.04256545885183886,0.9990424748613056,0.0,0.0,0.0,0.04256545885183886,0.9990424748613056,0.0,0.0,3.3,0.02444158161570467,0.039267733223723525,0.9991441026246755,0.042564148195369425,0.9990427056570234,0.0,0.14961716675736073,0.0,0.618257350308631,7.865711115015785,1.109944426715079,13.86571111501464,0.618257350308631,0.0,0.4916870764064483,0.0,0.0,0.0,0.0,0.0038814754183143,0.9964005392635383,0.0,0.0,0.0,0.0,0.0,0.0,0.042564148195369425,0.9990427056570234,0.003296414971645893,0.00010139696765204401,3.3,0.02444158161570467,0.039267733223723525,0.9991441026246755,0.042564148195369425,0.9990427056570234,0.0,0.14961716675736073,0.0,0.618257350308631,7.865711115015785,1.109944426715079,13.86571111501464,0.9068243400544136,6.865711115015974,0.9558131373419678,6.865711115015974,0.9068243400544136,0.0,0.04898879728755423,0.0,0.0,0.0,0.0,0.0038814754183143,0.9964005392635383,0.0,0.0,0.0,0.0,0.0,0.0,0.042564148195369425,0.9990427056570234,0.003296414971645893,0.00010139696765204401
6.322207,3.3,0.03520799,0.0536487,0.9930568,3.3,0.032680624561850974,0.050114012768428286,0.9949111841984699,3.3,0.03263743922057424,0.04984797152443538,0.9948817527276771,0.04984797152443538,0.9948817527276771,0.0,0.0,0.0,0.04984797152443538,0.9948817527276771,0.0,0.0,3.3,0.0296844983200361,0.047327630264564234,0.9955525530812106,0.049025391157386626,0.9951273380710195,0.0,0.15903853220062084,0.0,0.618257350308631,7.865711115015785,1.109944426715079,13.86571111501464,0.618257350308631,0.0,0.4916870764064483,0.0,0.0,0.0,0.0,0.0038814754183143,0.9964005392635383,0.0,0.0,0.0,0.0,0.0,0.0,0.049025391157386626,0.9951273380710195,0.0016977608928223891,0.0004252150101910627,3.3,0.0296844983200361,0.047327630264564234,0.9955525530812106,0.049025391157386626,0.9951273380710195,0.0,0.15903853220062084,0.0,0.618257350308631,7.865711115015785,1.109944426715079,13.86571111501464,0.9068243400544136,6.865711115015974,0.9558131373419678,6.865711115015974,0.9068243400544136,0.0,0.04898879728755423,0.0,0.0,0.0,0.0,0.0038814754183143,0.9964005392635383,0.0,0.0,0.0,0.0,0.0,0.0,0.049025391157386626,0.9951273380710195,0.0016977608928223891,0.0004252150101910627
6.3555399999999995,3.3,0.04056512,0.06082991,0.9893001,3.3,0.038074293874055386,0.0576610507604749,0.9914103249318977,3.3,0.03802574202749512,0.05767919954482313,0.9913897749055876,0.05767919954482313,0.9913897749055876,0.0,0.0,0.0,0.05767919954482313,0.9913897749055876,0.0,0.0,3.3,0.03483448044459918,0.050791241652184176,0.992031123703654,0.05762978009496547,0.9914457329783338,0.0,0.15471097689405153,0.0,0.618257350308631,7.865711115015785,1.109944426715079,13.86571111501464,0.618257350308631,0.0,0.4916870764064483,0.0,0.0,0.0,0.0,0.0038814754183143,0.9964005392635383,0.0,0.0,0.0,0.0,0.0,0.0,0.05762978009496547,0.9914457329783338,0.0068385384427812924,0.0005853907253201672,3.3,0.03483448044459918,0.050791241652184176,0.992031123703654,0.05762978009496547,0.9914457329783338,0.0,0.15471097689405153,0.0,0.618257350308631,7.865711115015785,1.109944426715079,13.86571111501464,0.9068243400544136,6.865711115015974,0.9558131373419678,6.865711115015974,0.9068243400544136,0.0,0.04898879728755423,0.0,0.0,0.0,0.0,0.0038814754183143,0.9964005392635383,0.0,0.0,0.0,0.0,0.0,0.0,0.05762978009496547,0.9914457329783338,0.0068385384427812924,0.0005853907253201672
6.388873,3.3,0.0450617,0.06466846,0.976817,3.3,0.042984678624096384,0.062074113943060436,0.9823700065841606,3.3,0.042952176737566246,0.062073673071491975,0.9823708354236096,0.062073673071491975,0.9823708354236096,0.0,0.0,0.0,0.062073673071491975,0.9823708354236096,0.0,0.0,3.3,0.03982682511095785,0.05906014062746237,0.9838669853366075,0.06207283903811613,0.9823724034080593,0.0,0.1404115737805572,0.0,0.618257350308631,7.865711115015785,1.109944426715079,13.86571111501464,0.618257350308631,0.0,0.4916870764064483,0.0,0.0,0.0,0.0,0.0038814754183143,0.9964005392635383,0.0,0.0,0.0,0.0,0.0,0.0,0.06207283903811613,0.9823724034080593,0.0030126984106537604,0.0014945819285482255,3.3,0.03982682511095785,0.05906014062746237,0.9838669853366075,0.06207283903811613,0.9823724034080593,0.0,0.1404115737805572,0.0,0.618257350308631,7.865711115015785,1.109944426715079,13.86571111501464,0.9068243400544136,6.865711115015974,0.9558131373419678,6.865711115015974,0.9068243400544136,0.0,0.04898879728755423,0.0,0.0,0.0,0.0,0.0038814754183143,0.9964005392635383,0.0,0.0,0.0,0.0,0.0,0.0,0.06207283903811613,0.9823724034080593,0.0030126984106537604,0.0014945819285482255
6.422207,3.3,0.04874171,0.06931658,0.9690085,3.3,0.04683290834976997,0.06694207445471684,0.9741239316670581,3.3,0.04680211377832399,0.06677717565586812,0.9744569393804912,0.06677717565586812,0.9744569393804912,0.0,0.0,0.0,0.06677717565586812,0.9744569393804912,0.0,0.0,3.3,0.043972131839625096,0.06472857644350585,0.9756325360788582,0.06625331110257021,0.9753608425917306,0.0,0.12409213265713233,0.0,0.618257350308631,7.865711115015785,1.109944426715079,13.86571111501464,0.618257350308631,0.0,0.4916870764064483,0.0,0.0,0.0,0.0,0.0038814754183143,0.9964005392635383,0.0,0.0,0.0,0.0,0.0,0.0,0.06625331110257021,0.9753608425917306,0.0015247346590643528,0.00027169348712757703,3.3,0.043972131839625096,0.06472857644350585,0.9756325360788582,0.06625331110257021,0.9753608425917306,0.0,0.12409213265713233,0.0,0.618257350308631,7.865711115015785,1.109944426715079,13.86571111501464,0.9068243400544136,6.865711115015974,0.9558131373419678,6.865711115015974,0.9068243400544136,0.0,0.04898879728755423,0.0,0.0,0.0,0.0,0.0038814754183143,0.9964005392635383,0.0,0.0,0.0,0.0,0.0,0.0,0.06625331110257021,0.9753608425917306,0.0015247346590643528,0.00027169348712757703
6.45554,3.3,0.0509694,0.06819307,0.9483525,3.3,0.05053340043606824,0.07023640401318403,0.9573940064228692,3.3,0.050514940778333045,0.07020531101337842,0.9573264103634537,0.07020531101337842,0.9573264103634537,0.0,0.0,0.0,0.07020531101337842,0.9573264103634537,0.0,0.0,3.3,0.047855457421309255,0.06583522463526421,0.9601063740428295,0.07028997778307515,0.9575104755881253,0.0,0.11664803715027039,0.0,0.618257350308631,7.865711115015785,1.109944426715079,13.86571111501464,0.618257350308631,0.0,0.4916870764064483,0.0,0.0,0.0,0.0,0.0038814754183143,0.9964005392635383,0.0,0.0,0.0,0.0,0.0,0.0,0.07028997778307515,0.9575104755881253,0.004454753147810937,0.002595898454704261,3.3,0.047855457421309255,0.06583522463526421,0.9601063740428295,0.07028997778307515,0.9575104755881253,0.0,0.11664803715027039,0.0,0.618257350308631,7.865711115015785,1.109944426715079,13.86571111501464,0.9068243400544136,6.865711115015974,0.9558131373419678,6.865711115015974,0.9068243400544136,0.0,0.04898879728755423,0.0,0.0,0.0,0.0,0.0038814754183143,0.9964005392635383,0.0,0.0,0.0,0.0,0.0,0.0,0.07028997778307515,0.9575104755881253,0.004454753147810937,0.002595898454704261
6.488873,3.3,0.05145094,0.06536932,0.8963507,3.3,0.0511436144141742,0.06665143080233736,0.9345624419537122,3.3,0.05114484507442332,0.0666521129744412,0.9345752202257143,0.0666521129744412,0.9345752202257143,0.0,0.0,0.0,0.0666521129744412,0.9345752202257143,0.0,0.0,3.3,0.049878212821281416,0.06626169544382184,0.9372571829446235,0.06665340349608823,0.9345993939445427,0.0,0.04304429203762422,0.0,0.618257350308631,7.865711115015785,1.109944426715079,13.86571111501464,0.618257350308631,0.0,0.4916870764064483,0.0,0.0,0.0,0.0,0.0038814754183143,0.9964005392635383,0.0,0.0,0.0,0.0,0.0,0.0,0.06665340349608823,0.9345993939445427,0.0003917080522663836,0.0026577890000807052,3.3,0.049878212821281416,0.06626169544382184,0.9372571829446235,0.06665340349608823,0.9345993939445427,0.0,0.04304429203762422,0.0,0.618257350308631,7.865711115015785,1.109944426715079,13.86571111501464,0.9068243400544136,6.865711115015974,0.9558131373419678,6.865711115015974,0.9068243400544136,0.0,0.04898879728755423,0.0,0.0,0.0,0.0,0.0038814754183143,0.9964005392635383,0.0,0.0,0.0,0.0,0.0,0.0,0.06665340349608823,0.9345993939445427,0.0003917080522663836,0.0026577890000807052
6.522207,3.3,0.0564746,0.07814042,0.8462435,3.3,0.05488429501712252,0.07535048484275161,0.8824671599459195,3.3,0.05483141677660469,0.0750743274211581,0.8838826945964993,0.0750743274211581,0.8838826945964993,0.0,0.0,0.0,0.0750743274211581,0.8838826945964993,0.0,0.0,3.3,0.052764139955462655,0.072901129328203,0.8904009633647589,0.0741604203817105,0.8874760599583761,0.0,0.13157780275023007,0.0,0.618257350308631,7.865711115015785,1.109944426715079,13.86571111501464,0.618257350308631,0.0,0.4916870764064483,0.0,0.0,0.0,0.0,0.0038814754183143,0.9964005392635383,0.0,0.0,0.0,0.0,0.0,0.0,0.0741604203817105,0.8874760599583761,0.0012592910535074915,0.0029249034063827868,3.3,0.052764139955462655,0.072901129328203,0.8904009633647589,0.0741604203817105,0.8874760599583761,0.0,0.13157780275023007,0.0,0.618257350308631,7.865711115015785,1.109944426715079,13.86571111501464,0.9068243400544136,6.865711115015974,0.9558131373419678,6.865711115015974,0.9068243400544136,0.0,0.04898879728755423,0.0,0.0,0.0,0.0,0.0038814754183143,0.9964005392635383,0.0,0.0,0.0,0.0,0.0,0.0,0.0741604203817105,0.8874760599583761,0.0012592910535074915,0.0029249034063827868
6.5498899999999995,3.3,0.06470527,0.08415811,0.7883187,3.3,0.061346444845485446,0.07983774116204997,0.818451944960296,3.3,0.06128245072840635,0.07983774116204033,0.8184519449603713,0.07983774116204033,0.8184519449603713,0.0,0.0,0.0,0.07983774116204033,0.8184519449603713,0.0,0.0,3.3,0.05830943124621975,0.07784440212294351,0.8298773340999126,0.07983774579573659,0.8184519089299497,0.0,0.2052179282410412,0.0,0.618257350308631,7.865711115015785,1.109944426715079,13.86571111501464,0.618257350308631,0.0,0.4916870764064483,0.0,0.0,0.0,0.0,0.0038814754183143,0.9964005392635383,0.0,0.0,0.0,0.0,0.0,0.0,0.07983774579573659,0.8184519089299497,0.0019933436727930793,0.011425425169962866,3.3,0.05830943124621975,0.07784440212294351,0.8298773340999126,0.07983774579573659,0.8184519089299497,0.0,0.2052179282410412,0.0,0.618257350308631,7.865711115015785,1.109944426715079,13.86571111501464,0.9068243400544136,6.865711115015974,0.9558131373419678,6.865711115015974,0.9068243400544136,0.0,0.04898879728755423,0.0,0.0,0.0,0.0,0.0038814754183143,0.9964005392635383,0.0,0.0,0.0,0.0,0.0,0.0,0.07983774579573659,0.8184519089299497,0.0019933436727930793,0.011425425169962866
6.565995,3.3,0.06955821,0.08521688,0.7284323,3.3,0.06569527821241405,0.08391958207984863,0.7822836025088997,3.3,0.06561544694820148,0.08394664572191803,0.7813982764628976,0.08394664572191803,0.7813982764628976,0.0,0.0,0.0,0.08394664572191803,0.7813982764628976,0.0,0.0,3.3,0.06222808228603134,0.0796184048013011,0.8079960788664059,0.08396497267638867,0.7807987514582745,0.0,0.2352974727772942,0.0,0.618257350308631,7.865711115015785,1.109944426715079,13.86571111501464,0.618257350308631,0.0,0.4916870764064483,0.0,0.0,0.0,0.0,0.0038814754183143,0.9964005392635383,0.0,0.0,0.0,0.0,0.0,0.0,0.08396497267638867,0.7807987514582745,0.004346567875087568,0.027197327408131404,3.3,0.06222808228603134,0.0796184048013011,0.8079960788664059,0.08396497267638867,0.7807987514582745,0.0,0.2352974727772942,0.0,0.618257350308631,7.865711115015785,1.109944426715079,13.86571111501464,0.9068243400544136,6.865711115015974,0.9558131373419678,6.865711115015974,0.9068243400544136,0.0,0.04898879728755423,0.0,0.0,0.0,0.0,0.0038814754183143,0.9964005392635383,0.0,0.0,0.0,0.0,0.0,0.0,0.08396497267638867,0.7807987514582745,0.004346567875087568,0.027197327408131404
6.572318,3.3,0.07149018,0.08556475,0.703919,3.3,0.06734342466573674,0.08411261587188948,0.7562149915646459,3.3,0.06726834035586204,0.08413805017199943,0.7623692861931346,0.08413805017199943,0.7623692861931346,0.0,0.0,0.0,0.08413805017199943,0.7623692861931346,0.0,0.0,3.3,0.06388152845798242,0.08277076302427036,0.788205461833446,0.08396833985131454,0.7806886019205425,0.0,0.2489495627848633,0.0,0.618257350308631,7.865711115015785,1.109944426715079,13.86571111501464,0.618257350308631,0.0,0.4916870764064483,0.0,0.0,0.0,0.0,0.0038814754183143,0.9964005392635383,0.0,0.0,0.0,0.0,0.0,0.0,0.08396833985131454,0.7806886019205425,0.0011975768270441733,0.007516859912903543,3.3,0.06388152845798242,0.08277076302427036,0.788205461833446,0.08396833985131454,0.7806886019205425,0.0,0.2489495627848633,0.0,0.618257350308631,7.865711115015785,1.109944426715079,13.86571111501464,0.9068243400544136,6.865711115015974,0.9558131373419678,6.865711115015974,0.9068243400544136,0.0,0.04898879728755423,0.0,0.0,0.0,0.0,0.0038814754183143,0.9964005392635383,0.0,0.0,0.0,0.0,0.0,0.0,0.08396833985131454,0.7806886019205425,0.0011975768270441733,0.007516859912903543
6.592551,3.3,0.07836799,0.09060873,0.6542571,3.3,0.07346484971189664,0.08766127836294858,0.6887755440412178,3.3,0.07336729501235177,0.08738732871242588,0.6915331098889214,0.08738732871242588,0.6915331098889214,0.0,0.0,0.0,0.08738732871242588,0.6915331098889214,0.0,0.0,3.3,0.06933672209617443,0.08484641646121546,0.7167851391949365,0.08587571886174022,0.7044256783528116,0.0,0.27512784691732356,0.0,0.618257350308631,7.865711115015785,1.109944426715079,13.86571111501464,0.618257350308631,0.0,0.4916870764064483,0.0,0.0,0.0,0.0,0.0038814754183143,0.9964005392635383,0.0,0.0,0.0,0.0,0.0,0.0,0.08587571886174022,0.7044256783528116,0.0010293024005247739,0.012359460842124942,3.3,0.06933672209617443,0.08484641646121546,0.7167851391949365,0.08587571886174022,0.7044256783528116,0.0,0.27512784691732356,0.0,0.618257350308631,7.865711115015785,1.109944426715079,13.86571111501464,0.9068243400544136,6.865711115015974,0.9558131373419678,6.865711115015974,0.9068243400544136,0.0,0.04898879728755423,0.0,0.0,0.0,0.0,0.0038814754183143,0.9964005392635383,0.0,0.0,0.0,0.0,0.0,0.0,0.08587571886174022,0.7044256783528116,0.0010293024005247739,0.012359460842124942
6.607577,3.3,0.08406303,0.09094626,0.5910941,3.3,0.07881937694408475,0.08948238958451175,0.6474040075653251,3.3,0.07871868244598441,0.0894830519768436,0.6472812657462496,0.0894830519768436,0.6472812657462496,0.0,0.0,0.0,0.0894830519768436,0.6472812657462496,0.0,0.0,3.3,0.07378109490324088,0.08646610834613913,0.6870638030954813,0.08948116311964437,0.6469751672304505,0.0,0.2913370429581762,0.0,0.618257350308631,7.865711115015785,1.109944426715079,13.86571111501464,0.618257350308631,0.0,0.4916870764064483,0.0,0.0,0.0,0.0,0.0038814754183143,0.9964005392635383,0.0,0.0,0.0,0.0,0.0,0.0,0.08948116311964437,0.6469751672304505,0.003015054773505229,0.040088635865030815,3.3,0.07378109490324088,0.08646610834613913,0.6870638030954813,0.08948116311964437,0.6469751672304505,0.0,0.2913370429581762,0.0,0.618257350308631,7.865711115015785,1.109944426715079,13.86571111501464,0.9068243400544136,6.865711115015974,0.9558131373419678,6.865711115015974,0.9068243400544136,0.0,0.04898879728755423,0.0,0.0,0.0,0.0,0.0038814754183143,0.9964005392635383,0.0,0.0,0.0,0.0,0.0,0.0,0.08948116311964437,0.6469751672304505,0.003015054773505229,0.040088635865030815
6.621054,3.3,0.08933441,0.09255846,0.5547185,3.3,0.08368352622812654,0.08987721344303866,0.6058735125102936,3.3,0.08358828961215921,0.08985852932402175,0.6062712734824963,0.08985852932402175,0.6062712734824963,0.0,0.0,0.0,0.08985852932402175,0.6062712734824963,0.0,0.0,3.3,0.07820291542742935,0.08865036852581407,0.6301695563341952,0.08985852983254672,0.6062712626566505,0.0,0.3183138134791908,0.0,0.618257350308631,7.865711115015785,1.109944426715079,13.86571111501464,0.618257350308631,0.0,0.4916870764064483,0.0,0.0,0.0,0.0,0.0038814754183143,0.9964005392635383,0.0,0.0,0.0,0.0,0.0,0.0,0.08985852983254672,0.6062712626566505,0.0012081613067326563,0.023898293677544716,3.3,0.07820291542742935,0.08865036852581407,0.6301695563341952,0.08985852983254672,0.6062712626566505,0.0,0.3183138134791908,0.0,0.618257350308631,7.865711115015785,1.109944426715079,13.86571111501464,0.9068243400544136,6.865711115015974,0.9558131373419678,6.865711115015974,0.9068243400544136,0.0,0.04898879728755423,0.0,0.0,0.0,0.0,0.0038814754183143,0.9964005392635383,0.0,0.0,0.0,0.0,0.0,0.0,0.08985852983254672,0.6062712626566505,0.0012081613067326563,0.023898293677544716
6.635687,3.3,0.09524059,0.09410418,0.514343,3.3,0.08935707826799517,0.092437697948282,0.5527092510146507,3.3,0.08924147712118519,0.09245354528383509,0.552274407672466,0.09245354528383509,0.552274407672466,0.0,0.0,0.0,0.09245354528383509,0.552274407672466,0.0,0.0,3.3,0.08317427094338462,0.0884398256577255,0.6202653462903548,0.09247668658971889,0.5516394212572852,0.0,0.3335763004934137,0.0,0.618257350308631,7.865711115015785,1.109944426715079,13.86571111501464,0.618257350308631,0.0,0.4916870764064483,0.0,0.0,0.0,0.0,0.0038814754183143,0.9964005392635383,0.0,0.0,0.0,0.0,0.0,0.0,0.09247668658971889,0.5516394212572852,0.004036860931993392,0.0686259250330697,3.3,0.08317427094338462,0.0884398256577255,0.6202653462903548,0.09247668658971889,0.5516394212572852,0.0,0.3335763004934137,0.0,0.618257350308631,7.865711115015785,1.109944426715079,13.86571111501464,0.9068243400544136,6.865711115015974,0.9558131373419678,6.865711115015974,0.9068243400544136,0.0,0.04898879728755423,0.0,0.0,0.0,0.0,0.0038814754183143,0.9964005392635383,0.0,0.0,0.0,0.0,0.0,0.0,0.09247668658971889,0.5516394212572852,0.004036860931993392,0.0686259250330697
6.6526320000000005,3.3,0.1023429,0.09511204,0.4662099,3.3,0.09605475153249599,0.09350892161888195,0.5005275566092523,3.3,0.0959349122621016,0.09340590892252616,0.50338045384479,0.09340590892252616,0.50338045384479,0.0,0.0,0.0,0.09340590892252616,0.50338045384479,0.0,0.0,3.3,0.08931691603798426,0.0922938928123434,0.5394150971302134,0.09315025531651028,0.5219199423681536,0.0,0.363933919094103,0.0,0.618257350308631,7.865711115015785,1.109944426715079,13.86571111501464,0.618257350308631,0.0,0.4916870764064483,0.0,0.0,0.0,0.0,0.0038814754183143,0.9964005392635383,0.0,0.0,0.0,0.0,0.0,0.0,0.09315025531651028,0.5219199423681536,0.0008563625041668743,0.017495154762059786,3.3,0.08931691603798426,0.0922938928123434,0.5394150971302134,0.09315025531651028,0.5219199423681536,0.0,0.363933919094103,0.0,0.618257350308631,7.865711115015785,1.109944426715079,13.86571111501464,0.9068243400544136,6.865711115015974,0.9558131373419678,6.865711115015974,0.9068243400544136,0.0,0.04898879728755423,0.0,0.0,0.0,0.0,0.0038814754183143,0.9964005392635383,0.0,0.0,0.0,0.0,0.0,0.0,0.09315025531651028,0.5219199423681536,0.0008563625041668743,0.017495154762059786
6.666188,3.3,0.1084633,0.09732966,0.4315149,3.3,0.10180076897083291,0.09438930604322118,0.46625467414965904,3.3,0.10167602382324871,0.09442494211233769,0.4657543708162282,0.09442494211233769,0.4657543708162282,0.0,0.0,0.0,0.09442494211233769,0.4657543708162282,0.0,0.0,3.3,0.09424668103191394,0.09182535729578711,0.534895334704945,0.09444184710677533,0.4656164494447139,0.0,0.3633160532456213,0.0,0.618257350308631,7.865711115015785,1.109944426715079,13.86571111501464,0.618257350308631,0.0,0.4916870764064483,0.0,0.0,0.0,0.0,0.0038814754183143,0.9964005392635383,0.0,0.0,0.0,0.0,0.0,0.0,0.09444184710677533,0.4656164494447139,0.0026164898109882254,0.06927888526023115,3.3,0.09424668103191394,0.09182535729578711,0.534895334704945,0.09444184710677533,0.4656164494447139,0.0,0.3633160532456213,0.0,0.618257350308631,7.865711115015785,1.109944426715079,13.86571111501464,0.9068243400544136,6.865711115015974,0.9558131373419678,6.865711115015974,0.9068243400544136,0.0,0.04898879728755423,0.0,0.0,0.0,0.0,0.0038814754183143,0.9964005392635383,0.0,0.0,0.0,0.0,0.0,0.0,0.09444184710677533,0.4656164494447139,0.0026164898109882254,0.06927888526023115
6.69546,3.3,0.1230857,0.1000855,0.3610454,3.3,0.11560653361855064,0.09858969785795413,0.39221518646685527,3.3,0.11545865306469946,0.09859345072939406,0.3921028785694753,0.09859345072939406,0.3921028785694753,0.0,0.0,0.0,0.09859345072939406,0.3921028785694753,0.0,0.0,3.3,0.10635814385294512,0.09517096955993241,0.47391800145213314,0.09850716408775051,0.3946514455442545,0.0,0.4233796841468801,0.0,0.618257350308631,7.865711115015785,1.109944426715079,13.86571111501464,0.618257350308631,0.0,0.4916870764064483,0.0,0.0,0.0,0.0,0.0038814754183143,0.9964005392635383,0.0,0.0,0.0,0.0,0.0,0.0,0.09850716408775051,0.3946514455442545,0.0033361945278180894,0.07926655590787866,3.3,0.10635814385294512,0.09517096955993241,0.47391800145213314,0.09850716408775051,0.3946514455442545,0.0,0.4233796841468801,0.0,0.618257350308631,7.865711115015785,1.109944426715079,13.86571111501464,0.9068243400544136,6.865711115015974,0.9558131373419678,6.865711115015974,0.9068243400544136,0.0,0.04898879728755423,0.0,0.0,0.0,0.0,0.0038814754183143,0.9964005392635383,0.0,0.0,0.0,0.0,0.0,0.0,0.09850716408775051,0.3946514455442545,0.0033361945278180894,0.07926655590787866
6.728794,3.3,0.1426218,0.1066244,0.2932042,3.3,0.13292579155256096,0.10067104454184282,0.3233859154835571,3.3,0.13277144293704188,0.10066984990646283,0.3233918135504231,0.10066984990646283,0.3233918135504231,0.0,0.0,0.0,0.10066984990646283,0.3233918135504231,0.0,0.0,3.3,0.12175126751668079,0.09958217928008088,0.3673884687744078,0.10066772102308298,0.32340232411852887,0.0,0.46390850348709955,0.0,0.618257350308631,7.865711115015785,1.109944426715079,13.86571111501464,0.618257350308631,0.0,0.4916870764064483,0.0,0.0,0.0,0.0,0.0038814754183143,0.9964005392635383,0.0,0.0,0.0,0.0,0.0,0.0,0.10066772102308298,0.32340232411852887,0.0010855417430021019,0.043986144655878884,3.3,0.12175126751668079,0.09958217928008088,0.3673884687744078,0.10066772102308298,0.32340232411852887,0.0,0.46390850348709955,0.0,0.618257350308631,7.865711115015785,1.109944426715079,13.86571111501464,0.9068243400544136,6.865711115015974,0.9558131373419678,6.865711115015974,0.9068243400544136,0.0,0.04898879728755423,0.0,0.0,0.0,0.0,0.0038814754183143,0.9964005392635383,0.0,0.0,0.0,0.0,0.0,0.0,0.10066772102308298,0.32340232411852887,0.0010855417430021019,0.043986144655878884
6.762127,3.3,0.1652307,0.1138185,0.2485213,3.3,0.15460589424915092,0.11086210259837752,0.27309331676557813,3.3,0.154412833631768,0.11056057586474416,0.27412499916149446,0.11056057586474416,0.27412499916149446,0.0,0.0,0.0,0.11056057586474416,0.27412499916149446,0.0,0.0,3.3,0.14077752456830198,0.10832117524269526,0.2950313896391225,0.1096665353082028,0.2767285894509744,0.0,0.6022630142010595,0.0,0.618257350308631,7.865711115015785,1.109944426715079,13.86571111501464,0.618257350308631,0.0,0.4916870764064483,0.0,0.0,0.0,0.0,0.0038814754183143,0.9964005392635383,0.0,0.0,0.0,0.0,0.0,0.0,0.1096665353082028,0.2767285894509744,0.001345360065507592,0.018302800188148095,3.3,0.14077752456830198,0.10832117524269526,0.2950313896391225,0.1096665353082028,0.2767285894509744,0.0,0.6022630142010595,0.0,0.618257350308631,7.865711115015785,1.109944426715079,13.86571111501464,0.9068243400544136,6.865711115015974,0.9558131373419678,6.865711115015974,0.9068243400544136,0.0,0.04898879728755423,0.0,0.0,0.0,0.0,0.0038814754183143,0.9964005392635383,0.0,0.0,0.0,0.0,0.0,0.0,0.1096665353082028,0.2767285894509744,0.001345360065507592,0.018302800188148095
6.79546,3.3,0.1896619,0.1187877,0.1999177,3.3,0.17853980942926498,0.11536676360987984,0.21142427044531917,3.3,0.1783175980888232,0.115371826613165,0.2113394730695049,0.115371826613165,0.2113394730695049,0.0,0.0,0.0,0.115371826613165,0.2113394730695049,0.0,0.0,3.3,0.16247830730643859,0.11270101384150433,0.28431279149773003,0.11525735375279741,0.2132567142037654,0.0,0.6650419487101938,0.0,0.618257350308631,7.865711115015785,1.109944426715079,13.86571111501464,0.618257350308631,0.0,0.4916870764064483,0.0,0.0,0.0,0.0,0.0038814754183143,0.9964005392635383,0.0,0.0,0.0,0.0,0.0,0.0,0.11525735375279741,0.2132567142037654,0.002556339911293104,0.0710560772939647,3.3,0.16247830730643859,0.11270101384150433,0.28431279149773003,0.11525735375279741,0.2132567142037654,0.0,0.6650419487101938,0.0,0.618257350308631,7.865711115015785,1.109944426715079,13.86571111501464,0.9068243400544136,6.865711115015974,0.9558131373419678,6.865711115015974,0.9068243400544136,0.0,0.04898879728755423,0.0,0.0,0.0,0.0,0.0038814754183143,0.9964005392635383,0.0,0.0,0.0,0.0,0.0,0.0,0.11525735375279741,0.2132567142037654,0.002556339911293104,0.0710560772939647
6.825102,3.3,0.2125178,0.1243775,0.1723204,3.3,0.2007131107175159,0.1222588180107273,0.18864616834625286,3.3,0.2004863557625831,0.12224748473512938,0.18886599982253238,0.12224748473512938,0.18886599982253238,0.0,0.0,0.0,0.12224748473512938,0.18886599982253238,0.0,0.0,3.3,0.1835886057147575,0.11908676434764481,0.25057190578106553,0.12678107729114874,0.1687841290369195,0.0,0.7207149455817285,0.0,0.618257350308631,7.865711115015785,1.109944426715079,13.86571111501464,0.618257350308631,0.0,0.4916870764064483,0.0,0.0,0.0,0.0,0.0038814754183143,0.9964005392635383,0.0,0.0,0.0,0.0,0.0,0.0,0.12678107729114874,0.1687841290369195,0.007694312943503948,0.081787776744146,3.3,0.1835886057147575,0.11908676434764481,0.25057190578106553,0.12678107729114874,0.1687841290369195,0.0,0.7207149455817285,0.0,0.618257350308631,7.865711115015785,1.109944426715079,13.86571111501464,0.9068243400544136,6.865711115015974,0.9558131373419678,6.865711115015974,0.9068243400544136,0.0,0.04898879728755423,0.0,0.0,0.0,0.0,0.0038814754183143,0.9964005392635383,0.0,0.0,0.0,0.0,0.0,0.0,0.12678107729114874,0.1687841290369195,0.007694312943503948,0.081787776744146
6.857297999999999,3.3,0.2450647,0.1463162,0.1419144,3.3,0.22994231919239635,0.1395512908019275,0.1564465151764241,3.3,0.22962496177565675,0.13957444649030742,0.15638641571993298,0.13957444649030742,0.15638641571993298,0.0,0.0,0.0,0.13957444649030742,0.15638641571993298,0.0,0.0,3.3,0.2092768937075391,0.13209908914628127,0.19034350235857403,0.13961391564001058,0.1562839754725772,0.0,0.8475202703852173,0.0,0.618257350308631,7.865711115015785,1.109944426715079,13.86571111501464,0.618257350308631,0.0,0.4916870764064483,0.0,0.0,0.0,0.0,0.0038814754183143,0.9964005392635383,0.0,0.0,0.0,0.0,0.0,0.0,0.13961391564001058,0.1562839754725772,0.007514826493729332,0.03405952688599684,3.3,0.2092768937075391,0.13209908914628127,0.19034350235857403,0.13961391564001058,0.1562839754725772,0.0,0.8475202703852173,0.0,0.618257350308631,7.865711115015785,1.109944426715079,13.86571111501464,0.9068243400544136,6.865711115015974,0.9558131373419678,6.865711115015974,0.9068243400544136,0.0,0.04898879728755423,0.0,0.0,0.0,0.0,0.0038814754183143,0.9964005392635383,0.0,0.0,0.0,0.0,0.0,0.0,0.13961391564001058,0.1562839754725772,0.007514826493729332,0.03405952688599684
6.890395,3.3,0.2874689,0.1583903,0.1131999,3.3,0.2696218598569046,0.15140243987561755,0.13099561720222394,3.3,0.26928432019672505,0.15140243987561006,0.13099561720224412,0.15140243987561006,0.13099561720224412,0.0,0.0,0.0,0.15140243987561006,0.13099561720224412,0.0,0.0,3.3,0.24560140414476928,0.14849026345401795,0.1475229706132958,0.15140244422348784,0.1309956053890877,0.0,1.1165744787206342,0.0,0.618257350308631,7.865711115015785,1.109944426715079,13.86571111501464,0.618257350308631,0.0,0.4916870764064483,0.0,0.0,0.0,0.0,0.0038814754183143,0.9964005392635383,0.0,0.0,0.0,0.0,0.0,0.0,0.15140244422348784,0.1309956053890877,0.002912180769469899,0.016527365224208074,3.3,0.24560140414476928,0.14849026345401795,0.1475229706132958,0.15140244422348784,0.1309956053890877,0.0,1.1165744787206342,0.0,0.618257350308631,7.865711115015785,1.109944426715079,13.86571111501464,0.9068243400544136,6.865711115015974,0.9558131373419678,6.865711115015974,0.9068243400544136,0.0,0.04898879728755423,0.0,0.0,0.0,0.0,0.0038814754183143,0.9964005392635383,0.0,0.0,0.0,0.0,0.0,0.0,0.15140244422348784,0.1309956053890877,0.002912180769469899,0.016527365224208074
6.919098,3.3,0.3262165,0.1694856,0.09623004,3.3,0.3068507519298696,0.16352548661791722,0.11258911883019132,3.3,0.30648862514285985,0.1635249020380602,0.11259029770520093,0.1635249020380602,0.11259029770520093,0.0,0.0,0.0,0.1635249020380602,0.11259029770520093,0.0,0.0,3.3,0.28093151457267185,0.15987907846169835,0.12915816881504022,0.16352339981166425,0.11259332712391211,0.0,1.2336137624584473,0.0,0.618257350308631,7.865711115015785,1.109944426715079,13.86571111501464,0.618257350308631,0.0,0.4916870764064483,0.0,0.0,0.0,0.0,0.0038814754183143,0.9964005392635383,0.0,0.0,0.0,0.0,0.0,0.0,0.16352339981166425,0.11259332712391211,0.0036443213499659385,0.016564841691128113,3.3,0.28093151457267185,0.15987907846169835,0.12915816881504022,0.16352339981166425,0.11259332712391211,0.0,1.2336137624584473,0.0,0.618257350308631,7.865711115015785,1.109944426715079,13.86571111501464,0.9068243400544136,6.865711115015974,0.9558131373419678,6.865711115015974,0.9068243400544136,0.0,0.04898879728755423,0.0,0.0,0.0,0.0,0.0038814754183143,0.9964005392635383,0.0,0.0,0.0,0.0,0.0,0.0,0.16352339981166425,0.11259332712391211,0.0036443213499659385,0.016564841691128113
6.952432,3.3,0.3807874,0.1978166,0.07213342,3.3,0.3525551552480017,0.17420656578436913,0.07871383452117556,3.3,0.3521565485431272,0.17373041381826387,0.08014918489684837,0.17373041381826387,0.08014918489684837,0.0,0.0,0.0,0.17373041381826387,0.08014918489684837,0.0,0.0,3.3,0.3255111019165523,0.17141253360161648,0.09382909710722134,0.1726007472161518,0.08559568297996895,0.0,1.3622596209937234,0.0,0.618257350308631,7.865711115015785,1.109944426715079,13.86571111501464,0.618257350308631,0.0,0.4916870764064483,0.0,0.0,0.0,0.0,0.0038814754183143,0.9964005392635383,0.0,0.0,0.0,0.0,0.0,0.0,0.1726007472161518,0.08559568297996895,0.0011882136145352773,0.00823341412725239,3.3,0.3255111019165523,0.17141253360161648,0.09382909710722134,0.1726007472161518,0.08559568297996895,0.0,1.3622596209937234,0.0,0.618257350308631,7.865711115015785,1.109944426715079,13.86571111501464,0.9068243400544136,6.865711115015974,0.9558131373419678,6.865711115015974,0.9068243400544136,0.0,0.04898879728755423,0.0,0.0,0.0,0.0,0.0038814754183143,0.9964005392635383,0.0,0.0,0.0,0.0,0.0,0.0,0.1726007472161518,0.08559568297996895,0.0011882136145352773,0.00823341412725239
6.985765,3.3,0.4581547,0.2487278,0.0624528,3.3,0.4253778728112219,0.23497732619894335,0.0718962787903242,3.3,0.4246884381599502,0.2351689212796631,0.07179047688468412,0.2351689212796631,0.07179047688468412,0.0,0.0,0.0,0.2351689212796631,0.07179047688468412,0.0,0.0,3.3,0.38726307975321167,0.212754249635534,0.09529845820491523,0.23541592804905914,0.07165407574740056,0.0,2.066970736955685,0.0,0.618257350308631,7.865711115015785,1.109944426715079,13.86571111501464,0.618257350308631,0.0,0.4916870764064483,0.0,0.0,0.0,0.0,0.0038814754183143,0.9964005392635383,0.0,0.0,0.0,0.0,0.0,0.0,0.23541592804905914,0.07165407574740056,0.022661678413525073,0.02364438245751466,3.3,0.38726307975321167,0.212754249635534,0.09529845820491523,0.23541592804905914,0.07165407574740056,0.0,2.066970736955685,0.0,0.618257350308631,7.865711115015785,1.109944426715079,13.86571111501464,0.9068243400544136,6.865711115015974,0.9558131373419678,6.865711115015974,0.9068243400544136,0.0,0.04898879728755423,0.0,0.0,0.0,0.0,0.0038814754183143,0.9964005392635383,0.0,0.0,0.0,0.0,0.0,0.0,0.23541592804905914,0.07165407574740056,0.022661678413525073,0.02364438245751466
7.018523,3.3,0.5525742,0.2864727,0.05514261,3.3,0.5138590185716522,0.26376471013370245,0.05340009946989254,3.3,0.5130861962839971,0.2637537380286501,0.053398717247103766,0.2637537380286501,0.053398717247103766,0.0,0.0,0.0,0.2637537380286501,0.053398717247103766,0.0,0.0,3.3,0.46733097630100134,0.25047823010998566,0.06679371351784855,0.2637365847145361,0.05339655633982487,0.0,2.483601080198061,0.0,0.618257350308631,7.865711115015785,1.109944426715079,13.86571111501464,0.618257350308631,0.0,0.4916870764064483,0.0,0.0,0.0,0.0,0.0038814754183143,0.9964005392635383,0.0,0.0,0.0,0.0,0.0,0.0,0.2637365847145361,0.05339655633982487,0.013258354604550394,0.013397157178023665,3.3,0.46733097630100134,0.25047823010998566,0.06679371351784855,0.2637365847145361,0.05339655633982487,0.0,2.483601080198061,0.0,0.618257350308631,7.865711115015785,1.109944426715079,13.86571111501464,0.9068243400544136,6.865711115015974,0.9558131373419678,6.865711115015974,0.9068243400544136,0.0,0.04898879728755423,0.0,0.0,0.0,0.0,0.0038814754183143,0.9964005392635383,0.0,0.0,0.0,0.0,0.0,0.0,0.2637365847145361,0.05339655633982487,0.013258354604550394,0.013397157178023665
7.045769,3.3,0.6347993,0.309291,0.04729609,3.3,0.5932697852818581,0.2951383550555156,0.05316897181125877,3.3,0.5924637111935,0.2953231770389428,0.053091850280419337,0.2953231770389428,0.053091850280419337,0.0,0.0,0.0,0.2953231770389428,0.053091850280419337,0.0,0.0,3.3,0.5416482014872107,0.271090608982242,0.06847361045785202,0.2955573128697439,0.052994151330538364,0.0,2.7156024649224175,0.0,0.618257350308631,7.865711115015785,1.109944426715079,13.86571111501464,0.618257350308631,0.0,0.4916870764064483,0.0,0.0,0.0,0.0,0.0038814754183143,0.9964005392635383,0.0,0.0,0.0,0.0,0.0,0.0,0.2955573128697439,0.052994151330538364,0.024466703887501894,0.01547945912731366,3.3,0.5416482014872107,0.271090608982242,0.06847361045785202,0.2955573128697439,0.052994151330538364,0.0,2.7156024649224175,0.0,0.618257350308631,7.865711115015785,1.109944426715079,13.86571111501464,0.9068243400544136,6.865711115015974,0.9558131373419678,6.865711115015974,0.9068243400544136,0.0,0.04898879728755423,0.0,0.0,0.0,0.0,0.0038814754183143,0.9964005392635383,0.0,0.0,0.0,0.0,0.0,0.0,0.2955573128697439,0.052994151330538364,0.024466703887501894,0.01547945912731366
7.079103,3.3,0.7446593,0.3563257,0.0347129,3.3,0.6963174745785503,0.3351596541473554,0.042308731042121385,3.3,0.6954036049640819,0.3351572809720598,0.042309275049916543,0.3351572809720598,0.042309275049916543,0.0,0.0,0.0,0.3351572809720598,0.042309275049916543,0.0,0.0,3.3,0.6366174301103911,0.31717114866511054,0.04991756504964114,0.3351511144981904,0.04231068860325144,0.0,2.898567422689292,0.0,0.618257350308631,7.865711115015785,1.109944426715079,13.86571111501464,0.618257350308631,0.0,0.4916870764064483,0.0,0.0,0.0,0.0,0.0038814754183143,0.9964005392635383,0.0,0.0,0.0,0.0,0.0,0.0,0.3351511144981904,0.04231068860325144,0.01797996583307988,0.007606876446389705,3.3,0.6366174301103911,0.31717114866511054,0.04991756504964114,0.3351511144981904,0.04231068860325144,0.0,2.898567422689292,0.0,0.618257350308631,7.865711115015785,1.109944426715079,13.86571111501464,0.9068243400544136,6.865711115015974,0.9558131373419678,6.865711115015974,0.9068243400544136,0.0,0.04898879728755423,0.0,0.0,0.0,0.0,0.0038814754183143,0.9964005392635383,0.0,0.0,0.0,0.0,0.0,0.0,0.3351511144981904,0.04231068860325144,0.01797996583307988,0.007606876446389705
7.106307,3.3,0.8438756,0.3852452,0.02313417,3.3,0.7927023410249548,0.368089681761672,0.029670503544338932,3.3,0.7916968447029455,0.36829010971476667,0.029588701890958895,0.36829010971476667,0.029588701890958895,0.0,0.0,0.0,0.36829010971476667,0.029588701890958895,0.0,0.0,3.3,0.7251234875422051,0.33883372751533897,0.04315921950248592,0.36839285947876227,0.029546766120775607,0.0,3.2478084654081605,0.0,0.618257350308631,7.865711115015785,1.109944426715079,13.86571111501464,0.618257350308631,0.0,0.4916870764064483,0.0,0.0,0.0,0.0,0.0038814754183143,0.9964005392635383,0.0,0.0,0.0,0.0,0.0,0.0,0.36839285947876227,0.029546766120775607,0.029559131963423285,0.013612453381710318,3.3,0.7251234875422051,0.33883372751533897,0.04315921950248592,0.36839285947876227,0.029546766120775607,0.0,3.2478084654081605,0.0,0.618257350308631,7.865711115015785,1.109944426715079,13.86571111501464,0.9068243400544136,6.865711115015974,0.9558131373419678,6.865711115015974,0.9068243400544136,0.0,0.04898879728755423,0.0,0.0,0.0,0.0,0.0038814754183143,0.9964005392635383,0.0,0.0,0.0,0.0,0.0,0.0,0.36839285947876227,0.029546766120775607,0.029559131963423285,0.013612453381710318
7.134239,3.3,0.947019,0.4253683,0.03063465,3.3,0.8946540634462944,0.41021457890339946,0.032632701707516885,3.3,0.8936267823748173,0.4097446071226572,0.03273052552489665,0.4097446071226572,0.03273052552489665,0.0,0.0,0.0,0.4097446071226572,0.03273052552489665,0.0,0.0,3.3,0.8216313611712933,0.37583046027289085,0.038382147744800664,0.37147473853956015,0.028285285886743703,0.0,3.4802117720145236,0.0,0.618257350308631,7.865711115015785,1.109944426715079,13.86571111501464,0.618257350308631,0.0,0.4916870764064483,0.0,0.0,0.0,0.0,0.0038814754183143,0.9964005392635383,0.0,0.0,0.0,0.0,0.0,0.0,0.37147473853956015,0.028285285886743703,0.004558475656510569,0.010096861858056971,3.3,0.8216313611712933,0.37583046027289085,0.038382147744800664,0.37147473853956015,0.028285285886743703,0.0,3.4802117720145236,0.0,0.618257350308631,7.865711115015785,1.109944426715079,13.86571111501464,0.9068243400544136,6.865711115015974,0.9558131373419678,6.865711115015974,0.9068243400544136,0.0,0.04898879728755423,0.0,0.0,0.0,0.0,0.0038814754183143,0.9964005392635383,0.0,0.0,0.0,0.0,0.0,0.0,0.37147473853956015,0.028285285886743703,0.004558475656510569,0.010096861858056971
7.16325,3.3,1.041605,0.4270084,0.02607055,3.3,0.9953111753067221,0.4165687942601463,0.02821405218719438,3.3,0.9945080951587943,0.4160114713784581,0.02830579714733113,0.4160114713784581,0.02830579714733113,0.0,0.0,0.0,0.4160114713784581,0.02830579714733113,0.0,0.0,3.3,0.9210472009790454,0.4043195195552206,0.033308945424487674,0.15560301359783907,0.12031984317048357,0.0,3.413146154802426,0.0,0.618257350308631,7.865711115015785,1.109944426715079,13.86571111501464,0.618257350308631,0.0,0.4916870764064483,0.0,0.0,0.0,0.0,0.0038814754183143,0.9964005392635383,0.0,0.0,0.0,0.0,0.0,0.0,0.15560301359783907,0.12031984317048357,0.24871650595738168,0.08701089774599592,3.3,0.9210472009790454,0.4043195195552206,0.033308945424487674,0.15560301359783907,0.12031984317048357,0.0,3.413146154802426,0.0,0.618257350308631,7.865711115015785,1.109944426715079,13.86571111501464,0.9068243400544136,6.865711115015974,0.9558131373419678,6.865711115015974,0.9068243400544136,0.0,0.04898879728755423,0.0,0.0,0.0,0.0,0.0038814754183143,0.9964005392635383,0.0,0.0,0.0,0.0,0.0,0.0,0.15560301359783907,0.12031984317048357,0.24871650595738168,0.08701089774599592
7.168795,3.3,1.057359,0.4313536,0.02500491,3.3,1.0119264710753166,0.41674592451737247,0.028210974937550592,3.3,1.011152412092541,0.41674346757541286,0.028211456920565717,0.41674346757541286,0.028211456920565717,0.0,0.0,0.0,0.41674346757541286,0.028211456920565717,0.0,0.0,3.3,0.937591749612446,0.40336022092469226,0.03224162812793514,0.4167390862757778,0.028212316408515785,0.0,3.231877165813997,0.0,0.618257350308631,7.865711115015785,1.109944426715079,13.86571111501464,0.618257350308631,0.0,0.4916870764064483,0.0,0.0,0.0,0.0,0.0038814754183143,0.9964005392635383,0.0,0.0,0.0,0.0,0.0,0.0,0.4167390862757778,0.028212316408515785,0.01337886535108561,0.004029311719419365,3.3,0.937591749612446,0.40336022092469226,0.03224162812793514,0.4167390862757778,0.028212316408515785,0.0,3.231877165813997,0.0,0.618257350308631,7.865711115015785,1.109944426715079,13.86571111501464,0.9068243400544136,6.865711115015974,0.9558131373419678,6.865711115015974,0.9068243400544136,0.0,0.04898879728755423,0.0,0.0,0.0,0.0,0.0038814754183143,0.9964005392635383,0.0,0.0,0.0,0.0,0.0,0.0,0.4167390862757778,0.028212316408515785,0.01337886535108561,0.004029311719419365
7.177756,3.3,1.082692,0.4382022,0.02347309,3.3,1.0382719866209091,0.4246738763601859,0.026756671348764097,3.3,1.0374957580878001,0.4246784284543424,0.026755866363769452,0.4246784284543424,0.026755866363769452,0.0,0.0,0.0,0.4246784284543424,0.026755866363769452,0.0,0.0,3.3,0.9644296420314257,0.40597104699393993,0.03144509181625306,0.42470378873203213,0.026751381693132934,0.0,3.0682745082697096,0.0,0.618257350308631,7.865711115015785,1.109944426715079,13.86571111501464,0.618257350308631,0.0,0.4916870764064483,0.0,0.0,0.0,0.0,0.0038814754183143,0.9964005392635383,0.0,0.0,0.0,0.0,0.0,0.0,0.42470378873203213,0.026751381693132934,0.0187327417380922,0.00469371012312012,3.3,0.9644296420314257,0.40597104699393993,0.03144509181625306,0.42470378873203213,0.026751381693132934,0.0,3.0682745082697096,0.0,0.618257350308631,7.865711115015785,1.109944426715079,13.86571111501464,0.9068243400544136,6.865711115015974,0.9558131373419678,6.865711115015974,0.9068243400544136,0.0,0.04898879728755423,0.0,0.0,0.0,0.0,0.0038814754183143,0.9964005392635383,0.0,0.0,0.0,0.0,0.0,0.0,0.42470378873203213,0.026751381693132934,0.0187327417380922,0.00469371012312012
7.202836,3.3,1.152029,0.4573835,0.0198156,3.3,1.1099895360644134,0.44556888403906847,0.022123869917385124,3.3,1.1092195362844772,0.44471851438355486,0.022205348573577165,0.44471851438355486,0.022205348573577165,0.0,0.0,0.0,0.44471851438355486,0.022205348573577165,0.0,0.0,3.3,1.0379521566713232,0.4329832395724705,0.02502577132317567,0.44934359086127257,0.021614711265121343,0.0,2.9365117390665354,0.0,0.618257350308631,7.865711115015785,1.109944426715079,13.86571111501464,0.618257350308631,0.0,0.4916870764064483,0.0,0.0,0.0,0.0,0.0038814754183143,0.9964005392635383,0.0,0.0,0.0,0.0,0.0,0.0,0.44934359086127257,0.021614711265121343,0.01636035128880211,0.0034110600580543222,3.3,1.0379521566713232,0.4329832395724705,0.02502577132317567,0.44934359086127257,0.021614711265121343,0.0,2.9365117390665354,0.0,0.618257350308631,7.865711115015785,1.109944426715079,13.86571111501464,0.9068243400544136,6.865711115015974,0.9558131373419678,6.865711115015974,0.9068243400544136,0.0,0.04898879728755423,0.0,0.0,0.0,0.0,0.0038814754183143,0.9964005392635383,0.0,0.0,0.0,0.0,0.0,0.0,0.44934359086127257,0.021614711265121343,0.01636035128880211,0.0034110600580543222
7.2361699999999995,3.3,1.235396,0.4741576,0.01918976,3.3,1.201578076563851,0.47164841734998947,0.020611732104203345,3.3,1.2008843473547581,0.47179645850213325,0.020574445602009245,0.47179645850213325,0.020574445602009245,0.0,0.0,0.0,0.47179645850213325,0.020574445602009245,0.0,0.0,3.3,1.1306635605652469,0.44420884097890545,0.024184016859781412,0.47184064177862794,0.02056331734603382,0.0,2.751312706902554,0.0,0.618257350308631,7.865711115015785,1.109944426715079,13.86571111501464,0.618257350308631,0.0,0.4916870764064483,0.0,0.0,0.0,0.0,0.0038814754183143,0.9964005392635383,0.0,0.0,0.0,0.0,0.0,0.0,0.47184064177862794,0.02056331734603382,0.02763180079972253,0.0036206995137475916,3.3,1.1306635605652469,0.44420884097890545,0.024184016859781412,0.47184064177862794,0.02056331734603382,0.0,2.751312706902554,0.0,0.618257350308631,7.865711115015785,1.109944426715079,13.86571111501464,0.9068243400544136,6.865711115015974,0.9558131373419678,6.865711115015974,0.9068243400544136,0.0,0.04898879728755423,0.0,0.0,0.0,0.0,0.0038814754183143,0.9964005392635383,0.0,0.0,0.0,0.0,0.0,0.0,0.47184064177862794,0.02056331734603382,0.02763180079972253,0.0036206995137475916
7.269503,3.3,1.306466,0.488914,0.01636583,3.3,1.277239583371083,0.4769739745076256,0.01790624364148326,3.3,1.2767043744917657,0.47697429533728614,0.017906118079820506,0.47697429533728614,0.017906118079820506,0.0,0.0,0.0,0.47697429533728614,0.017906118079820506,0.0,0.0,3.3,1.2134498947011856,0.4670886917991027,0.019980783582790512,0.476973600519804,0.017906390007416388,0.0,2.3657067822811833,0.0,0.618257350308631,7.865711115015785,1.109944426715079,13.86571111501464,0.618257350308631,0.0,0.4916870764064483,0.0,0.0,0.0,0.0,0.0038814754183143,0.9964005392635383,0.0,0.0,0.0,0.0,0.0,0.0,0.476973600519804,0.017906390007416388,0.00988490872070127,0.002074393575374125,3.3,1.2134498947011856,0.4670886917991027,0.019980783582790512,0.476973600519804,0.017906390007416388,0.0,2.3657067822811833,0.0,0.618257350308631,7.865711115015785,1.109944426715079,13.86571111501464,0.9068243400544136,6.865711115015974,0.9558131373419678,6.865711115015974,0.9068243400544136,0.0,0.04898879728755423,0.0,0.0,0.0,0.0,0.0038814754183143,0.9964005392635383,0.0,0.0,0.0,0.0,0.0,0.0,0.476973600519804,0.017906390007416388,0.00988490872070127,0.002074393575374125
7.302836,3.3,1.368885,0.5046133,0.01364265,3.3,1.3438881687321815,0.4968326225485738,0.01531803573689228,3.3,1.34338705447913,0.49654272132564437,0.015406539001915586,0.49654272132564437,0.015406539001915586,0.0,0.0,0.0,0.49654272132564437,0.015406539001915586,0.0,0.0,3.3,1.2863123359868365,0.48924855802871625,0.016784486790831006,0.49851308267401084,0.014912169576652578,0.0,2.1594426241592237,0.0,0.618257350308631,7.865711115015785,1.109944426715079,13.86571111501464,0.618257350308631,0.0,0.4916870764064483,0.0,0.0,0.0,0.0,0.0038814754183143,0.9964005392635383,0.0,0.0,0.0,0.0,0.0,0.0,0.49851308267401084,0.014912169576652578,0.009264524645294592,0.0018723172141784292,3.3,1.2863123359868365,0.48924855802871625,0.016784486790831006,0.49851308267401084,0.014912169576652578,0.0,2.1594426241592237,0.0,0.618257350308631,7.865711115015785,1.109944426715079,13.86571111501464,0.9068243400544136,6.865711115015974,0.9558131373419678,6.865711115015974,0.9068243400544136,0.0,0.04898879728755423,0.0,0.0,0.0,0.0,0.0038814754183143,0.9964005392635383,0.0,0.0,0.0,0.0,0.0,0.0,0.49851308267401084,0.014912169576652578,0.009264524645294592,0.0018723172141784292
7.33617,3.3,1.424896,0.5256925,0.01566487,3.3,1.4034307307911995,0.5148103735020674,0.016180758314731994,3.3,1.4029866306231595,0.5149309519850966,0.016182251210008766,0.5149309519850966,0.016182251210008766,0.0,0.0,0.0,0.5149309519850966,0.016182251210008766,0.0,0.0,3.3,1.3514671609244702,0.4963976970028615,0.016456911968933043,0.5149669389547865,0.01618269676858377,0.0,1.9146445492494115,0.0,0.618257350308631,7.865711115015785,1.109944426715079,13.86571111501464,0.618257350308631,0.0,0.4916870764064483,0.0,0.0,0.0,0.0,0.0038814754183143,0.9964005392635383,0.0,0.0,0.0,0.0,0.0,0.0,0.5149669389547865,0.01618269676858377,0.018569241951924984,0.00027421520034927863,3.3,1.3514671609244702,0.4963976970028615,0.016456911968933043,0.5149669389547865,0.01618269676858377,0.0,1.9146445492494115,0.0,0.618257350308631,7.865711115015785,1.109944426715079,13.86571111501464,0.9068243400544136,6.865711115015974,0.9558131373419678,6.865711115015974,0.9068243400544136,0.0,0.04898879728755423,0.0,0.0,0.0,0.0,0.0038814754183143,0.9964005392635383,0.0,0.0,0.0,0.0,0.0,0.0,0.5149669389547865,0.01618269676858377,0.018569241951924984,0.00027421520034927863
7.369503000000001,3.3,1.475681,0.5443339,0.01588647,3.3,1.4568410744240223,0.5328236049117402,0.01640378208659494,3.3,1.4564347037868977,0.5328240105031423,0.016403787108266087,0.5328240105031423,0.016403787108266087,0.0,0.0,0.0,0.5328240105031423,0.016403787108266087,0.0,0.0,3.3,1.410334757151682,0.5235968804933324,0.01689108283204181,0.5328231321180328,0.016403776232884776,0.0,1.7253038019957463,0.0,0.618257350308631,7.865711115015785,1.109944426715079,13.86571111501464,0.618257350308631,0.0,0.4916870764064483,0.0,0.0,0.0,0.0,0.0038814754183143,0.9964005392635383,0.0,0.0,0.0,0.0,0.0,0.0,0.5328231321180328,0.016403776232884776,0.009226251624700331,0.00048730659915703764,3.3,1.410334757151682,0.5235968804933324,0.01689108283204181,0.5328231321180328,0.016403776232884776,0.0,1.7253038019957463,0.0,0.618257350308631,7.865711115015785,1.109944426715079,13.86571111501464,0.9068243400544136,6.865711115015974,0.9558131373419678,6.865711115015974,0.9068243400544136,0.0,0.04898879728755423,0.0,0.0,0.0,0.0,0.0038814754183143,0.9964005392635383,0.0,0.0,0.0,0.0,0.0,0.0,0.5328231321180328,0.016403776232884776,0.009226251624700331,0.00048730659915703764
7.402836,3.3,1.518256,0.5504745,0.01516125,3.3,1.5017397659382317,0.5431705648431132,0.016531888919773717,3.3,1.5013990385033738,0.5427085303737481,0.016526168420894587,0.5427085303737481,0.016526168420894587,0.0,0.0,0.0,0.5427085303737481,0.016526168420894587,0.0,0.0,3.3,1.4620400311006325,0.5366323860608754,0.016658970411721544,0.5451875612105419,0.016460279884600595,0.0,1.4732066320113681,0.0,0.618257350308631,7.865711115015785,1.109944426715079,13.86571111501464,0.618257350308631,0.0,0.4916870764064483,0.0,0.0,0.0,0.0,0.0038814754183143,0.9964005392635383,0.0,0.0,0.0,0.0,0.0,0.0,0.5451875612105419,0.016460279884600595,0.008555175149666465,0.00019869052712095063,3.3,1.4620400311006325,0.5366323860608754,0.016658970411721544,0.5451875612105419,0.016460279884600595,0.0,1.4732066320113681,0.0,0.618257350308631,7.865711115015785,1.109944426715079,13.86571111501464,0.9068243400544136,6.865711115015974,0.9558131373419678,6.865711115015974,0.9068243400544136,0.0,0.04898879728755423,0.0,0.0,0.0,0.0,0.0038814754183143,0.9964005392635383,0.0,0.0,0.0,0.0,0.0,0.0,0.5451875612105419,0.016460279884600595,0.008555175149666465,0.00019869052712095063
7.43617,3.3,1.55383,0.5636231,0.01370594,3.3,1.5400532889757148,0.5545593106043182,0.013979177904393049,3.3,1.5397457746630172,0.5546388777325395,0.013968703513639175,0.5546388777325395,0.013968703513639175,0.0,0.0,0.0,0.5546388777325395,0.013968703513639175,0.0,0.0,3.3,1.5052959253213456,0.5427499117888217,0.015617075661638703,0.5546626247540617,0.013965577403796791,0.0,1.2716253519075613,0.0,0.618257350308631,7.865711115015785,1.109944426715079,13.86571111501464,0.618257350308631,0.0,0.4916870764064483,0.0,0.0,0.0,0.0,0.0038814754183143,0.9964005392635383,0.0,0.0,0.0,0.0,0.0,0.0,0.5546626247540617,0.013965577403796791,0.011912712965239998,0.001651498257841907,3.3,1.5052959253213456,0.5427499117888217,0.015617075661638703,0.5546626247540617,0.013965577403796791,0.0,1.2716253519075613,0.0,0.618257350308631,7.865711115015785,1.109944426715079,13.86571111501464,0.9068243400544136,6.865711115015974,0.9558131373419678,6.865711115015974,0.9068243400544136,0.0,0.04898879728755423,0.0,0.0,0.0,0.0,0.0038814754183143,0.9964005392635383,0.0,0.0,0.0,0.0,0.0,0.0,0.5546626247540617,0.013965577403796791,0.011912712965239998,0.001651498257841907
7.469234000000001,3.3,1.587944,0.5817762,0.01428974,3.3,1.5753051111799072,0.5700179728994138,0.014840055798206289,3.3,1.5750125021832586,0.5700174935487533,0.01484005057568434,0.5700174935487533,0.01484005057568434,0.0,0.0,0.0,0.5700174935487533,0.01484005057568434,0.0,0.0,3.3,1.5441653626836407,0.5621445187843866,0.014719717746558001,0.5700154936366886,0.014840028786656979,0.0,1.1550371665027268,0.0,0.618257350308631,7.865711115015785,1.109944426715079,13.86571111501464,0.618257350308631,0.0,0.4916870764064483,0.0,0.0,0.0,0.0,0.0038814754183143,0.9964005392635383,0.0,0.0,0.0,0.0,0.0,0.0,0.5700154936366886,0.014840028786656979,0.007870974852301989,0.00012031104009897943,3.3,1.5441653626836407,0.5621445187843866,0.014719717746558001,0.5700154936366886,0.014840028786656979,0.0,1.1550371665027268,0.0,0.618257350308631,7.865711115015785,1.109944426715079,13.86571111501464,0.9068243400544136,6.865711115015974,0.9558131373419678,6.865711115015974,0.9068243400544136,0.0,0.04898879728755423,0.0,0.0,0.0,0.0,0.0038814754183143,0.9964005392635383,0.0,0.0,0.0,0.0,0.0,0.0,0.5700154936366886,0.014840028786656979,0.007870974852301989,0.00012031104009897943
7.486147000000001,3.3,1.605463,0.5881589,0.01219306,3.3,1.5932629991161775,0.5795595319683844,0.01394149834573893,3.3,1.5929592619416493,0.5796068252666342,0.01387400450747346,0.5796068252666342,0.01387400450747346,0.0,0.0,0.0,0.5796068252666342,0.01387400450747346,0.0,0.0,3.3,1.563414859957132,0.5663614464419318,0.014754485455227746,0.5796226134501923,0.013851472665817252,0.0,1.137280670676458,0.0,0.618257350308631,7.865711115015785,1.109944426715079,13.86571111501464,0.618257350308631,0.0,0.4916870764064483,0.0,0.0,0.0,0.0,0.0038814754183143,0.9964005392635383,0.0,0.0,0.0,0.0,0.0,0.0,0.5796226134501923,0.013851472665817252,0.013261167008260515,0.0009030127894104954,3.3,1.563414859957132,0.5663614464419318,0.014754485455227746,0.5796226134501923,0.013851472665817252,0.0,1.137280670676458,0.0,0.618257350308631,7.865711115015785,1.109944426715079,13.86571111501464,0.9068243400544136,6.865711115015974,0.9558131373419678,6.865711115015974,0.9068243400544136,0.0,0.04898879728755423,0.0,0.0,0.0,0.0,0.0038814754183143,0.9964005392635383,0.0,0.0,0.0,0.0,0.0,0.0,0.5796226134501923,0.013851472665817252,0.013261167008260515,0.0009030127894104954
7.504499000000001,3.3,1.623966,0.5982583,0.01377244,3.3,1.6124955608815807,0.590234898982119,0.014375591797113733,3.3,1.6121982419322254,0.5900376934752015,0.014373540930026657,0.5900376934752015,0.014373540930026657,0.0,0.0,0.0,0.5900376934752015,0.014373540930026657,0.0,0.0,3.3,1.584014375122504,0.5762123291978657,0.013952248093516646,0.5623349283350068,0.014468682758564996,0.0,1.1271336053344132,0.0,0.618257350308631,7.865711115015785,1.109944426715079,13.86571111501464,0.618257350308631,0.0,0.4916870764064483,0.0,0.0,0.0,0.0,0.0038814754183143,0.9964005392635383,0.0,0.0,0.0,0.0,0.0,0.0,0.5623349283350068,0.014468682758564996,0.013877400862858918,0.0005164346650483489,3.3,1.584014375122504,0.5762123291978657,0.013952248093516646,0.5623349283350068,0.014468682758564996,0.0,1.1271336053344132,0.0,0.618257350308631,7.865711115015785,1.109944426715079,13.86571111501464,0.9068243400544136,6.865711115015974,0.9558131373419678,6.865711115015974,0.9068243400544136,0.0,0.04898879728755423,0.0,0.0,0.0,0.0,0.0038814754183143,0.9964005392635383,0.0,0.0,0.0,0.0,0.0,0.0,0.5623349283350068,0.014468682758564996,0.013877400862858918,0.0005164346650483489
7.537833000000001,3.3,1.654122,0.608902,0.01387787,3.3,1.6437854400546328,0.5989032940278562,0.014465740020532756,3.3,1.6435394279198063,0.5989012233433181,0.014465718486150508,0.5989012233433181,0.014465718486150508,0.0,0.0,0.0,0.5989012233433181,0.014465718486150508,0.0,0.0,3.3,1.6181489271495708,0.5904080192824911,0.014524792047803717,0.5989081057851409,0.01446579006109603,0.0,0.9887956818624832,0.0,0.618257350308631,7.865711115015785,1.109944426715079,13.86571111501464,0.618257350308631,0.0,0.4916870764064483,0.0,0.0,0.0,0.0,0.0038814754183143,0.9964005392635383,0.0,0.0,0.0,0.0,0.0,0.0,0.5989081057851409,0.01446579006109603,0.008500086502649813,5.900198670769392e-05,3.3,1.6181489271495708,0.5904080192824911,0.014524792047803717,0.5989081057851409,0.01446579006109603,0.0,0.9887956818624832,0.0,0.618257350308631,7.865711115015785,1.109944426715079,13.86571111501464,0.9068243400544136,6.865711115015974,0.9558131373419678,6.865711115015974,0.9068243400544136,0.0,0.04898879728755423,0.0,0.0,0.0,0.0,0.0038814754183143,0.9964005392635383,0.0,0.0,0.0,0.0,0.0,0.0,0.5989081057851409,0.01446579006109603,0.008500086502649813,5.900198670769392e-05
7.566364,3.3,1.677475,0.6202336,0.01329051,3.3,1.6683846054153706,0.6108500620516519,0.013421834333093045,3.3,1.6681366124404808,0.6110247223706392,0.013520834727501999,0.6110247223706392,0.013520834727501999,0.0,0.0,0.0,0.6110247223706392,0.013520834727501999,0.0,0.0,3.3,1.6444175828066037,0.5995797843256162,0.01392249343254098,0.6111319358478832,0.013581605122257942,0.0,0.9174085610213885,0.0,0.618257350308631,7.865711115015785,1.109944426715079,13.86571111501464,0.618257350308631,0.0,0.4916870764064483,0.0,0.0,0.0,0.0,0.0038814754183143,0.9964005392635383,0.0,0.0,0.0,0.0,0.0,0.0,0.6111319358478832,0.013581605122257942,0.011552151522266949,0.0003408883102830361,3.3,1.6444175828066037,0.5995797843256162,0.01392249343254098,0.6111319358478832,0.013581605122257942,0.0,0.9174085610213885,0.0,0.618257350308631,7.865711115015785,1.109944426715079,13.86571111501464,0.9068243400544136,6.865711115015974,0.9558131373419678,6.865711115015974,0.9068243400544136,0.0,0.04898879728755423,0.0,0.0,0.0,0.0,0.0038814754183143,0.9964005392635383,0.0,0.0,0.0,0.0,0.0,0.0,0.6111319358478832,0.013581605122257942,0.011552151522266949,0.0003408883102830361
7.599698,3.3,1.704299,0.6322756,0.01134371,3.3,1.6956526835343744,0.6234496886573532,0.014019850127911055,3.3,1.6954153947518433,0.6234496886573382,0.01401985012791091,0.6234496886573382,0.01401985012791091,0.0,0.0,0.0,0.6234496886573382,0.01401985012791091,0.0,0.0,3.3,1.6732861649438981,0.6174438468138893,0.013990348895453605,0.6234495438474518,0.014019848693669314,0.0,0.8483459817903903,0.0,0.618257350308631,7.865711115015785,1.109944426715079,13.86571111501464,0.618257350308631,0.0,0.4916870764064483,0.0,0.0,0.0,0.0,0.0038814754183143,0.9964005392635383,0.0,0.0,0.0,0.0,0.0,0.0,0.6234495438474518,0.014019848693669314,0.006005697033562449,2.949979821571325e-05,3.3,1.6732861649438981,0.6174438468138893,0.013990348895453605,0.6234495438474518,0.014019848693669314,0.0,0.8483459817903903,0.0,0.618257350308631,7.865711115015785,1.109944426715079,13.86571111501464,0.9068243400544136,6.865711115015974,0.9558131373419678,6.865711115015974,0.9068243400544136,0.0,0.04898879728755423,0.0,0.0,0.0,0.0,0.0038814754183143,0.9964005392635383,0.0,0.0,0.0,0.0,0.0,0.0,0.6234495438474518,0.014019848693669314,0.006005697033562449,2.949979821571325e-05
7.633031,3.3,1.730229,0.6481361,0.01283967,3.3,1.7222882486423046,0.6396219077745352,0.013470867085196486,3.3,1.7220627564932227,0.6391152522796203,0.01346609997282957,0.6391152522796203,0.01346609997282957,0.0,0.0,0.0,0.6391152522796203,0.01346609997282957,0.0,0.0,3.3,1.7010862280484735,0.6343482450641045,0.013411621659906434,0.6232162129081518,0.01363758273533928,0.0,0.8292719031448208,0.0,0.618257350308631,7.865711115015785,1.109944426715079,13.86571111501464,0.618257350308631,0.0,0.4916870764064483,0.0,0.0,0.0,0.0,0.0038814754183143,0.9964005392635383,0.0,0.0,0.0,0.0,0.0,0.0,0.6232162129081518,0.01363758273533928,0.011132032155952726,0.0002336725079236055,3.3,1.7010862280484735,0.6343482450641045,0.013411621659906434,0.6232162129081518,0.01363758273533928,0.0,0.8292719031448208,0.0,0.618257350308631,7.865711115015785,1.109944426715079,13.86571111501464,0.9068243400544136,6.865711115015974,0.9558131373419678,6.865711115015974,0.9068243400544136,0.0,0.04898879728755423,0.0,0.0,0.0,0.0,0.0038814754183143,0.9964005392635383,0.0,0.0,0.0,0.0,0.0,0.0,0.6232162129081518,0.01363758273533928,0.011132032155952726,0.0002336725079236055
7.666363999999999,3.3,1.754253,0.6589454,0.01221729,3.3,1.7474779337322215,0.6490035688342985,0.011782984057518129,3.3,1.7472673827459082,0.6491099212374952,0.011848366692265414,0.6491099212374952,0.011848366692265414,0.0,0.0,0.0,0.6491099212374952,0.011848366692265414,0.0,0.0,3.3,1.727304028127282,0.6390515858231306,0.012796863249159218,0.64917520458878,0.011888501163925992,0.0,0.7761342974442706,0.0,0.618257350308631,7.865711115015785,1.109944426715079,13.86571111501464,0.618257350308631,0.0,0.4916870764064483,0.0,0.0,0.0,0.0,0.0038814754183143,0.9964005392635383,0.0,0.0,0.0,0.0,0.0,0.0,0.64917520458878,0.011888501163925992,0.010123618765649373,0.0009083620852332255,3.3,1.727304028127282,0.6390515858231306,0.012796863249159218,0.64917520458878,0.011888501163925992,0.0,0.7761342974442706,0.0,0.618257350308631,7.865711115015785,1.109944426715079,13.86571111501464,0.9068243400544136,6.865711115015974,0.9558131373419678,6.865711115015974,0.9068243400544136,0.0,0.04898879728755423,0.0,0.0,0.0,0.0,0.0038814754183143,0.9964005392635383,0.0,0.0,0.0,0.0,0.0,0.0,0.64917520458878,0.011888501163925992,0.010123618765649373,0.0009083620852332255
7.699698000000001,3.3,1.776875,0.6724179,0.01233072,3.3,1.7705592191532689,0.6616265926407526,0.012957868567082073,3.3,1.7703706462248396,0.6616265926407291,0.01295786856708186,0.6616265926407291,0.01295786856708186,0.0,0.0,0.0,0.6616265926407291,0.01295786856708186,0.0,0.0,3.3,1.7514560144428517,0.6559364652166371,0.012958921258351392,0.6616263786624289,0.012957866659750282,0.0,0.7102153731026551,0.0,0.618257350308631,7.865711115015785,1.109944426715079,13.86571111501464,0.618257350308631,0.0,0.4916870764064483,0.0,0.0,0.0,0.0,0.0038814754183143,0.9964005392635383,0.0,0.0,0.0,0.0,0.0,0.0,0.6616263786624289,0.012957866659750282,0.005689913445791864,1.054598601110564e-06,3.3,1.7514560144428517,0.6559364652166371,0.012958921258351392,0.6616263786624289,0.012957866659750282,0.0,0.7102153731026551,0.0,0.618257350308631,7.865711115015785,1.109944426715079,13.86571111501464,0.9068243400544136,6.865711115015974,0.9558131373419678,6.865711115015974,0.9068243400544136,0.0,0.04898879728755423,0.0,0.0,0.0,0.0,0.0038814754183143,0.9964005392635383,0.0,0.0,0.0,0.0,0.0,0.0,0.6616263786624289,0.012957866659750282,0.005689913445791864,1.054598601110564e-06
7.733031,3.3,1.79923,0.6854858,0.01170887,3.3,1.7935375590562974,0.6764921695584508,0.012140983762968266,3.3,1.793344693087103,0.6760170858171954,0.012049683704892414,0.6760170858171954,0.012049683704892414,0.0,0.0,0.0,0.6760170858171954,0.012049683704892414,0.0,0.0,3.3,1.7749448587906547,0.6706854990099969,0.011345013450307076,0.661784398415487,0.012384435293920328,0.0,0.7063482420711005,0.0,0.618257350308631,7.865711115015785,1.109944426715079,13.86571111501464,0.618257350308631,0.0,0.4916870764064483,0.0,0.0,0.0,0.0,0.0038814754183143,0.9964005392635383,0.0,0.0,0.0,0.0,0.0,0.0,0.661784398415487,0.012384435293920328,0.009286604118983447,0.0010394218436132559,3.3,1.7749448587906547,0.6706854990099969,0.011345013450307076,0.661784398415487,0.012384435293920328,0.0,0.7063482420711005,0.0,0.618257350308631,7.865711115015785,1.109944426715079,13.86571111501464,0.9068243400544136,6.865711115015974,0.9558131373419678,6.865711115015974,0.9068243400544136,0.0,0.04898879728755423,0.0,0.0,0.0,0.0,0.0038814754183143,0.9964005392635383,0.0,0.0,0.0,0.0,0.0,0.0,0.661784398415487,0.012384435293920328,0.009286604118983447,0.0010394218436132559
7.766364,3.3,1.820403,0.6966053,0.01179699,3.3,1.8153511363601667,0.6870096672552468,0.012451529332524308,3.3,1.8151796548125283,0.6870656317403407,0.012452000462057895,0.6870656317403407,0.012452000462057895,0.0,0.0,0.0,0.6870656317403407,0.012452000462057895,0.0,0.0,3.3,1.7976317370955681,0.6774657957607997,0.012504668367755713,0.6870999849757174,0.01245228966017583,0.0,0.6764165193078451,0.0,0.618257350308631,7.865711115015785,1.109944426715079,13.86571111501464,0.618257350308631,0.0,0.4916870764064483,0.0,0.0,0.0,0.0,0.0038814754183143,0.9964005392635383,0.0,0.0,0.0,0.0,0.0,0.0,0.6870999849757174,0.01245228966017583,0.00963418921491775,5.2378707579884e-05,3.3,1.7976317370955681,0.6774657957607997,0.012504668367755713,0.6870999849757174,0.01245228966017583,0.0,0.6764165193078451,0.0,0.618257350308631,7.865711115015785,1.109944426715079,13.86571111501464,0.9068243400544136,6.865711115015974,0.9558131373419678,6.865711115015974,0.9068243400544136,0.0,0.04898879728755423,0.0,0.0,0.0,0.0,0.0038814754183143,0.9964005392635383,0.0,0.0,0.0,0.0,0.0,0.0,0.6870999849757174,0.01245228966017583,0.00963418921491775,5.2378707579884e-05
7.793824000000001,3.3,1.837683,0.7075075,0.01058426,3.3,1.8319025883843976,0.6959026539994326,0.009760714480685953,3.3,1.83172942154636,0.6956430429085573,0.009668851667434716,0.6956430429085573,0.009668851667434716,0.0,0.0,0.0,0.6956430429085573,0.009668851667434716,0.0,0.0,3.3,1.814990206921339,0.6878225608584632,0.012514020649046642,0.7209646861760186,0.011643620307979781,0.0,0.6341460963171557,0.0,0.618257350308631,7.865711115015785,1.109944426715079,13.86571111501464,0.618257350308631,0.0,0.4916870764064483,0.0,0.0,0.0,0.0,0.0038814754183143,0.9964005392635383,0.0,0.0,0.0,0.0,0.0,0.0,0.7209646861760186,0.011643620307979781,0.03314212531755553,0.0008704003410668565,3.3,1.814990206921339,0.6878225608584632,0.012514020649046642,0.7209646861760186,0.011643620307979781,0.0,0.6341460963171557,0.0,0.618257350308631,7.865711115015785,1.109944426715079,13.86571111501464,0.9068243400544136,6.865711115015974,0.9558131373419678,6.865711115015974,0.9068243400544136,0.0,0.04898879728755423,0.0,0.0,0.0,0.0,0.0038814754183143,0.9964005392635383,0.0,0.0,0.0,0.0,0.0,0.0,0.7209646861760186,0.011643620307979781,0.03314212531755553,0.0008704003410668565
7.821175,3.3,1.853927,0.716577,0.01120799,3.3,1.8480797927884667,0.7058672260092663,0.011868360902863398,3.3,1.8479261459511032,0.7056148503558517,0.01186636131139282,0.7056148503558517,0.01186636131139282,0.0,0.0,0.0,0.7056148503558517,0.01186636131139282,0.0,0.0,3.3,1.8316054948324187,0.7015183815237787,0.011849506873523765,0.7056147953061548,0.01186636087522989,0.0,0.6004075575552454,0.0,0.618257350308631,7.865711115015785,1.109944426715079,13.86571111501464,0.618257350308631,0.0,0.4916870764064483,0.0,0.0,0.0,0.0,0.0038814754183143,0.9964005392635383,0.0,0.0,0.0,0.0,0.0,0.0,0.7056147953061548,0.01186636087522989,0.004096413782376132,1.6854001706125575e-05,3.3,1.8316054948324187,0.7015183815237787,0.011849506873523765,0.7056147953061548,0.01186636087522989,0.0,0.6004075575552454,0.0,0.618257350308631,7.865711115015785,1.109944426715079,13.86571111501464,0.9068243400544136,6.865711115015974,0.9558131373419678,6.865711115015974,0.9068243400544136,0.0,0.04898879728755423,0.0,0.0,0.0,0.0,0.0038814754183143,0.9964005392635383,0.0,0.0,0.0,0.0,0.0,0.0,0.7056147953061548,0.01186636087522989,0.004096413782376132,1.6854001706125575e-05
7.854508,3.3,1.872585,0.7281821,0.01036784,3.3,1.8670446845025945,0.7206682813075271,0.011985630788169424,3.3,1.866882839376569,0.7205309085837368,0.011984542373645025,0.7205309085837368,0.011984542373645025,0.0,0.0,0.0,0.7205309085837368,0.011984542373645025,0.0,0.0,3.3,1.8512200459045494,0.7099673610801354,0.011923234927493294,0.697866856094221,0.010588051018586479,0.0,0.5864873187298334,0.0,0.618257350308631,7.865711115015785,1.109944426715079,13.86571111501464,0.618257350308631,0.0,0.4916870764064483,0.0,0.0,0.0,0.0,0.0038814754183143,0.9964005392635383,0.0,0.0,0.0,0.0,0.0,0.0,0.697866856094221,0.010588051018586479,0.012100504985914307,0.0013506713787609153,3.3,1.8512200459045494,0.7099673610801354,0.011923234927493294,0.697866856094221,0.010588051018586479,0.0,0.5864873187298334,0.0,0.618257350308631,7.865711115015785,1.109944426715079,13.86571111501464,0.9068243400544136,6.865711115015974,0.9558131373419678,6.865711115015974,0.9068243400544136,0.0,0.04898879728755423,0.0,0.0,0.0,0.0,0.0038814754183143,0.9964005392635383,0.0,0.0,0.0,0.0,0.0,0.0,0.697866856094221,0.010588051018586479,0.012100504985914307,0.0013506713787609153
7.887842,3.3,1.890226,0.7382009,0.01061068,3.3,1.8863594653918732,0.7302338721952067,0.011307450605098713,3.3,1.886218793650924,0.7302321985364478,0.011307438173500719,0.7302321985364478,0.011307438173500719,0.0,0.0,0.0,0.7302321985364478,0.011307438173500719,0.0,0.0,3.3,1.8707192209749606,0.7225397777110069,0.011261915391373471,0.7302446765147989,0.011307530857394521,0.0,0.5813937649334767,0.0,0.618257350308631,7.865711115015785,1.109944426715079,13.86571111501464,0.618257350308631,0.0,0.4916870764064483,0.0,0.0,0.0,0.0,0.0038814754183143,0.9964005392635383,0.0,0.0,0.0,0.0,0.0,0.0,0.7302446765147989,0.011307530857394521,0.007704898803791947,4.5615466021048536e-05,3.3,1.8707192209749606,0.7225397777110069,0.011261915391373471,0.7302446765147989,0.011307530857394521,0.0,0.5813937649334767,0.0,0.618257350308631,7.865711115015785,1.109944426715079,13.86571111501464,0.9068243400544136,6.865711115015974,0.9558131373419678,6.865711115015974,0.9068243400544136,0.0,0.04898879728755423,0.0,0.0,0.0,0.0,0.0038814754183143,0.9964005392635383,0.0,0.0,0.0,0.0,0.0,0.0,0.7302446765147989,0.011307530857394521,0.007704898803791947,4.5615466021048536e-05
7.921175,3.3,1.906541,0.7494339,0.01068857,3.3,1.9030199847356357,0.7391147416802264,0.011373415903408077,3.3,1.9028950798204733,0.7389583676361218,0.01137225438870678,0.7389583676361218,0.01137225438870678,0.0,0.0,0.0,0.7389583676361218,0.01137225438870678,0.0,0.0,3.3,1.8881829897561544,0.7353329914296941,0.011390760557711403,0.7389582467383643,0.01137225349070274,0.0,0.5111822565614832,0.0,0.618257350308631,7.865711115015785,1.109944426715079,13.86571111501464,0.618257350308631,0.0,0.4916870764064483,0.0,0.0,0.0,0.0,0.0038814754183143,0.9964005392635383,0.0,0.0,0.0,0.0,0.0,0.0,0.7389582467383643,0.01137225349070274,0.0036252553086701493,1.850706700866091e-05,3.3,1.8881829897561544,0.7353329914296941,0.011390760557711403,0.7389582467383643,0.01137225349070274,0.0,0.5111822565614832,0.0,0.618257350308631,7.865711115015785,1.109944426715079,13.86571111501464,0.9068243400544136,6.865711115015974,0.9558131373419678,6.865711115015974,0.9068243400544136,0.0,0.04898879728755423,0.0,0.0,0.0,0.0,0.0038814754183143,0.9964005392635383,0.0,0.0,0.0,0.0,0.0,0.0,0.7389582467383643,0.01137225349070274,0.0036252553086701493,1.850706700866091e-05
7.954508,3.3,1.922153,0.7586971,0.009984707,3.3,1.9192160440785015,0.7518818044788442,0.010703574208359714,3.3,1.9190754560821939,0.7517059686224542,0.010606316905914851,0.7517059686224542,0.010606316905914851,0.0,0.0,0.0,0.7517059686224542,0.010606316905914851,0.0,0.0,3.3,1.9050133564776084,0.7416411805388856,0.010446245829449773,0.7337284942328914,0.011345609659328185,0.0,0.5066416068867586,0.0,0.618257350308631,7.865711115015785,1.109944426715079,13.86571111501464,0.618257350308631,0.0,0.4916870764064483,0.0,0.0,0.0,0.0,0.0038814754183143,0.9964005392635383,0.0,0.0,0.0,0.0,0.0,0.0,0.7337284942328914,0.011345609659328185,0.007912686305994189,0.000899363829878416,3.3,1.9050133564776084,0.7416411805388856,0.010446245829449773,0.7337284942328914,0.011345609659328185,0.0,0.5066416068867586,0.0,0.618257350308631,7.865711115015785,1.109944426715079,13.86571111501464,0.9068243400544136,6.865711115015974,0.9558131373419678,6.865711115015974,0.9068243400544136,0.0,0.04898879728755423,0.0,0.0,0.0,0.0,0.0038814754183143,0.9964005392635383,0.0,0.0,0.0,0.0,0.0,0.0,0.7337284942328914,0.011345609659328185,0.007912686305994189,0.000899363829878416
7.987842,3.3,1.937334,0.7703834,0.01005995,3.3,1.934627533396877,0.760695428981491,0.010764674927157724,3.3,1.9345026789492537,0.7606934295053727,0.010764661065728973,0.7606934295053727,0.010764661065728973,0.0,0.0,0.0,0.7606934295053727,0.010764661065728973,0.0,0.0,3.3,1.921077464630291,0.7538662263058904,0.01078186900706929,0.7607083366180579,0.010764764409739147,0.0,0.47890802925416365,0.0,0.618257350308631,7.865711115015785,1.109944426715079,13.86571111501464,0.618257350308631,0.0,0.4916870764064483,0.0,0.0,0.0,0.0,0.0038814754183143,0.9964005392635383,0.0,0.0,0.0,0.0,0.0,0.0,0.7607083366180579,0.010764764409739147,0.006842110312167567,1.7104597330143625e-05,3.3,1.921077464630291,0.7538662263058904,0.01078186900706929,0.7607083366180579,0.010764764409739147,0.0,0.47890802925416365,0.0,0.618257350308631,7.865711115015785,1.109944426715079,13.86571111501464,0.9068243400544136,6.865711115015974,0.9558131373419678,6.865711115015974,0.9068243400544136,0.0,0.04898879728755423,0.0,0.0,0.0,0.0,0.0038814754183143,0.9964005392635383,0.0,0.0,0.0,0.0,0.0,0.0,0.7607083366180579,0.010764764409739147,0.006842110312167567,1.7104597330143625e-05
8.021175000000001,3.3,1.953448,0.7812331,0.007789941,3.3,1.9497226676919377,0.7719155317333787,0.010842458629302281,3.3,1.949598663736918,0.7716820931513202,0.01084084030926214,0.7716820931513202,0.01084084030926214,0.0,0.0,0.0,0.7716820931513202,0.01084084030926214,0.0,0.0,3.3,1.9363829009274085,0.7679053139952368,0.010852264605681394,0.7716819126725105,0.010840839058087323,0.0,0.4552973024058935,0.0,0.618257350308631,7.865711115015785,1.109944426715079,13.86571111501464,0.618257350308631,0.0,0.4916870764064483,0.0,0.0,0.0,0.0,0.0038814754183143,0.9964005392635383,0.0,0.0,0.0,0.0,0.0,0.0,0.7716819126725105,0.010840839058087323,0.0037765986772737878,1.142554759407642e-05,3.3,1.9363829009274085,0.7679053139952368,0.010852264605681394,0.7716819126725105,0.010840839058087323,0.0,0.4552973024058935,0.0,0.618257350308631,7.865711115015785,1.109944426715079,13.86571111501464,0.9068243400544136,6.865711115015974,0.9558131373419678,6.865711115015974,0.9068243400544136,0.0,0.04898879728755423,0.0,0.0,0.0,0.0,0.0038814754183143,0.9964005392635383,0.0,0.0,0.0,0.0,0.0,0.0,0.7716819126725105,0.010840839058087323,0.0037765986772737878,1.142554759407642e-05
8.054508,3.3,1.967827,0.7880588,0.009391139,3.3,1.9654659368015717,0.7813967162188663,0.010128914955371642,3.3,1.965356335034025,0.7813632620344262,0.010128699601588634,0.7813632620344262,0.010128699601588634,0.0,0.0,0.0,0.7813632620344262,0.010128699601588634,0.0,0.0,3.3,1.9523589455734465,0.7741356772416507,0.010064392233670102,0.7652529940272976,0.010666668581698142,0.0,0.47285855278057254,0.0,0.618257350308631,7.865711115015785,1.109944426715079,13.86571111501464,0.618257350308631,0.0,0.4916870764064483,0.0,0.0,0.0,0.0,0.0038814754183143,0.9964005392635383,0.0,0.0,0.0,0.0,0.0,0.0,0.7652529940272976,0.010666668581698142,0.008882683214353058,0.0007080228869056443,3.3,1.9523589455734465,0.7741356772416507,0.010064392233670102,0.7652529940272976,0.010666668581698142,0.0,0.47285855278057254,0.0,0.618257350308631,7.865711115015785,1.109944426715079,13.86571111501464,0.9068243400544136,6.865711115015974,0.9558131373419678,6.865711115015974,0.9068243400544136,0.0,0.04898879728755423,0.0,0.0,0.0,0.0,0.0038814754183143,0.9964005392635383,0.0,0.0,0.0,0.0,0.0,0.0,0.7652529940272976,0.010666668581698142,0.008882683214353058,0.0007080228869056443
8.087842,3.3,1.979504,0.797272,0.009445895,3.3,1.9776546686368428,0.7887409506235444,0.010176191811430412,3.3,1.9775561152359853,0.7887394750524453,0.010176182312773556,0.7887394750524453,0.010176182312773556,0.0,0.0,0.0,0.7887394750524453,0.010176182312773556,0.0,0.0,3.3,1.9654921596517643,0.7824985807231509,0.010214342342779806,0.7887504761864148,0.010176253130097531,0.0,0.38859893880725294,0.0,0.618257350308631,7.865711115015785,1.109944426715079,13.86571111501464,0.618257350308631,0.0,0.4916870764064483,0.0,0.0,0.0,0.0,0.0038814754183143,0.9964005392635383,0.0,0.0,0.0,0.0,0.0,0.0,0.7887504761864148,0.010176253130097531,0.006251895463263895,3.8089212682273425e-05,3.3,1.9654921596517643,0.7824985807231509,0.010214342342779806,0.7887504761864148,0.010176253130097531,0.0,0.38859893880725294,0.0,0.618257350308631,7.865711115015785,1.109944426715079,13.86571111501464,0.9068243400544136,6.865711115015974,0.9558131373419678,6.865711115015974,0.9068243400544136,0.0,0.04898879728755423,0.0,0.0,0.0,0.0,0.0038814754183143,0.9964005392635383,0.0,0.0,0.0,0.0,0.0,0.0,0.7887504761864148,0.010176253130097531,0.006251895463263895,3.8089212682273425e-05
8.11116,3.3,1.988175,0.7999525,0.00658739,3.3,1.985848206468043,0.7942575277868226,0.010211703535337154,3.3,1.9857554425720298,0.7941349670417619,0.01021091457812482,0.7941349670417619,0.01021091457812482,0.0,0.0,0.0,0.7941349670417619,0.01021091457812482,0.0,0.0,3.3,1.9739810651710505,0.7909997896366503,0.010223879850975393,0.79413485521727,0.010210913858279819,0.0,0.3622840308142601,0.0,0.618257350308631,7.865711115015785,1.109944426715079,13.86571111501464,0.618257350308631,0.0,0.4916870764064483,0.0,0.0,0.0,0.0,0.0038814754183143,0.9964005392635383,0.0,0.0,0.0,0.0,0.0,0.0,0.79413485521727,0.010210913858279819,0.003135065580619669,1.2965992695575452e-05,3.3,1.9739810651710505,0.7909997896366503,0.010223879850975393,0.79413485521727,0.010210913858279819,0.0,0.3622840308142601,0.0,0.618257350308631,7.865711115015785,1.109944426715079,13.86571111501464,0.9068243400544136,6.865711115015974,0.9558131373419678,6.865711115015974,0.9068243400544136,0.0,0.04898879728755423,0.0,0.0,0.0,0.0,0.0038814754183143,0.9964005392635383,0.0,0.0,0.0,0.0,0.0,0.0,0.79413485521727,0.010210913858279819,0.003135065580619669,1.2965992695575452e-05
8.128881,3.3,1.994448,0.8072748,0.008713231,3.3,1.992488444702291,0.7982515521995531,0.008483899927145521,3.3,1.9923846341532467,0.7982506180506166,0.00848362038739918,0.7982506180506166,0.00848362038739918,0.0,0.0,0.0,0.7982506180506166,0.00848362038739918,0.0,0.0,3.3,1.9806470340215716,0.7934495290693391,0.009001742347597309,0.7982533539245422,0.008484439085010754,0.0,0.37344298327413233,0.0,0.618257350308631,7.865711115015785,1.109944426715079,13.86571111501464,0.618257350308631,0.0,0.4916870764064483,0.0,0.0,0.0,0.0,0.0038814754183143,0.9964005392635383,0.0,0.0,0.0,0.0,0.0,0.0,0.7982533539245422,0.008484439085010754,0.004803824855203091,0.0005173032625865555,3.3,1.9806470340215716,0.7934495290693391,0.009001742347597309,0.7982533539245422,0.008484439085010754,0.0,0.37344298327413233,0.0,0.618257350308631,7.865711115015785,1.109944426715079,13.86571111501464,0.9068243400544136,6.865711115015974,0.9558131373419678,6.865711115015974,0.9068243400544136,0.0,0.04898879728755423,0.0,0.0,0.0,0.0,0.0038814754183143,0.9964005392635383,0.0,0.0,0.0,0.0,0.0,0.0,0.7982533539245422,0.008484439085010754,0.004803824855203091,0.0005173032625865555
8.162215,3.3,2.005524,0.8161605,0.00876164,3.3,2.004028690226683,0.8080093251943666,0.009507793975072058,3.3,2.003935748620345,0.8076704527470497,0.00950578038440353,0.8076704527470497,0.00950578038440353,0.0,0.0,0.0,0.8076704527470497,0.00950578038440353,0.0,0.0,3.3,1.992759528935393,0.8042094624956265,0.009514533757598358,0.8065959075387321,0.00949939540320629,0.0,0.35099778163121487,0.0,0.618257350308631,7.865711115015785,1.109944426715079,13.86571111501464,0.618257350308631,0.0,0.4916870764064483,0.0,0.0,0.0,0.0,0.0038814754183143,0.9964005392635383,0.0,0.0,0.0,0.0,0.0,0.0,0.8065959075387321,0.00949939540320629,0.002386445043105622,1.5138354392066924e-05,3.3,1.992759528935393,0.8042094624956265,0.009514533757598358,0.8065959075387321,0.00949939540320629,0.0,0.35099778163121487,0.0,0.618257350308631,7.865711115015785,1.109944426715079,13.86571111501464,0.9068243400544136,6.865711115015974,0.9558131373419678,6.865711115015974,0.9068243400544136,0.0,0.04898879728755423,0.0,0.0,0.0,0.0,0.0038814754183143,0.9964005392635383,0.0,0.0,0.0,0.0,0.0,0.0,0.8065959075387321,0.00949939540320629,0.002386445043105622,1.5138354392066924e-05
8.190767999999998,3.3,2.014995,0.8246142,0.008807696,3.3,2.013569717892749,0.8147931371618767,0.009548103597713235,3.3,2.013480925597149,0.8147931371618741,0.00954810359771322,0.8147931371618741,0.00954810359771322,0.0,0.0,0.0,0.8147931371618741,0.00954810359771322,0.0,0.0,3.3,2.0027245216698124,0.811517795915348,0.009577993463902517,0.8147928202076159,0.009548101714361117,0.0,0.34074359461061077,0.0,0.618257350308631,7.865711115015785,1.109944426715079,13.86571111501464,0.618257350308631,0.0,0.4916870764064483,0.0,0.0,0.0,0.0,0.0038814754183143,0.9964005392635383,0.0,0.0,0.0,0.0,0.0,0.0,0.8147928202076159,0.009548101714361117,0.003275024292267829,2.9891749541399575e-05,3.3,2.0027245216698124,0.811517795915348,0.009577993463902517,0.8147928202076159,0.009548101714361117,0.0,0.34074359461061077,0.0,0.618257350308631,7.865711115015785,1.109944426715079,13.86571111501464,0.9068243400544136,6.865711115015974,0.9558131373419678,6.865711115015974,0.9068243400544136,0.0,0.04898879728755423,0.0,0.0,0.0,0.0,0.0038814754183143,0.9964005392635383,0.0,0.0,0.0,0.0,0.0,0.0,0.8147928202076159,0.009548101714361117,0.003275024292267829,2.9891749541399575e-05
8.224101000000001,3.3,2.026616,0.8344435,0.008029292,3.3,2.024901654598866,0.8251841018808198,0.008796441913049576,3.3,2.0248021779150727,0.824864234749355,0.008626729208309335,0.824864234749355,0.008626729208309335,0.0,0.0,0.0,0.824864234749355,0.008626729208309335,0.0,0.0,3.3,2.0142439769827294,0.8170932337326069,0.008917615388170428,0.8173317281223815,0.009512325245875534,0.0,0.347256752200578,0.0,0.618257350308631,7.865711115015785,1.109944426715079,13.86571111501464,0.618257350308631,0.0,0.4916870764064483,0.0,0.0,0.0,0.0,0.0038814754183143,0.9964005392635383,0.0,0.0,0.0,0.0,0.0,0.0,0.8173317281223815,0.009512325245875534,0.002070334887755397,0.0006000834419722758,3.3,2.0142439769827294,0.8170932337326069,0.008917615388170428,0.8173317281223815,0.009512325245875534,0.0,0.347256752200578,0.0,0.618257350308631,7.865711115015785,1.109944426715079,13.86571111501464,0.9068243400544136,6.865711115015974,0.9558131373419678,6.865711115015974,0.9068243400544136,0.0,0.04898879728755423,0.0,0.0,0.0,0.0,0.0038814754183143,0.9964005392635383,0.0,0.0,0.0,0.0,0.0,0.0,0.8173317281223815,0.009512325245875534,0.002070334887755397,0.0006000834419722758
8.257435000000001,3.3,2.037095,0.8390968,0.008078742,3.3,2.036156825262571,0.8348131096114686,0.008861373793330702,3.3,2.0360544243657035,0.8348410403966116,0.008861525926708852,0.8348410403966116,0.008861525926708852,0.0,0.0,0.0,0.8348410403966116,0.008861525926708852,0.0,0.0,3.3,2.0255424037618193,0.8269987820701995,0.008891141965058524,0.8349085163437361,0.008861893454643617,0.0,0.3402462441965231,0.0,0.618257350308631,7.865711115015785,1.109944426715079,13.86571111501464,0.618257350308631,0.0,0.4916870764064483,0.0,0.0,0.0,0.0,0.0038814754183143,0.9964005392635383,0.0,0.0,0.0,0.0,0.0,0.0,0.8349085163437361,0.008861893454643617,0.007909734273536626,2.9248510414908705e-05,3.3,2.0255424037618193,0.8269987820701995,0.008891141965058524,0.8349085163437361,0.008861893454643617,0.0,0.3402462441965231,0.0,0.618257350308631,7.865711115015785,1.109944426715079,13.86571111501464,0.9068243400544136,6.865711115015974,0.9558131373419678,6.865711115015974,0.9068243400544136,0.0,0.04898879728755423,0.0,0.0,0.0,0.0,0.0038814754183143,0.9964005392635383,0.0,0.0,0.0,0.0,0.0,0.0,0.8349085163437361,0.008861893454643617,0.007909734273536626,2.9248510414908705e-05
8.290768,3.3,2.04525,0.844222,0.008104126,3.3,2.044857047773708,0.8358692762598247,0.008867126520985194,3.3,2.0447937153679017,0.8358692762598227,0.008867126520985185,0.8358692762598227,0.008867126520985185,0.0,0.0,0.0,0.8358692762598227,0.008867126520985185,0.0,0.0,3.3,2.035257364506639,0.8332865430715475,0.008880516543857912,0.8358690612031892,0.008867125349614884,0.0,0.26556291526103126,0.0,0.618257350308631,7.865711115015785,1.109944426715079,13.86571111501464,0.618257350308631,0.0,0.4916870764064483,0.0,0.0,0.0,0.0,0.0038814754183143,0.9964005392635383,0.0,0.0,0.0,0.0,0.0,0.0,0.8358690612031892,0.008867125349614884,0.0025825181316416605,1.3391194243026175e-05,3.3,2.035257364506639,0.8332865430715475,0.008880516543857912,0.8358690612031892,0.008867125349614884,0.0,0.26556291526103126,0.0,0.618257350308631,7.865711115015785,1.109944426715079,13.86571111501464,0.9068243400544136,6.865711115015974,0.9558131373419678,6.865711115015974,0.9068243400544136,0.0,0.04898879728755423,0.0,0.0,0.0,0.0,0.0038814754183143,0.9964005392635383,0.0,0.0,0.0,0.0,0.0,0.0,0.8358690612031892,0.008867125349614884,0.0025825181316416605,1.3391194243026175e-05
8.34075,3.3,2.056695,0.8534669,0.00733496,3.3,2.0567803830511395,0.8445030341412731,0.008103684071718657,3.3,2.0567151229029528,0.844503034141271,0.008103684071718645,0.844503034141271,0.008103684071718645,0.0,0.0,0.0,0.844503034141271,0.008103684071718645,0.0,0.0,3.3,2.047792020183367,0.8419333576003011,0.008082205365262581,0.8445028471703963,0.008103683145917624,0.0,0.24218616111982438,0.0,0.618257350308631,7.865711115015785,1.109944426715079,13.86571111501464,0.618257350308631,0.0,0.4916870764064483,0.0,0.0,0.0,0.0,0.0038814754183143,0.9964005392635383,0.0,0.0,0.0,0.0,0.0,0.0,0.8445028471703963,0.008103683145917624,0.0025694895700951285,2.147778065504336e-05,3.3,2.047792020183367,0.8419333576003011,0.008082205365262581,0.8445028471703963,0.008103683145917624,0.0,0.24218616111982438,0.0,0.618257350308631,7.865711115015785,1.109944426715079,13.86571111501464,0.9068243400544136,6.865711115015974,0.9558131373419678,6.865711115015974,0.9068243400544136,0.0,0.04898879728755423,0.0,0.0,0.0,0.0,0.0038814754183143,0.9964005392635383,0.0,0.0,0.0,0.0,0.0,0.0,0.8445028471703963,0.008103683145917624,0.0025694895700951285,2.147778065504336e-05
8.407763000000001,3.3,2.071643,0.8658626,0.007390214,3.3,2.0716497413534896,0.8573470181124755,0.008167282070607622,3.3,2.071581676947067,0.8573482064897223,0.008167287954951216,0.8573482064897223,0.008167287954951216,0.0,0.0,0.0,0.8573482064897223,0.008167287954951216,0.0,0.0,3.3,2.0635974941615203,0.8534253890579705,0.008190450156291587,0.8573754831588611,0.008167423017528175,0.0,0.231735826894334,0.0,0.618257350308631,7.865711115015785,1.109944426715079,13.86571111501464,0.618257350308631,0.0,0.4916870764064483,0.0,0.0,0.0,0.0,0.0038814754183143,0.9964005392635383,0.0,0.0,0.0,0.0,0.0,0.0,0.8573754831588611,0.008167423017528175,0.003950094100890616,2.3027138763411326e-05,3.3,2.0635974941615203,0.8534253890579705,0.008190450156291587,0.8573754831588611,0.008167423017528175,0.0,0.231735826894334,0.0,0.618257350308631,7.865711115015785,1.109944426715079,13.86571111501464,0.9068243400544136,6.865711115015974,0.9558131373419678,6.865711115015974,0.9068243400544136,0.0,0.04898879728755423,0.0,0.0,0.0,0.0,0.0038814754183143,0.9964005392635383,0.0,0.0,0.0,0.0,0.0,0.0,0.8573754831588611,0.008167423017528175,0.003950094100890616,2.3027138763411326e-05
8.495617000000001,3.3,2.090632,0.8822726,0.006634162,3.3,2.09100376026677,0.8743845361940269,0.00742639738032052,3.3,2.090938289437701,0.8744090675092823,0.007426506700939786,0.8744090675092823,0.007426506700939786,0.0,0.0,0.0,0.8744090675092823,0.007426506700939786,0.0,0.0,3.3,2.08334069517603,0.8678329043604949,0.007513894499150109,0.8744546133400402,0.007426709670017131,0.0,0.22352582217902464,0.0,0.618257350308631,7.865711115015785,1.109944426715079,13.86571111501464,0.618257350308631,0.0,0.4916870764064483,0.0,0.0,0.0,0.0,0.0038814754183143,0.9964005392635383,0.0,0.0,0.0,0.0,0.0,0.0,0.8744546133400402,0.007426709670017131,0.006621708979545299,8.718482913297821e-05,3.3,2.08334069517603,0.8678329043604949,0.007513894499150109,0.8744546133400402,0.007426709670017131,0.0,0.22352582217902464,0.0,0.618257350308631,7.865711115015785,1.109944426715079,13.86571111501464,0.9068243400544136,6.865711115015974,0.9558131373419678,6.865711115015974,0.9068243400544136,0.0,0.04898879728755423,0.0,0.0,0.0,0.0,0.0038814754183143,0.9964005392635383,0.0,0.0,0.0,0.0,0.0,0.0,0.8744546133400402,0.007426709670017131,0.006621708979545299,8.718482913297821e-05
8.606013,3.3,2.111134,0.8967472,0.005855167,3.3,2.1119625289826542,0.8891296816801797,0.006659577567925283,3.3,2.1119202832610324,0.8891622720326878,0.006659706663949581,0.8891622720326878,0.006659706663949581,0.0,0.0,0.0,0.8891622720326878,0.006659706663949581,0.0,0.0,3.3,2.105130009228991,0.8844559614377104,0.006792543539934921,0.889185183348011,0.00665979741963315,0.0,0.17082163315617743,0.0,0.618257350308631,7.865711115015785,1.109944426715079,13.86571111501464,0.618257350308631,0.0,0.4916870764064483,0.0,0.0,0.0,0.0,0.0038814754183143,0.9964005392635383,0.0,0.0,0.0,0.0,0.0,0.0,0.889185183348011,0.00665979741963315,0.004729221910300556,0.00013274612030177139,3.3,2.105130009228991,0.8844559614377104,0.006792543539934921,0.889185183348011,0.00665979741963315,0.0,0.17082163315617743,0.0,0.618257350308631,7.865711115015785,1.109944426715079,13.86571111501464,0.9068243400544136,6.865711115015974,0.9558131373419678,6.865711115015974,0.9068243400544136,0.0,0.04898879728755423,0.0,0.0,0.0,0.0,0.0038814754183143,0.9964005392635383,0.0,0.0,0.0,0.0,0.0,0.0,0.889185183348011,0.00665979741963315,0.004729221910300556,0.00013274612030177139
8.633979,3.3,2.11515,0.9003908,0.005867799,3.3,2.1159389146223115,0.8933285332356812,0.006676209945322673,3.3,2.11589706342828,0.893266699804213,0.006675965012403669,0.893266699804213,0.006675965012403669,0.0,0.0,0.0,0.893266699804213,0.006675965012403669,0.0,0.0,3.3,2.1092948531360896,0.8888696285743161,0.006743664709308728,0.8968441254696171,0.006690135814345966,0.0,0.15018879557867787,0.0,0.618257350308631,7.865711115015785,1.109944426715079,13.86571111501464,0.618257350308631,0.0,0.4916870764064483,0.0,0.0,0.0,0.0,0.0038814754183143,0.9964005392635383,0.0,0.0,0.0,0.0,0.0,0.0,0.8968441254696171,0.006690135814345966,0.008048133737040757,5.3528894962762116e-05,3.3,2.1092948531360896,0.8888696285743161,0.006743664709308728,0.8968441254696171,0.006690135814345966,0.0,0.15018879557867787,0.0,0.618257350308631,7.865711115015785,1.109944426715079,13.86571111501464,0.9068243400544136,6.865711115015974,0.9558131373419678,6.865711115015974,0.9068243400544136,0.0,0.04898879728755423,0.0,0.0,0.0,0.0,0.0038814754183143,0.9964005392635383,0.0,0.0,0.0,0.0,0.0,0.0,0.8968441254696171,0.006690135814345966,0.008048133737040757,5.3528894962762116e-05
8.684261000000001,3.3,2.122814,0.9040386,0.003514694,3.3,2.1229149185277567,0.8995481401891505,0.005951696310600977,3.3,2.1228678031651413,0.8995410023452408,0.006040925093047664,0.8995410023452408,0.006040925093047664,0.0,0.0,0.0,0.8995410023452408,0.006040925093047664,0.0,0.0,3.3,2.1166654008047243,0.8958307816958421,0.0066792025900870525,0.8964093153024598,0.006688413456053277,0.0,0.14409470684558062,0.0,0.618257350308631,7.865711115015785,1.109944426715079,13.86571111501464,0.618257350308631,0.0,0.4916870764064483,0.0,0.0,0.0,0.0,0.0038814754183143,0.9964005392635383,0.0,0.0,0.0,0.0,0.0,0.0,0.8964093153024598,0.006688413456053277,0.0005785336066177185,9.210865966225177e-06,3.3,2.1166654008047243,0.8958307816958421,0.0066792025900870525,0.8964093153024598,0.006688413456053277,0.0,0.14409470684558062,0.0,0.618257350308631,7.865711115015785,1.109944426715079,13.86571111501464,0.9068243400544136,6.865711115015974,0.9558131373419678,6.865711115015974,0.9068243400544136,0.0,0.04898879728755423,0.0,0.0,0.0,0.0,0.0038814754183143,0.9964005392635383,0.0,0.0,0.0,0.0,0.0,0.0,0.8964093153024598,0.006688413456053277,0.0005785336066177185,9.210865966225177e-06
8.704953999999999,3.3,2.125844,0.9087185,0.005054415,3.3,2.126213648109719,0.9013964265730404,0.0058695839061268925,3.3,2.126175114643677,0.901369359955781,0.00586949009356797,0.901369359955781,0.00586949009356797,0.0,0.0,0.0,0.901369359955781,0.00586949009356797,0.0,0.0,3.3,2.119960649618694,0.8954461389270177,0.005146382106645685,0.8863949096746604,0.007074409817081389,0.0,0.16355449703782668,0.0,0.618257350308631,7.865711115015785,1.109944426715079,13.86571111501464,0.618257350308631,0.0,0.4916870764064483,0.0,0.0,0.0,0.0,0.0038814754183143,0.9964005392635383,0.0,0.0,0.0,0.0,0.0,0.0,0.8863949096746604,0.007074409817081389,0.009051229252357393,0.0019280277104357039,3.3,2.119960649618694,0.8954461389270177,0.005146382106645685,0.8863949096746604,0.007074409817081389,0.0,0.16355449703782668,0.0,0.618257350308631,7.865711115015785,1.109944426715079,13.86571111501464,0.9068243400544136,6.865711115015974,0.9558131373419678,6.865711115015974,0.9068243400544136,0.0,0.04898879728755423,0.0,0.0,0.0,0.0,0.0038814754183143,0.9964005392635383,0.0,0.0,0.0,0.0,0.0,0.0,0.8863949096746604,0.007074409817081389,0.009051229252357393,0.0019280277104357039
8.759402,3.3,2.132917,0.9156617,0.005075049,3.3,2.1336083025412127,0.9079617843612054,0.005892339354598895,3.3,2.133572124555197,0.9079618219589547,0.0058923394849122275,0.9079618219589547,0.0058923394849122275,0.0,0.0,0.0,0.9079618219589547,0.0058923394849122275,0.0,0.0,3.3,2.1277329406830825,0.9059383213708609,0.005947602845996327,0.907963798555533,0.005892346335771394,0.0,0.14083035301023322,0.0,0.618257350308631,7.865711115015785,1.109944426715079,13.86571111501464,0.618257350308631,0.0,0.4916870764064483,0.0,0.0,0.0,0.0,0.0038814754183143,0.9964005392635383,0.0,0.0,0.0,0.0,0.0,0.0,0.907963798555533,0.005892346335771394,0.002025477184672004,5.5256510224934216e-05,3.3,2.1277329406830825,0.9059383213708609,0.005947602845996327,0.907963798555533,0.005892346335771394,0.0,0.14083035301023322,0.0,0.618257350308631,7.865711115015785,1.109944426715079,13.86571111501464,0.9068243400544136,6.865711115015974,0.9558131373419678,6.865711115015974,0.9068243400544136,0.0,0.04898879728755423,0.0,0.0,0.0,0.0,0.0038814754183143,0.9964005392635383,0.0,0.0,0.0,0.0,0.0,0.0,0.907963798555533,0.005892346335771394,0.002025477184672004,5.5256510224934216e-05
8.801352,3.3,2.138444,0.9216414,0.00509282,3.3,2.139195063551363,0.9134027484511834,0.00591119766849166,3.3,2.1391600179093877,0.9133040330093763,0.005910855521997605,0.9133040330093763,0.005910855521997605,0.0,0.0,0.0,0.9133040330093763,0.005910855521997605,0.0,0.0,3.3,2.1333811240709437,0.9118697509327555,0.005925623792745738,0.9132576014798753,0.005910694590893601,0.0,0.1270821238076148,0.0,0.618257350308631,7.865711115015785,1.109944426715079,13.86571111501464,0.618257350308631,0.0,0.4916870764064483,0.0,0.0,0.0,0.0,0.0038814754183143,0.9964005392635383,0.0,0.0,0.0,0.0,0.0,0.0,0.9132576014798753,0.005910694590893601,0.001387850547119961,1.4929201852136313e-05,3.3,2.1333811240709437,0.9118697509327555,0.005925623792745738,0.9132576014798753,0.005910694590893601,0.0,0.1270821238076148,0.0,0.618257350308631,7.865711115015785,1.109944426715079,13.86571111501464,0.9068243400544136,6.865711115015974,0.9558131373419678,6.865711115015974,0.9068243400544136,0.0,0.04898879728755423,0.0,0.0,0.0,0.0,0.0038814754183143,0.9964005392635383,0.0,0.0,0.0,0.0,0.0,0.0,0.9132576014798753,0.005910694590893601,0.001387850547119961,1.4929201852136313e-05
8.860468,3.3,2.146008,0.926838,0.004257054,3.3,2.1476008991407443,0.9177787505165723,0.002965301166311154,3.3,2.1475511810354155,0.9177787505165691,0.002965301166308422,0.9177787505165691,0.002965301166308422,0.0,0.0,0.0,0.9177787505165691,0.002965301166308422,0.0,0.0,3.3,2.141501818818314,0.9169643875508542,0.0038178332685921542,0.9177787346240628,0.0029652877617767272,0.0,0.13921112579787195,0.0,0.618257350308631,7.865711115015785,1.109944426715079,13.86571111501464,0.618257350308631,0.0,0.4916870764064483,0.0,0.0,0.0,0.0,0.0038814754183143,0.9964005392635383,0.0,0.0,0.0,0.0,0.0,0.0,0.9177787346240628,0.0029652877617767272,0.0008143470732085322,0.0008525455068154269,3.3,2.141501818818314,0.9169643875508542,0.0038178332685921542,0.9177787346240628,0.0029652877617767272,0.0,0.13921112579787195,0.0,0.618257350308631,7.865711115015785,1.109944426715079,13.86571111501464,0.9068243400544136,6.865711115015974,0.9558131373419678,6.865711115015974,0.9068243400544136,0.0,0.04898879728755423,0.0,0.0,0.0,0.0,0.0038814754183143,0.9964005392635383,0.0,0.0,0.0,0.0,0.0,0.0,0.9177787346240628,0.0029652877617767272,0.0008143470732085322,0.0008525455068154269
8.93557,3.3,2.153601,0.9326647,0.004271484,3.3,2.1556665303250746,0.9287752848656857,0.005112356768192359,3.3,2.1556405436174964,0.9289252011420301,0.005112802141533684,0.9289252011420301,0.005112802141533684,0.0,0.0,0.0,0.9289252011420301,0.005112802141533684,0.0,0.0,3.3,2.15023862118637,0.9235382693883633,0.005233005365200288,0.9289098527758158,0.005112756544395658,0.0,0.11605392666718797,0.0,0.618257350308631,7.865711115015785,1.109944426715079,13.86571111501464,0.618257350308631,0.0,0.4916870764064483,0.0,0.0,0.0,0.0,0.0038814754183143,0.9964005392635383,0.0,0.0,0.0,0.0,0.0,0.0,0.9289098527758158,0.005112756544395658,0.0053715833874526065,0.00012024882080463066,3.3,2.15023862118637,0.9235382693883633,0.005233005365200288,0.9289098527758158,0.005112756544395658,0.0,0.11605392666718797,0.0,0.618257350308631,7.865711115015785,1.109944426715079,13.86571111501464,0.9068243400544136,6.865711115015974,0.9558131373419678,6.865711115015974,0.9068243400544136,0.0,0.04898879728755423,0.0,0.0,0.0,0.0,0.0038814754183143,0.9964005392635383,0.0,0.0,0.0,0.0,0.0,0.0,0.9289098527758158,0.005112756544395658,0.0053715833874526065,0.00012024882080463066
9.018816000000001,3.3,2.162362,0.9382976,0.001489621,3.3,2.163132451721642,0.934083253129034,0.005128125753513609,3.3,2.1631022941303897,0.9340805559151611,0.005128117740593437,0.9340805559151611,0.005128117740593437,0.0,0.0,0.0,0.9340805559151611,0.005128117740593437,0.0,0.0,3.3,2.1582477601564602,0.9323689133891894,0.005094372904228293,0.9341093557437338,0.005128203299521351,0.0,0.09881517902249437,0.0,0.618257350308631,7.865711115015785,1.109944426715079,13.86571111501464,0.618257350308631,0.0,0.4916870764064483,0.0,0.0,0.0,0.0,0.0038814754183143,0.9964005392635383,0.0,0.0,0.0,0.0,0.0,0.0,0.9341093557437338,0.005128203299521351,0.0017404423545443748,3.38303952930577e-05,3.3,2.1582477601564602,0.9323689133891894,0.005094372904228293,0.9341093557437338,0.005128203299521351,0.0,0.09881517902249437,0.0,0.618257350308631,7.865711115015785,1.109944426715079,13.86571111501464,0.9068243400544136,6.865711115015974,0.9558131373419678,6.865711115015974,0.9068243400544136,0.0,0.04898879728755423,0.0,0.0,0.0,0.0,0.0038814754183143,0.9964005392635383,0.0,0.0,0.0,0.0,0.0,0.0,0.9341093557437338,0.005128203299521351,0.0017404423545443748,3.38303952930577e-05
9.116765,3.3,2.170967,0.9471876,0.003446185,3.3,2.1719861173675814,0.942652438726414,0.004294609897873214,3.3,2.171980849154866,0.9427475530847361,0.004294845367892934,0.9427475530847361,0.004294845367892934,0.0,0.0,0.0,0.9427475530847361,0.004294845367892934,0.0,0.0,3.3,2.167339497426973,0.9395520759005848,0.00435524629251275,0.9428947104921264,0.004295209678373824,0.0,0.09499521148512095,0.0,0.618257350308631,7.865711115015785,1.109944426715079,13.86571111501464,0.618257350308631,0.0,0.4916870764064483,0.0,0.0,0.0,0.0,0.0038814754183143,0.9964005392635383,0.0,0.0,0.0,0.0,0.0,0.0,0.9428947104921264,0.004295209678373824,0.003342634591541631,6.003661413892715e-05,3.3,2.167339497426973,0.9395520759005848,0.00435524629251275,0.9428947104921264,0.004295209678373824,0.0,0.09499521148512095,0.0,0.618257350308631,7.865711115015785,1.109944426715079,13.86571111501464,0.9068243400544136,6.865711115015974,0.9558131373419678,6.865711115015974,0.9068243400544136,0.0,0.04898879728755423,0.0,0.0,0.0,0.0,0.0038814754183143,0.9964005392635383,0.0,0.0,0.0,0.0,0.0,0.0,0.9428947104921264,0.004295209678373824,0.003342634591541631,6.003661413892715e-05
9.14567,3.3,2.173455,0.9518579,0.003455439,3.3,2.1742029102392113,0.9409117899276742,0.0042903006577732555,3.3,2.174167108780341,0.9406565756842902,0.004289668836206224,0.9406565756842902,0.004289668836206224,0.0,0.0,0.0,0.9406565756842902,0.004289668836206224,0.0,0.0,3.3,2.1698243573183618,0.9399599825590992,0.004356261877920169,0.9404154183651531,0.004289071814687135,0.0,0.08447749230150609,0.0,0.618257350308631,7.865711115015785,1.109944426715079,13.86571111501464,0.618257350308631,0.0,0.4916870764064483,0.0,0.0,0.0,0.0,0.0038814754183143,0.9964005392635383,0.0,0.0,0.0,0.0,0.0,0.0,0.9404154183651531,0.004289071814687135,0.00045543580605388485,6.719006323303473e-05,3.3,2.1698243573183618,0.9399599825590992,0.004356261877920169,0.9404154183651531,0.004289071814687135,0.0,0.08447749230150609,0.0,0.618257350308631,7.865711115015785,1.109944426715079,13.86571111501464,0.9068243400544136,6.865711115015974,0.9558131373419678,6.865711115015974,0.9068243400544136,0.0,0.04898879728755423,0.0,0.0,0.0,0.0,0.0038814754183143,0.9964005392635383,0.0,0.0,0.0,0.0,0.0,0.0,0.9404154183651531,0.004289071814687135,0.00045543580605388485,6.719006323303473e-05
9.182262,3.3,2.176284,0.9539483,0.003459581,3.3,2.1769477959328505,0.9445978326700221,0.004299426015632339,3.3,2.176945253482631,0.9453045546801391,0.004301175613154665,0.9453045546801391,0.004301175613154665,0.0,0.0,0.0,0.9453045546801391,0.004301175613154665,0.0,0.0,3.3,2.1721837912238984,0.9463167910564666,0.004309884727389304,0.9474032421934857,0.004306371232395227,0.0,0.07388817514699816,0.0,0.618257350308631,7.865711115015785,1.109944426715079,13.86571111501464,0.618257350308631,0.0,0.4916870764064483,0.0,0.0,0.0,0.0,0.0038814754183143,0.9964005392635383,0.0,0.0,0.0,0.0,0.0,0.0,0.9474032421934857,0.004306371232395227,0.0010864511370191072,3.5134949940776697e-06,3.3,2.1721837912238984,0.9463167910564666,0.004309884727389304,0.9474032421934857,0.004306371232395227,0.0,0.07388817514699816,0.0,0.618257350308631,7.865711115015785,1.109944426715079,13.86571111501464,0.9068243400544136,6.865711115015974,0.9558131373419678,6.865711115015974,0.9068243400544136,0.0,0.04898879728755423,0.0,0.0,0.0,0.0,0.0038814754183143,0.9964005392635383,0.0,0.0,0.0,0.0,0.0,0.0,0.9474032421934857,0.004306371232395227,0.0010864511370191072,3.5134949940776697e-06
9.242816,3.3,2.180442,0.9565299,0.002598824,3.3,2.181697608063477,0.9478930656777999,0.0034052044093229395,3.3,2.1816946686127796,0.9471548680268032,0.003361028087195018,0.9471548680268032,0.003361028087195018,0.0,0.0,0.0,0.9471548680268032,0.003361028087195018,0.0,0.0,3.3,2.1769059005383844,0.9476432351894107,0.0023477659038505195,0.9478778829383113,0.0019302298344601408,0.0,0.07577871065520345,0.0,0.618257350308631,7.865711115015785,1.109944426715079,13.86571111501464,0.618257350308631,0.0,0.4916870764064483,0.0,0.0,0.0,0.0,0.0038814754183143,0.9964005392635383,0.0,0.0,0.0,0.0,0.0,0.0,0.9478778829383113,0.0019302298344601408,0.0002346477489006162,0.000417536069390379,3.3,2.1769059005383844,0.9476432351894107,0.0023477659038505195,0.9478778829383113,0.0019302298344601408,0.0,0.07577871065520345,0.0,0.618257350308631,7.865711115015785,1.109944426715079,13.86571111501464,0.9068243400544136,6.865711115015974,0.9558131373419678,6.865711115015974,0.9068243400544136,0.0,0.04898879728755423,0.0,0.0,0.0,0.0,0.0038814754183143,0.9964005392635383,0.0,0.0,0.0,0.0,0.0,0.0,0.9478778829383113,0.0019302298344601408,0.0002346477489006162,0.000417536069390379
9.297308,3.3,2.183561,0.9586538,0.002601981,3.3,2.185097174530147,0.9521992593732028,0.0034545642891369147,3.3,2.185075357819072,0.9521874945372395,0.0034545409888652474,0.9521874945372395,0.0034545409888652474,0.0,0.0,0.0,0.9521874945372395,0.0034545409888652474,0.0,0.0,3.3,2.180942012900787,0.9502201256663122,0.003525630278455713,0.9521592610192162,0.0034544850723491035,0.0,0.07170344314569431,0.0,0.618257350308631,7.865711115015785,1.109944426715079,13.86571111501464,0.618257350308631,0.0,0.4916870764064483,0.0,0.0,0.0,0.0,0.0038814754183143,0.9964005392635383,0.0,0.0,0.0,0.0,0.0,0.0,0.9521592610192162,0.0034544850723491035,0.0019391353529040825,7.114520610660987e-05,3.3,2.180942012900787,0.9502201256663122,0.003525630278455713,0.9521592610192162,0.0034544850723491035,0.0,0.07170344314569431,0.0,0.618257350308631,7.865711115015785,1.109944426715079,13.86571111501464,0.9068243400544136,6.865711115015974,0.9558131373419678,6.865711115015974,0.9068243400544136,0.0,0.04898879728755423,0.0,0.0,0.0,0.0,0.0038814754183143,0.9964005392635383,0.0,0.0,0.0,0.0,0.0,0.0,0.9521592610192162,0.0034544850723491035,0.0019391353529040825,7.114520610660987e-05
9.40183,3.3,2.188893,0.9649344,0.002611315,3.3,2.190892109888785,0.959105035298551,0.0034682411865996,3.3,2.190839050317652,0.9596459423121342,0.003469312453585613,0.9596459423121342,0.003469312453585613,0.0,0.0,0.0,0.9596459423121342,0.003469312453585613,0.0,0.0,3.3,2.18659791601699,0.957827381560366,0.0034817806025621624,0.958884981369117,0.003467805369529706,0.0,0.044747915920197265,0.0,0.618257350308631,7.865711115015785,1.109944426715079,13.86571111501464,0.618257350308631,0.0,0.4916870764064483,0.0,0.0,0.0,0.0,0.0038814754183143,0.9964005392635383,0.0,0.0,0.0,0.0,0.0,0.0,0.958884981369117,0.003467805369529706,0.0010575998087510167,1.3975233032456835e-05,3.3,2.18659791601699,0.957827381560366,0.0034817806025621624,0.958884981369117,0.003467805369529706,0.0,0.044747915920197265,0.0,0.618257350308631,7.865711115015785,1.109944426715079,13.86571111501464,0.9068243400544136,6.865711115015974,0.9558131373419678,6.865711115015974,0.9068243400544136,0.0,0.04898879728755423,0.0,0.0,0.0,0.0,0.0038814754183143,0.9964005392635383,0.0,0.0,0.0,0.0,0.0,0.0,0.958884981369117,0.003467805369529706,0.0010575998087510167,1.3975233032456835e-05
9.515843,3.3,2.195518,0.9704015,0.001746721,3.3,2.1971680095140598,0.9614007079996756,0.0026045718859924413,3.3,2.197155150650865,0.9614727850627381,0.0026046789465497444,0.9614727850627381,0.0026046789465497444,0.0,0.0,0.0,0.9614727850627381,0.0026046789465497444,0.0,0.0,3.3,2.193353531760989,0.9607084777112705,0.0023739463902378334,0.9615390992658688,0.0026047774471717553,0.0,0.07145176870885933,0.0,0.618257350308631,7.865711115015785,1.109944426715079,13.86571111501464,0.618257350308631,0.0,0.4916870764064483,0.0,0.0,0.0,0.0,0.0038814754183143,0.9964005392635383,0.0,0.0,0.0,0.0,0.0,0.0,0.9615390992658688,0.0026047774471717553,0.0008306215545982447,0.00023083105693392207,3.3,2.193353531760989,0.9607084777112705,0.0023739463902378334,0.9615390992658688,0.0026047774471717553,0.0,0.07145176870885933,0.0,0.618257350308631,7.865711115015785,1.109944426715079,13.86571111501464,0.9068243400544136,6.865711115015974,0.9558131373419678,6.865711115015974,0.9068243400544136,0.0,0.04898879728755423,0.0,0.0,0.0,0.0,0.0038814754183143,0.9964005392635383,0.0,0.0,0.0,0.0,0.0,0.0,0.9615390992658688,0.0026047774471717553,0.0008306215545982447,0.00023083105693392207
9.629856,3.3,2.201513,0.976211,0.001752478,3.3,2.202369966401093,0.9680264657034222,0.002614413537166676,3.3,2.202358888181075,0.9680264657034399,0.002614413537166702,0.9680264657034399,0.002614413537166702,0.0,0.0,0.0,0.9680264657034399,0.002614413537166702,0.0,0.0,3.3,2.1986423261544235,0.9673387791499711,0.0026574394705844106,0.9680260603260351,0.0026144129350343585,0.0,0.04470412322056313,0.0,0.618257350308631,7.865711115015785,1.109944426715079,13.86571111501464,0.618257350308631,0.0,0.4916870764064483,0.0,0.0,0.0,0.0,0.0038814754183143,0.9964005392635383,0.0,0.0,0.0,0.0,0.0,0.0,0.9680260603260351,0.0026144129350343585,0.0006872811760639784,4.302653555005154e-05,3.3,2.1986423261544235,0.9673387791499711,0.0026574394705844106,0.9680260603260351,0.0026144129350343585,0.0,0.04470412322056313,0.0,0.618257350308631,7.865711115015785,1.109944426715079,13.86571111501464,0.9068243400544136,6.865711115015974,0.9558131373419678,6.865711115015974,0.9068243400544136,0.0,0.04898879728755423,0.0,0.0,0.0,0.0,0.0038814754183143,0.9964005392635383,0.0,0.0,0.0,0.0,0.0,0.0,0.9680260603260351,0.0026144129350343585,0.0006872811760639784,4.302653555005154e-05
9.800256999999998,3.3,2.205831,0.9789962,0.001755239,3.3,2.2087272765265458,0.9742316870745779,0.002623630539496732,3.3,2.2087230702470126,0.9742316870745834,0.002623630539496741,0.9742316870745834,0.002623630539496741,0.0,0.0,0.0,0.9742316870745834,0.002623630539496741,0.0,0.0,3.3,2.2053909422578455,0.9737432950794266,0.002601974424705217,0.9742316637442107,0.0026236305048426833,0.0,0.02834648279674752,0.0,0.618257350308631,7.865711115015785,1.109944426715079,13.86571111501464,0.618257350308631,0.0,0.4916870764064483,0.0,0.0,0.0,0.0,0.0038814754183143,0.9964005392635383,0.0,0.0,0.0,0.0,0.0,0.0,0.9742316637442107,0.0026236305048426833,0.0004883686647840668,2.1656080137465685e-05,3.3,2.2053909422578455,0.9737432950794266,0.002601974424705217,0.9742316637442107,0.0026236305048426833,0.0,0.02834648279674752,0.0,0.618257350308631,7.865711115015785,1.109944426715079,13.86571111501464,0.9068243400544136,6.865711115015974,0.9558131373419678,6.865711115015974,0.9068243400544136,0.0,0.04898879728755423,0.0,0.0,0.0,0.0,0.0038814754183143,0.9964005392635383,0.0,0.0,0.0,0.0,0.0,0.0,0.9742316637442107,0.0026236305048426833,0.0004883686647840668,2.1656080137465685e-05
9.934072,3.3,2.208773,0.9821864,0.0008798651,3.3,2.213470060394102,0.9779833658003809,0.0017527971632892434,3.3,2.2134604102236857,0.9780959887216123,0.0017529086864701152,0.9780959887216123,0.0017529086864701152,0.0,0.0,0.0,0.9780959887216123,0.0017529086864701152,0.0,0.0,3.3,2.209935735801526,0.9782380542933999,0.0018564085335445297,0.9786214012685017,0.0017534289684682952,0.0,0.03663129722572659,0.0,0.618257350308631,7.865711115015785,1.109944426715079,13.86571111501464,0.618257350308631,0.0,0.4916870764064483,0.0,0.0,0.0,0.0,0.0038814754183143,0.9964005392635383,0.0,0.0,0.0,0.0,0.0,0.0,0.9786214012685017,0.0017534289684682952,0.0011275221792177114,0.00010297956507623498,3.3,2.209935735801526,0.9782380542933999,0.0018564085335445297,0.9786214012685017,0.0017534289684682952,0.0,0.03663129722572659,0.0,0.618257350308631,7.865711115015785,1.109944426715079,13.86571111501464,0.9068243400544136,6.865711115015974,0.9558131373419678,6.865711115015974,0.9068243400544136,0.0,0.04898879728755423,0.0,0.0,0.0,0.0,0.0038814754183143,0.9964005392635383,0.0,0.0,0.0,0.0,0.0,0.0,0.9786214012685017,0.0017534289684682952,0.0011275221792177114,0.00010297956507623498
10.0,3.3,2.210928,0.984024,0.0008807764,3.2999999999998826,2.215304964448059,0.9811912146170064,0.001755973688102086,3.2999999999998826,2.215291832737055,0.9811910186244631,0.001755973494023371,0.9811910186244631,0.001755973494023371,0.0,0.0,0.0,0.9811910186244631,0.001755973494023371,0.0,0.0,3.2999999999998826,2.21201079061082,0.980041073528664,0.001787951281506585,0.9811911191813819,0.001755973593598371,0.0,0.03253691115874199,0.0,0.618257350308631,7.865711115015785,1.109944426715079,13.86571111501464,0.618257350308631,0.0,0.4916870764064483,0.0,0.0,0.0,0.0,0.0038814754183143,0.9964005392635383,0.0,0.0,0.0,0.0,0.0,0.0,0.9811911191813819,0.001755973593598371,0.0011500456527179783,3.19776879082139e-05,3.2999999999998826,2.21201079061082,0.980041073528664,0.001787951281506585,0.9811911191813819,0.001755973593598371,0.0,0.03253691115874199,0.0,0.618257350308631,7.865711115015785,1.109944426715079,13.86571111501464,0.9068243400544136,6.865711115015974,0.9558131373419678,6.865711115015974,0.9068243400544136,0.0,0.04898879728755423,0.0,0.0,0.0,0.0,0.0038814754183143,0.9964005392635383,0.0,0.0,0.0,0.0,0.0,0.0,0.9811911191813819,0.001755973593598371,0.0011500456527179783,3.19776879082139e-05
10.00141,3.207044,2.210964,0.984024,0.0008807764,3.2069400000000163,2.215375217765932,0.9809998167087869,0.00175578415915626,3.2069399999999066,2.2153630874597003,0.9811138664678472,0.001755897095242174,0.9811138664678472,0.001755897095242174,0.0,0.0,0.0,0.9811138664678472,0.001755897095242174,0.0,0.0,3.2069400000001567,2.212134434909097,0.9803224180297354,0.00178013079232587,0.9811911040059064,0.001755973578571082,0.0,0.03971598527742756,0.0,0.618257350308631,7.865711115015785,1.109944426715079,13.86571111501464,0.618257350308631,0.0,0.4916870764064483,0.0,0.0,0.0,0.0,0.0038814754183143,0.9964005392635383,0.0,0.0,0.0,0.0,0.0,0.0,0.9811911040059064,0.001755973578571082,0.0008686859761710326,2.4157213754787802e-05,3.2069400000001567,2.212134434909097,0.9803224180297354,0.00178013079232587,0.9811911040059064,0.001755973578571082,0.0,0.03971598527742756,0.0,0.618257350308631,7.865711115015785,1.109944426715079,13.86571111501464,0.9068243400544136,6.865711115015974,0.9558131373419678,6.865711115015974,0.9068243400544136,0.0,0.04898879728755423,0.0,0.0,0.0,0.0,0.0038814754183143,0.9964005392635383,0.0,0.0,0.0,0.0,0.0,0.0,0.9811911040059064,0.001755973578571082,0.0008686859761710326,2.4157213754787802e-05
10.00272,3.12039,2.210998,0.984024,0.0008807764,3.120479999999826,2.2154233730001267,0.9800646023194928,0.0017548580769489175,3.1204799999999726,2.215414367792,0.9802495677856807,0.0017550412362642258,0.9802495677856807,0.0017550412362642258,0.0,0.0,0.0,0.9802495677856807,0.0017550412362642258,0.0,0.0,3.1204799999999757,2.2121740715075457,0.9805231128575668,0.0017745496031384834,0.9811909222920018,0.0017559733986315768,0.0,0.03865314751845408,0.0,0.618257350308631,7.865711115015785,1.109944426715079,13.86571111501464,0.618257350308631,0.0,0.4916870764064483,0.0,0.0,0.0,0.0,0.0038814754183143,0.9964005392635383,0.0,0.0,0.0,0.0,0.0,0.0,0.9811909222920018,0.0017559733986315768,0.0006678094344349575,1.8576204506906618e-05,3.1204799999999757,2.2121740715075457,0.9805231128575668,0.0017745496031384834,0.9811909222920018,0.0017559733986315768,0.0,0.03865314751845408,0.0,0.618257350308631,7.865711115015785,1.109944426715079,13.86571111501464,0.9068243400544136,6.865711115015974,0.9558131373419678,6.865711115015974,0.9068243400544136,0.0,0.04898879728755423,0.0,0.0,0.0,0.0,0.0038814754183143,0.9964005392635383,0.0,0.0,0.0,0.0,0.0,0.0,0.9811909222920018,0.0017559733986315768,0.0006678094344349575,1.8576204506906618e-05
10.00692,2.843097,2.2111,0.984024,0.0008807764,2.843279999999991,2.2155023159623948,0.9796963081948118,0.0017544933791428954,2.8432800000002376,2.2154983126781778,0.9796816055081773,0.0017544788200250635,0.9796816055081773,0.0017544788200250635,0.0,0.0,0.0,0.9796816055081773,0.0017544788200250635,0.0,0.0,2.843280000000059,2.212622266310637,0.9795657951224362,0.0018137509374364586,0.9796580519958051,0.0017544554965080407,0.0,0.061252474514981156,0.0,0.618257350308631,7.865711115015785,1.109944426715079,13.86571111501464,0.618257350308631,0.0,0.4916870764064483,0.0,0.0,0.0,0.0,0.0038814754183143,0.9964005392635383,0.0,0.0,0.0,0.0,0.0,0.0,0.9796580519958051,0.0017544554965080407,9.225687336883871e-05,5.929544092841789e-05,2.843280000000059,2.212622266310637,0.9795657951224362,0.0018137509374364586,0.9796580519958051,0.0017544554965080407,0.0,0.061252474514981156,0.0,0.618257350308631,7.865711115015785,1.109944426715079,13.86571111501464,0.9068243400544136,6.865711115015974,0.9558131373419678,6.865711115015974,0.9068243400544136,0.0,0.04898879728755423,0.0,0.0,0.0,0.0,0.0038814754183143,0.9964005392635383,0.0,0.0,0.0,0.0,0.0,0.0,0.9796580519958051,0.0017544554965080407,9.225687336883871e-05,5.929544092841789e-05
10.02037,1.955761,2.21181,0.9880032,0.0008827498,1.9555800000001484,2.2155025262899413,0.9781400471254093,0.0017529523146523872,1.955580000000277,2.2155048977145664,0.9781395855273579,0.0017529518575617492,0.9781395855273579,0.0017529518575617492,0.0,0.0,0.0,0.9781395855273579,0.0017529518575617492,0.0,0.0,1.9555800000000032,2.212672057124131,0.9784417482109963,0.0017712342254418297,0.978141626313151,0.001752953878419676,0.0,0.017655755259597915,0.0,0.618257350308631,7.865711115015785,1.109944426715079,13.86571111501464,0.618257350308631,0.0,0.4916870764064483,0.0,0.0,0.0,0.0,0.0038814754183143,0.9964005392635383,0.0,0.0,0.0,0.0,0.0,0.0,0.978141626313151,0.001752953878419676,0.0003001218978451615,1.8280347022153788e-05,1.9555800000000032,2.212672057124131,0.9784417482109963,0.0017712342254418297,0.978141626313151,0.001752953878419676,0.0,0.017655755259597915,0.0,0.618257350308631,7.865711115015785,1.109944426715079,13.86571111501464,0.9068243400544136,6.865711115015974,0.9558131373419678,6.865711115015974,0.9068243400544136,0.0,0.04898879728755423,0.0,0.0,0.0,0.0,0.0038814754183143,0.9964005392635383,0.0,0.0,0.0,0.0,0.0,0.0,0.978141626313151,0.001752953878419676,0.0003001218978451615,1.8280347022153788e-05
10.039900000000001,0.6664371,2.212685,0.9849748,0.000881248,0.6666000000000316,2.2203346805046715,0.9977971184499413,0.0012699794221657146,0.6665999999999588,2.220222256880318,0.9967675519813353,0.001559962138859193,0.9967675519813353,0.001559962138859193,0.0,0.0,0.0,0.9967675519813353,0.001559962138859193,0.0,0.0,0.6666000000001022,2.216177993376089,0.9970013879375338,0.0006021431883350471,0.9967675519813352,0.001559962138859146,0.0,0.21910173742670686,0.0,0.618257350308631,7.865711115015785,1.109944426715079,13.86571111501464,7.865711115015785,0.0,5.999999999998857,1.0,0.0,0.0,0.0,0.9977324945445993,0.001307235637763012,0.0,0.0,0.0,0.0,0.0,0.0,0.9967675519813352,0.001559962138859146,0.00023383595619868178,0.0009578189505240992,0.6666000000001022,2.216177993376089,0.9970013879375338,0.0006021431883350471,0.9967675519813352,0.001559962138859146,0.0,0.21910173742670686,0.0,0.618257350308631,7.865711115015785,1.109944426715079,13.86571111501464,0.9068243400544136,6.865711115015974,0.9558131373419678,6.865711115015974,6.865711115015974,0.0,0.0,0.0,0.0,0.0,0.0,0.9977324945445993,0.001307235637763012,0.0,0.0,0.0,0.0,0.0,0.0,0.9967675519813352,0.001559962138859146,0.00023383595619868178,0.0009578189505240992
10.04507,0.3254,2.212719,0.9849748,0.000881248,0.32537999999993317,2.221577470762793,0.9967675519813336,0.001559962138858594,0.32538000000001005,2.2214455678700813,0.9967675519813333,0.0015599621388584764,0.9967675519813333,0.0015599621388584764,0.0,0.0,0.0,0.9967675519813333,0.0015599621388584764,0.0,0.0,0.32537999999990014,2.2173367779053317,0.9968783312246048,0.0012143246914503329,0.9967675519813342,0.001559962138858783,0.0,0.21950718715604658,0.0,0.618257350308631,7.865711115015785,1.109944426715079,13.86571111501464,7.865711115015785,0.0,5.999999999998857,1.0,0.0,0.0,0.0,0.9977324945445993,0.001307235637763012,0.0,0.0,0.0,0.0,0.0,0.0,0.9967675519813342,0.001559962138858783,0.00011077924327064619,0.00034563744740845,0.32537999999990014,2.2173367779053317,0.9968783312246048,0.0012143246914503329,0.9967675519813342,0.001559962138858783,0.0,0.21950718715604658,0.0,0.618257350308631,7.865711115015785,1.109944426715079,13.86571111501464,0.9068243400544136,6.865711115015974,0.9558131373419678,6.865711115015974,6.865711115015974,0.0,0.0,0.0,0.0,0.0,0.0,0.9977324945445993,0.001307235637763012,0.0,0.0,0.0,0.0,0.0,0.0,0.9967675519813342,0.001559962138858783,0.00011077924327064619,0.00034563744740845
10.04607,0.2594,2.212725,0.9849748,0.000881248,0.25937999999996997,2.2217951589401705,0.9967675519813336,0.001559962138858594,0.2593800000001057,2.2216625678791218,0.9967675519813324,0.0015599621388581104,0.9967675519813324,0.0015599621388581104,0.0,0.0,0.0,0.9967675519813324,0.0015599621388581104,0.0,0.0,0.25937999999967265,2.217510426893334,0.9968583012056413,0.0012814749276432167,0.9967675519813352,0.001559962138859143,0.0,0.21514298201726104,0.0,0.618257350308631,7.865711115015785,1.109944426715079,13.86571111501464,7.865711115015785,0.0,5.999999999998857,1.0,0.0,0.0,0.0,0.9977324945445993,0.001307235637763012,0.0,0.0,0.0,0.0,0.0,0.0,0.9967675519813352,0.001559962138859143,9.074922430623951e-05,0.00027848721121592643,0.25937999999967265,2.217510426893334,0.9968583012056413,0.0012814749276432167,0.9967675519813352,0.001559962138859143,0.0,0.21514298201726104,0.0,0.618257350308631,7.865711115015785,1.109944426715079,13.86571111501464,0.9068243400544136,6.865711115015974,0.9558131373419678,6.865711115015974,6.865711115015974,0.0,0.0,0.0,0.0,0.0,0.0,0.9977324945445993,0.001307235637763012,0.0,0.0,0.0,0.0,0.0,0.0,0.9967675519813352,0.001559962138859143,9.074922430623951e-05,0.00027848721121592643
10.04707,0.1934,2.212731,0.9849748,0.000881248,0.19338000000000677,2.2220033008780167,0.9967675519813336,0.001559962138858594,0.19338000000020134,2.221874206490019,0.9967675519813327,0.0015599621388582435,0.9967675519813327,0.0015599621388582435,0.0,0.0,0.0,0.9967675519813327,0.0015599621388582435,0.0,0.0,0.19337999999986555,2.217677984175917,0.9968425471449083,0.0013318712825161729,0.9967675519813344,0.0015599621388588832,0.0,0.2107479335433708,0.0,0.618257350308631,7.865711115015785,1.109944426715079,13.86571111501464,7.865711115015785,0.0,5.999999999998857,1.0,0.0,0.0,0.0,0.9977324945445993,0.001307235637763012,0.0,0.0,0.0,0.0,0.0,0.0,0.9967675519813344,0.0015599621388588832,7.499516357388605e-05,0.00022809085634271003,0.19337999999986555,2.217677984175917,0.9968425471449083,0.0013318712825161729,0.9967675519813344,0.0015599621388588832,0.0,0.2107479335433708,0.0,0.618257350308631,7.865711115015785,1.109944426715079,13.86571111501464,0.9068243400544136,6.865711115015974,0.9558131373419678,6.865711115015974,6.865711115015974,0.0,0.0,0.0,0.0,0.0,0.0,0.9977324945445993,0.001307235637763012,0.0,0.0,0.0,0.0,0.0,0.0,0.9967675519813344,0.0015599621388588832,7.499516357388605e-05,0.00022809085634271003
10.04732,0.1769,2.21281,0.9998882,6.811849e-05,0.17688000000004528,2.2220553363624784,0.9967675519813336,0.001559962138858594,0.17688000000025456,2.221926490985632,0.9967675519813329,0.001559962138858335,0.9967675519813329,0.001559962138858335,0.0,0.0,0.0,0.9967675519813329,0.001559962138858335,0.0,0.0,0.17687999999996007,2.217719627408445,0.996838781366658,0.0013437935605831433,0.9967675519813342,0.001559962138858793,0.0,0.20964792543913005,0.0,0.618257350308631,7.865711115015785,1.109944426715079,13.86571111501464,7.865711115015785,0.0,5.999999999998857,1.0,0.0,0.0,0.0,0.9977324945445993,0.001307235637763012,0.0,0.0,0.0,0.0,0.0,0.0,0.9967675519813342,0.001559962138858793,7.122938532384574e-05,0.0002161685782756496,0.17687999999996007,2.217719627408445,0.996838781366658,0.0013437935605831433,0.9967675519813342,0.001559962138858793,0.0,0.20964792543913005,0.0,0.618257350308631,7.865711115015785,1.109944426715079,13.86571111501464,0.9068243400544136,6.865711115015974,0.9558131373419678,6.865711115015974,6.865711115015974,0.0,0.0,0.0,0.0,0.0,0.0,0.9977324945445993,0.001307235637763012,0.0,0.0,0.0,0.0,0.0,0.0,0.9967675519813342,0.001559962138858793,7.122938532384574e-05,0.0002161685782756496
10.047509999999999,0.1644814,2.212869,0.9998025,0.0001183603,0.1643400000000511,2.2220948833306693,0.9967675519813336,0.001559962138858594,0.16434000000027157,2.221966227202298,0.9967675519813332,0.0015599621388584046,0.9967675519813332,0.0015599621388584046,0.0,0.0,0.0,0.9967675519813332,0.0015599621388584046,0.0,0.0,0.16434000000000842,2.2177512762651665,0.9968359193751878,0.0013528544919140576,0.9967675519813339,0.0015599621388587247,0.0,0.20881191927990553,0.0,0.618257350308631,7.865711115015785,1.109944426715079,13.86571111501464,7.865711115015785,0.0,5.999999999998857,1.0,0.0,0.0,0.0,0.9977324945445993,0.001307235637763012,0.0,0.0,0.0,0.0,0.0,0.0,0.9967675519813339,0.0015599621388587247,6.836739385380976e-05,0.00020710764694466672,0.16434000000000842,2.2177512762651665,0.9968359193751878,0.0013528544919140576,0.9967675519813339,0.0015599621388587247,0.0,0.20881191927990553,0.0,0.618257350308631,7.865711115015785,1.109944426715079,13.86571111501464,0.9068243400544136,6.865711115015974,0.9558131373419678,6.865711115015974,6.865711115015974,0.0,0.0,0.0,0.0,0.0,0.0,0.9977324945445993,0.001307235637763012,0.0,0.0,0.0,0.0,0.0,0.0,0.9967675519813339,0.0015599621388587247,6.836739385380976e-05,0.00020710764694466672
10.04791,0.1382088,2.212992,0.9996211,0.0002246512,0.1379399999999955,2.222178140105808,0.9967675519813336,0.001559962138858594,0.1379400000002395,2.2220498823952797,0.9967675519813335,0.0015599621388585512,0.9967675519813335,0.0015599621388585512,0.0,0.0,0.0,0.9967675519813335,0.0015599621388585512,0.0,0.0,0.13794000000011586,2.2178238904390977,0.9968261681210141,0.0013701167510459294,0.996569143845094,0.0014859690976630172,0.0,0.20765844134999753,0.0,0.618257350308631,7.865711115015785,1.109944426715079,13.86571111501464,7.865711115015785,0.0,5.999999999998857,1.0,0.0,0.0,0.0,0.9977324945445993,0.001307235637763012,0.0,0.0,0.0,0.0,0.0,0.0,0.996569143845094,0.0014859690976630172,0.00025702427592013083,0.00012120534595198557,0.13794000000011586,2.2178238904390977,0.9968261681210141,0.0013701167510459294,0.996569143845094,0.0014859690976630172,0.0,0.20765844134999753,0.0,0.618257350308631,7.865711115015785,1.109944426715079,13.86571111501464,0.9068243400544136,6.865711115015974,0.9558131373419678,6.865711115015974,6.865711115015974,0.0,0.0,0.0,0.0,0.0,0.0,0.9977324945445993,0.001307235637763012,0.0,0.0,0.0,0.0,0.0,0.0,0.996569143845094,0.0014859690976630172,0.00025702427592013083,0.00012120534595198557
10.04827,0.113986,2.213101,0.999454,0.0003226494,0.11417999999997294,2.2222501612159693,0.9967675519813336,0.001559962138858594,0.11417999999988662,2.222123394502993,0.9960183727098002,0.001280216224355874,0.9960183727098002,0.001280216224355874,0.0,0.0,0.0,0.9960183727098002,0.001280216224355874,0.0,0.0,0.11418000000016731,2.217939994022994,0.9967879346483605,0.001360059236469229,0.996256204548762,0.0011123466114995849,0.0,0.2116984914453273,0.0,0.618257350308631,7.865711115015785,1.109944426715079,13.86571111501464,7.865711115015785,0.0,5.999999999998857,1.0,0.0,0.0,0.0,0.9977324945445993,0.001307235637763012,0.0,0.0,0.0,0.0,0.0,0.0,0.996256204548762,0.0011123466114995849,0.001966804435686899,0.0004107548789005421,0.11418000000016731,2.217939994022994,0.9967879346483605,0.001360059236469229,0.996256204548762,0.0011123466114995849,0.0,0.2116984914453273,0.0,0.618257350308631,7.865711115015785,1.109944426715079,13.86571111501464,0.9068243400544136,6.865711115015974,0.9558131373419678,6.865711115015974,6.865711115015974,0.0,0.0,0.0,0.0,0.0,0.0,0.9977324945445993,0.001307235637763012,0.0,0.0,0.0,0.0,0.0,0.0,0.996256204548762,0.0011123466114995849,0.001966804435686899,0.0004107548789005421
10.04945,0.03647286,2.213427,0.998919,0.0006362437,0.036300000000050056,2.2224847981428666,0.9967675519813336,0.001559962138858594,0.03629999999999116,2.2223940727262574,1.0014800081714514,0.0020873879437977257,1.0014800081714514,0.0020873879437977257,0.0,0.0,0.0,1.0014800081714514,0.0020873879437977257,0.0,0.0,0.03629999999960061,2.218316615216889,0.9981315666802885,0.0015934772148708783,1.0058515115258528,0.00301510431843701,0.0,0.22368662979478915,0.0,0.618257350308631,7.865711115015785,1.109944426715079,13.86571111501464,7.865711115015785,0.0,5.999999999998857,1.0,0.0,0.0,0.0,0.9977324945445993,0.001307235637763012,0.0,0.0,0.0,0.0,0.0,0.0,1.0058515115258528,0.00301510431843701,0.007719944845563943,0.001421627103566132,0.03629999999960061,2.218316615216889,0.9981315666802885,0.0015934772148708783,1.0058515115258528,0.00301510431843701,0.0,0.22368662979478915,0.0,0.618257350308631,7.865711115015785,1.109944426715079,13.86571111501464,0.9068243400544136,6.865711115015974,0.9558131373419678,6.865711115015974,6.865711115015974,0.0,0.0,0.0,0.0,0.0,0.0,0.9977324945445993,0.001307235637763012,0.0,0.0,0.0,0.0,0.0,0.0,1.0058515115258528,0.00301510431843701,0.007719944845563943,0.001421627103566132
10.05,0.0,2.213568,0.9986673,0.0007838018,0.0,2.222593951835656,0.9966681526856223,0.001522892811351288,0.0,2.22254818907346,1.005103905292164,0.002835468372875375,1.005103905292164,0.002835468372875375,0.0,0.0,0.0,1.005103905292164,0.002835468372875375,0.0,0.0,0.0,2.218486968212896,0.9988646460964471,0.001724281807453117,1.004671867156706,0.002731657602600243,0.0,0.2283040237602734,0.0,0.618257350308631,7.865711115015785,1.109944426715079,13.86571111501464,7.865711115015785,0.0,5.999999999998857,1.0,0.0,0.0,0.0,0.9977324945445993,0.001307235637763012,0.0,0.0,0.0,0.0,0.0,0.0,1.004671867156706,0.002731657602600243,0.005807221060258549,0.001007375795147127,0.0,2.218486968212896,0.9988646460964471,0.001724281807453117,1.004671867156706,0.002731657602600243,0.0,0.2283040237602734,0.0,0.618257350308631,7.865711115015785,1.109944426715079,13.86571111501464,0.9068243400544136,6.865711115015974,0.9558131373419678,6.865711115015974,6.865711115015974,0.0,0.0,0.0,0.0,0.0,0.0,0.9977324945445993,0.001307235637763012,0.0,0.0,0.0,0.0,0.0,0.0,1.004671867156706,0.002731657602600243,0.005807221060258549,0.001007375795147127
10.05006,0.0,2.213582,0.9986421,0.0007985576,0.0,2.222605548376047,0.9965219037642985,0.0014683516888680495,0.0,2.2225660799263327,1.005216324731116,0.002862480684043614,1.005216324731116,0.002862480684043614,0.0,0.0,0.0,1.005216324731116,0.002862480684043614,0.0,0.0,0.0,2.218507609447813,0.9989333828377422,0.0017362055363244495,1.0046718671567043,0.0027316576025998296,0.0,0.22899355857598072,0.0,0.618257350308631,7.865711115015785,1.109944426715079,13.86571111501464,7.865711115015785,0.0,5.999999999998857,1.0,0.0,0.0,0.0,0.9977324945445993,0.001307235637763012,0.0,0.0,0.0,0.0,0.0,0.0,1.0046718671567043,0.0027316576025998296,0.005738484318961686,0.0009954520662753801,0.0,2.218507609447813,0.9989333828377422,0.0017362055363244495,1.0046718671567043,0.0027316576025998296,0.0,0.22899355857598072,0.0,0.618257350308631,7.865711115015785,1.109944426715079,13.86571111501464,0.9068243400544136,6.865711115015974,0.9558131373419678,6.865711115015974,6.865711115015974,0.0,0.0,0.0,0.0,0.0,0.0,0.9977324945445993,0.001307235637763012,0.0,0.0,0.0,0.0,0.0,0.0,1.0046718671567043,0.0027316576025998296,0.005738484318961686,0.0009954520662753801
10.050180000000001,0.0,2.213613,0.9985853,0.0008318669,0.0,2.222628609973706,0.9962057004594782,0.0013504288828622563,0.0,2.222601938617477,1.0054006118865453,0.002906761477767025,1.0054006118865453,0.002906761477767025,0.0,0.0,0.0,1.0054006118865453,0.002906761477767025,0.0,0.0,0.0,2.218548775257516,0.9990687837453377,0.0017596934654971457,1.0046718671567025,0.002731657602599385,0.0,0.23035057709091908,0.0,0.618257350308631,7.865711115015785,1.109944426715079,13.86571111501464,7.865711115015785,0.0,5.999999999998857,1.0,0.0,0.0,0.0,0.9977324945445993,0.001307235637763012,0.0,0.0,0.0,0.0,0.0,0.0,1.0046718671567025,0.002731657602599385,0.005603083411364386,0.0009719641371022389,0.0,2.218548775257516,0.9990687837453377,0.0017596934654971457,1.0046718671567025,0.002731657602599385,0.0,0.23035057709091908,0.0,0.618257350308631,7.865711115015785,1.109944426715079,13.86571111501464,0.9068243400544136,6.865711115015974,0.9558131373419678,6.865711115015974,6.865711115015974,0.0,0.0,0.0,0.0,0.0,0.0,0.9977324945445993,0.001307235637763012,0.0,0.0,0.0,0.0,0.0,0.0,1.0046718671567025,0.002731657602599385,0.005603083411364386,0.0009719641371022389
10.05056,0.0,2.213704,0.9984123,0.000933242,0.0,2.222701558416708,0.995791495592375,0.0010994959565472514,0.0,2.2227153091882124,1.0055386314235046,0.0029399250188270926,1.0055386314235046,0.0029399250188270926,0.0,0.0,0.0,1.0055386314235046,0.0029399250188270926,0.0,0.0,0.0,2.2186746160001145,0.9994753165277892,0.00183021450830376,1.004671867156706,0.002731657602600244,0.0,0.23409382851044347,0.0,0.618257350308631,7.865711115015785,1.109944426715079,13.86571111501464,7.865711115015785,0.0,5.999999999998857,1.0,0.0,0.0,0.0,0.9977324945445993,0.001307235637763012,0.0,0.0,0.0,0.0,0.0,0.0,1.004671867156706,0.002731657602600244,0.005196550628916432,0.0009014430942964842,0.0,2.2186746160001145,0.9994753165277892,0.00183021450830376,1.004671867156706,0.002731657602600244,0.0,0.23409382851044347,0.0,0.618257350308631,7.865711115015785,1.109944426715079,13.86571111501464,0.9068243400544136,6.865711115015974,0.9558131373419678,6.865711115015974,6.865711115015974,0.0,0.0,0.0,0.0,0.0,0.0,0.9977324945445993,0.001307235637763012,0.0,0.0,0.0,0.0,0.0,0.0,1.004671867156706,0.002731657602600244,0.005196550628916432,0.0009014430942964842
10.051770000000001,0.0,2.213971,0.9978589,0.001257642,0.0,2.222981087048663,1.003178939020492,0.00242448871450471,0.0,2.223065703938148,1.0046718671567059,0.002731657602600201,1.0046718671567059,0.002731657602600201,0.0,0.0,0.0,1.0046718671567059,0.002731657602600201,0.0,0.0,0.0,2.21902752365735,1.0005775231215512,0.0020214137466817964,1.0046718671567048,0.002731657602599927,0.0,0.24059855852890766,0.0,0.618257350308631,7.865711115015785,1.109944426715079,13.86571111501464,7.865711115015785,0.0,5.999999999998857,1.0,0.0,0.0,0.0,0.9977324945445993,0.001307235637763012,0.0,0.0,0.0,0.0,0.0,0.0,1.0046718671567048,0.002731657602599927,0.0040943440351526835,0.0007102438559181306,0.0,2.21902752365735,1.0005775231215512,0.0020214137466817964,1.0046718671567048,0.002731657602599927,0.0,0.24059855852890766,0.0,0.618257350308631,7.865711115015785,1.109944426715079,13.86571111501464,0.9068243400544136,6.865711115015974,0.9558131373419678,6.865711115015974,6.865711115015974,0.0,0.0,0.0,0.0,0.0,0.0,0.9977324945445993,0.001307235637763012,0.0,0.0,0.0,0.0,0.0,0.0,1.0046718671567048,0.002731657602599927,0.0040943440351526835,0.0007102438559181306
10.05566,0.0,2.214676,0.9986466,0.002419659,0.0,2.2240557213220695,1.004671867156704,0.002731657602599771,0.0,2.2241230845417737,1.0046718671567068,0.002731657602600382,1.0046718671567068,0.002731657602600382,0.0,0.0,0.0,1.0046718671567068,0.002731657602600382,0.0,0.0,0.0,2.2198302660493785,1.0028327062877835,0.002412619266796301,1.0046718671567056,0.0027316576026001544,0.0,0.22933855666923655,0.0,0.618257350308631,7.865711115015785,1.109944426715079,13.86571111501464,7.865711115015785,0.0,5.999999999998857,1.0,0.0,0.0,0.0,0.9977324945445993,0.001307235637763012,0.0,0.0,0.0,0.0,0.0,0.0,1.0046718671567056,0.0027316576026001544,0.0018391608689216081,0.00031903833580385353,0.0,2.2198302660493785,1.0028327062877835,0.002412619266796301,1.0046718671567056,0.0027316576026001544,0.0,0.22933855666923655,0.0,0.618257350308631,7.865711115015785,1.109944426715079,13.86571111501464,0.9068243400544136,6.865711115015974,0.9558131373419678,6.865711115015974,6.865711115015974,0.0,0.0,0.0,0.0,0.0,0.0,0.9977324945445993,0.001307235637763012,0.0,0.0,0.0,0.0,0.0,0.0,1.0046718671567056,0.0027316576026001544,0.0018391608689216081,0.00031903833580385353
10.062669999999999,0.0,2.215637,0.9965703,0.001937548,0.0,2.2258093455705077,1.0063501176292697,0.0030404637014364326,0.0,2.2259017046221863,1.0067578748581971,0.0031522801246922257,1.0067578748581971,0.0031522801246922257,0.0,0.0,0.0,1.0067578748581971,0.0031522801246922257,0.0,0.0,0.0,2.2215939845494215,1.0054345543188479,0.0028956851769610377,1.006668564138441,0.003127789068414107,0.0,0.2424082805418545,0.0,0.618257350308631,7.865711115015785,1.109944426715079,13.86571111501464,7.865711115015785,0.0,5.999999999998857,1.0,0.0,0.0,0.0,0.9977324945445993,0.001307235637763012,0.0,0.0,0.0,0.0,0.0,0.0,1.006668564138441,0.003127789068414107,0.0012340098195931111,0.00023210389145306926,0.0,2.2215939845494215,1.0054345543188479,0.0028956851769610377,1.006668564138441,0.003127789068414107,0.0,0.2424082805418545,0.0,0.618257350308631,7.865711115015785,1.109944426715079,13.86571111501464,0.9068243400544136,6.865711115015974,0.9558131373419678,6.865711115015974,6.865711115015974,0.0,0.0,0.0,0.0,0.0,0.0,0.9977324945445993,0.001307235637763012,0.0,0.0,0.0,0.0,0.0,0.0,1.006668564138441,0.003127789068414107,0.0012340098195931111,0.00023210389145306926
10.07093,0.0,2.216869,1.002554,0.002455477,0.0,2.227645811152968,1.005101759577645,0.0026981351726634052,0.0,2.2276774864239357,1.0023076164139901,0.0019319167650914482,1.0023076164139901,0.0019319167650914482,0.0,0.0,0.0,1.0023076164139901,0.0019319167650914482,0.0,0.0,0.0,2.2234070184126984,1.004806243268167,0.0026363707993554866,1.0026666297173576,0.0020303664813343418,0.0,0.23515808027794036,0.0,0.618257350308631,7.865711115015785,1.109944426715079,13.86571111501464,7.865711115015785,0.0,5.999999999998857,1.0,0.0,0.0,0.0,0.9977324945445993,0.001307235637763012,0.0,0.0,0.0,0.0,0.0,0.0,1.0026666297173576,0.0020303664813343418,0.002139613550808655,0.0006060043180211448,0.0,2.2234070184126984,1.004806243268167,0.0026363707993554866,1.0026666297173576,0.0020303664813343418,0.0,0.23515808027794036,0.0,0.618257350308631,7.865711115015785,1.109944426715079,13.86571111501464,0.9068243400544136,6.865711115015974,0.9558131373419678,6.865711115015974,6.865711115015974,0.0,0.0,0.0,0.0,0.0,0.0,0.9977324945445993,0.001307235637763012,0.0,0.0,0.0,0.0,0.0,0.0,1.0026666297173576,0.0020303664813343418,0.002139613550808655,0.0006060043180211448
10.08206,0.0,2.218761,1.003062,0.002231621,0.0,2.2294459926531145,1.0057485305222549,0.0017802912067162971,0.0,2.2296285544417604,1.0065692752292486,0.0017811039370149518,1.0065692752292486,0.0017811039370149518,0.0,0.0,0.0,1.0065692752292486,0.0017811039370149518,0.0,0.0,0.0,2.2252623117680237,1.004790075661374,0.0019433485476756248,1.0065754724314295,0.0017811100737026892,0.0,0.19566783609060778,0.0,0.618257350308631,7.865711115015785,1.109944426715079,13.86571111501464,7.865711115015785,0.0,5.999999999998857,1.0,0.0,0.0,0.0,0.9977324945445993,0.001307235637763012,0.0,0.0,0.0,0.0,0.0,0.0,1.0065754724314295,0.0017811100737026892,0.0017853967700552117,0.00016223847397293603,0.0,2.2252623117680237,1.004790075661374,0.0019433485476756248,1.0065754724314295,0.0017811100737026892,0.0,0.19566783609060778,0.0,0.618257350308631,7.865711115015785,1.109944426715079,13.86571111501464,0.9068243400544136,6.865711115015974,0.9558131373419678,6.865711115015974,6.865711115015974,0.0,0.0,0.0,0.0,0.0,0.0,0.9977324945445993,0.001307235637763012,0.0,0.0,0.0,0.0,0.0,0.0,1.0065754724314295,0.0017811100737026892,0.0017853967700552117,0.00016223847397293603
10.094560000000001,0.0,2.220456,1.001542,0.001776678,0.0,2.231677525918568,1.0041203279610362,0.001778678903228289,0.0,2.231750882198481,1.0041662787915318,0.0017787244053580923,1.0041662787915318,0.0017787244053580923,0.0,0.0,0.0,1.0041662787915318,0.0017787244053580923,0.0,0.0,0.0,2.2272560321709998,1.0047134998134866,0.001791699529644986,1.004165420449625,0.001778723555397722,0.0,0.1696590921026838,0.0,0.618257350308631,7.865711115015785,1.109944426715079,13.86571111501464,7.865711115015785,0.0,5.999999999998857,1.0,0.0,0.0,0.0,0.9977324945445993,0.001307235637763012,0.0,0.0,0.0,0.0,0.0,0.0,1.004165420449625,0.001778723555397722,0.0005480793638612181,1.2975974247263562e-05,0.0,2.2272560321709998,1.0047134998134866,0.001791699529644986,1.004165420449625,0.001778723555397722,0.0,0.1696590921026838,0.0,0.618257350308631,7.865711115015785,1.109944426715079,13.86571111501464,0.9068243400544136,6.865711115015974,0.9558131373419678,6.865711115015974,6.865711115015974,0.0,0.0,0.0,0.0,0.0,0.0,0.9977324945445993,0.001307235637763012,0.0,0.0,0.0,0.0,0.0,0.0,1.004165420449625,0.001778723555397722,0.0005480793638612181,1.2975974247263562e-05
10.1145,0.0,2.222439,1.002461,0.001777588,0.0,2.2337905304683683,1.00609564696132,0.0017806349336325785,0.0,2.2339154971525867,1.0061288122643426,0.0017806677750830337,1.0061288122643426,0.0017806677750830337,0.0,0.0,0.0,1.0061288122643426,0.0017806677750830337,0.0,0.0,0.0,2.2293816915579567,1.0054957425016133,0.0017802419735377351,1.006127222436584,0.0017806662007796253,0.0,0.11278740622262924,0.0,0.618257350308631,7.865711115015785,1.109944426715079,13.86571111501464,7.865711115015785,0.0,5.999999999998857,1.0,0.0,0.0,0.0,0.9977324945445993,0.001307235637763012,0.0,0.0,0.0,0.0,0.0,0.0,1.006127222436584,0.0017806662007796253,0.000631479934970887,4.2422724188990105e-07,0.0,2.2293816915579567,1.0054957425016133,0.0017802419735377351,1.006127222436584,0.0017806662007796253,0.0,0.11278740622262924,0.0,0.618257350308631,7.865711115015785,1.109944426715079,13.86571111501464,0.9068243400544136,6.865711115015974,0.9558131373419678,6.865711115015974,6.865711115015974,0.0,0.0,0.0,0.0,0.0,0.0,0.9977324945445993,0.001307235637763012,0.0,0.0,0.0,0.0,0.0,0.0,1.006127222436584,0.0017806662007796253,0.000631479934970887,4.2422724188990105e-07
10.14039,0.0,2.224366,1.003417,0.001778535,0.0,2.236054373323889,1.008398623443539,0.0017829154220088542,0.0,2.2361943380275884,1.0074477985568704,0.0017819738817375303,1.0074477985568704,0.0017819738817375303,0.0,0.0,0.0,1.0074477985568704,0.0017819738817375303,0.0,0.0,0.0,2.2316241712790212,1.0071906773732686,0.00178172021232038,1.0076084411640773,0.0017821329557017238,0.0,0.09516522036758794,0.0,0.618257350308631,7.865711115015785,1.109944426715079,13.86571111501464,7.865711115015785,0.0,5.999999999998857,1.0,0.0,0.0,0.0,0.9977324945445993,0.001307235637763012,0.0,0.0,0.0,0.0,0.0,0.0,1.0076084411640773,0.0017821329557017238,0.0004177637908087319,4.127433813437855e-07,0.0,2.2316241712790212,1.0071906773732686,0.00178172021232038,1.0076084411640773,0.0017821329557017238,0.0,0.09516522036758794,0.0,0.618257350308631,7.865711115015785,1.109944426715079,13.86571111501464,0.9068243400544136,6.865711115015974,0.9558131373419678,6.865711115015974,6.865711115015974,0.0,0.0,0.0,0.0,0.0,0.0,0.9977324945445993,0.001307235637763012,0.0,0.0,0.0,0.0,0.0,0.0,1.0076084411640773,0.0017821329557017238,0.0004177637908087319,4.127433813437855e-07
10.173720000000001,0.0,2.22611,1.004375,0.001779484,0.0,2.238343134170267,1.0085043113729064,0.0017830200779166752,0.0,2.238434518658653,1.00871937006821,0.0017832330366067196,1.00871937006821,0.0017832330366067196,0.0,0.0,0.0,1.00871937006821,0.0017832330366067196,0.0,0.0,0.0,2.2338437476760604,1.008663706190741,0.001783177917253958,1.0086892490728583,0.0017832032097368793,0.0,0.07267449688784268,0.0,0.618257350308631,7.865711115015785,1.109944426715079,13.86571111501464,7.865711115015785,0.0,5.999999999998857,1.0,0.0,0.0,0.0,0.9977324945445993,0.001307235637763012,0.0,0.0,0.0,0.0,0.0,0.0,1.0086892490728583,0.0017832032097368793,2.554288211724972e-05,2.5292482920445803e-08,0.0,2.2338437476760604,1.008663706190741,0.001783177917253958,1.0086892490728583,0.0017832032097368793,0.0,0.07267449688784268,0.0,0.618257350308631,7.865711115015785,1.109944426715079,13.86571111501464,0.9068243400544136,6.865711115015974,0.9558131373419678,6.865711115015974,6.865711115015974,0.0,0.0,0.0,0.0,0.0,0.0,0.9977324945445993,0.001307235637763012,0.0,0.0,0.0,0.0,0.0,0.0,1.0086892490728583,0.0017832032097368793,2.554288211724972e-05,2.5292482920445803e-08
10.207059999999998,0.0,2.22754,1.006117,0.001781209,0.0,2.2396208358508325,1.0081634387315712,0.0017826825338286836,0.0,2.2396528160585563,1.0081469769860854,0.0017826662328288589,1.0081469769860854,0.0017826662328288589,0.0,0.0,0.0,1.0081469769860854,0.0017826662328288589,0.0,0.0,0.0,2.2349776819533975,1.0083193748388912,0.0017828369472569902,1.008146976986086,0.001782666232828859,0.0,0.028853237856808486,0.0,0.618257350308631,7.865711115015785,1.109944426715079,13.86571111501464,7.865711115015785,0.0,5.999999999998857,1.0,0.0,0.0,0.0,0.9977324945445993,0.001307235637763012,0.0,0.0,0.0,0.0,0.0,0.0,1.008146976986086,0.001782666232828859,0.0001723978528056309,1.707144281313969e-07,0.0,2.2349776819533975,1.0083193748388912,0.0017828369472569902,1.008146976986086,0.001782666232828859,0.0,0.028853237856808486,0.0,0.618257350308631,7.865711115015785,1.109944426715079,13.86571111501464,0.9068243400544136,6.865711115015974,0.9558131373419678,6.865711115015974,6.865711115015974,0.0,0.0,0.0,0.0,0.0,0.0,0.9977324945445993,0.001307235637763012,0.0,0.0,0.0,0.0,0.0,0.0,1.008146976986086,0.001782666232828859,0.0001723978528056309,1.707144281313969e-07
10.24039,0.0,2.22875,1.013476,0.004802829,0.0,2.240198534627429,1.0105430584515598,0.0026775660841889728,0.0,2.2401963359988026,1.0092784672817219,0.0026756877080502655,1.0092784672817219,0.0026756877080502655,0.0,0.0,0.0,1.0092784672817219,0.0026756877080502655,0.0,0.0,0.0,2.2360047565466585,1.0104171782008202,0.0027320449747977632,1.0089195322506759,0.002675154559461424,0.0,0.04264580016505802,0.0,0.618257350308631,7.865711115015785,1.109944426715079,13.86571111501464,7.865711115015785,0.0,5.999999999998857,1.0,0.0,0.0,0.0,0.9977324945445993,0.001307235637763012,0.0,0.0,0.0,0.0,0.0,0.0,1.0089195322506759,0.002675154559461424,0.0014976459501442195,5.689041533633943e-05,0.0,2.2360047565466585,1.0104171782008202,0.0027320449747977632,1.0089195322506759,0.002675154559461424,0.0,0.04264580016505802,0.0,0.618257350308631,7.865711115015785,1.109944426715079,13.86571111501464,0.9068243400544136,6.865711115015974,0.9558131373419678,6.865711115015974,6.865711115015974,0.0,0.0,0.0,0.0,0.0,0.0,0.9977324945445993,0.001307235637763012,0.0,0.0,0.0,0.0,0.0,0.0,1.0089195322506759,0.002675154559461424,0.0014976459501442195,5.689041533633943e-05
10.273719999999999,0.0,2.230337,1.009965,0.001485911,0.0,2.241717460875284,1.0056349507470523,-0.0009937239257600402,0.0,2.241763985464848,1.0058985399080131,-0.0009502597815415026,1.0058985399080131,-0.0009502597815415026,0.0,0.0,0.0,1.0058985399080131,-0.0009502597815415026,0.0,0.0,0.0,2.237502645705153,1.0066377752190214,-0.0007608530114281715,1.0060603916649455,-0.0009693670409919155,0.0,0.06854775330021412,0.0,0.618257350308631,7.865711115015785,1.109944426715079,13.86571111501464,7.865711115015785,0.0,5.999999999998857,1.0,0.0,0.0,0.0,0.9977324945445993,0.001307235637763012,0.0,0.0,0.0,0.0,0.0,0.0,1.0060603916649455,-0.0009693670409919155,0.000577383554076574,0.00020851402956374412,0.0,2.237502645705153,1.0066377752190214,-0.0007608530114281715,1.0060603916649455,-0.0009693670409919155,0.0,0.06854775330021412,0.0,0.618257350308631,7.865711115015785,1.109944426715079,13.86571111501464,0.9068243400544136,6.865711115015974,0.9558131373419678,6.865711115015974,6.865711115015974,0.0,0.0,0.0,0.0,0.0,0.0,0.9977324945445993,0.001307235637763012,0.0,0.0,0.0,0.0,0.0,0.0,1.0060603916649455,-0.0009693670409919155,0.000577383554076574,0.00020851402956374412
10.30706,0.0,2.23388,1.005408,-0.004381368,0.0,2.2450158143723553,1.0046359577608153,-0.005594484772831941,0.0,2.245298326729303,1.0046297507742714,-0.00561172502410686,1.0046297507742714,-0.00561172502410686,0.0,0.0,0.0,1.0046297507742714,-0.00561172502410686,0.0,0.0,0.0,2.240627420474204,1.0046422625532,-0.00506496032696046,1.0046246991641616,-0.005625756152904517,0.0,0.1009404236185821,0.0,0.618257350308631,7.865711115015785,1.109944426715079,13.86571111501464,7.865711115015785,0.0,5.999999999998857,1.0,0.0,0.0,0.0,0.9977324945445993,0.001307235637763012,0.0,0.0,0.0,0.0,0.0,0.0,1.0046246991641616,-0.005625756152904517,1.756338903812913e-05,0.000560795825944057,0.0,2.240627420474204,1.0046422625532,-0.00506496032696046,1.0046246991641616,-0.005625756152904517,0.0,0.1009404236185821,0.0,0.618257350308631,7.865711115015785,1.109944426715079,13.86571111501464,0.9068243400544136,6.865711115015974,0.9558131373419678,6.865711115015974,6.865711115015974,0.0,0.0,0.0,0.0,0.0,0.0,0.9977324945445993,0.001307235637763012,0.0,0.0,0.0,0.0,0.0,0.0,1.0046246991641616,-0.005625756152904517,1.756338903812913e-05,0.000560795825944057
10.340390000000001,0.0,2.238353,1.002241,-0.007553545,0.0,2.248886015636049,1.0035889286952113,-0.0074008129066716315,0.0,2.2491179923672284,0.9988501431657898,-0.008906863258606644,0.9988501431657898,-0.008906863258606644,0.0,0.0,0.0,0.9988501431657898,-0.008906863258606644,0.0,0.0,0.0,2.2444888850447704,1.002189320883224,-0.0076723862008433496,0.9990738596980138,-0.008896442144456736,0.0,0.12205911083356909,0.0,0.618257350308631,7.865711115015785,1.109944426715079,13.86571111501464,7.865711115015785,0.0,5.999999999998857,1.0,0.0,0.0,0.0,0.9977324945445993,0.001307235637763012,0.0,0.0,0.0,0.0,0.0,0.0,0.9990738596980138,-0.008896442144456736,0.003115461185210224,0.001224055943613386,0.0,2.2444888850447704,1.002189320883224,-0.0076723862008433496,0.9990738596980138,-0.008896442144456736,0.0,0.12205911083356909,0.0,0.618257350308631,7.865711115015785,1.109944426715079,13.86571111501464,0.9068243400544136,6.865711115015974,0.9558131373419678,6.865711115015974,6.865711115015974,0.0,0.0,0.0,0.0,0.0,0.0,0.9977324945445993,0.001307235637763012,0.0,0.0,0.0,0.0,0.0,0.0,0.9990738596980138,-0.008896442144456736,0.003115461185210224,0.001224055943613386
10.373719999999999,0.0,2.242411,1.000682,-0.01037397,0.0,2.252493110128955,0.9973076245054502,-0.011619016999908024,0.0,2.252729640432023,0.9982594868797962,-0.011494256084010558,0.9982594868797962,-0.011494256084010558,0.0,0.0,0.0,0.9982594868797962,-0.011494256084010558,0.0,0.0,0.0,2.248135106343974,0.9979831398987645,-0.011316094172815263,0.9990808229814827,-0.011386603289795983,0.0,0.11298391175999775,0.0,0.618257350308631,7.865711115015785,1.109944426715079,13.86571111501464,7.865711115015785,0.0,5.999999999998857,1.0,0.0,0.0,0.0,0.9977324945445993,0.001307235637763012,0.0,0.0,0.0,0.0,0.0,0.0,0.9990808229814827,-0.011386603289795983,0.0010976830827180975,7.050911698072498e-05,0.0,2.248135106343974,0.9979831398987645,-0.011316094172815263,0.9990808229814827,-0.011386603289795983,0.0,0.11298391175999775,0.0,0.618257350308631,7.865711115015785,1.109944426715079,13.86571111501464,0.9068243400544136,6.865711115015974,0.9558131373419678,6.865711115015974,6.865711115015974,0.0,0.0,0.0,0.0,0.0,0.0,0.9977324945445993,0.001307235637763012,0.0,0.0,0.0,0.0,0.0,0.0,0.9990808229814827,-0.011386603289795983,0.0010976830827180975,7.050911698072498e-05
10.40706,0.0,2.243228,0.9833891,-0.01378892,0.0,2.2518795129690803,0.9807780087806945,-0.014899678164959969,0.0,2.2517791986550386,0.9807741652143613,-0.014892024338184784,0.9807741652143613,-0.014892024338184784,0.0,0.0,0.0,0.9807741652143613,-0.014892024338184784,0.0,0.0,0.0,2.2476233762094697,0.9815032786772953,-0.014628675095612135,0.9807704739346085,-0.01488467376495165,0.0,0.051198050685014374,0.0,0.618257350308631,7.865711115015785,1.109944426715079,13.86571111501464,7.865711115015785,0.0,5.999999999998857,1.0,0.0,0.0,0.0,0.9977324945445993,0.001307235637763012,0.0,0.0,0.0,0.0,0.0,0.0,0.9807704739346085,-0.01488467376495165,0.0007328047426867851,0.0002559986693395138,0.0,2.2476233762094697,0.9815032786772953,-0.014628675095612135,0.9807704739346085,-0.01488467376495165,0.0,0.051198050685014374,0.0,0.618257350308631,7.865711115015785,1.109944426715079,13.86571111501464,0.9068243400544136,6.865711115015974,0.9558131373419678,6.865711115015974,6.865711115015974,0.0,0.0,0.0,0.0,0.0,0.0,0.9977324945445993,0.001307235637763012,0.0,0.0,0.0,0.0,0.0,0.0,0.9807704739346085,-0.01488467376495165,0.0007328047426867851,0.0002559986693395138
10.440389999999999,0.0,2.240833,0.9717356,-0.01777782,0.0,2.249601376958793,0.9708018791027802,-0.018210523157941163,0.0,2.249465571645018,0.9674920589064313,-0.01880487672721209,0.9674920589064313,-0.01880487672721209,0.0,0.0,0.0,0.9674920589064313,-0.01880487672721209,0.0,0.0,0.0,2.2454512322578046,0.9704676475538183,-0.018002390905625096,0.9676883063871885,-0.0187476025569012,0.0,0.05604656961275619,0.0,0.618257350308631,7.865711115015785,1.109944426715079,13.86571111501464,7.865711115015785,0.0,5.999999999998857,1.0,0.0,0.0,0.0,0.9977324945445993,0.001307235637763012,0.0,0.0,0.0,0.0,0.0,0.0,0.9676883063871885,-0.0187476025569012,0.0027793411666298022,0.0007452116512761083,0.0,2.2454512322578046,0.9704676475538183,-0.018002390905625096,0.9676883063871885,-0.0187476025569012,0.0,0.05604656961275619,0.0,0.618257350308631,7.865711115015785,1.109944426715079,13.86571111501464,0.9068243400544136,6.865711115015974,0.9558131373419678,6.865711115015974,6.865711115015974,0.0,0.0,0.0,0.0,0.0,0.0,0.9977324945445993,0.001307235637763012,0.0,0.0,0.0,0.0,0.0,0.0,0.9676883063871885,-0.0187476025569012,0.0027793411666298022,0.0007452116512761083
10.47246,0.0,2.238259,0.9623932,-0.02018271,0.0,2.2467617339558297,0.9464505794920038,-0.021634217360880722,0.0,2.246115928877673,0.9461168322729919,-0.021338395161727555,0.9461168322729919,-0.021338395161727555,0.0,0.0,0.0,0.9461168322729919,-0.021338395161727555,0.0,0.0,0.0,2.2427086812234722,0.9525338894122123,-0.021093283006612704,0.9469713589288492,-0.020990730451965967,0.0,0.09622006537643381,0.0,0.618257350308631,7.865711115015785,1.109944426715079,13.86571111501464,7.865711115015785,0.0,5.999999999998857,1.0,0.0,0.0,0.0,0.9977324945445993,0.001307235637763012,0.0,0.0,0.0,0.0,0.0,0.0,0.9469713589288492,-0.020990730451965967,0.005562530483363074,0.00010684722000477783,0.0,2.2427086812234722,0.9525338894122123,-0.021093283006612704,0.9469713589288492,-0.020990730451965967,0.0,0.09622006537643381,0.0,0.618257350308631,7.865711115015785,1.109944426715079,13.86571111501464,0.9068243400544136,6.865711115015974,0.9558131373419678,6.865711115015974,6.865711115015974,0.0,0.0,0.0,0.0,0.0,0.0,0.9977324945445993,0.001307235637763012,0.0,0.0,0.0,0.0,0.0,0.0,0.9469713589288492,-0.020990730451965967,0.005562530483363074,0.00010684722000477783
10.5,0.0,2.232766,0.9373364,-0.02327403,0.0,2.238658844031038,0.9333964010197089,-0.02377342671183939,0.0,2.238017593731291,0.9280885128280609,-0.02439594723072746,0.9280885128280609,-0.02439594723072746,0.0,0.0,0.0,0.9280885128280609,-0.02439594723072746,0.0,0.0,0.0,2.235073577875528,0.9327514414485091,-0.02376933256160104,0.9275740725510822,-0.02447486727922912,0.0,0.2694145496750764,0.0,0.618257350308631,7.865711115015785,1.109944426715079,13.86571111501464,7.865711115015785,0.0,5.999999999998857,1.0,0.0,0.0,0.0,0.9977324945445993,0.001307235637763012,0.0,0.0,0.0,0.0,0.0,0.0,0.9275740725510822,-0.02447486727922912,0.005177368897426926,0.0007055347176280792,0.0,2.235073577875528,0.9327514414485091,-0.02376933256160104,0.9275740725510822,-0.02447486727922912,0.0,0.2694145496750764,0.0,0.618257350308631,7.865711115015785,1.109944426715079,13.86571111501464,0.9068243400544136,6.865711115015974,0.9558131373419678,6.865711115015974,6.865711115015974,0.0,0.0,0.0,0.0,0.0,0.0,0.9977324945445993,0.001307235637763012,0.0,0.0,0.0,0.0,0.0,0.0,0.9275740725510822,-0.02447486727922912,0.005177368897426926,0.0007055347176280792
10.50032,0.02108125,2.232666,0.9372786,-0.02319673,0.021120000000084696,2.2385705237682028,0.9326858407105706,-0.023965260142730017,0.02111999999989304,2.237909936067126,0.9275333302038694,-0.024481117544151977,0.9275333302038694,-0.024481117544151977,0.0,0.0,0.0,0.9275333302038694,-0.024481117544151977,0.0,0.0,0.021120000000038074,2.235015294580487,0.9324388070454019,-0.02381181097411262,0.9277871181151894,-0.024442184056307405,0.0,0.26667130857825544,0.0,0.618257350308631,7.865711115015785,1.109944426715079,13.86571111501464,7.865711115015785,0.0,5.999999999998857,1.0,0.0,0.0,0.0,0.9977324945445993,0.001307235637763012,0.0,0.0,0.0,0.0,0.0,0.0,0.9277871181151894,-0.024442184056307405,0.004651688930212504,0.00063037308219479,0.021120000000038074,2.235015294580487,0.9324388070454019,-0.02381181097411262,0.9277871181151894,-0.024442184056307405,0.0,0.26667130857825544,0.0,0.618257350308631,7.865711115015785,1.109944426715079,13.86571111501464,0.9068243400544136,6.865711115015974,0.9558131373419678,6.865711115015974,6.865711115015974,0.0,0.0,0.0,0.0,0.0,0.0,0.9977324945445993,0.001307235637763012,0.0,0.0,0.0,0.0,0.0,0.0,0.9277871181151894,-0.024442184056307405,0.004651688930212504,0.00063037308219479
10.50116,0.07681701,2.2324,0.9371256,-0.02299236,0.0765599999999909,2.2383264801848934,0.9305654459168461,-0.024257177147420098,0.07656000000036756,2.237629656418674,0.9276831775682843,-0.024458129528250636,0.9276831775682843,-0.024458129528250636,0.0,0.0,0.0,0.9276831775682843,-0.024458129528250636,0.0,0.0,0.07656000000010028,2.2348302927427763,0.93177688692542,-0.023900675353854362,0.9282815075611883,-0.024366339996650777,0.0,0.2629631232019212,0.0,0.618257350308631,7.865711115015785,1.109944426715079,13.86571111501464,7.865711115015785,0.0,5.999999999998857,1.0,0.0,0.0,0.0,0.9977324945445993,0.001307235637763012,0.0,0.0,0.0,0.0,0.0,0.0,0.9282815075611883,-0.024366339996650777,0.003495379364231677,0.00046566464279640916,0.07656000000010028,2.2348302927427763,0.93177688692542,-0.023900675353854362,0.9282815075611883,-0.024366339996650777,0.0,0.2629631232019212,0.0,0.618257350308631,7.865711115015785,1.109944426715079,13.86571111501464,0.9068243400544136,6.865711115015974,0.9558131373419678,6.865711115015974,6.865711115015974,0.0,0.0,0.0,0.0,0.0,0.0,0.9977324945445993,0.001307235637763012,0.0,0.0,0.0,0.0,0.0,0.0,0.9282815075611883,-0.024366339996650777,0.003495379364231677,0.00046566464279640916
10.50387,0.2551714,2.231522,0.9364517,-0.0224863,0.2554199999999244,2.2374475775495046,0.9277288670164251,-0.02445112033082844,0.25541999999974324,2.2367693746976545,0.9281299151573601,-0.024389595718253436,0.9281299151573601,-0.024389595718253436,0.0,0.0,0.0,0.9281299151573601,-0.024389595718253436,0.0,0.0,0.25542000000022397,2.2340035974899233,0.930389988321977,-0.0240840586118268,0.9285588274901905,-0.024323796472695277,0.0,0.27292238548353426,0.0,0.618257350308631,7.865711115015785,1.109944426715079,13.86571111501464,7.865711115015785,0.0,5.999999999998857,1.0,0.0,0.0,0.0,0.9977324945445993,0.001307235637763012,0.0,0.0,0.0,0.0,0.0,0.0,0.9285588274901905,-0.024323796472695277,0.0018311608317864991,0.00023973786086847998,0.25542000000022397,2.2340035974899233,0.930389988321977,-0.0240840586118268,0.9285588274901905,-0.024323796472695277,0.0,0.27292238548353426,0.0,0.618257350308631,7.865711115015785,1.109944426715079,13.86571111501464,0.9068243400544136,6.865711115015974,0.9558131373419678,6.865711115015974,6.865711115015974,0.0,0.0,0.0,0.0,0.0,0.0,0.9977324945445993,0.001307235637763012,0.0,0.0,0.0,0.0,0.0,0.0,0.9285588274901905,-0.024323796472695277,0.0018311608317864991,0.00023973786086847998
10.51022,0.6746,2.229436,0.9318292,-0.02373066,0.6745199999997844,2.235521521417886,0.9275461885824603,-0.024479144946150885,0.6745199999998397,2.2348589323888652,0.9209020838665228,-0.02604269136078272,0.9209020838665228,-0.02604269136078272,0.0,0.0,0.0,0.9209020838665228,-0.02604269136078272,0.0,0.0,0.674520000000156,2.232151666186671,0.9266372872430461,-0.024781593622042103,0.9210550406589659,-0.025997676333487554,0.0,0.277161619938846,0.0,0.618257350308631,7.865711115015785,1.109944426715079,13.86571111501464,7.865711115015785,0.0,5.999999999998857,1.0,0.0,0.0,0.0,0.9977324945445993,0.001307235637763012,0.0,0.0,0.0,0.0,0.0,0.0,0.9210550406589659,-0.025997676333487554,0.005582246584080143,0.0012160827114454512,0.674520000000156,2.232151666186671,0.9266372872430461,-0.024781593622042103,0.9210550406589659,-0.025997676333487554,0.0,0.277161619938846,0.0,0.618257350308631,7.865711115015785,1.109944426715079,13.86571111501464,0.9068243400544136,6.865711115015974,0.9558131373419678,6.865711115015974,6.865711115015974,0.0,0.0,0.0,0.0,0.0,0.0,0.9977324945445993,0.001307235637763012,0.0,0.0,0.0,0.0,0.0,0.0,0.9210550406589659,-0.025997676333487554,0.005582246584080143,0.0012160827114454512
10.51122,0.7406,2.229114,0.9310715,-0.02395022,0.7405199999998242,2.2352207948152705,0.9249012206985815,-0.024971735583971835,0.7405199999997367,2.234529494909433,0.921046897660953,-0.025990612649343662,0.921046897660953,-0.025990612649343662,0.0,0.0,0.0,0.921046897660953,-0.025990612649343662,0.0,0.0,0.740520000000168,2.2318816601777574,0.9257237970087914,-0.024976136650186005,0.9217611314810182,-0.025791987220061183,0.0,0.27640753688068426,0.0,0.618257350308631,7.865711115015785,1.109944426715079,13.86571111501464,7.865711115015785,0.0,5.999999999998857,1.0,0.0,0.0,0.0,0.9977324945445993,0.001307235637763012,0.0,0.0,0.0,0.0,0.0,0.0,0.9217611314810182,-0.025791987220061183,0.003962665527773148,0.0008158505698751789,0.740520000000168,2.2318816601777574,0.9257237970087914,-0.024976136650186005,0.9217611314810182,-0.025791987220061183,0.0,0.27640753688068426,0.0,0.618257350308631,7.865711115015785,1.109944426715079,13.86571111501464,0.9068243400544136,6.865711115015974,0.9558131373419678,6.865711115015974,6.865711115015974,0.0,0.0,0.0,0.0,0.0,0.0,0.9977324945445993,0.001307235637763012,0.0,0.0,0.0,0.0,0.0,0.0,0.9217611314810182,-0.025791987220061183,0.003962665527773148,0.0008158505698751789
10.512220000000001,0.8066,2.228793,0.9303138,-0.02416978,0.806520000000108,2.2349014111512986,0.9220407142479385,-0.025751961703463635,0.8065199999997552,2.2342096985825415,0.9214481799512731,-0.025876685518061406,0.9214481799512731,-0.025876685518061406,0.0,0.0,0.0,0.9214481799512731,-0.025876685518061406,0.0,0.0,0.8065200000003379,2.2315784649088775,0.9249861187507722,-0.025128522440947647,0.9222149655278936,-0.02566915998423904,0.0,0.2788970550943478,0.0,0.618257350308631,7.865711115015785,1.109944426715079,13.86571111501464,7.865711115015785,0.0,5.999999999998857,1.0,0.0,0.0,0.0,0.9977324945445993,0.001307235637763012,0.0,0.0,0.0,0.0,0.0,0.0,0.9222149655278936,-0.02566915998423904,0.0027711532228786168,0.0005406375432913899,0.8065200000003379,2.2315784649088775,0.9249861187507722,-0.025128522440947647,0.9222149655278936,-0.02566915998423904,0.0,0.2788970550943478,0.0,0.618257350308631,7.865711115015785,1.109944426715079,13.86571111501464,0.9068243400544136,6.865711115015974,0.9558131373419678,6.865711115015974,6.865711115015974,0.0,0.0,0.0,0.0,0.0,0.0,0.9977324945445993,0.001307235637763012,0.0,0.0,0.0,0.0,0.0,0.0,0.9222149655278936,-0.02566915998423904,0.0027711532228786168,0.0005406375432913899
10.513819999999999,0.9122,2.228284,0.9291015,-0.02452107,0.9121200000000751,2.23438083818763,0.9210323489677569,-0.025996530437113422,0.912119999999653,2.233713266713168,0.9215877530701831,-0.025838910960359465,0.9215877530701831,-0.025838910960359465,0.0,0.0,0.0,0.9215877530701831,-0.025838910960359465,0.0,0.0,0.912120000000217,2.2310121551860442,0.9241661431020415,-0.025293990266960067,0.9221645748882749,-0.02568279788341888,0.0,0.28958315549516567,0.0,0.618257350308631,7.865711115015785,1.109944426715079,13.86571111501464,7.865711115015785,0.0,5.999999999998857,1.0,0.0,0.0,0.0,0.9977324945445993,0.001307235637763012,0.0,0.0,0.0,0.0,0.0,0.0,0.9221645748882749,-0.02568279788341888,0.0020015682137666225,0.00038880761645880535,0.912120000000217,2.2310121551860442,0.9241661431020415,-0.025293990266960067,0.9221645748882749,-0.02568279788341888,0.0,0.28958315549516567,0.0,0.618257350308631,7.865711115015785,1.109944426715079,13.86571111501464,0.9068243400544136,6.865711115015974,0.9558131373419678,6.865711115015974,6.865711115015974,0.0,0.0,0.0,0.0,0.0,0.0,0.9977324945445993,0.001307235637763012,0.0,0.0,0.0,0.0,0.0,0.0,0.9221645748882749,-0.02568279788341888,0.0020015682137666225,0.00038880761645880535
10.51894,1.25012,2.226644,0.9263237,-0.02484052,1.2500400000002356,2.2328219198602164,0.9214221617459806,-0.025883727176260363,1.250040000000303,2.232212070285393,0.9178883584422978,-0.027121966733752202,0.9178883584422978,-0.027121966733752202,0.0,0.0,0.0,0.9178883584422978,-0.027121966733752202,0.0,0.0,1.2500399999997658,2.229323420273782,0.9216597911962101,-0.025919540648225117,0.913755360503533,-0.028389022902872745,0.0,0.303070005468614,0.0,0.618257350308631,7.865711115015785,1.109944426715079,13.86571111501464,7.865711115015785,0.0,5.999999999998857,1.0,0.0,0.0,0.0,0.9977324945445993,0.001307235637763012,0.0,0.0,0.0,0.0,0.0,0.0,0.913755360503533,-0.028389022902872745,0.00790443069267715,0.0024694822546476266,1.2500399999997658,2.229323420273782,0.9216597911962101,-0.025919540648225117,0.913755360503533,-0.028389022902872745,0.0,0.303070005468614,0.0,0.618257350308631,7.865711115015785,1.109944426715079,13.86571111501464,0.9068243400544136,6.865711115015974,0.9558131373419678,6.865711115015974,6.865711115015974,0.0,0.0,0.0,0.0,0.0,0.0,0.9977324945445993,0.001307235637763012,0.0,0.0,0.0,0.0,0.0,0.0,0.913755360503533,-0.028389022902872745,0.00790443069267715,0.0024694822546476266
10.53145,2.075458,2.222599,0.9188167,-0.02617137,2.075700000000143,1.681455881636628,0.0,1.0,2.0756999999996633,1.6607303445097634,0.003665925731417631,0.9978410120177758,0.003665925731417631,0.9978410120177758,0.0,0.0,0.0,0.003665925731417631,0.9978410120177758,0.0,0.0,2.0757000000001,1.8981739458697913,0.11786541843856928,0.8683278566728496,0.003665925731417773,0.9978410120177766,1.982540057990166,23.015533844265395,17.32156502677861,6.001036999999853,0.3577111150157394,6.001036999999853,0.3577111150157393,6.001036999999853,0.0,0.0,0.0,0.0,0.0,0.0,0.0038814754183143,0.9964005392635383,0.0,0.0,0.0,0.0,0.0,0.0,0.003665925731417773,0.9978410120177766,0.11419949270715152,0.12951315534492702,2.0757000000000074,1.8981732487244642,0.11801661659338411,0.8682369926899991,0.003665925731417645,0.9978410120177759,1.9911443690812596,23.013931400039763,16.736183468837638,6.001036999999853,0.3577111150157394,6.001036999999853,0.3577111150157393,5.838599999999777,0.8118785000001125,5.838599999999807,0.8118785000001125,5.838599999999777,0.0,3.019806626980426e-14,0.0,0.0,0.0,0.0,0.0038814754183143,0.9964005392635383,0.0,0.0,0.0,0.0,0.0,0.0,0.003665925731417645,0.9978410120177759,0.11435069086196642,0.12960401932777674
10.54703,3.104055,2.217766,0.9065447,-0.03002858,3.1039800000000017,1.0110947504762522,0.0021518506851673047,1.0008283512686231,3.103979999999876,0.9967546087366629,0.00215185068516748,1.000828351268622,0.00215185068516748,1.000828351268622,0.0,0.0,0.0,0.00215185068516748,1.000828351268622,0.0,0.0,3.1039799999998805,1.1955146745987153,0.007433422966138234,0.994452176540251,0.002151850685167442,1.0008283512686218,1.9825400579901327,39.60484579665171,17.321565026778355,6.001036999999853,0.3577111150157394,6.001036999999853,0.3577111150157393,6.001036999999853,4.145330031594741,0.0,0.0,7.2839061957758195,0.0,4.145330031594741,0.9437786008297366,0.003996484869402279,0.0,0.0,0.0,0.0,0.0,1.0,0.002151850685167442,1.0008283512686218,0.005281572280970793,0.006376174728371146,3.103980000000026,1.1955253623094135,0.0074321956648423365,0.9944515958114989,0.002151850685167331,1.000828351268623,1.9897932326103345,39.60344207746483,16.847080496220848,6.001036999999853,0.3577111150157394,6.001036999999853,0.3577111150157393,5.838599999999777,0.8118785000001125,5.838599999999807,0.8118785000001125,5.838599999999777,4.034754505155104,3.019806626980426e-14,0.0,7.286849581211793,0.0,4.034754505155104,0.9344596943082711,0.004655955631191357,0.0,0.0,0.0,0.0,0.0,1.0,0.002151850685167331,1.000828351268623,0.005280344979675006,0.006376755457124441
10.55,3.3,2.216888,0.9045834,-0.03049142,3.3,0.9102282681565622,0.002151850685167426,1.000828351268622,3.3,0.8969614523742301,0.002151850685167615,1.00082835126862,0.002151850685167615,1.00082835126862,0.0,0.0,0.0,0.002151850685167615,1.00082835126862,0.0,0.0,3.3,1.082033297211264,0.00500564196089302,0.9973831736890046,0.002151850685167426,1.000828351268622,1.982540057990126,39.23711579987098,17.32156502677829,6.001036999999853,0.3577111150157394,6.001036999999853,0.3577111150157393,6.001036999999853,4.998340624862582,0.0,0.0,8.784534051514731,0.0,4.998340624862582,0.9805035381997622,0.001755292726707877,0.0,0.0,0.0,0.0,0.0,1.0,0.002151850685167426,1.000828351268622,0.002853791275725594,0.003445177579617598,3.3,1.082059310888026,0.005007121085170644,0.9973803380188616,0.002151850685167426,1.000828351268622,1.989793232610328,39.23496251625605,16.84708049622079,6.001036999999853,0.3577111150157394,6.001036999999853,0.3577111150157393,5.838599999999777,0.8118785000001125,5.838599999999807,0.8118785000001125,5.838599999999777,4.863191562431092,3.019806626980426e-14,0.0,8.784799109530836,0.0,4.863191562431092,0.9747309350561009,0.001749576491882375,0.0,0.0,0.0,0.0,0.0,1.0,0.002151850685167426,1.000828351268622,0.002855270400003218,0.003448013249760629
10.5503,3.3,2.2168,0.9043872,-0.0305377,3.3,0.9005829318820114,0.002151850685167457,1.0008283512686216,3.3,0.8874113470036751,0.002151850685167426,1.000828351268622,0.002151850685167426,1.000828351268622,0.0,0.0,0.0,0.002151850685167426,1.000828351268622,0.0,0.0,3.3,1.0710823852933622,0.004841282002482422,0.997581593681567,0.002151850685167286,1.0008283512686236,1.9825400579901251,39.156752833517295,17.321565026778284,6.001036999999853,0.3577111150157394,6.001036999999853,0.3577111150157393,6.001036999999853,5.056089464421325,0.0,0.0,8.886225527667003,0.0,5.056089464421325,0.9801283823028875,0.0017549212341334977,0.0,0.0,0.0,0.0,0.0,1.0,0.002151850685167286,1.0008283512686236,0.0026894313173151376,0.0032467575870567087,3.3,1.0711040867193458,0.0048421263346950065,0.9975795850274048,0.0021518506851674383,1.0008283512686218,1.989793232610326,39.15495614313341,16.84708049622078,6.001036999999853,0.3577111150157394,6.001036999999853,0.3577111150157393,5.838599999999777,0.8118785000001125,5.838599999999807,0.8118785000001125,5.838599999999777,4.91955654690622,3.019806626980426e-14,0.0,8.886814136839504,0.0,4.91955654690622,0.9781817155482359,0.0017529935761913772,0.0,0.0,0.0,0.0,0.0,1.0,0.0021518506851674383,1.0008283512686218,0.002690275649527569,0.0032487662412172967
10.55059,3.3,2.216715,0.9041962,-0.03058278,3.3,0.8913159107073529,0.002151850685167513,1.000828351268621,3.3,0.8782515417336535,0.002151850685167426,1.000828351268622,0.002151850685167426,1.000828351268622,0.0,0.0,0.0,0.002151850685167426,1.000828351268622,0.0,0.0,3.3,1.0605799988783724,0.004691670590632741,0.9977622088113924,0.0021518506851673875,1.0008283512686225,1.982540057990125,39.07326320062474,17.32156502677828,6.001036999999853,0.3577111150157394,6.001036999999853,0.3577111150157393,6.001036999999853,5.108656315268783,0.0,0.0,8.978808821260875,0.0,5.108656315268783,0.9812344464371027,0.0017560164977720838,0.0,0.0,0.0,0.0,0.0,1.0,0.0021518506851673875,1.0008283512686225,0.002539819905465354,0.003066142457230261,3.3,1.0605833105238722,0.004690458872629146,0.9977627380551396,0.002151850685167504,1.0008283512686211,1.989793232610326,39.07274987579904,16.84708049622077,6.001036999999853,0.3577111150157394,6.001036999999853,0.3577111150157393,5.838599999999777,0.8118785000001125,5.838599999999807,0.8118785000001125,5.838599999999777,4.971368705293568,3.019806626980426e-14,0.0,8.98060323303131,0.0,4.971368705293568,0.9815601672754684,0.0017563390380114384,0.0,0.0,0.0,0.0,0.0,1.0,0.002151850685167504,1.0008283512686211,0.002538608187461641,0.0030656132134819717
10.55151,3.3,2.216441,0.903585,-0.03072702,3.3,0.8624603257885306,0.0021518506851673767,1.0008283512686225,3.3,0.8496943417007904,0.0017741067345808824,1.0016813567546914,0.0017741067345808824,1.0016813567546914,0.0,0.0,0.0,0.0017741067345808824,1.0016813567546914,0.0,0.0,3.3,1.0277133689456015,0.004243421897852602,0.9983362035652269,0.0018091107442353422,1.0018502830802316,1.982540057990124,38.777965370318974,17.32156502677827,6.001036999999853,0.3577111150157394,6.001036999999853,0.3577111150157393,6.001036999999853,5.219130021396621,0.0,0.0,9.173426943885923,0.0,5.219130021396621,0.9836695726350498,0.001758427845448475,0.0,0.0,0.0,0.0,0.0,0.0,0.0018091107442353422,1.0018502830802316,0.0024343111536172597,0.0035140795150047045,3.3,1.027738327392885,0.004233213165328172,0.9984019773048062,0.0017778408716426887,1.0016922573351303,1.989793232610325,38.77593028617259,16.84708049622076,6.001036999999853,0.3577111150157394,6.001036999999853,0.3577111150157393,5.838599999999777,0.8118785000001125,5.838599999999807,0.8118785000001125,5.838599999999777,5.056334723723186,3.019806626980426e-14,0.0,9.134446249024512,0.0,5.056334723723186,0.9822046808183033,0.001756977258008097,0.0,0.0,0.0,0.0,0.0,0.0,0.0017778408716426887,1.0016922573351303,0.0024553722936854843,0.003290280030323923
10.55447,3.3,2.215566,0.9016367,-0.03118644,3.3,0.7747063210095227,0.0018092921645107753,1.0018722428717504,3.3,0.7629864654814831,0.0017970282699503628,1.0017506917102394,0.0017970282699503628,1.0017506917102394,0.0,0.0,0.0,0.0017970282699503628,1.0017506917102394,0.0,0.0,3.3,0.9277406421293815,0.0031676279111109568,0.9998376386065004,0.0017965730961256809,1.0017469398806296,1.9825400579901213,37.50092029673519,17.321565026778245,6.001036999999853,0.3577111150157394,6.001036999999853,0.3577111150157393,6.001036999999853,5.2191300213966105,0.0,0.0,9.173426943885906,0.0,5.2191300213966105,0.9836695726350517,0.0017584278454484772,0.0,0.0,0.0,0.0,0.0,0.0,0.0017965730961256809,1.0017469398806296,0.0013710548149852757,0.0019093012741292791,3.3,0.9277532430316382,0.0031601018315693453,0.9998759767240233,0.0017965730961256507,1.0017469398806294,1.989793232610319,37.49984764749365,16.84708049622072,6.001036999999853,0.3577111150157394,6.001036999999853,0.3577111150157393,5.838599999999777,0.8118785000001125,5.838599999999807,0.8118785000001125,5.838599999999777,5.056334723723169,3.019806626980426e-14,0.0,9.134446249024485,0.0,5.056334723723169,0.9822046808183061,0.0017569772580080998,0.0,0.0,0.0,0.0,0.0,0.0,0.0017965730961256507,1.0017469398806294,0.001363528735443694,0.0018709631566060717
10.56395,3.3,2.212768,0.8954245,-0.03265149,3.3,0.5431124644392022,0.0016024752646372623,1.0011803353371427,3.3,0.5347472835488394,0.0016280749160972885,1.001255065068628,0.0016280749160972885,1.001255065068628,0.0,0.0,0.0,0.0016280749160972885,1.001255065068628,0.0,0.0,3.3,0.6835684138627183,0.38939229888190946,0.6106124041614556,0.001614182879021211,1.001214511852421,1.9825400579901005,29.24767141341777,17.321565026778096,6.001036999999853,0.3577111150157394,6.001036999999853,0.3577111150157393,6.001036999999853,5.219130021396572,0.0,0.0,9.173426943885826,1.380523056114179,6.599653077510751,0.993836573934458,0.0008842610414191893,0.4210324665257288,0.0,0.0,0.0,0.0,0.0,0.993836573934458,0.0008842610414191893,0.6044442750525486,0.6097281431200364,3.3,0.683615641703939,0.3904455408535138,0.6095415954827166,0.0016141828790213193,1.0012145118524218,1.9897932326103007,29.24260068718378,16.847080496220606,6.001036999999853,0.3577111150157394,6.001036999999853,0.3577111150157393,5.838599999999777,0.8118785000001125,5.838599999999807,0.8118785000001125,5.838599999999777,5.05633472372313,3.019806626980426e-14,0.0,9.134446249024416,1.4195037509755855,6.475838474698716,0.993836573934458,0.0008842610414191893,0.42173617515615747,0.0,0.0,0.0,0.0,0.0,0.993836573934458,0.0008842610414191893,0.6033910330809441,0.6086573344412974
10.59427,3.3,2.201903,0.8676885,-0.0370016,3.3,0.16236751566497043,0.001069602171858794,1.0008080024391983,3.3,0.15965782282800245,0.0010764929689703116,1.000751306800098,0.0010764929689703116,1.000751306800098,0.0,0.0,0.0,0.0010764929689703116,1.000751306800098,0.0,0.0,3.3,0.9290446738899656,0.16294320632326637,0.8376193512363294,0.0010685167370660161,1.0008711651014615,1.9825400579900423,2.1845255716646292,17.32156502677769,6.001036999999853,0.3577111150157394,6.001036999999853,0.3577111150157393,6.001036999999853,5.21913002139645,0.0,0.0,9.173426943885566,0.0,5.21913002139645,0.9836695726350811,0.001758427845448506,0.008214871433816407,0.0,0.0,0.0,0.0,0.0,0.0010685167370660161,1.0008711651014615,0.16187468958620035,0.16325181386513204,3.3,0.9227171043589765,0.1584015378994015,0.8421833472752615,0.0010667944684395606,1.0008970455164914,1.9897932326102394,2.4753183170932447,16.84708049621999,6.001036999999853,0.3577111150157394,6.001036999999853,0.3577111150157393,5.838599999999777,0.8118785000001125,5.838599999999807,0.8118785000001125,5.838599999999777,5.056334723722962,3.019806626980426e-14,0.0,9.134446249024064,0.0,5.056334723722962,0.982204680818344,0.0017569772580081375,0.007988653260593597,0.0,0.0,0.0,0.0,0.0,0.0010667944684395606,1.0008970455164914,0.15733474343096193,0.15871369824122997
10.62227,3.3,2.182366,0.813378,-0.03979538,3.3,0.051115276466184696,0.0008610597893866709,1.0030906260324448,3.3,0.05022822252231232,0.0008307323416405721,1.00295684849494,0.0008307323416405721,1.00295684849494,0.0,0.0,0.0,0.0008307323416405721,1.00295684849494,0.0,0.0,3.3,0.3413004522108706,0.0013967266455600378,1.0026008779034898,0.0008418592583777179,1.0030059304860655,1.9825400579899997,17.02299430823635,17.32156502677726,6.001036999999853,0.3577111150157394,6.001036999999853,0.3577111150157393,6.001036999999853,5.219130021396354,0.0,0.0,9.173426943885378,0.0,5.219130021396354,0.9836695726350988,0.0017584278454485234,2.6318545751168156e-05,0.0,0.0,0.0,0.0,0.0,0.0008418592583777179,1.0030059304860655,0.0005548673871823201,0.0004050525825752097,3.3,0.33823624024920884,0.0013801940616243197,1.0026136375587786,0.0008432754812957538,1.0030121775931777,1.9897932326101777,16.92357231945639,16.847080496219476,6.001036999999853,0.3577111150157394,6.001036999999853,0.3577111150157393,5.838599999999777,0.8118785000001125,5.838599999999807,0.8118785000001125,5.838599999999777,5.056334723722781,3.019806626980426e-14,0.0,9.134446249023789,0.0,5.056334723722781,0.982204680818377,0.0017569772580081704,2.554155139981619e-05,0.0,0.0,0.0,0.0,0.0,0.0008432754812957538,1.0030121775931777,0.0005369185803285663,0.00039854003439942256
10.650559999999999,3.3,2.1548,0.7793,-0.04359138,3.3,0.01610231251978238,0.0007664258413948476,1.002673185810218,3.3,0.0158198360036397,0.0007664258413948736,1.002673185810218,0.0007664258413948736,1.002673185810218,0.0,0.0,0.0,0.0007664258413948736,1.002673185810218,0.0,0.0,3.3,0.10921755928534438,0.0007742073628359743,1.0026993411112493,0.0007664258413948836,1.002673185810218,1.9825400579899526,7.055998043175771,17.321565026776828,6.001036999999853,0.3577111150157394,6.001036999999853,0.3577111150157393,6.001036999999853,5.219130021396236,0.0,0.0,9.173426943885202,0.0,5.219130021396236,0.9836695726351204,0.0017584278454485444,7.537510075013757e-08,0.0,0.0,0.0,0.0,0.0,0.0007664258413948836,1.002673185810218,7.781521441090705e-06,2.615530103112184e-05,3.3,0.10818299423461279,0.0007740157126032046,1.0026987956109212,0.0007664258424118582,1.0026731858147038,1.9897932326101146,6.99536388663187,16.847080496218908,6.001036999999853,0.3577111150157394,6.001036999999853,0.3577111150157393,5.838599999999777,0.8118785000001125,5.838599999999807,0.8118785000001125,5.838599999999777,5.056334723722614,3.019806626980426e-14,0.0,9.134446249023497,0.0,5.056334723722614,0.9822046808184075,0.0017569772580082006,7.264686330798402e-08,0.0,0.0,0.0,0.0,0.0,0.0007664258424118582,1.0026731858147038,7.589870191346414e-06,2.5609796217631532e-05
10.67235,3.3,2.133858,0.7521344,-0.04828335,3.3,0.006791148672885047,0.0006683928447710855,1.0022407520296917,3.3,0.0066762244051256515,0.0006438289680970862,1.0021323982057713,0.0006438289680970862,1.0021323982057713,0.0,0.0,0.0,0.0006438289680970862,1.0021323982057713,0.0,0.0,3.3,0.04479180956235217,0.0006879418316024237,1.0023268950806552,0.0006535180588447625,1.0021751377963801,1.9825400579899182,3.0363679059153643,17.32156502677671,6.001036999999853,0.3577111150157394,6.001036999999853,0.3577111150157393,6.001036999999853,5.219130021396154,0.0,0.0,9.173426943885067,0.0,5.219130021396154,0.9836695726351354,0.00175842784544856,8.263822765506948e-10,0.0,0.0,0.0,0.0,0.0,0.0006535180588447625,1.0021751377963801,3.442377275766124e-05,0.00015175728427498227,3.3,0.04437634472241826,0.0006870846158730044,1.002323116783979,0.0006551877548366408,1.0021825029996787,1.9897932326100716,3.0086007451275942,16.84708049621855,6.001036999999853,0.3577111150157394,6.001036999999853,0.3577111150157393,5.838599999999777,0.8118785000001125,5.838599999999807,0.8118785000001125,5.838599999999777,5.056334723722486,3.019806626980426e-14,0.0,9.134446249023293,0.0,5.056334723722486,0.9822046808184308,0.0017569772580082234,7.993923430902912e-10,0.0,0.0,0.0,0.0,0.0,0.0006551877548366408,1.0021825029996787,3.189686103636366e-05,0.00014061378430019452
10.7018,3.3,2.099211,0.6918263,-0.05196916,3.3,0.0023000157652723913,0.0005782714005874196,1.001843216932765,3.3,0.002263938576308134,0.000530262577461052,1.0016314450029231,0.000530262577461052,1.0016314450029231,0.0,0.0,0.0,0.000530262577461052,1.0016314450029231,0.0,0.0,3.3,0.013632521482151614,0.0005790321000725545,1.001846572257036,0.0005396995776635537,1.0016730725958247,1.982540057989872,0.9186651295796892,17.321565026776348,6.001036999999853,0.3577111150157394,6.001036999999853,0.3577111150157393,6.001036999999853,5.219130021396046,0.0,0.0,9.173426943884877,0.0,5.219130021396046,0.9836695726351553,0.001758427845448579,1.8503727263036834e-12,0.0,0.0,0.0,0.0,0.0,0.0005396995776635537,1.0016730725958247,3.9332522409000745e-05,0.00017349966121128736,3.3,0.013508094401886892,0.0005779568018372782,1.0018418290116133,0.000539814622503911,1.0016735800706238,1.9897932326100085,0.9100445691616221,16.84708049621799,6.001036999999853,0.3577111150157394,6.001036999999853,0.3577111150157393,5.838599999999777,0.8118785000001125,5.838599999999807,0.8118785000001125,5.838599999999777,5.056334723722325,3.019806626980426e-14,0.0,9.134446249023018,0.0,5.056334723722325,0.9822046808184601,0.0017569772580082522,1.7836775275620893e-12,0.0,0.0,0.0,0.0,0.0,0.000539814622503911,1.0016735800706238,3.814217933336725e-05,0.00016824894098945662
10.72848,3.3,2.056925,0.6349683,-0.05527975,3.3,0.0010009321372392494,0.0004653222043889006,1.0013449862390011,3.3,0.0009873527328785184,0.00046537873610296386,1.001345235606293,0.00046537873610296386,1.001345235606293,0.0,0.0,0.0,0.00046537873610296386,1.001345235606293,0.0,0.0,3.3,0.004796506802734821,0.0004750827123428341,1.0013880408575584,0.00046537873652750035,1.0013452356081658,1.9825400579898411,0.30877930678292015,17.321565026776025,6.001036999999853,0.3577111150157394,6.001036999999853,0.3577111150157393,6.001036999999853,5.219130021395946,0.0,0.0,9.173426943884706,0.0,5.219130021395946,0.9836695726351735,0.0017584278454485978,7.443610986340496e-15,0.0,0.0,0.0,0.0,0.0,0.00046537873652750035,1.0013452356081658,9.70397581533372e-06,4.280524939257748e-05,3.3,0.00475548054931312,0.00047492446704243505,1.0013873428210462,0.0004653787070221977,1.0013452354780146,1.9897932326099448,0.3059452108122683,16.847080496217544,6.001036999999853,0.3577111150157394,6.001036999999853,0.3577111150157393,5.838599999999777,0.8118785000001125,5.838599999999807,0.8118785000001125,5.838599999999777,5.0563347237221805,3.019806626980426e-14,0.0,9.134446249022755,0.0,5.0563347237221805,0.9822046808184866,0.0017569772580082786,7.176191521942807e-15,0.0,0.0,0.0,0.0,0.0,0.0004653787070221977,1.0013452354780146,9.5457600202373e-06,4.210734303178034e-05
10.75615,3.3,2.006905,0.5897812,-0.05778957,3.3,0.0005145401549219321,0.00035336108703051464,1.000851114064135,3.3,0.000508024525393688,0.00035229062043385317,1.000846392124245,0.00035229062043385317,1.000846392124245,0.0,0.0,0.0,0.00035229062043385317,1.000846392124245,0.0,0.0,3.3,0.0017418082459593526,0.00036854343771433265,1.0009180849976944,0.00035248594017857246,1.0008472537000255,1.9825400579898116,0.10075734120786173,17.321565026775776,6.001036999999853,0.3577111150157394,6.001036999999853,0.3577111150157393,6.001036999999853,5.219130021395844,0.0,0.0,9.17342694388453,0.0,5.219130021395844,0.9836695726351922,0.0017584278454486158,2.4710798038504955e-17,0.0,0.0,0.0,0.0,0.0,0.00035248594017857246,1.0008472537000255,1.6057497535760243e-05,7.083129766848785e-05,3.3,0.0017276841362141762,0.00036803884669274733,1.0009158591940257,0.00035255968955654826,1.0008475790162294,1.9897932326098835,0.09979879048099108,16.847080496216996,6.001036999999853,0.3577111150157394,6.001036999999853,0.3577111150157393,5.838599999999777,0.8118785000001125,5.838599999999807,0.8118785000001125,5.838599999999777,5.056334723722047,3.019806626980426e-14,0.0,9.134446249022472,0.0,5.056334723722047,0.982204680818511,0.001756977258008303,2.3443754544082506e-17,0.0,0.0,0.0,0.0,0.0,0.00035255968955654826,1.0008475790162294,1.547915713619902e-05,6.82801777965045e-05
10.76385,3.3,1.991831,0.5672286,-0.05906725,3.3,0.0004419783488800021,0.00031044959891502025,1.0006618270110723,3.3,0.00043604472524489643,0.0003180915771674482,1.0006955365747934,0.0003180915771674482,1.0006955365747934,0.0,0.0,0.0,0.0003180915771674482,1.0006955365747934,0.0,0.0,3.3,0.0013394647824646888,0.0003405352602665907,1.000794538003558,0.00031485836576637015,1.0006812745418292,1.982540057989802,0.07410083298436278,17.321565026775726,6.001036999999853,0.3577111150157394,6.001036999999853,0.3577111150157393,6.001036999999853,5.219130021395795,0.0,0.0,9.173426943884492,0.0,5.219130021395795,0.9836695726352012,0.001758427845448625,4.9839197056883465e-18,0.0,0.0,0.0,0.0,0.0,0.00031485836576637015,1.0006812745418292,2.567689450022053e-05,0.00011326346172913517,3.3,0.0013291090965536162,0.00033974643378919633,1.0007910584076267,0.000314602274534553,1.0006801448966753,1.9897932326098662,0.07340235733844362,16.847080496216844,6.001036999999853,0.3577111150157394,6.001036999999853,0.3577111150157393,5.838599999999777,0.8118785000001125,5.838599999999807,0.8118785000001125,5.838599999999777,5.056334723721999,3.019806626980426e-14,0.0,9.134446249022387,0.0,5.056334723721999,0.9822046808185199,0.0017569772580083118,4.742086337474427e-18,0.0,0.0,0.0,0.0,0.0,0.000314602274534553,1.0006801448966753,2.5144159254643352e-05,0.00011091351095157497
10.78609,3.3,1.940784,0.5057848,-0.06328845,3.3,0.000297835666771844,0.00024060939941739223,1.000353754601357,3.3,0.00029369840544269077,0.00023938168609034422,1.0003483390297265,0.00023938168609034422,1.0003483390297265,0.0,0.0,0.0,0.00023938168609034422,1.0003483390297265,0.0,0.0,3.3,0.0006655060374951463,0.0002558732686236077,1.0004210851216289,0.00023959325748453515,1.0003492722932292,1.9825400579897707,0.03132027810768497,17.32156502677544,6.001036999999853,0.3577111150157394,6.001036999999853,0.3577111150157393,6.001036999999853,5.219130021395698,0.0,0.0,9.17342694388434,0.0,5.219130021395698,0.9836695726352187,0.0017584278454486424,5.0264812374868044e-20,0.0,0.0,0.0,0.0,0.0,0.00023959325748453515,1.0003492722932292,1.628001113907254e-05,7.181282839949032e-05,3.3,0.0006610912362142308,0.00025531213958948634,1.0004186099228884,0.00023966945544778682,1.0003496084103982,1.9897932326098189,0.03103750927136407,16.84708049621649,6.001036999999853,0.3577111150157394,6.001036999999853,0.3577111150157393,5.838599999999777,0.8118785000001125,5.838599999999807,0.8118785000001125,5.838599999999777,5.0563347237218865,3.019806626980426e-14,0.0,9.13444624902215,0.0,5.0563347237218865,0.9822046808185402,0.0017569772580083322,4.743379533494483e-20,0.0,0.0,0.0,0.0,0.0,0.00023966945544778682,1.0003496084103982,1.5642684141699455e-05,6.900151248956976e-05
10.80437,3.3,1.893474,0.467898,-0.06592631,3.3,0.0002192321309308295,0.00016539533522180906,1.0000219775135504,3.3,0.0002153788678095824,0.00016564309857434147,1.0000230704235589,0.00016564309857434147,1.0000230704235589,0.0,0.0,0.0,0.00016564309857434147,1.0000230704235589,0.0,0.0,3.3,0.0003991189977392999,0.00018733356989862368,1.0001237841511355,0.00016433220932061116,1.0000172879542335,1.9825400579897434,0.016188815715637052,17.321565026775133,6.001036999999853,0.3577111150157394,6.001036999999853,0.3577111150157393,6.001036999999853,5.219130021395642,0.0,0.0,9.173426943884225,0.0,5.219130021395642,0.9836695726352291,0.001758427845448652,1.1295278499942929e-21,0.0,0.0,0.0,0.0,0.0,0.00016433220932061116,1.0000172879542335,2.300136057801252e-05,0.00010649619690170932,3.3,0.000397004996452899,0.00018692257637717354,1.0001169364212417,0.0001639676794768924,1.0000156799750441,1.9897932326097791,0.016066006735393858,16.847080496216204,6.001036999999853,0.3577111150157394,6.001036999999853,0.3577111150157393,5.838599999999777,0.8118785000001125,5.838599999999807,0.8118785000001125,5.838599999999777,5.056334723721771,3.019806626980426e-14,0.0,9.134446249021977,0.0,5.056334723721771,0.9822046808185613,0.0017569772580083524,1.0852585482922131e-21,0.0,0.0,0.0,0.0,0.0,0.0001639676794768924,1.0000156799750441,2.2954896900281137e-05,0.00010125644619682947
10.8323,3.3,1.814816,0.4062658,-0.06885189,3.3,1.6012701744294372e-05,-0.0007474604019390327,1.0005718017659533,3.3,-2.4850047196721436e-05,-0.0013380511450480196,0.9998641339402761,-0.0013380511450480196,0.9998641339402761,0.0,0.0,0.0,-0.0013380511450480196,0.9998641339402761,0.0,0.0,3.3,0.00011853716230872136,-0.0004358502869833057,1.0010884669463265,-0.0011135027316373,1.0001331962128084,1.9825400579897032,0.011887401274326552,17.321565026774778,6.001036999999853,0.3577111150157394,6.001036999999853,0.3577111150157393,6.001036999999853,5.2191300213955225,0.0,0.0,9.173426943884023,0.0,5.2191300213955225,0.9836695726352511,0.001758427845448674,3.423197861202956e-24,0.0,0.0,0.0,0.0,0.0,-0.0011135027316373,1.0001331962128084,0.0006776524446539943,0.0009552707335183152,3.3,0.00011647605152458492,-0.00045273994530730364,1.0010621754153535,-0.0010820327755811034,1.0001709046862926,1.9897932326097112,0.011930040822439088,16.847080496215735,6.001036999999853,0.3577111150157394,6.001036999999853,0.3577111150157393,5.838599999999777,0.8118785000001125,5.838599999999807,0.8118785000001125,5.838599999999777,5.056334723721606,3.019806626980426e-14,0.0,9.134446249021682,0.0,5.056334723721606,0.9822046808185914,0.0017569772580083825,3.2714461750088738e-24,0.0,0.0,0.0,0.0,0.0,-0.0010820327755811034,1.0001709046862926,0.0006292928302737996,0.0008912707290610425
10.855609999999999,3.3,1.742235,0.3572083,-0.07109008,3.3,-0.0006259802307412774,-0.001271448962265931,1.003659643446877,3.3,-0.0006387595365079207,-0.001247803627645885,1.0040715695754592,-0.001247803627645885,1.0040715695754592,0.0,0.0,0.0,-0.001247803627645885,1.0040715695754592,0.0,0.0,3.3,-0.0005164183439291018,-0.0013956432605339024,1.0022077569941936,-0.0012510529834089358,1.0040149624450732,1.9825400579896655,0.026000786837980825,17.321565026774465,6.001036999999853,0.3577111150157394,6.001036999999853,0.3577111150157393,6.001036999999853,5.2191300213954275,0.0,0.0,9.173426943883857,0.0,5.2191300213954275,0.9836695726352686,0.0017584278454486916,2.83089874237351e-26,0.0,0.0,0.0,0.0,0.0,-0.0012510529834089358,1.0040149624450732,0.0001445902771249671,0.0018072054508793088,3.3,-0.0005197345981171622,-0.0013919287371037608,1.0022356336783236,-0.0012508765441575915,1.0040180361988982,1.9897932326096526,0.02597530267541673,16.847080496215327,6.001036999999853,0.3577111150157394,6.001036999999853,0.3577111150157393,5.838599999999777,0.8118785000001125,5.838599999999807,0.8118785000001125,5.838599999999777,5.056334723721478,3.019806626980426e-14,0.0,9.13444624902144,0.0,5.056334723721478,0.9822046808186147,0.0017569772580084055,2.672255356434434e-26,0.0,0.0,0.0,0.0,0.0,-0.0012508765441575915,1.0040180361988982,0.0001410521929461694,0.001782402520574647
10.88894,3.3,1.627089,0.2912374,-0.07084868,3.3,-0.0009084398352245857,-0.0014948618747385302,1.0029260709184165,3.3,-0.00091600254569625,-0.0014947701606288155,1.002926530642631,-0.0014947701606288155,1.002926530642631,0.0,0.0,0.0,-0.0014947701606288155,1.002926530642631,0.0,0.0,3.3,-0.000868695810032852,-0.001474928889986744,1.00302449393482,-0.0014947701606288042,1.002926530642631,1.9825400579896235,0.009300951786467084,17.32156502677403,6.001036999999853,0.3577111150157394,6.001036999999853,0.3577111150157393,6.001036999999853,5.219130021395306,0.0,0.0,9.173426943883584,0.0,5.219130021395306,0.9836695726352904,0.0017584278454487131,2.772089998106614e-29,0.0,0.0,0.0,0.0,0.0,-0.0014947701606288042,1.002926530642631,1.9841270642060207e-05,9.796329218947575e-05,3.3,-0.0008697411023746776,-0.0014752575503869797,1.0030228667638224,-0.0014947701890800015,1.002926530500017,1.989793232609571,0.00926961111659811,16.847080496214776,6.001036999999853,0.3577111150157394,6.001036999999853,0.3577111150157393,5.838599999999777,0.8118785000001125,5.838599999999807,0.8118785000001125,5.838599999999777,5.056334723721273,3.019806626980426e-14,0.0,9.134446249021119,0.0,5.056334723721273,0.9822046808186522,0.0017569772580084426,2.639638937179795e-29,0.0,0.0,0.0,0.0,0.0,-0.0014947701890800015,1.002926530500017,1.951263869302212e-05,9.633626380553043e-05
10.916220000000001,3.3,1.523493,0.2406947,-0.0716696,3.3,-0.0010930730892011672,-0.0017501760889026983,1.001646288267446,3.3,-0.0011004829908890614,-0.0017521955563456156,1.001636165527488,-0.0017521955563456156,1.001636165527488,0.0,0.0,0.0,-0.0017521955563456156,1.001636165527488,0.0,0.0,3.3,-0.001060092526844299,-0.00171582764603619,1.0018184571810527,-0.001751794037300966,1.0016381781733918,1.9825400579895938,0.007009185309021743,17.321565026773698,6.001036999999853,0.3577111150157394,6.001036999999853,0.3577111150157393,6.001036999999853,5.219130021395228,0.0,0.0,9.173426943883385,0.0,5.219130021395228,0.9836695726353051,0.0017584278454487276,9.968272336185771e-32,0.0,0.0,0.0,0.0,0.0,-0.001751794037300966,1.0016381781733918,3.59663912647764e-05,0.0001802790076608501,3.3,-0.0010609264433380776,-0.0017168262500357426,1.0018134517346253,-0.001751632635338886,1.0016389872134666,1.9897932326095096,0.007000932305564392,16.847080496214357,6.001036999999853,0.3577111150157394,6.001036999999853,0.3577111150157393,5.838599999999777,0.8118785000001125,5.838599999999807,0.8118785000001125,5.838599999999777,5.056334723721119,3.019806626980426e-14,0.0,9.134446249020847,0.0,5.056334723721119,0.9822046808186801,0.0017569772580084701,9.38070574044944e-32,0.0,0.0,0.0,0.0,0.0,-0.001751632635338886,1.0016389872134666,3.480638530314323e-05,0.00017446452115853095
10.949549999999999,3.3,1.387106,0.1812222,-0.07278696,3.3,-0.0013029838426302123,-0.002008860071585595,1.000349614385793,3.3,-0.0013093084056388148,-0.0020088174122075324,1.0003498282192924,-0.0020088174122075324,1.0003498282192924,0.0,0.0,0.0,-0.0020088174122075324,1.0003498282192924,0.0,0.0,3.3,-0.0012735207527693004,-0.0019911508959684215,1.0004383830211063,-0.0020088174122075055,1.0003498282192929,1.9825400579895438,0.006369646679353249,17.321565026773197,6.001036999999853,0.3577111150157394,6.001036999999853,0.3577111150157393,6.001036999999853,5.219130021395108,0.0,0.0,9.17342694388318,0.0,5.219130021395108,0.9836695726353271,0.0017584278454487495,9.824178924468278e-35,0.0,0.0,0.0,0.0,0.0,-0.0020088174122075055,1.0003498282192929,1.7666516239083765e-05,8.855480181386608e-05,3.3,-0.001274243385103007,-0.0019915855509362247,1.000436204278909,-0.0020088174023296605,1.0003498282688064,1.9897932326094379,0.006365661390341395,16.847080496213756,6.001036999999853,0.3577111150157394,6.001036999999853,0.3577111150157393,5.838599999999777,0.8118785000001125,5.838599999999807,0.8118785000001125,5.838599999999777,5.056334723720936,3.019806626980426e-14,0.0,9.134446249020503,0.0,5.056334723720936,0.9822046808187135,0.0017569772580085033,9.235594727549819e-35,0.0,0.0,0.0,0.0,0.0,-0.0020088174023296605,1.0003498282688064,1.723185139343541e-05,8.637601010241473e-05
10.98289,3.3,1.240467,0.1344181,-0.06623998,3.3,-0.001474323088574456,-0.0023204191467064744,1.0025072018066217,3.3,-0.0014827390411864204,-0.002300015491597374,1.002558505705298,-0.002300015491597374,1.002558505705298,0.0,0.0,0.0,-0.002300015491597374,1.002558505705298,0.0,0.0,3.3,-0.001450164231497358,-0.0022183077680313157,1.002738172661435,-0.002297643899708614,1.002564468946164,1.982540057989503,0.0051215962274541345,17.321565026772802,6.001036999999853,0.3577111150157394,6.001036999999853,0.3577111150157393,6.001036999999853,5.2191300213950145,0.0,0.0,9.173426943883007,0.0,5.2191300213950145,0.9836695726353439,0.001758427845448766,9.905174325902097e-38,0.0,0.0,0.0,0.0,0.0,-0.002297643899708614,1.002564468946164,7.933613167729834e-05,0.00017370371527111817,3.3,-0.0014507996447534358,-0.0022200915316206034,1.0027344611063416,-0.002293529216242885,1.0025748150975018,1.9897932326093586,0.005126468816962281,16.847080496213167,6.001036999999853,0.3577111150157394,6.001036999999853,0.3577111150157393,5.838599999999777,0.8118785000001125,5.838599999999807,0.8118785000001125,5.838599999999777,5.056334723720755,3.019806626980426e-14,0.0,9.134446249020197,0.0,5.056334723720755,0.9822046808187467,0.0017569772580085363,9.362248703135409e-38,0.0,0.0,0.0,0.0,0.0,-0.002293529216242885,1.0025748150975018,7.343768462228108e-05,0.00015964600883900236
11.01622,3.3,1.091617,0.1038771,-0.0613639,3.3,-0.001686280740904488,-0.002587880074806507,1.0018346856186253,3.3,-0.0016939468059340259,-0.0025901757595855456,1.001828913242124,-0.0025901757595855456,1.001828913242124,0.0,0.0,0.0,-0.0025901757595855456,1.001828913242124,0.0,0.0,3.3,-0.0016545310599323183,-0.0025488334468307446,1.0019328398449687,-0.002589719321843857,1.001830060930395,1.9825400579894548,0.006351635222554353,17.321565026772397,6.001036999999853,0.3577111150157394,6.001036999999853,0.3577111150157393,6.001036999999853,5.219130021394898,0.0,0.0,9.173426943882774,0.0,5.219130021394898,0.9836695726353655,0.0017584278454487875,1.015374215140001e-40,0.0,0.0,0.0,0.0,0.0,-0.002589719321843857,1.001830060930395,4.088587501311237e-05,0.00010277891457351483,3.3,-0.0016552862522673146,-0.002549968635418963,1.0019299865673938,-0.002589535843754689,1.0018305222762296,1.9897932326092886,0.006355077087354168,16.847080496212556,6.001036999999853,0.3577111150157394,6.001036999999853,0.3577111150157393,5.838599999999777,0.8118785000001125,5.838599999999807,0.8118785000001125,5.838599999999777,5.0563347237205605,3.019806626980426e-14,0.0,9.134446249019858,0.0,5.0563347237205605,0.982204680818782,0.0017569772580085712,9.484760066126703e-41,0.0,0.0,0.0,0.0,0.0,-0.002589535843754689,1.0018305222762296,3.956720833572649e-05,9.946429116407155e-05
11.04955,3.3,0.9391716,0.05635476,-0.05598153,3.3,-0.0019123477709884575,-0.0028819461581991454,1.0010952721916742,3.3,-0.0019193386450879334,-0.0028818976639857757,1.001095394127778,-0.0028818976639857757,1.001095394127778,0.0,0.0,0.0,-0.0028818976639857757,1.001095394127778,0.0,0.0,3.3,-0.0018800436722286333,-0.002861814768985709,1.0011458914662832,-0.00288189766398575,1.001095394127778,1.982540057989404,0.006831353451017196,17.321565026771996,6.001036999999853,0.3577111150157394,6.001036999999853,0.3577111150157393,6.001036999999853,5.219130021394786,0.0,0.0,9.173426943882541,0.0,5.219130021394786,0.9836695726353861,0.0017584278454488085,1.0006967735621882e-43,0.0,0.0,0.0,0.0,0.0,-0.00288189766398575,1.001095394127778,2.0082895000041176e-05,5.0497338504876325e-05,3.3,-0.00188081154118338,-0.0028623088748916292,1.0011446490645308,-0.0028818976527568464,1.0010953941560128,1.9897932326092105,0.006830030384261128,16.847080496212016,6.001036999999853,0.3577111150157394,6.001036999999853,0.3577111150157393,5.838599999999777,0.8118785000001125,5.838599999999807,0.8118785000001125,5.838599999999777,5.05633472372037,3.019806626980426e-14,0.0,9.134446249019533,0.0,5.05633472372037,0.9822046808188166,0.0017569772580086052,9.33803942708344e-44,0.0,0.0,0.0,0.0,0.0,-0.0028818976527568464,1.0010953941560128,1.9588777865216835e-05,4.925490851816434e-05
11.07724,3.3,0.821414,0.06123306,-0.05640759,3.3,-0.0021057481931272045,-0.0031735580723153754,1.00036202964201,3.3,-0.0021135965333617364,-0.0031740762913255185,1.000360726608046,-0.0031740762913255185,1.000360726608046,0.0,0.0,0.0,-0.0031740762913255185,1.000360726608046,0.0,0.0,3.3,-0.0020719906044732073,-0.003140975601799266,1.0004439565200771,-0.0031740762793619403,1.0003607266381278,1.9825400579893706,0.006966370345348955,17.32156502677177,6.001036999999853,0.3577111150157394,6.001036999999853,0.3577111150157393,6.001036999999853,5.219130021394714,0.0,0.0,9.173426943882372,0.0,5.219130021394714,0.9836695726353991,0.0017584278454488213,3.309016658423424e-46,0.0,0.0,0.0,0.0,0.0,-0.0031740762793619403,1.0003607266381278,3.310067756267447e-05,8.322988194890686e-05,3.3,-0.0020727790093587,-0.0031416268726146743,1.0004423189344722,-0.003174000029786282,1.0003609183636044,1.9897932326091416,0.006965449719717347,16.84708049621152,6.001036999999853,0.3577111150157394,6.001036999999853,0.3577111150157393,5.838599999999777,0.8118785000001125,5.838599999999807,0.8118785000001125,5.838599999999777,5.056334723720214,3.019806626980426e-14,0.0,9.13444624901929,0.0,5.056334723720214,0.9822046808188453,0.0017569772580086343,3.100695287081945e-46,0.0,0.0,0.0,0.0,0.0,-0.003174000029786282,1.0003609183636044,3.2373157171607865e-05,8.140057086726638e-05
11.09904,3.3,0.7398012,0.0460701,-0.05032026,3.3,-0.0022603181494638097,-0.0033859118393786635,1.0014796316771934,3.3,-0.002267945764906809,-0.003385786114103846,1.001476966240105,-0.003385786114103846,1.001476966240105,0.0,0.0,0.0,-0.003385786114103846,1.001476966240105,0.0,0.0,3.3,-0.0022253240076247787,-0.003360091248283594,1.0012117053377765,-0.003385786114103832,1.0014769662401046,1.982540057989333,0.007096962122155724,17.321565026771573,6.001036999999853,0.3577111150157394,6.001036999999853,0.3577111150157393,6.001036999999853,5.219130021394635,0.0,0.0,9.173426943882182,0.0,5.219130021394635,0.9836695726354135,0.0017584278454488354,3.556489896444395e-48,0.0,0.0,0.0,0.0,0.0,-0.003385786114103832,1.0014769662401046,2.569486582023812e-05,0.0002652609023279391,3.3,-0.002226107380749579,-0.003360518123009468,1.0012104376543223,-0.0033857861445209555,1.0014769668849621,1.9897932326090857,0.007095128918104765,16.847080496211156,6.001036999999853,0.3577111150157394,6.001036999999853,0.3577111150157393,5.838599999999777,0.8118785000001125,5.838599999999807,0.8118785000001125,5.838599999999777,5.056334723720108,3.019806626980426e-14,0.0,9.134446249019074,0.0,5.056334723720108,0.9822046808188645,0.0017569772580086527,3.325888977427807e-48,0.0,0.0,0.0,0.0,0.0,-0.0033857861445209555,1.0014769668849621,2.5268021511487655e-05,0.000266529230639787
11.1195,3.3,0.6665402,0.04091361,-0.04738623,3.3,-0.0024427232676615313,-0.003705714130234557,1.0027910755458567,3.3,-0.002452363383500118,-0.003705634263841562,1.002791392433749,-0.003705634263841562,1.002791392433749,0.0,0.0,0.0,-0.003705634263841562,1.002791392433749,0.0,0.0,3.3,-0.0023991831465045694,-0.0036745715608072003,1.0028498160654473,-0.0037056342638415265,1.002791392433749,1.9825400579893069,0.008632809208107856,17.321565026771307,6.001036999999853,0.3577111150157394,6.001036999999853,0.3577111150157393,6.001036999999853,5.219130021394554,0.0,0.0,9.17342694388206,0.0,5.219130021394554,0.9836695726354284,0.0017584278454488504,5.137070726124131e-50,0.0,0.0,0.0,0.0,0.0,-0.0037056342638415265,1.002791392433749,3.1062703034325866e-05,5.842363169880776e-05,3.3,-0.00240023634510013,-0.0036753993653387707,1.0028491650435911,-0.0037056342463007512,1.002791392503346,1.9897932326090368,0.008640158929156051,16.847080496210747,6.001036999999853,0.3577111150157394,6.001036999999853,0.3577111150157393,5.838599999999777,0.8118785000001125,5.838599999999807,0.8118785000001125,5.838599999999777,5.056334723719987,3.019806626980426e-14,0.0,9.134446249018843,0.0,5.056334723719987,0.9822046808188867,0.001756977258008675,4.760032167262149e-50,0.0,0.0,0.0,0.0,0.0,-0.0037056342463007512,1.002791392503346,3.023488096197997e-05,5.777254024499677e-05
11.14232,3.3,0.5916869,0.03462302,-0.04335721,3.3,-0.002666151641613483,-0.00408090822385268,1.0013024085235158,3.3,-0.002680708366477245,-0.004185467703371673,1.0008875452522625,-0.004185467703371673,1.0008875452522625,0.0,0.0,0.0,-0.004185467703371673,1.0008875452522625,0.0,0.0,3.3,-0.0026219011951263598,-0.004010582994890635,1.0015808662372445,-0.004145168346584056,1.0010474420216733,1.9825400579892711,0.009734303932186631,17.32156502677101,6.001036999999853,0.3577111150157394,6.001036999999853,0.3577111150157393,6.001036999999853,5.219130021394452,0.0,0.0,9.173426943881935,0.0,5.219130021394452,0.983669572635447,0.001758427845448868,4.544439934772827e-52,0.0,0.0,0.0,0.0,0.0,-0.004145168346584056,1.0010474420216733,0.0001345853516934216,0.0005334242155719626,3.3,-0.0026231012064401884,-0.004013990227952195,1.0015673661231768,-0.004139034676445012,1.001071778738634,1.9897932326089867,0.009742211012757223,16.84708049621031,6.001036999999853,0.3577111150157394,6.001036999999853,0.3577111150157393,5.838599999999777,0.8118785000001125,5.838599999999807,0.8118785000001125,5.838599999999777,5.0563347237198615,3.019806626980426e-14,0.0,9.134446249018604,0.0,5.0563347237198615,0.9822046808189095,0.0017569772580086974,4.244931909791891e-52,0.0,0.0,0.0,0.0,0.0,-0.004139034676445012,1.001071778738634,0.00012504444849281696,0.000495587384542329
11.17186,3.3,0.5036873,0.02576598,-0.03982794,3.3,-0.00297298828243067,-0.004450461002724279,1.0026643929004784,3.3,-0.0029891578573346196,-0.004815683543801493,1.0035180318234354,-0.004815683543801493,1.0035180318234354,0.0,0.0,0.0,-0.004815683543801493,1.0035180318234354,0.0,0.0,3.3,-0.0029266415098407298,-0.004459021758959301,1.0023904413690183,-0.004727562836800744,1.0037164173559352,1.982540057989234,0.010296601987018181,17.32156502677067,6.001036999999853,0.3577111150157394,6.001036999999853,0.3577111150157393,6.001036999999853,5.219130021394333,0.0,0.0,9.173426943881735,0.0,5.219130021394333,0.9836695726354687,0.00175842784544889,9.992508056283889e-55,0.0,0.0,0.0,0.0,0.0,-0.004727562836800744,1.0037164173559352,0.000268541077841443,0.0013259759869168563,3.3,-0.0029279017689540798,-0.004465738933672342,1.0024549419741149,-0.00472567575610086,1.0037206657275404,1.989793232608931,0.010305184829479085,16.847080496209845,6.001036999999853,0.3577111150157394,6.001036999999853,0.3577111150157393,5.838599999999777,0.8118785000001125,5.838599999999807,0.8118785000001125,5.838599999999777,5.0563347237197105,3.019806626980426e-14,0.0,9.134446249018332,0.0,5.0563347237197105,0.9822046808189371,0.0017569772580087245,9.304140791924306e-55,0.0,0.0,0.0,0.0,0.0,-0.00472567575610086,1.0037206657275404,0.0002599368224285185,0.0012657237534261137
11.2052,3.3,0.4081264,0.00186776,-0.03399148,3.3,-0.0035405461638040392,-0.005649240962031636,1.0016414498268456,3.3,-0.0035650216386172904,-0.005679267061800968,1.0015738522780473,-0.005679267061800968,1.0015738522780473,0.0,0.0,0.0,-0.005679267061800968,1.0015738522780473,0.0,0.0,3.3,-0.003449742621343047,-0.00551036786731707,1.0019520937656745,-0.005675449603572837,1.0015824464951066,1.9825400579891932,0.017393094156772988,17.32156502677025,6.001036999999853,0.3577111150157394,6.001036999999853,0.3577111150157393,6.001036999999853,5.219130021394208,0.0,0.0,9.173426943881521,0.0,5.219130021394208,0.9836695726354918,0.0017584278454489126,1.035249573340649e-57,0.0,0.0,0.0,0.0,0.0,-0.005675449603572837,1.0015824464951066,0.0001650817362557661,0.0003696472705672662,3.3,-0.0034520361989243803,-0.005513595665101919,1.001944911549336,-0.005676567351696488,1.0015799301165589,1.9897932326088537,0.017425372279970902,16.84708049620923,6.001036999999853,0.3577111150157394,6.001036999999853,0.3577111150157393,5.838599999999777,0.8118785000001125,5.838599999999807,0.8118785000001125,5.838599999999777,5.056334723719518,3.019806626980426e-14,0.0,9.13444624901801,0.0,5.056334723719518,0.9822046808189723,0.0017569772580087594,9.629221308187057e-58,0.0,0.0,0.0,0.0,0.0,-0.005676567351696488,1.0015799301165589,0.0001629716865945685,0.0003649814327768288
11.238529999999999,3.3,0.3161287,-0.007808097,-0.02629705,3.3,-0.004272552350117571,-0.00672591329830838,1.001421904354305,3.3,-0.004298013111176772,-0.00672536780874387,1.0014265423797304,-0.00672536780874387,1.0014265423797304,0.0,0.0,0.0,-0.00672536780874387,1.0014265423797304,0.0,0.0,3.3,-0.004162604886632136,-0.006628796187349784,1.0015721729824838,-0.006725367806201334,1.0014265424013482,1.9825400579891461,0.022301203710786997,17.3215650267698,6.001036999999853,0.3577111150157394,6.001036999999853,0.3577111150157393,6.001036999999853,5.219130021394072,0.0,0.0,9.173426943881326,0.0,5.219130021394072,0.9836695726355167,0.001758427845448937,1.016276460640114e-60,0.0,0.0,0.0,0.0,0.0,-0.006725367806201334,1.0014265424013482,9.657161885154989e-05,0.00014563058113582853,3.3,-0.004165195380263987,-0.0066301395149091025,1.0015853799718821,-0.006725368080446118,1.0014265400695819,1.9897932326087828,0.022304804318129777,16.84708049620861,6.001036999999853,0.3577111150157394,6.001036999999853,0.3577111150157393,5.838599999999777,0.8118785000001125,5.838599999999807,0.8118785000001125,5.838599999999777,5.0563347237193135,3.019806626980426e-14,0.0,9.134446249017683,0.0,5.0563347237193135,0.9822046808190095,0.0017569772580087965,9.46133551845675e-61,0.0,0.0,0.0,0.0,0.0,-0.006725368080446118,1.0014265400695819,9.52285655370154e-05,0.00015883990229988016
11.26714,3.3,0.2433079,-0.02070681,-0.02110439,3.3,-0.005032553843111703,-0.00799206885690379,1.0015670140050597,3.3,-0.0050656678904204,-0.007997907646999978,1.0015968583888044,-0.007997907646999978,1.0015968583888044,0.0,0.0,0.0,-0.007997907646999978,1.0015968583888044,0.0,0.0,3.3,-0.0048960999552053385,-0.007834225097847368,1.0016492521693956,-0.007997907517590407,1.0015968577273406,1.9825400579891068,0.026460036661731266,17.32156502676946,6.001036999999853,0.3577111150157394,6.001036999999853,0.3577111150157393,6.001036999999853,5.219130021393991,0.0,0.0,9.173426943881111,0.0,5.219130021393991,0.9836695726355316,0.0017584278454489523,2.775100186675493e-63,0.0,0.0,0.0,0.0,0.0,-0.007997907517590407,1.0015968577273406,0.00016368241974303862,5.239444205514912e-05,3.3,-0.0048990756826895986,-0.007835238484913033,1.001630182046587,-0.007997033361073727,1.001592389564912,1.9897932326087215,0.026458244368640128,16.847080496208033,6.001036999999853,0.3577111150157394,6.001036999999853,0.3577111150157393,5.838599999999777,0.8118785000001125,5.838599999999807,0.8118785000001125,5.838599999999777,5.056334723719152,3.019806626980426e-14,0.0,9.134446249017412,0.0,5.056334723719152,0.982204680819039,0.0017569772580088255,2.5708308290421493e-63,0.0,0.0,0.0,0.0,0.0,-0.007997033361073727,1.001592389564912,0.00016179487616069452,3.7792481675069385e-05
11.275469999999999,3.3,0.2254047,-0.002727031,-0.02037551,3.3,-0.0053139479463636344,-0.00877284116487425,1.002394982854262,3.3,-0.005360732012620645,-0.008824039426887026,1.0021402749046384,-0.008824039426887026,1.0021402749046384,0.0,0.0,0.0,-0.008824039426887026,1.0021402749046384,0.0,0.0,3.3,-0.00515123824671381,-0.008434247584254182,1.0019327131610998,-0.00881722808717938,1.0021741608668355,1.9825400579890906,0.0291635818734401,17.3215650267694,6.001036999999853,0.3577111150157394,6.001036999999853,0.3577111150157393,6.001036999999853,5.219130021393964,0.0,0.0,9.173426943881058,0.0,5.219130021393964,0.9836695726355367,0.0017584278454489575,4.987203728897863e-64,0.0,0.0,0.0,0.0,0.0,-0.00881722808717938,1.0021741608668355,0.0003829805029251971,0.00024144770573579665,3.3,-0.0051551989056584065,-0.008445143212847612,1.0019682282813391,-0.008818259543196632,1.0021690294417258,1.9897932326087,0.02924683143431565,16.847080496207912,6.001036999999853,0.3577111150157394,6.001036999999853,0.3577111150157393,5.838599999999777,0.8118785000001125,5.838599999999807,0.8118785000001125,5.838599999999777,5.056334723719113,3.019806626980426e-14,0.0,9.13444624901733,0.0,5.056334723719113,0.9822046808190461,0.0017569772580088327,4.582013022056293e-64,0.0,0.0,0.0,0.0,0.0,-0.008818259543196632,1.0021690294417258,0.00037311633034902,0.00020080116038662346
11.28043,3.3,0.217369,0.007980664,-0.01983172,3.3,-0.005499771792046927,-0.00881722202409459,1.0021741910302793,3.3,-0.005538180347958713,-0.008817222024091118,1.002174191030297,-0.008817222024091118,1.002174191030297,0.0,0.0,0.0,-0.008817222024091118,1.002174191030297,0.0,0.0,3.3,-0.005332096298810572,-0.00868403217815053,1.0020901497591663,-0.008817222024090927,1.0021741910302975,1.982540057989081,0.032043512666653576,17.321565026769324,6.001036999999853,0.3577111150157394,6.001036999999853,0.3577111150157393,6.001036999999853,5.219130021393935,0.0,0.0,9.173426943881013,0.0,5.219130021393935,0.9836695726355418,0.0017584278454489625,1.7345777161371967e-64,0.0,0.0,0.0,0.0,0.0,-0.008817222024090927,1.0021741910302975,0.00013318984594039515,8.404127113103829e-05,3.3,-0.005336078189237588,-0.00868695577670971,1.0021040508127117,-0.008817221998164796,1.0021741911592783,1.989793232608688,0.03208730089040797,16.847080496207827,6.001036999999853,0.3577111150157394,6.001036999999853,0.3577111150157393,5.838599999999777,0.8118785000001125,5.838599999999807,0.8118785000001125,5.838599999999777,5.056334723719086,3.019806626980426e-14,0.0,9.134446249017289,0.0,5.056334723719086,0.9822046808190511,0.0017569772580088377,1.599796657921864e-64,0.0,0.0,0.0,0.0,0.0,-0.008817221998164796,1.0021741911592783,0.00013026622145508642,7.014034656638825e-05
11.29629,3.3,0.1957379,0.008774434,-0.01097445,3.3,-0.006182095317735347,-0.010107681298466637,1.001502632486744,3.3,-0.006231610175698938,-0.010119332071654464,1.0014846453215478,-0.010119332071654464,1.0014846453215478,0.0,0.0,0.0,-0.010119332071654464,1.0014846453215478,0.0,0.0,3.3,-0.005982083271089165,-0.009853913929558488,1.0015332033618705,-0.010116725571740912,1.0014886693930645,1.9825400579890624,0.039694052808941165,17.321565026769154,6.001036999999853,0.3577111150157394,6.001036999999853,0.3577111150157393,6.001036999999853,5.2191300213938785,0.0,0.0,9.173426943880914,0.0,5.2191300213938785,0.9836695726355522,0.0017584278454489718,6.635131070064646e-66,0.0,0.0,0.0,0.0,0.0,-0.010116725571740912,1.0014886693930645,0.00026281164218242226,4.4533968806231685e-05,3.3,-0.005987063127991849,-0.009860340085655058,1.0015462875095291,-0.010115598908916244,1.0014904088029748,1.9897932326086551,0.03973453056972613,16.847080496207543,6.001036999999853,0.3577111150157394,6.001036999999853,0.3577111150157393,5.838599999999777,0.8118785000001125,5.838599999999807,0.8118785000001125,5.838599999999777,5.05633472371899,3.019806626980426e-14,0.0,9.134446249017138,0.0,5.05633472371899,0.9822046808190684,0.0017569772580088552,6.094165695057916e-66,0.0,0.0,0.0,0.0,0.0,-0.010115598908916244,1.0014904088029748,0.00025525882326118645,5.5878706554444756e-05
11.30816,3.3,0.1806742,0.009041873,0.00138497,3.3,-0.0066979019737574055,-0.010740164706214885,1.0005261665169596,3.3,-0.006744589843581853,-0.01073988411792129,1.0005265997060624,-0.01073988411792129,1.0005265997060624,0.0,0.0,0.0,-0.01073988411792129,1.0005265997060624,0.0,0.0,3.3,-0.006495192067849444,-0.01056557618283025,1.000771526582807,-0.010739884092951,1.0005265997446129,1.982540057989042,0.04233433217839693,17.32156502676902,6.001036999999853,0.3577111150157394,6.001036999999853,0.3577111150157393,6.001036999999853,5.219130021393819,0.0,0.0,9.173426943880836,0.0,5.219130021393819,0.983669572635563,0.0017584278454489829,5.6554360107623656e-67,0.0,0.0,0.0,0.0,0.0,-0.010739884092951,1.0005265997446129,0.00017430791012074912,0.0002449268381934369,3.3,-0.006500328124182312,-0.01057127032924489,1.0007624154816432,-0.010739884790539877,1.0005265986676342,1.9897932326086316,0.04235946893007264,16.847080496207337,6.001036999999853,0.3577111150157394,6.001036999999853,0.3577111150157393,5.838599999999777,0.8118785000001125,5.838599999999807,0.8118785000001125,5.838599999999777,5.056334723718922,3.019806626980426e-14,0.0,9.134446249017016,0.0,5.056334723718922,0.982204680819081,0.0017569772580088672,5.136677001093686e-67,0.0,0.0,0.0,0.0,0.0,-0.010739884790539877,1.0005265986676342,0.00016861446129498147,0.00023581681400929253
11.32144,3.3,0.1648239,0.008816139,0.006694812,3.3,-0.0072663288049666834,-0.011388375064212222,1.003415636964254,3.3,-0.007315620790965467,-0.0120802593214181,1.0038221913447196,-0.0120802593214181,1.0038221913447196,0.0,0.0,0.0,-0.0120802593214181,1.0038221913447196,0.0,0.0,3.3,-0.007073834547329468,-0.011328508080937268,1.0030915712861381,-0.011941614552541347,1.0026855318813896,1.98254005798902,0.04325459588834031,17.32156502676881,6.001036999999853,0.3577111150157394,6.001036999999853,0.3577111150157393,6.001036999999853,5.219130021393757,0.0,0.0,9.173426943880736,0.0,5.219130021393757,0.9836695726355745,0.0017584278454489948,3.5330204523556873e-68,0.0,0.0,0.0,0.0,0.0,-0.011941614552541347,1.0026855318813896,0.0006131064716040801,0.000406039404748602,3.3,-0.007078813036238972,-0.011343390851520748,1.0030661817562645,-0.012136053575197642,1.0036373507487124,1.989793232608601,0.04325002191539149,16.84708049620706,6.001036999999853,0.3577111150157394,6.001036999999853,0.3577111150157393,5.838599999999777,0.8118785000001125,5.838599999999807,0.8118785000001125,5.838599999999777,5.056334723718845,3.019806626980426e-14,0.0,9.134446249016882,0.0,5.056334723718845,0.982204680819095,0.001756977258008881,3.2516350006762265e-68,0.0,0.0,0.0,0.0,0.0,-0.012136053575197642,1.0036373507487124,0.000792662723676895,0.0005789417227167939
11.33997,3.3,0.1425283,-0.0006718759,0.01175932,3.3,-0.008333778732772409,-0.013775291119461013,1.003531138323188,3.3,-0.008406068480452914,-0.013774810149756268,1.0035317749323296,-0.013774810149756268,1.0035317749323296,0.0,0.0,0.0,-0.013774810149756268,1.0035317749323296,0.0,0.0,3.3,-0.008038228818032657,-0.013475210370675462,1.00347204439106,-0.013775030114972721,1.003531483787448,1.9825400579889887,0.05429392020266877,17.32156502676861,6.001036999999853,0.3577111150157394,6.001036999999853,0.3577111150157393,6.001036999999853,5.219130021393681,0.0,0.0,9.173426943880601,0.0,5.219130021393681,0.9836695726355882,0.001758427845449008,7.629392609724247e-70,0.0,0.0,0.0,0.0,0.0,-0.013775030114972721,1.003531483787448,0.00029981974429726265,5.943939638769221e-05,3.3,-0.008044799784235022,-0.01347622837612944,1.0034807015759157,-0.013775142318010055,1.0035313352760582,1.9897932326085606,0.054321496086620576,16.847080496206686,6.001036999999853,0.3577111150157394,6.001036999999853,0.3577111150157393,5.838599999999777,0.8118785000001125,5.838599999999807,0.8118785000001125,5.838599999999777,5.05633472371874,3.019806626980426e-14,0.0,9.134446249016694,0.0,5.05633472371874,0.982204680819114,0.0017569772580089,7.120012020831643e-70,0.0,0.0,0.0,0.0,0.0,-0.013775142318010055,1.0035313352760582,0.00029891394188061375,5.063370014286836e-05
11.36186,3.3,0.1170028,-0.003657644,-0.004156315,3.3,-0.010238958353541668,-0.01682401560234099,1.0021347028396064,3.3,-0.010357561920549957,-0.018554404615788778,1.0020409571657594,-0.018554404615788778,1.0020409571657594,0.0,0.0,0.0,-0.018554404615788778,1.0020409571657594,0.0,0.0,3.3,-0.009858506865879371,-0.01676561318661595,1.002154231126661,-0.018173679908015522,1.002061738922844,1.982540057988956,0.08267540731890798,17.32156502676845,6.001036999999853,0.3577111150157394,6.001036999999853,0.3577111150157393,6.001036999999853,5.219130021393593,0.0,0.0,9.173426943880473,0.0,5.219130021393593,0.9836695726356046,0.001758427845449024,8.220275168185029e-72,0.0,0.0,0.0,0.0,0.0,-0.018173679908015522,1.002061738922844,0.0014080667213995691,9.249220381726681e-05,3.3,-0.009869692098531418,-0.01680538617639432,1.0021515273094252,-0.018165526793127617,1.0020621839584547,1.9897932326085095,0.08280423827925837,16.847080496206317,6.001036999999853,0.3577111150157394,6.001036999999853,0.3577111150157393,5.838599999999777,0.8118785000001125,5.838599999999807,0.8118785000001125,5.838599999999777,5.056334723718609,3.019806626980426e-14,0.0,9.13444624901649,0.0,5.056334723718609,0.9822046808191379,0.0017569772580089235,7.560248579466464e-72,0.0,0.0,0.0,0.0,0.0,-0.018165526793127617,1.0020621839584547,0.0013601406167332967,8.934335097047304e-05
11.38324,3.3,0.09770569,0.00220709,-0.003555264,3.3,-0.012277412620701988,-0.021367398235680252,1.0026244238400974,3.3,-0.01241036228047995,-0.02079576580640973,1.0023636953949373,-0.02079576580640973,1.0023636953949373,0.0,0.0,0.0,-0.02079576580640973,1.0023636953949373,0.0,0.0,3.3,-0.011857587136854201,-0.019850761611278894,1.0021364523630156,-0.02090785583433837,1.002414821008537,1.982540057988934,0.09242818050049244,17.32156502676822,6.001036999999853,0.3577111150157394,6.001036999999853,0.3577111150157393,6.001036999999853,5.219130021393511,0.0,0.0,9.173426943880326,0.0,5.219130021393511,0.9836695726356197,0.001758427845449039,9.939748936438854e-74,0.0,0.0,0.0,0.0,0.0,-0.02090785583433837,1.002414821008537,0.0010570942230594706,0.00027836864552135303,3.3,-0.01187016074463452,-0.019871042765247305,1.0021381216911196,-0.020871179045708867,1.002398092282902,1.9897932326084606,0.0925221323669,16.847080496205947,6.001036999999853,0.3577111150157394,6.001036999999853,0.3577111150157393,5.838599999999777,0.8118785000001125,5.838599999999807,0.8118785000001125,5.838599999999777,5.056334723718483,3.019806626980426e-14,0.0,9.13444624901627,0.0,5.056334723718483,0.9822046808191609,0.0017569772580089465,9.167337124825058e-74,0.0,0.0,0.0,0.0,0.0,-0.020871179045708867,1.002398092282902,0.001000136280461556,0.00025997059178293986
11.40213,3.3,0.08467977,0.001944505,-0.001600613,3.3,-0.01406927424140871,-0.02259875745832888,1.0021478757810454,3.3,-0.014194614057340536,-0.0236768661064035,1.0014510206018226,-0.0236768661064035,1.0014510206018226,0.0,0.0,0.0,-0.0236768661064035,1.0014510206018226,0.0,0.0,3.3,-0.013662137944490896,-0.022262049003794974,1.0022480728862906,-0.023439888390397182,1.0016683609000194,1.9825400579889008,0.09455050664345233,17.32156502676795,6.001036999999853,0.3577111150157394,6.001036999999853,0.3577111150157393,6.001036999999853,5.219130021393435,0.0,0.0,9.173426943880196,0.0,5.219130021393435,0.9836695726356334,0.0017584278454490527,1.971678631705342e-75,0.0,0.0,0.0,0.0,0.0,-0.023439888390397182,1.0016683609000194,0.001177839386602215,0.0005797119862706719,3.3,-0.013674413365975783,-0.022297807685748815,1.0022318428710715,-0.02340789268840562,1.0016866011223784,1.9897932326084249,0.09457681412906367,16.84708049620561,6.001036999999853,0.3577111150157394,6.001036999999853,0.3577111150157393,5.838599999999777,0.8118785000001125,5.838599999999807,0.8118785000001125,5.838599999999777,5.056334723718372,3.019806626980426e-14,0.0,9.134446249016099,0.0,5.056334723718372,0.9822046808191811,0.0017569772580089662,1.8078456877407597e-75,0.0,0.0,0.0,0.0,0.0,-0.02340789268840562,1.0016866011223784,0.0011100850026568004,0.0005452417486934538
11.42882,3.3,0.06870458,0.0006345669,0.0006087329,3.3,-0.014820107806985146,-0.019856479785305452,1.006163343407029,3.3,-0.014787567813508718,-0.01985748800548451,1.0061578570119831,-0.01985748800548451,1.0061578570119831,0.0,0.0,0.0,-0.01985748800548451,1.0061578570119831,0.0,0.0,3.3,-0.014873308018784465,-0.020194047099768457,1.0052560759337932,-0.019857355422080634,1.0061585784862659,1.9825400579888628,0.021451972416584406,17.321565026767647,6.001036999999853,0.3577111150157394,6.001036999999853,0.3577111150157393,6.001036999999853,5.2191300213933385,0.0,0.0,9.173426943880038,0.0,5.2191300213933385,0.9836695726356511,0.0017584278454490703,7.872991799447981e-78,0.0,0.0,0.0,0.0,0.0,-0.019857355422080634,1.0061585784862659,0.0003366916776878239,0.0009025025524724615,3.3,-0.014871863733584087,-0.02018610879703189,1.0052769733423663,-0.019858068500505033,1.006154698153363,1.9897932326083663,0.020929312414689115,16.847080496205127,6.001036999999853,0.3577111150157394,6.001036999999853,0.3577111150157393,5.838599999999777,0.8118785000001125,5.838599999999807,0.8118785000001125,5.838599999999777,5.056334723718214,3.019806626980426e-14,0.0,9.134446249015863,0.0,5.056334723718214,0.98220468081921,0.001756977258008995,7.236532241388279e-78,0.0,0.0,0.0,0.0,0.0,-0.019858068500505033,1.006154698153363,0.00032804029652685194,0.0008777248109967687
11.46215,3.3,0.05209362,-0.0002913233,-0.0005923099,3.3,-0.01329318770932348,-0.016951812741854026,1.0026207982864792,3.3,-0.013214939380085906,-0.016026360199612073,1.0031418903543952,-0.016026360199612073,1.0031418903543952,0.0,0.0,0.0,-0.016026360199612073,1.0031418903543952,0.0,0.0,3.3,-0.013483906599447723,-0.017193337224412734,1.0029783690115028,-0.016341885924105053,1.0024434933102135,1.9825400579888217,0.045163148845436124,17.32156502676725,6.001036999999853,0.3577111150157394,6.001036999999853,0.3577111150157393,6.001036999999853,5.219130021393224,0.0,0.0,9.173426943879898,0.0,5.219130021393224,0.9836695726356721,0.001758427845449091,7.9054797917327995e-81,0.0,0.0,0.0,0.0,0.0,-0.016341885924105053,1.0024434933102135,0.00085145130030768,0.0005348757012896949,3.3,-0.013477404962676189,-0.0171693958947561,1.0029618038162202,-0.016368026984102228,1.0023726880585146,1.9897932326082908,0.04526711381162469,16.84708049620443,6.001036999999853,0.3577111150157394,6.001036999999853,0.3577111150157393,5.838599999999777,0.8118785000001125,5.838599999999807,0.8118785000001125,5.838599999999777,5.056334723718015,3.019806626980426e-14,0.0,9.13444624901554,0.0,5.056334723718015,0.9822046808192463,0.001756977258009031,7.217242098424695e-81,0.0,0.0,0.0,0.0,0.0,-0.016368026984102228,1.0023726880585146,0.0008013689106538666,0.000589115757705113
11.49549,3.3,0.03952155,0.0005148749,-0.001024978,3.3,-0.011234791423740701,-0.013548172027292818,1.002575060535375,3.3,-0.011157643810340342,-0.013475955671017026,1.002378772989375,-0.013475955671017026,1.002378772989375,0.0,0.0,0.0,-0.013475955671017026,1.002378772989375,0.0,0.0,3.3,-0.0115100292500402,-0.013943251619862781,1.0022058312210747,-0.013486631769104302,1.002407791139867,1.9825400579887758,0.06104806120660208,17.321565026766827,6.001036999999853,0.3577111150157394,6.001036999999853,0.3577111150157393,6.001036999999853,5.219130021393129,0.0,0.0,9.173426943879692,0.0,5.219130021393129,0.9836695726356897,0.0017584278454491084,8.198491539841361e-84,0.0,0.0,0.0,0.0,0.0,-0.013486631769104302,1.002407791139867,0.0004566198507584741,0.00020195991879267148,3.3,-0.011501385900764223,-0.013929754875633735,1.0022191892946488,-0.013476585884489571,1.0023804859400463,1.9897932326082208,0.061122672824558535,16.8470804962038,6.001036999999853,0.3577111150157394,6.001036999999853,0.3577111150157393,5.838599999999777,0.8118785000001125,5.838599999999807,0.8118785000001125,5.838599999999777,5.056334723717838,3.019806626980426e-14,0.0,9.134446249015193,0.0,5.056334723717838,0.9822046808192786,0.0017569772580090627,7.4194701516936265e-84,0.0,0.0,0.0,0.0,0.0,-0.013476585884489571,1.0023804859400463,0.0004531689911441679,0.00016129664539731654
11.528820000000001,3.3,0.03028809,0.0003192304,-0.001175833,3.3,-0.009073262711828687,-0.010762595825975045,1.0026003166996438,3.3,-0.009004999622494464,-0.010763767833443714,1.0026010885227976,-0.010763767833443714,1.0026010885227976,0.0,0.0,0.0,-0.010763767833443714,1.0026010885227976,0.0,0.0,3.3,-0.009349644396700881,-0.010973027462462575,1.002653650234314,-0.010763613711613197,1.002600987026177,1.9825400579887296,0.06506472186470394,17.321565026766425,6.001036999999853,0.3577111150157394,6.001036999999853,0.3577111150157393,6.001036999999853,5.219130021393002,0.0,0.0,9.173426943879461,0.0,5.219130021393002,0.9836695726357129,0.0017584278454491312,8.01947679602766e-87,0.0,0.0,0.0,0.0,0.0,-0.010763613711613197,1.002600987026177,0.00020941375084937693,5.266320813684709e-05,3.3,-0.00934141494661553,-0.010968755071535479,1.0026545249047936,-0.010764442630986686,1.0026015329093576,1.9897932326081533,0.06503083993113187,16.847080496203198,6.001036999999853,0.3577111150157394,6.001036999999853,0.3577111150157393,5.838599999999777,0.8118785000001125,5.838599999999807,0.8118785000001125,5.838599999999777,5.056334723717653,3.019806626980426e-14,0.0,9.134446249014863,0.0,5.056334723717653,0.9822046808193123,0.0017569772580090966,7.316802587248094e-87,0.0,0.0,0.0,0.0,0.0,-0.010764442630986686,1.0026015329093576,0.00020431244054879534,5.2991995435884235e-05
11.562149999999999,3.3,0.02314457,0.000172928,-0.0007798855,3.3,-0.006117113174690786,-0.004912615795098946,1.0031421119035988,3.3,-0.005951829168183132,-0.003183674909013569,1.003870387950013,-0.003183674909013569,1.003870387950013,0.0,0.0,0.0,-0.003183674909013569,1.003870387950013,0.0,0.0,3.3,-0.006573719706636445,-0.005486036113397582,1.004151666871933,-0.0037491071326773867,1.0045710764813178,1.982540057988689,0.096725992204274,17.321565026766017,6.001036999999853,0.3577111150157394,6.001036999999853,0.3577111150157393,6.001036999999853,5.21913002139289,0.0,0.0,9.173426943879251,0.0,5.21913002139289,0.9836695726357333,0.001758427845449152,8.052569259922988e-90,0.0,0.0,0.0,0.0,0.0,-0.0037491071326773867,1.0045710764813178,0.0017369289807201956,0.00041940960938413656,3.3,-0.006558055310853566,-0.005434691921254315,1.0041101227758669,-0.003796085927953222,1.0046292930131786,1.989793232608084,0.09699576876293885,16.847080496202587,6.001036999999853,0.3577111150157394,6.001036999999853,0.3577111150157393,5.838599999999777,0.8118785000001125,5.838599999999807,0.8118785000001125,5.838599999999777,5.056334723717469,3.019806626980426e-14,0.0,9.134446249014516,0.0,5.056334723717469,0.9822046808193459,0.00175697725800913,7.336389942316352e-90,0.0,0.0,0.0,0.0,0.0,-0.003796085927953222,1.0046292930131786,0.0016386059933010935,0.0005191702373113021
11.59549,3.3,0.01758791,-6.421538e-07,-0.0003913985,3.3,-0.001879218487777967,0.0018891101263300146,1.003105334789546,3.3,-0.00171984163152171,0.0020339706864434294,1.0030904040074333,0.0020339706864434294,1.0030904040074333,0.0,0.0,0.0,0.0020339706864434294,1.0030904040074333,0.0,0.0,3.3,-0.0024707698830480195,0.0010506341731108975,1.0033162188121485,0.0020125556169660777,1.0030907064850272,1.9825400579886496,0.1257376703816252,17.321565026765715,6.001036999999853,0.3577111150157394,6.001036999999853,0.3577111150157393,6.001036999999853,5.219130021392765,0.0,0.0,9.173426943879035,0.0,5.219130021392765,0.9836695726357564,0.0017584278454491743,8.351032788731577e-93,0.0,0.0,0.0,0.0,0.0,0.0020125556169660777,1.0030907064850272,0.0009619214438551802,0.00022551232712145853,3.3,-0.0024522143194476713,0.0010908722340604172,1.003308786597644,0.002049208294166261,1.0030901887835257,1.98979323260802,0.12590271064275557,16.847080496202,6.001036999999853,0.3577111150157394,6.001036999999853,0.3577111150157393,5.838599999999777,0.8118785000001125,5.838599999999807,0.8118785000001125,5.838599999999777,5.056334723717279,3.019806626980426e-14,0.0,9.134446249014177,0.0,5.056334723717279,0.9822046808193806,0.001756977258009164,7.4919865940047886e-93,0.0,0.0,0.0,0.0,0.0,0.002049208294166261,1.0030901887835257,0.0009583360601058442,0.00021859781411760906
11.62882,3.3,0.0132268,-0.0001740304,-0.0003913101,3.3,0.00259642903967906,0.007705127592135887,1.0027976746091687,3.3,0.0027408177905211247,0.007702552383905956,1.0027977436995739,0.007702552383905956,1.0027977436995739,0.0,0.0,0.0,0.007702552383905956,1.0027977436995739,0.0,0.0,3.3,0.0019909491821856963,0.007249931362445906,1.0027982416717955,0.007702891030046823,1.0027977346140171,1.9825400579886066,0.13489079533181178,17.321565026765295,6.001036999999853,0.3577111150157394,6.001036999999853,0.3577111150157393,6.001036999999853,5.219130021392646,0.0,0.0,9.173426943878825,0.0,5.219130021392646,0.983669572635778,0.0017584278454491962,8.16868729445622e-96,0.0,0.0,0.0,0.0,0.0,0.007702891030046823,1.0027977346140171,0.00045295966760091656,5.07057778210132e-07,3.3,0.0020093423738832003,0.007259965836658012,1.0027980226153224,0.007703926356844716,1.0027977068371772,1.989793232607956,0.1348612778620819,16.847080496201386,6.001036999999853,0.3577111150157394,6.001036999999853,0.3577111150157393,5.838599999999777,0.8118785000001125,5.838599999999807,0.8118785000001125,5.838599999999777,5.05633472371708,3.019806626980426e-14,0.0,9.13444624901386,0.0,5.05633472371708,0.9822046808194168,0.0017569772580091996,7.556666950793366e-96,0.0,0.0,0.0,0.0,0.0,0.007703926356844716,1.0027977068371772,0.00044396052018670325,3.157781449498827e-07
11.66215,3.3,0.009967599,8.906987e-05,-0.0003914443,3.3,0.007471162844484098,0.015091231134093728,1.0029991589279792,3.3,0.007684853914206984,0.017207683175190152,1.0027752353675445,0.017207683175190152,1.0027752353675445,0.0,0.0,0.0,0.017207683175190152,1.0027752353675445,0.0,0.0,3.3,0.006830429330802209,0.014470976056098114,1.0026267692431483,0.016512523935067427,1.0026410359721496,1.982540057988563,0.14905097257936523,17.321565026764908,6.001036999999853,0.3577111150157394,6.001036999999853,0.3577111150157393,6.001036999999853,5.219130021392511,0.0,0.0,9.173426943878631,0.0,5.219130021392511,0.9836695726358028,0.001758427845449221,8.20239547721023e-99,0.0,0.0,0.0,0.0,0.0,0.016512523935067427,1.0026410359721496,0.0020415478789693165,1.7435749487788643e-05,3.3,0.006851384304627906,0.014531496068632998,1.0026311971442536,0.016453063609786885,1.0026753175647611,1.9897932326078869,0.14912950219849852,16.84708049620079,6.001036999999853,0.3577111150157394,6.001036999999853,0.3577111150157393,5.838599999999777,0.8118785000001125,5.838599999999807,0.8118785000001125,5.838599999999777,5.05633472371689,3.019806626980426e-14,0.0,9.134446249013516,0.0,5.05633472371689,0.9822046808194517,0.0017569772580092343,7.540149157831738e-99,0.0,0.0,0.0,0.0,0.0,0.016453063609786885,1.0026753175647611,0.0019215675411538864,4.412042050755163e-05
11.695490000000001,3.3,0.007614607,8.325324e-05,5.855366e-07,3.3,0.012731128542659044,0.022907944777042357,1.0025605178474304,3.3,0.01292075133861749,0.023076114796653727,1.0025534432854637,0.023076114796653727,1.0025534432854637,0.0,0.0,0.0,0.023076114796653727,1.0025534432854637,0.0,0.0,3.3,0.012006032165977702,0.02197435374798142,1.0028305178051076,0.023048362893431575,1.0025546107501497,1.9825400579885206,0.1555428975894817,17.32156502676453,6.001036999999853,0.3577111150157394,6.001036999999853,0.3577111150157393,6.001036999999853,5.219130021392399,0.0,0.0,9.173426943878418,0.0,5.219130021392399,0.9836695726358232,0.001758427845449241,8.506412222706264e-102,0.0,0.0,0.0,0.0,0.0,0.023048362893431575,1.0025546107501497,0.0010740091454501546,0.0002759070549583902,3.3,0.012027908055259525,0.022005391173538807,1.002815798102091,0.023080780147085814,1.002553247023902,1.989793232607813,0.1556108631950822,16.847080496200228,6.001036999999853,0.3577111150157394,6.001036999999853,0.3577111150157393,5.838599999999777,0.8118785000001125,5.838599999999807,0.8118785000001125,5.838599999999777,5.056334723716705,3.019806626980426e-14,0.0,9.134446249013184,0.0,5.056334723716705,0.9822046808194853,0.0017569772580092677,7.75914544418773e-102,0.0,0.0,0.0,0.0,0.0,0.023080780147085814,1.002553247023902,0.0010753889735470056,0.0002625510781891728
11.728819999999999,3.3,0.005828441,7.737968e-05,5.855321e-07,3.3,0.017976785738788553,0.029568076091931662,1.000988785019481,3.3,0.018146323163255394,0.02956511182612046,1.0009877266829579,0.02956511182612046,1.0009877266829579,0.0,0.0,0.0,0.02956511182612046,1.0009877266829579,0.0,0.0,3.3,0.017254377884106636,0.029048381281063657,1.0012432992853844,0.02956548515833464,1.00098785997435,1.9825400579884667,0.1581421633211434,17.321565026764038,6.001036999999853,0.3577111150157394,6.001036999999853,0.3577111150157393,6.001036999999853,5.2191300213923055,0.0,0.0,9.17342694387822,0.0,5.2191300213923055,0.9836695726358405,0.0017584278454492583,8.320674005211317e-105,0.0,0.0,0.0,0.0,0.0,0.02956548515833464,1.00098785997435,0.0005171038772709866,0.0002554393110337498,3.3,0.01727520001213144,0.029062697086984057,1.0012324805543311,0.029568637082523625,1.0009889853108416,1.9897932326077343,0.158070307893465,16.847080496199638,6.001036999999853,0.3577111150157394,6.001036999999853,0.3577111150157393,5.838599999999777,0.8118785000001125,5.838599999999807,0.8118785000001125,5.838599999999777,5.056334723716517,3.019806626980426e-14,0.0,9.134446249012843,0.0,5.056334723716517,0.9822046808195195,0.0017569772580093015,7.651777593287171e-105,0.0,0.0,0.0,0.0,0.0,0.029568637082523625,1.0009889853108416,0.0005059399955395722,0.00024349524348968234
11.76215,3.3,0.004439782,-2.975732e-06,5.854695e-07,3.3,0.02317339939774576,0.03680193518805135,1.0000482201821899,3.3,0.023391983315394684,0.03894232853115102,0.9996759179848682,0.03894232853115102,0.9996759179848682,0.0,0.0,0.0,0.03894232853115102,0.9996759179848682,0.0,0.0,3.3,0.02249511601746801,0.0361896301419095,1.0002090830868196,0.03822477998648412,0.999800538436777,1.982540057988428,0.15691821076071408,17.32156502676372,6.001036999999853,0.3577111150157394,6.001036999999853,0.3577111150157393,6.001036999999853,5.2191300213921945,0.0,0.0,9.173426943878024,0.0,5.2191300213921945,0.9836695726358607,0.001758427845449278,8.355009362883115e-108,0.0,0.0,0.0,0.0,0.0,0.03822477998648412,0.999800538436777,0.0020351498445746225,0.000408544650042438,3.3,0.02251691133199181,0.03624994449835014,1.000195927241106,0.03816511137473031,0.9998109425986788,1.9897932326076568,0.15695859787381286,16.847080496199048,6.001036999999853,0.3577111150157394,6.001036999999853,0.3577111150157393,5.838599999999777,0.8118785000001125,5.838599999999807,0.8118785000001125,5.838599999999777,5.056334723716325,3.019806626980426e-14,0.0,9.134446249012466,0.0,5.056334723716325,0.9822046808195545,0.0017569772580093362,7.631380546298322e-108,0.0,0.0,0.0,0.0,0.0,0.03816511137473031,0.9998109425986788,0.00191516687638018,0.0003849846424272663
11.79549,3.3,0.003328283,-6.172097e-05,5.854237e-07,3.3,0.028504965363214178,0.04459307318037808,0.9986873642785316,3.3,0.028695976972689295,0.04476138725833693,0.9986587303685177,0.04476138725833693,0.9986587303685177,0.0,0.0,0.0,0.04476138725833693,0.9986587303685177,0.0,0.0,3.3,0.027755971158845424,0.04366561569991372,0.9988522378028509,0.04473361158219094,0.9986634556191979,1.9825400579883783,0.15781656904821267,17.321565026763377,6.001036999999853,0.3577111150157394,6.001036999999853,0.3577111150157393,6.001036999999853,5.219130021392088,0.0,0.0,9.173426943877814,0.0,5.219130021392088,0.9836695726358801,0.0017584278454492968,8.66468264817058e-111,0.0,0.0,0.0,0.0,0.0,0.04473361158219094,0.9986634556191979,0.0010679958822772152,0.0001887821836529588,3.3,0.02777787336019774,0.04369644431249567,0.9988467076447473,0.04476605660521632,0.9986579360103749,1.989793232607579,0.1578601042312685,16.847080496198476,6.001036999999853,0.3577111150157394,6.001036999999853,0.3577111150157393,5.838599999999777,0.8118785000001125,5.838599999999807,0.8118785000001125,5.838599999999777,5.056334723716152,3.019806626980426e-14,0.0,9.134446249012147,0.0,5.056334723716152,0.9822046808195861,0.0017569772580093676,7.845212811881692e-111,0.0,0.0,0.0,0.0,0.0,0.04476605660521632,0.9986579360103749,0.0010696122927206495,0.00018877163437236157
11.82882,3.3,0.002459819,-6.640828e-05,5.8542e-07,3.3,0.03379972303040275,0.05121664891297611,0.9947221091582421,3.3,0.033971686818917296,0.05121369941491283,0.9947233355032413,0.05121369941491283,0.9947233355032413,0.0,0.0,0.0,0.05121369941491283,0.9947233355032413,0.0,0.0,3.3,0.03305006998451384,0.05069051911620393,0.9948696413177494,0.0512140708872142,0.9947231810521484,1.9825400579883306,0.15980172541980459,17.321565026762997,6.001036999999853,0.3577111150157394,6.001036999999853,0.3577111150157393,6.001036999999853,5.219130021391949,0.0,0.0,9.17342694387755,0.0,5.219130021391949,0.9836695726359056,0.0017584278454493222,8.475488582717889e-114,0.0,0.0,0.0,0.0,0.0,0.0512140708872142,0.9947231810521484,0.0005235517710102692,0.00014646026560088233,3.3,0.03307099393906053,0.050705013338415914,0.9948636528478627,0.051217207108755484,0.9947218770710912,1.9897932326075083,0.15973484815202751,16.847080496197922,6.001036999999853,0.3577111150157394,6.001036999999853,0.3577111150157393,5.838599999999777,0.8118785000001125,5.838599999999807,0.8118785000001125,5.838599999999777,5.05633472371597,3.019806626980426e-14,0.0,9.13444624901179,0.0,5.05633472371597,0.9822046808196191,0.0017569772580094001,7.7366539958942e-114,0.0,0.0,0.0,0.0,0.0,0.051217207108755484,0.9947218770710912,0.0005121937703395794,0.00014177577677160528
11.86215,3.3,0.001789078,-9.358672e-05,5.853989e-07,3.3,0.03906629417844203,0.05836917333583362,0.9908216951477617,3.3,0.03928685246916514,0.060415041953825147,0.9888222443539213,0.060415041953825147,0.9888222443539213,0.0,0.0,0.0,0.060415041953825147,0.9888222443539213,0.0,0.0,3.3,0.03836232119802347,0.05777077986873629,0.9913601832760631,0.059796815348913686,0.9904821881374078,1.9825400579882904,0.1590032687675038,17.321565026762578,6.001036999999853,0.3577111150157394,6.001036999999853,0.3577111150157393,6.001036999999853,5.219130021391832,0.0,0.0,9.173426943877319,0.0,5.219130021391832,0.9836695726359271,0.0017584278454493437,8.510462784544575e-117,0.0,0.0,0.0,0.0,0.0,0.059796815348913686,0.9904821881374078,0.002026035480177402,0.0008779951386553568,3.3,0.03838433675508891,0.057830315121433384,0.9913225607116015,0.059745450145638285,0.9906201041526476,1.9897932326074348,0.15905820292220768,16.847080496197258,6.001036999999853,0.3577111150157394,6.001036999999853,0.3577111150157393,5.838599999999777,0.8118785000001125,5.838599999999807,0.8118785000001125,5.838599999999777,5.0563347237158025,3.019806626980426e-14,0.0,9.13444624901147,0.0,5.0563347237158025,0.9822046808196497,0.001756977258009431,7.716030697162099e-117,0.0,0.0,0.0,0.0,0.0,0.059745450145638285,0.9906201041526476,0.0019151350242048958,0.0007024565589539948
11.8751,3.3,0.00156903,-0.000105233,5.853898e-07,3.3,0.04115537203776798,0.06110919090091362,0.985571807146583,3.3,0.041334840984709104,0.061190253583738946,0.9849808900189713,0.061190253583738946,0.9849808900189713,0.0,0.0,0.0,0.061190253583738946,0.9849808900189713,0.0,0.0,3.3,0.04042281597220952,0.060404784308658456,0.9876150740686092,0.061179363365709304,0.9850602757009258,1.9825400579882761,0.15837644113642368,17.32156502676242,6.001036999999853,0.3577111150157394,6.001036999999853,0.3577111150157393,6.001036999999853,5.219130021391779,0.0,0.0,9.173426943877221,0.0,5.219130021391779,0.9836695726359369,0.0017584278454493534,5.981827102630156e-118,0.0,0.0,0.0,0.0,0.0,0.061179363365709304,0.9850602757009258,0.0007745790570508435,0.0025547983676832767,3.3,0.040444078437922755,0.06042410233055857,0.9875693381245421,0.06118607595447145,0.9850113433990092,1.9897932326074048,0.15835585575518132,16.847080496197062,6.001036999999853,0.3577111150157394,6.001036999999853,0.3577111150157393,5.838599999999777,0.8118785000001125,5.838599999999807,0.8118785000001125,5.838599999999777,5.056334723715722,3.019806626980426e-14,0.0,9.134446249011328,0.0,5.056334723715722,0.9822046808196646,0.001756977258009445,5.438962796255559e-118,0.0,0.0,0.0,0.0,0.0,0.06118607595447145,0.9850113433990092,0.0007619736239128797,0.0025579947255328543
11.879299999999999,3.3,0.001501689,-0.0001090319,5.853868e-07,3.3,0.04175821361352173,0.06117993266387312,0.9850561257268069,3.3,0.04191072384697793,0.06117910515421513,0.9850621579676991,0.06117910515421513,0.9850621579676991,0.0,0.0,0.0,0.06117910515421513,0.9850621579676991,0.0,0.0,3.3,0.04105667208218774,0.06086131035831434,0.9861092688202135,0.06117935391632403,0.985060344583467,1.982540057988268,0.15573937304365834,17.32156502676236,6.001036999999853,0.3577111150157394,6.001036999999853,0.3577111150157393,6.001036999999853,5.219130021391758,0.0,0.0,9.173426943877178,0.0,5.219130021391758,0.9836695726359406,0.0017584278454493571,2.4563049124798124e-118,0.0,0.0,0.0,0.0,0.0,0.06117935391632403,0.985060344583467,0.0003180435580096902,0.0010489242367465966,3.3,0.041077439204398415,0.06087483440304599,0.9860647873619093,0.061178696411811964,0.9850651375494055,1.9897932326073962,0.15567484311060373,16.84708049619699,6.001036999999853,0.3577111150157394,6.001036999999853,0.3577111150157393,5.838599999999777,0.8118785000001125,5.838599999999807,0.8118785000001125,5.838599999999777,5.0563347237156995,3.019806626980426e-14,0.0,9.134446249011289,0.0,5.0563347237156995,0.9822046808196686,0.001756977258009449,2.206055843481003e-118,0.0,0.0,0.0,0.0,0.0,0.061178696411811964,0.9850651375494055,0.0003038620087659732,0.0009996498125037336
11.880299999999998,3.3,0.01640717,0.9913891,1.357831e-06,3.3,0.04188848646934204,0.06117935391632884,0.9850603445834318,3.3,0.042033829488698264,0.06117928136316302,0.985060873469312,0.06117928136316302,0.985060873469312,0.0,0.0,0.0,0.06117928136316302,0.985060873469312,0.0,0.0,3.3,0.04120043506964591,0.06092192210645161,0.9859093637776644,0.06117935391632394,0.9850603445834677,1.9825400579882662,0.15460856821089605,17.32156502676234,6.001036999999853,0.3577111150157394,6.001036999999853,0.3577111150157393,6.001036999999853,5.219130021391752,0.0,0.0,9.173426943877166,0.0,5.219130021391752,0.9836695726359417,0.0017584278454493584,1.9881983839572624e-118,0.0,0.0,0.0,0.0,0.0,0.06117935391632394,0.9850603445834677,0.00025743180987233756,0.000849019194196662,3.3,0.04121990968000037,0.06093069712404815,0.9858802266798181,0.061178921344554174,0.9850634978724875,1.9897932326073948,0.15445083277784133,16.847080496196977,6.001036999999853,0.3577111150157394,6.001036999999853,0.3577111150157393,5.838599999999777,0.8118785000001125,5.838599999999807,0.8118785000001125,5.838599999999777,5.056334723715694,3.019806626980426e-14,0.0,9.134446249011278,0.0,5.056334723715694,0.9822046808196697,0.0017569772580094502,1.8019098489519235e-118,0.0,0.0,0.0,0.0,0.0,0.061178921344554174,0.9850634978724875,0.00024822422050602963,0.0008167288073306453
11.88053,3.3,0.02324012,0.9913891,1.357831e-06,3.3,0.041916815230087626,0.06117935391632815,0.9850603445834368,3.3,0.04206214378629419,0.061179321891221036,0.9850605780346829,0.061179321891221036,0.9850605780346829,0.0,0.0,0.0,0.061179321891221036,0.9850605780346829,0.0,0.0,3.3,0.04123286570626405,0.060933546977247476,0.9858710240382533,0.06117935391632397,0.9850603445834676,1.9825400579882655,0.15430598164214296,17.321565026762336,6.001036999999853,0.3577111150157394,6.001036999999853,0.3577111150157393,6.001036999999853,5.21913002139175,0.0,0.0,9.173426943877164,0.0,5.21913002139175,0.983669572635942,0.0017584278454493584,1.898418112933589e-118,0.0,0.0,0.0,0.0,0.0,0.06117935391632397,0.9850603445834676,0.00024580693907649587,0.0008106794547858064,3.3,0.041252541236177824,0.06094300533912679,0.9858395766404203,0.061179096127402015,0.985062223769845,1.9897932326073944,0.15415997427097203,16.847080496196973,6.001036999999853,0.3577111150157394,6.001036999999853,0.3577111150157393,5.838599999999777,0.8118785000001125,5.838599999999807,0.8118785000001125,5.838599999999777,5.056334723715692,3.019806626980426e-14,0.0,9.134446249011276,0.0,5.056334723715692,0.9822046808196699,0.0017569772580094507,1.7128388004550627e-118,0.0,0.0,0.0,0.0,0.0,0.061179096127402015,0.985062223769845,0.00023609078827522892,0.0007773528705753918
11.88062,3.3,0.02586927,0.9913891,1.357831e-06,3.3,0.04192790039733582,0.06117935391632789,0.9850603445834388,3.3,0.04207322329404905,0.06117933775002635,0.9850604624298281,0.06117933775002635,0.9850604624298281,0.0,0.0,0.0,0.06117933775002635,0.9850604624298281,0.0,0.0,3.3,0.04124555595537541,0.06093809583973278,0.9858560215315274,0.061179353916323974,0.9850603445834675,1.9825400579882653,0.15418757820219692,17.321565026762332,6.001036999999853,0.3577111150157394,6.001036999999853,0.3577111150157393,6.001036999999853,5.21913002139175,0.0,0.0,9.173426943877162,0.0,5.21913002139175,0.9836695726359421,0.0017584278454493586,1.8632867025332623e-118,0.0,0.0,0.0,0.0,0.0,0.061179353916323974,0.9850603445834675,0.00024125807659119774,0.0007956769480599223,3.3,0.0412653101059863,0.06094782159720101,0.9858236701032648,0.0611791645206903,0.9850617252079413,1.9897932326073944,0.15404616007263267,16.847080496196973,6.001036999999853,0.3577111150157394,6.001036999999853,0.3577111150157393,5.838599999999777,0.8118785000001125,5.838599999999807,0.8118785000001125,5.838599999999777,5.056334723715692,3.019806626980426e-14,0.0,9.134446249011274,0.0,5.056334723715692,0.98220468081967,0.0017569772580094507,1.677984911913052e-118,0.0,0.0,0.0,0.0,0.0,0.0611791645206903,0.9850617252079413,0.00023134292348929604,0.0007619448953234418
11.88085,3.3,0.03289982,0.9913891,1.357831e-06,3.3,0.04195622915808119,0.0611793539163272,0.9850603445834438,3.3,0.04210123122986385,0.06126254727469982,0.9844799754247052,0.06126254727469982,0.9844799754247052,0.0,0.0,0.0,0.06126254727469982,0.9844799754247052,0.0,0.0,3.3,0.0412779865919933,0.06094972071052856,0.9858176817921167,0.061179353916324,0.9850603445834674,1.9825400579882648,0.15388499163344616,17.321565026762325,6.001036999999853,0.3577111150157394,6.001036999999853,0.3577111150157393,6.001036999999853,5.219130021391749,0.0,0.0,9.173426943877159,0.0,5.219130021391749,0.9836695726359423,0.0017584278454493589,1.773506431510282e-118,0.0,0.0,0.0,0.0,0.0,0.061179353916324,0.9850603445834674,0.00022963320579544582,0.0007573372086493627,3.3,0.0412979416621635,0.06096012981227956,0.9857830200638672,0.06117933930353814,0.9850604511052987,1.989793232607394,0.1537553015657656,16.84708049619697,6.001036999999853,0.3577111150157394,6.001036999999853,0.3577111150157393,5.838599999999777,0.8118785000001125,5.838599999999807,0.8118785000001125,5.838599999999777,5.056334723715691,3.019806626980426e-14,0.0,9.134446249011273,0.0,5.056334723715691,0.9822046808196703,0.001756977258009451,1.5889138634168792e-118,0.0,0.0,0.0,0.0,0.0,0.06117933930353814,0.9850604511052987,0.00021920949125858903,0.0007225689585684923
11.88161,3.3,0.05529827,0.9913891,1.357831e-06,3.3,0.04204983723706577,0.06117935391632493,0.9850603445834605,3.3,0.04220568799939392,0.062386790322624654,0.9817821743520996,0.062386790322624654,0.9817821743520996,0.0,0.0,0.0,0.062386790322624654,0.9817821743520996,0.0,0.0,3.3,0.041385417218490705,0.06105002758749294,0.9855056051436962,0.062097855736235816,0.9823253719645105,1.982540057988263,0.15295117822110815,17.32156502676231,6.001036999999853,0.3577111150157394,6.001036999999853,0.3577111150157393,6.001036999999853,5.219130021391736,0.0,0.0,9.173426943877148,0.0,5.219130021391736,0.9836695726359445,0.001758427845449361,1.5073671709669338e-118,0.0,0.0,0.0,0.0,0.0,0.062097855736235816,0.9823253719645105,0.0010478281487428772,0.0031802331791856834,3.3,0.04140559446719422,0.0610794204809439,0.985397465428855,0.06218075657254223,0.9821695182229722,1.989793232607393,0.1528687920403456,16.847080496196938,6.001036999999853,0.3577111150157394,6.001036999999853,0.3577111150157393,5.838599999999777,0.8118785000001125,5.838599999999807,0.8118785000001125,5.838599999999777,5.056334723715688,3.019806626980426e-14,0.0,9.134446249011273,0.0,5.056334723715688,0.9822046808196707,0.001756977258009451,1.3641137356657091e-118,0.0,0.0,0.0,0.0,0.0,0.06218075657254223,0.9821695182229722,0.0011013360915983368,0.003227947205882803
11.88404,3.3,0.1259659,0.9913891,1.357831e-06,3.3,0.04239247652919877,0.06213428599844107,0.9822568829971745,3.3,0.04254711472409745,0.061980376964296,0.9825462322956472,0.061980376964296,0.9825462322956472,0.0,0.0,0.0,0.061980376964296,0.9825462322956472,0.0,0.0,3.3,0.04172756654681409,0.061440373665748185,0.9843113893881981,0.06207305218089925,0.9823720026991917,1.9825400579882637,0.15034129441825483,17.321565026762332,6.001036999999853,0.3577111150157394,6.001036999999853,0.3577111150157393,6.001036999999853,5.219130021391728,0.0,0.0,9.173426943877127,0.0,5.219130021391728,0.9836695726359462,0.0017584278454493626,9.340134702398596e-119,0.0,0.0,0.0,0.0,0.0,0.06207305218089925,0.9823720026991917,0.0006326785151510694,0.0019393866890063775,3.3,0.041747157965481424,0.061455062648148415,0.9842448101117955,0.062060949368462064,0.9823947560112875,1.9897932326073877,0.15020625779655333,16.84708049619688,6.001036999999853,0.3577111150157394,6.001036999999853,0.3577111150157393,5.838599999999777,0.8118785000001125,5.838599999999807,0.8118785000001125,5.838599999999777,5.056334723715675,3.019806626980426e-14,0.0,9.134446249011242,0.0,5.056334723715675,0.9822046808196732,0.001756977258009453,8.379452180482417e-119,0.0,0.0,0.0,0.0,0.0,0.062060949368462064,0.9823947560112875,0.0006058867203136527,0.0018500541005081023
11.89179,3.3,0.3420713,0.9913891,1.357831e-06,3.3,0.04329805003566894,0.06207313387407341,0.9823718491158575,3.3,0.04344678547648947,0.06384009135442299,0.9790629521944406,0.06384009135442299,0.9790629521944406,0.0,0.0,0.0,0.06384009135442299,0.9790629521944406,0.0,0.0,3.3,0.04272236945643558,0.062096699070513815,0.9824757821422844,0.06349743184521037,0.9797037255586304,1.982540057988249,0.13779503686403038,17.321565026762205,6.001036999999853,0.3577111150157394,6.001036999999853,0.3577111150157393,6.001036999999853,5.219130021391691,0.0,0.0,9.173426943877054,0.0,5.219130021391691,0.983669572635953,0.001758427845449369,1.8340049920959986e-119,0.0,0.0,0.0,0.0,0.0,0.06349743184521037,0.9797037255586304,0.001400732774696554,0.002772056583653931,3.3,0.04273953451119137,0.06213748774858167,0.9823927500526123,0.06349382955023206,0.9797104618511014,1.9897932326073697,0.13762255813865829,16.847080496196746,6.001036999999853,0.3577111150157394,6.001036999999853,0.3577111150157393,5.838599999999777,0.8118785000001125,5.838599999999807,0.8118785000001125,5.838599999999777,5.056334723715631,3.019806626980426e-14,0.0,9.134446249011168,0.0,5.056334723715631,0.982204680819681,0.0017569772580094613,1.6588129214181856e-119,0.0,0.0,0.0,0.0,0.0,0.06349382955023206,0.9797104618511014,0.0013563418016503907,0.0026822882015108455
11.91179,3.3,0.833481,0.9949749,1.360625e-06,3.3,0.04564131345766032,0.06485462413460365,0.9774211739238146,3.3,0.04578447386774684,0.06663549872502744,0.9747978623457446,0.06663549872502744,0.9747978623457446,0.0,0.0,0.0,0.06663549872502744,0.9747978623457446,0.0,0.0,3.3,0.045100954799413256,0.06482494415239405,0.9775095607662062,0.06629102354471914,0.9753052904003194,1.982540057988215,0.12000132805763762,17.321565026761935,6.001036999999853,0.3577111150157394,6.001036999999853,0.3577111150157393,6.001036999999853,5.219130021391618,0.0,0.0,9.173426943876915,0.0,5.219130021391618,0.9836695726359662,0.0017584278454493827,2.9174388415547394e-121,0.0,0.0,0.0,0.0,0.0,0.06629102354471914,0.9753052904003194,0.0014660793923250849,0.00220427036588683,3.3,0.04511683334683382,0.06486789886918119,0.9774445971524937,0.06628740216203922,0.9753106248664094,1.9897932326073267,0.11997300813898557,16.84708049619639,6.001036999999853,0.3577111150157394,6.001036999999853,0.3577111150157393,5.838599999999777,0.8118785000001125,5.838599999999807,0.8118785000001125,5.838599999999777,5.056334723715512,3.019806626980426e-14,0.0,9.134446249010955,0.0,5.056334723715512,0.9822046808197028,0.0017569772580094832,2.6348480627929102e-121,0.0,0.0,0.0,0.0,0.0,0.06628740216203922,0.9753106248664094,0.0014195032928580222,0.002133972286084261
11.93179,3.3,1.229574,0.9923437,1.358575e-06,3.3,0.047921104662649254,0.06762306406750483,0.9725847230457267,3.3,0.0480623550754888,0.06934361771467727,0.9687198958632984,0.06934361771467727,0.9687198958632984,0.0,0.0,0.0,0.06934361771467727,0.9687198958632984,0.0,0.0,3.3,0.04739096148223259,0.06759113192645222,0.9726240166257222,0.06902455864506335,0.9696994010856842,1.9825400579881858,0.1144190739460267,17.32156502676171,6.001036999999853,0.3577111150157394,6.001036999999853,0.3577111150157393,6.001036999999853,5.2191300213915435,0.0,0.0,9.17342694387679,0.0,5.2191300213915435,0.9836695726359799,0.001758427845449396,4.640908520367705e-123,0.0,0.0,0.0,0.0,0.0,0.06902455864506335,0.9696994010856842,0.0014334267186111268,0.002924615540038005,3.3,0.04740640815016601,0.0676334525770789,0.9725431394922713,0.06902099697940438,0.9697057127628537,1.9897932326072798,0.11444151018803454,16.847080496196035,6.001036999999853,0.3577111150157394,6.001036999999853,0.3577111150157393,5.838599999999777,0.8118785000001125,5.838599999999807,0.8118785000001125,5.838599999999777,5.056334723715392,3.019806626980426e-14,0.0,9.134446249010757,0.0,5.056334723715392,0.9822046808197247,0.001756977258009505,4.185176172891129e-123,0.0,0.0,0.0,0.0,0.0,0.06902099697940438,0.9697057127628537,0.0013875444023254805,0.002837426729417729
11.951789999999999,3.3,1.53203,0.9924519,1.358659e-06,3.3,0.05018757218342321,0.07018384033347431,0.9636475575000001,3.3,0.050295208907528824,0.06924956257334423,0.9552486170098811,0.06924956257334423,0.9552486170098811,0.0,0.0,0.0,0.06924956257334423,0.9552486170098811,0.0,0.0,3.3,0.04965544695504304,0.07001510107223072,0.9636934164706512,0.07013040679471973,0.9571635688863829,1.9825400579881562,0.11278028480824166,17.321565026761455,6.001036999999853,0.3577111150157394,6.001036999999853,0.3577111150157393,6.001036999999853,5.219130021391464,0.0,0.0,9.173426943876649,0.0,5.219130021391464,0.9836695726359945,0.00175842784544941,7.382513589540294e-125,0.0,0.0,0.0,0.0,0.0,0.07013040679471973,0.9571635688863829,0.00011530572248899862,0.006529847584268396,3.3,0.0496704503086963,0.07002956279400682,0.9634705164911475,0.0701396668929539,0.9571837003035614,1.989793232607234,0.11279211960288185,16.84708049619567,6.001036999999853,0.3577111150157394,6.001036999999853,0.3577111150157393,5.838599999999777,0.8118785000001125,5.838599999999807,0.8118785000001125,5.838599999999777,5.056334723715291,3.019806626980426e-14,0.0,9.134446249010564,0.0,5.056334723715291,0.9822046808197431,0.001756977258009523,6.647707640327166e-125,0.0,0.0,0.0,0.0,0.0,0.0701396668929539,0.9571837003035614,0.00011010409894707832,0.006286816187586157
11.97179,3.3,1.752971,0.9947801,1.360473e-06,3.3,0.051152112367739,0.06796766426410275,0.9506373738037184,3.3,0.0511557563108609,0.06722562523429612,0.9429058802194178,0.06722562523429612,0.9429058802194178,0.0,0.0,0.0,0.06722562523429612,0.9429058802194178,0.0,0.0,3.3,0.05100194589024836,0.06815693682315689,0.9508480310482242,0.06737073284248113,0.9443852815215469,1.9825400579881336,0.059086972786272556,17.321565026761213,6.001036999999853,0.3577111150157394,6.001036999999853,0.3577111150157393,6.001036999999853,5.2191300213913765,0.0,0.0,9.173426943876505,0.0,5.2191300213913765,0.9836695726360105,0.001758427845449426,1.1743714977471735e-126,0.0,0.0,0.0,0.0,0.0,0.06737073284248113,0.9443852815215469,0.0007862039806757602,0.00646274952667741,3.3,0.0510042563933974,0.06813177454747998,0.9506593015041901,0.06737225832300757,0.9444008341028721,1.9897932326071905,0.05848809598956044,16.847080496195268,6.001036999999853,0.3577111150157394,6.001036999999853,0.3577111150157393,5.838599999999777,0.8118785000001125,5.838599999999807,0.8118785000001125,5.838599999999777,5.056334723715175,3.019806626980426e-14,0.0,9.134446249010377,0.0,5.056334723715175,0.9822046808197643,0.001756977258009544,1.0559177213173017e-126,0.0,0.0,0.0,0.0,0.0,0.06737225832300757,0.9444008341028721,0.0007595162244724213,0.006258467401318054
11.99179,3.3,1.908367,0.993299,1.359319e-06,3.3,0.051137375593109956,0.06665294728870345,0.9345908483854092,3.3,0.05115406544025429,0.06638369977537367,0.9024454375302794,0.06638369977537367,0.9024454375302794,0.0,0.0,0.0,0.06638369977537367,0.9024454375302794,0.0,0.0,3.3,0.05108224230064929,0.06663492363166221,0.9327290398692998,0.06540830149967168,0.9051239152575963,1.982540057988107,0.009084556210414912,17.32156502676096,6.001036999999853,0.3577111150157394,6.001036999999853,0.3577111150157393,6.001036999999853,5.2191300213913125,0.0,0.0,9.17342694387638,0.0,5.2191300213913125,0.9836695726360223,0.0017584278454494376,1.8681285147593555e-128,0.0,0.0,0.0,0.0,0.0,0.06540830149967168,0.9051239152575963,0.0012266221319905183,0.02760512461170352,3.3,0.05108137888534772,0.06657164337482387,0.931799017863647,0.06540869199404761,0.905164628209544,1.9897932326071406,0.008965283062109303,16.847080496194955,6.001036999999853,0.3577111150157394,6.001036999999853,0.3577111150157393,5.838599999999777,0.8118785000001125,5.838599999999807,0.8118785000001125,5.838599999999777,5.056334723715059,3.019806626980426e-14,0.0,9.134446249010157,0.0,5.056334723715059,0.9822046808197854,0.001756977258009565,1.677213100240063e-128,0.0,0.0,0.0,0.0,0.0,0.06540869199404761,0.905164628209544,0.0011629513807762532,0.026634389654102975
12.01179,3.3,2.01463,0.9944923,1.360249e-06,3.3,0.052821520048282784,0.07121803973956721,0.8972830756561595,3.3,0.05305551574614814,0.07483060573559307,0.8850605965867769,0.07483060573559307,0.8850605965867769,0.0,0.0,0.0,0.07483060573559307,0.8850605965867769,0.0,0.0,3.3,0.05218032329586684,0.0708962497683322,0.8976071864637672,0.07422655105916537,0.8872377136140315,1.9825400579880854,0.07370586557910734,17.32156502676078,6.001036999999853,0.3577111150157394,6.001036999999853,0.3577111150157393,6.001036999999853,5.219130021391244,0.0,0.0,9.173426943876244,0.0,5.219130021391244,0.9836695726360348,0.0017584278454494506,2.9717207496531117e-130,0.0,0.0,0.0,0.0,0.0,0.07422655105916537,0.8872377136140315,0.0033303012908331687,0.010369472849735748,3.3,0.05219709479702196,0.07100071449148188,0.897303204300733,0.0742202007812073,0.8872606011088392,1.9897932326070937,0.07474056640462697,16.847080496194597,6.001036999999853,0.3577111150157394,6.001036999999853,0.3577111150157393,5.838599999999777,0.8118785000001125,5.838599999999807,0.8118785000001125,5.838599999999777,5.056334723714958,3.019806626980426e-14,0.0,9.13444624900998,0.0,5.056334723714958,0.9822046808198038,0.0017569772580095832,2.6640747916795507e-130,0.0,0.0,0.0,0.0,0.0,0.0742202007812073,0.8872606011088392,0.0032194862897254126,0.01004260319189374
12.03179,3.3,2.086137,0.9942548,1.360064e-06,3.3,0.05694319781639576,0.07618355659696076,0.8706989535021571,3.3,0.05721966113526943,0.07771077404447696,0.8300386632857372,0.07771077404447696,0.8300386632857372,0.0,0.0,0.0,0.07771077404447696,0.8300386632857372,0.0,0.0,3.3,0.056008412137884066,0.07601410050227661,0.8690353478398142,0.0772471520150591,0.8349232363348634,1.9825400579880577,0.18160672861883737,17.321565026760542,6.001036999999853,0.3577111150157394,6.001036999999853,0.3577111150157393,6.001036999999853,5.219130021391174,0.0,0.0,9.173426943876132,0.0,5.219130021391174,0.9836695726360476,0.001758427845449463,4.7272573295375296e-132,0.0,0.0,0.0,0.0,0.0,0.0772471520150591,0.8349232363348634,0.0012330515127824911,0.034112111504950804,3.3,0.056036146261176305,0.07605112079905423,0.8680503155832461,0.07724227807091266,0.834974586647639,1.9897932326070489,0.18213654311215563,16.847080496194238,6.001036999999853,0.3577111150157394,6.001036999999853,0.3577111150157393,5.838599999999777,0.8118785000001125,5.838599999999807,0.8118785000001125,5.838599999999777,5.056334723714845,3.019806626980426e-14,0.0,9.134446249009802,0.0,5.056334723714845,0.9822046808198246,0.001756977258009604,4.2315997263941203e-132,0.0,0.0,0.0,0.0,0.0,0.07724227807091266,0.834974586647639,0.001191157271858435,0.033075728935607035
12.05179,3.3,2.133461,0.9942548,1.360064e-06,3.3,0.06178669916444413,0.07983774116204076,0.818451944960368,3.3,0.06211156311926316,0.08269487854683667,0.7970766266222984,0.08269487854683667,0.7970766266222984,0.0,0.0,0.0,0.08269487854683667,0.7970766266222984,0.0,0.0,3.3,0.06066384940902435,0.07976221543623686,0.8190880857648236,0.08216274816424707,0.8010484310009701,1.982540057988035,0.23074385732370206,17.321565026760325,6.001036999999853,0.3577111150157394,6.001036999999853,0.3577111150157393,6.001036999999853,5.219130021391113,0.0,0.0,9.173426943875988,0.0,5.219130021391113,0.9836695726360589,0.001758427845449474,7.5198727411683625e-134,0.0,0.0,0.0,0.0,0.0,0.08216274816424707,0.8010484310009701,0.0024005327280101976,0.018039654763853503,3.3,0.060697211739234265,0.079832358421409,0.818547399008014,0.08215707003171856,0.8010889177886413,1.9897932326070087,0.2310983053069936,16.847080496193847,6.001036999999853,0.3577111150157394,6.001036999999853,0.3577111150157393,5.838599999999777,0.8118785000001125,5.838599999999807,0.8118785000001125,5.838599999999777,5.056334723714729,3.019806626980426e-14,0.0,9.134446249009619,0.0,5.056334723714729,0.9822046808198455,0.0017569772580096241,6.721446522581631e-134,0.0,0.0,0.0,0.0,0.0,0.08215707003171856,0.8010889177886413,0.00232471161030956,0.017458481219372646
12.07985,3.3,2.17495,0.9976735,1.362727e-06,3.3,0.06957469799430901,0.08384298022395478,0.7314417842365494,3.3,0.06987485709804668,0.08384247224818556,0.731453892065816,0.08384247224818556,0.731453892065816,0.0,0.0,0.0,0.08384247224818556,0.731453892065816,0.0,0.0,3.3,0.06823308897743444,0.08381948287399986,0.7402527014012465,0.08384271123956012,0.7314481955996954,1.982540057987993,0.272738915212904,17.32156502676006,6.001036999999853,0.3577111150157394,6.001036999999853,0.3577111150157393,6.001036999999853,5.219130021391027,0.0,0.0,9.173426943875779,0.0,5.219130021391027,0.9836695726360744,0.001758427845449489,2.252889124655243e-136,0.0,0.0,0.0,0.0,0.0,0.08384271123956012,0.7314481955996954,2.3228365560274687e-05,0.008804505801551147,3.3,0.06826918911797539,0.08382314733907817,0.740047421639215,0.08384149219853035,0.7314772519869317,1.9897932326069432,0.2727344450388894,16.847080496193342,6.001036999999853,0.3577111150157394,6.001036999999853,0.3577111150157393,5.838599999999777,0.8118785000001125,5.838599999999807,0.8118785000001125,5.838599999999777,5.056334723714568,3.019806626980426e-14,0.0,9.134446249009335,0.0,5.056334723714568,0.9822046808198749,0.0017569772580096536,2.0202634951987032e-136,0.0,0.0,0.0,0.0,0.0,0.08384149219853035,0.7314772519869317,1.8344859452174003e-05,0.008570169652283261
12.10757,3.3,2.197644,0.9952112,1.360809e-06,3.3,0.07883330131009601,0.08948252256999015,0.6471954727852155,3.3,0.07923987413663584,0.08947965643781307,0.646731002095827,0.08947965643781307,0.646731002095827,0.0,0.0,0.0,0.08947965643781307,0.646731002095827,0.0,0.0,3.3,0.07713196437261875,0.08908332069341987,0.6573440866443596,0.08948148631760285,0.647027543034955,1.98254005798796,0.33225847577300033,17.321565026759785,6.001036999999853,0.3577111150157394,6.001036999999853,0.3577111150157393,6.001036999999853,5.21913002139093,0.0,0.0,9.173426943875603,0.0,5.21913002139093,0.9836695726360924,0.001758427845449507,7.470440862932551e-139,0.0,0.0,0.0,0.0,0.0,0.08948148631760285,0.647027543034955,0.0003981656241829821,0.010316543609404547,3.3,0.07717915206644611,0.08910064611445465,0.6569587539942419,0.08947864654977349,0.6465673448166188,1.989793232606888,0.3325661129326252,16.847080496192806,6.001036999999853,0.3577111150157394,6.001036999999853,0.3577111150157393,5.838599999999777,0.8118785000001125,5.838599999999807,0.8118785000001125,5.838599999999777,5.056334723714391,3.019806626980426e-14,0.0,9.13444624900908,0.0,5.056334723714391,0.9822046808199072,0.0017569772580096855,6.583649461554691e-139,0.0,0.0,0.0,0.0,0.0,0.08947864654977349,0.6465673448166188,0.00037800043531883694,0.010391409177623004
12.1409,3.3,2.211352,0.9952112,1.360809e-06,3.3,0.09135600495851716,0.09245621968494264,0.552201023379438,3.3,0.09177538769556774,0.0926279938740826,0.5474876214162856,0.0926279938740826,0.5474876214162856,0.0,0.0,0.0,0.0926279938740826,0.5474876214162856,0.0,0.0,3.3,0.08949366239033288,0.09224505356542394,0.5563865872755633,0.09245621968493882,0.5522010233795431,1.9825400579879167,0.37839250257233525,17.321565026759355,6.001036999999853,0.3577111150157394,6.001036999999853,0.3577111150157393,6.001036999999853,5.219130021390812,0.0,0.0,9.173426943875393,0.0,5.219130021390812,0.983669572636114,0.0017584278454495289,7.325597861937933e-142,0.0,0.0,0.0,0.0,0.0,0.09245621968493882,0.5522010233795431,0.00021116611951488057,0.0041855638960202265,3.3,0.08954504109830622,0.092254216219507,0.556185754017719,0.09251014711399572,0.5507212804026895,1.98979323260682,0.3784313734015851,16.84708049619214,6.001036999999853,0.3577111150157394,6.001036999999853,0.3577111150157393,5.838599999999777,0.8118785000001125,5.838599999999807,0.8118785000001125,5.838599999999777,5.0563347237141985,3.019806626980426e-14,0.0,9.134446249008777,0.0,5.0563347237141985,0.9822046808199423,0.00175697725800972,6.43970260549422e-142,0.0,0.0,0.0,0.0,0.0,0.09251014711399572,0.5507212804026895,0.00025593089448870915,0.0054644736150294285
12.17423,3.3,2.218042,0.9961682,1.361554e-06,3.3,0.10532124259582078,0.0966275500428457,0.44135387450013,3.3,0.10589614235109818,0.0965456532945791,0.44276560708532353,0.0965456532945791,0.44276560708532353,0.0,0.0,0.0,0.0965456532945791,0.44276560708532353,0.0,0.0,3.3,0.10313533001300919,0.09538834601844288,0.4567803146318501,0.09662341139745995,0.4414252162893124,1.9825400579878705,0.41773124735130046,17.321565026758936,6.001036999999853,0.3577111150157394,6.001036999999853,0.3577111150157393,6.001036999999853,5.219130021390695,0.0,0.0,9.173426943875192,0.0,5.219130021390695,0.9836695726361352,0.0017584278454495497,7.516231256561525e-145,0.0,0.0,0.0,0.0,0.0,0.09662341139745995,0.4414252162893124,0.0012350653790170671,0.015355098342537694,3.3,0.1031959988793055,0.09542128062715342,0.45648889723756775,0.09661429249050313,0.44158240761088285,1.9897932326067482,0.41811016938397405,16.847080496191527,6.001036999999853,0.3577111150157394,6.001036999999853,0.3577111150157393,5.838599999999777,0.8118785000001125,5.838599999999807,0.8118785000001125,5.838599999999777,5.056334723714008,3.019806626980426e-14,0.0,9.134446249008457,0.0,5.056334723714008,0.9822046808199769,0.0017569772580097542,6.648274581930174e-145,0.0,0.0,0.0,0.0,0.0,0.09661429249050313,0.44158240761088285,0.001193011863349704,0.014906489626684893
12.207569999999999,3.3,2.221409,0.9961682,1.361554e-06,3.3,0.1217693558273823,0.09940514895815959,0.369336808028386,3.3,0.12236084423322119,0.09941290660273312,0.3691367772187609,0.09941290660273312,0.3691367772187609,0.0,0.0,0.0,0.09941290660273312,0.3691367772187609,0.0,0.0,3.3,0.11920661840564445,0.09914219712210294,0.3766521656516141,0.0994079537407783,0.36926448672870277,1.982540057987819,0.49306176377946986,17.32156502675859,6.001036999999853,0.3577111150157394,6.001036999999853,0.3577111150157393,6.001036999999853,5.219130021390575,0.0,0.0,9.17342694387496,0.0,5.219130021390575,0.9836695726361573,0.0017584278454495714,7.609435991750069e-148,0.0,0.0,0.0,0.0,0.0,0.0994079537407783,0.36926448672870277,0.00026575661867534833,0.007387678922911318,3.3,0.11927584090913147,0.09915245272111586,0.3763582274418643,0.09941564002603111,0.3690662959186495,1.9897932326066718,0.4932558643603099,16.847080496190898,6.001036999999853,0.3577111150157394,6.001036999999853,0.3577111150157393,5.838599999999777,0.8118785000001125,5.838599999999807,0.8118785000001125,5.838599999999777,5.056334723713829,3.019806626980426e-14,0.0,9.134446249008125,0.0,5.056334723713829,0.9822046808200097,0.0017569772580097866,6.656677789019859e-148,0.0,0.0,0.0,0.0,0.0,0.09941564002603111,0.3690662959186495,0.00026318730491525354,0.007291931523214846
12.2409,3.3,2.223211,0.9971258,1.3623e-06,3.3,0.14025800413582795,0.10495819481202262,0.3072908897989985,3.3,0.1409606491059194,0.10567802287325324,0.30408841539986586,0.10567802287325324,0.30408841539986586,0.0,0.0,0.0,0.10567802287325324,0.30408841539986586,0.0,0.0,3.3,0.13719336860775724,0.10436524908294015,0.30995330693403783,0.10495819481200043,0.30729088979906194,1.9825400579877728,0.5663325017119937,17.321565026758087,6.001036999999853,0.3577111150157394,6.001036999999853,0.3577111150157393,6.001036999999853,5.219130021390435,0.0,0.0,9.173426943874745,0.0,5.219130021390435,0.9836695726361829,0.0017584278454495967,7.461898039815449e-151,0.0,0.0,0.0,0.0,0.0,0.10495819481200043,0.30729088979906194,0.0005929457290603496,0.002662417134975962,3.3,0.13727418256904184,0.10439565866533909,0.309830355830042,0.10526907993773114,0.306397023824376,1.989793232606599,0.5668305246772316,16.847080496190323,6.001036999999853,0.3577111150157394,6.001036999999853,0.3577111150157393,5.838599999999777,0.8118785000001125,5.838599999999807,0.8118785000001125,5.838599999999777,5.056334723713637,3.019806626980426e-14,0.0,9.134446249007798,0.0,5.056334723713637,0.9822046808200448,0.0017569772580098215,6.511134221077506e-151,0.0,0.0,0.0,0.0,0.0,0.10526907993773114,0.306397023824376,0.0008734212723920192,0.0034333320056659303
12.27423,3.3,2.224277,0.9971258,1.3623e-06,3.3,0.1631491784749566,0.11320591707276106,0.24849241520310136,3.3,0.16400449788992172,0.11317667395225987,0.24984857992012655,0.11317667395225987,0.24984857992012655,0.0,0.0,0.0,0.11317667395225987,0.24984857992012655,0.0,0.0,3.3,0.15958567150509742,0.11228188216390277,0.2584127789573678,0.1132044392740907,0.2485609488746537,1.9825400579877315,0.6804970712685248,17.321565026757792,6.001036999999853,0.3577111150157394,6.001036999999853,0.3577111150157393,6.001036999999853,5.219130021390289,0.0,0.0,9.173426943874567,0.0,5.219130021390289,0.9836695726362098,0.0017584278454496238,7.656078362194794e-154,0.0,0.0,0.0,0.0,0.0,0.1132044392740907,0.2485609488746537,0.0009225571101879263,0.009851830082714133,3.3,0.159680705028149,0.11230908962455188,0.2582764261338796,0.11320118315830315,0.24871195291491743,1.9897932326065266,0.6806709049209422,16.847080496189747,6.001036999999853,0.3577111150157394,6.001036999999853,0.3577111150157393,5.838599999999777,0.8118785000001125,5.838599999999807,0.8118785000001125,5.838599999999777,5.056334723713459,3.019806626980426e-14,0.0,9.134446249007453,0.0,5.056334723713459,0.9822046808200772,0.0017569772580098542,6.72201975512701e-154,0.0,0.0,0.0,0.0,0.0,0.11320118315830315,0.24871195291491743,0.0008920935337512715,0.00956447321896209
12.30757,3.3,2.225522,1.000392,1.364845e-06,3.3,0.18763108309911478,0.11856701101343106,0.2102347515222904,3.3,0.18849369931891122,0.11860111667213323,0.21024876141687915,0.11860111667213323,0.21024876141687915,0.0,0.0,0.0,0.11860111667213323,0.21024876141687915,0.0,0.0,3.3,0.18371854761808493,0.11765220131502947,0.21137505566774578,0.11857934194169945,0.2102398168109198,1.982540057987689,0.7353221920836406,17.321565026757295,6.001036999999853,0.3577111150157394,6.001036999999853,0.3577111150157393,6.001036999999853,5.219130021390156,0.0,0.0,9.173426943874329,0.0,5.219130021390156,0.9836695726362339,0.0017584278454496475,7.751017268258033e-157,0.0,0.0,0.0,0.0,0.0,0.11857934194169945,0.2102398168109198,0.000927140626669936,0.0011352388568259893,3.3,0.18381906327014572,0.11768436999560825,0.21129992174607,0.11861313387673586,0.21025369783435766,1.9897932326064538,0.7353923083187772,16.847080496189157,6.001036999999853,0.3577111150157394,6.001036999999853,0.3577111150157393,5.838599999999777,0.8118785000001125,5.838599999999807,0.8118785000001125,5.838599999999777,5.056334723713259,3.019806626980426e-14,0.0,9.134446249007103,0.0,5.056334723713259,0.9822046808201137,0.0017569772580098896,6.730516174681519e-157,0.0,0.0,0.0,0.0,0.0,0.11861313387673586,0.21025369783435766,0.0009287638811276773,0.0010462239117124644
12.340900000000001,3.3,2.226326,0.998084,1.363047e-06,3.3,0.21291806333868654,0.12355114794491212,0.17705782542475373,3.3,0.21379412044596252,0.12393297752353327,0.17470475533706203,0.12393297752353327,0.17470475533706203,0.0,0.0,0.0,0.12393297752353327,0.17470475533706203,0.0,0.0,3.3,0.20878619061239068,0.12334433256526227,0.17900335129648196,0.12355114794490743,0.17705782542480494,1.9825400579876398,0.7607349672110861,17.32156502675687,6.001036999999853,0.3577111150157394,6.001036999999853,0.3577111150157393,6.001036999999853,5.219130021390035,0.0,0.0,9.173426943874095,0.0,5.219130021390035,0.9836695726362559,0.0017584278454496696,7.600734223274459e-160,0.0,0.0,0.0,0.0,0.0,0.12355114794490743,0.17705782542480494,0.00020681537964513128,0.0019455258716769854,3.3,0.20888746969415264,0.12335375758110588,0.17890712276070958,0.12361885551338252,0.17632188393380108,1.989793232606383,0.7607140905572052,16.84708049618859,6.001036999999853,0.3577111150157394,6.001036999999853,0.3577111150157393,5.838599999999777,0.8118785000001125,5.838599999999807,0.8118785000001125,5.838599999999777,5.056334723713049,3.019806626980426e-14,0.0,9.134446249006768,0.0,5.056334723713049,0.982204680820152,0.001756977258009928,6.583358181825465e-160,0.0,0.0,0.0,0.0,0.0,0.12361885551338252,0.17632188393380108,0.00026509793227666087,0.0025852388269085027
12.374229999999999,3.3,2.226209,0.9982249,1.363157e-06,3.3,0.24988978633973527,0.14817485919996728,0.14352383874547484,3.3,0.2513312383431914,0.1480041258814004,0.1441719017490153,0.1480041258814004,0.1441719017490153,0.0,0.0,0.0,0.1480041258814004,0.1441719017490153,0.0,0.0,3.3,0.2438202608172347,0.14548696001000178,0.14708714914874632,0.1481889493199583,0.14386640155425517,1.9825400579876011,1.119822340662895,17.321565026756424,6.001036999999853,0.3577111150157394,6.001036999999853,0.3577111150157393,6.001036999999853,5.219130021389918,0.0,0.0,9.1734269438739,0.0,5.219130021389918,0.9836695726362777,0.0017584278454496908,7.798527467549698e-163,0.0,0.0,0.0,0.0,0.0,0.1481889493199583,0.14386640155425517,0.002701989309956563,0.003220747594491149,3.3,0.24397189094436225,0.14555294394778817,0.1470524072616169,0.14817112934971052,0.14395479711882278,1.9897932326062966,1.1207569866523281,16.847080496187985,6.001036999999853,0.3577111150157394,6.001036999999853,0.3577111150157393,5.838599999999777,0.8118785000001125,5.838599999999807,0.8118785000001125,5.838599999999777,5.056334723712828,3.019806626980426e-14,0.0,9.134446249006427,0.0,5.056334723712828,0.9822046808201922,0.0017569772580099674,6.796582938546853e-163,0.0,0.0,0.0,0.0,0.0,0.14817112934971052,0.14395479711882278,0.002618185401922346,0.0030976101427940823
12.40757,3.3,2.226373,0.9990427,1.363794e-06,3.3,0.2918414352586434,0.15975754294869846,0.11898674733117764,3.3,0.2933459718160035,0.15979393490589636,0.11893454393450105,0.15979393490589636,0.11893454393450105,0.0,0.0,0.0,0.15979393490589636,0.11893454393450105,0.0,0.0,3.3,0.2850351348416821,0.15827616356477686,0.11993431101840081,0.15977101604707805,0.11896917209591065,1.982540057987561,1.2596851255931087,17.321565026755952,6.001036999999853,0.3577111150157394,6.001036999999853,0.3577111150157393,6.001036999999853,5.2191300213898035,0.0,0.0,9.173426943873714,0.0,5.2191300213898035,0.9836695726362986,0.0017584278454497114,7.895232808643803e-166,0.0,0.0,0.0,0.0,0.0,0.15977101604707805,0.11896917209591065,0.001494852482301135,0.00096513892249018,3.3,0.28520117622911983,0.15832601815219735,0.11986235439792202,0.15980658354081334,0.11891543308020469,1.9897932326062229,1.2599872863352743,16.847080496187388,6.001036999999853,0.3577111150157394,6.001036999999853,0.3577111150157393,5.838599999999777,0.8118785000001125,5.838599999999807,0.8118785000001125,5.838599999999777,5.0563347237126175,3.019806626980426e-14,0.0,9.134446249006087,0.0,5.0563347237126175,0.9822046808202306,0.0017569772580100056,6.805173603831273e-166,0.0,0.0,0.0,0.0,0.0,0.15980658354081334,0.11891543308020469,0.0014805653886160067,0.0009469213177173065
12.4409,3.3,2.226636,0.9990427,1.363794e-06,3.3,0.3364368133555127,0.16933468115673,0.09291375699362672,3.3,0.3379957630950868,0.17001083102076797,0.09186911512756021,0.17001083102076797,0.09186911512756021,0.0,0.0,0.0,0.17001083102076797,0.09186911512756021,0.0,0.0,3.3,0.3290705105064898,0.16892341403684558,0.09451591240229895,0.16933468115671488,0.09291375699365016,1.9825400579875025,1.3398665436954216,17.321565026755493,6.001036999999853,0.3577111150157394,6.001036999999853,0.3577111150157393,6.001036999999853,5.2191300213896925,0.0,0.0,9.173426943873471,0.0,5.2191300213896925,0.983669572636319,0.0017584278454497318,7.742153596704978e-169,0.0,0.0,0.0,0.0,0.0,0.16933468115671488,0.09291375699365016,0.00041126711986931135,0.0016021554086487883,3.3,0.32924420089700124,0.16894631201824886,0.09445124554451732,0.16954695416472984,0.09258579823331856,1.9897932326061525,1.3399455389731103,16.84708049618675,6.001036999999853,0.3577111150157394,6.001036999999853,0.3577111150157393,5.838599999999777,0.8118785000001125,5.838599999999807,0.8118785000001125,5.838599999999777,5.056334723712439,3.019806626980426e-14,0.0,9.134446249005775,0.0,5.056334723712439,0.9822046808202632,0.001756977258010038,6.656383279460648e-169,0.0,0.0,0.0,0.0,0.0,0.16954695416472984,0.09258579823331856,0.0006006421464810037,0.0018654473111987659
12.47423,3.3,2.226764,0.9990631,1.36381e-06,3.3,0.3967040468485819,0.2257437290557506,0.07840104239428149,3.3,0.3996233255730081,0.22516666723531922,0.07869963541036241,0.22516666723531922,0.07869963541036241,0.0,0.0,0.0,0.22516666723531922,0.07869963541036241,0.0,0.0,3.3,0.3851144385128595,0.21786630365163967,0.08100572166689245,0.22571456728449116,0.07841613176759696,1.9825400579874595,1.9494664751736304,17.321565026755117,6.001036999999853,0.3577111150157394,6.001036999999853,0.3577111150157393,6.001036999999853,5.21913002138959,0.0,0.0,9.173426943873267,0.0,5.21913002138959,0.9836695726363376,0.00175842784544975,7.943626988225579e-172,0.0,0.0,0.0,0.0,0.0,0.22571456728449116,0.07841613176759696,0.00784826363285154,0.0025895898992954877,3.3,0.3853707606606587,0.21796948716340236,0.08092714898075014,0.2256301831634803,0.07845979521631234,1.9897932326060845,1.952427364997803,16.847080496186088,6.001036999999853,0.3577111150157394,6.001036999999853,0.3577111150157393,5.838599999999777,0.8118785000001125,5.838599999999807,0.8118785000001125,5.838599999999777,5.056334723712266,3.019806626980426e-14,0.0,9.134446249005428,0.0,5.056334723712266,0.9822046808202949,0.0017569772580100693,6.882684510410083e-172,0.0,0.0,0.0,0.0,0.0,0.2256301831634803,0.07845979521631234,0.00766069600007798,0.0024673537644377855
12.507570000000001,3.3,2.227043,1.000002,1.364541e-06,3.3,0.483252504868375,0.25306869704685364,0.05861859892534441,3.3,0.4864235827913184,0.2531445404133872,0.058548711053595964,0.2531445404133872,0.058548711053595964,0.0,0.0,0.0,0.2531445404133872,0.058548711053595964,0.0,0.0,3.3,0.46941741404024157,0.25028989320684675,0.06065987999844856,0.25309611827690426,0.058593330909213835,1.982540057987408,2.587762241727863,17.321565026754765,6.001036999999853,0.3577111150157394,6.001036999999853,0.3577111150157393,6.001036999999853,5.219130021389453,0.0,0.0,9.173426943873045,0.0,5.219130021389453,0.983669572636363,0.001758427845449775,8.042131632560595e-175,0.0,0.0,0.0,0.0,0.0,0.25309611827690426,0.058593330909213835,0.0028062250700575703,0.0020665490892347277,3.3,0.46972582978804606,0.2504018289647549,0.06058363633447901,0.25319608234902397,0.05850121637670995,1.9897932326060128,2.589254041833862,16.847080496185477,6.001036999999853,0.3577111150157394,6.001036999999853,0.3577111150157393,5.838599999999777,0.8118785000001125,5.838599999999807,0.8118785000001125,5.838599999999777,5.056334723712071,3.019806626980426e-14,0.0,9.134446249005087,0.0,5.056334723712071,0.9822046808203303,0.0017569772580101047,6.891384007181613e-175,0.0,0.0,0.0,0.0,0.0,0.25319608234902397,0.05850121637670995,0.0027942533842691447,0.0020824199577690566
12.5409,3.3,2.227387,1.0,0.0,3.3,0.5789779687687581,0.2862010959772267,0.05706014825115009,3.3,0.5822319964994885,0.2877927566414375,0.05629343870185265,0.2877927566414375,0.05629343870185265,0.0,0.0,0.0,0.2877927566414375,0.05629343870185265,0.0,0.0,3.3,0.5638781521087559,0.28510941549180907,0.05725804578808522,0.28620109597719195,0.057060148251167855,1.9825400579873558,2.864755188279711,17.321565026754403,6.001036999999853,0.3577111150157394,6.001036999999853,0.3577111150157393,6.001036999999853,5.219130021389328,0.0,0.0,9.17342694387283,0.0,5.219130021389328,0.9836695726363857,0.0017584278454497975,7.886204227709154e-178,0.0,0.0,0.0,0.0,0.0,0.28620109597719195,0.057060148251167855,0.001091680485382912,0.00019789753691735614,3.3,0.5642045678161733,0.28515744473030774,0.05724013037251368,0.2867011792810055,0.05680421119964632,1.989793232605936,2.8640863051380965,16.84708049618488,6.001036999999853,0.3577111150157394,6.001036999999853,0.3577111150157393,5.838599999999777,0.8118785000001125,5.838599999999807,0.8118785000001125,5.838599999999777,5.056334723711899,3.019806626980426e-14,0.0,9.134446249004753,0.0,5.056334723711899,0.9822046808203617,0.0017569772580101357,6.74070875441343e-178,0.0,0.0,0.0,0.0,0.0,0.2867011792810055,0.05680421119964632,0.001543734550697827,0.00043591917286736246
12.57423,3.3,2.227549,1.0,0.0,3.3,0.6798812833987303,0.33518943415158875,0.04230190451124,3.3,0.6839390343354527,0.3344675231382971,0.042467389639691024,0.3344675231382971,0.042467389639691024,0.0,0.0,0.0,0.3344675231382971,0.042467389639691024,0.0,0.0,3.3,0.6627928130482432,0.3235427571676,0.04428264686799677,0.3351529524383662,0.042310267288490334,1.9825400579873014,3.028351614318963,17.321565026753895,6.001036999999853,0.3577111150157394,6.001036999999853,0.3577111150157393,6.001036999999853,5.219130021389222,0.0,0.0,9.173426943872638,0.0,5.219130021389222,0.9836695726364052,0.0017584278454498177,8.091426234755582e-181,0.0,0.0,0.0,0.0,0.0,0.3351529524383662,0.042310267288490334,0.01161019527076619,0.001972379579506425,3.3,0.6631713295726375,0.3237992825858352,0.04423984459168171,0.33504738692675895,0.04233446628521811,1.9897932326058574,3.0306883621631298,16.847080496184265,6.001036999999853,0.3577111150157394,6.001036999999853,0.3577111150157393,5.838599999999777,0.8118785000001125,5.838599999999807,0.8118785000001125,5.838599999999777,5.056334723711706,3.019806626980426e-14,0.0,9.134446249004403,0.0,5.056334723711706,0.982204680820397,0.0017569772580101701,6.959029852485589e-181,0.0,0.0,0.0,0.0,0.0,0.33504738692675895,0.04233446628521811,0.011248104340923782,0.0019053783064635974
12.607569999999999,3.3,2.227625,1.0,0.0,3.3,0.7974684787633408,0.36847451859861763,0.029513438179664724,3.3,0.8016869754294099,0.36857043721044663,0.029474290441455598,0.36857043721044663,0.029474290441455598,0.0,0.0,0.0,0.36857043721044663,0.029474290441455598,0.0,0.0,3.3,0.7778145283346956,0.365124801606928,0.030864167746854538,0.3685091980497364,0.029499284283483876,1.982540057987249,3.511011567291102,17.321565026753447,6.001036999999853,0.3577111150157394,6.001036999999853,0.3577111150157393,6.001036999999853,5.2191300213890885,0.0,0.0,9.173426943872428,0.0,5.2191300213890885,0.9836695726364296,0.001758427845449841,8.1917636578367e-184,0.0,0.0,0.0,0.0,0.0,0.3685091980497364,0.029499284283483876,0.0033843964428084444,0.0013648834633706636,3.3,0.7782509808129734,0.36526188315026914,0.030809073750285357,0.3686391910757885,0.029446229585799424,1.9897932326057846,3.5121893686352132,16.847080496183697,6.001036999999853,0.3577111150157394,6.001036999999853,0.3577111150157393,5.838599999999777,0.8118785000001125,5.838599999999807,0.8118785000001125,5.838599999999777,5.056334723711516,3.019806626980426e-14,0.0,9.134446249004055,0.0,5.056334723711516,0.9822046808204316,0.0017569772580102046,6.962750467666639e-184,0.0,0.0,0.0,0.0,0.0,0.3686391910757885,0.029446229585799424,0.003377307925519427,0.0013628441644859333
12.6409,3.3,2.227661,1.0,0.0,3.3,0.9190186369991459,0.40890409401377525,0.03290547688205839,3.3,0.9231429987351571,0.4108886800390983,0.03251182919541017,0.4108886800390983,0.03251182919541017,0.0,0.0,0.0,0.4108886800390983,0.03251182919541017,0.0,0.0,3.3,0.8987092926982752,0.4068145057893194,0.03274203458539045,0.4089040940137296,0.03290547688206791,1.9825400579872077,3.6215936389467775,17.321565026753046,6.001036999999853,0.3577111150157394,6.001036999999853,0.3577111150157393,6.001036999999853,5.219130021388988,0.0,0.0,9.173426943872215,0.0,5.219130021388988,0.983669572636448,0.0017584278454498596,8.032935065577831e-187,0.0,0.0,0.0,0.0,0.0,0.4089040940137296,0.03290547688206791,0.0020895882244102337,0.00016344229667746485,3.3,0.8991362071400146,0.4069243633912498,0.032751682631212205,0.4095233518887222,0.0327765794210787,1.9897932326057104,3.620525785687745,16.847080496183064,6.001036999999853,0.3577111150157394,6.001036999999853,0.3577111150157393,5.838599999999777,0.8118785000001125,5.838599999999807,0.8118785000001125,5.838599999999777,5.0563347237113225,3.019806626980426e-14,0.0,9.134446249003714,0.0,5.0563347237113225,0.982204680820467,0.00175697725801024,6.818052806847283e-187,0.0,0.0,0.0,0.0,0.0,0.4095233518887222,0.0327765794210787,0.002598988497472347,0.00011699585422325794
12.67423,3.3,2.227677,1.0,0.0,3.3,1.0280153314521359,0.42466381769275385,0.02671802509772952,3.3,1.0315067480875257,0.4242699129469675,0.02682810758773868,0.4242699129469675,0.02682810758773868,0.0,0.0,0.0,0.4242699129469675,0.02682810758773868,0.0,0.0,3.3,1.010003313554898,0.42028668401974273,0.027662066832451718,0.42470223189007783,0.02675165700255509,1.9825400579871624,3.150199197881644,17.321565026752662,6.001036999999853,0.3577111150157394,6.001036999999853,0.3577111150157393,6.001036999999853,5.219130021388901,0.0,0.0,9.17342694387203,0.0,5.219130021388901,0.9836695726364639,0.001758427845449875,8.241975434074704e-190,0.0,0.0,0.0,0.0,0.0,0.42470223189007783,0.02675165700255509,0.0044155478703350945,0.0009104098298966278,3.3,1.0103330369774672,0.42033349055061175,0.027643945385242372,0.42455659651591215,0.02677691689220075,1.9897932326056356,3.1469254642611677,16.847080496182468,6.001036999999853,0.3577111150157394,6.001036999999853,0.3577111150157393,5.838599999999777,0.8118785000001125,5.838599999999807,0.8118785000001125,5.838599999999777,5.056334723711152,3.019806626980426e-14,0.0,9.134446249003396,0.0,5.056334723711152,0.9822046808204978,0.0017569772580102701,7.038878958044792e-190,0.0,0.0,0.0,0.0,0.0,0.42455659651591215,0.02677691689220075,0.004223105965300461,0.0008670284930416176
12.70757,3.3,2.227685,1.0,0.0,3.3,1.1236396975549785,0.44735674027253547,0.022028621535945616,3.3,1.1268884103637964,0.44743160832805806,0.022023336109512497,0.44743160832805806,0.022023336109512497,0.0,0.0,0.0,0.44743160832805806,0.022023336109512497,0.0,0.0,3.3,1.105817767413977,0.44493770507127806,0.022486723908029978,0.44738380887813306,0.022026710585774212,1.9825400579871166,2.8538506319599475,17.32156502675222,6.001036999999853,0.3577111150157394,6.001036999999853,0.3577111150157393,6.001036999999853,5.219130021388792,0.0,0.0,9.173426943871787,0.0,5.219130021388792,0.9836695726364837,0.001758427845449895,8.344179732318667e-193,0.0,0.0,0.0,0.0,0.0,0.44738380887813306,0.022026710585774212,0.002446103806854967,0.00046001332225576396,3.3,1.1061209165831176,0.4450266956141035,0.022463418743124346,0.447519496645318,0.02201657551770008,1.989793232605557,2.852702228320144,16.84708049618194,6.001036999999853,0.3577111150157394,6.001036999999853,0.3577111150157393,5.838599999999777,0.8118785000001125,5.838599999999807,0.8118785000001125,5.838599999999777,5.056334723710954,3.019806626980426e-14,0.0,9.134446249003124,0.0,5.056334723710954,0.9822046808205341,0.0017569772580103065,7.047775876774379e-193,0.0,0.0,0.0,0.0,0.0,0.447519496645318,0.02201657551770008,0.0024928010312144015,0.0004468432254242675
12.7409,3.3,2.227689,1.0,0.0,3.3,1.2139567132021345,0.4719568165064168,0.020534056906082704,3.3,1.2169327157735272,0.4715070677174711,0.02042366319261983,0.4715070677174711,0.02042366319261983,0.0,0.0,0.0,0.4715070677174711,0.02042366319261983,0.0,0.0,3.3,1.1967563317532552,0.47058438609056646,0.02046702655479256,0.4719568165063889,0.02053405690608969,1.9825400579870758,2.6917741644579225,17.321565026751728,6.001036999999853,0.3577111150157394,6.001036999999853,0.3577111150157393,6.001036999999853,5.219130021388664,0.0,0.0,9.173426943871586,0.0,5.219130021388664,0.9836695726365072,0.0017584278454499179,8.182395969004197e-196,0.0,0.0,0.0,0.0,0.0,0.4719568165063889,0.02053405690608969,0.0013724304158224117,6.70303512971348e-05,3.3,1.1970330828674778,0.4706392307727906,0.02047326049476053,0.4718651430397079,0.020493445703923564,1.989793232605481,2.690137445301828,16.84708049618126,6.001036999999853,0.3577111150157394,6.001036999999853,0.3577111150157393,5.838599999999777,0.8118785000001125,5.838599999999807,0.8118785000001125,5.838599999999777,5.05633472371078,3.019806626980426e-14,0.0,9.134446249002739,0.0,5.05633472371078,0.9822046808205658,0.0017569772580103375,6.893111473122528e-196,0.0,0.0,0.0,0.0,0.0,0.4718651430397079,0.020493445703923564,0.00122591226691735,3.601551685281767e-05
12.77423,3.3,2.227691,1.0,0.0,3.3,1.287156847502794,0.48278828300735754,0.017678575379784945,3.3,1.2896122653789603,0.48246911885951005,0.017721956996445007,0.48246911885951005,0.017721956996445007,0.0,0.0,0.0,0.48246911885951005,0.017721956996445007,0.0,0.0,3.3,1.2721399392288668,0.47919236485265954,0.017909290759012673,0.4827721540736007,0.017680767666187067,1.9825400579870365,2.181869641590732,17.321565026751383,6.001036999999853,0.3577111150157394,6.001036999999853,0.3577111150157393,6.001036999999853,5.219130021388582,0.0,0.0,9.1734269438714,0.0,5.219130021388582,0.9836695726365224,0.0017584278454499337,8.395325745545098e-199,0.0,0.0,0.0,0.0,0.0,0.4827721540736007,0.017680767666187067,0.003579789220941165,0.00022852309282560593,3.3,1.2723404082054424,0.4792534679373781,0.017911740405907994,0.4826625579653382,0.017695664252749658,1.9897932326054095,2.1805714114059334,16.847080496180617,6.001036999999853,0.3577111150157394,6.001036999999853,0.3577111150157393,5.838599999999777,0.8118785000001125,5.838599999999807,0.8118785000001125,5.838599999999777,5.0563347237105996,3.019806626980426e-14,0.0,9.134446249002346,0.0,5.0563347237105996,0.9822046808205986,0.0017569772580103703,7.11636865779885e-199,0.0,0.0,0.0,0.0,0.0,0.4826625579653382,0.017695664252749658,0.003409090027960047,0.00021607615315833895
12.80757,3.3,2.227692,1.0,0.0,3.3,1.3528987205926568,0.4974001543028015,0.015138803559247248,3.3,1.3550460041990713,0.4974231366109587,0.0151311565117884,0.4974231366109587,0.0151311565117884,0.0,0.0,0.0,0.4974231366109587,0.0151311565117884,0.0,0.0,3.3,1.3386067705926967,0.49622954722007934,0.015388556891484034,0.497408463574776,0.01513603876309611,1.982540057986983,1.9567292723256948,17.321565026751006,6.001036999999853,0.3577111150157394,6.001036999999853,0.3577111150157393,6.001036999999853,5.219130021388461,0.0,0.0,9.173426943871222,0.0,5.219130021388461,0.9836695726365446,0.001758427845449955,8.499431657964614e-202,0.0,0.0,0.0,0.0,0.0,0.497408463574776,0.01513603876309611,0.001178916354696612,0.00025251812838792103,3.3,1.3387745990424487,0.49627629355142205,0.01537939368347093,0.49745082803606716,0.015121942570327061,1.989793232605338,1.9550759346560298,16.847080496179988,6.001036999999853,0.3577111150157394,6.001036999999853,0.3577111150157393,5.838599999999777,0.8118785000001125,5.838599999999807,0.8118785000001125,5.838599999999777,5.056334723710409,3.019806626980426e-14,0.0,9.134446249002,0.0,5.056334723710409,0.9822046808206335,0.0017569772580104046,7.125363519340821e-202,0.0,0.0,0.0,0.0,0.0,0.49745082803606716,0.015121942570327061,0.001174534484645124,0.0002574511131438707
12.8409,3.3,2.227692,1.0,0.0,3.3,1.4112590153726692,0.5150615624580503,0.016183868312440883,3.3,1.4131351091161304,0.5160794353783551,0.016196470707469324,0.5160794353783551,0.016196470707469324,0.0,0.0,0.0,0.5160794353783551,0.016196470707469324,0.0,0.0,3.3,1.3978194173566247,0.5138372897727139,0.01575901964279568,0.5150615624580278,0.016183868312440598,1.9825400579869346,1.7350653094360844,17.321565026750548,6.001036999999853,0.3577111150157394,6.001036999999853,0.3577111150157393,6.001036999999853,5.219130021388362,0.0,0.0,9.173426943871009,0.0,5.219130021388362,0.9836695726365627,0.0017584278454499727,8.334637743440956e-205,0.0,0.0,0.0,0.0,0.0,0.5150615624580278,0.016183868312440598,0.0012242726853138584,0.0004248486696449187,3.3,1.3979581778844081,0.5138983705003302,0.015777864330349795,0.5153810238108678,0.01618782359810004,1.9897932326052574,1.7336237489232345,16.84708049617931,6.001036999999853,0.3577111150157394,6.001036999999853,0.3577111150157393,5.838599999999777,0.8118785000001125,5.838599999999807,0.8118785000001125,5.838599999999777,5.056334723710219,3.019806626980426e-14,0.0,9.134446249001707,0.0,5.056334723710219,0.982204680820668,0.001756977258010439,6.969572466153401e-205,0.0,0.0,0.0,0.0,0.0,0.5153810238108678,0.01618782359810004,0.0014826533105376368,0.00040995926775023816
12.87423,3.3,2.227692,1.0,0.0,3.3,1.4640986224970904,0.5380545578997282,0.016468547082907178,3.3,1.4659010574432043,0.537815786573826,0.016465590829223185,0.537815786573826,0.016465590829223185,0.0,0.0,0.0,0.537815786573826,0.016465590829223185,0.0,0.0,3.3,1.4513788061430934,0.5346942251487874,0.016426522086483857,0.5380424916105648,0.016468397688872292,1.9825400579869055,1.5826127644800616,17.321565026750186,6.001036999999853,0.3577111150157394,6.001036999999853,0.3577111150157393,6.001036999999853,5.219130021388268,0.0,0.0,9.173426943870817,0.0,5.219130021388268,0.98366957263658,0.0017584278454499907,8.551529294379305e-208,0.0,0.0,0.0,0.0,0.0,0.5380424916105648,0.016468397688872292,0.003348266461777458,4.1875602388433434e-05,3.3,1.451509369478729,0.5347660082937551,0.016427426907783076,0.5379605011731676,0.016467382556373894,1.9897932326051766,1.582247544952942,16.847080496178677,6.001036999999853,0.3577111150157394,6.001036999999853,0.3577111150157393,5.838599999999777,0.8118785000001125,5.838599999999807,0.8118785000001125,5.838599999999777,5.056334723710018,3.019806626980426e-14,0.0,9.134446249001359,0.0,5.056334723710018,0.9822046808207048,0.0017569772580104752,7.195306102683759e-208,0.0,0.0,0.0,0.0,0.0,0.5379605011731676,0.016467382556373894,0.003194492879412547,3.9955648590823816e-05
12.907570000000002,3.3,2.227692,1.0,0.0,3.3,1.507507324512276,0.5441172936899065,0.016543610472311475,3.3,1.5088695755527168,0.5441557540056906,0.01654408665365274,0.5441557540056906,0.01654408665365274,0.0,0.0,0.0,0.5441557540056906,0.01654408665365274,0.0,0.0,3.3,1.4961068907220911,0.5428222076985926,0.016527575446623605,0.5441311990479774,0.016543782636057977,1.9825400579868606,1.2691680016948603,17.321565026749752,6.001036999999853,0.3577111150157394,6.001036999999853,0.3577111150157393,6.001036999999853,5.219130021388152,0.0,0.0,9.173426943870608,0.0,5.219130021388152,0.9836695726366012,0.001758427845450011,8.657572202864593e-211,0.0,0.0,0.0,0.0,0.0,0.5441311990479774,0.016543782636057977,0.0013089913493848399,1.6207189434373504e-05,3.3,1.4961885217948423,0.5428696606947051,0.016528162988083295,0.5442020949104691,0.016544660405421106,1.9897932326051029,1.2671572328162661,16.847080496178037,6.001036999999853,0.3577111150157394,6.001036999999853,0.3577111150157393,5.838599999999777,0.8118785000001125,5.838599999999807,0.8118785000001125,5.838599999999777,5.056334723709832,3.019806626980426e-14,0.0,9.134446249001048,0.0,5.056334723709832,0.9822046808207386,0.0017569772580105086,7.204400739052804e-211,0.0,0.0,0.0,0.0,0.0,0.5442020949104691,0.016544660405421106,0.001332434215764071,1.649741733780832e-05
12.9409,3.3,2.227692,1.0,0.0,3.3,1.54523856073266,0.5547250647535356,0.013957357665724306,3.3,1.5464746444202258,0.5554012889066477,0.013874808508787867,0.5554012889066477,0.013874808508787867,0.0,0.0,0.0,0.5554012889066477,0.013874808508787867,0.0,0.0,3.3,1.5343515581050284,0.5542144474554908,0.014154359649826592,0.554725064753521,0.013957357665726231,1.9825400579868167,1.12394973780161,17.321565026749347,6.001036999999853,0.3577111150157394,6.001036999999853,0.3577111150157393,6.001036999999853,5.2191300213880485,0.0,0.0,9.173426943870393,0.0,5.2191300213880485,0.9836695726366201,0.0017584278454500298,8.489712130453108e-214,0.0,0.0,0.0,0.0,0.0,0.554725064753521,0.013957357665726231,0.0005106172980302096,0.00019700198410035744,3.3,1.5344084249623064,0.5542433217639167,0.01414867705680603,0.5549358703781179,0.01392960675232145,1.989793232605021,1.1225923776822586,16.847080496177412,6.001036999999853,0.3577111150157394,6.001036999999853,0.3577111150157393,5.838599999999777,0.8118785000001125,5.838599999999807,0.8118785000001125,5.838599999999777,5.056334723709661,3.019806626980426e-14,0.0,9.134446249000732,0.0,5.056334723709661,0.98220468082077,0.00175697725801054,7.048877150117944e-214,0.0,0.0,0.0,0.0,0.0,0.5549358703781179,0.01392960675232145,0.0006925486142012161,0.00021907030448458097
12.97423,3.3,2.227692,1.0,0.0,3.3,1.5806300965364333,0.575753382742108,0.01490254304660342,3.3,1.5819041649075998,0.575474175328703,0.01489950108387116,0.575474175328703,0.01489950108387116,0.0,0.0,0.0,0.575474175328703,0.01489950108387116,0.0,0.0,3.3,1.5701004477876277,0.5720463678485259,0.014770589383504833,0.5757478351868769,0.014902482606029653,1.9825400579867634,1.070979464934428,17.32156502674898,6.001036999999853,0.3577111150157394,6.001036999999853,0.3577111150157393,6.001036999999853,5.219130021387953,0.0,0.0,9.173426943870183,0.0,5.219130021387953,0.9836695726366378,0.0017584278454500478,8.710639168642342e-217,0.0,0.0,0.0,0.0,0.0,0.5757478351868769,0.014902482606029653,0.00370146733835108,0.0001318932225248132,3.3,1.570135273718333,0.5720806433527466,0.014772527135218977,0.5755480922623047,0.014900306408323535,1.9897932326049474,1.0690973364122838,16.847080496176876,6.001036999999853,0.3577111150157394,6.001036999999853,0.3577111150157393,5.838599999999777,0.8118785000001125,5.838599999999807,0.8118785000001125,5.838599999999777,5.056334723709501,3.019806626980426e-14,0.0,9.134446249000407,0.0,5.056334723709501,0.982204680820799,0.0017569772580105683,7.267366202598604e-217,0.0,0.0,0.0,0.0,0.0,0.5755480922623047,0.014900306408323535,0.003467448909558129,0.0001277792731045556
13.00757,3.3,2.227692,1.0,0.0,3.3,1.6157122189674116,0.589717787741616,0.01437021402425089,3.3,1.6168903444632323,0.5897603628460562,0.014370656790184714,0.5897603628460562,0.014370656790184714,0.0,0.0,0.0,0.5897603628460562,0.014370656790184714,0.0,0.0,3.3,1.605261102089225,0.5878967554206719,0.014044691992134943,0.5897331808048385,0.014370374106630055,1.9825400579867236,1.0499307798000677,17.3215650267486,6.001036999999853,0.3577111150157394,6.001036999999853,0.3577111150157393,6.001036999999853,5.219130021387803,0.0,0.0,9.173426943869972,0.0,5.219130021387803,0.9836695726366651,0.0017584278454500744,8.818655112980877e-220,0.0,0.0,0.0,0.0,0.0,0.5897331808048385,0.014370374106630055,0.0018364253841666538,0.0003256821144951172,3.3,1.6052791592966387,0.5879348564865555,0.014060062031415962,0.58983372410192,0.014371419721136642,1.989793232604878,1.0479966527250213,16.847080496176318,6.001036999999853,0.3577111150157394,6.001036999999853,0.3577111150157393,5.838599999999777,0.8118785000001125,5.838599999999807,0.8118785000001125,5.838599999999777,5.056334723709331,3.019806626980426e-14,0.0,9.13444624900007,0.0,5.056334723709331,0.98220468082083,0.0017569772580105995,7.31672595170954e-220,0.0,0.0,0.0,0.0,0.0,0.58983372410192,0.014371419721136642,0.0018988676153645061,0.0003113576897206746
13.0409,3.3,2.227692,1.0,0.0,3.3,1.6463908423356968,0.59890916230177,0.014465801048492963,3.3,1.6473558443468388,0.5997761216920042,0.014474817117603067,0.5997761216920042,0.014474817117603067,0.0,0.0,0.0,0.5997761216920042,0.014474817117603067,0.0,0.0,3.3,1.6366790914282925,0.5983285139759748,0.014459461872916246,0.5989091623017526,0.014465801048492778,1.9825400579866768,0.8991390292914492,17.321565026748317,6.001036999999853,0.3577111150157394,6.001036999999853,0.3577111150157393,6.001036999999853,5.2191300213876834,0.0,0.0,9.17342694386975,0.0,5.2191300213876834,0.983669572636687,0.0017584278454500957,8.647671833696442e-223,0.0,0.0,0.0,0.0,0.0,0.5989091623017526,0.014465801048492778,0.0005806483257778915,6.339175576535153e-06,3.3,1.636680319483707,0.5983494650154639,0.014459695161622965,0.5991734667894923,0.014468549721100073,1.9897932326048005,0.8979239264259802,16.847080496175753,6.001036999999853,0.3577111150157394,6.001036999999853,0.3577111150157393,5.838599999999777,0.8118785000001125,5.838599999999807,0.8118785000001125,5.838599999999777,5.056334723709137,3.019806626980426e-14,0.0,9.134446248999735,0.0,5.056334723709137,0.9822046808208655,0.001756977258010634,7.156750893727093e-223,0.0,0.0,0.0,0.0,0.0,0.5991734667894923,0.014468549721100073,0.0008240017740283373,8.854559477106404e-06
13.07423,3.3,2.227692,1.0,0.0,3.3,1.675014426715742,0.6156249574902147,0.013942351586998226,3.3,1.676012868127162,0.6153759363672626,0.013939885205307525,0.6153759363672626,0.013939885205307525,0.0,0.0,0.0,0.6153759363672626,0.013939885205307525,0.0,0.0,3.3,1.6655646710627992,0.6128596810885693,0.013772654255509017,0.6156123732284038,0.013942226948603888,1.9825400579866355,0.8650048841526524,17.321565026747912,6.001036999999853,0.3577111150157394,6.001036999999853,0.3577111150157393,6.001036999999853,5.219130021387589,0.0,0.0,9.173426943869531,0.0,5.219130021387589,0.9836695726367043,0.001758427845450113,8.872709443480907e-226,0.0,0.0,0.0,0.0,0.0,0.6156123732284038,0.013942226948603888,0.002752692139834484,0.00016957269309487034,3.3,1.665674886716016,0.6128412509205614,0.013771807526698255,0.6153370292598535,0.013939499857365095,1.9897932326047307,0.8661450789632928,16.847080496175256,6.001036999999853,0.3577111150157394,6.001036999999853,0.3577111150157393,5.838599999999777,0.8118785000001125,5.838599999999807,0.8118785000001125,5.838599999999777,5.056334723708959,3.019806626980426e-14,0.0,9.134446248999431,0.0,5.056334723708959,0.9822046808208978,0.0017569772580106663,7.530020731786117e-226,0.0,0.0,0.0,0.0,0.0,0.6153370292598535,0.013939499857365095,0.002495778339292008,0.00016769233066683554
13.107569999999999,3.3,2.227692,1.0,0.0,3.3,1.702147228229482,0.6259749186335256,0.011914903054247753,3.3,1.703096650903829,0.6260284498897368,0.011945838271339364,0.6260284498897368,0.011945838271339364,0.0,0.0,0.0,0.6260284498897368,0.011945838271339364,0.0,0.0,3.3,1.6927256601705813,0.6251253309245106,0.012508898464087596,0.6259942729022349,0.011926087706851607,1.9825400579865935,0.8119050720778005,17.321565026747464,6.001036999999853,0.3577111150157394,6.001036999999853,0.3577111150157393,6.001036999999853,5.219130021387487,0.0,0.0,9.173426943869307,0.0,5.219130021387487,0.983669572636723,0.001758427845450132,8.982735133998165e-229,0.0,0.0,0.0,0.0,0.0,0.6259942729022349,0.011926087706851607,0.0008689419777242322,0.0005828107572359853,3.3,1.692843487853418,0.6250776702337364,0.012431989026363643,0.6261624245653356,0.012023260995328649,1.9897932326046717,0.8141639119609719,16.8470804961748,6.001036999999853,0.3577111150157394,6.001036999999853,0.3577111150157393,5.838599999999777,0.8118785000001125,5.838599999999807,0.8118785000001125,5.838599999999777,5.05633472370881,3.019806626980426e-14,0.0,9.134446248999163,0.0,5.05633472370881,0.9822046808209253,0.001756977258010693,7.55582574811054e-229,0.0,0.0,0.0,0.0,0.0,0.6261624245653356,0.012023260995328649,0.00108475433159909,0.0004087280310349949
13.1409,3.3,2.227692,1.0,0.0,3.3,1.72841619025315,0.6402834103829358,0.013477091151247093,3.3,1.7292751256984915,0.6411651217057556,0.0134853871570997,0.6411651217057556,0.0134853871570997,0.0,0.0,0.0,0.6411651217057556,0.0134853871570997,0.0,0.0,3.3,1.719257851561899,0.6396548500463982,0.01346869010438646,0.6402834103829137,0.013477091151246888,1.9825400579865446,0.780273082160281,17.321565026747056,6.001036999999853,0.3577111150157394,6.001036999999853,0.3577111150157393,6.001036999999853,5.219130021387347,0.0,0.0,9.173426943869096,0.0,5.219130021387347,0.9836695726367487,0.0017584278454501568,8.808570537413122e-232,0.0,0.0,0.0,0.0,0.0,0.6402834103829137,0.013477091151246888,0.00062856033651553,8.401046860429338e-06,3.3,1.7193147445784431,0.6396627341573704,0.013468863899256816,0.640600383016546,0.013480073541010601,1.989793232604603,0.7788717036574884,16.84708049617428,6.001036999999853,0.3577111150157394,6.001036999999853,0.3577111150157393,5.838599999999777,0.8118785000001125,5.838599999999807,0.8118785000001125,5.838599999999777,5.05633472370864,3.019806626980426e-14,0.0,9.134446248998898,0.0,5.05633472370864,0.982204680820956,0.001756977258010724,7.50078174552361e-232,0.0,0.0,0.0,0.0,0.0,0.640600383016546,0.013480073541010601,0.0009376488591756275,1.1209641753788124e-05
13.17423,3.3,2.227692,1.0,0.0,3.3,1.7531032615815552,0.6543370850146002,0.01289289231445378,3.3,1.7539492010577014,0.6541063910133877,0.01289083598466151,0.6541063910133877,0.01289083598466151,0.0,0.0,0.0,0.6541063910133877,0.01289083598466151,0.0,0.0,3.3,1.7443574390294598,0.6512966547907364,0.012398368708011618,0.6543254269123716,0.01289278839799818,1.9825400579864985,0.744608717125074,17.321565026746732,6.001036999999853,0.3577111150157394,6.001036999999853,0.3577111150157393,6.001036999999853,5.2191300213872225,0.0,0.0,9.173426943868874,0.0,5.2191300213872225,0.9836695726367713,0.0017584278454501798,9.03779520011921e-235,0.0,0.0,0.0,0.0,0.0,0.6543254269123716,0.01289278839799818,0.0030287721216352135,0.0004944196899865645,3.3,1.744419931987208,0.6512833130922441,0.01241459713684423,0.6539943156861425,0.01288983698237632,1.9897932326045409,0.743337155197433,16.847080496173785,6.001036999999853,0.3577111150157394,6.001036999999853,0.3577111150157393,5.838599999999777,0.8118785000001125,5.838599999999807,0.8118785000001125,5.838599999999777,5.056334723708488,3.019806626980426e-14,0.0,9.134446248998662,0.0,5.056334723708488,0.9822046808209838,0.0017569772580107513,7.790465322090381e-235,0.0,0.0,0.0,0.0,0.0,0.6539943156861425,0.01288983698237632,0.002711002593898425,0.00047523984553208886
13.20757,3.3,2.227692,1.0,0.0,3.3,1.775986815222172,0.666308407581242,0.012999600712232834,3.3,1.776777329311374,0.6663300146941241,0.012999793310868736,0.6663300146941241,0.012999793310868736,0.0,0.0,0.0,0.6663300146941241,0.012999793310868736,0.0,0.0,3.3,1.7673323606628668,0.6648545149321022,0.012986167977032352,0.6663162196502752,0.012999670346424482,1.982540057986464,0.6855181038888835,17.321565026746267,6.001036999999853,0.3577111150157394,6.001036999999853,0.3577111150157393,6.001036999999853,5.219130021387108,0.0,0.0,9.17342694386862,0.0,5.219130021387108,0.9836695726367924,0.0017584278454502004,9.149868030177173e-238,0.0,0.0,0.0,0.0,0.0,0.6663162196502752,0.012999670346424482,0.0014617047181730148,1.3502369392131233e-05,3.3,1.767360185126852,0.6648585825872992,0.01298622065536616,0.6663636853119833,0.013000093439585844,1.9897932326044752,0.6839633325990884,16.84708049617321,6.001036999999853,0.3577111150157394,6.001036999999853,0.3577111150157393,5.838599999999777,0.8118785000001125,5.838599999999807,0.8118785000001125,5.838599999999777,5.056334723708353,3.019806626980426e-14,0.0,9.134446248998387,0.0,5.056334723708353,0.9822046808210084,0.0017569772580107756,7.889306613228345e-238,0.0,0.0,0.0,0.0,0.0,0.6663636853119833,0.013000093439585844,0.0015051027246840221,1.3872784219683804e-05
13.2409,3.3,2.227692,1.0,0.0,3.3,1.798778535036123,0.6770434751335558,0.01236763027693455,3.3,1.7995142324347888,0.6780132339534071,0.012375794061872855,0.6780132339534071,0.012375794061872855,0.0,0.0,0.0,0.6780132339534071,0.012375794061872855,0.0,0.0,3.3,1.7901715173832065,0.6763253755796392,0.012202706349950205,0.6770434751335334,0.01236763027693436,1.9825400579864128,0.6728096020427886,17.321565026745784,6.001036999999853,0.3577111150157394,6.001036999999853,0.3577111150157393,6.001036999999853,5.219130021386961,0.0,0.0,9.173426943868389,0.0,5.219130021386961,0.9836695726368193,0.0017584278454502269,8.972462924659026e-241,0.0,0.0,0.0,0.0,0.0,0.6770434751335334,0.01236763027693436,0.0007180995538941244,0.00016492392698415413,3.3,1.7901810716971358,0.6763280749172684,0.01220794859317986,0.6773487251262471,0.012370199983176702,1.989793232604408,0.6716962563680481,16.8470804961727,6.001036999999853,0.3577111150157394,6.001036999999853,0.3577111150157393,5.838599999999777,0.8118785000001125,5.838599999999807,0.8118785000001125,5.838599999999777,5.056334723708192,3.019806626980426e-14,0.0,9.134446248998131,0.0,5.056334723708192,0.9822046808210378,0.001756977258010805,7.735608530131219e-241,0.0,0.0,0.0,0.0,0.0,0.6773487251262471,0.012370199983176702,0.0010206502089786993,0.00016225138999683894
13.274230000000001,3.3,2.227692,1.0,0.0,3.3,1.8200783708610386,0.6924422268868059,0.012497262609282125,3.3,1.8208285775985944,0.6920713632843224,0.012494140543640493,0.6920713632843224,0.012494140543640493,0.0,0.0,0.0,0.6920713632843224,0.012494140543640493,0.0,0.0,3.3,1.811940972252538,0.6893293640180722,0.012470894376323764,0.692423485325393,0.012497104835953692,1.9825400579863595,0.6384565526130856,17.321565026745503,6.001036999999853,0.3577111150157394,6.001036999999853,0.3577111150157393,6.001036999999853,5.219130021386864,0.0,0.0,9.173426943868183,0.0,5.219130021386864,0.9836695726368371,0.0017584278454502449,9.205952544645782e-244,0.0,0.0,0.0,0.0,0.0,0.692423485325393,0.012497104835953692,0.003094121307320827,2.6210459629931427e-05,3.3,1.811959025523548,0.6892555641618242,0.012470277358415676,0.6918911910241289,0.012492623787562636,1.9897932326043488,0.6385816463591886,16.847080496172236,6.001036999999853,0.3577111150157394,6.001036999999853,0.3577111150157393,5.838599999999777,0.8118785000001125,5.838599999999807,0.8118785000001125,5.838599999999777,5.056334723708033,3.019806626980426e-14,0.0,9.134446248997879,0.0,5.056334723708033,0.9822046808210667,0.0017569772580108332,7.992239858482185e-244,0.0,0.0,0.0,0.0,0.0,0.6918911910241289,0.012492623787562636,0.00263562686230466,2.2346429146958694e-05
13.30757,3.3,2.227692,1.0,0.0,3.3,1.840248836768021,0.7012593449840531,0.011656167798588515,3.3,1.8409202496659924,0.7013141946483729,0.0116755762316154,0.7013141946483729,0.0116755762316154,0.0,0.0,0.0,0.7013141946483729,0.0116755762316154,0.0,0.0,3.3,1.8321567144358053,0.699563981585781,0.011167306731441957,0.7012791759242932,0.011663184933155994,1.982540057986324,0.6051838451530439,17.32156502674509,6.001036999999853,0.3577111150157394,6.001036999999853,0.3577111150157393,6.001036999999853,5.219130021386747,0.0,0.0,9.173426943867963,0.0,5.219130021386747,0.9836695726368585,0.001758427845450266,9.32011060335646e-247,0.0,0.0,0.0,0.0,0.0,0.7012791759242932,0.011663184933155994,0.0017151943385121644,0.0004958782017140367,3.3,1.8321367076424375,0.699476919278188,0.011131862549375307,0.7014250274047483,0.011714794158579525,1.9897932326042829,0.6048306169693638,16.84708049617171,6.001036999999853,0.3577111150157394,6.001036999999853,0.3577111150157393,5.838599999999777,0.8118785000001125,5.838599999999807,0.8118785000001125,5.838599999999777,5.056334723707867,3.019806626980426e-14,0.0,9.13444624899762,0.0,5.056334723707867,0.9822046808210972,0.001756977258010864,7.947710390566891e-247,0.0,0.0,0.0,0.0,0.0,0.7014250274047483,0.011714794158579525,0.0019481081265603005,0.0005829316092042176
13.3409,3.3,2.227692,1.0,0.0,3.3,1.8593743340784314,0.712680403312355,0.01192234222411397,3.3,1.8599984395804512,0.7133321217065578,0.011927505838450909,0.7133321217065578,0.011927505838450909,0.0,0.0,0.0,0.7133321217065578,0.011927505838450909,0.0,0.0,3.3,1.851377912196939,0.7121488781503809,0.011917294033460922,0.7126804033123413,0.01192234222411386,1.9825400579862729,0.5658701067721512,17.321565026744654,6.001036999999853,0.3577111150157394,6.001036999999853,0.3577111150157393,6.001036999999853,5.219130021386619,0.0,0.0,9.173426943867712,0.0,5.219130021386619,0.9836695726368819,0.0017584278454502887,9.13940469595614e-250,0.0,0.0,0.0,0.0,0.0,0.7126804033123413,0.01192234222411386,0.0005315251619604471,5.048190652933417e-06,3.3,1.8513309956297097,0.7121393686837487,0.01191722063250238,0.7128818559707616,0.011923938348827365,1.989793232604218,0.5656667722279676,16.847080496171163,6.001036999999853,0.3577111150157394,6.001036999999853,0.3577111150157393,5.838599999999777,0.8118785000001125,5.838599999999807,0.8118785000001125,5.838599999999777,5.056334723707719,3.019806626980426e-14,0.0,9.134446248997344,0.0,5.056334723707719,0.982204680821124,0.00175697725801089,7.879869646775814e-250,0.0,0.0,0.0,0.0,0.0,0.7128818559707616,0.011923938348827365,0.0007424872870129399,6.717716324985674e-06
13.37423,3.3,2.227692,1.0,0.0,3.3,1.8789018452607655,0.7267319957318051,0.011037458675865607,3.3,1.8795779436299345,0.7264771469040772,0.010992129391250554,0.7264771469040772,0.010992129391250554,0.0,0.0,0.0,0.7264771469040772,0.010992129391250554,0.0,0.0,3.3,1.8709521811557792,0.7246842484210446,0.010204240009264702,0.7267191169674213,0.011035167964225075,1.9825400579862285,0.6094034842739621,17.321565026744196,6.001036999999853,0.3577111150157394,6.001036999999853,0.3577111150157393,6.001036999999853,5.219130021386503,0.0,0.0,9.173426943867515,0.0,5.219130021386503,0.9836695726369031,0.0017584278454503097,9.377238627105154e-253,0.0,0.0,0.0,0.0,0.0,0.7267191169674213,0.011035167964225075,0.002034868546376631,0.0008309279549603742,3.3,1.8709508164594548,0.7245777786825383,0.01023192404423759,0.7261975140531759,0.010942391838210882,1.9897932326041519,0.6097265167627188,16.847080496170637,6.001036999999853,0.3577111150157394,6.001036999999853,0.3577111150157393,5.838599999999777,0.8118785000001125,5.838599999999807,0.8118785000001125,5.838599999999777,5.05633472370755,3.019806626980426e-14,0.0,9.134446248997053,0.0,5.05633472370755,0.9822046808211548,0.0017569772580109213,8.236186758779618e-253,0.0,0.0,0.0,0.0,0.0,0.7261975140531759,0.010942391838210882,0.0016197353706376486,0.0007104677939732912
13.40757,3.3,2.227692,1.0,0.0,3.3,1.8964058006810363,0.7356905781703738,0.011347981910963026,3.3,1.8969829461632124,0.7357198414885361,0.01134819927295842,0.7357198414885361,0.01134819927295842,0.0,0.0,0.0,0.7357198414885361,0.01134819927295842,0.0,0.0,3.3,1.8887797571772706,0.7347340934274792,0.011338963483268058,0.7357011583465912,0.01134806049836728,1.982540057986176,0.5191605885909206,17.321565026743887,6.001036999999853,0.3577111150157394,6.001036999999853,0.3577111150157393,6.001036999999853,5.219130021386377,0.0,0.0,9.173426943867286,0.0,5.219130021386377,0.9836695726369262,0.001758427845450333,9.493520712264844e-256,0.0,0.0,0.0,0.0,0.0,0.7357011583465912,0.01134806049836728,0.0009670649191120235,9.097015099222106e-06,3.3,1.8887423975281952,0.7346681050963951,0.011338549140650862,0.7357525256855232,0.011348442044548282,1.989793232604089,0.5175034606465355,16.847080496170125,6.001036999999853,0.3577111150157394,6.001036999999853,0.3577111150157393,5.838599999999777,0.8118785000001125,5.838599999999807,0.8118785000001125,5.838599999999777,5.0563347237073835,3.019806626980426e-14,0.0,9.134446248996772,0.0,5.0563347237073835,0.9822046808211854,0.0017569772580109508,8.358078360115196e-256,0.0,0.0,0.0,0.0,0.0,0.7357525256855232,0.011348442044548282,0.001084420589128046,9.892903897421754e-06
13.440900000000001,3.3,2.227692,1.0,0.0,3.3,1.9125894252884728,0.7461035933091491,0.011425327676609948,3.3,1.9131277139451472,0.7463425128197773,0.011352169882130426,0.7463425128197773,0.011352169882130426,0.0,0.0,0.0,0.7463425128197773,0.011352169882130426,0.0,0.0,3.3,1.9050239000005726,0.7455114022900291,0.011420801540990455,0.7461035933091417,0.011425327676609899,1.9825400579861308,0.4802015927476435,17.321565026743514,6.001036999999853,0.3577111150157394,6.001036999999853,0.3577111150157393,6.001036999999853,5.219130021386267,0.0,0.0,9.173426943867074,0.0,5.219130021386267,0.9836695726369463,0.0017584278454503535,9.309452588205346e-259,0.0,0.0,0.0,0.0,0.0,0.7461035933091417,0.011425327676609899,0.0005921910191126226,4.526135619440218e-06,3.3,1.904995284749904,0.7455108890311077,0.011420923387144595,0.7462070748604057,0.01142609631659612,1.989793232604021,0.48015369138568087,16.84708049616957,6.001036999999853,0.3577111150157394,6.001036999999853,0.3577111150157393,5.838599999999777,0.8118785000001125,5.838599999999807,0.8118785000001125,5.838599999999777,5.056334723707253,3.019806626980426e-14,0.0,9.134446248996493,0.0,5.056334723707253,0.9822046808212092,0.001756977258010975,8.195247748963953e-259,0.0,0.0,0.0,0.0,0.0,0.7462070748604057,0.01142609631659612,0.000696185829297983,5.172929451525502e-06
13.474229999999999,3.3,2.227692,1.0,0.0,3.3,1.9284245249159324,0.757906252042192,0.010745338873551759,3.3,1.928985949061674,0.7577983956075953,0.010744591155552331,0.7577983956075953,0.010744591155552331,0.0,0.0,0.0,0.7577983956075953,0.010744591155552331,0.0,0.0,3.3,1.9211769249548478,0.7555780658410887,0.01070445422987952,0.7579008015262086,0.010745301087684627,1.9825400579860935,0.480737879996741,17.321565026743123,6.001036999999853,0.3577111150157394,6.001036999999853,0.3577111150157393,6.001036999999853,5.219130021386153,0.0,0.0,9.17342694386679,0.0,5.219130021386153,0.9836695726369673,0.0017584278454503737,9.551711660830328e-262,0.0,0.0,0.0,0.0,0.0,0.7579008015262086,0.010745301087684627,0.002322735685119934,4.084685780511044e-05,3.3,1.9212024358966961,0.7555405072629832,0.010702561846075858,0.7576040038553948,0.010743243528842763,1.9897932326039567,0.4808341399343145,16.847080496169045,6.001036999999853,0.3577111150157394,6.001036999999853,0.3577111150157393,5.838599999999777,0.8118785000001125,5.838599999999807,0.8118785000001125,5.838599999999777,5.056334723707129,3.019806626980426e-14,0.0,9.134446248996236,0.0,5.056334723707129,0.9822046808212316,0.001756977258010997,8.603315105234171e-262,0.0,0.0,0.0,0.0,0.0,0.7576040038553948,0.010743243528842763,0.002063496592411737,4.068168276690427e-05
13.50757,3.3,2.227692,1.0,0.0,3.3,1.9435984081511275,0.7679087656892339,0.010814681602350528,3.3,1.944122120902585,0.7679326958919638,0.010814847499205707,0.7679326958919638,0.010814847499205707,0.0,0.0,0.0,0.7679326958919638,0.010814847499205707,0.0,0.0,3.3,1.936305890810844,0.7668435328579408,0.010807271792225858,0.7679174176732816,0.01081474158249197,1.982540057986048,0.45534564739042427,17.32156502674272,6.001036999999853,0.3577111150157394,6.001036999999853,0.3577111150157393,6.001036999999853,5.219130021386026,0.0,0.0,9.173426943866588,0.0,5.219130021386026,0.9836695726369905,0.0017584278454503969,9.670157292093933e-265,0.0,0.0,0.0,0.0,0.0,0.7679174176732816,0.01081474158249197,0.0010738848153408328,7.4697902661129325e-06,3.3,1.9362715182963486,0.7667723172263056,0.010806776427886949,0.7679455772268956,0.010814936799450258,1.9897932326038974,0.45291933188484007,16.847080496168577,6.001036999999853,0.3577111150157394,6.001036999999853,0.3577111150157393,5.838599999999777,0.8118785000001125,5.838599999999807,0.8118785000001125,5.838599999999777,5.056334723706993,3.019806626980426e-14,0.0,9.134446248995978,0.0,5.056334723706993,0.9822046808212567,0.0017569772580110215,8.712469403921682e-265,0.0,0.0,0.0,0.0,0.0,0.7679455772268956,0.010814936799450258,0.0011732600005901186,8.160371563307769e-06
13.5409,3.3,2.227692,1.0,0.0,3.3,1.9596121611152892,0.7775198045024356,0.008793505056296684,3.3,1.9601593273530904,0.7783713199073239,0.009252746484313451,0.7783713199073239,0.009252746484313451,0.0,0.0,0.0,0.7783713199073239,0.009252746484313451,0.0,0.0,3.3,1.952110432312066,0.7772021647848544,0.008960373645068126,0.7775198045024171,0.008793505056286626,1.9825400579860055,0.4815123977491367,17.321565026742324,6.001036999999853,0.3577111150157394,6.001036999999853,0.3577111150157393,6.001036999999853,5.219130021385865,0.0,0.0,9.173426943866394,0.0,5.219130021385865,0.9836695726370198,0.0017584278454504266,9.482664393928295e-268,0.0,0.0,0.0,0.0,0.0,0.7775198045024171,0.008793505056286626,0.00031763971756270846,0.00016686858878150055,3.3,1.9520499228805543,0.7771358952976407,0.008931708075612116,0.7777878351363238,0.00893806001132442,1.989793232603827,0.4786340568185854,16.84708049616804,6.001036999999853,0.3577111150157394,6.001036999999853,0.3577111150157393,5.838599999999777,0.8118785000001125,5.838599999999807,0.8118785000001125,5.838599999999777,5.056334723706867,3.019806626980426e-14,0.0,9.134446248995719,0.0,5.056334723706867,0.9822046808212795,0.001756977258011044,8.558033374856517e-268,0.0,0.0,0.0,0.0,0.0,0.7777878351363238,0.00893806001132442,0.0006519398386829658,0.00013935850073021737
13.57423,3.3,2.227692,1.0,0.0,3.3,1.9727848802064611,0.7859260752303416,0.010158071684613237,3.3,1.9732171708941695,0.7857762682697194,0.010157107336020354,0.7857762682697194,0.010157107336020354,0.0,0.0,0.0,0.7857762682697194,0.010157107336020354,0.0,0.0,3.3,1.9660377753189264,0.7843442615848569,0.010146612429264866,0.7859185047480052,0.01015802295133704,1.9825400579859584,0.39663070171844333,17.321565026741993,6.001036999999853,0.3577111150157394,6.001036999999853,0.3577111150157393,6.001036999999853,5.2191300213857685,0.0,0.0,9.173426943866216,0.0,5.2191300213857685,0.9836695726370379,0.0017584278454504437,9.72943094226341e-271,0.0,0.0,0.0,0.0,0.0,0.7859185047480052,0.01015802295133704,0.0015742431631481843,1.1410522072176727e-05,3.3,1.965995082057232,0.7842653291321191,0.010146135045753148,0.785499373398225,0.010155324887604122,1.9897932326037677,0.3969717655720378,16.847080496167557,6.001036999999853,0.3577111150157394,6.001036999999853,0.3577111150157393,5.838599999999777,0.8118785000001125,5.838599999999807,0.8118785000001125,5.838599999999777,5.056334723706736,3.019806626980426e-14,0.0,9.134446248995474,0.0,5.056334723706736,0.9822046808213033,0.0017569772580110683,8.841948915680132e-271,0.0,0.0,0.0,0.0,0.0,0.785499373398225,0.010155324887604122,0.0012340442661058488,9.18984185097858e-06
13.60757,3.3,2.227692,1.0,0.0,3.3,1.984647403924853,0.7941258800249226,0.010210856082499076,3.3,1.9850530850562218,0.7941510127485645,0.010211017868751048,0.7941510127485645,0.010211017868751048,0.0,0.0,0.0,0.7941510127485645,0.010211017868751048,0.0,0.0,3.3,1.9778553837602875,0.7932528039638944,0.010205234559341508,0.7941349667813776,0.01021091457644865,1.982540057985916,0.35528782047317053,17.321565026741506,6.001036999999853,0.3577111150157394,6.001036999999853,0.3577111150157393,6.001036999999853,5.219130021385669,0.0,0.0,9.173426943866003,0.0,5.219130021385669,0.983669572637056,0.0017584278454504608,9.850080374609868e-274,0.0,0.0,0.0,0.0,0.0,0.7941349667813776,0.01021091457644865,0.0008821628174831797,5.680017107146696e-06,3.3,1.9777824015598233,0.7931549964383554,0.010204604976158561,0.7941488423999995,0.01021100389762063,1.989793232603702,0.3535927574736981,16.847080496167052,6.001036999999853,0.3577111150157394,6.001036999999853,0.3577111150157393,5.838599999999777,0.8118785000001125,5.838599999999807,0.8118785000001125,5.838599999999777,5.056334723706602,3.019806626980426e-14,0.0,9.134446248995209,0.0,5.056334723706602,0.982204680821328,0.0017569772580110926,8.954130873683251e-274,0.0,0.0,0.0,0.0,0.0,0.7941488423999995,0.01021100389762063,0.0009938459616440406,6.3989214620631454e-06
13.6409,3.3,2.227692,1.0,0.0,3.3,1.996779393323287,0.8012182125106131,0.009371659296584504,3.3,1.997162293852783,0.8017044118850736,0.009461278340201187,0.8017044118850736,0.009461278340201187,0.0,0.0,0.0,0.8017044118850736,0.009461278340201187,0.0,0.0,3.3,1.9899169889958586,0.8007602268713949,0.009261294009126463,0.8012182125106017,0.009371659296581044,1.9825400579858776,0.3554701029667104,17.321565026741045,6.001036999999853,0.3577111150157394,6.001036999999853,0.3577111150157393,6.001036999999853,5.219130021385527,0.0,0.0,9.173426943865774,0.0,5.219130021385527,0.983669572637082,0.0017584278454504875,9.659098980949962e-277,0.0,0.0,0.0,0.0,0.0,0.8012182125106017,0.009371659296581044,0.0004579856392067355,0.00011036528745457974,3.3,1.9898637984711156,0.8006971233053646,0.009242917692752694,0.8013799979223841,0.009420072832371833,1.989793232603634,0.35319918650183413,16.84708049616651,6.001036999999853,0.3577111150157394,6.001036999999853,0.3577111150157393,5.838599999999777,0.8118785000001125,5.838599999999807,0.8118785000001125,5.838599999999777,5.056334723706452,3.019806626980426e-14,0.0,9.134446248994925,0.0,5.056334723706452,0.9822046808213553,0.001756977258011119,8.842755423518777e-277,0.0,0.0,0.0,0.0,0.0,0.8013799979223841,0.009420072832371833,0.0006828746170196047,0.0001771551396191392
13.67423,3.3,2.227692,1.0,0.0,3.3,2.0081222005106203,0.8118280154037558,0.009530484751594355,3.3,2.008521922813549,0.8116745912800559,0.009529573100658271,0.8116745912800559,0.009529573100658271,0.0,0.0,0.0,0.8116745912800559,0.009529573100658271,0.0,0.0,3.3,2.001571052786853,0.8102195384032663,0.009520711086261886,0.8118202621283812,0.009530438681389862,1.9825400579858343,0.35208730369833957,17.3215650267407,6.001036999999853,0.3577111150157394,6.001036999999853,0.3577111150157393,6.001036999999853,5.21913002138539,0.0,0.0,9.17342694386558,0.0,5.21913002138539,0.983669572637107,0.001758427845450512,9.910456871132585e-280,0.0,0.0,0.0,0.0,0.0,0.8118202621283812,0.009530438681389862,0.0016007237251149426,9.727595127974679e-06,3.3,2.0015110508646288,0.8101095616619299,0.009520044776311114,0.8112859935214273,0.009527264040636479,1.9897932326035699,0.35199931677029694,16.847080496166026,6.001036999999853,0.3577111150157394,6.001036999999853,0.3577111150157393,5.838599999999777,0.8118785000001125,5.838599999999807,0.8118785000001125,5.838599999999777,5.0563347237063105,3.019806626980426e-14,0.0,9.134446248994687,0.0,5.0563347237063105,0.9822046808213809,0.001756977258011145,9.136116710038408e-280,0.0,0.0,0.0,0.0,0.0,0.8112859935214273,0.009527264040636479,0.0011764318594972643,7.21926432536471e-06
13.70757,3.3,2.227692,1.0,0.0,3.3,2.019262332184734,0.8208247107001844,0.009433186959386119,3.3,2.0196589000747744,0.8208374497014749,0.009428364865480305,0.8208374497014749,0.009428364865480305,0.0,0.0,0.0,0.8208374497014749,0.009428364865480305,0.0,0.0,3.3,2.012652560297391,0.8197869580433438,0.009467321707029292,0.8208293164963534,0.009431443527453646,1.982540057985789,0.33591832933464616,17.321565026740416,6.001036999999853,0.3577111150157394,6.001036999999853,0.3577111150157393,6.001036999999853,5.21913002138525,0.0,0.0,9.17342694386534,0.0,5.21913002138525,0.9836695726371328,0.0017584278454505374,1.0033351108508965e-282,0.0,0.0,0.0,0.0,0.0,0.8208293164963534,0.009431443527453646,0.0010423584530095396,3.587817957564641e-05,3.3,2.012558999120389,0.8197317382128109,0.00949405656597368,0.8208262443747848,0.009432606417570068,1.9897932326035082,0.3342961928179036,16.847080496165482,6.001036999999853,0.3577111150157394,6.001036999999853,0.3577111150157393,5.838599999999777,0.8118785000001125,5.838599999999807,0.8118785000001125,5.838599999999777,5.05633472370615,3.019806626980426e-14,0.0,9.134446248994434,0.0,5.05633472370615,0.9822046808214103,0.0017569772580111735,9.25203091385771e-283,0.0,0.0,0.0,0.0,0.0,0.8208262443747848,0.009432606417570068,0.0010945061619738832,6.145014840361103e-05
13.7409,3.3,2.227692,1.0,0.0,3.3,2.030533441832579,0.8277628975130755,0.00882297270371896,3.3,2.03089645641616,0.8282627543613482,0.008825695323599848,0.8282627543613482,0.008825695323599848,0.0,0.0,0.0,0.8282627543613482,0.008825695323599848,0.0,0.0,3.3,2.023913122419784,0.8272421093909565,0.008756453578957877,0.8277628975130644,0.008822972703718901,1.9825400579857388,0.32847042257421494,17.321565026740004,6.001036999999853,0.3577111150157394,6.001036999999853,0.3577111150157393,6.001036999999853,5.219130021385126,0.0,0.0,9.173426943865115,0.0,5.219130021385126,0.9836695726371554,0.0017584278454505606,9.838816312357497e-286,0.0,0.0,0.0,0.0,0.0,0.8277628975130644,0.008822972703718901,0.0005207881221079213,6.651912476102343e-05,3.3,2.0238470247459133,0.8271436437723663,0.008742352516690519,0.8279226150240265,0.008823842652929707,1.989793232603449,0.32844667709533176,16.84708049616491,6.001036999999853,0.3577111150157394,6.001036999999853,0.3577111150157393,5.838599999999777,0.8118785000001125,5.838599999999807,0.8118785000001125,5.838599999999777,5.056334723705998,3.019806626980426e-14,0.0,9.134446248994156,0.0,5.056334723705998,0.982204680821438,0.001756977258011201,9.11489169643802e-286,0.0,0.0,0.0,0.0,0.0,0.8279226150240265,0.008823842652929707,0.0007789712516603067,8.149013623918815e-05
13.774230000000001,3.3,2.227692,1.0,0.0,3.3,2.0409964672287013,0.8340139337398332,0.008857020842833059,3.3,2.0412859670574446,0.8339164442113116,0.008856489836947175,0.8339164442113116,0.008856489836947175,0.0,0.0,0.0,0.8339164442113116,0.008856489836947175,0.0,0.0,3.3,2.034903091822045,0.8337770311792485,0.008855665142460258,0.8340090071145907,0.008856994008494632,1.9825400579857042,0.3154519954575041,17.321565026739584,6.001036999999853,0.3577111150157394,6.001036999999853,0.3577111150157393,6.001036999999853,5.219130021385043,0.0,0.0,9.173426943864973,0.0,5.219130021385043,0.9836695726371707,0.001758427845450575,1.0094850970986196e-288,0.0,0.0,0.0,0.0,0.0,0.8340090071145907,0.008856994008494632,0.00023197593534218883,1.3288660343740577e-06,3.3,2.0348688194591813,0.8337080694057992,0.008855275067336675,0.8336273796388504,0.008854915360265374,1.989793232603382,0.3178016654830785,16.84708049616434,6.001036999999853,0.3577111150157394,6.001036999999853,0.3577111150157393,5.838599999999777,0.8118785000001125,5.838599999999807,0.8118785000001125,5.838599999999777,5.056334723705828,3.019806626980426e-14,0.0,9.134446248993834,0.0,5.056334723705828,0.982204680821469,0.001756977258011232,9.41538773380394e-289,0.0,0.0,0.0,0.0,0.0,0.8336273796388504,0.008854915360265374,8.069166409371917e-05,3.6038296103286043e-07
13.80757,3.3,2.227692,1.0,0.0,3.3,2.04873642797214,0.8396990787649737,0.008887986686203348,3.3,2.049000138634599,0.8397164064347151,0.00888808106654102,0.8397164064347151,0.00888808106654102,0.0,0.0,0.0,0.8397164064347151,0.00888808106654102,0.0,0.0,3.3,2.042706438774424,0.8390945409925287,0.008884693824203555,0.8397053435979172,0.008888020809490409,1.982540057985659,0.23363673514050126,17.321565026739094,6.001036999999853,0.3577111150157394,6.001036999999853,0.3577111150157393,6.001036999999853,5.219130021384898,0.0,0.0,9.173426943864758,0.0,5.219130021384898,0.9836695726371972,0.001758427845450601,1.0220031780280589e-291,0.0,0.0,0.0,0.0,0.0,0.8397053435979172,0.008888020809490409,0.0006108026053884859,3.3269852868528714e-06,3.3,2.042659764104458,0.8389804732244189,0.00888407250445286,0.8396797629662592,0.008887881476926379,1.9897932326033234,0.23239768412791295,16.84708049616379,6.001036999999853,0.3577111150157394,6.001036999999853,0.3577111150157393,5.838599999999777,0.8118785000001125,5.838599999999807,0.8118785000001125,5.838599999999777,5.056334723705652,3.019806626980426e-14,0.0,9.134446248993491,0.0,5.056334723705652,0.982204680821501,0.0017569772580112635,9.637071347269062e-292,0.0,0.0,0.0,0.0,0.0,0.8396797629662592,0.008887881476926379,0.0006992897418402746,3.8089724735187305e-06
13.91423,3.3,2.227692,1.0,0.0,3.3,2.0729659990312954,0.8599143318710074,0.008179994327017222,3.3,2.0732327183718273,0.8598205001869975,0.008179529712038816,0.8598205001869975,0.008179529712038816,0.0,0.0,0.0,0.8598205001869975,0.008179529712038816,0.0,0.0,3.3,2.067171129253718,0.8583815491742139,0.008172404613834209,0.8599097357262939,0.008179971568844443,1.9825400579854995,0.21926018550761828,17.321565026737854,6.001036999999853,0.3577111150157394,6.001036999999853,0.3577111150157393,6.001036999999853,5.219130021384547,0.0,0.0,9.173426943864005,0.0,5.219130021384547,0.9836695726372614,0.0017584278454506647,2.601768577845984e-301,0.0,0.0,0.0,0.0,0.0,0.8599097357262939,0.008179971568844443,0.0015281865520800526,7.566955010234821e-06,3.3,2.0671232977060146,0.8583014605717122,0.008172008046943475,0.8595400859814156,0.00817814121899997,1.989793232603115,0.22031009569420523,16.84708049616216,6.001036999999853,0.3577111150157394,6.001036999999853,0.3577111150157393,5.838599999999777,0.8118785000001125,5.838599999999807,0.8118785000001125,5.838599999999777,5.056334723705063,3.019806626980426e-14,0.0,9.134446248992516,0.0,5.056334723705063,0.9822046808216086,0.00175697725801137,2.5617840494832465e-301,0.0,0.0,0.0,0.0,0.0,0.8595400859814156,0.00817814121899997,0.001238625409703444,6.133172056496665e-06
14.25557,3.3,2.227692,1.0,0.0,3.3,2.133102844263166,0.9078845470537446,0.005892071651051465,3.3,2.133263129595229,0.9079779254525531,0.005892395299420837,0.9079779254525531,0.005892395299420837,0.0,0.0,0.0,0.9079779254525531,0.005892395299420837,0.0,0.0,3.3,2.127813547290136,0.9073174932000129,0.005890083920330736,0.9079614743173245,0.00589233827999066,1.9825400579850185,0.14378453862563365,17.321565026733715,6.001036999999853,0.3577111150157394,6.001036999999853,0.3577111150157393,6.001036999999853,5.219130021383174,0.0,0.0,9.173426943861854,0.0,5.219130021383174,0.983669572637513,0.0017584278454509145,3.964028460285e-312,0.0,0.0,0.0,0.0,0.0,0.9079614743173245,0.00589233827999066,0.0006439811173117136,2.254359659922782e-06,3.3,2.127819764702235,0.9072011442316675,0.005889683006571147,0.9077220262153753,0.005891508355846167,1.9897932326024543,0.14194399157011206,16.84708049615626,6.001036999999853,0.3577111150157394,6.001036999999853,0.3577111150157393,5.838599999999777,0.8118785000001125,5.838599999999807,0.8118785000001125,5.838599999999777,5.056334723703258,3.019806626980426e-14,0.0,9.134446248989436,0.0,5.056334723703258,0.9822046808219377,0.0017569772580116963,3.92060349901e-312,0.0,0.0,0.0,0.0,0.0,0.9077220262153753,0.005891508355846167,0.0005208819837078323,1.825349275019677e-06
15.347830000000002,3.3,2.227692,1.0,0.0,3.3,2.2102860078374036,0.9741882752180013,0.0005567701324729784,3.3,2.2103693509406126,0.9742282320073786,0.000582764443897944,0.9742282320073786,0.000582764443897944,0.0,0.0,0.0,0.9742282320073786,0.000582764443897944,0.0,0.0,3.3,2.2054462642869224,0.9739554482319764,0.0009572174219086645,0.9741988607341875,0.000563656651851302,1.9825400579833106,0.03187156300188783,17.321565026719504,6.001036999999853,0.3577111150157394,6.001036999999853,0.3577111150157393,6.001036999999853,5.219130021378848,0.0,0.0,9.173426943854198,0.0,5.219130021378848,0.9836695726383055,0.0017584278454516992,3.703204659263e-312,0.0,0.0,0.0,0.0,0.0,0.9741988607341875,0.000563656651851302,0.000243412502211017,0.00039356077005736254,3.3,2.2056106897989336,0.9731847791840834,0.0004062898108489727,0.9734833767098275,9.819096157095373e-05,1.9897932326002707,0.044249770852403746,16.847080496137576,6.001036999999853,0.3577111150157394,6.001036999999853,0.3577111150157393,5.838599999999777,0.8118785000001125,5.838599999999807,0.8118785000001125,5.838599999999777,5.056334723697261,3.019806626980426e-14,0.0,9.13444624897875,0.0,5.056334723697261,0.9822046808230315,0.0017569772580127787,3.8644280585e-312,0.0,0.0,0.0,0.0,0.0,0.9734833767098275,9.819096157095373e-05,0.00043851794463824477,0.0003080988492780189
16.447830000000003,3.3,2.227692,1.0,0.0,3.3,2.23113244610085,0.9941899778850758,0.0008844360186693621,3.3,2.2311217670406416,0.9941874792331592,0.0008844347815376301,0.9941874792331592,0.0008844347815376301,0.0,0.0,0.0,0.9941874792331592,0.0008844347815376301,0.0,0.0,3.3,2.226608782156917,0.9943118892884674,0.0008844963794091307,0.9941893159319828,0.0008844356909233599,1.9825400579814565,0.007207119799935497,17.321565026703002,6.001036999999853,0.3577111150157394,6.001036999999853,0.3577111150157393,6.001036999999853,5.219130021374004,0.0,0.0,9.17342694384545,0.0,5.219130021374004,0.9836695726391927,0.0017584278454525779,3.68743413961e-312,0.0,0.0,0.0,0.0,0.0,0.9941893159319828,0.0008844356909233599,0.00012257335648454862,6.068848577065483e-08,3.3,2.226671127395636,0.9943720929814862,0.000884526187442222,0.9942435012036891,0.0008844625191176302,1.989793232597833,0.007440338153447109,16.847080496117357,6.001036999999853,0.3577111150157394,6.001036999999853,0.3577111150157393,5.838599999999777,0.8118785000001125,5.838599999999807,0.8118785000001125,5.838599999999777,5.056334723690864,3.019806626980426e-14,0.0,9.134446248967354,0.0,5.056334723690864,0.9822046808241981,0.0017569772580139345,3.663621128428e-312,0.0,0.0,0.0,0.0,0.0,0.9942435012036891,0.0008844625191176302,0.00012859177779718782,6.366832459174456e-08
17.54783,3.3,2.227692,1.0,0.0,3.3,2.2303745759778173,0.993836573934458,0.0008842610414191893,3.3,2.230374575977822,0.993836573934458,0.0008842610414191893,0.993836573934458,0.0008842610414191893,0.0,0.0,0.0,0.993836573934458,0.0008842610414191893,0.0,0.0,3.3,2.2258225123534667,0.9938365739344539,0.0008842610414241848,0.993836573934458,0.0008842610414191893,1.982540057979631,0.006322348684655169,17.32156502668668,6.001036999999853,0.3577111150157394,6.001036999999853,0.3577111150157393,6.001036999999853,5.2191300213690806,0.0,0.0,9.17342694383682,0.0,5.2191300213690806,0.9836695726400946,0.0017584278454534704,3.68743408981e-312,0.0,0.0,0.0,0.0,0.0,0.993836573934458,0.0008842610414191893,4.1327607091214144e-15,4.99556992994421e-15,3.3,2.2258686609344265,0.9938365739344527,0.000884261041424185,0.993836573934458,0.0008842610414191893,1.989793232595376,0.006796334711295186,16.847080496096677,6.001036999999853,0.3577111150157394,6.001036999999853,0.3577111150157393,5.838599999999777,0.8118785000001125,5.838599999999807,0.8118785000001125,5.838599999999777,5.056334723684502,3.019806626980426e-14,0.0,9.134446248955973,0.0,5.056334723684502,0.9822046808253586,0.0017569772580150835,3.66362110648e-312,0.0,0.0,0.0,0.0,0.0,0.993836573934458,0.0008842610414191893,5.3527356419805705e-15,4.995678350161459e-15
18.647830000000003,3.3,2.227692,1.0,0.0,3.3,2.2303745759776397,0.993836573934458,0.0008842610414191893,3.3,2.230374575977641,0.993836573934458,0.0008842610414191893,0.993836573934458,0.0008842610414191893,0.0,0.0,0.0,0.993836573934458,0.0008842610414191893,0.0,0.0,3.3,2.2258225123532385,0.9938365739344539,0.0008842610414241848,0.993836573934458,0.0008842610414191893,1.9825400579777845,0.006322348682931052,17.321565026670235,6.001036999999853,0.3577111150157394,6.001036999999853,0.3577111150157393,6.001036999999853,5.21913002136426,0.0,0.0,9.173426943828252,0.0,5.21913002136426,0.9836695726409775,0.0017584278454543445,3.68743408982e-312,0.0,0.0,0.0,0.0,0.0,0.993836573934458,0.0008842610414191893,4.1327607091050014e-15,4.99556992994421e-15,3.3,2.2258686609341805,0.9938365739344527,0.000884261041424185,0.993836573934458,0.0008842610414191893,1.989793232593015,0.006796334706982274,16.847080496076337,6.001036999999853,0.3577111150157394,6.001036999999853,0.3577111150157393,5.838599999999777,0.8118785000001125,5.838599999999807,0.8118785000001125,5.838599999999777,5.05633472367806,3.019806626980426e-14,0.0,9.134446248944654,0.0,5.05633472367806,0.9822046808265332,0.0017569772580162467,3.66362110649e-312,0.0,0.0,0.0,0.0,0.0,0.993836573934458,0.0008842610414191893,5.352735642029325e-15,4.995678350161459e-15
19.74783,3.3,2.227692,1.0,0.0,3.3,2.2303745759776397,0.993836573934458,0.0008842610414191893,3.3,2.230374575977641,0.993836573934458,0.0008842610414191893,0.993836573934458,0.0008842610414191893,0.0,0.0,0.0,0.993836573934458,0.0008842610414191893,0.0,0.0,3.3,2.2258225123532482,0.9938365739344539,0.0008842610414241848,0.993836573934458,0.0008842610414191893,1.9825400579759176,0.006322348682632358,17.321565026653825,6.001036999999853,0.3577111150157394,6.001036999999853,0.3577111150157393,6.001036999999853,5.219130021359485,0.0,0.0,9.1734269438194,0.0,5.219130021359485,0.9836695726418523,0.0017584278454552114,3.687434089836e-312,0.0,0.0,0.0,0.0,0.0,0.993836573934458,0.0008842610414191893,4.132760709087099e-15,4.99556992994421e-15,3.3,2.2258686609341902,0.9938365739344527,0.000884261041424185,0.993836573934458,0.0008842610414191893,1.989793232590537,0.006796334706763225,16.847080496055327,6.001036999999853,0.3577111150157394,6.001036999999853,0.3577111150157393,5.838599999999777,0.8118785000001125,5.838599999999807,0.8118785000001125,5.838599999999777,5.056334723671659,3.019806626980426e-14,0.0,9.134446248933335,0.0,5.056334723671659,0.9822046808277007,0.0017569772580174026,3.663621106506e-312,0.0,0.0,0.0,0.0,0.0,0.993836573934458,0.0008842610414191893,5.352735642082573e-15,4.995678350161459e-15
20.847830000000002,3.3,2.227692,1.0,0.0,3.3,2.2303745759776397,0.993836573934458,0.0008842610414191893,3.3,2.230374575977641,0.993836573934458,0.0008842610414191893,0.993836573934458,0.0008842610414191893,0.0,0.0,0.0,0.993836573934458,0.0008842610414191893,0.0,0.0,3.3,2.2258225123532576,0.9938365739344539,0.0008842610414241848,0.993836573934458,0.0008842610414191893,1.9825400579740706,0.006322348682355958,17.321565026636822,6.001036999999853,0.3577111150157394,6.001036999999853,0.3577111150157393,6.001036999999853,5.219130021354612,0.0,0.0,9.173426943810332,0.0,5.219130021354612,0.9836695726427447,0.0017584278454560946,3.687434089846e-312,0.0,0.0,0.0,0.0,0.0,0.993836573934458,0.0008842610414191893,4.132760709070533e-15,4.99556992994421e-15,3.3,2.2258686609342,0.9938365739344527,0.000884261041424185,0.993836573934458,0.0008842610414191893,1.9897932325881,0.006796334706551945,16.847080496035527,6.001036999999853,0.3577111150157394,6.001036999999853,0.3577111150157393,5.838599999999777,0.8118785000001125,5.838599999999807,0.8118785000001125,5.838599999999777,5.056334723665346,3.019806626980426e-14,0.0,9.134446248922016,0.0,5.056334723665346,0.9822046808288523,0.0017569772580185426,3.66362110652e-312,0.0,0.0,0.0,0.0,0.0,0.993836573934458,0.0008842610414191893,5.352735642133933e-15,4.995678350161459e-15
22.0,3.3,2.227692,1.0,0.0,3.3,2.230374575977638,0.993836573934458,0.0008842610414191893,3.3,2.230374575977641,0.993836573934458,0.0008842610414191893,0.993836573934458,0.0008842610414191893,0.0,0.0,0.0,0.993836573934458,0.0008842610414191893,0.0,0.0,3.3,2.22574197202319,0.9938365739344528,0.0008842610414241847,0.993836573934458,0.0008842610414191893,1.982540057972149,0.01031106792879655,17.32156502661972,6.001036999999853,0.3577111150157394,6.001036999999853,0.3577111150157393,6.001036999999853,5.219130021349568,0.0,0.0,9.173426943801337,0.0,5.219130021349568,0.9836695726436688,0.00175842784545701,3.816678309476e-312,0.0,0.0,0.0,0.0,0.0,0.993836573934458,0.0008842610414191893,5.218048215738236e-15,4.995461509726962e-15,3.3,2.22574609087258,0.993836573934453,0.0008842610414241845,0.993836573934458,0.0008842610414191893,1.989793232585543,0.01527681062751185,16.84708049601426,6.001036999999853,0.3577111150157394,6.001036999999853,0.3577111150157393,5.838599999999777,0.8118785000001125,5.838599999999807,0.8118785000001125,5.838599999999777,5.056334723658677,3.019806626980426e-14,0.0,9.13444624891028,0.0,5.056334723658677,0.9822046808300686,0.001756977258019748,3.69868845152e-312,0.0,0.0,0.0,0.0,0.0,0.993836573934458,0.0008842610414191893,4.996003610813204e-15,4.995244669292465e-15
