time_ns,relative_time_ns,input_v,hspice_ibis_ku,hspice_ibis_kd,gate_state_gup,gate_state_gdn,gate_state_guptarget,gate_state_gdntarget,gate_state_ku,gate_state_kd
4.277,-0.748,0,0,1,0,1,0,1,0.311605322754,0.787068926011
4.279,-0.746,0,0,1,0,1,0,1,0.311605322754,0.787068926011
4.281,-0.744,0,0,1,0,1,0,1,0.311605322754,0.787068926011
4.283,-0.742,0,0,1,0,1,0,1,0.311605322754,0.787068926011
4.285,-0.74,0,0,1,0,1,0,1,0.311605322754,0.787068926011
4.287,-0.738,0,0,1,0,1,0,1,0.311605322754,0.787068926011
4.289,-0.736,0,0,1,0,1,0,1,0.311605322754,0.787068926011
4.291,-0.734,0,0,1,0,1,0,1,0.311605322754,0.787068926011
4.293,-0.732,0,0,1,0,1,0,1,0.311605322754,0.787068926011
4.295,-0.73,0,0,1,0,1,0,1,0.311605322754,0.787068926011
4.297,-0.728,0,0,1,0,1,0,1,0.311605322754,0.787068926011
4.299,-0.726,0,0,1,0,1,0,1,0.311605322754,0.787068926011
4.301,-0.724,0,0,1,0,1,0,1,0.311605322754,0.787068926011
4.303,-0.722,0,0,1,0,1,0,1,0.311605322754,0.787068926011
4.305,-0.72,0,0,1,0,1,0,1,0.311605322754,0.787068926011
4.307,-0.718,0,0,1,0,1,0,1,0.311605322754,0.787068926011
4.309,-0.716,0,0,1,0,1,0,1,0.311605322754,0.787068926011
4.311,-0.714,0,0,1,0,1,0,1,0.311605322754,0.787068926011
4.313,-0.712,0,0,1,0,1,0,1,0.311605322754,0.787068926011
4.315,-0.71,0,0,1,0,1,0,1,0.311605322754,0.787068926011
4.317,-0.708,0,0,1,0,1,0,1,0.311605322754,0.787068926011
4.319,-0.706,0,0,1,0,1,0,1,0.311605322754,0.787068926011
4.321,-0.704,0,0,1,0,1,0,1,0.311605322754,0.787068926011
4.323,-0.702,0,0,1,0,1,0,1,0.311605322754,0.787068926011
4.325,-0.7,0,0,1,0,1,0,1,0.311605322754,0.787068926011
4.327,-0.698,0,0,1,0,1,0,1,0.311605322754,0.787068926011
4.329,-0.696,0,0,1,0,1,0,1,0.311605322754,0.787068926011
4.331,-0.694,0,0,1,0,1,0,1,0.311605322754,0.787068926011
4.333,-0.692,0,0,1,0,1,0,1,0.311605322754,0.787068926011
4.335,-0.69,0,0,1,0,1,0,1,0.311605322754,0.787068926011
4.337,-0.688,0,0,1,0,1,0,1,0.311605322754,0.787068926011
4.339,-0.686,0,0,1,0,1,0,1,0.311605322754,0.787068926011
4.341,-0.684,0,0,1,0,1,0,1,0.311605322754,0.787068926011
4.343,-0.682,0,0,1,0,1,0,1,0.311605322754,0.787068926011
4.345,-0.68,0,0,1,0,1,0,1,0.311605322754,0.787068926011
4.347,-0.678,0,0,1,0,1,0,1,0.311605322754,0.787068926011
4.349,-0.676,0,0,1,0,1,0,1,0.311605322754,0.787068926011
4.351,-0.674,0,0,1,0,1,0,1,0.311605322754,0.787068926011
4.353,-0.672,0,0,1,0,1,0,1,0.311605322754,0.787068926011
4.355,-0.67,0,0,1,0,1,0,1,0.311605322754,0.787068926011
4.357,-0.668,0,0,1,0,1,0,1,0.311605322754,0.787068926011
4.359,-0.666,0,0,1,0,1,0,1,0.311605322754,0.787068926011
4.361,-0.664,0,0,1,0,1,0,1,0.311605322754,0.787068926011
4.363,-0.662,0,0,1,0,1,0,1,0.311605322754,0.787068926011
4.365,-0.66,0,0,1,0,1,0,1,0.311605322754,0.787068926011
4.367,-0.658,0,0,1,0,1,0,1,0.311605322754,0.787068926011
4.369,-0.656,0,0,1,0,1,0,1,0.311605322754,0.787068926011
4.371,-0.654,0,0,1,0,1,0,1,0.311605322754,0.787068926011
4.373,-0.652,0,0,1,0,1,0,1,0.311605322754,0.787068926011
4.375,-0.65,0,0,1,0,1,0,1,0.311605322754,0.787068926011
4.377,-0.648,0,0,1,0,1,0,1,0.311605322754,0.787068926011
4.379,-0.646,0,0,1,0,1,0,1,0.311605322754,0.787068926011
4.381,-0.644,0,0,1,0,1,0,1,0.311605322754,0.787068926011
4.383,-0.642,0,0,1,0,1,0,1,0.311605322754,0.787068926011
4.385,-0.64,0,0,1,0,1,0,1,0.311605322754,0.787068926011
4.387,-0.638,0,0,1,0,1,0,1,0.311605322754,0.787068926011
4.389,-0.636,0,0,1,0,1,0,1,0.311605322754,0.787068926011
4.391,-0.634,0,0,1,0,1,0,1,0.311605322754,0.787068926011
4.393,-0.632,0,0,1,0,1,0,1,0.311605322754,0.787068926011
4.395,-0.63,0,0,1,0,1,0,1,0.311605322754,0.787068926011
4.397,-0.628,0,0,1,0,1,0,1,0.311605322754,0.787068926011
4.399,-0.626,0,0,1,0,1,0,1,0.311605322754,0.787068926011
4.401,-0.624,0,0,1,0,1,0,1,0.311605322754,0.787068926011
4.403,-0.622,0,0,1,0,1,0,1,0.311605322754,0.787068926011
4.405,-0.62,0,0,1,0,1,0,1,0.311605322754,0.787068926011
4.407,-0.618,0,0,1,0,1,0,1,0.311605322754,0.787068926011
4.409,-0.616,0,0,1,0,1,0,1,0.311605322754,0.787068926011
4.411,-0.614,0,0,1,0,1,0,1,0.311605322754,0.787068926011
4.413,-0.612,0,0,1,0,1,0,1,0.311605322754,0.787068926011
4.415,-0.61,0,0,1,0,1,0,1,0.311605322754,0.787068926011
4.417,-0.608,0,0,1,0,1,0,1,0.311605322754,0.787068926011
4.419,-0.606,0,0,1,0,1,0,1,0.311605322754,0.787068926011
4.421,-0.604,0,0,1,0,1,0,1,0.311605322754,0.787068926011
4.423,-0.602,0,0,1,0,1,0,1,0.311605322754,0.787068926011
4.425,-0.6,0,0,1,0,1,0,1,0.311605322754,0.787068926011
4.427,-0.598,0,0,1,0,1,0,1,0.311605322754,0.787068926011
4.429,-0.596,0,0,1,0,1,0,1,0.311605322754,0.787068926011
4.431,-0.594,0,0,1,0,1,0,1,0.311605322754,0.787068926011
4.433,-0.592,0,0,1,0,1,0,1,0.311605322754,0.787068926011
4.435,-0.59,0,0,1,0,1,0,1,0.311605322754,0.787068926011
4.437,-0.588,0,0,1,0,1,0,1,0.311605322754,0.787068926011
4.439,-0.586,0,0,1,0,1,0,1,0.311605322754,0.787068926011
4.441,-0.584,0,0,1,0,1,0,1,0.311605322754,0.787068926011
4.443,-0.582,0,0,1,0,1,0,1,0.311605322754,0.787068926011
4.445,-0.58,0,0,1,0,1,0,1,0.311605322754,0.787068926011
4.447,-0.578,0,0,1,0,1,0,1,0.311605322754,0.787068926011
4.449,-0.576,0,0,1,0,1,0,1,0.311605322754,0.787068926011
4.451,-0.574,0,0,1,0,1,0,1,0.311605322754,0.787068926011
4.453,-0.572,0,0,1,0,1,0,1,0.311605322754,0.787068926011
4.455,-0.57,0,0,1,0,1,0,1,0.311605322754,0.787068926011
4.457,-0.568,0,0,1,0,1,0,1,0.311605322754,0.787068926011
4.459,-0.566,0,0,1,0,1,0,1,0.311605322754,0.787068926011
4.461,-0.564,0,0,1,0,1,0,1,0.311605322754,0.787068926011
4.463,-0.562,0,0,1,0,1,0,1,0.311605322754,0.787068926011
4.465,-0.56,0,0,1,0,1,0,1,0.311605322754,0.787068926011
4.467,-0.558,0,0,1,0,1,0,1,0.311605322754,0.787068926011
4.469,-0.556,0,0,1,0,1,0,1,0.311605322754,0.787068926011
4.471,-0.554,0,0,1,0,1,0,1,0.311605322754,0.787068926011
4.473,-0.552,0,0,1,0,1,0,1,0.311605322754,0.787068926011
4.475,-0.55,0,0,1,0,1,0,1,0.311605322754,0.787068926011
4.477,-0.548,0,0,1,0,1,0,1,0.311605322754,0.787068926011
4.479,-0.546,0,0,1,0,1,0,1,0.311605322754,0.787068926011
4.481,-0.544,0,0,1,0,1,0,1,0.311605322754,0.787068926011
4.483,-0.542,0,0,1,0,1,0,1,0.311605322754,0.787068926011
4.485,-0.54,0,0,1,0,1,0,1,0.311605322754,0.787068926011
4.487,-0.538,0,0,1,0,1,0,1,0.311605322754,0.787068926011
4.489,-0.536,0,0,1,0,1,0,1,0.311605322754,0.787068926011
4.491,-0.534,0,0,1,0,1,0,1,0.311605322754,0.787068926011
4.493,-0.532,0,0,1,0,1,0,1,0.311605322754,0.787068926011
4.495,-0.53,0,0,1,0,1,0,1,0.311605322754,0.787068926011
4.497,-0.528,0,0,1,0,1,0,1,0.311605322754,0.787068926011
4.499,-0.526,0,0,1,0,1,0,1,0.311605322754,0.787068926011
4.501,-0.524,0,0,1,0,1,0,1,0.311605322754,0.787068926011
4.503,-0.522,0,0,1,0,1,0,1,0.311605322754,0.787068926011
4.505,-0.52,0,0,1,0,1,0,1,0.311605322754,0.787068926011
4.507,-0.518,0,0,1,0,1,0,1,0.311605322754,0.787068926011
4.509,-0.516,0,0,1,0,1,0,1,0.311605322754,0.787068926011
4.511,-0.514,0,0,1,0,1,0,1,0.311605322754,0.787068926011
4.513,-0.512,0,0,1,0,1,0,1,0.311605322754,0.787068926011
4.515,-0.51,0,0,1,0,1,0,1,0.311605322754,0.787068926011
4.517,-0.508,0,0,1,0,1,0,1,0.311605322754,0.787068926011
4.519,-0.506,0,0,1,0,1,0,1,0.311605322754,0.787068926011
4.521,-0.504,0,0,1,0,1,0,1,0.311605322754,0.787068926011
4.523,-0.502,0,0,1,0,1,0,1,0.311605322754,0.787068926011
4.525,-0.5,0,0,1,0,1,0,1,0.311605322754,0.787068926011
4.527,-0.498,0,0,1,0,1,0,1,0.311605322754,0.787068926011
4.529,-0.496,0,0,1,0,1,0,1,0.311605322754,0.787068926011
4.531,-0.494,0,0,1,0,1,0,1,0.311605322754,0.787068926011
4.533,-0.492,0,0,1,0,1,0,1,0.311605322754,0.787068926011
4.535,-0.49,0,0,1,0,1,0,1,0.311605322754,0.787068926011
4.537,-0.488,0,0,1,0,1,0,1,0.311605322754,0.787068926011
4.539,-0.486,0,0,1,0,1,0,1,0.311605322754,0.787068926011
4.541,-0.484,0,0,1,0,1,0,1,0.311605322754,0.787068926011
4.543,-0.482,0,0,1,0,1,0,1,0.311605322754,0.787068926011
4.545,-0.48,0,0,1,0,1,0,1,0.311605322754,0.787068926011
4.547,-0.478,0,0,1,0,1,0,1,0.311605322754,0.787068926011
4.549,-0.476,0,0,1,0,1,0,1,0.311605322754,0.787068926011
4.551,-0.474,0,0,1,0,1,0,1,0.311605322754,0.787068926011
4.553,-0.472,0,0,1,0,1,0,1,0.311605322754,0.787068926011
4.555,-0.47,0,0,1,0,1,0,1,0.311605322754,0.787068926011
4.557,-0.468,0,0,1,0,1,0,1,0.311605322754,0.787068926011
4.559,-0.466,0,0,1,0,1,0,1,0.311605322754,0.787068926011
4.561,-0.464,0,0,1,0,1,0,1,0.311605322754,0.787068926011
4.563,-0.462,0,0,1,0,1,0,1,0.311605322754,0.787068926011
4.565,-0.46,0,0,1,0,1,0,1,0.311605322754,0.787068926011
4.567,-0.458,0,0,1,0,1,0,1,0.311605322754,0.787068926011
4.569,-0.456,0,0,1,0,1,0,1,0.311605322754,0.787068926011
4.571,-0.454,0,0,1,0,1,0,1,0.311605322754,0.787068926011
4.573,-0.452,0,0,1,0,1,0,1,0.311605322754,0.787068926011
4.575,-0.45,0,0,1,0,1,0,1,0.311605322754,0.787068926011
4.577,-0.448,0,0,1,0,1,0,1,0.311605322754,0.787068926011
4.579,-0.446,0,0,1,0,1,0,1,0.311605322754,0.787068926011
4.581,-0.444,0,0,1,0,1,0,1,0.311605322754,0.787068926011
4.583,-0.442,0,0,1,0,1,0,1,0.311605322754,0.787068926011
4.585,-0.44,0,0,1,0,1,0,1,0.311605322754,0.787068926011
4.587,-0.438,0,0,1,0,1,0,1,0.311605322754,0.787068926011
4.589,-0.436,0,0,1,0,1,0,1,0.311605322754,0.787068926011
4.591,-0.434,0,0,1,0,1,0,1,0.311605322754,0.787068926011
4.593,-0.432,0,0,1,0,1,0,1,0.311605322754,0.787068926011
4.595,-0.43,0,0,1,0,1,0,1,0.311605322754,0.787068926011
4.597,-0.428,0,0,1,0,1,0,1,0.311605322754,0.787068926011
4.599,-0.426,0,0,1,0,1,0,1,0.311605322754,0.787068926011
4.601,-0.424,0,0,1,0,1,0,1,0.311605322754,0.787068926011
4.603,-0.422,0,0,1,0,1,0,1,0.311605322754,0.787068926011
4.605,-0.42,0,0,1,0,1,0,1,0.311605322754,0.787068926011
4.607,-0.418,0,0,1,0,1,0,1,0.311605322754,0.787068926011
4.609,-0.416,0,0,1,0,1,0,1,0.311605322754,0.787068926011
4.611,-0.414,0,0,1,0,1,0,1,0.311605322754,0.787068926011
4.613,-0.412,0,0,1,0,1,0,1,0.311605322754,0.787068926011
4.615,-0.41,0,0,1,0,1,0,1,0.311605322754,0.787068926011
4.617,-0.408,0,0,1,0,1,0,1,0.311605322754,0.787068926011
4.619,-0.406,0,0,1,0,1,0,1,0.311605322754,0.787068926011
4.621,-0.404,0,0,1,0,1,0,1,0.311605322754,0.787068926011
4.623,-0.402,0,0,1,0,1,0,1,0.311605322754,0.787068926011
4.625,-0.4,0,0,1,0,1,0,1,0.311605322754,0.787068926011
4.627,-0.398,0,0,1,0,1,0,1,0.311605322754,0.787068926011
4.629,-0.396,0,0,1,0,1,0,1,0.311605322754,0.787068926011
4.631,-0.394,0,0,1,0,1,0,1,0.311605322754,0.787068926011
4.633,-0.392,0,0,1,0,1,0,1,0.311605322754,0.787068926011
4.635,-0.39,0,0,1,0,1,0,1,0.311605322754,0.787068926011
4.637,-0.388,0,0,1,0,1,0,1,0.311605322754,0.787068926011
4.639,-0.386,0,0,1,0,1,0,1,0.311605322754,0.787068926011
4.641,-0.384,0,0,1,0,1,0,1,0.311605322754,0.787068926011
4.643,-0.382,0,0,1,0,1,0,1,0.311605322754,0.787068926011
4.645,-0.38,0,0,1,0,1,0,1,0.311605322754,0.787068926011
4.647,-0.378,0,0,1,0,1,0,1,0.311605322754,0.787068926011
4.649,-0.376,0,0,1,0,1,0,1,0.311605322754,0.787068926011
4.651,-0.374,0,0,1,0,1,0,1,0.311605322754,0.787068926011
4.653,-0.372,0,0,1,0,1,0,1,0.311605322754,0.787068926011
4.655,-0.37,0,0,1,0,1,0,1,0.311605322754,0.787068926011
4.657,-0.368,0,0,1,0,1,0,1,0.311605322754,0.787068926011
4.659,-0.366,0,0,1,0,1,0,1,0.311605322754,0.787068926011
4.661,-0.364,0,0,1,0,1,0,1,0.311605322754,0.787068926011
4.663,-0.362,0,0,1,0,1,0,1,0.311605322754,0.787068926011
4.665,-0.36,0,0,1,0,1,0,1,0.311605322754,0.787068926011
4.667,-0.358,0,0,1,0,1,0,1,0.311605322754,0.787068926011
4.669,-0.356,0,0,1,0,1,0,1,0.311605322754,0.787068926011
4.671,-0.354,0,0,1,0,1,0,1,0.311605322754,0.787068926011
4.673,-0.352,0,0,1,0,1,0,1,0.311605322754,0.787068926011
4.675,-0.35,0,0,1,0,1,0,1,0.311605322754,0.787068926011
4.677,-0.348,0,0,1,0,1,0,1,0.311605322754,0.787068926011
4.679,-0.346,0,0,1,0,1,0,1,0.311605322754,0.787068926011
4.681,-0.344,0,0,1,0,1,0,1,0.311605322754,0.787068926011
4.683,-0.342,0,0,1,0,1,0,1,0.311605322754,0.787068926011
4.685,-0.34,0,0,1,0,1,0,1,0.311605322754,0.787068926011
4.687,-0.338,0,0,1,0,1,0,1,0.311605322754,0.787068926011
4.689,-0.336,0,0,1,0,1,0,1,0.311605322754,0.787068926011
4.691,-0.334,0,0,1,0,1,0,1,0.311605322754,0.787068926011
4.693,-0.332,0,0,1,0,1,0,1,0.311605322754,0.787068926011
4.695,-0.33,0,0,1,0,1,0,1,0.311605322754,0.787068926011
4.697,-0.328,0,0,1,0,1,0,1,0.311605322754,0.787068926011
4.699,-0.326,0,0,1,0,1,0,1,0.311605322754,0.787068926011
4.701,-0.324,0,0,1,0,1,0,1,0.311605322754,0.787068926011
4.703,-0.322,0,0,1,0,1,0,1,0.311605322754,0.787068926011
4.705,-0.32,0,0,1,0,1,0,1,0.311605322754,0.787068926011
4.707,-0.318,0,0,1,0,1,0,1,0.311605322754,0.787068926011
4.709,-0.316,0,0,1,0,1,0,1,0.311605322754,0.787068926011
4.711,-0.314,0,0,1,0,1,0,1,0.311605322754,0.787068926011
4.713,-0.312,0,0,1,0,1,0,1,0.311605322754,0.787068926011
4.715,-0.31,0,0,1,0,1,0,1,0.311605322754,0.787068926011
4.717,-0.308,0,0,1,0,1,0,1,0.311605322754,0.787068926011
4.719,-0.306,0,0,1,0,1,0,1,0.311605322754,0.787068926011
4.721,-0.304,0,0,1,0,1,0,1,0.311605322754,0.787068926011
4.723,-0.302,0,0,1,0,1,0,1,0.311605322754,0.787068926011
4.725,-0.3,0,0,1,0,1,0,1,0.311605322754,0.787068926011
4.727,-0.298,0,0,1,0,1,0,1,0.311605322754,0.787068926011
4.729,-0.296,0,0,1,0,1,0,1,0.311605322754,0.787068926011
4.731,-0.294,0,0,1,0,1,0,1,0.311605322754,0.787068926011
4.733,-0.292,0,0,1,0,1,0,1,0.311605322754,0.787068926011
4.735,-0.29,0,0,1,0,1,0,1,0.311605322754,0.787068926011
4.737,-0.288,0,0,1,0,1,0,1,0.311605322754,0.787068926011
4.739,-0.286,0,0,1,0,1,0,1,0.311605322754,0.787068926011
4.741,-0.284,0,0,1,0,1,0,1,0.311605322754,0.787068926011
4.743,-0.282,0,0,1,0,1,0,1,0.311605322754,0.787068926011
4.745,-0.28,0,0,1,0,1,0,1,0.311605322754,0.787068926011
4.747,-0.278,0,0,1,0,1,0,1,0.311605322754,0.787068926011
4.749,-0.276,0,0,1,0,1,0,1,0.311605322754,0.787068926011
4.751,-0.274,0,0,1,0,1,0,1,0.311605322754,0.787068926011
4.753,-0.272,0,0,1,0,1,0,1,0.311605322754,0.787068926011
4.755,-0.27,0,0,1,0,1,0,1,0.311605322754,0.787068926011
4.757,-0.268,0,0,1,0,1,0,1,0.311605322754,0.787068926011
4.759,-0.266,0,0,1,0,1,0,1,0.311605322754,0.787068926011
4.761,-0.264,0,0,1,0,1,0,1,0.311605322754,0.787068926011
4.763,-0.262,0,0,1,0,1,0,1,0.311605322754,0.787068926011
4.765,-0.26,0,0,1,0,1,0,1,0.311605322754,0.787068926011
4.767,-0.258,0,0,1,0,1,0,1,0.311605322754,0.787068926011
4.769,-0.256,0,0,1,0,1,0,1,0.311605322754,0.787068926011
4.771,-0.254,0,0,1,0,1,0,1,0.311605322754,0.787068926011
4.773,-0.252,0,0,1,0,1,0,1,0.311605322754,0.787068926011
4.775,-0.25,0,0,1,0,1,0,1,0.311605322754,0.787068926011
4.777,-0.248,0,0,1,0,1,0,1,0.311605322754,0.787068926011
4.779,-0.246,0,0,1,0,1,0,1,0.311605322754,0.787068926011
4.781,-0.244,0,0,1,0,1,0,1,0.311605322754,0.787068926011
4.783,-0.242,0,0,1,0,1,0,1,0.311605322754,0.787068926011
4.785,-0.24,0,0,1,0,1,0,1,0.311605322754,0.787068926011
4.787,-0.238,0,0,1,0,1,0,1,0.311605322754,0.787068926011
4.789,-0.236,0,0,1,0,1,0,1,0.311605322754,0.787068926011
4.791,-0.234,0,0,1,0,1,0,1,0.311605322754,0.787068926011
4.793,-0.232,0,0,1,0,1,0,1,0.311605322754,0.787068926011
4.795,-0.23,0,0,1,0,1,0,1,0.311605322754,0.787068926011
4.797,-0.228,0,0,1,0,1,0,1,0.311605322754,0.787068926011
4.799,-0.226,0,0,1,0,1,0,1,0.311605322754,0.787068926011
4.801,-0.224,0,0,1,0,1,0,1,0.311605322754,0.787068926011
4.803,-0.222,0,0,1,0,1,0,1,0.311605322754,0.787068926011
4.805,-0.22,0,0,1,0,1,0,1,0.311605322754,0.787068926011
4.807,-0.218,0,0,1,0,1,0,1,0.311605322754,0.787068926011
4.809,-0.216,0,0,1,0,1,0,1,0.311605322754,0.787068926011
4.811,-0.214,0,0,1,0,1,0,1,0.311605322754,0.787068926011
4.813,-0.212,0,0,1,0,1,0,1,0.311605322754,0.787068926011
4.815,-0.21,0,0,1,0,1,0,1,0.311605322754,0.787068926011
4.817,-0.208,0,0,1,0,1,0,1,0.311605322754,0.787068926011
4.819,-0.206,0,0,1,0,1,0,1,0.311605322754,0.787068926011
4.821,-0.204,0,0,1,0,1,0,1,0.311605322754,0.787068926011
4.823,-0.202,0,0,1,0,1,0,1,0.311605322754,0.787068926011
4.825,-0.2,0,0,1,0,1,0,1,0.311605322754,0.787068926011
4.827,-0.198,0,0,1,0,1,0,1,0.311605322754,0.787068926011
4.829,-0.196,0,0,1,0,1,0,1,0.311605322754,0.787068926011
4.831,-0.194,0,0,1,0,1,0,1,0.311605322754,0.787068926011
4.833,-0.192,0,0,1,0,1,0,1,0.311605322754,0.787068926011
4.835,-0.19,0,0,1,0,1,0,1,0.311605322754,0.787068926011
4.837,-0.188,0,0,1,0,1,0,1,0.311605322754,0.787068926011
4.839,-0.186,0,0,1,0,1,0,1,0.311605322754,0.787068926011
4.841,-0.184,0,0,1,0,1,0,1,0.311605322754,0.787068926011
4.843,-0.182,0,0,1,0,1,0,1,0.311605322754,0.787068926011
4.845,-0.18,0,0,1,0,1,0,1,0.311605322754,0.787068926011
4.847,-0.178,0,0,1,0,1,0,1,0.311605322754,0.787068926011
4.849,-0.176,0,0,1,0,1,0,1,0.311605322754,0.787068926011
4.851,-0.174,0,0,1,0,1,0,1,0.311605322754,0.787068926011
4.853,-0.172,0,0,1,0,1,0,1,0.311605322754,0.787068926011
4.855,-0.17,0,0,1,0,1,0,1,0.311605322754,0.787068926011
4.857,-0.168,0,0,1,0,1,0,1,0.311605322754,0.787068926011
4.859,-0.166,0,0,1,0,1,0,1,0.311605322754,0.787068926011
4.861,-0.164,0,0,1,0,1,0,1,0.311605322754,0.787068926011
4.863,-0.162,0,0,1,0,1,0,1,0.311605322754,0.787068926011
4.865,-0.16,0,0,1,0,1,0,1,0.311605322754,0.787068926011
4.867,-0.158,0,0,1,0,1,0,1,0.311605322754,0.787068926011
4.869,-0.156,0,0,1,0,1,0,1,0.311605322754,0.787068926011
4.871,-0.154,0,0,1,0,1,0,1,0.311605322754,0.787068926011
4.873,-0.152,0,0,1,0,1,0,1,0.311605322754,0.787068926011
4.875,-0.15,0,0,1,0,1,0,1,0.311605322754,0.787068926011
4.877,-0.148,0,0,1,0,1,0,1,0.311605322754,0.787068926011
4.879,-0.146,0,0,1,0,1,0,1,0.311605322754,0.787068926011
4.881,-0.144,0,0,1,0,1,0,1,0.311605322754,0.787068926011
4.883,-0.142,0,0,1,0,1,0,1,0.311605322754,0.787068926011
4.885,-0.14,0,0,1,0,1,0,1,0.311605322754,0.787068926011
4.887,-0.138,0,0,1,0,1,0,1,0.311605322754,0.787068926011
4.889,-0.136,0,0,1,0,1,0,1,0.311605322754,0.787068926011
4.891,-0.134,0,0,1,0,1,0,1,0.311605322754,0.787068926011
4.893,-0.132,0,0,1,0,1,0,1,0.311605322754,0.787068926011
4.895,-0.13,0,0,1,0,1,0,1,0.311605322754,0.787068926011
4.897,-0.128,0,0,1,0,1,0,1,0.311605322754,0.787068926011
4.899,-0.126,0,0,1,0,1,0,1,0.311605322754,0.787068926011
4.901,-0.124,0,0,1,0,1,0,1,0.311605322754,0.787068926011
4.903,-0.122,0,0,1,0,1,0,1,0.311605322754,0.787068926011
4.905,-0.12,0,0,1,0,1,0,1,0.311605322754,0.787068926011
4.907,-0.118,0,0,1,0,1,0,1,0.311605322754,0.787068926011
4.909,-0.116,0,0,1,0,1,0,1,0.311605322754,0.787068926011
4.911,-0.114,0,0,1,0,1,0,1,0.311605322754,0.787068926011
4.913,-0.112,0,0,1,0,1,0,1,0.311605322754,0.787068926011
4.915,-0.11,0,0,1,0,1,0,1,0.311605322754,0.787068926011
4.917,-0.108,0,0,1,0,1,0,1,0.311605322754,0.787068926011
4.919,-0.106,0,0,1,0,1,0,1,0.311605322754,0.787068926011
4.921,-0.104,0,0,1,0,1,0,1,0.311605322754,0.787068926011
4.923,-0.102,0,0,1,0,1,0,1,0.311605322754,0.787068926011
4.925,-0.1,0,0,1,0,1,0,1,0.311605322754,0.787068926011
4.927,-0.0980000000001,0,0,1,0,1,0,1,0.311605322754,0.787068926011
4.929,-0.0960000000001,0,0,1,0,1,0,1,0.311605322754,0.787068926011
4.931,-0.0940000000001,0,0,1,0,1,0,1,0.311605322754,0.787068926011
4.933,-0.0920000000001,0,0,1,0,1,0,1,0.311605322754,0.787068926011
4.935,-0.0900000000001,0,0,1,0,1,0,1,0.311605322754,0.787068926011
4.937,-0.0880000000001,0,0,1,0,1,0,1,0.311605322754,0.787068926011
4.939,-0.0860000000001,0,0,1,0,1,0,1,0.311605322754,0.787068926011
4.941,-0.0840000000001,0,0,1,0,1,0,1,0.311605322754,0.787068926011
4.943,-0.0820000000001,0,0,1,0,1,0,1,0.311605322754,0.787068926011
4.945,-0.0800000000001,0,0,1,0,1,0,1,0.311605322754,0.787068926011
4.947,-0.0780000000001,0,0,1,0,1,0,1,0.311605322754,0.787068926011
4.949,-0.0760000000001,0,0,1,0,1,0,1,0.311605322754,0.787068926011
4.951,-0.0740000000001,0,0,1,0,1,0,1,0.311605322754,0.787068926011
4.953,-0.0720000000001,0,0,1,0,1,0,1,0.311605322754,0.787068926011
4.955,-0.0700000000001,0,0,1,0,1,0,1,0.311605322754,0.787068926011
4.957,-0.0680000000001,0,0,1,0,1,0,1,0.311605322754,0.787068926011
4.959,-0.0660000000001,0,0,1,0,1,0,1,0.311605322754,0.787068926011
4.961,-0.0640000000001,0,0,1,0,1,0,1,0.311605322754,0.787068926011
4.963,-0.0620000000001,0,0,1,0,1,0,1,0.311605322754,0.787068926011
4.965,-0.0600000000001,0,0,1,0,1,0,1,0.311605322754,0.787068926011
4.967,-0.0580000000001,0,0,1,0,1,0,1,0.311605322754,0.787068926011
4.969,-0.0560000000001,0,0,1,0,1,0,1,0.311605322754,0.787068926011
4.971,-0.0540000000001,0,0,1,0,1,0,1,0.311605322754,0.787068926011
4.973,-0.0520000000001,0,0,1,0,1,0,1,0.311605322754,0.787068926011
4.975,-0.0500000000001,0,0,1,0,1,0,1,0.311605322754,0.787068926011
4.977,-0.0480000000001,0,0,1,0,1,0,1,0.311605322754,0.787068926011
4.979,-0.0460000000001,0,0,1,0,1,0,1,0.311605322754,0.787068926011
4.981,-0.0440000000001,0,0,1,0,1,0,1,0.311605322754,0.787068926011
4.983,-0.0420000000001,0,0,1,0,1,0,1,0.311605322754,0.787068926011
4.985,-0.0400000000001,0,0,1,0,1,0,1,0.311605322754,0.787068926011
4.987,-0.0380000000001,0,0,1,0,1,0,1,0.311605322754,0.787068926011
4.989,-0.0360000000001,0,0,1,0,1,0,1,0.311605322754,0.787068926011
4.991,-0.0340000000001,0,0,1,0,1,0,1,0.311605322754,0.787068926011
4.993,-0.0320000000001,0,0,1,0,1,0,1,0.311605322754,0.787068926011
4.995,-0.0300000000001,0,0,1,0,1,0,1,0.311605322754,0.787068926011
4.997,-0.0280000000001,0,0,1,0,1,0,1,0.311605322754,0.787068926011
4.999,-0.0260000000001,0,0,1,0,1,0,1,0.311605322754,0.787068926011
5.001,-0.0240000000001,0.0659999999929,0,1,0,1,0,1,0.311605322754,0.787068926011
5.003,-0.0220000000001,0.197999999993,0,1,0,1,0,1,0.311605322754,0.787068926011
5.005,-0.0200000000001,0.329999999993,0,1,0,1,0,1,0.311605322754,0.787068926011
5.007,-0.0180000000001,0.461999999993,0,1,0,1,0,1,0.311605322754,0.787068926011
5.009,-0.0160000000001,0.593999999993,0,1,0,1,0,1,0.311605322754,0.787068926011
5.011,-0.0140000000001,0.725999999993,0,1,0,1,0,1,0.311605322754,0.787068926011
5.013,-0.0120000000001,0.857999999993,0.110566170539,0.92897774255,0,1,0,1,0.311605322754,0.787068926011
5.015,-0.0100000000001,0.989999999993,0.362208913308,0.767326540493,0,1,0,1,0.311605322754,0.787068926011
5.017,-0.00800000000011,1.12199999999,0.613763587115,0.605731951494,0,1,0,1,0.311605322754,0.787068926011
5.019,-0.00600000000011,1.25399999999,0.631480503007,0.612081013704,0,1,0,1,0.311605322754,0.787068926011
5.021,-0.00400000000011,1.38599999999,0.357981787732,0.827575528026,0,1,0,1,0.311605322754,0.787068926011
5.023,-0.00200000000011,1.51799999999,0.084594610445,1.04298229399,7.53755434756e-05,1,0.0117259666444,1,0.525521758458,0.731444825848
5.025,-1.09245945623e-13,1.64999999999,-0.0895132269671,1.164413042,0.0109141522712,0.999948944731,0.212729939659,0.903850942174,0.71286262866,0.690636773966
5.027,0.00199999999989,1.78199999999,-0.142794281322,1.1714838241,0.0398030352967,0.99955597155,0.41273740484,0.703992190495,0.87902522004,0.665002252067
5.029,0.00399999999989,1.91399999999,-0.196076716651,1.17855433421,0.0855872154589,0.998743816536,0.612738175641,0.50400677479,0.950483509223,0.653402955633
5.031,0.00599999999989,2.04599999999,-0.202987813005,1.16263549522,0.144528108854,0.997575307618,0.812738424412,0.304011481767,0.909701280672,0.661734402829
5.033,0.00799999999989,2.17799999999,-0.154936487486,1.11946830824,0.21738179694,0.995995756374,0.995424011416,0.104011801909,0.581524697011,0.788597867874
5.035,0.00999999999989,2.30999999999,-0.108484335113,1.07763919948,0.29156513517,0.994064190841,0.996538202975,0,0.370639032887,0.896604254164
5.037,0.0119999999999,2.44199999999,-0.0757013344037,1.04725585027,0.358606281194,0.99208007539,0.996538203257,0,0.215511777749,0.985524249079
5.039,0.0139999999999,2.57399999999,-0.0640939138483,1.03460311623,0.419250506526,0.990099955437,0.996538203257,0,0.100783730561,1.06203025337
5.041,0.0159999999999,2.70599999999,-0.0539115418629,1.02385159484,0.474301896785,0.988123668515,0.996538203257,0,0.0263671040419,1.13028634009
5.043,0.0179999999999,2.83799999999,-0.0452606536108,1.01514328539,0.524032053415,0.986151361988,0.996538203257,0,-0.0126866141777,1.14537474185
5.045,0.0199999999999,2.96999999999,-0.0396165459709,1.01044676666,0.568987527323,0.98418303146,0.996538203257,0,-0.0297285488708,1.11650196752
5.047,0.0219999999999,3.10199999999,-0.0349638741687,1.00755961193,0.609626830576,0.98221867791,0.996538203257,0,-0.0369762686627,1.0920825534
5.049,0.0239999999999,3.23399999999,-0.0299088247231,1.00653653731,0.646528207522,0.98025811848,0.996538203257,0,-0.0395780792654,1.0705708453
5.051,0.0259999999999,3.3,-0.0246817254057,1.00630940541,0.679844338102,0.978301540644,0.996538203257,0,-0.0391629084341,1.05118715235
5.053,0.0279999999999,3.3,-0.0197352545519,1.00672561306,0.70999601535,0.976348844736,0.996538203257,0,-0.0376930832303,1.03825563391
5.055,0.0299999999999,3.3,-0.0157348980326,1.00678335979,0.737206746712,0.974400169143,0.996538203257,0,-0.0359055883003,1.0299110555
5.057,0.0319999999999,3.3,-0.0144037547031,1.00581273789,0.761903906152,0.972455320471,0.996538203257,0,-0.0337741232807,1.02291050292
5.059,0.0339999999999,3.3,-0.0130726113736,1.00484211599,0.784296252575,0.970514304435,0.996538203257,0,-0.0311600789745,1.01762785892
5.061,0.0359999999999,3.3,-0.0117414680441,1.00387149409,0.804529567429,0.968577187778,0.996538203257,0,-0.0281650314643,1.01378927751
5.063,0.0379999999999,3.3,-0.0107693547356,1.00328019413,0.82290078581,0.966643726458,0.996538203257,0,-0.0249251815113,1.01135283996
5.065,0.0399999999999,3.3,-0.0106270525357,1.00356560517,0.83933884046,0.96471454697,0.996538203257,0,-0.0219635669826,1.00984494273
5.067,0.0419999999999,3.3,-0.0104847503358,1.00385101621,0.854295864847,0.962789065128,0.996538203257,0,-0.0194625356392,1.00857296905
5.069,0.0439999999999,3.3,-0.0103424481359,1.00413642725,0.867870270458,0.960867342917,0.996538203257,0,-0.0173944196218,1.0075945272
5.071,0.0459999999999,3.3,-0.0102001459359,1.00442183829,0.880198217906,0.95894927971,0.996538203257,0,-0.0157370899368,1.00689227086
5.073,0.0479999999999,3.3,-0.0100633295285,1.00452683483,0.891314676488,0.957035087302,0.996538203257,0,-0.0145178367485,1.00600789639
5.075,0.0499999999999,3.3,-0.00996674226584,1.00330879177,0.901276066773,0.955125084258,0.996538203257,0,-0.0136383328746,1.00495255056
5.077,0.0519999999999,3.3,-0.00987015500319,1.00209074871,0.910339959101,0.953218742104,0.996538203257,0,-0.0129557852825,1.00421463147
5.079,0.0539999999999,3.3,-0.00977356774053,1.00087270564,0.918565990409,0.951316122211,0.996538203257,0,-0.0124340330025,1.00370929769
5.081,0.0559999999999,3.3,-0.00967698047788,0.999654662578,0.926036673441,0.94941712495,0.996538203257,0,-0.0120335452858,1.00332707507
5.083,0.0579999999999,3.3,-0.00958039321523,0.998436619515,0.93277319944,0.947521960012,0.996538203257,0,-0.0117132156724,1.00323249145
5.085,0.0599999999999,3.3,-0.0095525064513,0.998110974229,0.938809759029,0.945630942795,0.996538203257,0,-0.0114417446719,1.0031012664
5.087,0.0619999999999,3.3,-0.00956735552072,0.998340453919,0.944302438723,0.943743550077,0.996538203257,0,-0.011202742422,1.00274744583
5.089,0.0639999999999,3.3,-0.00958220459014,0.99856993361,0.949287378249,0.941859842621,0.996538203257,0,-0.0109918988517,1.00223298642
5.091,0.0659999999999,3.3,-0.00959705365956,0.9987994133,0.953814579975,0.939979721787,0.996538203257,0,-0.0108080046197,1.00160442622
5.093,0.0679999999999,3.3,-0.00961190272898,0.99902889299,0.957896885703,0.938103395181,0.996538203257,0,-0.0106320979797,1.00095281763
5.095,0.0699999999999,3.3,-0.0096267517984,0.99925837268,0.961555014802,0.936231175067,0.996538203257,0,-0.0104707252028,1.00035777377
5.097,0.0719999999999,3.3,-0.00964160086782,0.999487852371,0.964883555028,0.934362543425,0.996538203257,0,-0.0103418787613,0.999902062229
5.099,0.0739999999999,3.3,-0.00967166263273,0.999644922792,0.967904406901,0.932497560411,0.996538203257,0,-0.010244290287,0.99955826469
5.101,0.0759999999999,3.3,-0.00974605258473,0.999591000256,0.970647871639,0.930636128368,0.996538203257,0,-0.0101715383999,0.999296950363
5.103,0.0779999999999,3.3,-0.00982044253672,0.999537077721,0.9731217476,0.928778452418,0.996538203257,0,-0.0177108204193,0.999144784329
5.105,0.0799999999999,3.3,-0.00989483248872,0.999483155185,0.975340903388,0.926924789326,0.996538203257,0,-0.0287392728504,0.99905169392
5.107,0.0819999999999,3.3,-0.00996922244071,0.999429232649,0.977361806399,0.925074623075,0.996538203257,0,-0.0365279293229,0.998962489177
5.109,0.0839999999999,3.3,-0.0100436123927,0.999375310114,0.97918633322,0.92322825929,0.996538203257,0,-0.0417336211596,0.998910852689
5.111,0.0859999999999,3.3,-0.0101180023447,0.999321387578,0.980838803761,0.921385556496,0.996538203257,0,-0.0452340442603,0.998906368268
5.113,0.0879999999999,3.3,-0.0101923922967,0.999267465042,0.982345094571,0.91954619848,0.996538203257,0,-0.0572905618694,0.998980885241
5.115,0.0899999999999,3.3,-0.0102714879702,0.999479100204,0.983695679511,0.917710804452,0.996538203257,0,-0.0730832929951,0.999105365731
5.117,0.0919999999999,3.3,-0.0103530952864,0.999832474751,0.984915480729,0.91587919085,0.996538203257,0,-0.0838331974858,0.999227127721
5.119,0.0939999999999,3.3,-0.0104347026026,1.0001858493,0.986025310385,0.914051063863,0.996538203257,0,-0.0912123014947,0.999346518374
5.121,0.0959999999999,3.3,-0.0105163099188,1.00053922384,0.987024029162,0.912226775386,0.996538203257,0,-0.0959700845056,0.999464590117
5.123,0.0979999999999,3.3,-0.010597917235,1.00089259839,0.987936305463,0.910405723426,0.996538203257,0,-0.107826325396,0.999625872841
5.125,0.0999999999999,3.3,-0.0106795245512,1.00124597294,0.988752080802,0.908588706075,0.996538203257,0,-0.11701171987,0.999808793805
5.127,0.102,3.3,-0.0107611318674,1.00159934748,0.989494276038,0.90677514774,0.996538203257,0,-0.117502992724,0.999974453738
5.129,0.104,3.3,-0.0108427391836,1.00195272203,0.990167484409,0.904965147949,0.996538203257,0,-0.112134806506,1.00012688414
5.131,0.106,3.3,-0.0109243464998,1.00230609658,0.990772386214,0.903159005176,0.996538203257,0,-0.102924895098,1.00026946351
5.133,0.108,3.3,-0.011005953816,1.00265947112,0.991324467967,0.90135610292,0.996538203257,0,-0.10156475478,1.00064138707
5.135,0.11,3.3,-0.0111158625087,1.00250679637,0.991818729332,0.899557162426,0.996538203257,0,-0.103866774282,1.00107591171
5.137,0.112,3.3,-0.0112301692778,1.00227548079,0.992265671899,0.897761886584,0.996538203257,0,-0.101803771627,1.00141445702
5.139,0.114,3.3,-0.0113444760469,1.00204416521,0.992673286186,0.895969958483,0.996538203257,0,-0.0971268940416,1.00167475977
5.141,0.116,3.3,-0.0114587828161,1.00181284964,0.993045009369,0.894181294438,0.996538203257,0,-0.0907539636604,1.0018808978
5.143,0.118,3.3,-0.0115730895852,1.00158153406,0.993378317397,0.892396437007,0.996538203257,0,-0.0910378471512,1.00202883722
5.145,0.12,3.3,-0.0116873963543,1.00135021848,0.993677728598,0.890615400496,0.996538203257,0,-0.0946396488834,1.00212460372
5.147,0.122,3.3,-0.0118017031235,1.00111890291,0.993948523489,0.888837989186,0.996538203257,0,-0.0949106039382,1.00221153236
5.149,0.124,3.3,-0.0119160098926,1.00088758733,0.994195845924,0.887063831362,0.996538203257,0,-0.0931215410533,1.00231428709
5.151,0.126,3.3,-0.0120303166617,1.00065627175,0.994419381498,0.885293257336,0.996538203257,0,-0.0899277615616,1.00243603308
5.153,0.128,3.3,-0.0121446234309,1.00042495617,0.994623403098,0.88352583097,0.996538203257,0,-0.0913433933251,1.00224029963
5.155,0.13,3.3,-0.0122589302,1.0001936406,0.994805379873,0.881762389286,0.996538203257,0,-0.0950049677366,1.00188967865
5.157,0.132,3.3,-0.0123732369691,0.99996232502,0.994970411093,0.88000243472,0.996538203257,0,-0.0962164234579,1.00171241704
5.159,0.134,3.3,-0.0124875437383,0.999731009443,0.995120128613,0.878245925251,0.996538203257,0,-0.0957194913723,1.00165001284
5.161,0.136,3.3,-0.0126018505074,0.999499693866,0.995254801095,0.876493111435,0.996538203257,0,-0.0941141590867,1.00167815421
5.163,0.138,3.3,-0.0126360032162,0.999407679128,0.995377836139,0.874743400941,0.996538203257,0,-0.0946514622016,1.00203729102
5.165,0.14,3.3,-0.0126204006492,0.999402134766,0.995487686758,0.872997631553,0.996538203257,0,-0.0962254604167,1.00254390572
5.167,0.142,3.3,-0.0126047980822,0.999396590404,0.995587640093,0.87125520827,0.996538203257,0,-0.0965443002,1.00289845925
5.169,0.144,3.3,-0.0125891955153,0.999391046041,0.995678353799,0.869516187185,0.996538203257,0,-0.0959965634516,1.00314250129
5.171,0.146,3.3,-0.0125735929483,0.999385501679,0.995760737797,0.867780477237,0.996538203257,0,-0.0948921725205,1.00330734629
5.173,0.148,3.3,-0.0125579903813,0.999379957317,0.995835025776,0.866048270085,0.996538203257,0,-0.0939933134284,1.00339771642
5.175,0.15,3.3,-0.0125423878143,0.999374412954,0.995901594777,0.864319854007,0.996538203257,0,-0.0932307847385,1.00344494987
5.177,0.152,3.3,-0.0125267852474,0.999368868592,0.995962166068,0.862594750773,0.996538203257,0,-0.0922311337757,1.00347838702
5.179,0.154,3.3,-0.0125111826804,0.99936332423,0.996017138183,0.860873015918,0.996538203257,0,-0.0910846510759,1.00349059799
5.181,0.156,3.3,-0.0124955801134,0.999357779867,0.99606706253,0.859154559286,0.996538203257,0,-0.0898742837349,1.00348135292
5.183,0.158,3.3,-0.0124799775465,0.999352235505,0.996112080725,0.857439570633,0.996538203257,0,-0.0892052660506,1.00343689379
5.185,0.16,3.3,-0.0124643749795,0.999346691142,0.996152421254,0.855728335369,0.996538203257,0,-0.0888418934114,1.00337174778
5.187,0.162,3.3,-0.0124487724125,0.99934114678,0.996189127195,0.854020380019,0.996538203257,0,-0.0883071390421,1.00330652129
5.189,0.164,3.3,-0.0124184252989,0.999351979019,0.99622244006,0.852315759566,0.996538203257,0,-0.0876578764666,1.00324166896
5.191,0.166,3.3,-0.0123345609417,0.999422252257,0.996252693999,0.85061438475,0.996538203257,0,-0.0869542101389,1.003176921
5.193,0.168,3.3,-0.0122506965845,0.999492525494,0.996279974831,0.848916443439,0.996538203257,0,-0.0867830821578,1.00309591093
5.195,0.17,3.3,-0.0121668322274,0.999562798731,0.996304421018,0.847222218209,0.996538203257,0,-0.0868901976616,1.00300744525
5.197,0.172,3.3,-0.0120829678702,0.999633071969,0.99632666466,0.845531240289,0.996538203257,0,-0.0867963506601,1.00292617627
5.199,0.174,3.3,-0.0119991035131,0.999703345206,0.996346852112,0.843843564117,0.996538203257,0,-0.0865567217094,1.00285061292
5.201,0.176,3.3,-0.0119152391559,0.999773618444,0.996365185869,0.84215910132,0.996538203257,0,-0.0862320190944,1.00277897076
5.203,0.178,3.3,-0.0118313747987,0.999843891681,0.996381717936,0.840478037898,0.996538203257,0,-0.0864077750361,1.00269386883
5.205,0.18,3.3,-0.0117475104416,0.999914164918,0.996396532219,0.838800653618,0.996538203257,0,-0.0868287956288,1.0026030266
5.207,0.182,3.3,-0.0116636460844,0.999984438156,0.996410011771,0.83712648437,0.996538203257,0,-0.0870221848512,1.00252029655
5.209,0.184,3.3,-0.0115797817273,1.00005471139,0.99642224528,0.835455584049,0.996538203257,0,-0.0870444345739,1.00244394249
5.211,0.186,3.3,-0.0114959173701,1.00012498463,0.996433355458,0.833787865161,0.996538203257,0,-0.0869584384565,1.00237198928
5.213,0.188,3.3,-0.0114120530129,1.00019525787,0.996443373819,0.832123511858,0.996538203257,0,-0.087350092877,1.00228692811
5.215,0.19,3.3,-0.0113281886558,1.00026553111,0.996452351211,0.830462801126,0.996538203257,0,-0.0879649647355,1.00219634148
5.217,0.192,3.3,-0.0112443242986,1.00033580434,0.996460519761,0.828805273467,0.996538203257,0,-0.0883349428596,1.00211398124
5.219,0.194,3.3,-0.0111604599415,1.00040607758,0.996467933215,0.827150982242,0.996538203257,0,-0.0885176081366,1.00203808035
5.221,0.196,3.3,-0.0110765955843,1.00047635082,0.996474665935,0.825499840826,0.996538203257,0,-0.0885774077056,1.00196663967
5.223,0.198,3.3,-0.0110826862925,1.00049845068,0.996480737018,0.82385203154,0.996538203257,0,-0.0891006120917,1.00188213423
5.225,0.2,3.3,-0.0111085232346,1.00050997589,0.996486177279,0.822207828618,0.996538203257,0,-0.0898334136772,1.00179212916
5.227,0.202,3.3,-0.0111343601766,1.00052150111,0.996491127385,0.820566777128,0.996538203257,0,-0.0903107219256,1.00171036384
5.229,0.204,3.3,-0.0111601971187,1.00053302632,0.996495619906,0.818928929901,0.996538203257,0,-0.0905908147375,1.00163506729
5.231,0.206,3.3,-0.0111860340608,1.00054455154,0.996499699906,0.817294201173,0.996538203257,0,-0.0907391095148,1.00156423737
5.233,0.208,3.3,-0.0112118710028,1.00055607676,0.996503378956,0.815662771453,0.996538203257,0,-0.0913421228428,1.00148034704
5.235,0.21,3.3,-0.0112377079449,1.00056760197,0.996506675731,0.814034912248,0.996538203257,0,-0.0921464468534,1.00139095914
5.237,0.212,3.3,-0.011263544887,1.00057912719,0.996509675474,0.812410173151,0.996538203257,0,-0.0926888367466,1.00130981163
5.239,0.214,3.3,-0.011289381829,1.0005906524,0.996512397922,0.810788606465,0.996538203257,0,-0.0930279974795,1.00123513301
5.241,0.216,3.3,-0.0113152187711,1.00060217762,0.996514870384,0.809170127279,0.996538203257,0,-0.0932299380639,1.00116492081
5.243,0.218,3.3,-0.0113410557132,1.00061370283,0.996517099873,0.807554914309,0.996538203257,0,-0.0938813266308,1.00108164764
5.245,0.22,3.3,-0.0113668926552,1.00062522805,0.996519097704,0.805943236363,0.996538203257,0,-0.0947290001671,1.00099287599
5.247,0.222,3.3,-0.0113927295973,1.00063675326,0.996520915535,0.804334647509,0.996538203257,0,-0.0953108343011,1.00091234377
5.249,0.224,3.3,-0.0114185665394,1.00064827848,0.996522565327,0.802729199532,0.996538203257,0,-0.0956857933722,1.00083827941
5.251,0.226,3.3,-0.0114444034814,1.0006598037,0.996524063629,0.801126808366,0.996538203257,0,-0.0959202453632,1.00076868042
5.253,0.228,3.3,-0.0114702404235,1.00067132891,0.996525414689,0.799527650948,0.996538203257,0,-0.0965023713902,1.00085102152
5.255,0.23,3.3,-0.0114960773656,1.00068285413,0.996526625366,0.797931993415,0.996538203257,0,-0.0972509994394,1.00105521325
5.257,0.232,3.3,-0.0115219143076,1.00069437934,0.996527726964,0.796339394268,0.996538203257,0,-0.0977643430968,1.00128571559
5.259,0.234,3.3,-0.0115477512497,1.00070590456,0.996528726731,0.794749904777,0.996538203257,0,-0.0981044731477,1.00151678461
5.261,0.236,3.3,-0.0115735881918,1.00071742977,0.996529634695,0.793163441711,0.996538203257,0,-0.0983219875565,1.00175730879
5.263,0.238,3.3,-0.0115994251338,1.00072895499,0.996530453432,0.79158018025,0.996538203257,0,-0.0985014439956,1.00202067373
5.265,0.24,3.3,-0.0116252620759,1.00074048021,0.996531187097,0.790000383883,0.996538203257,0,-0.0986557567859,1.00224076386
5.267,0.242,3.3,-0.011651099018,1.00075200542,0.996531854661,0.788423615502,0.996538203257,0,-0.0987590059479,1.00246352307
5.269,0.244,3.3,-0.01167693596,1.00076353064,0.996532460515,0.786849925866,0.996538203257,0,-0.0988240731929,1.00267254496
5.271,0.246,3.3,-0.0117027729021,1.00077505585,0.996533010738,0.785279232573,0.996538203257,0,-0.0988624605223,1.00283408188
5.273,0.248,3.3,-0.0117286098442,1.00078658107,0.996533506889,0.783711709059,0.996538203257,0,-0.0988577437918,1.00285902508
5.275,0.25,3.3,-0.0117544467862,1.00079810628,0.996533951487,0.782147616196,0.996538203257,0,-0.0988305527027,1.00280207057
5.277,0.252,3.3,-0.0117802837283,1.0008096315,0.996534356027,0.780586521219,0.996538203257,0,-0.0988081795233,1.00275256855
5.279,0.254,3.3,-0.0118061206704,1.00082115672,0.996534723173,0.779028474385,0.996538203257,0,-0.0987902233486,1.0027101949
5.281,0.256,3.3,-0.0118511091559,1.00084872942,0.996535056605,0.777473394109,0.996538203257,0,-0.0987753559345,1.00267212492
5.283,0.258,3.3,-0.011915793042,1.00089280531,0.99653535727,0.775921452103,0.996538203257,0,-0.0987375453245,1.00256919426
5.285,0.26,3.3,-0.0119804769282,1.00093688121,0.996535626695,0.774372906648,0.996538203257,0,-0.0986898555348,1.00243671462
5.287,0.262,3.3,-0.0120451608143,1.0009809571,0.996535871845,0.77282732928,0.996538203257,0,-0.0986544570936,1.00233471282
5.289,0.264,3.3,-0.0121098447005,1.001025033,0.996536094333,0.771284769754,0.996538203257,0,-0.0986288454383,1.00225670929
5.291,0.266,3.3,-0.0121745285867,1.00106910889,0.996536296392,0.769745147298,0.996538203257,0,-0.0986100758885,1.00219508759
5.293,0.268,3.3,-0.0122392124728,1.00111318479,0.996536478593,0.768208631918,0.996538203257,0,-0.0985710139224,1.00207747415
5.295,0.27,3.3,-0.012303896359,1.00115726068,0.996536641863,0.766675479326,0.996538203257,0,-0.0985235489342,1.0019357421
5.297,0.272,3.3,-0.0123685802451,1.00120133658,0.996536790423,0.765145265317,0.996538203257,0,-0.0984890636795,1.00182738733
5.299,0.274,3.3,-0.0124332641313,1.00124541247,0.99653692525,0.763618039154,0.996538203257,0,-0.0984648054516,1.00174515502
5.301,0.276,3.3,-0.0124979480174,1.00128948837,0.996537047697,0.762093720864,0.996538203257,0,-0.0984476492343,1.00168687169
5.303,0.278,3.3,-0.0125626319036,1.00133356426,0.99653715811,0.760572478766,0.996538203257,0,-0.0984103276131,1.00162306425
5.305,0.28,3.3,-0.0126273157898,1.00137764016,0.996537257051,0.759054566029,0.996538203257,0,-0.0983645916769,1.00159171296
5.307,0.282,3.3,-0.0126919996759,1.00142171605,0.996537347078,0.757539562665,0.996538203257,0,-0.0983317689405,1.0016267731
5.309,0.284,3.3,-0.0127566835621,1.00146579195,0.996537428783,0.756027517446,0.996538203257,0,-0.0983090856267,1.00171203886
5.311,0.286,3.3,-0.0128213674482,1.00150986784,0.996537502985,0.754518351196,0.996538203257,0,-0.0982934080944,1.00183233931
5.313,0.288,3.3,-0.0128860513344,1.00155394374,0.996537569895,0.75301223056,0.996538203257,0,-0.0982604629993,1.00216131473
5.315,0.29,3.3,-0.0129507352205,1.00159801963,0.996537629853,0.75150940619,0.996538203257,0,-0.0982197503496,1.00253837064
5.317,0.292,3.3,-0.0130154191067,1.00164209553,0.996537684408,0.750009462274,0.996538203257,0,-0.0981908673428,1.0028709385
5.319,0.294,3.3,-0.0130801029929,1.00168617142,0.996537733921,0.748512447098,0.996538203257,0,-0.098170930893,1.0031101549
5.321,0.296,3.3,-0.013144786879,1.00173024732,0.996537778887,0.747018282274,0.996538203257,0,-0.0981573111515,1.00328447969
5.323,0.298,3.3,-0.0132094707652,1.00177432321,0.996537819434,0.74552713279,0.996538203257,0,-0.0981301799612,1.00365316789
5.325,0.3,3.3,-0.0132741546513,1.00181839911,0.996537855769,0.744039246806,0.996538203257,0,-0.0980973510306,1.00407959032
5.327,0.302,3.3,-0.0133388385375,1.001862475,0.996537888829,0.742554212643,0.996538203257,0,-0.0980739721525,1.00438088134
5.329,0.304,3.3,-0.0134035224237,1.0019065509,0.996537918834,0.741072078109,0.996538203257,0,-0.0980581344776,1.00460288632
5.331,0.306,3.3,-0.0134682063098,1.00195062679,0.996537946083,0.739592765593,0.996538203257,0,-0.0980474211078,1.00476198304
5.333,0.308,3.3,-0.013532890196,1.00199470269,0.996537970654,0.738116438444,0.996538203257,0,-0.0980375616783,1.00509801198
5.335,0.31,3.3,-0.0135975740821,1.00203877858,0.996537992673,0.736643342355,0.996538203257,0,-0.0980279012099,1.00545850742
5.337,0.312,3.3,-0.0136622579683,1.00208285448,0.996538012707,0.73517306974,0.996538203257,0,-0.0980213620217,1.00566537461
5.339,0.314,3.3,-0.0137994698441,1.00213477566,0.99653803089,0.733705667931,0.996538203257,0,-0.0980163340742,1.00571935618
5.341,0.316,3.3,-0.0139828574777,1.00219169164,0.996538047403,0.732241060088,0.996538203257,0,-0.0980127889624,1.00567965476
5.343,0.318,3.3,-0.0141662451112,1.00224860763,0.996538062293,0.730779407937,0.996538203257,0,-0.0983466221512,1.00529904782
5.345,0.32,3.3,-0.0143496327448,1.00230552361,0.996538075636,0.72932095473,0.996538203257,0,-0.0988524709253,1.00467992313
5.347,0.322,3.3,-0.0145330203783,1.00236243959,0.996538087777,0.727865296929,0.996538203257,0,-0.0992076069512,1.00417976221
5.349,0.324,3.3,-0.0147164080119,1.00241935557,0.996538098795,0.726412481398,0.996538203257,0,-0.099445475589,1.00377292658
5.351,0.326,3.3,-0.0148997956455,1.00247627155,0.996538108802,0.724962432061,0.996538203257,0,-0.0996027733436,1.00343234704
5.353,0.328,3.3,-0.015083183279,1.00253318753,0.996538117826,0.723515309036,0.996538203257,0,-0.0999350087276,1.00365015555
5.355,0.33,3.3,-0.0152665709126,1.00259010351,0.996538125911,0.722071353156,0.996538203257,0,-0.100339720523,1.00432019389
5.357,0.332,3.3,-0.0154499585461,1.00264701949,0.996538133269,0.720630164896,0.996538203257,0,-0.100623680903,1.00478371457
5.359,0.334,3.3,-0.0156333461797,1.00270393547,0.996538139946,0.719191790652,0.996538203257,0,-0.100814314498,1.00506068414
5.361,0.336,3.3,-0.0158167338133,1.00276085145,0.99653814601,0.717756155107,0.996538203257,0,-0.100940472001,1.00521488776
5.363,0.338,3.3,-0.0160001214468,1.00281776743,0.996538151478,0.716323416785,0.996538203257,0,-0.101200883465,1.00470292204
5.365,0.34,3.3,-0.0161835090804,1.00287468341,0.996538156378,0.714893814125,0.996538203257,0,-0.101516308084,1.00385192242
5.367,0.342,3.3,-0.0163668967139,1.00293159939,0.996538160836,0.713466951576,0.996538203257,0,-0.101737860834,1.00322906607
5.369,0.344,3.3,-0.0165502843475,1.00298851537,0.996538164883,0.712042875071,0.996538203257,0,-0.101886179888,1.00278033171
5.371,0.346,3.3,-0.0167336719811,1.00304543135,0.996538168558,0.71062151004,0.996538203257,0,-0.101984269331,1.00246103893
5.373,0.348,3.3,-0.0169170596146,1.00310234733,0.996538171871,0.709203013434,0.996538203257,0,-0.102232228408,1.00266795056
5.375,0.35,3.3,-0.0171004472482,1.00315926332,0.996538174841,0.707787621322,0.996538203257,0,-0.102544260545,1.00324014437
5.377,0.352,3.3,-0.0172838348818,1.0032161793,0.996538177542,0.706374942082,0.996538203257,0,-0.102763496556,1.00361223117
5.379,0.354,3.3,-0.0174672225153,1.00327309528,0.996538179995,0.704965021193,0.996538203257,0,-0.102910213102,1.00385879233
5.381,0.356,3.3,-0.0176506101489,1.00333001126,0.996538182221,0.703557784826,0.996538203257,0,-0.103007246313,1.00400511762
5.383,0.358,3.3,-0.0178339977824,1.00338692724,0.99653818423,0.70215338837,0.996538203257,0,-0.103253113649,1.00357793676
5.385,0.36,3.3,-0.018017385416,1.00344384322,0.996538186029,0.700752065549,0.996538203257,0,-0.103561192231,1.00278145414
5.387,0.362,3.3,-0.0182007730496,1.0035007592,0.996538187666,0.699353428633,0.996538203257,0,-0.103777556586,1.00219984473
5.389,0.364,3.3,-0.0183841606831,1.00355767518,0.996538189152,0.69795752265,0.996538203257,0,-0.10392235175,1.00178553752
5.391,0.366,3.3,-0.0185675483167,1.00361459116,0.996538190502,0.696564274505,0.996538203257,0,-0.104018112582,1.00148796125
5.393,0.368,3.3,-0.0187509359502,1.00367150714,0.996538191719,0.695173838041,0.996538203257,0,-0.104267583814,1.00163750673
5.395,0.37,3.3,-0.0189343235838,1.00372842312,0.996538192809,0.693786444659,0.996538203257,0,-0.10458348799,1.00204676147
5.397,0.372,3.3,-0.0191177112174,1.0037853391,0.996538193801,0.692401710485,0.996538203257,0,-0.10480526549,1.00230260068
5.399,0.374,3.3,-0.0193010988509,1.00384225508,0.996538194702,0.691019680098,0.996538203257,0,-0.104953932399,1.00246745207
5.401,0.376,3.3,-0.0194844864845,1.00389917106,0.996538195519,0.689640281128,0.996538203257,0,-0.105052301822,1.00255664031
5.403,0.378,3.3,-0.019667874118,1.00395608704,0.996538196257,0.688263665891,0.996538203257,0,-0.105299987864,1.00235032384
5.405,0.38,3.3,-0.0198512617516,1.00401300302,0.996538196918,0.686890063487,0.996538203257,0,-0.105611378022,1.00197872739
5.407,0.382,3.3,-0.0200346493852,1.00406991901,0.996538197519,0.685519093858,0.996538203257,0,-0.105830287271,1.00178717223
5.409,0.384,3.3,-0.0202180370187,1.00412683499,0.996538198065,0.684150801139,0.996538203257,0,-0.105976668963,1.00171628821
5.411,0.386,3.3,-0.0204014246523,1.00418375097,0.99653819856,0.682785113681,0.996538203257,0,-0.106073477611,1.00174559667
5.413,0.388,3.3,-0.0205848122859,1.00424066695,0.996538199007,0.681422182285,0.996538203257,0,-0.106313852178,1.00167490723
5.415,0.39,3.3,-0.0207681999194,1.00429758293,0.996538199407,0.680062233774,0.996538203257,0,-0.106622751955,1.00145239869
5.417,0.392,3.3,-0.020951587553,1.00435449891,0.996538199772,0.678704891868,0.996538203257,0,-0.106840221529,1.00135077444
5.419,0.394,3.3,-0.0211349751865,1.00441141489,0.996538200103,0.677350200262,0.996538203257,0,-0.106986064685,1.00137049167
5.421,0.396,3.3,-0.0213183628201,1.00446833087,0.996538200403,0.67599808802,0.996538203257,0,-0.10708262838,1.00146421843
5.423,0.398,3.3,-0.0215017504537,1.00452524685,0.996538200674,0.674648704445,0.996538203257,0,-0.10720639464,1.00181302835
5.425,0.4,3.3,-0.0216019775929,1.00470671485,0.996538200916,0.673302274105,0.996538203257,0,-0.107336744275,1.00231579772
5.427,0.402,3.3,-0.0216805630911,1.0049205962,0.996538201137,0.671958424458,0.996538203257,0,-0.107428126595,1.00276469441
5.429,0.404,3.3,-0.0217591485894,1.00513447755,0.996538201338,0.670617198768,0.996538203257,0,-0.107489544838,1.00316753092
5.431,0.406,3.3,-0.0218377340876,1.0053483589,0.996538201519,0.669278526803,0.996538203257,0,-0.107530207713,1.00354036623
5.433,0.408,3.3,-0.0219163195859,1.00556224025,0.996538201684,0.667942556381,0.996538203257,0,-0.10761242501,1.00387353889
5.435,0.41,3.3,-0.0219949050841,1.0057761216,0.996538201831,0.666609509837,0.996538203257,0,-0.107711592941,1.0041786236
5.437,0.412,3.3,-0.0220734905824,1.00599000295,0.996538201964,0.665279018335,0.996538203257,0,-0.107781242683,1.00448489863
5.439,0.414,3.3,-0.0221520760806,1.0062038843,0.996538202086,0.663951124706,0.996538203257,0,-0.107827898324,1.00479456143
5.441,0.416,3.3,-0.0222306615789,1.00641776565,0.996538202196,0.662625759418,0.996538203257,0,-0.107858765672,1.00510516572
5.443,0.418,3.3,-0.0223092470772,1.00663164699,0.996538202296,0.661303068819,0.996538203257,0,-0.107949228119,1.00534249089
5.445,0.42,3.3,-0.0223878325754,1.00684552834,0.996538202385,0.659983273034,0.996538203257,0,-0.108065880373,1.00551441048
5.447,0.422,3.3,-0.0224664180737,1.00705940969,0.996538202466,0.658666006894,0.996538203257,0,-0.108147990243,1.00568940055
5.449,0.424,3.3,-0.0225450035719,1.00727329104,0.996538202539,0.657351312803,0.996538203257,0,-0.1082027728,1.00586690032
5.451,0.426,3.3,-0.0226338010135,1.00745526756,0.996538202606,0.656039121921,0.996538203257,0,-0.10823898642,1.00604592714
5.453,0.428,3.3,-0.0227237520581,1.00763363991,0.996538202667,0.654729579141,0.996538203257,0,-0.108344739234,1.00621112927
5.455,0.43,3.3,-0.0228137031026,1.00781201226,0.996538202721,0.6534229024,0.996538203257,0,-0.108480679186,1.0063699032
5.457,0.432,3.3,-0.0229036541472,1.00799038462,0.99653820277,0.652118730158,0.996538203257,0,-0.108576219917,1.00653518852
5.459,0.434,3.3,-0.0229936051917,1.00816875697,0.996538202814,0.6508171044,0.996538203257,0,-0.108640142164,1.0067055056
5.461,0.436,3.3,-0.0230835562362,1.00834712932,0.996538202855,0.649517956967,0.996538203257,0,-0.108682423117,1.00688145635
5.463,0.438,3.3,-0.0231735072808,1.00852550167,0.996538202891,0.648221431314,0.996538203257,0,-0.108791971512,1.00708948149
5.465,0.44,3.3,-0.0232634583253,1.00870387402,0.996538202924,0.646927743211,0.996538203257,0,-0.108930321839,1.00731636392
5.467,0.442,3.3,-0.0233534093699,1.00888224638,0.996538202954,0.645636534712,0.996538203257,0,-0.109027540241,1.00755210911
5.469,0.444,3.3,-0.0234433604144,1.00906061873,0.996538202981,0.644347847383,0.996538203257,0,-0.109092605368,1.00779111042
5.471,0.446,3.3,-0.0231082847523,1.0089188386,0.996538203005,0.643061613746,0.996538203257,0,-0.109135645284,1.00803384578
5.473,0.448,3.3,-0.0224692019945,1.00854806434,0.996538203027,0.641777975826,0.996538203257,0,-0.109245601819,1.00840685026
5.475,0.45,3.3,-0.0218301192367,1.00817729008,0.996538203047,0.640497147252,0.996538203257,0,-0.109384152183,1.00884035745
5.477,0.452,3.3,-0.0211910364789,1.00780651581,0.996538203065,0.639218773633,0.996538203257,0,-0.10948150997,1.00921922226
5.479,0.454,3.3,-0.0205519537211,1.00743574155,0.996538203082,0.637942896124,0.996538203257,0,-0.109546670034,1.00955481601
5.481,0.456,3.3,-0.0199128709633,1.00706496728,0.996538203097,0.636669447915,0.996538203257,0,-0.109589773058,1.00977737034
5.483,0.458,3.3,-0.0192737882056,1.00669419302,0.99653820311,0.635398569623,0.996538203257,0,-0.109438596278,1.0100499741
5.485,0.46,3.3,-0.0186347054478,1.00632341876,0.996538203122,0.63413047275,0.996538203257,0,-0.109206974843,1.01025580645
5.487,0.462,3.3,-0.0180816281698,1.00600019613,0.996538203133,0.63286480643,0.996538203257,0,-0.109038884125,1.01026633446
5.489,0.464,3.3,-0.0177031680782,1.00577351773,0.996538203143,0.631601611408,0.996538203257,0,-0.108932920147,1.01012383144
5.491,0.466,3.3,-0.0173247079866,1.00554683934,0.996538203152,0.630340821539,0.996538203257,0,-0.108863747907,1.00987701756
5.493,0.468,3.3,-0.0169462478949,1.00532016094,0.99653820316,0.629082576041,0.996538203257,0,-0.108170586022,1.00925016005
5.495,0.47,3.3,-0.0165677878033,1.00509348254,0.996538203167,0.627827084314,0.996538203257,0,-0.107171999437,1.00839509499
5.497,0.472,3.3,-0.0161893277117,1.00486680414,0.996538203174,0.626573998979,0.996538203257,0,-0.106473179888,1.00766223157
5.499,0.474,3.3,-0.0158108676201,1.00464012575,0.99653820318,0.625323360378,0.996538203257,0,-0.106001942856,1.00702274533
5.501,0.476,3.3,-0.0154324075285,1.00441344735,0.996538203185,0.624075103022,0.996538203257,0,-0.10568972334,1.00649167161
5.503,0.478,3.3,-0.0150539474369,1.00418676895,0.99653820319,0.622829364745,0.996538203257,0,-0.105168707635,1.0059128998
5.505,0.48,3.3,-0.0146754873452,1.00396009056,0.996538203195,0.621586352866,0.996538203257,0,-0.104568449495,1.00532461243
5.507,0.482,3.3,-0.0142970272536,1.00373341216,0.996538203199,0.62034572346,0.996538203257,0,-0.104147041355,1.00487182526
5.509,0.484,3.3,-0.013918567162,1.00350673376,0.996538203202,0.619107516466,0.996538203257,0,-0.103864530287,1.00452510265
5.511,0.486,3.3,-0.0135401070704,1.00328005537,0.996538203206,0.617871667046,0.996538203257,0,-0.103677584418,1.00425208996
5.513,0.488,3.3,-0.0131616469788,1.00305337697,0.996538203209,0.616638311666,0.996538203257,0,-0.103238109627,1.00418320272
5.515,0.49,3.3,-0.0127831868871,1.00282669857,0.996538203211,0.615407655584,0.996538203257,0,-0.102691986555,1.00422390361
5.517,0.492,3.3,-0.0124047267955,1.00260002017,0.996538203214,0.614179358291,0.996538203257,0,-0.102308321423,1.00421405619
5.519,0.494,3.3,-0.0120262667039,1.00237334178,0.996538203216,0.612953459331,0.996538203257,0,-0.102051429382,1.00416635667
5.521,0.496,3.3,-0.0117528068789,1.00259877791,0.996538203218,0.611729894512,0.996538203257,0,-0.101881480594,1.00409203853
5.523,0.498,3.3,-0.0114980948917,1.00290493926,0.99653820322,0.61050879894,0.996538203257,0,-0.101452863328,1.0040371639
5.525,0.5,3.3,-0.0112433829045,1.00321110062,0.996538203221,0.609290375834,0.996538203257,0,-0.10091375529,1.00398863235
5.527,0.502,3.3,-0.0109886709173,1.00351726197,0.996538203223,0.608074288071,0.996538203257,0,-0.100534938973,1.00391691141
5.529,0.504,3.3,-0.0107339589301,1.00382342333,0.996538203224,0.606860574801,0.996538203257,0,-0.100281390967,1.00382733963
5.531,0.506,3.3,-0.0104792469429,1.00412958468,0.996538203225,0.60564917247,0.996538203257,0,-0.100113668195,1.00372550979
5.533,0.508,3.3,-0.0102245349558,1.00443574603,0.996538203226,0.604440214841,0.996538203257,0,-0.0996851453099,1.00352543219
5.535,0.51,3.3,-0.00996982296857,1.00474190739,0.996538203227,0.603233903114,0.996538203257,0,-0.0991448203924,1.00325351243
5.537,0.512,3.3,-0.00971511098138,1.00504806874,0.996538203228,0.602029903516,0.996538203257,0,-0.0987651039149,1.00302239364
5.539,0.514,3.3,-0.00946039899419,1.0053542301,0.996538203229,0.600828254808,0.996538203257,0,-0.0985109753616,1.00282770693
5.541,0.516,3.3,-0.009205687007,1.00566039145,0.99653820323,0.599628894067,0.996538203257,0,-0.0983428695856,1.00266400865
5.543,0.518,3.3,-0.00895097501981,1.00596655281,0.996538203231,0.598431953728,0.996538203257,0,-0.0979191327233,1.0028676306
5.545,0.52,3.3,-0.00869626303262,1.00627271416,0.996538203231,0.597237632989,0.996538203257,0,-0.0973863459397,1.00327514849
5.547,0.522,3.3,-0.0086121443239,1.00637040715,0.996538203232,0.596045601397,0.996538203257,0,-0.0970119979973,1.00360247033
5.549,0.524,3.3,-0.00858969003377,1.00639274501,0.996538203232,0.594855897326,0.996538203257,0,-0.0967614081512,1.00385668046
5.551,0.526,3.3,-0.00856723574364,1.00641508286,0.996538203233,0.59366845848,0.996538203257,0,-0.0965956376168,1.00406553404
5.553,0.528,3.3,-0.00854478145351,1.00643742072,0.996538203233,0.592483415976,0.996538203257,0,-0.0964642506948,1.00455838609
5.555,0.53,3.3,-0.00852232716338,1.00645975857,0.996538203233,0.591300967033,0.996538203257,0,-0.0963555643994,1.00526793839
5.557,0.532,3.3,-0.00849987287325,1.00648209643,0.996538203234,0.590120784482,0.996538203257,0,-0.0962821846077,1.00578477575
5.559,0.534,3.3,-0.00847741858312,1.00650443428,0.996538203234,0.588942906317,0.996538203257,0,-0.0962294036798,1.00619282957
5.561,0.536,3.3,-0.00845496429298,1.00652677214,0.996538203234,0.587767270859,0.996538203257,0,-0.0961939714346,1.00650690643
5.563,0.538,3.3,-0.00843251000285,1.00654910999,0.996538203235,0.586594007923,0.996538203257,0,-0.0962269111653,1.00625337809
5.565,0.54,3.3,-0.00841005571272,1.00657144785,0.996538203235,0.585423312768,0.996538203257,0,-0.096291338238,1.00577841863
5.567,0.542,3.3,-0.00838760142259,1.0065937857,0.996538203235,0.584254861477,0.996538203257,0,-0.0963354272613,1.00551764054
5.569,0.544,3.3,-0.00836514713246,1.00661612355,0.996538203235,0.583088691665,0.996538203257,0,-0.0963664749063,1.0054083744
5.571,0.546,3.3,-0.00834269284233,1.00663846141,0.996538203235,0.581924742267,0.996538203257,0,-0.0963872356387,1.00540970292
5.573,0.548,3.3,-0.0083202385522,1.00666079926,0.996538203235,0.580763141809,0.996538203257,0,-0.0963080785619,1.00552065428
5.575,0.55,3.3,-0.00829778426207,1.00668313712,0.996538203236,0.579604083606,0.996538203257,0,-0.0961814020234,1.00569306173
5.577,0.552,3.3,-0.00827532997194,1.00670547497,0.996538203236,0.578447246963,0.996538203257,0,-0.0960922052593,1.00587981701
5.579,0.554,3.3,-0.00825287568181,1.00672781283,0.996538203236,0.577292669121,0.996538203257,0,-0.096032730768,1.00607650827
5.581,0.556,3.3,-0.00823042139168,1.00675015068,0.996538203236,0.576140289621,0.996538203257,0,-0.0959934201639,1.00628042805
5.583,0.558,3.3,-0.00820796710155,1.00677248854,0.996538203236,0.574990235713,0.996538203257,0,-0.0958757413163,1.0065083173
5.585,0.56,3.3,-0.00818551281141,1.00679482639,0.996538203236,0.573842698789,0.996538203257,0,-0.0957239592643,1.00673508955
5.587,0.562,3.3,-0.00816305852128,1.00681716425,0.996538203236,0.572697361342,0.996538203257,0,-0.095617280768,1.00693944081
5.589,0.564,3.3,-0.00814060423115,1.0068395021,0.996538203236,0.571554260243,0.996538203257,0,-0.0955459102881,1.00712660032
5.591,0.566,3.3,-0.00811814994102,1.00686183996,0.996538203236,0.570413335635,0.996538203257,0,-0.0954987029054,1.00730154388
5.593,0.568,3.3,-0.00778086912598,1.00666897035,0.996538203236,0.569274713501,0.996538203257,0,-0.0953760639459,1.0074861917
5.595,0.57,3.3,-0.00734901753422,1.00641145455,0.996538203236,0.568138583332,0.996538203257,0,-0.0952211199686,1.00767382232
5.597,0.572,3.3,-0.00691716594247,1.00615393875,0.996538203236,0.567004630777,0.996538203257,0,-0.0951122397278,1.0078501587
5.599,0.574,3.3,-0.00648531435071,1.00589642295,0.996538203236,0.56587289234,0.996538203257,0,-0.0950393710025,1.00801768171
5.601,0.576,3.3,-0.00605346275896,1.00563890715,0.996538203236,0.56474330876,0.996538203257,0,-0.0949911690568,1.00817904426
5.603,0.578,3.3,-0.0056216111672,1.00538139135,0.996538203236,0.563616004765,0.996538203257,0,-0.0948679053941,1.00835458732
5.605,0.58,3.3,-0.00518975957545,1.00512387555,0.996538203236,0.562491167967,0.996538203257,0,-0.0947125631871,1.00852274027
5.607,0.582,3.3,-0.00475790798369,1.00486635975,0.996538203237,0.561368487135,0.996538203257,0,-0.0946034056469,1.00858856268
5.609,0.584,3.3,-0.00432605639194,1.00460884395,0.996538203237,0.560247998413,0.996538203257,0,-0.0945303482248,1.00853793569
5.611,0.586,3.3,-0.00389420480019,1.00435132816,0.996538203237,0.559129643127,0.996538203257,0,-0.0944820210187,1.00839355423
5.613,0.588,3.3,-0.00346235320843,1.00409381236,0.996538203237,0.558013544769,0.996538203257,0,-0.0939657089776,1.00789524926
5.615,0.59,3.3,-0.00303050161668,1.00383629656,0.996538203237,0.556899889081,0.996538203257,0,-0.09321203557,1.00721180365
5.617,0.592,3.3,-0.00259865002492,1.00357878076,0.996538203237,0.55578836793,0.996538203257,0,-0.0926829926499,1.00662531471
5.619,0.594,3.3,-0.00216679843317,1.00332126496,0.996538203237,0.554679017098,0.996538203257,0,-0.0923282304455,1.00611917372
5.621,0.596,3.3,-0.00173494684141,1.00306374916,0.996538203237,0.553571778496,0.996538203257,0,-0.0920934603244,1.00566623632
5.623,0.598,3.3,-0.00130309524966,1.00280623336,0.996538203237,0.552466774387,0.996538203257,0,-0.0915900757004,1.00530662226
5.625,0.6,3.3,-0.000871243657902,1.00254871756,0.996538203237,0.551364188667,0.996538203257,0,-0.0909761259257,1.00502314036
5.627,0.602,3.3,-0.000510559336823,1.00243153751,0.996538203237,0.550263716267,0.996538203257,0,-0.0905452302472,1.00472619144
5.629,0.604,3.3,-0.000163632889081,1.00234148681,0.996538203237,0.549165392613,0.996538203257,0,-0.0902562056308,1.00443809271
5.631,0.606,3.3,0.00018329355866,1.00225143611,0.996538203237,0.548069160192,0.996538203257,0,-0.0900649279853,1.00417930421
5.633,0.608,3.3,0.000530220006402,1.00216138541,0.996538203237,0.546975140053,0.996538203257,0,-0.089624927249,1.0040521244
5.635,0.61,3.3,0.000877146454144,1.00207133471,0.996538203237,0.545883514264,0.996538203257,0,-0.08908037236,1.00399292227
5.637,0.612,3.3,0.00122407290189,1.00198128401,0.996538203237,0.544793980788,0.996538203257,0,-0.0886977835209,1.00390464203
5.639,0.614,3.3,0.00157099934963,1.00189123331,0.996538203237,0.543706574698,0.996538203257,0,-0.0884416433159,1.00379358428
5.641,0.616,3.3,0.00191792579737,1.00180118261,0.996538203237,0.542621239055,0.996538203257,0,-0.0882721963239,1.00366706724
5.643,0.618,3.3,0.00226485224511,1.00171113191,0.996538203237,0.541538093703,0.996538203257,0,-0.0878458169489,1.00354896429
5.645,0.62,3.3,0.00261177869285,1.00162108121,0.996538203237,0.540457318902,0.996538203257,0,-0.0873098668168,1.00344493898
5.647,0.622,3.3,0.00295870514059,1.00153103051,0.996538203237,0.539378615614,0.996538203257,0,-0.0869332707173,1.0033231168
5.649,0.624,3.3,0.00330563158834,1.00144097981,0.996538203237,0.538302018567,0.996538203257,0,-0.0866812072393,1.00319320231
5.651,0.626,3.3,0.00365255803608,1.00135092911,0.996538203237,0.537227471385,0.996538203257,0,-0.0865144662852,1.00305643707
5.653,0.628,3.3,0.00399948448382,1.00126087841,0.996538203237,0.536155092722,0.996538203257,0,-0.0860901018096,1.00282300198
5.655,0.63,3.3,0.00434641093156,1.00117082771,0.996538203237,0.535085061047,0.996538203257,0,-0.0855556947213,1.00253884553
5.657,0.632,3.3,0.0046933373793,1.00108077701,0.996538203237,0.534017080293,0.996538203257,0,-0.085180174441,1.00230713836
5.659,0.634,3.3,0.00504026382704,1.00099072631,0.996538203237,0.532951184844,0.996538203257,0,-0.0849288395607,1.00211531469
5.661,0.636,3.3,0.00538719027479,1.00090067561,0.996538203237,0.531887318884,0.996538203257,0,-0.0847625816686,1.00195189137
5.663,0.638,3.3,0.00573411672253,1.00081062491,0.996538203237,0.530825599888,0.996538203257,0,-0.0843402005007,1.00194524813
5.665,0.64,3.3,0.00608104317027,1.00072057421,0.996538203237,0.529766204549,0.996538203257,0,-0.0838084004079,1.00202039698
5.667,0.642,3.3,0.00642796961801,1.00063052351,0.996538203237,0.528708839746,0.996538203257,0,-0.083434738257,1.00204055443
5.669,0.644,3.3,0.00671488938215,1.00054119828,0.996538203237,0.527653539519,0.996538203257,0,-0.0831846166612,1.00202013906
5.671,0.646,3.3,0.00688480496377,1.00045328762,0.996538203237,0.526600248607,0.996538203257,0,-0.0830191571831,1.00197089656
5.673,0.648,3.3,0.00705472054538,1.00036537695,0.996538203237,0.525549083318,0.996538203257,0,-0.0826077244532,1.00184718922
5.675,0.65,3.3,0.007224636127,1.00027746628,0.996538203237,0.524500218589,0.996538203257,0,-0.0820932432406,1.00166508371
5.677,0.652,3.3,0.00739455170862,1.00018955562,0.996538203237,0.523453364211,0.996538203257,0,-0.0817315086404,1.00156767309
5.679,0.654,3.3,0.00756446729023,1.00010164495,0.996538203237,0.522408553887,0.996538203257,0,-0.0814896669438,1.00152707706
5.681,0.656,3.3,0.00773438287185,1.00001373428,0.996538203237,0.521365732906,0.996538203257,0,-0.0813297265046,1.0015351232
5.683,0.658,3.3,0.00790429845346,0.999925823618,0.996538203237,0.520325016417,0.996538203257,0,-0.0809112512472,1.0016500221
5.685,0.66,3.3,0.00807421403508,0.999837912952,0.996538203237,0.519286577621,0.996538203257,0,-0.0803773334741,1.00179980958
5.687,0.662,3.3,0.0082441296167,0.999750002285,0.996538203237,0.518250129193,0.996538203257,0,-0.0800019274524,1.00193308963
5.689,0.664,3.3,0.00841404519831,0.999662091619,0.996538203237,0.5172157045,0.996538203257,0,-0.0797505171793,1.00206323623
5.691,0.666,3.3,0.00858396077993,0.999574180952,0.996538203237,0.516183249376,0.996538203257,0,-0.0795841610557,1.00218709632
5.693,0.668,3.3,0.00875387636154,0.999486270285,0.996538203237,0.515152877825,0.996538203257,0,-0.0792575399381,1.00223644721
5.695,0.67,3.3,0.00892379194316,0.999398359619,0.996538203237,0.514124761326,0.996538203257,0,-0.0788669272703,1.00225333053
5.697,0.672,3.3,0.00909370752478,0.999310448952,0.996538203237,0.51309861541,0.996538203257,0,-0.0785926510659,1.00229774307
5.699,0.674,3.3,0.00926362310639,0.999222538286,0.996538203237,0.512074473114,0.996538203257,0,-0.0784088325927,1.00233324519
5.701,0.676,3.3,0.00943353868801,0.999134627619,0.996538203237,0.511052280807,0.996538203257,0,-0.0782872021261,1.00232938122
5.703,0.678,3.3,0.00960345426962,0.999046716953,0.996538203237,0.510032151364,0.996538203257,0,-0.0780836379327,1.00225670593
5.705,0.68,3.3,0.00977336985124,0.998958806286,0.996538203237,0.509014254556,0.996538203257,0,-0.077850896317,1.00213348864
5.707,0.682,3.3,0.00994328543285,0.99887089562,0.996538203237,0.507998308744,0.996538203257,0,-0.0776878383695,1.00199315717
5.709,0.684,3.3,0.0101132010145,0.998782984953,0.996538203237,0.506984346633,0.996538203257,0,-0.0775781087309,1.0018405259
5.711,0.686,3.3,0.0102831165961,0.998695074286,0.996538203237,0.505972315131,0.996538203257,0,-0.0775054386563,1.00167910928
5.713,0.688,3.3,0.0104530321777,0.99860716362,0.996538203237,0.504962325986,0.996538203257,0,-0.0773663501091,1.00150554265
5.715,0.69,3.3,0.010628863834,0.998460039794,0.996538203237,0.503954547283,0.996538203257,0,-0.0772005435525,1.00132557218
5.717,0.692,3.3,0.0108395799307,0.997963762507,0.996538203237,0.502948700183,0.996538203257,0,-0.0770840945225,1.00114626317
5.719,0.694,3.3,0.0110502960274,0.997467485221,0.996538203237,0.501944817067,0.996538203257,0,-0.077006081373,1.00096767716
5.721,0.696,3.3,0.0112610121242,0.996971207934,0.996538203237,0.500942845367,0.996538203257,0,-0.076954465295,1.00078962878
5.723,0.698,3.3,0.0114717282209,0.996474930648,0.996538203237,0.499942895723,0.996538203257,0,-0.076808488115,1.00070922298
5.725,0.7,3.3,0.0116824443176,0.995978653361,0.996538203237,0.49894513455,0.996538203257,0,-0.0766228088102,1.00060493616
5.727,0.702,3.3,0.0118931604143,0.995482376075,0.996538203237,0.497949285779,0.996538203257,0,-0.0764918979184,1.00038914659
5.729,0.704,3.3,0.012103876511,0.994986098788,0.996538203237,0.496955381469,0.996538203257,0,-0.0764048154777,1.00008437773
5.731,0.706,3.3,0.0123145926077,0.994489821501,0.996538203237,0.495963369576,0.996538203257,0,-0.0763472861695,0.999719589991
5.733,0.708,3.3,0.0125253087045,0.993993544215,0.996538203237,0.494973359639,0.996538203257,0,-0.0761592836626,0.999568640015
5.735,0.71,3.3,0.0127360248012,0.993497266928,0.996538203237,0.493985516419,0.996538203257,0,-0.0759139800313,0.999521606005
5.737,0.712,3.3,0.0129467408979,0.993000989642,0.996538203237,0.492999566591,0.996538203257,0,-0.0757415703857,0.999344097715
5.739,0.714,3.3,0.0131574569946,0.992504712355,0.996538203237,0.492015541896,0.996538203257,0,-0.0756262247312,0.999069888866
5.741,0.716,3.3,0.0133681730913,0.992008435069,0.996538203237,0.491033390807,0.996538203257,0,-0.0755499304298,0.998727362132
5.743,0.718,3.3,0.013578889188,0.991512157782,0.996538203237,0.490053221775,0.996538203257,0,-0.0753540587658,0.998089002884
5.745,0.72,3.3,0.0137896052847,0.991015880496,0.996538203237,0.489075197921,0.996538203257,0,-0.0751070908844,0.997302355364
5.747,0.722,3.3,0.0140003213815,0.990519603209,0.996538203237,0.488099048639,0.996538203257,0,-0.0749335702126,0.996605183851
5.749,0.724,3.3,0.0142110374782,0.990023325923,0.996538203237,0.487124805354,0.996538203257,0,-0.0748174093442,0.995986408451
5.751,0.726,3.3,0.0144217535749,0.989527048636,0.996538203237,0.48615241705,0.996538203257,0,-0.0747405656729,0.995406020943
5.753,0.728,3.3,0.0146324696716,0.98903077135,0.996538203237,0.485181991101,0.996538203257,0,-0.0745344072247,0.99453684189
5.755,0.73,3.3,0.0148431857683,0.988534494063,0.996538203237,0.484213689007,0.996538203257,0,-0.0742733142379,0.993526502858
5.757,0.732,3.3,0.015053901865,0.988038216777,0.996538203237,0.483247242852,0.996538203257,0,-0.0740895834266,0.992667807704
5.759,0.734,3.3,0.0152646179618,0.98754193949,0.996538203237,0.482282683747,0.996538203257,0,-0.0739669378915,0.991918560723
5.761,0.736,3.3,0.0154753340585,0.987045662204,0.996538203237,0.481319961185,0.996538203257,0,-0.073885853872,0.991248891152
5.763,0.738,3.3,0.0156860501552,0.986549384917,0.996538203237,0.480359181471,0.996538203257,0,-0.0736006117463,0.990758325318
5.765,0.74,3.3,0.0158967662519,0.986053107631,0.996538203237,0.479400504501,0.996538203257,0,-0.0732241217523,0.990360899462
5.767,0.742,3.3,0.0161074823486,0.985556830344,0.996538203237,0.478443665021,0.996538203257,0,-0.0729592525008,0.989931141161
5.769,0.744,3.3,0.0163181984453,0.985060553058,0.996538203237,0.477488693833,0.996538203257,0,-0.0727823636075,0.98947466932
5.771,0.746,3.3,0.0165289145421,0.984564275771,0.996538203237,0.476535540933,0.996538203257,0,-0.0726654064689,0.989000958307
5.773,0.748,3.3,0.0167396306388,0.984067998485,0.996538203237,0.475584311569,0.996538203257,0,-0.0723589860783,0.988579155322
5.775,0.75,3.3,0.0169503467355,0.983571721198,0.996538203237,0.474635164047,0.996538203257,0,-0.0719712983159,0.988180834514
5.777,0.752,3.3,0.0171610628322,0.983075443912,0.996538203237,0.473687835749,0.996538203256,0,-0.0716990492656,0.987788025562
5.779,0.754,3.3,0.0173717789289,0.982579166625,0.996538203237,0.472742357174,0.996538203256,0,-0.0715165922785,0.987409274988
5.781,0.756,3.3,0.0172720799517,0.9819106384,0.996538203237,0.471798678811,0.996538203256,0,-0.0713958612498,0.987039100409
5.783,0.758,3.3,0.0170962268405,0.981199851849,0.996538203237,0.470856904864,0.996538203256,0,-0.0711140647913,0.98663604702
5.785,0.76,3.3,0.0169203737293,0.980489065297,0.996538203237,0.469917192066,0.996538203256,0,-0.070764487455,0.986218054826
5.787,0.762,3.3,0.0167445206181,0.979778278746,0.996538203237,0.468979280408,0.996538203256,0,-0.0705188863142,0.985818856771
5.789,0.764,3.3,0.0165686675069,0.979067492195,0.996538203237,0.468043200085,0.996538203256,0,-0.0703544558475,0.985434676236
5.791,0.766,3.3,0.0163928143957,0.978356705644,0.996538203237,0.467108902082,0.996538203256,0,-0.0702456781712,0.985060906849
5.793,0.768,3.3,0.0162169612844,0.977645919093,0.996538203237,0.466176489563,0.996538203256,0,-0.0699709584435,0.984727402265
5.795,0.77,3.3,0.0160411081732,0.976935132542,0.996538203237,0.465246117704,0.996538203256,0,-0.0696254154198,0.984415799363
5.797,0.772,3.3,0.015865255062,0.976224345991,0.996538203237,0.464317529083,0.996538203256,0,-0.0693826048942,0.984092885099
5.799,0.774,3.3,0.0156894019508,0.97551355944,0.996538203237,0.463390753593,0.996538203256,0,-0.0692200963964,0.983760338996
5.801,0.776,3.3,0.0155135488396,0.974802772889,0.996538203237,0.462465742706,0.996538203256,0,-0.0691125977531,0.983414533361
5.803,0.778,3.3,0.0153376957284,0.974091986338,0.996538203237,0.461542598561,0.996538203256,0,-0.068840683257,0.983119362924
5.805,0.78,3.3,0.0151618426172,0.973381199787,0.996538203237,0.460621474791,0.996538203256,0,-0.0684986402006,0.982775452833
5.807,0.782,3.3,0.014985989506,0.972670413236,0.996538203237,0.459702116534,0.996538203256,0,-0.0682583182217,0.982314336402
5.809,0.784,3.3,0.0148101363947,0.971959626685,0.996538203237,0.458784553385,0.996538203256,0,-0.0680974395338,0.98176348401
5.811,0.786,3.3,0.0146342832835,0.971248840134,0.996538203237,0.457868737297,0.996538203256,0,-0.0679910139595,0.981150860018
5.813,0.788,3.3,0.0144584301723,0.970538053583,0.996538203237,0.456954769397,0.996538203256,0,-0.0677687299307,0.980671894274
5.815,0.79,3.3,0.0142825770611,0.969827267032,0.996538203237,0.456042801788,0.996538203256,0,-0.0674958490077,0.98024868603
5.817,0.792,3.3,0.0141067239499,0.969116480481,0.996538203237,0.455132582142,0.996538203256,0,-0.0673051729625,0.979734664655
5.819,0.794,3.3,0.0139308708387,0.96840569393,0.996538203237,0.454224139761,0.996538203256,0,-0.0671762388857,0.979150032395
5.821,0.796,3.3,0.0137550177275,0.967694907379,0.996538203237,0.453317427076,0.996538203256,0,-0.0670907635125,0.978517420686
5.823,0.798,3.3,0.0135791646163,0.966984120828,0.996538203237,0.452412544206,0.996538203256,0,-0.0676538860939,0.977692162047
5.825,0.8,3.3,0.013403311505,0.966273334277,0.996538203237,0.451509641745,0.996538203256,0,-0.068565270765,0.976732379134
5.827,0.802,3.3,0.0132274583938,0.965562547726,0.996538203237,0.450608469871,0.996538203256,0,-0.0692048141231,0.975847286926
5.829,0.804,3.3,0.0130516052826,0.964851761175,0.996538203237,0.449709057596,0.996538203256,0,-0.0696339270205,0.974921170205
5.831,0.806,3.3,0.0128757521714,0.964140974624,0.996538203237,0.448811357822,0.996538203256,0,-0.0699179355217,0.973849547619
5.833,0.808,3.3,0.0126379359847,0.962655459303,0.996538203237,0.447915469676,0.996538203256,0,-0.0704554291843,0.973122393569
5.835,0.81,3.3,0.0123408244087,0.960428569484,0.996538203237,0.447021542252,0.996538203256,0,-0.0710932732599,0.972485571815
5.837,0.812,3.3,0.0120437128327,0.958201679665,0.996538203237,0.446129328214,0.996538203256,0,-0.0715402128774,0.971526150717
5.839,0.814,3.3,0.0117466012567,0.955974789847,0.996538203237,0.445238856283,0.996538203256,0,-0.0718408963157,0.970311004647
5.841,0.816,3.3,0.0114494896806,0.953747900028,0.996538203237,0.444350079832,0.996538203256,0,-0.0720400165732,0.968923664584
5.843,0.818,3.3,0.0111523781046,0.951521010209,0.996538203237,0.443463096999,0.996538203256,0,-0.0724287515577,0.968174006454
5.845,0.82,3.3,0.0108552665286,0.949294120391,0.996538203237,0.4425780554,0.996538203256,0,-0.0728941552626,0.967707301135
5.847,0.822,3.3,0.0108382666092,0.946903275093,0.996538203237,0.441694710154,0.996538203256,0,-0.0732210559385,0.966869205619
5.849,0.824,3.3,0.0113625968418,0.944195577419,0.996538203237,0.440813089699,0.996538203256,0,-0.0734400099494,0.965745004946
5.851,0.826,3.3,0.0118869270744,0.941487879744,0.996538203237,0.43993314787,0.996538203256,0,-0.0735848704157,0.96442419666
5.853,0.828,3.3,0.0124112573069,0.93878018207,0.996538203237,0.439054981831,0.996538203256,0,-0.0739540799676,0.961668002578
5.855,0.83,3.3,0.0129355875395,0.936072484396,0.996538203237,0.438178737729,0.996538203256,0,-0.0744203779477,0.958261656886
5.857,0.832,3.3,0.013459917772,0.933364786721,0.996538203237,0.437304173118,0.996538203256,0,-0.0747479234116,0.955322070362
5.859,0.834,3.3,0.0139842480046,0.930657089047,0.996538203236,0.436431316153,0.996538203256,0,-0.0749672888787,0.952769601038
5.861,0.836,3.3,0.0145085782372,0.927949391372,0.996538203236,0.435560121128,0.996538203256,0,-0.0751124186861,0.950439174509
5.863,0.838,3.3,0.0150329084697,0.925241693698,0.996538203236,0.434690684242,0.996538203256,0,-0.074792117749,0.947152810745
5.865,0.84,3.3,0.0155572387023,0.922533996024,0.996538203236,0.433823150188,0.996538203256,0,-0.0742292842826,0.943472634405
5.867,0.842,3.3,0.0160815689348,0.919826298349,0.996538203236,0.432957278931,0.996538203256,0,-0.0738255483682,0.940332871036
5.869,0.844,3.3,0.0166058991674,0.917118600675,0.996538203236,0.432093098345,0.996538203256,0,-0.0735645143095,0.937567325236
5.871,0.846,3.3,0.0171302293999,0.914410903,0.996538203236,0.431230563179,0.996538203256,0,-0.0733930799283,0.935081843475
5.873,0.848,3.3,0.0176545596325,0.911703205326,0.996538203236,0.430369768676,0.996538203256,0,-0.0726231108974,0.933464001327
5.875,0.85,3.3,0.0181788898651,0.908995507651,0.996538203236,0.42951085809,0.996538203256,0,-0.0715788916222,0.932293058812
5.877,0.852,3.3,0.0187032200976,0.906287809977,0.996538203236,0.428653593773,0.996538203256,0,-0.0708482788946,0.930898788734
5.879,0.854,3.3,0.0192275503302,0.903580112303,0.996538203236,0.427798003322,0.996538203256,0,-0.070355429275,0.929336309472
5.881,0.856,3.3,0.0197518805627,0.900872414628,0.996538203236,0.426944041935,0.996538203256,0,-0.0700288660252,0.927657143485
5.883,0.858,3.3,0.0202762107953,0.898164716954,0.996538203236,0.426091803907,0.996538203256,0,-0.0695046367542,0.926399372902
5.885,0.86,3.3,0.0208005410279,0.895457019279,0.996538203236,0.425241431071,0.996538203256,0,-0.0689067251405,0.925269586356
5.887,0.862,3.3,0.0213248712604,0.892749321605,0.996538203236,0.424392688139,0.996538203256,0,-0.0684871175885,0.923663786632
5.889,0.864,3.3,0.021849201493,0.890041623931,0.996538203236,0.423545602434,0.996538203256,0,-0.0682056196057,0.921482205788
5.891,0.866,3.3,0.0223824888582,0.886887017244,0.996538203236,0.4227001296,0.996538203256,0,-0.068019316431,0.918853355415
5.893,0.868,3.3,0.0229174696646,0.883647917652,0.996538203236,0.421856362996,0.996538203256,0,-0.0676143115841,0.915471154851
5.895,0.87,3.3,0.023452450471,0.880408818061,0.996538203236,0.421014443042,0.996538203256,0,-0.067126367993,0.911615090407
5.897,0.872,3.3,0.0239874312775,0.877169718469,0.996538203236,0.420174136791,0.996538203256,0,-0.0667842205256,0.907808313687
5.899,0.874,3.3,0.0245224120839,0.873930618878,0.996538203236,0.419335471294,0.996538203256,0,-0.0665549374694,0.904099030961
5.901,0.876,3.3,0.0250573928903,0.870691519286,0.996538203236,0.418498402635,0.996538203256,0,-0.0664032641257,0.900433202651
5.903,0.878,3.3,0.0255923736968,0.867452419694,0.996538203236,0.417663023245,0.996538203256,0,-0.0657839076968,0.896365579982
5.905,0.88,3.3,0.0261273545032,0.864213320103,0.996538203236,0.416829472151,0.996538203256,0,-0.0649579720565,0.892075732981
5.907,0.882,3.3,0.0266623353097,0.860974220511,0.996538203236,0.415997518718,0.996538203256,0,-0.064375627196,0.888021199084
5.909,0.884,3.3,0.0271973161161,0.85773512092,0.996538203236,0.41516718973,0.996538203256,0,-0.0639882847494,0.884104259863
5.911,0.886,3.3,0.0277322969225,0.854496021328,0.996538203236,0.414338441707,0.996538203256,0,-0.0637323996132,0.880305780408
5.913,0.888,3.3,0.028267277729,0.851256921737,0.996538203236,0.413511366162,0.996538203256,0,-0.0630691617948,0.877669457813
5.915,0.89,3.3,0.0288022585354,0.848017822145,0.996538203236,0.412686100738,0.996538203256,0,-0.0622362723371,0.875454429165
5.917,0.892,3.3,0.0293372393418,0.844778722554,0.996538203236,0.411862417095,0.996538203256,0,-0.0616516699356,0.87259737581
5.919,0.894,3.3,0.0298722201483,0.841539622962,0.996538203236,0.41104034175,0.996538203256,0,-0.0612595940464,0.869024234384
5.921,0.896,3.3,0.0304072009547,0.83830052337,0.996538203236,0.410219831654,0.996538203256,0,-0.0610001229141,0.864926156055
5.923,0.898,3.3,0.0309417647291,0.83374375998,0.996538203236,0.409400977412,0.996538203256,0,-0.0604136977567,0.862768213305
5.925,0.9,3.3,0.0314760001698,0.828149586573,0.996538203236,0.408583915297,0.996538203256,0,-0.0596895946765,0.861474529659
5.927,0.902,3.3,0.0320102356106,0.822555413167,0.996538203236,0.407768419241,0.996538203256,0,-0.0591809611191,0.859019626797
5.929,0.904,3.3,0.0325444710513,0.816961239761,0.996538203236,0.406954515494,0.996538203256,0,-0.0588402479992,0.855667964927
5.931,0.906,3.3,0.0330787064921,0.811367066354,0.996538203236,0.40614216144,0.996538203256,0,-0.0586148223163,0.851699908959
5.933,0.908,3.3,0.0336129419329,0.805772892948,0.996538203236,0.405331446778,0.996538203256,0,-0.0581208729923,0.846344440792
5.935,0.91,3.3,0.0341471773736,0.800178719541,0.996538203236,0.404522506431,0.996538203256,0,-0.0575128092991,0.840399959332
5.937,0.912,3.3,0.0346814128144,0.794584546135,0.996538203236,0.403715116574,0.996538203256,0,-0.0570865306621,0.83464612181
5.939,0.914,3.3,0.0352156482552,0.788990372729,0.996538203236,0.4029093032,0.996538203256,0,-0.0568000006519,0.82915727228
5.941,0.916,3.3,0.0357498836959,0.783396199322,0.996538203236,0.402105024113,0.996538203256,0,-0.0566102887563,0.823800285509
5.943,0.918,3.3,0.0362841191367,0.777802025916,0.996538203236,0.401302368123,0.996538203256,0,-0.0560700402738,0.81682578681
5.945,0.92,3.3,0.0368183545774,0.77220785251,0.996538203236,0.40050146881,0.996538203256,0,-0.0553935349659,0.809044395229
5.947,0.922,3.3,0.0373525900182,0.766613679103,0.996538203236,0.399702104576,0.996538203256,0,-0.0549141676899,0.802102801818
5.949,0.924,3.3,0.037886825459,0.761019505697,0.996538203236,0.398904301154,0.996538203256,0,-0.0545982297193,0.795710181676
5.951,0.926,3.3,0.0384210608997,0.75542533229,0.996538203236,0.398108016768,0.996538203256,0,-0.0543899288638,0.789734165543
5.953,0.928,3.3,0.0389552963405,0.749831158884,0.996538203236,0.397313339346,0.996538203256,0,-0.0536192990811,0.785328328125
5.955,0.93,3.3,0.0394895317813,0.744236985478,0.996538203236,0.396520401138,0.996538203256,0,-0.0526001119457,0.781655480975
5.957,0.932,3.3,0.0399732125661,0.738100686464,0.996538203236,0.395728982751,0.996538203256,0,-0.0518849999318,0.777549505557
5.959,0.934,3.3,0.0403448928429,0.730763343904,0.996538203236,0.39493910966,0.996538203256,0,-0.0514049999509,0.773120699776
5.961,0.936,3.3,0.0407165731197,0.723426001343,0.996538203236,0.394150740506,0.996538203256,0,-0.0510872807353,0.768468462607
5.963,0.938,3.3,0.0410882533965,0.716088658783,0.996538203236,0.393363962342,0.996538203256,0,-0.0504164545291,0.764736005048
5.965,0.94,3.3,0.0414599336733,0.708751316222,0.996538203236,0.392578906105,0.996538203256,0,-0.0495998163084,0.761442780909
5.967,0.942,3.3,0.0418316139501,0.701413973662,0.996538203236,0.39179535458,0.996538203256,0,-0.0490263080881,0.75762053405
5.969,0.944,3.3,0.0422032942269,0.694076631101,0.996538203236,0.391013332992,0.996538203256,0,-0.0486420562603,0.753398983262
5.971,0.946,3.3,0.042572496692,0.686722964015,0.996538203236,0.390232800391,0.996538203256,0,-0.0483878170178,0.748901238182
5.973,0.948,3.3,0.0429153652041,0.679195801385,0.996538203236,0.389453842965,0.996538203256,0,-0.0478521990381,0.743137317535
5.975,0.95,3.3,0.0432582337162,0.671668638755,0.996538203236,0.38867659035,0.996538203256,0,-0.0471937246135,0.737059510899
5.977,0.952,3.3,0.0436011022283,0.664141476125,0.996538203236,0.387900827489,0.996538203256,0,-0.0467329965589,0.731233037314
5.979,0.954,3.3,0.0439439707404,0.656614313496,0.996538203236,0.387126579358,0.996538203256,0,-0.0464222164599,0.725597596486
5.981,0.956,3.3,0.0442868392526,0.649087150866,0.996538203236,0.386353805413,0.996538203256,0,-0.0462162947468,0.719861964692
5.983,0.958,3.3,0.044653329011,0.642254512857,0.996538203236,0.385582590985,0.996538203256,0,-0.0457948445295,0.710826572413
5.985,0.96,3.3,0.0450733911385,0.636997038532,0.996538203236,0.384813064423,0.996538203256,0,-0.0452840333751,0.70020734216
5.987,0.962,3.3,0.0454934532661,0.631739564207,0.996538203236,0.384045012806,0.996538203256,0,-0.0449243179578,0.69088207383
5.989,0.964,3.3,0.0459135153936,0.626482089883,0.996538203236,0.383278460862,0.996538203256,0,-0.0446844829838,0.682490192392
5.991,0.966,3.3,0.0463335775212,0.621224615558,0.996538203236,0.38251336845,0.996538203256,0,-0.0445259605633,0.674778961814
5.993,0.968,3.3,0.0467536396487,0.615967141233,0.996538203236,0.381749820054,0.996538203256,0,-0.0440659242825,0.668538355419
5.995,0.97,3.3,0.0471737017763,0.610709666908,0.996538203236,0.380987942745,0.996538203256,0,-0.0434749222183,0.663062757136
5.997,0.972,3.3,0.0475937639038,0.605452192583,0.996538203236,0.380227525721,0.996538203256,0,-0.0430596818573,0.657341416184
5.999,0.974,3.3,0.0479769650239,0.599024702483,0.996538203236,0.379468593462,0.996538203256,0,-0.0427817050753,0.651419014443
6.001,0.976,3.3,0.0483090533864,0.590974827739,0.996538203236,0.378711106227,0.996538203256,0,-0.04259781561,0.645367927698
6.003,0.978,3.3,0.048641141749,0.582924952996,0.996538203236,0.37795514766,0.996538203256,0,-0.0420736789948,0.640140110246
6.005,0.98,3.3,0.0489732301116,0.574875078252,0.996538203236,0.37720084357,0.996538203256,0,-0.0413937774169,0.635379027345
6.007,0.982,3.3,0.0493053184741,0.566825203508,0.996538203236,0.376447985249,0.996538203256,0,-0.040916859419,0.630157365555
6.009,0.984,3.3,0.0496374068367,0.558775328764,0.996538203236,0.375696596934,0.996538203256,0,-0.0405966328508,0.624615976039
6.011,0.986,3.3,0.0499694951992,0.55072545402,0.996538203236,0.37494663928,0.996538203256,0,-0.0403846584141,0.618841772715
6.013,0.988,3.3,0.0503015835618,0.542675579277,0.996538203236,0.374198195098,0.996538203256,0,-0.0399718039236,0.611511586817
6.015,0.99,3.3,0.0506336719244,0.534625704533,0.996538203236,0.373451388946,0.996538203256,0,-0.039482595254,0.603447603199
6.017,0.992,3.3,0.0510005144601,0.529025993901,0.996538203236,0.372706014193,0.996538203256,0,-0.0391397659361,0.595919102281
6.019,0.994,3.3,0.0513871619643,0.524822530637,0.996538203236,0.371962094834,0.996538203256,0,-0.0389095196758,0.58883802875
6.021,0.996,3.3,0.0517738094685,0.520619067373,0.996538203236,0.371219591914,0.996538203256,0,-0.0387571219167,0.582054391886
6.023,0.998,3.3,0.0521604569728,0.516415604109,0.996538203236,0.370478587423,0.996538203256,0,-0.0383141048022,0.573936212951
6.025,1,3.3,0.052547104477,0.512212140845,0.996538203236,0.369739204679,0.996538203256,0,-0.0377422838289,0.565143639882
6.027,1.002,3.3,0.0529337519812,0.50800867758,0.996538203236,0.369001239106,0.996538203256,0,-0.0373404591583,0.557158357568
6.029,1.004,3.3,0.0533203994854,0.503805214316,0.996538203236,0.368264714459,0.996538203256,0,-0.0370715381285,0.54974539802
6.031,1.006,3.3,0.0537141778648,0.499050348346,0.996538203236,0.367529592173,0.996538203256,0,-0.0368936498546,0.542756436998
6.033,1.008,3.3,0.0541149459139,0.493754998534,0.996538203236,0.36679595342,0.996538203256,0,-0.0364515491687,0.538264841338
6.035,1.01,3.3,0.0545157139631,0.488459648723,0.996538203236,0.366063920294,0.996538203256,0,-0.0359111773156,0.535126935144
6.037,1.012,3.3,0.0549164820122,0.483164298911,0.996538203236,0.365333290252,0.996538203256,0,-0.035529189373,0.531098416528
6.039,1.014,3.3,0.0553172500614,0.4778689491,0.996538203236,0.364604086813,0.996538203256,0,-0.0352763179157,0.526396728578
6.041,1.016,3.3,0.0557180181106,0.472573599288,0.996538203236,0.363876271795,0.996538203256,0,-0.035109437792,0.521227991981
6.043,1.018,3.3,0.0561187861597,0.467278249477,0.996538203236,0.363149925563,0.996538203256,0,-0.0345802278703,0.516016245173
6.045,1.02,3.3,0.0564808978847,0.462069129218,0.996538203236,0.362425168998,0.996538203256,0,-0.0338944093948,0.510728671778
6.047,1.022,3.3,0.0567692928983,0.457024446709,0.996538203236,0.36170180157,0.996538203256,0,-0.0334136148159,0.505378905077
6.049,1.024,3.3,0.0570576879119,0.4519797642,0.996538203236,0.360979846565,0.996538203256,0,-0.0330905320544,0.500059855688
6.051,1.026,3.3,0.0573460829256,0.446935081691,0.996538203236,0.360259266179,0.996538203256,0,-0.0328766364828,0.49477641151
6.053,1.028,3.3,0.0576344779392,0.441890399182,0.996538203236,0.359540139979,0.996538203256,0,-0.0324277948648,0.489722606977
6.055,1.03,3.3,0.0579228729528,0.436845716674,0.996538203236,0.358822587645,0.996538203256,0,-0.0318796205746,0.484840316077
6.057,1.032,3.3,0.0582112679665,0.431801034165,0.996538203236,0.358106410639,0.996538203256,0,-0.0314951387024,0.479871426912
6.059,1.034,3.3,0.0584996629801,0.426756351656,0.996538203236,0.357391632016,0.996538203256,0,-0.0312369343812,0.474858054101
6.061,1.036,3.3,0.0587873281203,0.421800780249,0.996538203236,0.356678214349,0.996538203256,0,-0.0310660094717,0.469807459534
6.063,1.038,3.3,0.0590745880275,0.416894684212,0.996538203236,0.355966236413,0.996538203256,0,-0.0306903584706,0.464588740866
6.065,1.04,3.3,0.0593618479346,0.411988588174,0.996538203236,0.355255816698,0.996538203256,0,-0.0302288170608,0.459256995208
6.067,1.042,3.3,0.0596491078418,0.407082492137,0.996538203236,0.35454675864,0.996538203256,0,-0.0299046126916,0.454006605491
6.069,1.044,3.3,0.059936367749,0.4021763961,0.996538203236,0.353839085065,0.996538203256,0,-0.0296874849643,0.448798268738
6.071,1.046,3.3,0.0602236276562,0.397270300063,0.996538203236,0.353132758917,0.996538203256,0,-0.0295438356389,0.443632651356
6.073,1.048,3.3,0.0605108875633,0.392364204026,0.996538203236,0.35242785819,0.996538203256,0,-0.0291907821105,0.438760026244
6.075,1.05,3.3,0.0607981474705,0.387458107989,0.996538203236,0.351724500194,0.996538203256,0,-0.0287474934861,0.434038308201
6.077,1.052,3.3,0.0610854073777,0.382552011952,0.996538203236,0.35102249032,0.996538203256,0,-0.0284359735613,0.429216306952
6.079,1.054,3.3,0.0613726672849,0.377645915915,0.996538203236,0.350321851167,0.996538203256,0,-0.0282274127568,0.424330875475
6.081,1.056,3.3,0.061659927192,0.372739819877,0.996538203236,0.349622546048,0.996538203256,0,-0.0280894353695,0.419441927677
6.083,1.058,3.3,0.0620014693164,0.368131560168,0.996538203236,0.34892465218,0.996538203256,0,-0.0277784841121,0.414159589645
6.085,1.06,3.3,0.0624123789212,0.363903906792,0.996538203236,0.348228285709,0.996538203256,0,-0.0273961292654,0.408734976893
6.087,1.062,3.3,0.062823288526,0.359676253416,0.996538203236,0.347533253958,0.996538203256,0,-0.0271274686197,0.403574731257
6.089,1.064,3.3,0.0632341981307,0.35544860004,0.996538203236,0.346839579304,0.996538203256,0,-0.0269476379481,0.398614588618
6.091,1.066,3.3,0.0636451077355,0.351220946663,0.996538203236,0.346147225423,0.996538203256,0,-0.0268286777752,0.393798075533
6.093,1.068,3.3,0.0640560173403,0.346993293287,0.996538203236,0.345456268764,0.996538203256,0,-0.026270192606,0.389421414327
6.095,1.07,3.3,0.064466926945,0.342765639911,0.996538203236,0.344766796941,0.996538203256,0,-0.0255128007146,0.385309617965
6.097,1.072,3.3,0.0648778365498,0.338537986535,0.996538203236,0.344078671391,0.996538203256,0,-0.0249789212334,0.381078888467
6.099,1.074,3.3,0.0652887461546,0.334310333158,0.996538203236,0.343391892069,0.996538203256,0,-0.0246262096908,0.376761265515
6.101,1.076,3.3,0.0656996557593,0.330082679782,0.996538203236,0.342706460763,0.996538203256,0,-0.0243962863481,0.372384695754
6.103,1.078,3.3,0.0661105653641,0.325855026406,0.996538203236,0.342022361819,0.996538203256,0,-0.0237570394239,0.367566079988
6.105,1.08,3.3,0.0665214749689,0.32162737303,0.996538203236,0.341339770596,0.996538203256,0,-0.0229478885127,0.362490208925
6.107,1.082,3.3,0.0669323845736,0.317399719654,0.996538203236,0.34065848769,0.996538203256,0,-0.0223806869996,0.357583898619
6.109,1.084,3.3,0.0673432941784,0.313172066277,0.996538203236,0.339978535036,0.996538203256,0,-0.0219983706524,0.352836796256
6.111,1.086,3.3,0.0677542037832,0.308944412901,0.996538203236,0.339299877027,0.996538203256,0,-0.0217455027842,0.34819482344
6.113,1.088,3.3,0.0681651133879,0.304716759525,0.996538203236,0.338622588602,0.996538203256,0,-0.021253156756,0.343993528611
6.115,1.09,3.3,0.0685760229927,0.300489106149,0.996538203236,0.337946782477,0.996538203256,0,-0.0206616837472,0.340054638224
6.117,1.092,3.3,0.0689869325975,0.296261452772,0.996538203236,0.337272271665,0.996538203256,0,-0.0202452173591,0.335986042156
6.119,1.094,3.3,0.0693978422022,0.292033799396,0.996538203236,0.336599077881,0.996538203256,0,-0.0199660902384,0.331838988344
6.121,1.096,3.3,0.069808751807,0.28780614602,0.996538203236,0.335927165873,0.996538203256,0,-0.0197818672531,0.32764749355
6.123,1.098,3.3,0.0702196614118,0.283578492644,0.996538203236,0.335256609835,0.996538203256,0,-0.0193751967589,0.323407200143
6.125,1.1,3.3,0.0706305710165,0.279350839267,0.996538203236,0.334587521363,0.996538203256,0,-0.0188763591606,0.319141223372
6.127,1.102,3.3,0.0710414806213,0.275123185891,0.996538203236,0.333919715329,0.996538203256,0,-0.0185248662519,0.314884610716
6.129,1.104,3.3,0.0714052450186,0.271461494355,0.996538203236,0.333253213231,0.996538203256,0,-0.018289517853,0.310639497778
6.131,1.106,3.3,0.0717090064246,0.26852011789,0.996538203236,0.332587980168,0.996538203256,0,-0.0181342474544,0.30640388114
6.133,1.108,3.3,0.0720127678305,0.265578741424,0.996538203236,0.331924089596,0.996538203256,0,-0.0177566919725,0.302382107884
6.135,1.11,3.3,0.0723165292365,0.262637364959,0.996538203236,0.331261652003,0.996538203256,0,-0.0172840318387,0.298480682444
6.137,1.112,3.3,0.0726202906424,0.259695988493,0.996538203236,0.330600484099,0.996538203256,0,-0.0169506210449,0.294500336019
6.139,1.114,3.3,0.0729240520484,0.256754612028,0.996538203236,0.329940607169,0.996538203256,0,-0.0167276368628,0.290448634091
6.141,1.116,3.3,0.0732278134544,0.253813235562,0.996538203236,0.329281986661,0.996538203256,0,-0.0165805851794,0.286353550615
6.143,1.118,3.3,0.0735315748603,0.250871859096,0.996538203236,0.3286246953,0.996538203256,0,-0.0162396448138,0.282370747413
6.145,1.12,3.3,0.0738353362663,0.247930482631,0.996538203236,0.327968842473,0.996538203256,0,-0.0158186620681,0.278419996253
6.147,1.122,3.3,0.0741390976723,0.244989106165,0.996538203236,0.327314246715,0.996538203256,0,-0.0155217106576,0.274414923626
6.149,1.124,3.3,0.0744428590782,0.2420477297,0.996538203236,0.3266609291,0.996538203256,0,-0.0153231718625,0.27036153813
6.151,1.126,3.3,0.0747466204842,0.239106353234,0.996538203236,0.326008855416,0.996538203256,0,-0.0151922602078,0.266279708505
6.153,1.128,3.3,0.0750503818902,0.236164976768,0.996538203236,0.325358097667,0.996538203256,0,-0.0148898507709,0.261934309855
6.155,1.13,3.3,0.0753541432961,0.233223600303,0.996538203236,0.32470871494,0.996538203256,0,-0.0145339074228,0.257344894714
6.157,1.132,3.3,0.0756579047021,0.230282223837,0.996538203236,0.324060616193,0.996538203256,0,-0.0142780171604,0.253313822191
6.159,1.134,3.3,0.0759616661081,0.227340847372,0.996538203236,0.323413792809,0.996538203256,0,-0.0141127106008,0.249639534594
6.161,1.136,3.3,0.076265427514,0.224399470906,0.996538203236,0.32276827874,0.996538203256,0,-0.0140076609226,0.246271186632
6.163,1.138,3.3,0.07656918892,0.22145809444,0.996538203236,0.322123970717,0.996538203256,0,-0.0134923355519,0.244830351054
6.165,1.14,3.3,0.076872950326,0.218516717975,0.996538203236,0.321481052171,0.996538203256,0,-0.0127856155382,0.244392203153
6.167,1.142,3.3,0.0771767117319,0.215575341509,0.996538203236,0.320839399146,0.996538203256,0,-0.0122900191188,0.24327028856
6.169,1.144,3.3,0.0777219532116,0.213057014241,0.996538203236,0.320199005296,0.996538203256,0,-0.0119599142212,0.241614274721
6.171,1.146,3.3,0.0785751573338,0.211078207054,0.996538203236,0.319559891592,0.996538203256,0,-0.0117464077306,0.239582938759
6.173,1.148,3.3,0.079428361456,0.209099399867,0.996538203236,0.318921991658,0.996538203256,0,-0.0113860012636,0.236869805254
6.175,1.15,3.3,0.0802815655782,0.20712059268,0.996538203236,0.318285503005,0.996538203256,0,-0.0109774321403,0.233802827803
6.177,1.152,3.3,0.0811347697004,0.205141785493,0.996538203236,0.317650234306,0.996538203256,0,-0.0106887994482,0.230816566463
6.179,1.154,3.3,0.0819879738226,0.203162978305,0.996538203236,0.317016206011,0.996538203256,0,-0.0104951264252,0.227942922257
6.181,1.156,3.3,0.0828411779447,0.201184171118,0.996538203236,0.316383384921,0.996538203256,0,-0.0103678167392,0.225139347952
6.183,1.158,3.3,0.0836943820669,0.199205363931,0.996538203236,0.315751840912,0.996538203256,0,-0.0100264599805,0.221494531776
6.185,1.16,3.3,0.0845475861891,0.197226556744,0.996538203236,0.31512166499,0.996538203256,0,-0.00963346890646,0.217491271013
6.187,1.162,3.3,0.0854007903113,0.195247749557,0.996538203236,0.314492769527,0.996538203256,0,-0.00933692008441,0.213888021613
6.189,1.164,3.3,0.0862539944335,0.193268942369,0.996538203236,0.313865024565,0.996538203256,0,-0.00913895605104,0.210573480069
6.191,1.166,3.3,0.0871071985557,0.191290135182,0.996538203236,0.313238554335,0.996538203256,0,-0.00901705553303,0.207488293435
6.193,1.168,3.3,0.0879604026779,0.189311327995,0.996538203236,0.312613205906,0.996538203256,0,-0.00767805840091,0.203879976827
6.195,1.17,3.3,0.0888136068001,0.187332520808,0.996538203236,0.311989275178,0.996538203256,0,-0.00577738226673,0.200223040795
6.197,1.172,3.3,0.0896668109223,0.185353713621,0.996538203236,0.311366629084,0.996538203256,0,-0.00439871081334,0.197130472377
6.199,1.174,3.3,0.0905200150445,0.183374906433,0.996538203236,0.310745142903,0.996538203256,0,-0.00345610631532,0.194436960775
6.201,1.176,3.3,0.0913732191666,0.181396099246,0.996538203236,0.310124800487,0.996538203256,0,-0.00284780029529,0.192048408404
6.203,1.178,3.3,0.0922264232888,0.179417292059,0.996538203236,0.309505764687,0.996538203256,0,-0.00179755998082,0.188414561986
6.205,1.18,3.3,0.093079627411,0.177438484872,0.996538203236,0.308888020857,0.996538203256,0,-0.00057726293761,0.184192106843
6.207,1.182,3.3,0.0939328315332,0.175459677685,0.996538203236,0.308271482151,0.996538203256,0,0.000286522432102,0.180659920203
6.209,1.184,3.3,0.0947860356554,0.173480870497,0.996538203236,0.307656165511,0.996538203256,0,0.000865594958165,0.177713931233
6.211,1.186,3.3,0.0956392397776,0.17150206331,0.996538203236,0.307042145472,0.996538203256,0,0.00122838176778,0.175217694034
6.213,1.188,3.3,0.0964924438998,0.169523256123,0.996538203236,0.306429210772,0.996538203256,0,0.00230858428324,0.175334123423
6.215,1.19,3.3,0.097345648022,0.167544448936,0.996538203236,0.305817653663,0.996538203256,0,0.00369653389802,0.176997706482
6.217,1.192,3.3,0.0981887946701,0.165573585472,0.996538203236,0.305207319416,0.996538203256,0,0.00468994692667,0.177661680709
6.219,1.194,3.3,0.0987546423891,0.163821741804,0.996538203236,0.304598127174,0.996538203256,0,0.00537892433955,0.177588022676
6.221,1.196,3.3,0.0993204901081,0.162069898136,0.996538203236,0.303990148892,0.996538203256,0,0.00582669529442,0.176935492979
6.223,1.198,3.3,0.0998863378271,0.160318054468,0.996538203236,0.303383243169,0.996538203256,0,0.00672524967612,0.176267777997
6.225,1.2,3.3,0.100452185546,0.1585662108,0.996538203236,0.302777730469,0.996538203256,0,0.00778841148198,0.175523073313
6.227,1.202,3.3,0.101018033265,0.156814367132,0.996538203236,0.302173390295,0.996538203256,0,0.00855154849933,0.174427968774
6.229,1.204,3.3,0.101583880984,0.155062523464,0.996538203236,0.301570242359,0.996538203256,0,0.00906710413379,0.173128581179
6.231,1.206,3.3,0.102149728703,0.153310679796,0.996538203236,0.300968361841,0.996538203256,0,0.00938743504275,0.171691176455
6.233,1.208,3.3,0.102715576422,0.151558836128,0.996538203236,0.3003675509,0.996538203256,0,0.0100429736529,0.169027771127
6.235,1.21,3.3,0.103281424141,0.14980699246,0.996538203236,0.29976806406,0.996538203256,0,0.0108136710087,0.165709083426
6.237,1.212,3.3,0.10384727186,0.148055148792,0.996538203236,0.299169738311,0.996538203256,0,0.0113798554581,0.162927297343
6.239,1.214,3.3,0.104413119579,0.146303305124,0.996538203236,0.298572582663,0.996538203256,0,0.0117637301757,0.160555146322
6.241,1.216,3.3,0.104978967298,0.144551461456,0.996538203236,0.29797667791,0.996538203256,0,0.0119990084988,0.158498940533
6.243,1.218,3.3,0.105544815017,0.142799617788,0.996538203236,0.297381835226,0.996538203256,0,0.0126139546005,0.156037736168
6.245,1.22,3.3,0.106110662736,0.14104777412,0.996538203236,0.296788269853,0.996538203256,0,0.0133851868406,0.153448462937
6.247,1.222,3.3,0.106676510455,0.139295930452,0.996538203236,0.296195890833,0.996538203256,0,0.0139411257394,0.15114566368
6.249,1.224,3.3,0.107242358174,0.137544086784,0.996538203236,0.295604685308,0.996538203256,0,0.0143156543047,0.14911178693
6.251,1.226,3.3,0.107808205893,0.135792243116,0.996538203236,0.29501470884,0.996538203256,0,0.0145459338831,0.147298386397
6.253,1.228,3.3,0.108374053612,0.134040399448,0.996538203236,0.294425798239,0.996538203256,0,0.0151269664273,0.144683341611
6.255,1.23,3.3,0.108939901331,0.13228855578,0.996538203236,0.293838153926,0.996538203256,0,0.0158422240049,0.141651514429
6.257,1.232,3.3,0.10950574905,0.130536712112,0.996538203236,0.293251675878,0.996538203256,0,0.0163576581844,0.139044699988
6.259,1.234,3.3,0.110071596769,0.128784868444,0.996538203236,0.292666346994,0.996538203256,0,0.0167067160126,0.136804798349
6.261,1.236,3.3,0.1106301973,0.126986008419,0.996538203236,0.292082192859,0.996538203256,0,0.0169250513147,0.13485633363
6.263,1.238,3.3,0.111172816853,0.1250834713,0.996538203236,0.291499144874,0.996538203256,0,0.0177925740088,0.134557614012
6.265,1.24,3.3,0.111715436406,0.123180934181,0.996538203236,0.290917316494,0.996538203256,0,0.0189651495451,0.135166421829
6.267,1.242,3.3,0.112258055958,0.121278397062,0.996538203236,0.290336652153,0.996538203256,0,0.019811458551,0.135187760125
6.269,1.244,3.3,0.112800675511,0.119375859942,0.996538203236,0.289757141637,0.996538203256,0,0.0203812581636,0.134727894717
6.271,1.246,3.3,0.113343295064,0.117473322823,0.996538203236,0.289178846005,0.996538203256,0,0.0207300025832,0.133887738105
6.273,1.248,3.3,0.113885914616,0.115570785704,0.996538203236,0.288601583046,0.996538203256,0,0.0214479508018,0.133007276242
6.275,1.25,3.3,0.114428534169,0.113668248585,0.996538203236,0.28802559279,0.996538203256,0,0.022293986232,0.132053368146
6.277,1.252,3.3,0.114971153721,0.111765711466,0.996538203236,0.287450725178,0.996538203256,0,0.0229076891376,0.130901537218
6.279,1.254,3.3,0.115513773274,0.109863174347,0.996538203236,0.286876974964,0.996538203256,0,0.0233257936877,0.129558001202
6.281,1.256,3.3,0.116056392827,0.107960637227,0.996538203236,0.286304325614,0.996538203256,0,0.0235924933937,0.128047432542
6.283,1.258,3.3,0.116599012379,0.106058100108,0.996538203236,0.285732823573,0.996538203256,0,0.024245188965,0.12635488867
6.285,1.26,3.3,0.117141631932,0.104155562989,0.996538203236,0.285162557019,0.996538203256,0,0.0250620605132,0.124552844512
6.287,1.262,3.3,0.117684251485,0.10225302587,0.996538203236,0.284593403468,0.996538203256,0,0.0256610068726,0.122734583527
6.289,1.264,3.3,0.118226871037,0.100350488751,0.996538203236,0.284025356453,0.996538203256,0,0.0260689010435,0.120880592527
6.291,1.266,3.3,0.11876949059,0.0984479516316,0.996538203236,0.283458402093,0.996538203256,0,0.0263266605737,0.118993910901
6.293,1.268,3.3,0.119312110143,0.0965454145124,0.996538203236,0.282892580165,0.996538203256,0,0.0268507206042,0.116862321777
6.295,1.27,3.3,0.119854729695,0.0946428773932,0.996538203236,0.282328014697,0.996538203256,0,0.0274732812007,0.114597272663
6.297,1.272,3.3,0.120397349248,0.0927403402741,0.996538203236,0.281764517003,0.996538203256,0,0.0279313181352,0.112431910435
6.299,1.274,3.3,0.120939968801,0.0908378031549,0.996538203236,0.281202116426,0.996538203256,0,0.0282435445848,0.110347880826
6.301,1.276,3.3,0.121482588353,0.0889352660357,0.996538203236,0.280640753295,0.996538203256,0,0.028444715529,0.108324220225
6.303,1.278,3.3,0.123438107486,0.0872495338722,0.996538203236,0.28008056933,0.996538203256,0,0.0289562854149,0.106246873409
6.305,1.28,3.3,0.126468226299,0.0857286956187,0.996538203236,0.27952161576,0.996538203256,0,0.0295963580342,0.104154002149
6.307,1.282,3.3,0.129498345112,0.0842078573652,0.996538203236,0.278963719349,0.996538203256,0,0.030070113125,0.102113793732
6.309,1.284,3.3,0.132528463926,0.0826870191116,0.996538203236,0.278406909151,0.996538203256,0,0.0303930544965,0.100121102427
6.311,1.286,3.3,0.135558582739,0.0811661808581,0.996538203236,0.277851126085,0.996538203256,0,0.030600099567,0.0981653864824
6.313,1.288,3.3,0.138588701552,0.0796453426046,0.996538203236,0.277296513791,0.996538203256,0,0.0326966638833,0.0963488203757
6.315,1.29,3.3,0.141618820366,0.0781245043511,0.996538203236,0.27674305116,0.996538203256,0,0.0355773646239,0.0945936794091
6.317,1.292,3.3,0.143680248635,0.0774324925939,0.996538203236,0.276190673641,0.996538203256,0,0.0379048914599,0.0928355984268
6.319,1.294,3.3,0.14534312603,0.0770814870806,0.996538203236,0.275639391472,0.996538203256,0,0.0394973745253,0.0910423806016
6.321,1.296,3.3,0.147006003426,0.0767304815674,0.996538203236,0.275089271446,0.996538203256,0,0.0404173285496,0.0892300772134
6.323,1.298,3.3,0.148668880822,0.0763794760541,0.996538203236,0.274540125591,0.996538203256,0,0.0433341040502,0.0874854382075
6.325,1.3,3.3,0.149975731171,0.0758799353216,0.996538203236,0.273992150353,0.996538203256,0,0.0471659481997,0.0859862881426
6.327,1.302,3.3,0.151242803068,0.0753637989363,0.996538203236,0.273445270676,0.996538203256,0,0.0498714249205,0.0846416113087
6.329,1.304,3.3,0.152509874964,0.0748476625511,0.996538203236,0.272899475275,0.996538203256,0,0.0517047441167,0.0834346358915
6.331,1.306,3.3,0.153776946861,0.0743315261659,0.996538203236,0.272354817197,0.996538203256,0,0.0528546104469,0.0823413170069
6.333,1.308,3.3,0.155044018758,0.0738153897807,0.996538203236,0.271811139925,0.996538203256,0,0.054959813859,0.082605163576
6.335,1.31,3.3,0.156311090654,0.0732992533954,0.996538203236,0.271268620847,0.996538203256,0,0.0574531288812,0.0837429475851
6.337,1.312,3.3,0.157578162551,0.0727831170102,0.996538203236,0.270727183533,0.996538203256,0,0.0592549108001,0.0842619298
6.339,1.314,3.3,0.158845234448,0.072266980625,0.996538203236,0.270186813422,0.996538203256,0,0.0604811054452,0.0843279906002
6.341,1.316,3.3,0.160112306344,0.0717508442398,0.996538203236,0.269647550123,0.996538203256,0,0.0612464278143,0.0840516292674
6.343,1.318,3.3,0.161379378241,0.0712347078546,0.996538203236,0.269109280945,0.996538203256,0,0.0627961668373,0.0833922867443
6.345,1.32,3.3,0.162544741463,0.0703834660673,0.996538203236,0.268572187036,0.996538203256,0,0.064638163363,0.0825147542906
6.347,1.322,3.3,0.16353729602,0.0689628616599,0.996538203236,0.268036145222,0.996538203256,0,0.0659910650956,0.0815928196153
6.349,1.324,3.3,0.164529850578,0.0675422572525,0.996538203236,0.267501146413,0.996538203256,0,0.066918251776,0.0806767354496
6.351,1.326,3.3,0.165522405135,0.0661216528452,0.996538203236,0.266967184133,0.996538203256,0,0.0675054074016,0.0797785880888
6.353,1.328,3.3,0.166514959692,0.0647010484378,0.996538203236,0.266434278995,0.996538203256,0,0.0688342280521,0.078405822182
6.355,1.33,3.3,0.167507514249,0.0632804440305,0.996538203236,0.265902537808,0.996538203256,0,0.0704566332035,0.0768202706502
6.357,1.332,3.3,0.168500068806,0.0618598396231,0.996538203236,0.265371826002,0.996538203256,0,0.0716587214852,0.0754090601382
6.359,1.334,3.3,0.169492623363,0.0604392352157,0.996538203236,0.264842145159,0.996538203256,0,0.0724842211124,0.074160990485
6.361,1.336,3.3,0.17048517792,0.0590186308084,0.996538203236,0.264313469257,0.996538203256,0,0.0730093533699,0.0730454234826
6.363,1.338,3.3,0.171478986897,0.0575973463752,0.996538203236,0.263785867107,0.996538203256,0,0.0742461737912,0.0715138529235
6.365,1.34,3.3,0.172527293422,0.0561465185996,0.996538203236,0.263259432687,0.996538203256,0,0.0757750387718,0.0698140682722
6.367,1.342,3.3,0.173575599948,0.054695690824,0.996538203236,0.262733993922,0.996538203256,0,0.0769070019383,0.0683193400339
6.369,1.344,3.3,0.174623906473,0.0532448630484,0.996538203236,0.262209578175,0.996538203256,0,0.0776844227923,0.0670605415866
6.371,1.346,3.3,0.175735019084,0.0521084954115,0.996538203236,0.261686129804,0.996538203256,0,0.0781867171781,0.066021032167
6.373,1.348,3.3,0.177098934082,0.0522378693388,0.996538203236,0.261163780958,0.996538203256,0,0.0793842743098,0.0644211647778
6.375,1.35,3.3,0.17846284908,0.052367243266,0.996538203236,0.260642550236,0.996538203256,0,0.0808751844837,0.0625986138425
6.377,1.352,3.3,0.179826764078,0.0524966171933,0.996538203236,0.260122336084,0.996538203256,0,0.0819866187588,0.0610956027741
6.379,1.354,3.3,0.181190679076,0.0526259911205,0.996538203236,0.259603133198,0.996538203256,0,0.0827513412623,0.0598969820955
6.381,1.356,3.3,0.182554594074,0.0527553650478,0.996538203236,0.259084927686,0.996538203256,0,0.0832317712065,0.0589520651261
6.383,1.358,3.3,0.183918509072,0.0528847389751,0.996538203236,0.258567758919,0.996538203256,0,0.0847032977094,0.0584971954666
6.385,1.36,3.3,0.18528242407,0.0530141129023,0.996538203236,0.258051699951,0.996538203256,0,0.0865543297538,0.0581203283362
6.387,1.362,3.3,0.186646339068,0.0531434868296,0.996538203236,0.257536682731,0.996538203256,0,0.0879701697558,0.0579402621664
6.389,1.364,3.3,0.188010254066,0.0532728607568,0.996538203236,0.257022621732,0.996538203256,0,0.0889702997258,0.0576821534491
6.391,1.366,3.3,0.189374169064,0.0534022346841,0.996538203236,0.256509621249,0.996538203256,0,0.0895708805335,0.0572542339529
6.393,1.368,3.3,0.190738084062,0.0535316086113,0.996538203236,0.255997541864,0.996538203256,0,0.0913187434599,0.0578975230705
6.395,1.37,3.3,0.19210199906,0.0536609825386,0.996538203236,0.255486650515,0.996538203256,0,0.0935361773067,0.0590803012124
6.397,1.372,3.3,0.195156851334,0.0530060572486,0.996538203236,0.254976725424,0.996538203256,0,0.095164078386,0.0597240000218
6.399,1.374,3.3,0.198274850643,0.0523218427762,0.996538203236,0.254467793146,0.996538203256,0,0.0962838535814,0.0599965596307
6.401,1.376,3.3,0.201392849953,0.0516376283037,0.996538203236,0.253959799683,0.996538203256,0,0.0970127352357,0.0600244264942
6.403,1.378,3.3,0.204510849262,0.0509534138313,0.996538203236,0.253452873281,0.996538203256,0,0.0983089286733,0.0590584878432
6.405,1.38,3.3,0.207628848572,0.0502691993588,0.996538203236,0.252947015274,0.996538203256,0,0.099840171555,0.0575958105619
6.407,1.382,3.3,0.210746847881,0.0495849848864,0.996538203236,0.252442156345,0.996538203256,0,0.100961118521,0.0563279359307
6.409,1.384,3.3,0.21386484719,0.0489007704139,0.996538203236,0.25193828306,0.996538203256,0,0.101732002658,0.0552913644149
6.411,1.386,3.3,0.2169828465,0.0482165559415,0.996538203236,0.251435405514,0.996538203256,0,0.102215316106,0.0544691836853
6.413,1.388,3.3,0.220100845809,0.047532341469,0.996538203236,0.250933499269,0.996538203256,0,0.103944152701,0.0538730497892
6.415,1.39,3.3,0.223218845119,0.0468481269966,0.996538203236,0.250432657618,0.996538203256,0,0.10617425201,0.053447341278
6.417,1.392,3.3,0.226800272158,0.0460574555775,0.996538203236,0.249932811733,0.996538203256,0,0.107907718509,0.0529730998464
6.419,1.394,3.3,0.230478304979,0.045244592227,0.996538203236,0.249433947086,0.996538203256,0,0.109106508444,0.0524469854249
6.421,1.396,3.3,0.234156337799,0.0444317288764,0.996538203236,0.248936090551,0.996538203256,0,0.109818674825,0.0518765205058
6.423,1.398,3.3,0.23783437062,0.0436188655259,0.996538203236,0.248439168358,0.996538203256,0,0.115965309129,0.0512957371699
6.425,1.4,3.3,0.24151240344,0.0428060021754,0.996538203236,0.24794332154,0.996538203256,0,0.125088257735,0.0508280769618
6.427,1.402,3.3,0.24519043626,0.0419931388248,0.996538203236,0.247448477867,0.996538203256,0,0.131611135035,0.0502044641623
6.429,1.404,3.3,0.248868469081,0.0411802754743,0.996538203236,0.246954553829,0.996538203256,0,0.136181252289,0.0495516461544
6.431,1.406,3.3,0.252546501901,0.0403674121237,0.996538203236,0.246461650314,0.996538203256,0,0.139078482177,0.0489208057936
6.433,1.408,3.3,0.256224534722,0.0395545487732,0.996538203236,0.245969631599,0.996538203256,0,0.143419469706,0.047929056477
6.435,1.41,3.3,0.259839775696,0.0387710061519,0.996538203236,0.245478726028,0.996538203256,0,0.148148233397,0.0467424146581
6.437,1.412,3.3,0.262181811787,0.0385819881063,0.996538203236,0.244988777307,0.996538203256,0,0.151611165125,0.0457565810014
6.439,1.414,3.3,0.264523847878,0.0383929700606,0.996538203236,0.244499780929,0.996538203256,0,0.154000151528,0.0448728599
6.441,1.416,3.3,0.26686588397,0.038203952015,0.996538203236,0.244011722872,0.996538203256,0,0.155522783348,0.044043678807
6.443,1.418,3.3,0.269207920061,0.0380149339694,0.996538203236,0.24352464255,0.996538203256,0,0.158447137158,0.0432702893567
6.445,1.42,3.3,0.271549956152,0.0378259159238,0.996538203236,0.243038639915,0.996538203256,0,0.161923729679,0.0425414781435
6.447,1.422,3.3,0.273891992243,0.0376368978781,0.996538203236,0.242553560515,0.996538203256,0,0.164517748032,0.0418113386431
6.449,1.424,3.3,0.276234028335,0.0374478798325,0.996538203236,0.242069424814,0.996538203256,0,0.166311691217,0.0410960973041
6.451,1.426,3.3,0.278576064426,0.0372588617869,0.996538203236,0.241586186118,0.996538203256,0,0.167462584644,0.040399815418
6.453,1.428,3.3,0.280918100517,0.0370698437413,0.996538203236,0.241103957174,0.996538203256,0,0.169893554944,0.0390879600529
6.455,1.43,3.3,0.283260136608,0.0368808256956,0.996538203236,0.24062278878,0.996538203256,0,0.172827874697,0.0374084258564
6.457,1.432,3.3,0.2856021727,0.03669180765,0.996538203236,0.24014253043,0.996538203256,0,0.175045720958,0.0360242387952
6.459,1.434,3.3,0.287944208791,0.0365027896044,0.996538203236,0.239663207132,0.996538203256,0,0.176582502395,0.0348651518676
6.461,1.436,3.3,0.290286244882,0.0363137715588,0.996538203236,0.239184768029,0.996538203256,0,0.177560807169,0.0338648236326
6.463,1.438,3.3,0.292628280973,0.0361247535131,0.996538203236,0.238707333908,0.996538203256,0,0.180302901618,0.0336163386187
6.465,1.44,3.3,0.295000828823,0.0359424370466,0.996538203236,0.238230900815,0.996538203256,0,0.183835276223,0.0336973664923
6.467,1.442,3.3,0.29742715154,0.0357719316505,0.996538203236,0.237755418098,0.996538203256,0,0.186488546509,0.0336751346311
6.469,1.444,3.3,0.299853474256,0.0356014262543,0.996538203236,0.237280846724,0.996538203256,0,0.188342916983,0.0335155755558
6.471,1.446,3.3,0.302279796973,0.0354309208581,0.996538203236,0.236807267458,0.996538203256,0,0.189456545134,0.0332650599418
6.473,1.448,3.3,0.304706119689,0.035260415462,0.996538203236,0.236334533606,0.996538203256,0,0.192659982841,0.034373628652
6.475,1.45,3.3,0.307132442406,0.0350899100658,0.996538203236,0.235862872112,0.996538203256,0,0.196710028123,0.036209388422
6.477,1.452,3.3,0.309558765122,0.0349194046697,0.996538203236,0.235392115935,0.996538203256,0,0.199758770451,0.0374685999294
6.479,1.454,3.3,0.311985087839,0.0347488992735,0.996538203236,0.234922274444,0.996538203256,0,0.201876970882,0.0382853712271
6.481,1.456,3.3,0.314411410555,0.0345783938774,0.996538203236,0.234453313872,0.996538203256,0,0.203219099255,0.0387731223092
6.483,1.458,3.3,0.316837733272,0.0344078884812,0.996538203236,0.233985319412,0.996538203256,0,0.206095878735,0.0386681475414
6.485,1.46,3.3,0.319264055988,0.034237383085,0.996538203236,0.233518344746,0.996538203256,0,0.209610402087,0.0382171993885
6.487,1.462,3.3,0.321690378705,0.0340668776889,0.996538203236,0.233052268096,0.996538203256,0,0.212234686136,0.0378276997452
6.489,1.464,3.3,0.323932156979,0.033677881998,0.996538203236,0.232587096929,0.996538203256,0,0.214054770094,0.0375094263448
6.491,1.466,3.3,0.326167241931,0.0332809617887,0.996538203236,0.232122800056,0.996538203256,0,0.21521129802,0.0372550646765
6.493,1.468,3.3,0.328402326883,0.0328840415794,0.996538203236,0.231659456896,0.996538203256,0,0.217937527105,0.0368661443046
6.495,1.47,3.3,0.330637411836,0.03248712137,0.996538203236,0.231197136783,0.996538203256,0,0.221326649358,0.0364166498401
6.497,1.472,3.3,0.332872496788,0.0320902011607,0.996538203236,0.230735691065,0.996538203256,0,0.223884532086,0.0360515446062
6.499,1.474,3.3,0.33510758174,0.0316932809514,0.996538203236,0.230275143771,0.996538203256,0,0.225660863092,0.0357552947507
6.501,1.476,3.3,0.337342666693,0.031296360742,0.996538203236,0.229815446038,0.996538203256,0,0.226794709481,0.0355109684876
6.503,1.478,3.3,0.339577751645,0.0308994405327,0.996538203236,0.229356713918,0.996538203256,0,0.229473207684,0.0350981039729
6.505,1.48,3.3,0.341812836597,0.0305025203234,0.996538203236,0.228898953661,0.996538203256,0,0.23286199403,0.0346403251699
6.507,1.482,3.3,0.34404792155,0.030105600114,0.996538203236,0.228442094105,0.996538203256,0,0.235371907122,0.0342191634771
6.509,1.484,3.3,0.346283006502,0.0297086799047,0.996538203236,0.227986124825,0.996538203256,0,0.237111402331,0.0338769215802
6.511,1.486,3.3,0.348518091454,0.0293117596954,0.996538203236,0.227531047848,0.996538203256,0,0.238198828084,0.0336224249308
6.513,1.488,3.3,0.350753176407,0.028914839486,0.996538203236,0.227076860716,0.996538203256,0,0.24083831298,0.0331376099374
6.515,1.49,3.3,0.352933513209,0.028512940926,0.996538203236,0.226623686038,0.996538203256,0,0.244118448763,0.032550749812
6.517,1.492,3.3,0.351746838749,0.0278048737974,0.996538203236,0.226171368458,0.996538203256,0,0.246601357887,0.0320899242031
6.519,1.494,3.3,0.35056016429,0.0270968066687,0.996538203236,0.22571993153,0.996538203256,0,0.248329012788,0.0317291782887
6.521,1.496,3.3,0.349373489831,0.02638873954,0.996538203236,0.225269327356,0.996538203256,0,0.24942941015,0.0314425387269
6.523,1.498,3.3,0.348186815371,0.0256806724114,0.996538203236,0.224819669694,0.996538203256,0,0.251809875173,0.0309094442398
6.525,1.5,3.3,0.347000140912,0.0249726052827,0.996538203236,0.224370960425,0.996538203256,0,0.254813020158,0.0302478670032
6.527,1.502,3.3,0.345856489659,0.0242778121708,0.996538203236,0.223923136919,0.996538203256,0,0.257016382003,0.0296612042745
6.529,1.504,3.3,0.34623429546,0.0240524365628,0.996538203236,0.223476187455,0.996538203256,0,0.258541615153,0.0291770560677
6.531,1.506,3.3,0.346612101261,0.0238270609548,0.996538203236,0.223030120006,0.996538203256,0,0.259497056005,0.0287979058858
6.533,1.508,3.3,0.347244871683,0.0235412252398,0.996538203236,0.222584915653,0.996538203256,0,0.259256786518,0.0282758800585
6.535,1.51,3.3,0.348634441855,0.0230759285718,0.996538203236,0.222140705497,0.996538203256,0,0.258401965217,0.0276970219202
6.537,1.512,3.3,0.350024012028,0.0226106319039,0.996538203236,0.221697335486,0.996538203256,0,0.257692038032,0.0272090174695
6.539,1.514,3.3,0.3514135822,0.022145335236,0.996538203236,0.221254828705,0.996538203256,0,0.25718561739,0.0267998241303
6.541,1.516,3.3,0.352803152372,0.0216800385681,0.996538203236,0.220813138206,0.996538203256,0,0.256880945137,0.0264529881832
6.543,1.518,3.3,0.354192722544,0.0212147419002,0.996538203236,0.220372375495,0.996538203256,0,0.257034624132,0.0258453336732
6.545,1.52,3.3,0.355582292716,0.0207494452323,0.996538203236,0.21993255363,0.996538203256,0,0.257400863118,0.0251222243401
6.547,1.522,3.3,0.356971862888,0.0202841485644,0.996538203236,0.219493591779,0.996538203256,0,0.257767980428,0.0245098576544
6.549,1.524,3.3,0.358436934344,0.0199647883704,0.996538203236,0.219055483664,0.996538203256,0,0.258038837843,0.024011384237
6.551,1.526,3.3,0.360248299396,0.0203147792669,0.996538203236,0.218618221287,0.996538203256,0,0.258181057961,0.0236176376574
6.553,1.528,3.3,0.362059664448,0.0206647701633,0.996538203236,0.218181828473,0.996538203256,0,0.259498963308,0.0230381221031
6.555,1.53,3.3,0.3638710295,0.0210147610598,0.996538203236,0.217746405508,0.996538203256,0,0.261342110066,0.0223573587016
6.557,1.532,3.3,0.365682394552,0.0213647519563,0.996538203236,0.217311806067,0.996538203256,0,0.262758852551,0.0218052200063
6.559,1.534,3.3,0.367493759604,0.0217147428527,0.996538203236,0.216878052782,0.996538203256,0,0.263750892223,0.021354862756
6.561,1.536,3.3,0.369305124656,0.0220647337492,0.996538203236,0.21644509963,0.996538203256,0,0.264376593156,0.0209797926527
6.563,1.538,3.3,0.371116489708,0.0224147246456,0.996538203236,0.216013055914,0.996538203256,0,0.266634852566,0.0216520071153
6.565,1.54,3.3,0.37292785476,0.0227647155421,0.996538203236,0.21558191746,0.996538203256,0,0.269690508598,0.0228887054703
6.567,1.542,3.3,0.374739219812,0.0231147064386,0.996538203236,0.215151633648,0.996538203256,0,0.271955121047,0.0237069617808
6.569,1.544,3.3,0.376550584864,0.023464697335,0.996538203236,0.214722192061,0.996538203256,0,0.27352808474,0.0241998661326
6.571,1.546,3.3,0.378233475022,0.0234225013959,0.996538203236,0.214293608786,0.996538203256,0,0.274498831968,0.0244298892252
6.573,1.548,3.3,0.379872042638,0.0232450049547,0.996538203236,0.213865841438,0.996538203256,0,0.276394408766,0.0245521142824
6.575,1.55,3.3,0.381510610253,0.0230675085134,0.996538203236,0.213439031838,0.996538203256,0,0.278612055577,0.0245983331737
6.577,1.552,3.3,0.383149177869,0.0228900120721,0.996538203236,0.213013029473,0.996538203256,0,0.280301398564,0.0245470880443
6.579,1.554,3.3,0.384787745485,0.0227125156308,0.996538203236,0.212587856524,0.996538203256,0,0.281482301841,0.0244379863236
6.581,1.556,3.3,0.3864263131,0.0225350191895,0.996538203236,0.212163467881,0.996538203256,0,0.282229142215,0.0243024986838
6.583,1.558,3.3,0.388064880716,0.0223575227482,0.996538203236,0.211739970684,0.996538203256,0,0.284187599973,0.0242016123334
6.585,1.56,3.3,0.389703448332,0.022180026307,0.996538203236,0.211317388385,0.996538203256,0,0.286695609713,0.0241070670284
6.587,1.562,3.3,0.391342015947,0.0220025298657,0.996538203236,0.210895622476,0.996538203256,0,0.288591458135,0.024021523839
6.589,1.564,3.3,0.392980583563,0.0218250334244,0.996538203236,0.210474675865,0.996538203256,0,0.289917624815,0.0239132734877
6.591,1.566,3.3,0.394619151179,0.0216475369831,0.996538203236,0.210054525468,0.996538203256,0,0.290751416158,0.0237701407817
6.593,1.568,3.3,0.395902641427,0.0214324119291,0.996538203236,0.209635231544,0.996538203256,0,0.292604963029,0.0235548089877
6.595,1.57,3.3,0.396835990837,0.021180181401,0.996538203236,0.209216864924,0.996538203256,0,0.29488958249,0.0232989546414
6.597,1.572,3.3,0.397769340246,0.020927950873,0.996538203236,0.208799289569,0.996538203256,0,0.296624098465,0.0230652757178
6.599,1.574,3.3,0.398702689655,0.0206757203449,0.996538203236,0.208382527224,0.996538203256,0,0.297836566827,0.0228491019439
6.601,1.576,3.3,0.399636039064,0.0204234898168,0.996538203236,0.207966533671,0.996538203256,0,0.298607939395,0.022645926404
6.603,1.578,3.3,0.400569388473,0.0201712592887,0.996538203236,0.207551413928,0.996538203256,0,0.300429360467,0.0224391566338
6.605,1.58,3.3,0.401502737883,0.0199190287606,0.996538203236,0.207137205959,0.996538203256,0,0.302712113483,0.0222321062189
6.607,1.582,3.3,0.402436087292,0.0196667982325,0.996538203236,0.206723781391,0.996538203256,0,0.304441993384,0.0220326362803
6.609,1.584,3.3,0.403369436701,0.0194145677044,0.996538203236,0.20631116175,0.996538203256,0,0.305650504412,0.0218402263511
6.611,1.586,3.3,0.40430278611,0.0191623371763,0.996538203236,0.205899303258,0.996538203256,0,0.306420048102,0.0216537452177
6.613,1.588,3.3,0.40523613552,0.0189101066482,0.996538203236,0.205488309892,0.996538203256,0,0.308301968748,0.0215393047061
6.615,1.59,3.3,0.406169484929,0.0186578761201,0.996538203236,0.205078219236,0.996538203256,0,0.310685318979,0.0214565372338
6.617,1.592,3.3,0.407112205945,0.0184223439007,0.996538203236,0.204668904193,0.996538203256,0,0.312500500936,0.0213629959253
6.619,1.594,3.3,0.408195501065,0.0184372863116,0.996538203236,0.204260386077,0.996538203256,0,0.31377058464,0.0212474964176
6.621,1.596,3.3,0.409278796186,0.0184522287225,0.996538203236,0.203852621544,0.996538203256,0,0.314577195122,0.0211074727269
6.623,1.598,3.3,0.410362091306,0.0184671711334,0.996538203236,0.203445713537,0.996538203256,0,0.314943173058,0.0208473228852
6.625,1.6,3.3,0.411445386427,0.0184821135444,0.996538203236,0.203039699267,0.996538203256,0,0.315085221587,0.0205322473482
6.627,1.602,3.3,0.412528681547,0.0184970559553,0.996538203236,0.2026344529,0.996538203256,0,0.315147217499,0.0202450507137
6.629,1.604,3.3,0.413611976668,0.0185119983662,0.996538203236,0.202229995539,0.996538203256,0,0.31518095397,0.0199909911994
6.631,1.606,3.3,0.414695271788,0.0185269407771,0.996538203236,0.20182628427,0.996538203256,0,0.315215264952,0.0197683747614
6.633,1.608,3.3,0.415778566908,0.018541883188,0.996538203236,0.201423421013,0.996538203256,0,0.315748048306,0.0195053346715
6.635,1.61,3.3,0.416861862029,0.018556825599,0.996538203236,0.201021442609,0.996538203256,0,0.31648231411,0.0192110044595
6.637,1.612,3.3,0.417945157149,0.0185717680099,0.996538203236,0.200620224475,0.996538203256,0,0.317108891968,0.0189629164171
6.639,1.614,3.3,0.41902845227,0.0185867104208,0.996538203236,0.200219787503,0.996538203256,0,0.317560924202,0.0187412377067
6.641,1.616,3.3,0.42011174739,0.0186016528317,0.996538203236,0.199820089208,0.996538203256,0,0.317826977912,0.0185411220768
6.643,1.618,3.3,0.421195042511,0.0186165952426,0.996538203236,0.199421230495,0.996538203256,0,0.319021872337,0.0183159361101
6.645,1.62,3.3,0.422278337631,0.0186315376535,0.996538203236,0.199023220604,0.996538203256,0,0.32066583217,0.0181068858614
6.647,1.622,3.3,0.423361632751,0.0186464800645,0.996538203236,0.198625991023,0.996538203256,0,0.32188606751,0.0179155960192
6.649,1.624,3.3,0.424444927872,0.0186614224754,0.996538203236,0.198229534536,0.996538203256,0,0.322736367219,0.0177632818659
6.651,1.626,3.3,0.425528222992,0.0186763648863,0.996538203236,0.197833847538,0.996538203256,0,0.323269512592,0.0176566849623
6.653,1.628,3.3,0.426611518113,0.0186913072972,0.996538203236,0.197438942193,0.996538203256,0,0.324807310938,0.0177061646125
6.655,1.63,3.3,0.42757432565,0.0186357562563,0.996538203236,0.197044897466,0.996538203256,0,0.326719521502,0.0177514409343
6.657,1.632,3.3,0.428428556925,0.0185166806978,0.996538203236,0.196651641307,0.996538203256,0,0.328238570177,0.0178854535946
6.659,1.634,3.3,0.4292827882,0.0183976051393,0.996538203236,0.19625911201,0.996538203256,0,0.329340899417,0.0179887120649
6.661,1.636,3.3,0.430137019474,0.0182785295808,0.996538203236,0.195867383888,0.996538203256,0,0.330001359878,0.0180051110052
6.663,1.638,3.3,0.430991250749,0.0181594540224,0.996538203236,0.195476359019,0.996538203256,0,0.331431243117,0.0179136242497
6.665,1.64,3.3,0.431845482024,0.0180403784639,0.996538203236,0.195086239994,0.996538203256,0,0.333035051573,0.0176241873231
6.667,1.642,3.3,0.432699713298,0.0179213029054,0.996538203236,0.194696848959,0.996538203256,0,0.334315067046,0.0174522406122
6.669,1.644,3.3,0.433553944573,0.0178022273469,0.996538203236,0.194308222681,0.996538203256,0,0.335224389947,0.0173340523032
6.671,1.646,3.3,0.434408175847,0.0176831517885,0.996538203236,0.1939204055,0.996538203256,0,0.33574440151,0.017195658798
6.673,1.648,3.3,0.435262407122,0.01756407623,0.996538203236,0.193533283433,0.996538203256,0,0.337285132258,0.0172491448271
6.675,1.65,3.3,0.436116638397,0.0174450006715,0.996538203236,0.193146992676,0.996538203256,0,0.339272445381,0.0175102607661
6.677,1.652,3.3,0.436970869671,0.017325925113,0.996538203236,0.192761503553,0.996538203256,0,0.340716451712,0.0174901042001
6.679,1.654,3.3,0.437825100946,0.0172068495546,0.996538203236,0.192376744761,0.996538203256,0,0.341727567205,0.0174523314303
6.681,1.656,3.3,0.438679332221,0.0170877739961,0.996538203236,0.191992793294,0.996538203256,0,0.342359737483,0.0174564434282
6.683,1.658,3.3,0.439533563495,0.0169686984376,0.996538203236,0.191609524894,0.996538203256,0,0.343332302843,0.0175777254282
6.685,1.66,3.3,0.440486423521,0.0168936139804,0.996538203236,0.191227072742,0.996538203256,0,0.344428513704,0.0178467936207
6.687,1.662,3.3,0.441662970976,0.0169183001908,0.996538203236,0.190845442128,0.996538203256,0,0.345194854551,0.0178947816475
6.689,1.664,3.3,0.442839518432,0.0169429864013,0.996538203236,0.190464546533,0.996538203256,0,0.345728837696,0.0179125125157
6.691,1.666,3.3,0.444016065887,0.0169676726118,0.996538203236,0.190084308736,0.996538203255,0,0.346094901534,0.0179336088811
6.693,1.668,3.3,0.445192613342,0.0169923588222,0.996538203236,0.189704889068,0.996538203255,0,0.347111399225,0.0179044093832
6.695,1.67,3.3,0.446369160798,0.0170170450327,0.996538203236,0.189326239011,0.996538203255,0,0.348397672885,0.0178743412933
6.697,1.672,3.3,0.447545708253,0.0170417312431,0.996538203236,0.188948383109,0.996538203255,0,0.349447945895,0.0178376663842
6.699,1.674,3.3,0.448722255708,0.0170664174536,0.996538203236,0.188571266972,0.996538203255,0,0.350177160555,0.0177972073928
6.701,1.676,3.3,0.449898803164,0.017091103664,0.996538203236,0.188194846458,0.996538203255,0,0.350640703236,0.0177637978966
6.703,1.678,3.3,0.451075350619,0.0171157898745,0.996538203236,0.187819185309,0.996538203255,0,0.351796636828,0.0175960672169
6.705,1.68,3.3,0.452251898074,0.0171404760849,0.996538203236,0.187444299414,0.996538203255,0,0.353225209487,0.0173587050883
6.707,1.682,3.3,0.453428445529,0.0171651622954,0.996538203236,0.18707017552,0.996538203255,0,0.354365094746,0.0171833272661
6.709,1.684,3.3,0.454604992985,0.0171898485058,0.996538203236,0.186696794442,0.996538203255,0,0.355153035348,0.0170629768643
6.711,1.686,3.3,0.45578154044,0.0172145347163,0.996538203236,0.186324164066,0.996538203255,0,0.355633466537,0.0169858405189
6.713,1.688,3.3,0.456958087895,0.0172392209268,0.996538203236,0.185952225489,0.996538203255,0,0.356922708919,0.0168908570056
6.715,1.69,3.3,0.458134635351,0.0172639071372,0.996538203236,0.185581066034,0.996538203255,0,0.358573312004,0.0168486465371
6.717,1.692,3.3,0.459311182806,0.0172885933477,0.996538203236,0.185210661005,0.996538203255,0,0.359805514272,0.0167319953869
6.719,1.694,3.3,0.460487730261,0.0173132795581,0.996538203236,0.184840991409,0.996538203255,0,0.360654613509,0.0166490087526
6.721,1.696,3.3,0.461664277716,0.0173379657686,0.996538203236,0.184472065053,0.996538203255,0,0.361189565985,0.0166155997811
6.723,1.698,3.3,0.462840825172,0.017362651979,0.996538203236,0.184103823619,0.996538203255,0,0.362577259303,0.0166471067915
6.725,1.7,3.3,0.464017372627,0.0173873381895,0.996538203236,0.183736353562,0.996538203255,0,0.364378121801,0.0168177726665
6.727,1.702,3.3,0.465193920082,0.0174120243999,0.996538203236,0.183369630433,0.996538203255,0,0.365735834431,0.0168637428535
6.729,1.704,3.3,0.466370467538,0.0174367106104,0.996538203236,0.183003635425,0.996538203255,0,0.366668975671,0.016889456758
6.731,1.706,3.3,0.467524969116,0.0174594606505,0.996538203236,0.18263837627,0.996538203255,0,0.367272800529,0.0169463886389
6.733,1.708,3.3,0.468176614734,0.0174380475677,0.996538203236,0.182273793498,0.996538203255,0,0.368598639883,0.0169199470749
6.735,1.71,3.3,0.468828260353,0.0174166344848,0.996538203236,0.181909977844,0.996538203255,0,0.370094630361,0.0167486855035
6.737,1.712,3.3,0.469479905971,0.017395221402,0.996538203236,0.181546900016,0.996538203255,0,0.371435555121,0.0168044895751
6.739,1.714,3.3,0.47013155159,0.0173738083191,0.996538203236,0.181184543071,0.996538203255,0,0.372366967952,0.016849291352
6.741,1.716,3.3,0.470783197209,0.0173523952363,0.996538203236,0.180822914665,0.996538203255,0,0.372905644652,0.0168380812891
6.743,1.718,3.3,0.471434842827,0.0173309821534,0.996538203236,0.18046195763,0.996538203255,0,0.374336143055,0.0169542382262
6.745,1.72,3.3,0.472086488446,0.0173095690706,0.996538203236,0.180101756715,0.996538203255,0,0.376113057947,0.0171433368419
6.747,1.722,3.3,0.472738134064,0.0172881559877,0.996538203236,0.179742287952,0.996538203255,0,0.377519840093,0.0172728551538
6.749,1.724,3.3,0.473389779683,0.0172667429049,0.996538203236,0.179383532907,0.996538203255,0,0.378491784626,0.0173619499389
6.751,1.726,3.3,0.474041425301,0.017245329822,0.996538203236,0.179025499158,0.996538203255,0,0.379087571391,0.0174209606691
6.753,1.728,3.3,0.47469307092,0.0172239167392,0.996538203236,0.178668130108,0.996538203255,0,0.38035195139,0.0173047874684
6.755,1.73,3.3,0.475344716538,0.0172025036563,0.996538203236,0.178311509661,0.996538203255,0,0.381905256096,0.0171797965696
6.757,1.732,3.3,0.475996362157,0.0171810905735,0.996538203236,0.177955614088,0.996538203255,0,0.383067075638,0.0169794917065
6.759,1.734,3.3,0.476648007775,0.0171596774906,0.996538203236,0.17760042514,0.996538203255,0,0.383866460764,0.0168364570564
6.761,1.736,3.3,0.477299653394,0.0171382644078,0.996538203236,0.177245950317,0.996538203255,0,0.384377995608,0.0167807848512
6.763,1.738,3.3,0.477951299012,0.0171168513249,0.996538203236,0.176892133586,0.996538203255,0,0.384961840513,0.0164943651729
6.765,1.74,3.3,0.478602944631,0.0170954382421,0.996538203236,0.176539058016,0.996538203255,0,0.385556893646,0.016035414722
6.767,1.742,3.3,0.479254590249,0.0170740251593,0.996538203236,0.176186700116,0.996538203255,0,0.385959551604,0.0158124208041
6.769,1.744,3.3,0.479906235868,0.0170526120764,0.996538203236,0.175835041816,0.996538203255,0,0.386235626762,0.015662935321
6.771,1.746,3.3,0.480557881486,0.0170311989936,0.996538203236,0.175484090543,0.996538203255,0,0.386418627452,0.0155433917771
6.773,1.748,3.3,0.481298635599,0.0169936197588,0.996538203236,0.17513379082,0.996538203255,0,0.38677869554,0.0157636909264
6.775,1.75,3.3,0.482215880305,0.0169240214244,0.996538203236,0.174784224892,0.996538203255,0,0.387106076529,0.0161802642689
6.777,1.752,3.3,0.483133125011,0.0168544230899,0.996538203235,0.174435369499,0.996538203255,0,0.387513507805,0.0164585308919
6.779,1.754,3.3,0.484050369718,0.0167848247555,0.996538203235,0.174087206751,0.996538203255,0,0.387799595257,0.0166425408083
6.781,1.756,3.3,0.484967614424,0.0167152264211,0.996538203235,0.173739744003,0.996538203255,0,0.38794513616,0.01675647102
6.783,1.758,3.3,0.48588485913,0.0166456280866,0.996538203235,0.173392926329,0.996538203255,0,0.388786873783,0.0167993862579
6.785,1.76,3.3,0.486802103836,0.0165760297522,0.996538203235,0.173046835155,0.996538203255,0,0.389980952746,0.0168786445446
6.787,1.762,3.3,0.487719348542,0.0165064314178,0.996538203235,0.172701447453,0.996538203255,0,0.390869785237,0.0168396166743
6.789,1.764,3.3,0.488636593249,0.0164368330833,0.996538203235,0.172356745513,0.996538203255,0,0.391480276833,0.0168003766586
6.791,1.766,3.3,0.489553837955,0.0163672347489,0.996538203235,0.172012736613,0.996538203255,0,0.391877886534,0.0168041554694
6.793,1.768,3.3,0.490471082661,0.0162976364145,0.996538203235,0.171669366375,0.996538203255,0,0.392673127599,0.016517189394
6.795,1.77,3.3,0.491388327367,0.01622803808,0.996538203235,0.171326715416,0.996538203255,0,0.39355063798,0.0160320759604
6.797,1.772,3.3,0.492305572074,0.0161584397456,0.996538203235,0.170984760936,0.996538203255,0,0.394345352122,0.0157613069974
6.799,1.774,3.3,0.49322281678,0.0160888414112,0.996538203235,0.170643485401,0.996538203255,0,0.394897517962,0.0155712499766
6.801,1.776,3.3,0.494140061486,0.0160192430767,0.996538203235,0.170302896018,0.996538203255,0,0.39521586789,0.0154227577395
6.803,1.778,3.3,0.495057306192,0.0159496447423,0.996538203235,0.169962938948,0.996538203255,0,0.396544103929,0.0155767569649
6.805,1.78,3.3,0.495974550899,0.0158800464079,0.996538203235,0.169623694007,0.996538203255,0,0.39833453391,0.0159079824748
6.807,1.782,3.3,0.496891795605,0.0158104480734,0.996538203235,0.169285138623,0.996538203255,0,0.399694637702,0.0161282643883
6.809,1.784,3.3,0.497809040311,0.015740849739,0.996538203235,0.168947255433,0.996538203255,0,0.400632554259,0.0162727280345
6.811,1.786,3.3,0.498726285017,0.0156712514046,0.996538203235,0.168610051576,0.996538203255,0,0.401219026726,0.0163606180152
6.813,1.788,3.3,0.499627478446,0.0155963509028,0.996538203235,0.168273473747,0.996538203255,0,0.402391839868,0.0164129478305
6.815,1.79,3.3,0.500519740618,0.0155185001678,0.996538203235,0.167937600967,0.996538203255,0,0.403791109156,0.0164795613173
6.817,1.792,3.3,0.501412002791,0.0154406494329,0.996538203235,0.167602410891,0.996538203255,0,0.404871994142,0.0164778136612
6.819,1.794,3.3,0.502304264963,0.0153627986979,0.996538203235,0.167267886327,0.996538203255,0,0.405617069763,0.0164672721069
6.821,1.796,3.3,0.503196527136,0.0152849479629,0.996538203235,0.166934034343,0.996538203255,0,0.406084872177,0.0164710742469
6.823,1.798,3.3,0.504088789308,0.015207097228,0.996538203235,0.166600802164,0.996538203255,0,0.40693391226,0.0160941523052
6.825,1.8,3.3,0.50498105148,0.015129246493,0.996538203235,0.166268268026,0.996538203255,0,0.407909936561,0.0155522224882
6.827,1.802,3.3,0.505873313653,0.0150513957581,0.996538203235,0.165936409805,0.996538203255,0,0.408669006209,0.0150957226462
6.829,1.804,3.3,0.506765575825,0.0149735450231,0.996538203235,0.165605210482,0.996538203255,0,0.409193024385,0.0147731754254
6.831,1.806,3.3,0.507657837998,0.0148956942881,0.996538203235,0.165274677052,0.996538203255,0,0.409516981785,0.0145720541276
6.833,1.808,3.3,0.50855010017,0.0148178435532,0.996538203235,0.164944757267,0.996538203255,0,0.410784385258,0.0147752547833
6.835,1.81,3.3,0.509442362343,0.0147399928182,0.996538203235,0.164615528584,0.996538203255,0,0.41246428567,0.0152176045759
6.837,1.812,3.3,0.510334624515,0.0146621420832,0.996538203235,0.164286969099,0.996538203255,0,0.413766775305,0.0155123755262
6.839,1.814,3.3,0.511226886688,0.0145842913483,0.996538203235,0.163959061963,0.996538203255,0,0.414665812536,0.0157080754579
6.841,1.816,3.3,0.51211914886,0.0145064406133,0.996538203235,0.163631814101,0.996538203255,0,0.415222438409,0.0158303550121
6.843,1.818,3.3,0.513011411033,0.0144285898783,0.996538203235,0.163305173783,0.996538203255,0,0.416413870224,0.0159323217741
6.845,1.82,3.3,0.513903673205,0.0143507391434,0.996538203235,0.162979217699,0.996538203255,0,0.417834154702,0.0160122241254
6.847,1.822,3.3,0.514795935378,0.0142728884084,0.996538203235,0.16265392416,0.996538203255,0,0.41895490028,0.0160648724925
6.849,1.824,3.3,0.51568819755,0.0141950376735,0.996538203235,0.162329276486,0.996538203255,0,0.419729017645,0.0160947453778
6.851,1.826,3.3,0.516580459722,0.0141171869385,0.996538203235,0.162005281532,0.996538203255,0,0.420204868966,0.0161054873446
6.853,1.828,3.3,0.517472721895,0.0140393362035,0.996538203235,0.161681888084,0.996538203255,0,0.421007129436,0.0157249302327
6.855,1.83,3.3,0.518373127715,0.0140241696655,0.996538203235,0.161359172067,0.996538203255,0,0.421954184226,0.0152336150568
6.857,1.832,3.3,0.519281080923,0.0140670977299,0.996538203235,0.161037112011,0.996538203255,0,0.422607626781,0.0147031191165
6.859,1.834,3.3,0.520189034131,0.0141100257944,0.996538203235,0.160715691398,0.996538203255,0,0.423056105236,0.0143252447297
6.861,1.836,3.3,0.521096987339,0.0141529538589,0.996538203235,0.160394917019,0.996538203255,0,0.423350393583,0.0141122092028
6.863,1.838,3.3,0.522004940547,0.0141958819234,0.996538203235,0.160074738165,0.996538203255,0,0.424554466275,0.0142510869958
6.865,1.84,3.3,0.522912893755,0.0142388099879,0.996538203235,0.15975523001,0.996538203255,0,0.426138303874,0.0145763248713
6.867,1.842,3.3,0.523820846963,0.0142817380523,0.996538203235,0.159436371294,0.996538203255,0,0.427398091331,0.0148258667331
6.869,1.844,3.3,0.524728800171,0.0143246661168,0.996538203235,0.159118145666,0.996538203255,0,0.428268659082,0.0149911269642
6.871,1.846,3.3,0.525636753379,0.0143675941813,0.996538203235,0.158800559847,0.996538203255,0,0.42880112356,0.0150842548809
6.873,1.848,3.3,0.526544706587,0.0144105222458,0.996538203235,0.158483563634,0.996538203255,0,0.429782936188,0.0152214084013
6.875,1.85,3.3,0.527452659795,0.0144534503103,0.996538203235,0.158167231453,0.996538203255,0,0.430881020041,0.0153719978999
6.877,1.852,3.3,0.528360613003,0.0144963783748,0.996538203235,0.157851542256,0.996538203255,0,0.431756006156,0.0154709217374
6.879,1.854,3.3,0.529268566211,0.0145393064392,0.996538203235,0.157536479853,0.996538203255,0,0.432362275414,0.0155318242979
6.881,1.856,3.3,0.530176519419,0.0145822345037,0.996538203235,0.1572220509,0.996538203255,0,0.432722597192,0.0155634459257
6.883,1.858,3.3,0.531084472627,0.0146251625682,0.996538203235,0.156908205693,0.996538203255,0,0.433656003928,0.0154453725007
6.885,1.86,3.3,0.531992425835,0.0146680906327,0.996538203235,0.156595017916,0.996538203255,0,0.434832953154,0.0152838387046
6.887,1.862,3.3,0.532900379043,0.0147110186972,0.996538203235,0.156282466732,0.996538203255,0,0.435721425562,0.0150941715756
6.889,1.864,3.3,0.533808332251,0.0147539467616,0.996538203235,0.155970536112,0.996538203255,0,0.43633392811,0.0149544511663
6.891,1.866,3.3,0.534716285459,0.0147968748261,0.996538203235,0.155659232645,0.996538203255,0,0.436718097891,0.0148716549353
6.893,1.868,3.3,0.535624238667,0.0148398028906,0.996538203235,0.155348507121,0.996538203255,0,0.437605270901,0.014656106382
6.895,1.87,3.3,0.536532191875,0.0148827309551,0.996538203235,0.155038432493,0.996538203255,0,0.438579541753,0.0142701720481
6.897,1.872,3.3,0.537440145083,0.0149256590196,0.996538203235,0.154728988129,0.996538203255,0,0.439507233624,0.0141446376885
6.899,1.874,3.3,0.538348098292,0.0149685870841,0.996538203235,0.154420158161,0.996538203255,0,0.440153020217,0.0140567860129
6.901,1.876,3.3,0.5392560515,0.0150115151485,0.996538203235,0.154111949112,0.996538203255,0,0.440517417663,0.0139572322512
6.903,1.878,3.3,0.540164004708,0.015054443213,0.996538203235,0.153804312261,0.996538203255,0,0.441730818654,0.0141446287663
6.905,1.88,3.3,0.541071957916,0.0150973712775,0.996538203235,0.153497319836,0.996538203255,0,0.443297859897,0.0144856093171
6.907,1.882,3.3,0.541979911124,0.015140299342,0.996538203235,0.15319095141,0.996538203255,0,0.444512646682,0.0147121199493
6.909,1.884,3.3,0.542887864332,0.0151832274065,0.996538203235,0.152885191273,0.996538203255,0,0.445351143676,0.0148606380174
6.911,1.886,3.3,0.543748811154,0.0151754131671,0.996538203235,0.152580045883,0.996538203255,0,0.445870311414,0.014951030155
6.913,1.888,3.3,0.544558834392,0.0151126280985,0.996538203235,0.152275467003,0.996538203255,0,0.446997038134,0.0150310999065
6.915,1.89,3.3,0.54536885763,0.01504984303,0.996538203235,0.151971526143,0.996538203255,0,0.448340550875,0.015096390518
6.917,1.892,3.3,0.546178880868,0.0149870579614,0.996538203235,0.15166820308,0.996538203255,0,0.449406141504,0.0151386730173
6.919,1.894,3.3,0.546988904106,0.0149242728928,0.996538203235,0.15136548226,0.996538203255,0,0.450142417007,0.0151610289904
6.921,1.896,3.3,0.547798927344,0.0148614878242,0.996538203235,0.151063370075,0.996538203255,0,0.450593353512,0.0151673286262
6.923,1.898,3.3,0.548608950582,0.0147987027557,0.996538203235,0.150761818769,0.996538203255,0,0.45167583249,0.0151915402626
6.925,1.9,3.3,0.54941897382,0.0147359176871,0.996538203235,0.150460899142,0.996538203255,0,0.452991765487,0.0152209771017
6.927,1.902,3.3,0.550228997058,0.0146731326185,0.996538203235,0.15016059117,0.996538203255,0,0.454039199285,0.0152393972248
6.929,1.904,3.3,0.551039020296,0.0146103475499,0.996538203235,0.149860879454,0.996538203255,0,0.454763044219,0.0152454721176
6.931,1.906,3.3,0.551849043534,0.0145475624814,0.996538203235,0.149561770324,0.996538203255,0,0.455205620971,0.0152406084041
6.933,1.908,3.3,0.552659066772,0.0144847774128,0.996538203235,0.149263216498,0.996538203255,0,0.456194792158,0.0151942473172
6.935,1.91,3.3,0.55346909001,0.0144219923442,0.996538203235,0.148965288071,0.996538203255,0,0.457491538145,0.0152245473137
6.937,1.912,3.3,0.554279113248,0.0143592072757,0.996538203235,0.14866796522,0.996538203255,0,0.45840579904,0.0151422546249
6.939,1.914,3.3,0.555089136486,0.0142964222071,0.996538203235,0.148371232698,0.996538203255,0,0.459029794703,0.0150716312085
6.941,1.916,3.3,0.555899159724,0.0142336371385,0.996538203235,0.148075096772,0.996538203255,0,0.459462072602,0.0150640551821
6.943,1.918,3.3,0.556709182962,0.0141708520699,0.996538203235,0.1477795091,0.996538203255,0,0.460122632147,0.0147950027109
6.945,1.92,3.3,0.5575192062,0.0141080670014,0.996538203235,0.14748454363,0.996538203255,0,0.460720435781,0.0142996116351
6.947,1.922,3.3,0.558329229438,0.0140452819328,0.996538203235,0.147190176227,0.996538203255,0,0.461395126913,0.0140938501203
6.949,1.924,3.3,0.559139252676,0.0139824968642,0.996538203235,0.146896393284,0.996538203255,0,0.461867457978,0.0139507400521
6.951,1.926,3.3,0.559949275914,0.0139197117956,0.996538203235,0.146603201008,0.996538203255,0,0.462116813228,0.0138160371932
6.953,1.928,3.3,0.560759299152,0.0138569267271,0.996538203235,0.146310553051,0.996538203255,0,0.463167483664,0.0139354547231
6.955,1.93,3.3,0.56156932239,0.0137941416585,0.996538203235,0.146018518121,0.996538203255,0,0.464543510945,0.0142026956067
6.957,1.932,3.3,0.562379345628,0.0137313565899,0.996538203235,0.145727076789,0.996538203255,0,0.4656512126,0.0143801100665
6.959,1.934,3.3,0.563189368866,0.0136685715214,0.996538203235,0.145436214107,0.996538203255,0,0.46641698368,0.0144949710218
6.961,1.936,3.3,0.563999392104,0.0136057864528,0.996538203235,0.14514593622,0.996538203255,0,0.466883396095,0.0145628537145
6.963,1.938,3.3,0.564809415342,0.0135430013842,0.996538203235,0.144856197241,0.996538203255,0,0.467958420566,0.0146274565927
6.965,1.94,3.3,0.56561943858,0.0134802163156,0.996538203235,0.144567065196,0.996538203255,0,0.469264704378,0.0146824516985
6.967,1.942,3.3,0.566429461818,0.0134174312471,0.996538203235,0.144278520848,0.996538203255,0,0.4702863191,0.0147176105602
6.969,1.944,3.3,0.567239485056,0.0133546461785,0.996538203235,0.143990549399,0.996538203255,0,0.470991431702,0.0147350493156
6.971,1.946,3.3,0.568049508294,0.0132918611099,0.996538203235,0.143703156931,0.996538203255,0,0.471428330336,0.014738139284
6.973,1.948,3.3,0.568859531532,0.0132290760414,0.996538203235,0.143416298016,0.996538203255,0,0.472470448991,0.0147594521702
6.975,1.95,3.3,0.56966955477,0.0131662909728,0.996538203235,0.143130040001,0.996538203255,0,0.473716187466,0.0147861693617
6.977,1.952,3.3,0.570479578008,0.0131035059042,0.996538203235,0.14284436384,0.996538203255,0,0.474741779987,0.0148029474718
6.979,1.954,3.3,0.571289601246,0.0130407208356,0.996538203235,0.142559254884,0.996538203255,0,0.475451471099,0.0148078794878
6.981,1.956,3.3,0.572099624484,0.0129779357671,0.996538203235,0.142274719154,0.996538203255,0,0.47587929234,0.0148025708867
6.983,1.958,3.3,0.572909647722,0.0129151506985,0.996538203235,0.141990711673,0.996538203255,0,0.476892408934,0.0147767325572
6.985,1.96,3.3,0.573732698848,0.0128757775017,0.996538203235,0.141707299119,0.996538203255,0,0.478129577044,0.0147624590029
6.987,1.962,3.3,0.574593513069,0.012904266787,0.996538203235,0.141424462636,0.996538203255,0,0.479098547127,0.0147109155604
6.989,1.964,3.3,0.575454327291,0.0129327560723,0.996538203235,0.141142187719,0.996538203255,0,0.479767602299,0.0146676207814
6.991,1.966,3.3,0.576315141512,0.0129612453576,0.996538203235,0.140860480331,0.996538203255,0,0.480180354903,0.0146399082086
6.993,1.968,3.3,0.577175955733,0.012989734643,0.996538203235,0.14057929594,0.996538203255,0,0.480839512531,0.0141856727739
6.995,1.97,3.3,0.578036769955,0.0130182239283,0.996538203235,0.140298700563,0.996538203255,0,0.481455777034,0.0134128087469
6.997,1.972,3.3,0.578897584176,0.0130467132136,0.996538203235,0.140018675531,0.996538203255,0,0.482008209787,0.0128703361365
6.999,1.974,3.3,0.579758398398,0.0130752024989,0.996538203235,0.139739206483,0.996538203255,0,0.482397671539,0.0124982920406
7.001,1.976,3.3,0.580619212619,0.0131036917843,0.996538203235,0.139460299322,0.996538203255,0,0.482585847482,0.0122018252907
7.003,1.978,3.3,0.581480026841,0.0131321810696,0.996538203235,0.139181909959,0.996538203255,0,0.483874165819,0.0124752261777
7.005,1.98,3.3,0.582340841062,0.0131606703549,0.996538203235,0.138904103756,0.996538203255,0,0.485661225556,0.0130785084811
7.007,1.982,3.3,0.583201655284,0.0131891596402,0.996538203235,0.138626862227,0.996538203255,0,0.48703951911,0.0134805580137
7.009,1.984,3.3,0.584062469505,0.0132176489255,0.996538203235,0.138350171157,0.996538203255,0,0.487990545486,0.013749660353
7.011,1.986,3.3,0.584923283726,0.0132461382109,0.996538203235,0.138074036388,0.996538203255,0,0.48858153138,0.0139208796833
7.013,1.988,3.3,0.585784097948,0.0132746274962,0.996538203235,0.137798414271,0.996538203255,0,0.489829215748,0.0140597841298
7.015,1.99,3.3,0.586644912169,0.0133031167815,0.996538203235,0.137523369516,0.996538203255,0,0.4912361514,0.0141631773507
7.017,1.992,3.3,0.587505726391,0.0133316060668,0.996538203235,0.137248883823,0.996538203255,0,0.49246220839,0.0142323429818
7.019,1.994,3.3,0.588366540612,0.0133600953522,0.996538203235,0.136974943116,0.996538203255,0,0.493312605078,0.0142626092815
7.021,1.996,3.3,0.589227354834,0.0133885846375,0.996538203235,0.136701553182,0.996538203255,0,0.493812360356,0.0142612443164
7.023,1.998,3.3,0.590088169055,0.0134170739228,0.996538203235,0.136428670803,0.996538203255,0,0.494850801287,0.0142945856675
7.025,2,3.3,0.590948983276,0.0134455632081,0.996538203235,0.136156360047,0.996538203255,0,0.49611124073,0.0143380967941
7.027,2.002,3.3,0.591809797498,0.0134740524935,0.996538203235,0.135884602797,0.996538203255,0,0.497025145371,0.0143597393951
7.029,2.004,3.3,0.592670611719,0.0135025417788,0.996538203235,0.135613385115,0.996538203255,0,0.497653918575,0.0143574642176
7.031,2.006,3.3,0.593531425941,0.0135310310641,0.996538203235,0.13534271273,0.996538203255,0,0.498056505937,0.0143348610881
7.033,2.008,3.3,0.594392240162,0.0135595203494,0.996538203235,0.135072542856,0.996538203255,0,0.498827277642,0.0143536103383
7.035,2.01,3.3,0.595253054384,0.0135880096347,0.996538203235,0.134802938923,0.996538203255,0,0.499688227884,0.0143869183178
7.037,2.012,3.3,0.596113868605,0.0136164989201,0.996538203235,0.134533882993,0.996538203255,0,0.500426260346,0.0144027805892
7.039,2.014,3.3,0.596974682827,0.0136449882054,0.996538203235,0.134265361269,0.996538203255,0,0.500937822752,0.0143967497392
7.041,2.016,3.3,0.597835497048,0.0136734774907,0.996538203235,0.133997379421,0.996538203255,0,0.501240647139,0.0143716221571
7.043,2.018,3.3,0.598696311269,0.013701966776,0.996538203235,0.133729895089,0.996538203255,0,0.501825669069,0.0139903998284
7.045,2.02,3.3,0.599557125491,0.0137304560614,0.996538203235,0.133462971073,0.996538203255,0,0.502417985522,0.0133535819076
7.047,2.022,3.3,0.600417939712,0.0137589453467,0.996538203235,0.133196589612,0.996538203255,0,0.503019568555,0.0129745806951
7.049,2.024,3.3,0.601258988978,0.0137736109813,0.996538203235,0.132930737046,0.996538203255,0,0.503439195862,0.0127000788259
7.051,2.026,3.3,0.60206505263,0.0137638076055,0.996538203235,0.132665418991,0.996538203255,0,0.503670486681,0.0124835136213
7.053,2.028,3.3,0.602871116281,0.0137540042296,0.996538203235,0.132400593506,0.996538203255,0,0.504789532742,0.0126394131631
7.055,2.03,3.3,0.603677179933,0.0137442008538,0.996538203235,0.132136322767,0.996538203255,0,0.506296377851,0.0130001124684
7.057,2.032,3.3,0.604483243584,0.0137343974779,0.996538203235,0.131872589191,0.996538203255,0,0.50749647007,0.0132731887052
7.059,2.034,3.3,0.605289307236,0.0137245941021,0.996538203235,0.131609379252,0.996538203255,0,0.508324474016,0.0134437259449
7.061,2.036,3.3,0.606095370888,0.0137147907262,0.996538203235,0.131346698511,0.996538203255,0,0.508839421125,0.0135368453933
7.063,2.038,3.3,0.606901434539,0.0137049873503,0.996538203235,0.131084505444,0.996538203255,0,0.509909378316,0.0136334935256
7.065,2.04,3.3,0.607707498191,0.0136951839745,0.996538203235,0.130822861608,0.996538203255,0,0.511171135378,0.0137180652935
7.067,2.042,3.3,0.608513561842,0.0136853805986,0.996538203235,0.130561749596,0.996538203255,0,0.512172955579,0.0137683092511
7.069,2.044,3.3,0.609319625494,0.0136755772228,0.996538203235,0.130301156016,0.996538203255,0,0.512865112294,0.0137863325054
7.071,2.046,3.3,0.610125689146,0.0136657738469,0.996538203235,0.130041086374,0.996538203255,0,0.51328939332,0.0137778928047
7.073,2.048,3.3,0.610931752797,0.0136559704711,0.996538203235,0.129781499557,0.996538203255,0,0.514223001786,0.0138060803544
7.075,2.05,3.3,0.611737816449,0.0136461670952,0.996538203235,0.129522456513,0.996538203255,0,0.515300387225,0.0138456376024
7.077,2.052,3.3,0.6125438801,0.0136363637194,0.996538203235,0.129263940006,0.996538203255,0,0.516214666376,0.0138662059737
7.079,2.054,3.3,0.613349943752,0.0136265603435,0.996538203235,0.129005936778,0.996538203255,0,0.516848131315,0.0138640717043
7.081,2.056,3.3,0.614156007404,0.0136167569677,0.996538203235,0.128748452279,0.996538203255,0,0.517224810932,0.0138423045593
7.083,2.058,3.3,0.614962071055,0.0136069535918,0.996538203235,0.128491445806,0.996538203255,0,0.518274212066,0.0138628412037
7.085,2.06,3.3,0.615768134707,0.013597150216,0.996538203235,0.128234977701,0.996538203255,0,0.519577135864,0.0138988293905
7.087,2.062,3.3,0.616574198358,0.0135873468401,0.996538203235,0.127979030899,0.996538203255,0,0.520613392312,0.0139168223154
7.089,2.064,3.3,0.61738026201,0.0135775434642,0.996538203235,0.127723592274,0.996538203255,0,0.521329786307,0.0139130783534
7.091,2.066,3.3,0.618186325662,0.0135677400884,0.996538203235,0.127468667222,0.996538203255,0,0.521766096991,0.0138904814771
7.093,2.068,3.3,0.618992389313,0.0135579367125,0.996538203235,0.127214215445,0.996538203255,0,0.52276532603,0.0139092868465
7.095,2.07,3.3,0.619798452965,0.0135481333367,0.996538203235,0.126960296684,0.996538203255,0,0.523986317506,0.0139434764995
7.097,2.072,3.3,0.620604516616,0.0135383299608,0.996538203235,0.126706894043,0.996538203255,0,0.524923773163,0.0139599090173
7.099,2.074,3.3,0.621410580268,0.013528526585,0.996538203235,0.126453994529,0.996538203255,0,0.525570487058,0.0139552379277
7.101,2.076,3.3,0.622216643919,0.0135187232091,0.996538203235,0.126201603482,0.996538203255,0,0.525973232796,0.0139323379371
7.103,2.078,3.3,0.623022707571,0.0135089198333,0.996538203235,0.125949681006,0.996538203255,0,0.526667629266,0.0135895872641
7.105,2.08,3.3,0.623828771223,0.0134991164574,0.996538203235,0.125698286247,0.996538203255,0,0.527374433846,0.013063956149
7.107,2.082,3.3,0.624634834874,0.0134893130816,0.996538203235,0.125447402479,0.996538203255,0,0.528047128667,0.0126854754526
7.109,2.084,3.3,0.625440898526,0.0134795097057,0.996538203235,0.125197016836,0.996538203255,0,0.528515284986,0.012409623458
7.111,2.086,3.3,0.626246962177,0.0134697063299,0.996538203235,0.124947134606,0.996538203255,0,0.528780232543,0.0122136124874
7.113,2.088,3.3,0.627053025829,0.013459902954,0.996538203235,0.124697716289,0.996538203255,0,0.529709847509,0.0123064026063
7.115,2.09,3.3,0.627859089481,0.0134500995781,0.996538203235,0.124448820444,0.996538203255,0,0.530918155181,0.0125762399476
7.117,2.092,3.3,0.628665153132,0.0134402962023,0.996538203235,0.12420043051,0.996538203255,0,0.531862400509,0.012825771216
7.119,2.094,3.3,0.629471216784,0.0134304928264,0.996538203235,0.12395253375,0.996538203255,0,0.532514012563,0.0130044283139
7.121,2.096,3.3,0.630277280435,0.0134206894506,0.996538203235,0.123705135399,0.996538203255,0,0.532918365638,0.0131310462393
7.123,2.098,3.3,0.631083344087,0.0134108860747,0.996538203235,0.123458196349,0.996538203255,0,0.53377290856,0.0132071610814
7.125,2.1,3.3,0.631889407739,0.0134010826989,0.996538203235,0.123211774578,0.996538203255,0,0.534784746877,0.0132550163211
7.127,2.102,3.3,0.632696168801,0.0133918245819,0.996538203235,0.122965853689,0.996538203255,0,0.535588579653,0.0132916915434
7.129,2.104,3.3,0.633503486788,0.0133830018875,0.996538203235,0.122720421071,0.996538203255,0,0.536143960568,0.0133242650307
7.131,2.106,3.3,0.634310804775,0.0133741791931,0.996538203235,0.122475481909,0.996538203255,0,0.536484312287,0.0133547589882
7.133,2.108,3.3,0.635118122762,0.0133653564987,0.996538203235,0.122230997482,0.996538203255,0,0.537486720631,0.0133698762507
7.135,2.11,3.3,0.63592544075,0.0133565338044,0.996538203235,0.121987025192,0.996538203255,0,0.53879684071,0.0133782071285
7.137,2.112,3.3,0.636732758737,0.01334771111,0.996538203235,0.121743548806,0.996538203255,0,0.539766794984,0.0133881395218
7.139,2.114,3.3,0.637540076724,0.0133388884156,0.996538203235,0.121500555837,0.996538203255,0,0.540434797949,0.013402305227
7.141,2.116,3.3,0.638347394711,0.0133300657212,0.996538203235,0.121258051418,0.996538203255,0,0.54085815276,0.0134204971054
7.143,2.118,3.3,0.639154712698,0.0133212430268,0.996538203235,0.121015997215,0.996538203255,0,0.541874367369,0.0134271872632
7.145,2.12,3.3,0.639962030686,0.0133124203324,0.996538203235,0.120774450057,0.996538203255,0,0.543111446721,0.0134294266945
7.147,2.122,3.3,0.640769348673,0.013303597638,0.996538203235,0.120533393874,0.996538203255,0,0.544127242998,0.0134361356029
7.149,2.124,3.3,0.64157666666,0.0132947749436,0.996538203235,0.120292816304,0.996538203255,0,0.544828931016,0.0134480414683
7.151,2.126,3.3,0.642383984647,0.0132859522492,0.996538203235,0.120052722427,0.996538203255,0,0.545259677565,0.0134644930985
7.153,2.128,3.3,0.643191302635,0.0132771295548,0.996538203235,0.11981307429,0.996538203255,0,0.54614409213,0.013468873255
7.155,2.13,3.3,0.643998620622,0.0132683068604,0.996538203235,0.119573928159,0.996538203255,0,0.547207383248,0.0134688798634
7.157,2.132,3.3,0.644805938609,0.0132594841661,0.996538203235,0.119335268122,0.996538203255,0,0.548012756561,0.0134731746972
7.159,2.134,3.3,0.645613256596,0.0132506614717,0.996538203235,0.11909708194,0.996538203255,0,0.548568005876,0.0134833325049
7.161,2.136,3.3,0.646420574583,0.0132418387773,0.996538203235,0.118859374644,0.996538203255,0,0.54891604235,0.013498674585
7.163,2.138,3.3,0.647227892571,0.0132330160829,0.996538203235,0.118622108657,0.996538203255,0,0.549690398814,0.0133081568995
7.165,2.14,3.3,0.648035210558,0.0132241933885,0.996538203235,0.118385339686,0.996538203255,0,0.550783954125,0.0131400569104
7.167,2.142,3.3,0.648842528545,0.0132153706941,0.996538203235,0.118149051977,0.996538203255,0,0.551395646257,0.0128313072469
7.169,2.144,3.3,0.649649846532,0.0132065479997,0.996538203235,0.117913233413,0.996538203255,0,0.551810458252,0.0126196498561
7.171,2.146,3.3,0.650457164519,0.0131977253053,0.996538203235,0.117677888974,0.996538203255,0,0.552115413532,0.0125343943788
7.173,2.148,3.3,0.651264482507,0.0131889026109,0.996538203235,0.117442983723,0.996538203255,0,0.553013095043,0.012423674653
7.175,2.15,3.3,0.652071800494,0.0131800799165,0.996538203235,0.11720856594,0.996538203255,0,0.554135717196,0.0122944001877
7.177,2.152,3.3,0.652879118481,0.0131712572221,0.996538203235,0.116974626978,0.996538203255,0,0.555175820551,0.0123076304401
7.179,2.154,3.3,0.653686436468,0.0131624345278,0.996538203235,0.116741152496,0.996538203255,0,0.555896242272,0.0123255496939
7.181,2.156,3.3,0.654493754455,0.0131536118334,0.996538203235,0.116508147428,0.996538203255,0,0.556328191492,0.0123354492009
7.183,2.158,3.3,0.655301072443,0.013144789139,0.996538203235,0.116275573841,0.996538203255,0,0.557307663942,0.012426300537
7.185,2.16,3.3,0.65610839043,0.0131359664446,0.996538203235,0.116043490848,0.996538203255,0,0.558506848503,0.0125710960461
7.187,2.162,3.3,0.656915708417,0.0131271437502,0.996538203235,0.115811871793,0.996538203255,0,0.559423349062,0.0126721309792
7.189,2.164,3.3,0.657723026404,0.0131183210558,0.996538203235,0.115580714469,0.996538203255,0,0.56005392936,0.0127482025764
7.191,2.166,3.3,0.658530344392,0.0131094983614,0.996538203235,0.11535003701,0.996538203255,0,0.560445476444,0.0128068124879
7.193,2.168,3.3,0.659337662379,0.013100675667,0.996538203235,0.115119774039,0.996538203255,0,0.561464710325,0.0128410850193
7.195,2.17,3.3,0.660144980366,0.0130918529726,0.996538203235,0.114889996841,0.996538203255,0,0.562752856153,0.0128619696411
7.197,2.172,3.3,0.660952298353,0.0130830302782,0.996538203235,0.114660702442,0.996538203255,0,0.563711767406,0.0128797418766
7.199,2.174,3.3,0.66175961634,0.0130742075838,0.996538203235,0.114431834194,0.996538203255,0,0.56438839045,0.0128987365333
7.201,2.176,3.3,0.662566934328,0.0130653848894,0.996538203235,0.114203444203,0.996538203255,0,0.564809758406,0.0129196909833
7.203,2.178,3.3,0.663374252315,0.0130565621951,0.996538203235,0.113975461953,0.996538203255,0,0.565968074862,0.0129297699483
7.205,2.18,3.3,0.664181570302,0.0130477395007,0.996538203235,0.113747968756,0.996538203255,0,0.567411823522,0.0129358452916
7.207,2.182,3.3,0.664988888289,0.0130389168063,0.996538203235,0.113520953585,0.996538203255,0,0.568613828075,0.0129450806533
7.209,2.184,3.3,0.665796206276,0.0130300941119,0.996538203235,0.113294360331,0.996538203255,0,0.569462371636,0.0129580430619
7.211,2.186,3.3,0.666603524264,0.0130212714175,0.996538203235,0.113068240579,0.996538203255,0,0.569988416118,0.0129748738741
7.213,2.188,3.3,0.667410842251,0.0130124487231,0.996538203235,0.112842524516,0.996538203255,0,0.570802329668,0.0129843239689
7.215,2.19,3.3,0.668162032716,0.0129979428171,0.996538203235,0.112617292616,0.996538203255,0,0.571686448202,0.0129901478982
7.217,2.192,3.3,0.668862947817,0.0129783462617,0.996538203235,0.112392534019,0.996538203255,0,0.572373636477,0.0129981086772
7.219,2.194,3.3,0.669563862917,0.0129587497064,0.996538203235,0.112168193143,0.996538203255,0,0.57285987799,0.0129996564294
7.221,2.196,3.3,0.670264778018,0.0129391531511,0.996538203235,0.111944321065,0.996538203255,0,0.573156083087,0.0129943347768
7.223,2.198,3.3,0.670965693119,0.0129195565958,0.996538203235,0.111720848661,0.996538203255,0,0.57411483612,0.0130039742205
7.225,2.2,3.3,0.67166660822,0.0128999600405,0.996538203235,0.111497855608,0.996538203255,0,0.575369689948,0.0130179922276
7.227,2.202,3.3,0.672367523321,0.0128803634851,0.996538203235,0.111275331154,0.996538203255,0,0.576302916334,0.0130253431667
7.229,2.204,3.3,0.673068438422,0.0128607669298,0.996538203235,0.111053220269,0.996538203255,0,0.576961574658,0.013024770834
7.231,2.206,3.3,0.673769353523,0.0128411703745,0.996538203235,0.110831573521,0.996538203255,0,0.577370978075,0.0130164957115
7.233,2.208,3.3,0.674470268624,0.0128215738192,0.996538203235,0.110610322475,0.996538203255,0,0.577963493621,0.0127993505544
7.235,2.21,3.3,0.675171183725,0.0128019772638,0.996538203235,0.110389546015,0.996538203255,0,0.57867236023,0.0125174247052
7.237,2.212,3.3,0.675872098826,0.0127823807085,0.996538203235,0.110169233496,0.996538203255,0,0.579160194196,0.0122385717655
7.239,2.214,3.3,0.676573013926,0.0127627841532,0.996538203235,0.109949330434,0.996538203255,0,0.579497118514,0.0120328245009
7.241,2.216,3.3,0.677273929027,0.0127431875979,0.996538203235,0.109729886897,0.996538203255,0,0.579742055139,0.0119128532544
7.243,2.218,3.3,0.677974844128,0.0127235910425,0.996538203235,0.109510834203,0.996538203255,0,0.580254658551,0.0118229237851
7.245,2.22,3.3,0.678675759229,0.0127039944872,0.996538203235,0.1092922529,0.996538203255,0,0.5806479258,0.0116628208329
7.247,2.222,3.3,0.67937667433,0.0126843979319,0.996538203235,0.109074140311,0.996538203255,0,0.581306077705,0.0116952848229
7.249,2.224,3.3,0.680077589431,0.0126648013766,0.996538203235,0.108856421489,0.996538203255,0,0.581790577051,0.0117191989155
7.251,2.226,3.3,0.680778504532,0.0126452048212,0.996538203235,0.108639154314,0.996538203255,0,0.582019173933,0.0116954231094
7.253,2.228,3.3,0.681479419633,0.0126256082659,0.996538203235,0.108422276642,0.996538203255,0,0.582847087024,0.0118122490228
7.255,2.23,3.3,0.682180334734,0.0126060117106,0.996538203235,0.108205867488,0.996538203255,0,0.583911827607,0.0120034277967
7.257,2.232,3.3,0.682881249835,0.0125864151553,0.996538203235,0.107989913095,0.996538203255,0,0.584738535453,0.0121284244723
7.259,2.234,3.3,0.683582164936,0.0125668186,0.996538203235,0.107774360062,0.996538203255,0,0.585323780734,0.0122104773139
7.261,2.236,3.3,0.684283080036,0.0125472220446,0.996538203235,0.107559257462,0.996538203255,0,0.585680269194,0.0122566701563
7.263,2.238,3.3,0.684983995137,0.0125276254893,0.996538203235,0.107344538881,0.996538203255,0,0.586475718453,0.0123025324488
7.265,2.24,3.3,0.685684910238,0.012508028934,0.996538203235,0.107130280874,0.996538203255,0,0.58736110934,0.0123403416766
7.267,2.242,3.3,0.686385825339,0.0124884323787,0.996538203235,0.106916473109,0.996538203255,0,0.588102458494,0.0123640092352
7.269,2.244,3.3,0.68708674044,0.0124688358233,0.996538203235,0.106703062713,0.996538203255,0,0.588633293041,0.0123751601895
7.271,2.246,3.3,0.687787655541,0.012449239268,0.996538203235,0.106490098273,0.996538203255,0,0.588929234445,0.0123746400491
7.273,2.248,3.3,0.688488570642,0.0124296427127,0.996538203235,0.106277514035,0.996538203255,0,0.589968094331,0.012391280629
7.275,2.25,3.3,0.689189485743,0.0124100461574,0.996538203235,0.106065385793,0.996538203255,0,0.591325834182,0.0124132914122
7.277,2.252,3.3,0.689890400844,0.012390449602,0.996538203235,0.105853703317,0.996538203255,0,0.592336581243,0.0124261351213
7.279,2.254,3.3,0.690591315945,0.0123708530467,0.996538203235,0.105642414261,0.996538203255,0,0.593050284616,0.0124297073456
7.281,2.256,3.3,0.691292231045,0.0123512564914,0.996538203235,0.105431566728,0.996538203255,0,0.593493515397,0.0124245086934
7.283,2.258,3.3,0.691993146146,0.0123316599361,0.996538203235,0.105221095617,0.996538203255,0,0.594317924748,0.0124352411389
7.285,2.26,3.3,0.692694061247,0.0123120633807,0.996538203235,0.105011075969,0.996538203255,0,0.595247170763,0.0124509872131
7.287,2.262,3.3,0.693394976348,0.0122924668254,0.996538203235,0.104801497657,0.996538203255,0,0.595987050865,0.0124598191684
7.289,2.264,3.3,0.694095891449,0.0122728702701,0.996538203235,0.104592308853,0.996538203255,0,0.596511601541,0.0124606403228
7.291,2.266,3.3,0.69479680655,0.0122532737148,0.996538203235,0.104383557184,0.996538203255,0,0.596827527195,0.0124536808446
7.293,2.268,3.3,0.695497721651,0.0122336771595,0.996538203235,0.104175178195,0.996538203255,0,0.597908838299,0.0124660546555
7.295,2.27,3.3,0.696198636752,0.0122140806041,0.996538203235,0.103967246182,0.996538203255,0,0.599307127702,0.0124854083512
7.297,2.272,3.3,0.696899551853,0.0121944840488,0.996538203235,0.103759751118,0.996538203255,0,0.600469450718,0.0124975962634
7.299,2.274,3.3,0.697600466954,0.0121748874935,0.996538203235,0.10355264169,0.996538203255,0,0.601290944422,0.0125008301007
7.301,2.276,3.3,0.698301382055,0.0121552909382,0.996538203235,0.103345965052,0.996538203255,0,0.601799732559,0.0124955121638
7.303,2.278,3.3,0.699002297155,0.0121356943828,0.996538203235,0.103139657389,0.996538203255,0,0.602491310501,0.0124051364297
7.305,2.28,3.3,0.699703212256,0.0121160978275,0.996538203235,0.102933792259,0.996538203255,0,0.603224439025,0.0123014969856
7.307,2.282,3.3,0.700404127357,0.0120965012722,0.996538203235,0.102728359735,0.996538203255,0,0.603773701303,0.0121718012627
7.309,2.284,3.3,0.701105042458,0.0120769047169,0.996538203235,0.102523309014,0.996538203255,0,0.60416169685,0.0120727328312
7.311,2.286,3.3,0.701805957559,0.0120573081615,0.996538203235,0.10231868678,0.996538203255,0,0.604401938714,0.0120140479068
7.313,2.288,3.3,0.70250687266,0.0120377116062,0.996538203235,0.102114429854,0.996538203255,0,0.604943824585,0.0118101952972
7.315,2.29,3.3,0.703207787761,0.0120181150509,0.996538203235,0.101910611062,0.996538203255,0,0.605508108983,0.0114951260471
7.317,2.292,3.3,0.703908702862,0.0119985184956,0.996538203235,0.101707220576,0.996538203255,0,0.606071477224,0.0113199917306
7.319,2.294,3.3,0.704609617963,0.0119789219402,0.996538203235,0.101504208097,0.996538203255,0,0.606475564743,0.0111938003572
7.321,2.296,3.3,0.705310533064,0.0119593253849,0.996538203235,0.101301619847,0.996538203255,0,0.606697224148,0.0110954649696
7.323,2.298,3.3,0.706011448164,0.0119397288296,0.996538203235,0.101099393273,0.996538203255,0,0.607659443865,0.0111883654207
7.325,2.3,3.3,0.706712363265,0.0119201322743,0.996538203235,0.100897600478,0.996538203255,0,0.608915090286,0.0113821124719
7.327,2.302,3.3,0.707413278366,0.0119005357189,0.996538203235,0.100696231731,0.996538203255,0,0.609929749778,0.011537610869
7.329,2.304,3.3,0.70811193212,0.0118814106632,0.996538203235,0.100495237235,0.996538203255,0,0.610648803967,0.0116419443316
7.331,2.306,3.3,0.708765239904,0.0118717404152,0.996538203235,0.10029466275,0.996538203255,0,0.611083729401,0.0117012040709
7.333,2.308,3.3,0.709418547689,0.0118620701672,0.996538203235,0.100094446347,0.996538203255,0,0.612042089847,0.0117588412366
7.335,2.31,3.3,0.710071855474,0.0118523999192,0.996538203235,0.0998946594099,0.996538203255,0,0.613169197688,0.0118089684794
7.337,2.312,3.3,0.710725163259,0.0118427296711,0.996538203235,0.0996952923059,0.996538203255,0,0.614069829308,0.0118385080138
7.339,2.314,3.3,0.711378471044,0.0118330594231,0.996538203235,0.0994962957328,0.996538203255,0,0.614708479196,0.0118510289894
7.341,2.316,3.3,0.712031778828,0.0118233891751,0.996538203235,0.0992977149955,0.996538203255,0,0.615092513193,0.0118483121451
7.343,2.318,3.3,0.712685086613,0.0118137189271,0.996538203235,0.0990994887808,0.996538203255,0,0.616018124505,0.0118653561546
7.345,2.32,3.3,0.713338394398,0.011804048679,0.996538203235,0.0989016877637,0.996538203255,0,0.61712310214,0.0118875137668
7.347,2.322,3.3,0.713991702183,0.011794378431,0.996538203235,0.0987043024062,0.996538203255,0,0.618009412402,0.0118994733971
7.349,2.324,3.3,0.714645009968,0.011784708183,0.996538203235,0.0985072838963,0.996538203255,0,0.618638044202,0.011899819364
7.351,2.326,3.3,0.715298317753,0.011775037935,0.996538203235,0.0983106770888,0.996538203255,0,0.61901541656,0.0118889208608
7.353,2.328,3.3,0.715951625537,0.0117653676869,0.996538203235,0.0981144212798,0.996538203255,0,0.619937729667,0.0119014468267
7.355,2.33,3.3,0.716604933322,0.0117556974389,0.996538203235,0.0979185864419,0.996538203255,0,0.621041536746,0.0119217259524
7.357,2.332,3.3,0.717258241107,0.0117460271909,0.996538203235,0.0977231631319,0.996538203255,0,0.621927420795,0.0119324715004
7.359,2.334,3.3,0.717911548892,0.0117363569429,0.996538203235,0.097528103023,0.996538203255,0,0.622555771167,0.0119320467977
7.361,2.336,3.3,0.718564856677,0.0117266866949,0.996538203235,0.097333450524,0.996538203255,0,0.62293287775,0.0119207516922
7.363,2.338,3.3,0.719218164461,0.0117170164468,0.996538203235,0.0971391455346,0.996538203255,0,0.623840018115,0.0119327546182
7.365,2.34,3.3,0.719871472246,0.0117073461988,0.996538203235,0.0969452573318,0.996538203255,0,0.624926234083,0.0119525777956
7.367,2.342,3.3,0.720524780031,0.0116976759508,0.996538203235,0.0967517765662,0.996538203255,0,0.625791191151,0.0119629759097
7.369,2.344,3.3,0.721178087816,0.0116880057028,0.996538203235,0.0965586553913,0.996538203255,0,0.626404421184,0.0119623832744
7.371,2.346,3.3,0.721831395601,0.0116783354547,0.996538203235,0.0963659377747,0.996538203255,0,0.626773738425,0.0119511040093
7.373,2.348,3.3,0.722484703385,0.0116686652067,0.996538203235,0.0961735642134,0.996538203255,0,0.627625559337,0.0119273073512
7.375,2.35,3.3,0.72313801117,0.0116589949587,0.996538203235,0.0959816032956,0.996538203255,0,0.628652105933,0.0119216048746
7.377,2.352,3.3,0.723791318955,0.0116493247107,0.996538203235,0.0957900457651,0.996538203255,0,0.629447036433,0.0118727389035
7.379,2.354,3.3,0.72444462674,0.0116396544627,0.996538203235,0.0955988442509,0.996538203255,0,0.630009696574,0.0118286101248
7.381,2.356,3.3,0.725097934525,0.0116299842146,0.996538203235,0.0954080422836,0.996538203255,0,0.630352842633,0.0117986408045
7.383,2.358,3.3,0.725751242309,0.0116203139666,0.996538203235,0.0952175798204,0.996538203255,0,0.630709355308,0.011337136137
7.385,2.36,3.3,0.726404550094,0.0116106437186,0.996538203235,0.0950275277567,0.996538203255,0,0.631006691457,0.0106257206072
7.387,2.362,3.3,0.727057857879,0.0116009734706,0.996538203235,0.0948378848338,0.996538203255,0,0.631175473402,0.0100107752699
7.389,2.364,3.3,0.727711165664,0.0115913032225,0.996538203235,0.0946485858522,0.996538203255,0,0.631297281446,0.0095685053519
7.391,2.366,3.3,0.728364473449,0.0115816329745,0.996538203235,0.0944596733589,0.996538203255,0,0.631366339782,0.00925992606078
7.393,2.368,3.3,0.729017781233,0.0115719627265,0.996538203235,0.0942710991827,0.996538203255,0,0.632180275047,0.00953266879195
7.395,2.37,3.3,0.729671089018,0.0115622924785,0.996538203235,0.0940829365085,0.996538203255,0,0.633191442929,0.0101160435973
7.397,2.372,3.3,0.730324396803,0.0115526222304,0.996538203235,0.0938951489056,0.996538203255,0,0.634163023713,0.0105087355549
7.399,2.374,3.3,0.730977704588,0.0115429519824,0.996538203235,0.0937077360485,0.996538203255,0,0.634840793305,0.0107689415521
7.401,2.376,3.3,0.731631012373,0.0115332817344,0.996538203235,0.0935207151904,0.996538203255,0,0.63522368541,0.0109287184255
7.403,2.378,3.3,0.732284320157,0.0115236114864,0.996538203235,0.0933340277172,0.996538203255,0,0.63597694587,0.0110543498114
7.405,2.38,3.3,0.732937627942,0.0115139412384,0.996538203235,0.0931477345144,0.996538203255,0,0.636836895811,0.0111448062557
7.407,2.382,3.3,0.733590935727,0.0115042709903,0.996538203235,0.0929618327439,0.996538203255,0,0.637518239411,0.0112023082848
7.409,2.384,3.3,0.734244243512,0.0114946007423,0.996538203235,0.0927762764782,0.996538203255,0,0.63800202922,0.0112350882661
7.411,2.386,3.3,0.734897551297,0.0114849304943,0.996538203235,0.0925911079628,0.996538203255,0,0.638295124632,0.0112461853052
7.413,2.388,3.3,0.735550859081,0.0114752602463,0.996538203235,0.0924062700254,0.996538203255,0,0.638967853055,0.0112708914651
7.415,2.39,3.3,0.736204166866,0.0114655899982,0.996538203235,0.0922218286119,0.996538203255,0,0.639705050214,0.0112961492229
7.417,2.392,3.3,0.736857474651,0.0114559197502,0.996538203235,0.0920377747397,0.996538203255,0,0.640327690256,0.0113106621569
7.419,2.394,3.3,0.737510782436,0.0114462495022,0.996538203235,0.0918540629381,0.996538203255,0,0.640774961803,0.011313430004
7.421,2.396,3.3,0.738164090221,0.0114365792542,0.996538203235,0.0916707350323,0.996538203255,0,0.641018731717,0.0113047210088
7.423,2.398,3.3,0.738817398006,0.0114269090062,0.996538203235,0.0914877344186,0.996538203255,0,0.641971880456,0.0113182459189
7.425,2.4,3.3,0.73947070579,0.0114172387581,0.996538203235,0.0913051263873,0.996538203255,0,0.643243515392,0.0113390327172
7.427,2.402,3.3,0.740124013575,0.0114075685101,0.996538203235,0.091122902045,0.996538203255,0,0.644163060952,0.0113501648323
7.429,2.404,3.3,0.74077732136,0.0113978982621,0.996538203235,0.0909410163731,0.996538203255,0,0.64481175856,0.0113505887288
7.431,2.406,3.3,0.741430629145,0.0113882280141,0.996538203235,0.0907595107811,0.996538203255,0,0.645220975684,0.0113406852614
7.433,2.408,3.3,0.742096750816,0.011370302078,0.996538203235,0.0905783292277,0.996538203255,0,0.646122788309,0.0113520704973
7.435,2.41,3.3,0.742764248952,0.0113514893183,0.996538203235,0.0903975363543,0.996538203255,0,0.647234734526,0.0113705053248
7.437,2.412,3.3,0.743431747088,0.0113326765587,0.996538203235,0.0902171233562,0.996538203255,0,0.64804837011,0.0113800986988
7.439,2.414,3.3,0.744099245223,0.011313863799,0.996538203235,0.0900370456619,0.996538203255,0,0.648622866859,0.0113795174874
7.441,2.416,3.3,0.744766743359,0.0112950510393,0.996538203235,0.0898573442694,0.996538203255,0,0.648983292564,0.011369055765
7.443,2.418,3.3,0.745434241495,0.0112762382796,0.996538203235,0.0896779636945,0.996538203255,0,0.649688812586,0.01137871944
7.445,2.42,3.3,0.74610173963,0.01125742552,0.996538203235,0.0894989679362,0.996538203255,0,0.650451283207,0.0113943152908
7.447,2.422,3.3,0.746769237766,0.0112386127603,0.996538203235,0.089320348277,0.996538203255,0,0.651103518389,0.0114025984067
7.449,2.424,3.3,0.747436735902,0.0112198000006,0.996538203235,0.0891420605887,0.996538203255,0,0.651572107856,0.0114012249785
7.451,2.426,3.3,0.748104234037,0.0112009872409,0.996538203235,0.0889641454616,0.996538203255,0,0.651838353492,0.0113901590946
7.453,2.428,3.3,0.748771732173,0.0111821744813,0.996538203235,0.0887865479632,0.996538203255,0,0.652654878736,0.0114005676734
7.455,2.43,3.3,0.749439230309,0.0111633617216,0.996538203235,0.0886093314562,0.996538203255,0,0.653706342823,0.0114181789585
7.457,2.432,3.3,0.750106728444,0.0111445489619,0.996538203235,0.0884324873099,0.996538203255,0,0.654480412277,0.0114273041742
7.459,2.434,3.3,0.75077422658,0.0111257362022,0.996538203235,0.0882559718345,0.996538203255,0,0.655027202645,0.011426540775
7.461,2.436,3.3,0.751441724716,0.0111069234426,0.996538203235,0.0880798252172,0.996538203255,0,0.655369356249,0.0114161533832
7.463,2.438,3.3,0.752109222851,0.0110881106829,0.996538203235,0.0879039930712,0.996538203255,0,0.655768880146,0.0112185524056
7.465,2.44,3.3,0.752776720987,0.0110692979232,0.996538203235,0.0877285381294,0.996538203255,0,0.656155648417,0.0109536592414
7.467,2.442,3.3,0.753444219123,0.0110504851635,0.996538203235,0.087553451847,0.996538203255,0,0.656445167513,0.0107104405012
7.469,2.444,3.3,0.754111717258,0.0110316724039,0.996538203235,0.0873786909685,0.996538203255,0,0.656649925555,0.0105324969758
7.471,2.446,3.3,0.754779215394,0.0110128596442,0.996538203235,0.0872042952814,0.996538203255,0,0.656777103038,0.0104276331807
7.473,2.448,3.3,0.75544671353,0.0109940468845,0.996538203235,0.0870302109399,0.996538203255,0,0.657449110744,0.0103427940822
7.475,2.45,3.3,0.756114211665,0.0109752341248,0.996538203235,0.0868565000531,0.996538203255,0,0.658277924036,0.0102574809181
7.477,2.452,3.3,0.756781709801,0.0109564213652,0.996538203235,0.086683154161,0.996538203255,0,0.659057934298,0.0102390157002
7.479,2.454,3.3,0.757449207937,0.0109376086055,0.996538203235,0.0865101304384,0.996538203255,0,0.659617662068,0.0102286566029
7.481,2.456,3.3,0.758116706072,0.0109187958458,0.996538203235,0.0863374682771,0.996538203255,0,0.659934214931,0.0102139905224
7.483,2.458,3.3,0.758784204208,0.0108999830861,0.996538203235,0.0861651143665,0.996538203255,0,0.660892679684,0.0102997879058
7.485,2.46,3.3,0.759451702344,0.0108811703265,0.996538203235,0.0859931301984,0.996538203255,0,0.662117736843,0.0104432067438
7.487,2.462,3.3,0.760119200479,0.0108623575668,0.996538203235,0.085821507397,0.996538203255,0,0.663042486159,0.0105392603082
7.489,2.464,3.3,0.760786698615,0.0108435448071,0.996538203235,0.0856502035625,0.996538203255,0,0.663696892023,0.0106070192266
7.491,2.466,3.3,0.761454196751,0.0108247320474,0.996538203235,0.0854792576954,0.996538203255,0,0.664101846134,0.010651916323
7.493,2.468,3.3,0.762121694886,0.0108059192878,0.996538203235,0.0853086170149,0.996538203255,0,0.664848369464,0.0106846671642
7.495,2.47,3.3,0.762789193022,0.0107871065281,0.996538203235,0.0851383424017,0.996538203255,0,0.665659415073,0.0107072095282
7.497,2.472,3.3,0.763456691158,0.0107682937684,0.996538203235,0.084968425563,0.996538203255,0,0.666345126747,0.0107233451303
7.499,2.474,3.3,0.764124189293,0.0107494810087,0.996538203235,0.0847988245207,0.996538203255,0,0.666834086393,0.0107351141823
7.501,2.476,3.3,0.764791687429,0.010730668249,0.996538203235,0.0846295778875,0.996538203255,0,0.667122381831,0.0107431698296
7.503,2.478,3.3,0.765459185565,0.0107118554894,0.996538203235,0.0844606334073,0.996538203255,0,0.667931218775,0.0107520632337
7.505,2.48,3.3,0.7661266837,0.0106930427297,0.996538203235,0.0842920513556,0.996538203255,0,0.66887420346,0.0107602262013
7.507,2.482,3.3,0.766794181836,0.01067422997,0.996538203235,0.0841238235221,0.996538203255,0,0.669657698781,0.0107668924523
7.509,2.484,3.3,0.767461679972,0.0106554172103,0.996538203235,0.0839559083459,0.996538203255,0,0.670219268861,0.0107720504062
7.511,2.486,3.3,0.768129178107,0.0106366044507,0.996538203235,0.0837883440559,0.996538203255,0,0.670544191516,0.0107756813443
7.513,2.488,3.3,0.768796676243,0.010617791691,0.996538203235,0.0836210789155,0.996538203255,0,0.671576883805,0.0107829805605
7.515,2.49,3.3,0.769464174379,0.0105989789313,0.996538203235,0.0834541726009,0.996538203255,0,0.672923401217,0.0107919641522
7.517,2.492,3.3,0.770131672514,0.0105801661716,0.996538203235,0.0832876169835,0.996538203255,0,0.673898191479,0.0107986453132
7.519,2.494,3.3,0.77079917065,0.010561353412,0.996538203235,0.0831213709156,0.996538203255,0,0.674585919116,0.0108037550687
7.521,2.496,3.3,0.771466668786,0.0105425406523,0.996538203235,0.082955472246,0.996538203255,0,0.67501953593,0.0108075277911
7.523,2.498,3.3,0.772134166921,0.0105237278926,0.996538203235,0.0827898697524,0.996538203255,0,0.675961415115,0.0108137922588
7.525,2.5,3.3,0.772801665057,0.0105049151329,0.996538203235,0.0826246225178,0.996538203255,0,0.677113832311,0.0108211786641
7.527,2.502,3.3,0.773469163193,0.0104861023733,0.996538203235,0.0824597224944,0.996538203255,0,0.67796384233,0.0108268269465
7.529,2.504,3.3,0.774136661328,0.0104672896136,0.996538203235,0.0822951289435,0.996538203255,0,0.678564149048,0.0108312091492
7.531,2.506,3.3,0.774804159464,0.0104484768539,0.996538203235,0.0821308793378,0.996538203255,0,0.678940279503,0.0108344980047
7.533,2.508,3.3,0.7754716576,0.0104296640942,0.996538203235,0.0819669229639,0.996538203255,0,0.679675759452,0.0108392817713
7.535,2.51,3.3,0.776139155735,0.0104108513346,0.996538203235,0.0818033183178,0.996538203255,0,0.680473112825,0.0108441799684
7.537,2.512,3.3,0.776806653871,0.0103920385749,0.996538203235,0.0816400574315,0.996538203255,0,0.681152037637,0.0108486219101
7.539,2.514,3.3,0.777474152007,0.0103732258152,0.996538203235,0.0814770999713,0.996538203255,0,0.681637429781,0.0108521893194
7.541,2.516,3.3,0.778141650142,0.0103544130555,0.996538203235,0.0813144830374,0.996538203255,0,0.681913962747,0.010854770471
7.543,2.518,3.3,0.778809148278,0.0103356002959,0.996538203235,0.0811521561239,0.996538203255,0,0.682298139953,0.0104405859598
7.545,2.52,3.3,0.779476646413,0.0103167875362,0.996538203235,0.0809901775213,0.996538203255,0,0.682886068374,0.00999562386432
7.547,2.522,3.3,0.780144144549,0.0102979747765,0.996538203235,0.0808285457151,0.996538203255,0,0.68303723221,0.0094172191301
7.549,2.524,3.3,0.780811642685,0.0102791620168,0.996538203235,0.0806672070239,0.996538203255,0,0.683131220428,0.0089929198891
7.551,2.526,3.3,0.78147914082,0.0102603492572,0.996538203235,0.0805062034413,0.996538203255,0,0.683243759123,0.00877483644508
7.553,2.528,3.3,0.782146638956,0.0102415364975,0.996538203235,0.0803454881081,0.996538203255,0,0.684301267201,0.0089247831807
7.555,2.53,3.3,0.782814137092,0.0102227237378,0.996538203235,0.0801851198656,0.996538203255,0,0.685840781977,0.00930801141148
7.557,2.532,3.3,0.783481635227,0.0102039109781,0.996538203235,0.0800250841223,0.996538203255,0,0.6869732277,0.00957646007144
7.559,2.534,3.3,0.784149133363,0.0101850982185,0.996538203235,0.0798653511409,0.996538203255,0,0.687766658913,0.00976375205001
7.561,2.536,3.3,0.784816631499,0.0101662854588,0.996538203235,0.0797059532229,0.996538203255,0,0.688268020084,0.00988694338218
7.563,2.538,3.3,0.785410881683,0.0101515305413,0.996538203235,0.0795468389601,0.996538203255,0,0.689067996024,0.00997241912553
7.565,2.54,3.3,0.785704665782,0.0101534210581,0.996538203235,0.0793880647756,0.996538203255,0,0.68990886612,0.0100281751951
7.567,2.542,3.3,0.78599844988,0.0101553115748,0.996538203235,0.0792296241882,0.996538203255,0,0.690610226712,0.0100662206234
7.569,2.544,3.3,0.786292233979,0.0101572020916,0.996538203235,0.0790714780681,0.996538203255,0,0.691110338318,0.010093310663
7.571,2.546,3.3,0.786586018078,0.0101590926083,0.996538203235,0.0789136624202,0.996538203255,0,0.691407246464,0.0101114193036
7.573,2.548,3.3,0.786879802176,0.0101609831251,0.996538203235,0.0787561285177,0.996538203255,0,0.692095067844,0.0101260236411
7.575,2.55,3.3,0.787173586275,0.0101628736419,0.996538203235,0.0785989325783,0.996538203255,0,0.692920885355,0.0101373415545
7.577,2.552,3.3,0.787467370373,0.0101647641586,0.996538203235,0.0784420669199,0.996538203255,0,0.69356176469,0.0101455881381
7.579,2.554,3.3,0.787761154472,0.0101666546754,0.996538203235,0.0782854928019,0.996538203255,0,0.694016454196,0.0101517742198
7.581,2.556,3.3,0.78805493857,0.0101685451922,0.996538203235,0.078129245871,0.996538203255,0,0.694294637629,0.0101562172481
7.583,2.558,3.3,0.788348722669,0.0101704357089,0.996538203235,0.077973277885,0.996538203255,0,0.694451965682,0.0101582818227
7.585,2.56,3.3,0.788642506768,0.0101723262257,0.996538203235,0.0778176445026,0.996538203255,0,0.694438109544,0.0101584519252
7.587,2.562,3.3,0.788936290866,0.0101742167425,0.996538203235,0.0776623381182,0.996538203255,0,0.694527897551,0.0101593414901
7.589,2.564,3.3,0.789230074965,0.0101761072592,0.996538203235,0.0775073203761,0.996538203255,0,0.694597546784,0.0101603759207
7.591,2.566,3.3,0.789523859063,0.010177997776,0.996538203235,0.077352626569,0.996538203255,0,0.694618699412,0.0101614031996
7.593,2.568,3.3,0.789817643162,0.0101798882928,0.996538203235,0.0771982089339,0.996538203255,0,0.695069525481,0.0101641762297
7.595,2.57,3.3,0.79011142726,0.0101817788095,0.996538203235,0.0770441225764,0.996538203255,0,0.695685291734,0.0101676604784
7.597,2.572,3.3,0.790541782963,0.0101845478901,0.996538203235,0.0768903599665,0.996538203255,0,0.696205550846,0.0101708286248
7.599,2.574,3.3,0.790990234791,0.0101874333829,0.996538203235,0.0767368831298,0.996538203255,0,0.696576846311,0.0101734560429
7.601,2.576,3.3,0.791438686618,0.0101903188757,0.996538203235,0.0765837270081,0.996538203255,0,0.696796124072,0.0101755246144
7.603,2.578,3.3,0.791887138445,0.0101932043685,0.996538203235,0.0764308443132,0.996538203255,0,0.69738121007,0.0101790125328
7.605,2.58,3.3,0.792335590272,0.0101960898614,0.996538203235,0.0762782896029,0.996538203255,0,0.698081994573,0.010182953862
7.607,2.582,3.3,0.7927840421,0.0101989753542,0.996538203235,0.0761260554221,0.996538203255,0,0.698658821312,0.0101864255252
7.609,2.584,3.3,0.793232493927,0.010201860847,0.996538203235,0.0759741041738,0.996538203255,0,0.699069764606,0.0101892620791
7.611,2.586,3.3,0.793680945754,0.0102047463398,0.996538203235,0.0758224704525,0.996538203255,0,0.699315057387,0.0101914629235
7.613,2.588,3.3,0.794129397581,0.0102076318326,0.996538203235,0.0756711074402,0.996538203255,0,0.699697509538,0.0101936306979
7.615,2.59,3.3,0.794577849409,0.0102105173254,0.996538203235,0.0755200691522,0.996538203255,0,0.700113986959,0.0101957370628
7.617,2.592,3.3,0.795026301236,0.0102134028182,0.996538203235,0.0753693482076,0.996538203255,0,0.700428759992,0.010197516986
7.619,2.594,3.3,0.795505746484,0.0102027168868,0.996538203235,0.0752189073832,0.996538203255,0,0.700651650138,0.0101991360068
7.621,2.596,3.3,0.796006244359,0.0101828124147,0.996538203235,0.0750687809295,0.996538203255,0,0.700789583567,0.0102006362928
7.623,2.598,3.3,0.796506742233,0.0101629079426,0.996538203235,0.0749189224938,0.996538203255,0,0.701449596561,0.0102066682292
7.625,2.6,3.3,0.797007240108,0.0101430034704,0.996538203235,0.0747693855546,0.996538203255,0,0.702286373379,0.0102151951246
7.627,2.602,3.3,0.797507737982,0.0101230989983,0.996538203235,0.0746201628044,0.996538203255,0,0.703074887772,0.0102187202645
7.629,2.604,3.3,0.798008235857,0.0101031945262,0.996538203235,0.0744712173899,0.996538203255,0,0.703640197022,0.0102164694981
7.631,2.606,3.3,0.798508733732,0.010083290054,0.996538203235,0.0743225832212,0.996538203255,0,0.703966109395,0.010209816034
7.633,2.608,3.3,0.799009231606,0.0100633855819,0.996538203235,0.0741742144064,0.996538203255,0,0.704528232098,0.0101245934599
7.635,2.61,3.3,0.799509729481,0.0100434811098,0.996538203235,0.0740261638924,0.996538203255,0,0.705156671423,0.0100098314277
7.637,2.612,3.3,0.800010227355,0.0100235766376,0.996538203235,0.0738784244442,0.996538203255,0,0.705658429794,0.00990866346286
7.639,2.614,3.3,0.80051072523,0.0100036721655,0.996538203235,0.0737309595749,0.996538203255,0,0.706015139605,0.00983191381101
7.641,2.616,3.3,0.801011223104,0.00998376769335,0.996538203235,0.0735838028577,0.996538203255,0,0.706230767225,0.0097805111632
7.643,2.618,3.3,0.801511720979,0.00996386322121,0.996538203235,0.0734369088566,0.996538203255,0,0.706395564229,0.00939195988325
7.645,2.62,3.3,0.802012218854,0.00994395874907,0.996538203235,0.0732903295831,0.996538203255,0,0.70627363914,0.00866743746911
7.647,2.622,3.3,0.802512716728,0.00992405427694,0.996538203235,0.0731440671113,0.996538203255,0,0.706493998987,0.00835398716509
7.649,2.624,3.3,0.803013214603,0.0099041498048,0.996538203235,0.072998070349,0.996538203255,0,0.706668264372,0.0081384024874
7.651,2.626,3.3,0.803513712477,0.00988424533266,0.996538203235,0.0728523703331,0.996538203255,0,0.706714288288,0.00794847268528
7.653,2.628,3.3,0.804014210352,0.00986434086053,0.996538203235,0.0727069312018,0.996538203255,0,0.707484956211,0.00816081118489
7.655,2.63,3.3,0.804514708226,0.00984443638839,0.996538203235,0.0725618098381,0.996538203255,0,0.708591041759,0.00859786032308
7.657,2.632,3.3,0.805015206101,0.00982453191625,0.996538203235,0.072417000256,0.996538203255,0,0.709394864674,0.00888418468148
7.659,2.634,3.3,0.805515703976,0.00980462744412,0.996538203235,0.0722724526149,0.996538203255,0,0.709968656411,0.00908274692616
7.661,2.636,3.3,0.80601620185,0.00978472297198,0.996538203235,0.0721282025156,0.996538203255,0,0.710332297549,0.00920823392639
7.663,2.638,3.3,0.806516699725,0.00976481849984,0.996538203235,0.0719842112579,0.996538203255,0,0.710911208679,0.00930235856572
7.665,2.64,3.3,0.807017197599,0.00974491402771,0.996538203235,0.0718405319543,0.996538203255,0,0.711516062417,0.00936677271019
7.667,2.642,3.3,0.807517695474,0.00972500955557,0.996538203235,0.0716971545322,0.996538203255,0,0.712021113919,0.00940830923715
7.669,2.644,3.3,0.808018193348,0.00970510508343,0.996538203235,0.0715540435821,0.996538203255,0,0.712381898652,0.00943314541922
7.671,2.646,3.3,0.808518691223,0.0096852006113,0.996538203235,0.0714112316857,0.996538203255,0,0.712595794815,0.00944340484577
7.673,2.648,3.3,0.809019189098,0.00966529613916,0.996538203235,0.0712686747489,0.996538203255,0,0.713297360022,0.00946148273302
7.675,2.65,3.3,0.809519686972,0.00964539166702,0.996538203235,0.0711264236444,0.996538203255,0,0.714177855344,0.00947960527861
7.677,2.652,3.3,0.810020184847,0.00962548719489,0.996538203235,0.0709844714207,0.996538203255,0,0.714887664525,0.00949058201038
7.679,2.654,3.3,0.810520682721,0.00960558272275,0.996538203235,0.0708427830202,0.996538203255,0,0.715393395002,0.00949405547148
7.681,2.656,3.3,0.811021180596,0.00958567825062,0.996538203235,0.0707013907008,0.996538203255,0,0.715697580951,0.00949031249151
7.683,2.658,3.3,0.81152167847,0.00956577377848,0.996538203235,0.0705602508065,0.996538203255,0,0.716365530169,0.00949830904558
7.685,2.66,3.3,0.812022176345,0.00954586930634,0.996538203235,0.0704194137047,0.996538203255,0,0.717140761387,0.00950953504001
7.687,2.662,3.3,0.812520013583,0.0095246197265,0.996538203235,0.0702788725126,0.996538203255,0,0.717768555666,0.00951589569742
7.689,2.664,3.3,0.813009847582,0.00949932404111,0.996538203235,0.0701385925213,0.996538203255,0,0.718215993719,0.00951617309864
7.691,2.666,3.3,0.813499681581,0.00947402835572,0.996538203235,0.069998605668,0.996538203255,0,0.718484645116,0.00951040265215
7.693,2.668,3.3,0.813989515581,0.00944873267033,0.996538203235,0.0698588687307,0.996538203255,0,0.719107396922,0.00951682513491
7.695,2.67,3.3,0.81447934958,0.00942343698494,0.996538203235,0.0697194315759,0.996538203255,0,0.71983478228,0.00952689806832
7.697,2.672,3.3,0.814969183579,0.00939814129955,0.996538203235,0.0695802873896,0.996538203255,0,0.720431029353,0.00953250652838
7.699,2.674,3.3,0.815459017579,0.00937284561415,0.996538203235,0.0694414018076,0.996538203255,0,0.720856374675,0.0095322983611
7.701,2.676,3.3,0.815948851578,0.00934754992876,0.996538203235,0.0693028064498,0.996538203255,0,0.721110472946,0.0095262675191
7.703,2.678,3.3,0.816438685577,0.00932225424337,0.996538203235,0.0691644585238,0.996538203255,0,0.72161447501,0.00953177764434
7.705,2.68,3.3,0.816928519577,0.00929695855798,0.996538203235,0.0690264074004,0.996538203255,0,0.72219004295,0.0095407662897
7.707,2.682,3.3,0.817418353576,0.00927166287259,0.996538203235,0.0688886463333,0.996538203254,0,0.722648533415,0.0095454559373
7.709,2.684,3.3,0.817908187575,0.0092463671872,0.996538203235,0.0687511413,0.996538203254,0,0.722974893565,0.00954463113462
7.711,2.686,3.3,0.818398021575,0.00922107150181,0.996538203235,0.0686139236059,0.996538203254,0,0.723172211313,0.00953830058752
7.713,2.688,3.3,0.818887855574,0.00919577581642,0.996538203235,0.0684769508841,0.996538203254,0,0.723674536612,0.0095437832956
7.715,2.69,3.3,0.819377689573,0.00917048013103,0.996538203235,0.0683402720147,0.996538203254,0,0.724245855851,0.00955272842929
7.717,2.692,3.3,0.819867523573,0.00914518444564,0.996538203235,0.0682038803184,0.996538203254,0,0.724729232215,0.00955757429941
7.719,2.694,3.3,0.820357357572,0.00911988876025,0.996538203235,0.0680677421109,0.996538203254,0,0.725075198026,0.0095569131456
7.721,2.696,3.3,0.820847191571,0.00909459307486,0.996538203235,0.0679318883863,0.996538203254,0,0.72527885772,0.00955070715021
7.723,2.698,3.3,0.821337025571,0.00906929738946,0.996538203235,0.067796277199,0.996538203254,0,0.72602735944,0.00955761397439
7.725,2.7,3.3,0.82182685957,0.00904400170407,0.996538203235,0.0676609569431,0.996538203254,0,0.726984578309,0.00956877017793
7.727,2.702,3.3,0.822316693569,0.00901870601868,0.996538203235,0.0675259210058,0.996538203254,0,0.727736932326,0.00957517055672
7.729,2.704,3.3,0.822806527569,0.00899341033329,0.996538203235,0.0673911360374,0.996538203254,0,0.728271908541,0.00957564225253
7.731,2.706,3.3,0.823296361568,0.0089681146479,0.996538203235,0.0672566327243,0.996538203254,0,0.728597206841,0.00957022274361
7.733,2.708,3.3,0.823786195567,0.00894281896251,0.996538203235,0.0671223695376,0.996538203254,0,0.729058638796,0.00939444648899
7.735,2.71,3.3,0.824276029567,0.00891752327712,0.996538203235,0.0669883941197,0.996538203254,0,0.729735721387,0.00932382657656
7.737,2.712,3.3,0.824765863566,0.00889222759173,0.996538203235,0.0668546991082,0.996538203254,0,0.729995305438,0.00901400013794
7.739,2.714,3.3,0.825255697565,0.00886693190634,0.996538203235,0.0667212542005,0.996538203254,0,0.730161870269,0.00877405697011
7.741,2.716,3.3,0.825745531565,0.00884163622095,0.996538203235,0.0665880885509,0.996538203254,0,0.730320825341,0.00867543450925
7.743,2.718,3.3,0.826235365564,0.00881634053556,0.996538203235,0.0664551607725,0.996538203254,0,0.730818708347,0.00857207522169
7.745,2.72,3.3,0.826723813166,0.00880039526401,0.996538203235,0.066322517043,0.996538203254,0,0.731350857387,0.00839516513007
7.747,2.722,3.3,0.827212008397,0.00878615207725,0.996538203235,0.0661901460381,0.996538203254,0,0.732091244754,0.00850364452845
7.749,2.724,3.3,0.827700203629,0.00877190889049,0.996538203235,0.066058034003,0.996538203254,0,0.732629162886,0.00859136073442
7.751,2.726,3.3,0.82818839886,0.00875766570373,0.996538203235,0.0659261911287,0.996538203254,0,0.732905766617,0.00859661847953
7.753,2.728,3.3,0.828676594092,0.00874342251698,0.996538203235,0.065794584092,0.996538203254,0,0.733291545398,0.00862973215164
7.755,2.73,3.3,0.829164789323,0.00872917933022,0.996538203235,0.0656632589277,0.996538203254,0,0.733720834905,0.00869411508169
7.757,2.732,3.3,0.829652984555,0.00871493614346,0.996538203235,0.0655322060426,0.996538203254,0,0.734050313546,0.00873565250147
7.759,2.734,3.3,0.830141179786,0.00870069295671,0.996538203235,0.065401401437,0.996538203254,0,0.734282560447,0.00876057180852
7.761,2.736,3.3,0.830629375018,0.00868644976995,0.996538203235,0.0652708712918,0.996538203254,0,0.734424987321,0.00877140762479
7.763,2.738,3.3,0.831117570249,0.00867220658319,0.996538203235,0.0651405737311,0.996538203254,0,0.735196302421,0.0087895606263
7.765,2.74,3.3,0.831605765481,0.00865796339643,0.996538203235,0.0650105539632,0.996538203254,0,0.736255021499,0.00880797676455
7.767,2.742,3.3,0.832093960712,0.00864372020968,0.996538203235,0.0648808037682,0.996538203254,0,0.737079006113,0.00881931937522
7.769,2.744,3.3,0.832582155944,0.00862947702292,0.996538203235,0.0647512993845,0.996538203254,0,0.737659504302,0.00882329164759
7.771,2.746,3.3,0.833070351175,0.00861523383616,0.996538203235,0.0646220667333,0.996538203254,0,0.738016535866,0.0088203797421
7.773,2.748,3.3,0.833558546407,0.00860099064941,0.996538203235,0.0644930643544,0.996538203254,0,0.738713967346,0.00882797216571
7.775,2.75,3.3,0.834046741638,0.00858674746265,0.996538203235,0.0643643370071,0.996538203254,0,0.739498534284,0.00883841866158
7.777,2.752,3.3,0.83453493687,0.00857250427589,0.996538203235,0.0642358765531,0.996538203254,0,0.740153074415,0.0088445516524
7.779,2.754,3.3,0.835023132101,0.00855826108913,0.996538203235,0.0641076594671,0.996538203254,0,0.740617580584,0.00884494976622
7.781,2.756,3.3,0.835511327333,0.00854401790238,0.996538203235,0.0639797114123,0.996538203254,0,0.740892373326,0.00883971209978
7.783,2.758,3.3,0.835999522564,0.00852977471562,0.996538203235,0.0638519913411,0.996538203254,0,0.741537262867,0.00884567660689
7.785,2.76,3.3,0.836487717796,0.00851553152886,0.996538203235,0.0637245435675,0.996538203254,0,0.742296564332,0.00885509494214
7.787,2.762,3.3,0.836975913027,0.00850128834211,0.996538203235,0.0635973600342,0.996538203254,0,0.742921773364,0.00886048432636
7.789,2.764,3.3,0.837464108259,0.00848704515535,0.996538203234,0.0634704174498,0.996538203254,0,0.743365016027,0.00886039893438
7.791,2.766,3.3,0.83795230349,0.00847280196859,0.996538203234,0.0633437412225,0.996538203254,0,0.743628663487,0.00885491395781
7.793,2.768,3.3,0.838440498722,0.00845855878183,0.996538203234,0.0632172907124,0.996538203254,0,0.744048636461,0.00885944533266
7.795,2.77,3.3,0.838928693954,0.00844431559508,0.996538203234,0.0630911097934,0.996538203254,0,0.744510199028,0.00886706229337
7.797,2.772,3.3,0.839416889185,0.00843007240832,0.996538203234,0.062965190488,0.996538203254,0,0.744861688051,0.00887085934321
7.799,2.774,3.3,0.839905084417,0.00841582922156,0.996538203234,0.0628395097364,0.996538203254,0,0.74510928494,0.00886967650304
7.801,2.776,3.3,0.840393279648,0.0084015860348,0.996538203234,0.0627140926943,0.996538203254,0,0.745261656604,0.00886361642849
7.803,2.778,3.3,0.84088147488,0.00838734284805,0.996538203234,0.0625888991257,0.996538203254,0,0.745944908951,0.00886981493012
7.805,2.78,3.3,0.841369670111,0.00837309966129,0.996538203234,0.0624639724684,0.996538203254,0,0.746791337565,0.00887978474865
7.807,2.782,3.3,0.841857865343,0.00835885647453,0.996538203234,0.0623393048243,0.996538203254,0,0.747607079703,0.0088861063157
7.809,2.784,3.3,0.842346060574,0.00834461328778,0.996538203234,0.0622148733627,0.996538203254,0,0.748191957934,0.00888644784665
7.811,2.786,3.3,0.842834255806,0.00833037010102,0.996538203234,0.0620907029893,0.996538203254,0,0.748518853933,0.00888075674509
7.813,2.788,3.3,0.843322451037,0.00831612691426,0.996538203234,0.061966753868,0.996538203254,0,0.749216693467,0.00888689115224
7.815,2.79,3.3,0.843810646269,0.0083018837275,0.996538203234,0.0618430690049,0.996538203254,0,0.750034678771,0.00889674252144
7.817,2.792,3.3,0.8442988415,0.00828764054075,0.996538203234,0.0617196405802,0.996538203254,0,0.750699505326,0.0089023371641
7.819,2.794,3.3,0.844787036732,0.00827339735399,0.996538203234,0.0615964459905,0.996538203254,0,0.751170349899,0.00890217453872
7.821,2.796,3.3,0.845275231963,0.00825915416723,0.996538203234,0.0614735098935,0.996538203254,0,0.751451968535,0.00889633808222
7.823,2.798,3.3,0.845763427195,0.00824491098048,0.996538203234,0.0613507928495,0.996538203254,0,0.75210256075,0.00890223709951
7.825,2.8,3.3,0.846251622426,0.00823066779372,0.996538203234,0.0612283374369,0.996538203254,0,0.752865028219,0.00891179566467
7.827,2.802,3.3,0.846739817658,0.00821642460696,0.996538203234,0.0611061359137,0.996538203254,0,0.753493105192,0.00891720766142
7.829,2.804,3.3,0.847228012889,0.0082021814202,0.996538203234,0.060984165901,0.996538203254,0,0.753938396144,0.00891695837295
7.831,2.806,3.3,0.847716208121,0.00818793823345,0.996538203234,0.0608624518117,0.996538203254,0,0.754203213731,0.008911121717
7.833,2.808,3.3,0.848204403352,0.00817369504669,0.996538203234,0.0607409543835,0.996538203254,0,0.754167918272,0.00836191028242
7.835,2.81,3.3,0.848692598584,0.00815945185993,0.996538203234,0.0606197159297,0.996538203254,0,0.754000145115,0.00760307896388
7.837,2.812,3.3,0.849180793815,0.00814520867318,0.996538203234,0.0604987400047,0.996538203254,0,0.753656705191,0.00680856220096
7.839,2.814,3.3,0.849668989047,0.00813096548642,0.996538203234,0.0603779844139,0.996538203254,0,0.753399975037,0.00622523821931
7.841,2.816,3.3,0.849980409772,0.00812850036824,0.996538203234,0.0602574727807,0.996538203254,0,0.753276610751,0.0058911143402
7.843,2.818,3.3,0.850235853843,0.00812976484256,0.996538203234,0.0601371778668,0.996538203254,0,0.753844417505,0.00606601372844
7.845,2.82,3.3,0.850491297914,0.00813102931687,0.996538203234,0.0600171448145,0.996538203254,0,0.754658062206,0.00644061101638
7.847,2.822,3.3,0.850746741985,0.00813229379119,0.996538203234,0.0598973606293,0.996538203254,0,0.755384301853,0.00680480323052
7.849,2.824,3.3,0.851002186056,0.00813355826551,0.996538203234,0.0597778033749,0.996538203254,0,0.755903754526,0.00706317034348
7.851,2.826,3.3,0.851257630127,0.00813482273982,0.996538203234,0.0596584969814,0.996538203254,0,0.756202376384,0.00720069393316
7.853,2.828,3.3,0.851513074198,0.00813608721414,0.996538203234,0.0595394031732,0.996538203254,0,0.757224212213,0.00741468410064
7.855,2.83,3.3,0.851768518269,0.00813735168845,0.996538203234,0.0594205632716,0.996538203254,0,0.758561797626,0.00765902196102
7.857,2.832,3.3,0.85202396234,0.00813861616277,0.996538203234,0.0593019697635,0.996538203254,0,0.759591180175,0.00782086070556
7.859,2.834,3.3,0.852279406411,0.00813988063709,0.996538203234,0.0591836009304,0.996538203254,0,0.760316706308,0.00792959352055
7.861,2.836,3.3,0.852534850482,0.0081411451114,0.996538203234,0.0590654804645,0.996538203254,0,0.760764734715,0.00799535880916
7.863,2.838,3.3,0.852790294553,0.00814240958572,0.996538203234,0.0589475704709,0.996538203254,0,0.761501075804,0.00804898902774
7.865,2.84,3.3,0.853045738625,0.00814367406003,0.996538203234,0.05882991186,0.996538203254,0,0.762344256887,0.00808851045776
7.867,2.842,3.3,0.853301182696,0.00814493853435,0.996538203234,0.0587124971933,0.996538203254,0,0.763029657941,0.00811392074533
7.869,2.844,3.3,0.853556626767,0.00814620300867,0.996538203234,0.0585953049684,0.996538203254,0,0.763522416083,0.00812780396283
7.871,2.846,3.3,0.853812070838,0.00814746748298,0.996538203234,0.0584783586419,0.996538203254,0,0.763812780705,0.00813142052938
7.873,2.848,3.3,0.854067514909,0.0081487319573,0.996538203234,0.0583616206955,0.996538203254,0,0.763800025634,0.00813976167444
7.875,2.85,3.3,0.85432295898,0.00814999643161,0.996538203234,0.058245131633,0.996538203254,0,0.76358188993,0.00814767694672
7.877,2.852,3.3,0.854578403051,0.00815126090593,0.996538203234,0.0581288840899,0.996538203254,0,0.763482156638,0.00815163574078
7.879,2.854,3.3,0.854833847122,0.00815252538024,0.996538203234,0.0580128567774,0.996538203254,0,0.763416259281,0.00815056792938
7.881,2.856,3.3,0.855089291193,0.00815378985456,0.996538203234,0.0578970729191,0.996538203254,0,0.763362729864,0.00814455520994
7.883,2.858,3.3,0.855407845514,0.00813729560423,0.996538203234,0.0577814953695,0.996538203254,0,0.763499864493,0.00814821315616
7.885,2.86,3.3,0.855731186572,0.00811945440384,0.996538203234,0.0576661642299,0.996538203254,0,0.763718397807,0.00815479929334
7.887,2.862,3.3,0.856054527631,0.00810161320344,0.996538203234,0.057551072209,0.996538203254,0,0.763909427874,0.0081579175311
7.889,2.864,3.3,0.856377868689,0.00808377200304,0.996538203234,0.0574361982295,0.996538203254,0,0.764045834073,0.00815630529449
7.891,2.866,3.3,0.856701209748,0.00806593080265,0.996538203234,0.0573215652842,0.996538203254,0,0.764124914523,0.00814998137844
7.893,2.868,3.3,0.857024550806,0.00804808960225,0.996538203234,0.0572071365969,0.996538203254,0,0.764354800987,0.00815348042121
7.895,2.87,3.3,0.857347891865,0.00803024840185,0.996538203234,0.0570929518703,0.996538203254,0,0.764629157187,0.0081600069531
7.897,2.872,3.3,0.857671232923,0.00801240720145,0.996538203234,0.0569790038853,0.996538203254,0,0.764857176565,0.00816312904439
7.899,2.874,3.3,0.857994573982,0.00799456600106,0.996538203234,0.0568652717745,0.996538203254,0,0.765019318707,0.00816155949345
7.901,2.876,3.3,0.85831791504,0.00797672480066,0.996538203234,0.0567517783019,0.996538203254,0,0.765115269053,0.00815530877764
7.903,2.878,3.3,0.858641256099,0.00795888360026,0.996538203234,0.056638487057,0.996538203254,0,0.765465091008,0.00815919059084
7.905,2.88,3.3,0.858964597157,0.00794104239986,0.996538203234,0.0565254373477,0.996538203254,0,0.765900007128,0.00816623422675
7.907,2.882,3.3,0.859287938216,0.00792320119947,0.996538203234,0.0564126220269,0.996538203254,0,0.766265800854,0.00816982692249
7.909,2.884,3.3,0.859611279274,0.00790535999907,0.996538203234,0.0563000204344,0.996538203254,0,0.766526156938,0.00816863071951
7.911,2.886,3.3,0.859934620333,0.00788751879867,0.996538203234,0.056187655108,0.996538203254,0,0.766679520676,0.00816265083982
7.913,2.888,3.3,0.860257961391,0.00786967759828,0.996538203234,0.0560754899991,0.996538203254,0,0.767073272038,0.00816677149779
7.915,2.89,3.3,0.86058130245,0.00785183639788,0.996538203234,0.0559635640249,0.996538203254,0,0.767542965972,0.00817403252549
7.917,2.892,3.3,0.860904643508,0.00783399519748,0.996538203234,0.0558518701092,0.996538203254,0,0.767931917088,0.00817781313268
7.919,2.894,3.3,0.861227984567,0.00781615399708,0.996538203234,0.0557403877975,0.996538203254,0,0.768208385319,0.00817678688544
7.921,2.896,3.3,0.861551325625,0.00779831279669,0.996538203234,0.0556291394032,0.996538203254,0,0.76837231056,0.00817096273694
7.923,2.898,3.3,0.861874666684,0.00778047159629,0.996538203234,0.0555180892363,0.996538203254,0,0.768908062406,0.00817580837514
7.925,2.9,3.3,0.862198007742,0.00776263039589,0.996538203234,0.0554072758271,0.996538203254,0,0.769566639678,0.00818401492646
7.927,2.902,3.3,0.862521348801,0.00774478919549,0.996538203234,0.0552966921697,0.996538203254,0,0.770153538741,0.00818878273797
7.929,2.904,3.3,0.862844689859,0.0077269479951,0.996538203234,0.0551863180127,0.996538203254,0,0.77057322967,0.00818850611937
7.931,2.906,3.3,0.863168030918,0.0077091067947,0.996538203234,0.0550761754482,0.996538203254,0,0.770814778404,0.00818314642492
7.933,2.908,3.3,0.863491371976,0.0076912655943,0.996538203234,0.0549662291405,0.996538203254,0,0.7711940787,0.0081871174641
7.935,2.91,3.3,0.863814713035,0.0076734243939,0.996538203234,0.0548565172371,0.996538203254,0,0.771607906072,0.00819393289406
7.937,2.912,3.3,0.864138054093,0.00765558319351,0.996538203234,0.0547470328018,0.996538203254,0,0.771936025442,0.00819730848223
7.939,2.914,3.3,0.864461395152,0.00763774199311,0.996538203234,0.0546377557845,0.996538203254,0,0.772168354971,0.0081960628561
7.941,2.916,3.3,0.86478473621,0.00761990079271,0.996538203234,0.0545287080574,0.996538203254,0,0.772308712627,0.00819022613356
7.943,2.918,3.3,0.865108077269,0.00760205959232,0.996538203234,0.0544198546365,0.996538203254,0,0.772577286502,0.0081434208961
7.945,2.92,3.3,0.865431418328,0.00758421839192,0.996538203234,0.0543112332897,0.996538203254,0,0.772906330711,0.00813132770314
7.947,2.922,3.3,0.865754759386,0.00756637719152,0.996538203234,0.05420283715,0.996538203254,0,0.773139351698,0.00804839092273
7.949,2.924,3.3,0.866078100445,0.00754853599112,0.996538203234,0.0540946463665,0.996538203254,0,0.773301972244,0.00798036783465
7.951,2.926,3.3,0.866401441503,0.00753069479073,0.996538203234,0.0539866825941,0.996538203254,0,0.773407114033,0.00795080251951
7.953,2.928,3.3,0.866724782562,0.00751285359033,0.996538203234,0.0538789111963,0.996538203254,0,0.773511524612,0.00761596734511
7.955,2.93,3.3,0.86704812362,0.00749501238993,0.996538203234,0.0537713695659,0.996538203254,0,0.773588041312,0.00714162679478
7.957,2.932,3.3,0.867371464679,0.00747717118953,0.996538203234,0.0536640509039,0.996538203254,0,0.773644888467,0.00673585609701
7.959,2.934,3.3,0.867694805737,0.00745932998914,0.996538203234,0.0535569355569,0.996538203254,0,0.77368493307,0.0064432534931
7.961,2.936,3.3,0.868018146796,0.00744148878874,0.996538203234,0.0534500449644,0.996538203254,0,0.773709726398,0.00626651902134
7.963,2.938,3.3,0.868341487854,0.00742364758834,0.996538203234,0.0533433448343,0.996538203254,0,0.774068393583,0.00627980466148
7.965,2.94,3.3,0.868664828913,0.00740580638795,0.996538203234,0.0532368721877,0.996538203254,0,0.774546509202,0.00637492782202
7.967,2.942,3.3,0.869013777405,0.00740048708656,0.996538203234,0.0531306202931,0.996538203254,0,0.77495850436,0.00647563964397
7.969,2.944,3.3,0.869376912455,0.0074021049367,0.996538203234,0.0530245696925,0.996538203254,0,0.775252344277,0.00654517876931
7.971,2.946,3.3,0.869740047505,0.00740372278684,0.996538203234,0.0529187416123,0.996538203254,0,0.775423697989,0.00657714861339
7.973,2.948,3.3,0.870103182554,0.00740534063697,0.996538203234,0.0528131021013,0.996538203254,0,0.775887358504,0.0067306619433
7.975,2.95,3.3,0.870466317604,0.00740695848711,0.996538203234,0.0527076878125,0.996538203254,0,0.776454034299,0.00694915033389
7.977,2.952,3.3,0.870829452654,0.00740857633725,0.996538203234,0.0526024920815,0.996538203254,0,0.776912362042,0.00709984511143
7.979,2.954,3.3,0.871192587704,0.00741019418738,0.996538203234,0.0524974956435,0.996538203254,0,0.777237280186,0.00720124552488
7.981,2.956,3.3,0.871555722754,0.00741181203752,0.996538203234,0.0523927195141,0.996538203254,0,0.777432432092,0.00726287386443
7.983,2.958,3.3,0.871918857804,0.00741342988766,0.996538203234,0.0522881300794,0.996538203254,0,0.777863345092,0.00731203709336
7.985,2.96,3.3,0.872281992854,0.00741504773779,0.996538203234,0.0521837636282,0.996538203254,0,0.778363333452,0.00734740853139
7.987,2.962,3.3,0.872645127904,0.00741666558793,0.996538203234,0.0520796135623,0.996538203254,0,0.778774800862,0.00736995491413
7.989,2.964,3.3,0.873008262954,0.00741828343807,0.996538203234,0.0519756608084,0.996538203254,0,0.779067115131,0.00738223046537
7.991,2.966,3.3,0.873371398004,0.0074199012882,0.996538203234,0.0518719261731,0.996538203254,0,0.779240895215,0.0073854788397
7.993,2.968,3.3,0.873734533054,0.00742151913834,0.996538203234,0.0517683763768,0.996538203254,0,0.779657367495,0.00739523417676
7.995,2.97,3.3,0.874097668104,0.00742313698848,0.996538203234,0.0516650473475,0.996538203254,0,0.780148221275,0.00740572180001
7.997,2.972,3.3,0.874460803154,0.00742475483861,0.996538203234,0.0515619325526,0.996538203254,0,0.780553606273,0.00741173872164
7.999,2.974,3.3,0.874823938204,0.00742637268875,0.996538203234,0.0514590131083,0.996538203254,0,0.7808416886,0.00741254982021
8.001,2.976,3.3,0.875187073254,0.00742799053889,0.996538203234,0.0513563096146,0.996538203254,0,0.781012694648,0.00740832417298
8.003,2.978,3.3,0.875550208304,0.00742960838902,0.996538203234,0.0512537891225,0.996538203254,0,0.781427274421,0.00741291719556
8.005,2.98,3.3,0.875913343354,0.00743122623916,0.996538203234,0.0511514872029,0.996538203254,0,0.781916917871,0.00742007300979
8.007,2.982,3.3,0.876276478404,0.0074328440893,0.996538203234,0.0510493973881,0.996538203254,0,0.782321490306,0.00742385559497
8.009,2.984,3.3,0.876639613454,0.00743446193943,0.996538203234,0.0509475009822,0.996538203254,0,0.782609006769,0.00742314371694
8.011,2.986,3.3,0.877002748504,0.00743607978957,0.996538203234,0.0508458183802,0.996538203254,0,0.782779643402,0.00741797281529
8.013,2.988,3.3,0.877365883554,0.00743769763971,0.996538203234,0.0507443169608,0.996538203254,0,0.783199991127,0.00742192973258
8.015,2.99,3.3,0.877729018604,0.00743931548984,0.996538203234,0.0506430319413,0.996538203254,0,0.783687795159,0.00742865411168
8.017,2.992,3.3,0.878092153654,0.00744093333998,0.996538203234,0.0505419569182,0.996538203254,0,0.784090828397,0.00743218721079
8.019,2.994,3.3,0.878455288704,0.00744255119012,0.996538203234,0.0504410733815,0.996538203254,0,0.784377273937,0.00743133723368
8.021,2.996,3.3,0.878818423754,0.00744416904025,0.996538203234,0.0503404015235,0.996538203254,0,0.784547208581,0.00742611591938
8.023,2.998,3.3,0.879181558804,0.00744578689039,0.996538203234,0.050239909047,0.996538203254,0,0.785130184781,0.00743072302913
8.025,3,3.3,0.879544693854,0.00744740474053,0.996538203234,0.0501396308194,0.996538203254,0,0.785881755866,0.00743854425422
8.027,3.002,3.3,0.879907828904,0.00744902259066,0.996538203234,0.0500395605008,0.996538203254,0,0.78646432092,0.0074428488171
8.029,3.004,3.3,0.880270963954,0.0074506404408,0.996538203234,0.0499396797651,0.996538203254,0,0.786875953861,0.00744249257942
8.031,3.006,3.3,0.880625047068,0.00744838445017,0.996538203234,0.049840008604,0.996538203254,0,0.787127135143,0.00743744135175
8.033,3.008,3.3,0.880955145858,0.0074358641953,0.996538203234,0.0497405150414,0.996538203254,0,0.787502965073,0.00744113662545
8.035,3.01,3.3,0.881285244648,0.00742334394044,0.996538203234,0.049641233598,0.996538203254,0,0.787903828194,0.00744742265822
8.037,3.012,3.3,0.881615343438,0.00741082368557,0.996538203234,0.0495421579969,0.996538203254,0,0.788214456884,0.00745043960652
8.039,3.014,3.3,0.881945442228,0.0073983034307,0.996538203234,0.0494432700943,0.996538203254,0,0.788433937023,0.00744908292741
8.041,3.016,3.3,0.882275541018,0.00738578317584,0.996538203234,0.049344589683,0.996538203254,0,0.788567883038,0.00744338427945
8.043,3.018,3.3,0.882605639808,0.00737326292097,0.996538203234,0.0492460851049,0.996538203254,0,0.788891066472,0.00744681637698
8.045,3.02,3.3,0.882935738598,0.0073607426661,0.996538203234,0.0491477905374,0.996538203254,0,0.789262874153,0.00745304577785
8.047,3.022,3.3,0.883265837388,0.00734822241124,0.996538203234,0.0490496997662,0.996538203254,0,0.789587579094,0.00745618221471
8.049,3.024,3.3,0.883595936178,0.00733570215637,0.996538203234,0.0489517948277,0.996538203254,0,0.789819418574,0.00745495419748
8.051,3.026,3.3,0.883926034968,0.00732318190151,0.996538203234,0.048854095318,0.996538203254,0,0.789953877865,0.00744935464117
8.053,3.028,3.3,0.884256133758,0.00731066164664,0.996538203234,0.0487565698937,0.996538203254,0,0.790338509007,0.00745307154863
8.055,3.03,3.3,0.884586232548,0.00729814139177,0.996538203234,0.0486592523924,0.996538203254,0,0.790805188457,0.00745970267375
8.057,3.032,3.3,0.884916331338,0.00728562113691,0.996538203234,0.0485621366616,0.996538203254,0,0.791193156557,0.00746311524425
8.059,3.034,3.3,0.885246430128,0.00727310088204,0.996538203234,0.0484652049164,0.996538203254,0,0.791469019457,0.00746211314152
8.061,3.036,3.3,0.885576528918,0.00726058062717,0.996538203234,0.048368476558,0.996538203254,0,0.791632315369,0.0074567096526
8.063,3.038,3.3,0.885906627708,0.00724806037231,0.996538203234,0.0482719205544,0.996538203254,0,0.792070271944,0.00746065019394
8.065,3.04,3.3,0.886236726498,0.00723554011744,0.996538203234,0.0481755704072,0.996538203254,0,0.792559603387,0.00746734807247
8.067,3.042,3.3,0.886566825288,0.00722301986257,0.996538203234,0.0480794200248,0.996538203254,0,0.79301360924,0.0074710522804
8.069,3.044,3.3,0.886896924078,0.00721049960771,0.996538203234,0.047983451799,0.996538203254,0,0.793340170074,0.00747030828503
8.071,3.046,3.3,0.887227022868,0.00719797935284,0.996538203234,0.0478876849385,0.996538203254,0,0.793522646034,0.00746505718229
8.073,3.048,3.3,0.887557121658,0.00718545909797,0.996538203234,0.0477920885158,0.996538203254,0,0.79327029563,0.00693667534617
8.075,3.05,3.3,0.887887220448,0.00717293884311,0.996538203234,0.0476966959431,0.996538203254,0,0.792883564598,0.00622720875256
8.077,3.052,3.3,0.888217319238,0.00716041858824,0.996538203234,0.0476015095064,0.996538203254,0,0.792280169661,0.00546772660852
8.079,3.054,3.3,0.888547418028,0.00714789833338,0.996538203234,0.0475064958234,0.996538203254,0,0.791829533991,0.00490724717005
8.081,3.056,3.3,0.888877516818,0.00713537807851,0.996538203234,0.047411675753,0.996538203254,0,0.791602996558,0.00459117578513
8.083,3.058,3.3,0.889207615608,0.00712285782364,0.996538203234,0.0473170262014,0.996538203254,0,0.792391527495,0.00485642702858
8.085,3.06,3.3,0.889537714398,0.00711033756878,0.996538203234,0.0472225820113,0.996538203254,0,0.793642024158,0.00545226056182
8.087,3.062,3.3,0.889867813188,0.00709781731391,0.996538203234,0.0471283336344,0.996538203254,0,0.794624507098,0.00584830933943
8.089,3.064,3.3,0.890197911977,0.00708529705904,0.996538203234,0.0470342638109,0.996538203254,0,0.795320534664,0.00612063141678
8.091,3.066,3.3,0.890528010767,0.00707277680418,0.996538203234,0.0469403913691,0.996538203254,0,0.795742547686,0.00629446458281
8.093,3.068,3.3,0.890858109557,0.00706025654931,0.996538203234,0.0468466861935,0.996538203254,0,0.796334028655,0.00641904592863
8.095,3.07,3.3,0.891188208347,0.00704773629444,0.996538203234,0.0467531807962,0.996538203254,0,0.796957263481,0.00650193688266
8.097,3.072,3.3,0.891518307137,0.00703521603958,0.996538203234,0.0466598692656,0.996538203254,0,0.797426096803,0.00655606189535
8.099,3.074,3.3,0.891848405927,0.00702269578471,0.996538203234,0.0465667345136,0.996538203254,0,0.797756769258,0.00659048533941
8.101,3.076,3.3,0.892178504717,0.00701017552984,0.996538203234,0.0464737951813,0.996538203254,0,0.797961222311,0.00660850921391
8.103,3.078,3.3,0.892508603507,0.00699765527498,0.996538203234,0.0463810214525,0.996538203254,0,0.798310775395,0.00662743819427
8.105,3.08,3.3,0.892838702297,0.00698513502011,0.996538203234,0.0462884455162,0.996538203254,0,0.798680228127,0.00664311274803
8.107,3.082,3.3,0.893168801087,0.00697261476525,0.996538203234,0.0461960615196,0.996538203254,0,0.798979738953,0.00665251724718
8.109,3.084,3.3,0.893498899877,0.00696009451038,0.996538203234,0.0461038525442,0.996538203254,0,0.7991926024,0.00665586005329
8.111,3.086,3.3,0.893828998667,0.00694757425551,0.996538203234,0.0460118370462,0.996538203254,0,0.799319831715,0.00665354949505
8.113,3.088,3.3,0.894159097457,0.00693505400065,0.996538203234,0.0459199855054,0.996538203254,0,0.799832230401,0.00665949554518
8.115,3.09,3.3,0.894489196247,0.00692253374578,0.996538203234,0.0458283297911,0.996538203254,0,0.800524097768,0.00666777876907
8.117,3.092,3.3,0.894819295037,0.00691001349091,0.996538203234,0.0457368641086,0.996538203254,0,0.801031818782,0.00667222087154
8.119,3.094,3.3,0.895149393827,0.00689749323605,0.996538203234,0.0456455717075,0.996538203254,0,0.801388981972,0.00667213847882
8.121,3.096,3.3,0.895479492617,0.00688497298118,0.996538203234,0.0455544708606,0.996538203254,0,0.801612356283,0.00666763939011
8.123,3.098,3.3,0.895809591407,0.00687245272631,0.996538203234,0.0454635323412,0.996538203254,0,0.801954725678,0.00667113619222
8.125,3.1,3.3,0.896139690197,0.00685993247145,0.996538203234,0.0453727877017,0.996538203254,0,0.802301677395,0.0066769110142
8.127,3.102,3.3,0.896469788987,0.00684741221658,0.996538203234,0.045282231205,0.996538203254,0,0.802602703735,0.00667979286316
8.129,3.104,3.3,0.896799887777,0.00683489196171,0.996538203234,0.0451918462673,0.996538203254,0,0.802818390509,0.00667866604387
8.131,3.106,3.3,0.897129986567,0.00682237170685,0.996538203234,0.0451016509798,0.996538203254,0,0.802942606127,0.00667350010401
8.133,3.108,3.3,0.897460085357,0.00680985145198,0.996538203234,0.0450116164061,0.996538203254,0,0.803455117469,0.00667741753363
8.135,3.11,3.3,0.897790184147,0.00679733119712,0.996538203234,0.0449217737851,0.996538203254,0,0.804093270269,0.00668414279895
8.137,3.112,3.3,0.898120282937,0.00678481094225,0.996538203234,0.0448321174368,0.996538203254,0,0.804671328615,0.00668800494108
8.139,3.114,3.3,0.898450381727,0.00677229068738,0.996538203234,0.0447426309422,0.996538203254,0,0.805086216299,0.00668761791752
8.141,3.116,3.3,0.898780480517,0.00675977043252,0.996538203234,0.0446533322125,0.996538203254,0,0.805323267407,0.00668290774951
8.143,3.118,3.3,0.899110579307,0.00674725017765,0.996538203234,0.0445641925992,0.996538203254,0,0.805689511952,0.00668618446905
8.145,3.12,3.3,0.899440678097,0.00673472992278,0.996538203234,0.0444752430306,0.996538203254,0,0.806086639152,0.00669187329041
8.147,3.122,3.3,0.899770776887,0.00672220966792,0.996538203234,0.044386477883,0.996538203254,0,0.806398280746,0.00669464021167
8.149,3.124,3.3,0.900100875677,0.00670968941305,0.996538203234,0.0442978809007,0.996538203254,0,0.806619033152,0.0066934876841
8.151,3.126,3.3,0.900373754491,0.00669609180876,0.996538203234,0.044209469817,0.996538203254,0,0.806752949544,0.00668841364521
8.153,3.128,3.3,0.900560624307,0.0066808748094,0.996538203234,0.044121216268,0.996538203254,0,0.807099411285,0.0066916066498
8.155,3.13,3.3,0.900747494122,0.00666565781005,0.996538203234,0.0440331508745,0.996538203254,0,0.807507576822,0.00669733026738
8.157,3.132,3.3,0.900934363938,0.00665044081069,0.996538203234,0.043945268069,0.996538203254,0,0.807854731556,0.00670023460288
8.159,3.134,3.3,0.901121233753,0.00663522381134,0.996538203234,0.0438575517572,0.996538203254,0,0.808102533592,0.00669921671101
8.161,3.136,3.3,0.901308103569,0.00662000681198,0.996538203234,0.043770019496,0.996538203254,0,0.808247743966,0.00669425065724
8.163,3.138,3.3,0.901494973384,0.00660478981262,0.996538203234,0.0436826432036,0.996538203254,0,0.808916776687,0.00669869685
8.165,3.14,3.3,0.9016818432,0.00658957281327,0.996538203234,0.0435954531965,0.996538203254,0,0.809755102302,0.00670607001955
8.167,3.142,3.3,0.901868713016,0.00657435581391,0.996538203234,0.0435084439624,0.996538203254,0,0.810545031097,0.00671071102515
8.169,3.144,3.3,0.902055582831,0.00655913881456,0.996538203234,0.043421599567,0.996538203254,0,0.811113820647,0.00671098386467
8.171,3.146,3.3,0.902242452647,0.0065439218152,0.996538203234,0.0433349373927,0.996538203254,0,0.811433908647,0.00670676304203
8.173,3.148,3.3,0.902429322462,0.00652870481584,0.996538203234,0.0432484296369,0.996538203254,0,0.811653723096,0.00670932673083
8.175,3.15,3.3,0.902616192278,0.00651348781649,0.996538203234,0.0431621063147,0.996538203254,0,0.811820194993,0.00671387605641
8.177,3.152,3.3,0.902803062093,0.00649827081713,0.996538203234,0.0430759619685,0.996538203254,0,0.811915906417,0.0067156518963
8.179,3.154,3.3,0.902989931909,0.00648305381778,0.996538203234,0.0429899808225,0.996538203254,0,0.811981241575,0.00671387886629
8.181,3.156,3.3,0.903176801724,0.00646783681842,0.996538203234,0.0429041800863,0.996538203254,0,0.812027527366,0.00670858556854
8.183,3.158,3.3,0.90336367154,0.00645261981906,0.996538203234,0.0428185322336,0.996538203254,0,0.812001365362,0.0067102067193
8.185,3.16,3.3,0.903550541355,0.00643740281971,0.996538203234,0.0427330669812,0.996538203254,0,0.811941287681,0.00671390514995
8.187,3.162,3.3,0.903737411171,0.00642218582035,0.996538203234,0.0426477789258,0.996538203254,0,0.811886147284,0.00671514938029
8.189,3.164,3.3,0.903924280986,0.006406968821,0.996538203234,0.0425626524483,0.996538203254,0,0.81184652472,0.00671303825061
8.191,3.166,3.3,0.904111150802,0.00639175182164,0.996538203234,0.0424777045874,0.996538203254,0,0.811824010785,0.00670755924809
8.193,3.168,3.3,0.904298020618,0.00637653482228,0.996538203234,0.0423929080902,0.996538203254,0,0.811758891281,0.00670911620829
8.195,3.17,3.3,0.904484890433,0.00636131782293,0.996538203234,0.0423082923783,0.996538203254,0,0.811667197873,0.00671278671973
8.197,3.172,3.3,0.904671760249,0.00634610082357,0.996538203234,0.0422238521019,0.996538203254,0,0.811590733415,0.00671404599
8.199,3.174,3.3,0.904858630064,0.00633088382421,0.996538203234,0.0421395717975,0.996538203254,0,0.811536274272,0.00671197678545
8.201,3.176,3.3,0.90504549988,0.00631566682486,0.996538203234,0.042055468334,0.996538203254,0,0.811504034966,0.00670656082716
8.203,3.178,3.3,0.905232369695,0.0063004498255,0.996538203234,0.0419715147298,0.996538203254,0,0.811725996336,0.00662822668803
8.205,3.18,3.3,0.905419239511,0.00628523282615,0.996538203234,0.0418877401137,0.996538203254,0,0.812115910892,0.00655685291107
8.207,3.182,3.3,0.905606109326,0.00627001582679,0.996538203234,0.0418041391894,0.996538203254,0,0.812346375087,0.00643867640062
8.209,3.184,3.3,0.905792979142,0.00625479882743,0.996538203234,0.0417206966468,0.996538203254,0,0.812504301015,0.00634776403311
8.211,3.186,3.3,0.905979848957,0.00623958182808,0.996538203234,0.0416374291873,0.996538203254,0,0.812614485828,0.00630002730584
8.213,3.188,3.3,0.906166718773,0.00622436482872,0.996538203234,0.0415543100975,0.996538203254,0,0.812623807858,0.00606216916868
8.215,3.19,3.3,0.906353588588,0.00620914782937,0.996538203234,0.0414713682167,0.996538203254,0,0.812528004982,0.00569395750782
8.217,3.192,3.3,0.906540458404,0.00619393083001,0.996538203234,0.041388598301,0.996538203254,0,0.812503564684,0.00545763005859
8.219,3.194,3.3,0.90672732822,0.00617871383065,0.996538203234,0.0413059851928,0.996538203254,0,0.81249186891,0.00529351128217
8.221,3.196,3.3,0.906914198035,0.0061634968313,0.996538203234,0.0412235454273,0.996538203254,0,0.812469602759,0.00517316008421
8.223,3.198,3.3,0.907101067851,0.00614827983194,0.996538203234,0.0411412525567,0.996538203254,0,0.812698493025,0.00524062015368
8.225,3.2,3.3,0.907287937666,0.00613306283259,0.996538203234,0.0410591351335,0.996538203254,0,0.813025667679,0.00539882462621
8.227,3.202,3.3,0.907474807482,0.00611784583323,0.996538203234,0.0409771879662,0.996538203254,0,0.813307345498,0.00554163536109
8.229,3.204,3.3,0.907661677297,0.00610262883387,0.996538203234,0.0408953960475,0.996538203254,0,0.813508636616,0.00564133896151
8.231,3.206,3.3,0.907848547113,0.00608741183452,0.996538203234,0.0408137757487,0.996538203254,0,0.81362598325,0.0056939576947
8.233,3.208,3.3,0.908035416928,0.00607219483516,0.996538203234,0.0407323008844,0.996538203254,0,0.814030713187,0.00574695881328
8.235,3.21,3.3,0.908222286744,0.00605697783581,0.996538203234,0.0406509997237,0.996538203254,0,0.81453102185,0.00579627776029
8.237,3.212,3.3,0.908409156559,0.00604176083645,0.996538203234,0.0405698671264,0.996538203254,0,0.814951747897,0.00582831676341
8.239,3.214,3.3,0.908596026375,0.00602654383709,0.996538203234,0.0404888882346,0.996538203254,0,0.815251752758,0.00584780642438
8.241,3.216,3.3,0.90878289619,0.00601132683774,0.996538203234,0.0404080792566,0.996538203254,0,0.815428392665,0.00585660440269
8.243,3.218,3.3,0.908969766006,0.00599610983838,0.996538203234,0.0403274142677,0.996538203254,0,0.815890547182,0.00586886161832
8.245,3.22,3.3,0.909156635822,0.00598089283902,0.996538203234,0.0402469212555,0.996538203254,0,0.816560014582,0.00588062405876
8.247,3.222,3.3,0.909343505637,0.00596567583967,0.996538203234,0.0401665951313,0.996538203254,0,0.816973680465,0.00588724408607
8.249,3.224,3.3,0.909530375453,0.00595045884031,0.996538203234,0.0400864211847,0.996538203254,0,0.817253942986,0.00588902385798
8.251,3.226,3.3,0.909717245268,0.00593524184096,0.996538203234,0.040006415463,0.996538203254,0,0.817458424275,0.0058863957054
8.253,3.228,3.3,0.909904115084,0.0059200248416,0.996538203234,0.039926552299,0.996538203254,0,0.817521674956,0.00588940187024
8.255,3.23,3.3,0.910090984899,0.00590480784224,0.996538203234,0.0398468594023,0.996538203254,0,0.817460580526,0.00589360128248
8.257,3.232,3.3,0.910293507349,0.00588115060118,0.996538203234,0.0397673317347,0.996538203254,0,0.817470443133,0.00589547506879
8.259,3.234,3.3,0.910506574042,0.00585180767428,0.996538203234,0.039687954732,0.996538203254,0,0.817481504819,0.00589402077338
8.261,3.236,3.3,0.910719640735,0.00582246474738,0.996538203234,0.039608744282,0.996538203254,0,0.817477206914,0.00588920009036
8.263,3.238,3.3,0.910932707428,0.00579312182047,0.996538203234,0.0395296749726,0.996538203254,0,0.817666092116,0.00589163180818
8.265,3.24,3.3,0.911145774121,0.00576377889357,0.996538203234,0.0394507742381,0.996538203254,0,0.817930920985,0.00589631250173
8.267,3.242,3.3,0.911358840813,0.00573443596666,0.996538203234,0.0393720370902,0.996538203254,0,0.818157805064,0.00589853904403
8.269,3.244,3.3,0.911571907506,0.00570509303976,0.996538203234,0.0392934491097,0.996538203254,0,0.818319863134,0.00589735952058
8.271,3.246,3.3,0.911784974199,0.00567575011286,0.996538203234,0.0392150260262,0.996538203254,0,0.818414543272,0.00589275211087
8.273,3.248,3.3,0.911998040892,0.00564640718595,0.996538203234,0.0391367426805,0.996538203254,0,0.818679499772,0.00589527239876
8.275,3.25,3.3,0.912211107585,0.00561706425905,0.996538203234,0.0390586262339,0.996538203254,0,0.818999027468,0.00589998230323
8.277,3.252,3.3,0.912424174278,0.00558772133215,0.996538203234,0.0389806717479,0.996538203254,0,0.819265801438,0.00590222755415
8.279,3.254,3.3,0.912637240971,0.00555837840524,0.996538203234,0.0389028649465,0.996538203254,0,0.819455901711,0.00590108737424
8.281,3.256,3.3,0.912850307664,0.00552903547834,0.996538203234,0.038825221403,0.996538203254,0,0.819568171137,0.00589654605854
8.283,3.258,3.3,0.913063374357,0.00549969255144,0.996538203234,0.0387477162082,0.996538203254,0,0.819848978282,0.00589910446104
8.285,3.26,3.3,0.91327644105,0.00547034962453,0.996538203234,0.0386703762537,0.996538203254,0,0.820181925316,0.00590384136505
8.287,3.262,3.3,0.913489507742,0.00544100669763,0.996538203234,0.0385931966497,0.996538203254,0,0.820457634776,0.00590613624217
8.289,3.264,3.3,0.913702574435,0.00541166377073,0.996538203234,0.0385161632623,0.996538203254,0,0.820653952069,0.0059050593462
8.291,3.266,3.3,0.913915641128,0.00538232084382,0.996538203234,0.0384392915101,0.996538203254,0,0.820770296747,0.00590059201756
8.293,3.268,3.3,0.914128707821,0.00535297791692,0.996538203234,0.0383625567313,0.996538203254,0,0.82109216477,0.00590332118224
8.295,3.27,3.3,0.914341774514,0.00532363499002,0.996538203234,0.0382859855502,0.996538203254,0,0.82146230921,0.00590822708127
8.297,3.272,3.3,0.914554841207,0.00529429206311,0.996538203234,0.0382095731258,0.996538203254,0,0.82179669389,0.00591074567274
8.299,3.274,3.3,0.9147679079,0.00526494913621,0.996538203234,0.0381333054646,0.996538203254,0,0.822036652749,0.00590985953457
8.301,3.276,3.3,0.914980974593,0.00523560620931,0.996538203234,0.0380571978318,0.996538203254,0,0.822173856983,0.0059055311831
8.303,3.278,3.3,0.915194041286,0.0052062632824,0.996538203234,0.037981225811,0.996538203254,0,0.822620665491,0.00590865979789
8.305,3.28,3.3,0.915407107979,0.0051769203555,0.996538203234,0.0379054157617,0.996538203254,0,0.823147497511,0.00591402946122
8.307,3.282,3.3,0.915620174671,0.0051475774286,0.996538203234,0.037829762891,0.996538203254,0,0.823617083541,0.0059169820345
8.309,3.284,3.3,0.915833241364,0.00511823450169,0.996538203234,0.0377542533444,0.996538203254,0,0.823954811961,0.00591643732194
8.311,3.286,3.3,0.916046308057,0.00508889157479,0.996538203234,0.0376789022356,0.996538203254,0,0.824145926636,0.00591233359298
8.313,3.288,3.3,0.91625937475,0.00505954864789,0.996538203234,0.0376036853908,0.996538203254,0,0.824366845725,0.00591471375447
8.315,3.29,3.3,0.916472441443,0.00503020572098,0.996538203234,0.0375286289074,0.996538203254,0,0.824636114394,0.00591920936454
8.317,3.292,3.3,0.916685508136,0.00500086279408,0.996538203234,0.0374537280403,0.996538203254,0,0.824724103283,0.00592088348679
8.319,3.294,3.3,0.916898574829,0.00497151986718,0.996538203234,0.0373789690726,0.996538203254,0,0.824777765294,0.0059192669216
8.321,3.296,3.3,0.917111641522,0.00494217694027,0.996538203234,0.0373043669679,0.996538203254,0,0.824833724376,0.00591448500211
8.323,3.298,3.3,0.917324708215,0.00491283401337,0.996538203234,0.0372298977924,0.996538203254,0,0.82501663308,0.00591667381661
8.325,3.3,3.3,0.917537774908,0.00488349108647,0.996538203234,0.0371555873844,0.996538203254,0,0.825228574709,0.00592095523307
8.327,3.302,3.3,0.917750841601,0.00485414815956,0.996538203234,0.0370814310457,0.996538203254,0,0.825420488616,0.00592291232265
8.329,3.304,3.3,0.917963908293,0.00482480523266,0.996538203234,0.0370074151961,0.996538203254,0,0.825558236006,0.00592156532334
8.331,3.306,3.3,0.918176974986,0.00479546230576,0.996538203234,0.0369335546501,0.996538203254,0,0.825636924372,0.00591687982564
8.333,3.308,3.3,0.918390041679,0.00476611937885,0.996538203234,0.0368598257121,0.996538203254,0,0.825884118137,0.00591933993598
8.335,3.31,3.3,0.918603108372,0.00473677645195,0.996538203234,0.0367862539633,0.996538203254,0,0.826185706771,0.00592402661457
8.337,3.312,3.3,0.918816175065,0.00470743352504,0.996538203234,0.0367128347524,0.996538203254,0,0.826440382564,0.00592625950892
8.339,3.314,3.3,0.919029241758,0.00467809059814,0.996538203234,0.0366395546341,0.996538203254,0,0.826622105946,0.00592513063889
8.341,3.316,3.3,0.919242308451,0.00464874767124,0.996538203234,0.0365664282756,0.996538203254,0,0.826728772618,0.00592062782396
8.343,3.318,3.3,0.919455375144,0.00461940474433,0.996538203234,0.0364934322169,0.996538203254,0,0.827007649113,0.00592313470879
8.345,3.32,3.3,0.919668441837,0.00459006181743,0.996538203234,0.0364205917849,0.996538203254,0,0.827340780776,0.00592778902801
8.347,3.322,3.3,0.91988150853,0.00456071889053,0.996538203234,0.0363479023746,0.996538203254,0,0.827617102051,0.00593002639087
8.349,3.324,3.3,0.920094575222,0.00453137596362,0.996538203234,0.0362753506742,0.996538203254,0,0.827813885646,0.00592892916567
8.351,3.326,3.3,0.920307641915,0.00450203303672,0.996538203234,0.0362029512053,0.996538203254,0,0.827930424279,0.00592447934984
8.353,3.328,3.3,0.920520708608,0.00447269010982,0.996538203234,0.036130680741,0.996538203254,0,0.828215971157,0.00592705236559
8.355,3.33,3.3,0.920733775301,0.00444334718291,0.996538203234,0.0360585643564,0.996538203254,0,0.828553322217,0.00593178279703
8.357,3.332,3.3,0.920946841994,0.00441400425601,0.996538203234,0.0359865974924,0.996538203254,0,0.828832453048,0.00593410193443
8.359,3.334,3.3,0.921159908687,0.00438466132911,0.996538203234,0.0359147669693,0.996538203254,0,0.82903119144,0.0059330898574
8.361,3.336,3.3,0.92137297538,0.0043553184022,0.996538203234,0.0358430871646,0.996538203254,0,0.829149011441,0.00592872779145
8.363,3.338,3.3,0.921586042073,0.0043259754753,0.996538203234,0.035771535082,0.996538203254,0,0.829216192288,0.00569869206631
8.365,3.34,3.3,0.921799108766,0.0042966325484,0.996538203234,0.0357001355477,0.996538203254,0,0.829264594107,0.00539623380632
8.367,3.342,3.3,0.922012175459,0.00426728962149,0.996538203234,0.0356288840476,0.996538203254,0,0.829268617687,0.00510625128241
8.369,3.344,3.3,0.922223285324,0.00427050390861,0.996538203234,0.0355577675333,0.996538203254,0,0.82926907358,0.00489459926937
8.371,3.346,3.3,0.922433524232,0.00428820897887,0.996538203234,0.0354868002391,0.996538203254,0,0.829275817213,0.00477225294208
8.373,3.348,3.3,0.92264376314,0.00430591404913,0.996538203234,0.0354159587496,0.996538203254,0,0.829742512222,0.0047320105609
8.375,3.35,3.3,0.922854002048,0.00432361911939,0.996538203234,0.0353452693422,0.996538203254,0,0.830299007557,0.00467624262449
8.377,3.352,3.3,0.923064240956,0.00434132418965,0.996538203234,0.0352747324916,0.996538203254,0,0.830941757845,0.00474842451933
8.379,3.354,3.3,0.923274479863,0.0043590292599,0.996538203234,0.0352043242041,0.996538203254,0,0.831416239064,0.00480487852006
8.381,3.356,3.3,0.923484718771,0.00437673433016,0.996538203234,0.035134057933,0.996538203254,0,0.831674299681,0.00481564791983
8.383,3.358,3.3,0.923694957679,0.00439443940042,0.996538203234,0.0350639180156,0.996538203254,0,0.831795648003,0.0048683727271
8.385,3.36,3.3,0.923905196587,0.00441214447068,0.996538203234,0.0349939308761,0.996538203254,0,0.831791456883,0.00494567650874
8.387,3.362,3.3,0.924115435495,0.00442984954094,0.996538203234,0.0349240888425,0.996538203254,0,0.831839783028,0.00499628877048
8.389,3.364,3.3,0.924325674403,0.00444755461119,0.996538203234,0.0348543791244,0.996538203254,0,0.831878017635,0.00502896561099
8.391,3.366,3.3,0.924535913311,0.00446525968145,0.996538203234,0.0347848156746,0.996538203254,0,0.83189134675,0.00504680625904
8.393,3.368,3.3,0.924746152218,0.00448296475171,0.996538203234,0.0347153761761,0.996538203254,0,0.832093699085,0.00506406822155
8.395,3.37,3.3,0.924956391126,0.00450066982197,0.996538203234,0.0346460847217,0.996538203254,0,0.832367837107,0.00507783572503
8.397,3.372,3.3,0.925166630034,0.00451837489223,0.996538203234,0.0345769369308,0.996538203254,0,0.83260149336,0.00508617117064
8.399,3.374,3.3,0.925376868942,0.00453607996248,0.996538203234,0.0345079201403,0.996538203254,0,0.832768674545,0.00508946034219
8.401,3.376,3.3,0.92558710785,0.00455378503274,0.996538203234,0.0344390481641,0.996538203254,0,0.832866528068,0.0050880680742
8.403,3.378,3.3,0.925797346758,0.004571490103,0.996538203234,0.034370298907,0.996538203254,0,0.833132114081,0.00509231383844
8.405,3.38,3.3,0.926007585665,0.00458919517326,0.996538203234,0.0343016962226,0.996538203254,0,0.833450874752,0.00509784303153
8.407,3.382,3.3,0.926217824573,0.00460690024352,0.996538203234,0.0342332357736,0.996538203254,0,0.833717978724,0.00510069220213
8.409,3.384,3.3,0.926428063481,0.00462460531377,0.996538203234,0.0341649050228,0.996538203254,0,0.833908768635,0.0051001883526
8.411,3.386,3.3,0.926638302389,0.00464231038403,0.996538203234,0.0340967176468,0.996538203254,0,0.834021240314,0.00509634708163
8.413,3.388,3.3,0.926848541297,0.00466001545429,0.996538203234,0.0340286517701,0.996538203254,0,0.834304709577,0.00509890182206
8.415,3.39,3.3,0.927058780205,0.00467772052455,0.996538203234,0.0339607310091,0.996538203254,0,0.834640836673,0.00510334461878
8.417,3.392,3.3,0.927269019113,0.00469542559481,0.996538203234,0.0338929510696,0.996538203254,0,0.83491950437,0.00510549967916
8.419,3.394,3.3,0.92747925802,0.00471313066506,0.996538203234,0.0338252995391,0.996538203254,0,0.835118339939,0.0051045394991
8.421,3.396,3.3,0.927689496928,0.00473083573532,0.996538203234,0.0337577899583,0.996538203254,0,0.835236085543,0.00510042918108
8.423,3.398,3.3,0.927899735836,0.00474854080558,0.996538203234,0.0336904006691,0.996538203254,0,0.835537849838,0.00510285904738
8.425,3.4,3.3,0.928109974744,0.00476624587584,0.996538203234,0.033623155053,0.996538203254,0,0.835878804679,0.00510724170363
8.427,3.402,3.3,0.928320213652,0.0047839509461,0.996538203234,0.0335560488587,0.996538203254,0,0.836182759409,0.00510942863307
8.429,3.404,3.3,0.92853045256,0.00480165601635,0.996538203234,0.033489069797,0.996538203254,0,0.836402247285,0.00510852291768
8.431,3.406,3.3,0.928740691468,0.00481936108661,0.996538203234,0.0334222312739,0.996538203254,0,0.836525747451,0.00510446294518
8.433,3.408,3.3,0.928950930375,0.00483706615687,0.996538203234,0.0333555118467,0.996538203254,0,0.836945272187,0.00510717647918
8.435,3.41,3.3,0.929161169283,0.00485477122713,0.996538203234,0.0332889346645,0.996538203254,0,0.83746402848,0.00511197087499
8.437,3.412,3.3,0.929371408191,0.00487247629739,0.996538203234,0.0332224955183,0.996538203254,0,0.837898234892,0.00511448375194
8.439,3.414,3.3,0.929581647099,0.00489018136764,0.996538203234,0.0331561822409,0.996538203254,0,0.838208347593,0.00511383090218
8.441,3.416,3.3,0.929791886007,0.0049078864379,0.996538203234,0.0330900081051,0.996538203254,0,0.838391252279,0.00510996616534
8.443,3.418,3.3,0.930002124915,0.00492559150816,0.996538203234,0.0330239518814,0.996538203254,0,0.838757057418,0.00511248958961
8.445,3.42,3.3,0.930212363822,0.00494329657842,0.996538203234,0.0329580364888,0.996538203254,0,0.839288993519,0.00511728930947
8.447,3.422,3.3,0.93042260273,0.00496100164868,0.996538203234,0.03289225776,0.996538203254,0,0.839551832678,0.00511927048667
8.449,3.424,3.3,0.930632841638,0.00497870671893,0.996538203234,0.0328266036488,0.996538203254,0,0.83972646665,0.00511822268262
8.451,3.426,3.3,0.930843080546,0.00499641178919,0.996538203234,0.0327610872963,0.996538203254,0,0.839861910258,0.00511425761427
8.453,3.428,3.3,0.931053319454,0.00501411685945,0.996538203234,0.0326956876836,0.996538203254,0,0.840068784746,0.00511629272276
8.455,3.43,3.3,0.931263558362,0.00503182192971,0.996538203234,0.0326304275022,0.996538203254,0,0.840363666188,0.00512035541265
8.457,3.432,3.3,0.93147379727,0.00504952699996,0.996538203234,0.0325653026262,0.996538203254,0,0.840536187672,0.00512205600327
8.459,3.434,3.3,0.931684036177,0.00506723207022,0.996538203234,0.0325003011291,0.996538203254,0,0.840646985866,0.00512083355576
8.461,3.436,3.3,0.931894275085,0.00508493714048,0.996538203234,0.0324354360212,0.996538203254,0,0.840743119043,0.00511679559809
8.463,3.438,3.3,0.932104513993,0.00510264221074,0.996538203234,0.0323706864929,0.996538203254,0,0.841081553634,0.00511920668041
8.465,3.44,3.3,0.932314752901,0.005120347281,0.996538203234,0.0323060750098,0.996538203254,0,0.84141214187,0.0051233390223
8.467,3.442,3.3,0.932478884385,0.00511104759418,0.996538203234,0.0322415974871,0.996538203254,0,0.841902505937,0.00512597243138
8.469,3.444,3.3,0.932638316215,0.00509899535635,0.996538203234,0.0321772421169,0.996538203254,0,0.842267969929,0.00512552290084
8.471,3.446,3.3,0.932797748045,0.00508694311852,0.996538203234,0.0321130217803,0.996538203254,0,0.842445731785,0.00512176933575
8.473,3.448,3.3,0.932957179875,0.0050748908807,0.996538203234,0.0320489158743,0.996538203254,0,0.842204709309,0.00512243692074
8.475,3.45,3.3,0.933116611705,0.00506283864287,0.996538203234,0.0319849466413,0.996538203254,0,0.841636844864,0.00512386382078
8.477,3.452,3.3,0.933276043534,0.00505078640504,0.996538203234,0.0319211100372,0.996538203254,0,0.841370898418,0.00512422610357
8.479,3.454,3.3,0.933435475364,0.00503873416722,0.996538203234,0.0318573943713,0.996538203254,0,0.841195980171,0.0051221768788
8.481,3.456,3.3,0.933594907194,0.00502668192939,0.996538203234,0.0317938123967,0.996538203254,0,0.841055571955,0.00511751648857
8.483,3.458,3.3,0.933754339024,0.00501462969156,0.996538203234,0.0317303437153,0.996538203254,0,0.841293555373,0.00511960444058
8.485,3.46,3.3,0.933913770854,0.00500257745374,0.996538203234,0.0316670103484,0.996538203254,0,0.841810164824,0.00512423793958
8.487,3.462,3.3,0.934073202683,0.00499052521591,0.996538203234,0.0316038082919,0.996538203254,0,0.842129163866,0.00512634519646
8.489,3.464,3.3,0.934232634513,0.00497847297808,0.996538203234,0.0315407259716,0.996538203254,0,0.84234087667,0.00512547292513
8.491,3.466,3.3,0.934392066343,0.00496642074026,0.996538203234,0.0314777760136,0.996538203254,0,0.842505703192,0.00512176973065
8.493,3.468,3.3,0.934551498173,0.00495436850243,0.996538203234,0.0314149382227,0.996538203254,0,0.842980732373,0.00512454699058
8.495,3.47,3.3,0.934710930002,0.0049423162646,0.996538203234,0.0313522344011,0.996538203254,0,0.843428584498,0.00512893567371
8.497,3.472,3.3,0.934870361832,0.00493026402678,0.996538203234,0.0312896605849,0.996538203254,0,0.844064838281,0.00513196822239
8.499,3.474,3.3,0.935029793662,0.00491821178895,0.996538203234,0.0312272053145,0.996538203254,0,0.844537942538,0.00513188410941
8.501,3.476,3.3,0.935189225492,0.00490615955113,0.996538203234,0.0311648810908,0.996538203254,0,0.844770650272,0.0051284204392
8.503,3.478,3.3,0.935348657322,0.0048941073133,0.996538203234,0.0311026679191,0.996538203254,0,0.844607360044,0.00512927871258
8.505,3.48,3.3,0.935508089151,0.00488205507547,0.996538203234,0.0310405873852,0.996538203254,0,0.844126722834,0.0051308736957
8.507,3.482,3.3,0.935667520981,0.00487000283765,0.996538203234,0.0309786355643,0.996538203254,0,0.843918619606,0.00513137429755
8.509,3.484,3.3,0.935826952811,0.00485795059982,0.996538203234,0.0309168011109,0.996538203254,0,0.84378392525,0.00512949007206
8.511,3.486,3.3,0.935986384641,0.00484589836199,0.996538203234,0.0308550964015,0.996538203254,0,0.843669938518,0.0051250337017
8.513,3.488,3.3,0.93614581647,0.00483384612417,0.996538203234,0.0307935016404,0.996538203254,0,0.843924946368,0.00512713132226
8.515,3.49,3.3,0.9363052483,0.00482179388634,0.996538203234,0.0307320381985,0.996538203254,0,0.8444516063,0.00513170283125
8.517,3.492,3.3,0.93646468013,0.00480974164851,0.996538203234,0.0306707021901,0.996538203254,0,0.844777169822,0.00513379508079
8.519,3.494,3.3,0.93662411196,0.00479768941069,0.996538203234,0.0306094823827,0.996538203254,0,0.844993444888,0.00513298049734
8.521,3.496,3.3,0.93678354379,0.00478563717286,0.996538203234,0.0305483910296,0.996538203254,0,0.845161274914,0.00512940989613
8.523,3.498,3.3,0.936942975619,0.00477358493503,0.996538203234,0.0304874085317,0.996538203254,0,0.845501374823,0.00513174588953
8.525,3.5,3.3,0.937102407449,0.00476153269721,0.996538203234,0.0304265560479,0.996538203254,0,0.845780266788,0.00513554227617
8.527,3.502,3.3,0.937261839279,0.00474948045938,0.996538203234,0.0303658297308,0.996538203254,0,0.846225243989,0.00513797281368
8.529,3.504,3.3,0.937421271109,0.00473742822155,0.996538203234,0.0303052184596,0.996538203254,0,0.846558177006,0.00513751623425
8.531,3.506,3.3,0.937580702939,0.00472537598373,0.996538203234,0.0302447343659,0.996538203254,0,0.846717038193,0.00513395584028
8.533,3.508,3.3,0.937740134768,0.0047133237459,0.996538203234,0.0301843580454,0.996538203254,0,0.846784121725,0.00513546429924
8.535,3.51,3.3,0.937899566598,0.00470127150807,0.996538203234,0.0301241104465,0.996538203254,0,0.846601131796,0.005137859012
8.537,3.512,3.3,0.938058998428,0.00468921927025,0.996538203234,0.0300639877603,0.996538203254,0,0.846738041893,0.00513935985077
8.539,3.514,3.3,0.938218430258,0.00467716703242,0.996538203234,0.0300039789764,0.996538203254,0,0.846856639955,0.00513827816738
8.541,3.516,3.3,0.938377862087,0.0046651147946,0.996538203234,0.0299440961058,0.996538203254,0,0.846874984404,0.00513433941229
8.543,3.518,3.3,0.938537293917,0.00465306255677,0.996538203234,0.0298843194352,0.996538203254,0,0.846277885773,0.00458977852175
8.545,3.52,3.3,0.938696725747,0.00464101031894,0.996538203234,0.0298246710436,0.996538203254,0,0.845178930364,0.00363159819995
8.547,3.522,3.3,0.938856157577,0.00462895808112,0.996538203234,0.0297651448586,0.996538203254,0,0.844460781663,0.0030183580416
8.549,3.524,3.3,0.939015589407,0.00461690584329,0.996538203234,0.0297057358698,0.996538203254,0,0.843998292372,0.0026162110948
8.551,3.526,3.3,0.939175021236,0.00460485360546,0.996538203234,0.0296464468893,0.996538203254,0,0.843613787447,0.00229259042089
8.553,3.528,3.3,0.939334453066,0.00459280136764,0.996538203234,0.0295872637554,0.996538203254,0,0.844351454464,0.00253475096027
8.555,3.53,3.3,0.939493884896,0.00458074912981,0.996538203234,0.029528208152,0.996538203254,0,0.845635641461,0.00311460243494
8.557,3.532,3.3,0.939653316726,0.00456869689198,0.996538203234,0.0294692791673,0.996538203254,0,0.846668163772,0.00349620544529
8.559,3.534,3.3,0.939812748555,0.00455664465416,0.996538203234,0.0294104566489,0.996538203254,0,0.847415434334,0.00376446892466
8.561,3.536,3.3,0.939972180385,0.00454459241633,0.996538203234,0.0293517561808,0.996538203254,0,0.847866281937,0.00393829714706
8.563,3.538,3.3,0.940131612215,0.0045325401785,0.996538203234,0.0292931611022,0.996538203254,0,0.84810294501,0.00405877212479
8.565,3.54,3.3,0.940291044045,0.00452048794068,0.996538203234,0.029234692316,0.996538203254,0,0.847998182445,0.00413570983991
8.567,3.542,3.3,0.940450475875,0.00450843570285,0.996538203234,0.0291763447597,0.996538203254,0,0.848184238399,0.00418671471695
8.569,3.544,3.3,0.940609907704,0.00449638346502,0.996538203234,0.0291181077427,0.996538203254,0,0.848337930307,0.00422013759197
8.571,3.546,3.3,0.940769339534,0.0044843312272,0.996538203234,0.0290599929214,0.996538203254,0,0.848378979531,0.00423893349942
8.573,3.548,3.3,0.940928771364,0.00447227898937,0.996538203234,0.0290019816517,0.996538203254,0,0.848630758074,0.00425606376702
8.575,3.55,3.3,0.941088203194,0.00446022675155,0.996538203234,0.0289440940561,0.996538203254,0,0.849018622276,0.00426949388493
8.577,3.552,3.3,0.941247635024,0.00444817451372,0.996538203234,0.0288863264853,0.996538203254,0,0.849242886508,0.00427750558925
8.579,3.554,3.3,0.941407066853,0.00443612227589,0.996538203234,0.0288286683551,0.996538203253,0,0.849395701251,0.00428096851562
8.581,3.556,3.3,0.941566498683,0.00442407003807,0.996538203234,0.0287711312059,0.996538203253,0,0.849503803255,0.00428032222421
8.583,3.558,3.3,0.941725930513,0.00441201780024,0.996538203234,0.0287136965789,0.996538203253,0,0.849836329086,0.00428438257
8.585,3.56,3.3,0.941885362343,0.00439996556241,0.996538203234,0.0286563843968,0.996538203253,0,0.850177523602,0.00428929901463
8.587,3.562,3.3,0.942044794172,0.00438791332459,0.996538203234,0.0285991910465,0.996538203253,0,0.850593999381,0.00429220472325
8.589,3.564,3.3,0.942204226002,0.00437586108676,0.996538203234,0.0285421060487,0.996538203253,0,0.850901665704,0.00429218839818
8.591,3.566,3.3,0.942363657832,0.00436380884893,0.996538203234,0.0284851408295,0.996538203253,0,0.851059268455,0.00428916153988
8.593,3.568,3.3,0.942523089662,0.00435175661111,0.996538203234,0.0284282771134,0.996538203253,0,0.851066912424,0.00429067730785
8.595,3.57,3.3,0.942682521492,0.00433970437328,0.996538203234,0.028371534625,0.996538203253,0,0.85067391951,0.00429264808744
8.597,3.572,3.3,0.942841953321,0.00432765213545,0.996538203234,0.0283149097871,0.996538203253,0,0.850813433834,0.00429412211593
8.599,3.574,3.3,0.943001385151,0.00431559989763,0.996538203234,0.0282583922249,0.996538203253,0,0.850948518991,0.0042931798783
8.601,3.576,3.3,0.943160816981,0.0043035476598,0.996538203234,0.0282019932505,0.996538203253,0,0.850943447372,0.00428945306842
8.603,3.578,3.3,0.943313970314,0.00429566825706,0.996538203234,0.0281456947703,0.996538203253,0,0.850951954198,0.00429073234351
8.605,3.58,3.3,0.943454743906,0.00429601671785,0.996538203234,0.0280895163128,0.996538203253,0,0.850921265822,0.00429343189586
8.607,3.582,3.3,0.943595517498,0.00429636517865,0.996538203234,0.0280334543363,0.996538203253,0,0.850859569404,0.00429430225414
8.609,3.584,3.3,0.94373629109,0.00429671363944,0.996538203234,0.0279774985691,0.996538203253,0,0.850827155054,0.0042928916592
8.611,3.586,3.3,0.943877064682,0.00429706210024,0.996538203234,0.027921660211,0.996538203253,0,0.850780019986,0.00428905597174
8.613,3.588,3.3,0.944017838274,0.00429741056103,0.996538203234,0.0278659213482,0.996538203253,0,0.851168304335,0.00429123402301
8.615,3.59,3.3,0.944158611866,0.00429775902183,0.996538203234,0.027810301315,0.996538203253,0,0.851739822084,0.00429536938001
8.617,3.592,3.3,0.944299385458,0.00429810748263,0.996538203234,0.027754796605,0.996538203253,0,0.852231512201,0.00429759099585
8.619,3.594,3.3,0.94444015905,0.00429845594342,0.996538203234,0.0276993970485,0.996538203253,0,0.852584125953,0.00429714235092
8.621,3.596,3.3,0.944580932642,0.00429880440422,0.996538203234,0.027644113734,0.996538203253,0,0.852789376587,0.00429396185137
8.623,3.598,3.3,0.944721706234,0.00429915286501,0.996538203234,0.0275889289258,0.996538203253,0,0.853063874733,0.00429584450096
8.625,3.6,3.3,0.944862479826,0.00429950132581,0.996538203234,0.0275338617661,0.996538203253,0,0.853111761764,0.00429866413368
8.627,3.602,3.3,0.945003253418,0.0042998497866,0.996538203234,0.0274789087832,0.996538203253,0,0.853478011396,0.00430056248603
8.629,3.604,3.3,0.94514402701,0.0043001982474,0.996538203234,0.0274240599086,0.996538203253,0,0.853764519772,0.00429996068254
8.631,3.606,3.3,0.945284800602,0.00430054670819,0.996538203234,0.0273693261206,0.996538203253,0,0.853874298913,0.0042965805854
8.633,3.608,3.3,0.945425574194,0.00430089516899,0.996538203234,0.0273146898596,0.996538203253,0,0.853787478432,0.00429755654518
8.635,3.61,3.3,0.945566347786,0.00430124362978,0.996538203234,0.0272601700776,0.996538203253,0,0.853421493333,0.00429932401493
8.637,3.612,3.3,0.945707121378,0.00430159209058,0.996538203234,0.0272057633376,0.996538203253,0,0.853225290002,0.00429982046093
8.639,3.614,3.3,0.94584789497,0.00430194055138,0.996538203234,0.027151459671,0.996538203253,0,0.853119433764,0.00429826031036
8.641,3.616,3.3,0.945988668562,0.00430228901217,0.996538203234,0.027097269947,0.996538203253,0,0.852974550703,0.00429428676306
8.643,3.618,3.3,0.946129442154,0.00430263747297,0.996538203234,0.0270431767806,0.996538203253,0,0.853086933345,0.00429574325304
8.645,3.62,3.3,0.946270215746,0.00430298593376,0.996538203234,0.0269891989354,0.996538203253,0,0.853508868854,0.0042994304662
8.647,3.622,3.3,0.946410989339,0.00430333439456,0.996538203234,0.0269353330085,0.996538203253,0,0.853531501196,0.00430045825878
8.649,3.624,3.3,0.946551762931,0.00430368285535,0.996538203234,0.0268815691304,0.996538203253,0,0.853522824675,0.00429915171976
8.651,3.626,3.3,0.946692536523,0.00430403131615,0.996538203234,0.0268279180623,0.996538203253,0,0.853577283738,0.00429570626437
8.653,3.628,3.3,0.946833310115,0.00430437977694,0.996538203234,0.026774362592,0.996538203253,0,0.853904789299,0.00429768218214
8.655,3.63,3.3,0.946974083707,0.00430472823774,0.996538203234,0.0267209212966,0.996538203253,0,0.854639520739,0.0043021188062
8.657,3.632,3.3,0.947114857299,0.00430507669853,0.996538203233,0.026667590807,0.996538203253,0,0.854792758144,0.00430345810801
8.659,3.634,3.3,0.947255630891,0.00430542515933,0.996538203233,0.0266143613518,0.996538203253,0,0.854867539113,0.00430236916221
8.661,3.636,3.3,0.947396404483,0.00430577362013,0.996538203233,0.0265612435853,0.996538203253,0,0.854994960746,0.00429913945635
8.663,3.638,3.3,0.947537178075,0.00430612208092,0.996538203233,0.0265082204664,0.996538203253,0,0.855523741257,0.00430160351984
8.665,3.64,3.3,0.947677951667,0.00430647054172,0.996538203233,0.0264553103874,0.996538203253,0,0.856464843534,0.00430652747286
8.667,3.642,3.3,0.947818725259,0.00430681900251,0.996538203233,0.0264025100127,0.996538203253,0,0.857059599908,0.00430895274517
8.669,3.644,3.3,0.947959498851,0.00430716746331,0.996538203233,0.0263498096682,0.996538203253,0,0.857435200933,0.00430862262172
8.671,3.646,3.3,0.948100272443,0.0043075159241,0.996538203233,0.0262972199022,0.996538203253,0,0.857775507653,0.0043059568208
8.673,3.648,3.3,0.948241046035,0.0043078643849,0.996538203233,0.0262447238429,0.996538203253,0,0.85786548894,0.00430732292866
8.675,3.65,3.3,0.948381819627,0.00430821284569,0.996538203233,0.0261923396999,0.996538203253,0,0.857539879586,0.00430908121177
8.677,3.652,3.3,0.948522593219,0.00430856130649,0.996538203233,0.0261400641708,0.996538203253,0,0.857707876696,0.00431043994264
8.679,3.654,3.3,0.948663366811,0.00430890976728,0.996538203233,0.0260878876775,0.996538203253,0,0.857861206066,0.0043095722393
8.681,3.656,3.3,0.948804140403,0.00430925822808,0.996538203233,0.0260358206635,0.996538203253,0,0.857871967708,0.00430612421437
8.683,3.658,3.3,0.948944913995,0.00430960668887,0.996538203233,0.0259838464247,0.996538203253,0,0.857712140818,0.0043068593632
8.685,3.66,3.3,0.949085687587,0.00430995514967,0.996538203233,0.0259319829899,0.996538203253,0,0.857270985988,0.00430830793865
8.687,3.662,3.3,0.949226461179,0.00431030361047,0.996538203233,0.0258802270892,0.996538203253,0,0.857222889091,0.00430912053335
8.689,3.664,3.3,0.949367234771,0.00431065207126,0.996538203233,0.02582856924,0.996538203253,0,0.857212701478,0.00430785888621
8.691,3.666,3.3,0.949508008363,0.00431100053206,0.996538203233,0.0257770197817,0.996538203253,0,0.857148701012,0.0043042600136
8.693,3.668,3.3,0.949648781955,0.00431134899285,0.996538203233,0.0257255621766,0.996538203253,0,0.857192661348,0.00430552668687
8.695,3.67,3.3,0.949789555547,0.00431169745365,0.996538203233,0.0256742142739,0.996538203253,0,0.85729353663,0.0043082952517
8.697,3.672,3.3,0.949930329139,0.00431204591444,0.996538203233,0.0256229728365,0.996538203253,0,0.857324130422,0.00430935153694
8.699,3.674,3.3,0.950071102731,0.00431239437524,0.996538203233,0.0255718284759,0.996538203253,0,0.85734833432,0.00430823728198
8.701,3.676,3.3,0.950211876324,0.00431274283603,0.996538203233,0.0255207914288,0.996538203253,0,0.857357014533,0.00430486187381
8.703,3.678,3.3,0.950352649916,0.00431309129683,0.996538203233,0.0254698453218,0.996538203253,0,0.857480831385,0.00430669393459
8.705,3.68,3.3,0.950493423508,0.00431343975762,0.996538203233,0.0254190078268,0.996538203253,0,0.857648385553,0.00431016784008
8.707,3.682,3.3,0.9506341971,0.00431378821842,0.996538203233,0.0253682757388,0.996538203253,0,0.857790740895,0.00431192690052
8.709,3.684,3.3,0.950774970692,0.00431413667922,0.996538203233,0.0253176397626,0.996538203253,0,0.857892704794,0.00431132152935
8.711,3.686,3.3,0.950915744284,0.00431448514001,0.996538203233,0.0252671100333,0.996538203253,0,0.857952356643,0.00430830220658
8.713,3.688,3.3,0.951056517876,0.00431483360081,0.996538203233,0.0252166703401,0.996538203253,0,0.858110614506,0.00431039603181
8.715,3.69,3.3,0.951197291468,0.0043151820616,0.996538203233,0.0251663381792,0.996538203253,0,0.858299955198,0.00431405944725
8.717,3.692,3.3,0.95133806506,0.0043155305224,0.996538203233,0.0251161103776,0.996538203253,0,0.858456816846,0.00431596639394
8.719,3.694,3.3,0.951478838652,0.00431587898319,0.996538203233,0.0250659777324,0.996538203253,0,0.858568873754,0.00431548363514
8.721,3.696,3.3,0.951619612244,0.00431622744399,0.996538203233,0.0250159502779,0.996538203253,0,0.858635141565,0.00431256697331
8.723,3.698,3.3,0.951722548536,0.00430761876661,0.996538203233,0.0249660119646,0.996538203253,0,0.858850643065,0.00431480997365
8.725,3.7,3.3,0.951816551671,0.00429689536316,0.996538203233,0.0249161801148,0.996538203253,0,0.859044751574,0.00431715686154
8.727,3.702,3.3,0.951910554806,0.00428617195972,0.996538203233,0.0248664515868,0.996538203253,0,0.859283098102,0.00431750317981
8.729,3.704,3.3,0.952004557941,0.00427544855627,0.996538203233,0.0248168172695,0.996538203253,0,0.859465854834,0.00431490583847
8.731,3.706,3.3,0.952098561076,0.00426472515282,0.996538203233,0.0247672870972,0.996538203253,0,0.85954397592,0.00430908153209
8.733,3.708,3.3,0.952192564211,0.00425400174937,0.996538203233,0.02471784518,0.996538203253,0,0.859638285076,0.00431052284354
8.735,3.71,3.3,0.952286567346,0.00424327834592,0.996538203233,0.024668508668,0.996538203253,0,0.859858958549,0.00431459907259
8.737,3.712,3.3,0.952380570481,0.00423255494247,0.996538203233,0.0246192744508,0.996538203253,0,0.859814862129,0.004315697545
8.739,3.714,3.3,0.952474573616,0.00422183153903,0.996538203233,0.0245701335078,0.996538203253,0,0.859766096171,0.00431356633095
8.741,3.716,3.3,0.952568576751,0.00421110813558,0.996538203233,0.0245210956747,0.996538203253,0,0.859778667691,0.00430829887772
8.743,3.718,3.3,0.952662579886,0.00420038473213,0.996538203233,0.0244721452193,0.996538203253,0,0.859855003133,0.00411613206843
8.745,3.72,3.3,0.952756583021,0.00418966132868,0.996538203233,0.0244232991214,0.996538203253,0,0.860423824788,0.00396382456321
8.747,3.722,3.3,0.952850586156,0.00417893792523,0.996538203233,0.0243745543015,0.996538203253,0,0.860210079082,0.00366698190877
8.749,3.724,3.3,0.952944589291,0.00416821452178,0.996538203233,0.0243259018285,0.996538203253,0,0.860005218368,0.00343921466127
8.751,3.726,3.3,0.953038592426,0.00415749111833,0.996538203233,0.0242773514406,0.996538203253,0,0.860009194845,0.00333131363708
8.753,3.728,3.3,0.95313259556,0.00414676771489,0.996538203233,0.0242288872678,0.996538203253,0,0.860309323095,0.00315848329332
8.755,3.73,3.3,0.953226598695,0.00413604431144,0.996538203233,0.0241805267796,0.996538203253,0,0.860884155592,0.00290806206017
8.757,3.732,3.3,0.95332060183,0.00412532090799,0.996538203233,0.0241322711331,0.996538203253,0,0.861352690448,0.00280690745955
8.759,3.734,3.3,0.953414604965,0.00411459750454,0.996538203233,0.024084104614,0.996538203253,0,0.861660408583,0.00273839260616
8.761,3.736,3.3,0.9535086081,0.00410387410109,0.996538203233,0.0240360331179,0.996538203253,0,0.861933435964,0.00267247585269
8.763,3.738,3.3,0.953602611235,0.00409315069764,0.996538203233,0.0239880477688,0.996538203253,0,0.862168727095,0.00278957471898
8.765,3.74,3.3,0.95369661437,0.0040824272942,0.996538203233,0.0239401679234,0.996538203253,0,0.862102358912,0.00301225117448
8.767,3.742,3.3,0.953790617505,0.00407170389075,0.996538203233,0.0238923873526,0.996538203253,0,0.862450801705,0.00316019124354
8.769,3.744,3.3,0.95388462064,0.0040609804873,0.996538203233,0.023844697302,0.996538203253,0,0.862733804575,0.00326045602427
8.771,3.746,3.3,0.953978623775,0.00405025708385,0.996538203233,0.023797107317,0.996538203253,0,0.862827781579,0.0033221341094
8.773,3.748,3.3,0.95407262691,0.0040395336804,0.996538203233,0.0237496021299,0.996538203253,0,0.862719578351,0.00336853334577
8.775,3.75,3.3,0.954166630045,0.00402881027695,0.996538203233,0.023702198219,0.996538203253,0,0.862307928095,0.00339984590671
8.777,3.752,3.3,0.95426063318,0.0040180868735,0.996538203233,0.023654892596,0.996538203253,0,0.862277574255,0.0034200802274
8.779,3.754,3.3,0.954354636315,0.00400736347006,0.996538203233,0.0236076765933,0.996538203253,0,0.862281656059,0.00343148798177
8.781,3.756,3.3,0.95444863945,0.00399664006661,0.996538203233,0.0235605596616,0.996538203253,0,0.862227471931,0.00343502843723
8.783,3.758,3.3,0.954542642585,0.00398591666316,0.996538203233,0.0235135266848,0.996538203253,0,0.862331523723,0.00344271573642
8.785,3.76,3.3,0.95463664572,0.00397519325971,0.996538203233,0.0234665939777,0.996538203253,0,0.862446746033,0.00345029310564
8.787,3.762,3.3,0.954730648855,0.00396446985626,0.996538203233,0.0234197585813,0.996538203253,0,0.862552983204,0.0034543124462
8.789,3.764,3.3,0.95482465199,0.00395374645281,0.996538203233,0.0233730119145,0.996538203253,0,0.862645418671,0.003454451713
8.791,3.766,3.3,0.954918655125,0.00394302304937,0.996538203233,0.0233263633338,0.996538203253,0,0.862664226256,0.00345067456892
8.793,3.768,3.3,0.95501265826,0.00393229964592,0.996538203233,0.0232797978736,0.996538203253,0,0.862858094624,0.00345344547013
8.795,3.77,3.3,0.955106661395,0.00392157624247,0.996538203233,0.0232333316863,0.996538203253,0,0.863233241535,0.00345828350635
8.797,3.772,3.3,0.955200664529,0.00391085283902,0.996538203233,0.0231869618424,0.996538203253,0,0.863370204901,0.00346020969327
8.799,3.774,3.3,0.955294667664,0.00390012943557,0.996538203233,0.0231406798462,0.996538203253,0,0.863453831008,0.0034588604712
8.801,3.776,3.3,0.955388670799,0.00388940603212,0.996538203233,0.023094494961,0.996538203253,0,0.863534974889,0.00345427819167
8.803,3.778,3.3,0.955482673934,0.00387868262868,0.996538203233,0.0230483923701,0.996538203253,0,0.863628689166,0.0034561448425
8.805,3.78,3.3,0.955576677069,0.00386795922523,0.996538203233,0.0230023880653,0.996538203253,0,0.86369831039,0.00345988204534
8.807,3.782,3.3,0.955670680204,0.00385723582178,0.996538203233,0.0229564791464,0.996538203253,0,0.863774133621,0.00346136359072
8.809,3.784,3.3,0.955764683339,0.00384651241833,0.996538203233,0.0229106572017,0.996538203253,0,0.863829935593,0.00345976022156
8.811,3.786,3.3,0.955858686474,0.00383578901488,0.996538203233,0.0228649314029,0.996538203253,0,0.863859639708,0.00345498383312
8.813,3.788,3.3,0.955952689609,0.00382506561143,0.996538203233,0.0228192870803,0.996538203253,0,0.86404220006,0.00345697336399
8.815,3.79,3.3,0.956046692744,0.00381434220798,0.996538203233,0.0227737400668,0.996538203253,0,0.864206674355,0.00346089210884
8.817,3.792,3.3,0.956140695879,0.00380361880454,0.996538203233,0.0227282874911,0.996538203253,0,0.864421917792,0.00346266419136
8.819,3.794,3.3,0.956234699014,0.00379289540109,0.996538203233,0.0226829210251,0.996538203253,0,0.86459020943,0.00346131945503
8.821,3.796,3.3,0.956328702149,0.00378217199764,0.996538203233,0.0226376497492,0.996538203253,0,0.864658710894,0.00345668126141
8.823,3.798,3.3,0.956422705284,0.00377144859419,0.996538203233,0.0225924591396,0.996538203253,0,0.86475355062,0.00345846106997
8.825,3.8,3.3,0.956516708419,0.00376072519074,0.996538203233,0.0225473648719,0.996538203253,0,0.864992883818,0.00346245100532
8.827,3.802,3.3,0.956610711554,0.00375000178729,0.996538203233,0.0225023641032,0.996538203253,0,0.86496068045,0.00346368820556
8.829,3.804,3.3,0.956704714689,0.00373927838385,0.996538203233,0.0224574485883,0.996538203253,0,0.864918476831,0.00346192223212
8.831,3.806,3.3,0.956798717824,0.0037285549804,0.996538203233,0.0224126273173,0.996538203253,0,0.864935480651,0.00345721381656
8.833,3.808,3.3,0.956892720959,0.00371783157695,0.996538203233,0.0223678859108,0.996538203253,0,0.865275427828,0.00345945260184
8.835,3.81,3.3,0.956986724094,0.0037071081735,0.996538203233,0.0223232398885,0.996538203253,0,0.866067941777,0.00346450042515
8.837,3.812,3.3,0.957080727229,0.00369638477005,0.996538203233,0.0222786864358,0.996538203253,0,0.866257994784,0.00346615901556
8.839,3.814,3.3,0.957174730364,0.0036856613666,0.996538203233,0.0222342173894,0.996538203253,0,0.866355318309,0.00346468160718
8.841,3.816,3.3,0.957268733498,0.00367493796315,0.996538203233,0.0221898416502,0.996538203253,0,0.866497877433,0.00346026698745
8.843,3.818,3.3,0.957362736633,0.00366421455971,0.996538203233,0.0221455449816,0.996538203253,0,0.867027073812,0.00346286585532
8.845,3.82,3.3,0.957456739768,0.00365349115626,0.996538203233,0.022101342749,0.996538203253,0,0.867917635956,0.00346807498129
8.847,3.822,3.3,0.957550742903,0.00364276775281,0.996538203233,0.0220572321659,0.996538203253,0,0.868554666668,0.00347060934562
8.849,3.824,3.3,0.957644746038,0.00363204434936,0.996538203233,0.0220132051501,0.996538203253,0,0.868955993069,0.00346975248667
8.851,3.826,3.3,0.957738749173,0.00362132094591,0.996538203233,0.0219692705139,0.996538203253,0,0.869313595891,0.00346581260478
8.853,3.828,3.3,0.957832752308,0.00361059754246,0.996538203233,0.0219254141624,0.996538203253,0,0.868975873572,0.00346667851928
8.855,3.83,3.3,0.957926755443,0.00359987413902,0.996538203233,0.0218816513083,0.996538203253,0,0.868102712518,0.00346835483236
8.857,3.832,3.3,0.958020758578,0.00358915073557,0.996538203233,0.0218379791925,0.996538203253,0,0.867678577692,0.00346877305601
8.859,3.834,3.3,0.958114761713,0.00357842733212,0.996538203233,0.0217943898135,0.996538203253,0,0.867399736733,0.00346658507213
8.861,3.836,3.3,0.958208764848,0.00356770392867,0.996538203233,0.0217508918957,0.996538203253,0,0.867180274395,0.00346154636456
8.863,3.838,3.3,0.958302767983,0.00355698052522,0.996538203233,0.0217074714845,0.996538203253,0,0.867267111917,0.00346323630456
8.865,3.84,3.3,0.958396771118,0.00354625712177,0.996538203233,0.0216641436413,0.996538203253,0,0.867766824657,0.0034676006916
8.867,3.842,3.3,0.958490774253,0.00353553371832,0.996538203233,0.0216209056345,0.996538203253,0,0.867829310508,0.00346896821393
8.869,3.844,3.3,0.958584777388,0.00352481031488,0.996538203233,0.0215777495419,0.996538203253,0,0.86784484482,0.00346737774085
8.871,3.846,3.3,0.958678780523,0.00351408691143,0.996538203233,0.0215346840016,0.996538203253,0,0.86791807005,0.00346296422613
8.873,3.848,3.3,0.958772783658,0.00350336350798,0.996538203233,0.0214916951973,0.996538203253,0,0.868402214695,0.00346542595086
8.875,3.85,3.3,0.958866786793,0.00349264010453,0.996538203233,0.0214487980409,0.996538203253,0,0.86912611325,0.00347020320766
8.877,3.852,3.3,0.958960789928,0.00348191670108,0.996538203233,0.0214059898279,0.996538203253,0,0.869747865296,0.00347266682737
8.879,3.854,3.3,0.959054793063,0.00347119329763,0.996538203233,0.0213632627149,0.996538203253,0,0.87016806992,0.00347189349267
8.881,3.856,3.3,0.959145310805,0.00346173165884,0.996538203233,0.021320625254,0.996538203253,0,0.870471468616,0.00346798314126
8.883,3.858,3.3,0.95923434191,0.00345280820496,0.996538203233,0.0212780637665,0.996538203253,0,0.870218608692,0.00346896901976
8.885,3.86,3.3,0.959323373016,0.00344388475109,0.996538203233,0.0212355930157,0.996538203253,0,0.869713284598,0.00347126504781
8.887,3.862,3.3,0.959412404121,0.00343496129721,0.996538203233,0.0211932103243,0.996538203253,0,0.869256987473,0.0034715826236
8.889,3.864,3.3,0.959501435226,0.00342603784334,0.996538203233,0.0211509079268,0.996538203253,0,0.868927121038,0.00346934260467
8.891,3.866,3.3,0.959590466332,0.00341711438946,0.996538203233,0.0211086942902,0.996538203253,0,0.868738848579,0.00346450075479
8.893,3.868,3.3,0.959679497437,0.00340819093559,0.996538203233,0.0210665558717,0.996538203253,0,0.868984415298,0.0034664631097
8.895,3.87,3.3,0.959768528542,0.00339926748171,0.996538203233,0.0210245072881,0.996538203253,0,0.869765351762,0.00347129021446
8.897,3.872,3.3,0.959857559648,0.00339034402784,0.996538203233,0.0209825458885,0.996538203253,0,0.869947388418,0.00347286118557
8.899,3.874,3.3,0.959946590753,0.00338142057396,0.996538203233,0.0209406639846,0.996538203253,0,0.870039102624,0.00347147180059
8.901,3.876,3.3,0.960035621858,0.00337249712009,0.996538203233,0.0208988699594,0.996538203253,0,0.870178056604,0.00346732463545
8.903,3.878,3.3,0.960124652964,0.00336357366621,0.996538203233,0.0208571504047,0.996538203253,0,0.87013835642,0.00346869716547
8.905,3.88,3.3,0.960213684069,0.00335465021234,0.996538203233,0.0208155197918,0.996538203253,0,0.869903772099,0.00347145980839
8.907,3.882,3.3,0.960302715174,0.00334572675846,0.996538203233,0.0207739754963,0.996538203253,0,0.869882249716,0.00347260376035
8.909,3.884,3.3,0.96039174628,0.00333680330459,0.996538203233,0.0207325099064,0.996538203253,0,0.869881199453,0.00347103823002
8.911,3.886,3.3,0.960480777385,0.00332787985071,0.996538203233,0.0206911313215,0.996538203253,0,0.86984909431,0.00346659052981
8.913,3.888,3.3,0.96056980849,0.00331895639684,0.996538203233,0.0206498264669,0.996538203253,0,0.869773129284,0.00346789295301
8.915,3.89,3.3,0.960658839596,0.00331003294296,0.996538203233,0.02060860967,0.996538203253,0,0.869821154067,0.00347121149279
8.917,3.892,3.3,0.960747870701,0.00330110948909,0.996538203233,0.0205674783325,0.996538203253,0,0.869650301582,0.00347206857717
8.919,3.894,3.3,0.960836901807,0.00329218603521,0.996538203233,0.0205264249183,0.996538203253,0,0.86951045683,0.00347025828225
8.921,3.896,3.3,0.960925932912,0.00328326258134,0.996538203233,0.0204854576442,0.996538203253,0,0.869466104989,0.00346583902927
8.923,3.898,3.3,0.961014964017,0.00327433912746,0.996538203233,0.0204445633675,0.996538203253,0,0.870120778667,0.00346856348493
8.925,3.9,3.3,0.961103995123,0.00326541567359,0.996538203233,0.0204037562733,0.996538203253,0,0.871285621566,0.00347404745967
8.927,3.902,3.3,0.961193026228,0.00325649221971,0.996538203233,0.0203630337889,0.996538203253,0,0.871937089938,0.00347650250179
8.929,3.904,3.3,0.961282057333,0.00324756876584,0.996538203233,0.0203223884532,0.996538203253,0,0.872377526028,0.00347584268801
8.931,3.906,3.3,0.961371088439,0.00323864531196,0.996538203233,0.0202818284015,0.996538203253,0,0.872695188605,0.00347217642205
8.933,3.908,3.3,0.961460119544,0.00322972185809,0.996538203233,0.0202413406215,0.996538203253,0,0.872572242234,0.00347335314478
8.935,3.91,3.3,0.961549150649,0.00322079840422,0.996538203233,0.0202009391573,0.996538203253,0,0.87203788382,0.00347544873955
8.937,3.912,3.3,0.961638181755,0.00321187495034,0.996538203233,0.020160621462,0.996538203253,0,0.871757505841,0.00347606328735
8.939,3.914,3.3,0.96172721286,0.00320295149647,0.996538203233,0.0201203801485,0.996538203253,0,0.87159613762,0.00347423857037
8.941,3.916,3.3,0.961816243965,0.00319402804259,0.996538203233,0.0200802232712,0.996538203253,0,0.871414303741,0.00346963302265
8.943,3.918,3.3,0.961905275071,0.00318510458872,0.996538203233,0.0200401379473,0.996538203253,0,0.871417687913,0.00347104426455
8.945,3.92,3.3,0.961994306176,0.00317618113484,0.996538203233,0.0200001380812,0.996538203253,0,0.871784706108,0.00347488492416
8.947,3.922,3.3,0.962083337281,0.00316725768097,0.996538203233,0.0199602211513,0.996538203253,0,0.871690908986,0.00347584968266
8.949,3.924,3.3,0.962172368387,0.00315833422709,0.996538203233,0.0199203798438,0.996538203253,0,0.871590683256,0.00347415641919
8.951,3.926,3.3,0.962261399492,0.00314941077322,0.996538203233,0.0198806221334,0.996538203253,0,0.871603874619,0.00346997462044
8.953,3.928,3.3,0.962350430598,0.00314048731934,0.996538203233,0.019840935265,0.996538203253,0,0.871863673103,0.00347186946837
8.955,3.93,3.3,0.962439461703,0.00313156386547,0.996538203233,0.019801333005,0.996538203253,0,0.872151969848,0.00347550929422
8.957,3.932,3.3,0.962528492808,0.00312264041159,0.996538203233,0.0197618128568,0.996538203253,0,0.872478725613,0.00347728801583
8.959,3.934,3.3,0.962617523914,0.00311371695772,0.996538203233,0.0197223675794,0.996538203253,0,0.872720008603,0.00347628093262
8.961,3.936,3.3,0.962706555019,0.00310479350384,0.996538203233,0.0196830050679,0.996538203253,0,0.872846723885,0.0034723620747
8.963,3.938,3.3,0.962795586124,0.00309587004997,0.996538203233,0.0196437126944,0.996538203253,0,0.872775791698,0.00347360227332
8.965,3.94,3.3,0.96288461723,0.00308694659609,0.996538203233,0.0196045040882,0.996538203253,0,0.872460438517,0.00347604373969
8.967,3.942,3.3,0.962973648335,0.00307802314222,0.996538203233,0.0195653767776,0.996538203253,0,0.872274851596,0.00347681200337
8.969,3.944,3.3,0.96306267944,0.00306909968834,0.996538203233,0.0195263235936,0.996538203253,0,0.872177770539,0.00347515940918
8.971,3.946,3.3,0.963151710546,0.00306017623447,0.996538203233,0.0194873523528,0.996538203253,0,0.872041834255,0.0034707703463
8.973,3.948,3.3,0.963240741651,0.00305125278059,0.996538203233,0.0194484505527,0.996538203253,0,0.872432901965,0.00347290793943
8.975,3.95,3.3,0.963329772756,0.00304232932672,0.996538203233,0.0194096316874,0.996538203253,0,0.873213464653,0.00347747562162
8.977,3.952,3.3,0.963418803862,0.00303340587284,0.996538203233,0.0193708933095,0.996538203253,0,0.873627048371,0.00347941114609
8.979,3.954,3.3,0.963507834967,0.00302448241897,0.996538203233,0.0193322283214,0.996538203253,0,0.873903831583,0.0034785085808
8.981,3.956,3.3,0.963596866072,0.00301555896509,0.996538203233,0.019293644462,0.996538203253,0,0.874110024479,0.0034748332151
8.983,3.958,3.3,0.963685897178,0.00300663551122,0.996538203233,0.019255129353,0.996538203253,0,0.874155790804,0.00347627081284
8.985,3.96,3.3,0.963774928283,0.00299771205734,0.996538203233,0.0192166963544,0.996538203253,0,0.873838164485,0.00347863610557
8.987,3.962,3.3,0.963863959389,0.00298878860347,0.996538203233,0.0191783430432,0.996538203253,0,0.873941852736,0.00347994496662
8.989,3.964,3.3,0.963952990494,0.00297986514959,0.996538203233,0.0191400623922,0.996538203253,0,0.874046582764,0.00347871443795
8.991,3.966,3.3,0.964042021599,0.00297094169572,0.996538203233,0.0191018620636,0.996538203253,0,0.874041708479,0.00347466140621
8.993,3.968,3.3,0.964131052705,0.00296201824184,0.996538203233,0.0190637298019,0.996538203253,0,0.874205098442,0.00347632015268
8.995,3.97,3.3,0.96422008381,0.00295309478797,0.996538203233,0.0190256788345,0.996538203253,0,0.874543948731,0.00347995696563
8.997,3.972,3.3,0.964309114915,0.0029441713341,0.996538203233,0.0189877067623,0.996538203253,0,0.874647569466,0.00348125823835
8.999,3.974,3.3,0.964398146021,0.00293524788022,0.996538203233,0.0189498066281,0.996538203253,0,0.874705638972,0.00347995166924
9.001,3.976,3.3,0.964487177126,0.00292632442635,0.996538203233,0.0189119860178,0.996538203253,0,0.874775278571,0.00347608856278
9.003,3.978,3.3,0.964576208231,0.00291740097247,0.996538203233,0.0188742327979,0.996538203253,0,0.875048815861,0.00347795158953
9.005,3.98,3.3,0.964665239337,0.0029084775186,0.996538203233,0.0188365600641,0.996538203253,0,0.875203305382,0.00348118863992
9.007,3.982,3.3,0.964754270442,0.00289955406472,0.996538203233,0.0187989654414,0.996538203253,0,0.875621432552,0.00348309913294
9.009,3.984,3.3,0.964843301547,0.00289063061085,0.996538203233,0.0187614420416,0.996538203253,0,0.875944947705,0.00348233120201
9.011,3.986,3.3,0.964932332653,0.00288170715697,0.996538203233,0.0187239973752,0.996538203253,0,0.876083466876,0.00347864190841
9.013,3.988,3.3,0.965021363758,0.0028727837031,0.996538203233,0.0186866194293,0.996538203253,0,0.875664226428,0.00325466128339
9.015,3.99,3.3,0.965110394863,0.00286386024922,0.996538203233,0.0186493211695,0.996538203253,0,0.875088226261,0.00295506181104
9.017,3.992,3.3,0.965199425969,0.00285493679535,0.996538203233,0.0186121002443,0.996538203253,0,0.874486891592,0.00268461856345
9.019,3.994,3.3,0.965288457074,0.00284601334147,0.996538203233,0.018574949834,0.996538203253,0,0.874045982455,0.00248706515615
9.021,3.996,3.3,0.96537748818,0.0028370898876,0.996538203233,0.0185378773746,0.996538203253,0,0.873807778188,0.00237091149172
9.023,3.998,3.3,0.965466519285,0.00282816643372,0.996538203233,0.0185008709336,0.996538203253,0,0.874350791285,0.00235961684215
9.025,4,3.3,0.96555555039,0.00281924297985,0.996538203233,0.0184639434484,0.996538203253,0,0.875339189866,0.00240045277567
9.027,4.002,3.3,0.965644581496,0.00281031952597,0.996538203233,0.0184270931292,0.996538203253,0,0.876228081655,0.00247225028467
9.029,4.004,3.3,0.965733612601,0.0028013960721,0.996538203233,0.0183903118661,0.996538203253,0,0.876832323098,0.00252027983476
9.031,4.006,3.3,0.965822643706,0.00279247261822,0.996538203233,0.0183536076035,0.996538203253,0,0.877266694686,0.00254888922835
9.033,4.008,3.3,0.965911674812,0.00278354916435,0.996538203233,0.0183169688759,0.996538203253,0,0.876934451498,0.00257116176517
9.035,4.01,3.3,0.966000705917,0.00277462571047,0.996538203233,0.018280408434,0.996538203253,0,0.87625260676,0.00258654759129
9.037,4.012,3.3,0.966089737022,0.0027657022566,0.996538203233,0.018243923797,0.996538203253,0,0.875634952167,0.00259571067156
9.039,4.014,3.3,0.966178768128,0.00275677880272,0.996538203233,0.0182075082799,0.996538203253,0,0.875188179291,0.00259996446775
9.041,4.016,3.3,0.966267799233,0.00274785534885,0.996538203233,0.0181711691717,0.996538203253,0,0.874933526932,0.00259985756129
9.043,4.018,3.3,0.966356830338,0.00273893189497,0.996538203233,0.0181348948141,0.996538203253,0,0.875430097697,0.00260464521253
9.045,4.02,3.3,0.966445861444,0.0027300084411,0.996538203233,0.0180986977898,0.996538203253,0,0.876516092439,0.00261083874757
9.047,4.022,3.3,0.966534892549,0.00272108498722,0.996538203233,0.0180625758169,0.996538203253,0,0.877075497866,0.00261387645204
9.049,4.024,3.3,0.966623923654,0.00271216153335,0.996538203233,0.0180265222768,0.996538203253,0,0.877447680837,0.00261388788517
9.051,4.026,3.3,0.96671295476,0.00270323807947,0.996538203233,0.0179905443861,0.996538203253,0,0.877729861865,0.0026110325205
9.053,4.028,3.3,0.966801985865,0.0026943146256,0.996538203233,0.0179546306024,0.996538203253,0,0.877426840218,0.00261220473449
9.055,4.03,3.3,0.966891016971,0.00268539117172,0.996538203233,0.0179187933832,0.996538203253,0,0.876656487954,0.00261408518435
9.057,4.032,3.3,0.966980048076,0.00267646771785,0.996538203233,0.0178830304694,0.996538203253,0,0.87617138153,0.00261455428431
9.059,4.034,3.3,0.967069079181,0.00266754426397,0.996538203233,0.0178473353082,0.996538203253,0,0.875867300338,0.00261287432923
9.061,4.036,3.3,0.967158110287,0.0026586208101,0.996538203233,0.0178117150444,0.996538203253,0,0.875594490474,0.00260877298796
9.063,4.038,3.3,0.967247141392,0.00264969735623,0.996538203233,0.0177761582504,0.996538203253,0,0.875910901939,0.00261053647335
9.065,4.04,3.3,0.967336172497,0.00264077390235,0.996538203233,0.0177406772598,0.996538203253,0,0.8766668164,0.00261444954095
9.067,4.042,3.3,0.967425203603,0.00263185044848,0.996538203233,0.0177052698359,0.996538203253,0,0.87705849031,0.00261607080119
9.069,4.044,3.3,0.967514234708,0.0026229269946,0.996538203233,0.0176699294913,0.996538203253,0,0.877319387125,0.00261514667758
9.071,4.046,3.3,0.967603265813,0.00261400354073,0.996538203233,0.0176346632996,0.996538203253,0,0.877516468915,0.00261171589618
9.073,4.048,3.3,0.967683333557,0.00261406815386,0.996538203233,0.0175994599466,0.996538203253,0,0.877340370024,0.00261269225502
9.075,4.05,3.3,0.967763347195,0.00261418702092,0.996538203233,0.0175643316437,0.996538203253,0,0.876866795055,0.00261472818097
9.077,4.052,3.3,0.967843360834,0.00261430588798,0.996538203233,0.0175292761762,0.996538203253,0,0.876629043545,0.00261538550582
9.079,4.054,3.3,0.967923374472,0.00261442475504,0.996538203233,0.0174942871212,0.996538203253,0,0.876471695707,0.0026138398416
9.081,4.056,3.3,0.968003388111,0.00261454362209,0.996538203233,0.0174593714819,0.996538203253,0,0.876350444186,0.00260996525112
9.083,4.058,3.3,0.968083401749,0.00261466248915,0.996538203233,0.0174245180569,0.996538203253,0,0.877031102838,0.00261219709192
9.085,4.06,3.3,0.968163415388,0.00261478135621,0.996538203233,0.0173897389358,0.996538203253,0,0.878176861951,0.00261660918436
9.087,4.062,3.3,0.968243429027,0.00261490022327,0.996538203233,0.0173550319262,0.996538203253,0,0.879098541072,0.00261897879316
9.089,4.064,3.3,0.968323442665,0.00261501909033,0.996538203233,0.0173203906689,0.996538203253,0,0.879721924011,0.0026186051129
9.091,4.066,3.3,0.968403456304,0.00261513795739,0.996538203233,0.0172858220975,0.996538203253,0,0.880161871921,0.0026156019711
9.093,4.068,3.3,0.968483469942,0.00261525682445,0.996538203233,0.017251315122,0.996538203253,0,0.879813654045,0.00261628989957
9.095,4.07,3.3,0.968563483581,0.00261537569151,0.996538203233,0.0172168817119,0.996538203253,0,0.879118052461,0.00261792690679
9.097,4.072,3.3,0.968643497219,0.00261549455857,0.996538203233,0.0171825196963,0.996538203253,0,0.878486497309,0.00261797706788
9.099,4.074,3.3,0.968723510858,0.00261561342563,0.996538203233,0.0171482227796,0.996538203253,0,0.87802955959,0.0026160116048
9.101,4.076,3.3,0.968803524496,0.00261573229269,0.996538203233,0.0171139978262,0.996538203253,0,0.877769350945,0.00261200140185
9.103,4.078,3.3,0.968883538135,0.00261585115975,0.996538203233,0.0170798338564,0.996538203253,0,0.878258982025,0.00261392243885
9.105,4.08,3.3,0.968963551774,0.00261597002681,0.996538203233,0.0170457427208,0.996538203253,0,0.87934017622,0.00261818516253
9.107,4.082,3.3,0.969043565412,0.00261608889387,0.996538203233,0.0170117222701,0.996538203253,0,0.879897404736,0.0026199876666
9.109,4.084,3.3,0.969123579051,0.00261620776093,0.996538203233,0.016977766271,0.996538203253,0,0.880268179167,0.00261926065483
9.111,4.086,3.3,0.969203592689,0.00261632662798,0.996538203233,0.0169438815201,0.996538203253,0,0.880549198891,0.00261609078151
9.113,4.088,3.3,0.969283606328,0.00261644549504,0.996538203233,0.0169100571465,0.996538203253,0,0.880195146966,0.00261675261191
9.115,4.09,3.3,0.969363619966,0.0026165643621,0.996538203233,0.0168763048831,0.996538203253,0,0.879436340991,0.00261825836166
9.117,4.092,3.3,0.969443633605,0.00261668322916,0.996538203233,0.0168426226019,0.996538203253,0,0.878877795624,0.00261840607717
9.119,4.094,3.3,0.969523647243,0.00261680209622,0.996538203233,0.0168090041318,0.996538203253,0,0.878505839267,0.00261659719827
9.121,4.096,3.3,0.969603660882,0.00261692096328,0.996538203233,0.0167754562016,0.996538203253,0,0.878230347101,0.00261264146096
9.123,4.098,3.3,0.969683674521,0.00261703983034,0.996538203233,0.0167419680486,0.996538203253,0,0.878685759055,0.00261449163988
9.125,4.1,3.3,0.969763688159,0.0026171586974,0.996538203233,0.0167085512889,0.996538203253,0,0.879440332466,0.00261821240333
9.127,4.102,3.3,0.969843701798,0.00261727756446,0.996538203233,0.0166752038159,0.996538203253,0,0.880123660354,0.00262018761919
9.129,4.104,3.3,0.969923715436,0.00261739643152,0.996538203233,0.0166419195196,0.996538203253,0,0.880617921251,0.00261967335292
9.131,4.106,3.3,0.970003729075,0.00261751529858,0.996538203233,0.0166087050621,0.996538203253,0,0.880899675339,0.00261657642892
9.133,4.108,3.3,0.970083742713,0.00261763416564,0.996538203233,0.0165755497875,0.996538203253,0,0.880776723941,0.00261754761877
9.135,4.11,3.3,0.970163756352,0.0026177530327,0.996538203233,0.0165424651966,0.996538203253,0,0.880509414939,0.00261971319972
9.137,4.112,3.3,0.97024376999,0.00261787189976,0.996538203233,0.0165094492037,0.996538203253,0,0.88019663776,0.0026201931573
9.139,4.114,3.3,0.970323783629,0.00261799076682,0.996538203233,0.0164764957595,0.996538203253,0,0.879964991922,0.00261860895284
9.141,4.116,3.3,0.970403797268,0.00261810963388,0.996538203233,0.0164436114598,0.996538203253,0,0.879844616752,0.00261494661821
9.143,4.118,3.3,0.970483810906,0.00261822850093,0.996538203233,0.0164107857548,0.996538203253,0,0.880519576757,0.00261710268471
9.145,4.12,3.3,0.970563824545,0.00261834736799,0.996538203233,0.0163780300309,0.996538203253,0,0.881641954126,0.00262133057819
9.147,4.122,3.3,0.970643838183,0.00261846623505,0.996538203233,0.0163453422231,0.996538203253,0,0.882633450798,0.00262375114464
9.149,4.124,3.3,0.970723851822,0.00261858510211,0.996538203233,0.0163127163423,0.996538203253,0,0.88330308399,0.00262352560214
9.151,4.126,3.3,0.97080386546,0.00261870396917,0.996538203233,0.0162801589186,0.996538203253,0,0.883778631712,0.00262079059158
9.153,4.128,3.3,0.970883879099,0.00261882283623,0.996538203233,0.0162476595072,0.996538203253,0,0.883324583755,0.002621252911
9.155,4.13,3.3,0.970963892737,0.00261894170329,0.996538203233,0.0162152293813,0.996538203253,0,0.882468184537,0.00262249680185
9.157,4.132,3.3,0.971043906376,0.00261906057035,0.996538203233,0.0161828664964,0.996538203253,0,0.881695741685,0.00262228091523
9.159,4.134,3.3,0.971123920015,0.00261917943741,0.996538203233,0.0161505649229,0.996538203253,0,0.881137259567,0.00262023998127
9.161,4.136,3.3,0.971203933653,0.00261929830447,0.996538203233,0.0161183311261,0.996538203253,0,0.880818384783,0.00261635378599
9.163,4.138,3.3,0.971283947292,0.00261941717153,0.996538203233,0.0160861547649,0.996538203253,0,0.880899555624,0.00261759630445
9.165,4.14,3.3,0.97136396093,0.00261953603859,0.996538203233,0.0160540470004,0.996538203253,0,0.881124836604,0.00262042206538
9.167,4.142,3.3,0.971443974569,0.00261965490565,0.996538203233,0.0160220058086,0.996538203253,0,0.881408661273,0.00262176307981
9.169,4.144,3.3,0.971523988207,0.00261977377271,0.996538203233,0.0159900253187,0.996538203253,0,0.881620062117,0.00262087550564
9.171,4.146,3.3,0.971604001846,0.00261989263977,0.996538203233,0.0159581119318,0.996538203253,0,0.881727392842,0.00261765551402
9.173,4.148,3.3,0.971684015484,0.00262001150683,0.996538203233,0.0159262554096,0.996538203253,0,0.8817610808,0.00261881873128
9.175,4.15,3.3,0.971764029123,0.00262013037388,0.996538203233,0.0158944668023,0.996538203253,0,0.881808881929,0.00262136142011
9.177,4.152,3.3,0.971844042762,0.00262024924094,0.996538203233,0.0158627441058,0.996538203253,0,0.881742320999,0.00262217343783
9.179,4.154,3.3,0.9719240564,0.002620368108,0.996538203233,0.015831081508,0.996538203253,0,0.881685772292,0.00262089991104
9.181,4.156,3.3,0.972004070039,0.00262048697506,0.996538203233,0.0157994853461,0.996538203253,0,0.881671674395,0.00261753390267
9.183,4.158,3.3,0.972084083677,0.00262060584212,0.996538203233,0.0157679454836,0.996538203253,0,0.881938613184,0.00261904221523
9.185,4.16,3.3,0.972164097316,0.00262072470918,0.996538203233,0.015736472861,0.996538203253,0,0.88213440366,0.00262179474412
9.187,4.162,3.3,0.972244110954,0.00262084357624,0.996538203233,0.015705065494,0.996538203253,0,0.882580712639,0.00262337056444
9.189,4.164,3.3,0.972324124593,0.0026209624433,0.996538203233,0.0156737176282,0.996538203253,0,0.882924115162,0.00262271076885
9.191,4.166,3.3,0.972404138231,0.00262108131036,0.996538203233,0.015642435538,0.996538203253,0,0.883075455296,0.00261962856829
9.193,4.168,3.3,0.97248415187,0.00262120017742,0.996538203233,0.0156112091877,0.996538203253,0,0.883077992646,0.00262072444929
9.195,4.17,3.3,0.972564165509,0.00262131904448,0.996538203233,0.0155800494087,0.996538203253,0,0.883041115884,0.00262309630585
9.197,4.172,3.3,0.972644179147,0.00262143791154,0.996538203233,0.0155489542368,0.996538203253,0,0.882949107726,0.00262384937677
9.199,4.174,3.3,0.972724192786,0.0026215567786,0.996538203233,0.0155179179747,0.996538203253,0,0.882878072563,0.00262257509395
9.201,4.176,3.3,0.972804206424,0.00262167564566,0.996538203233,0.0154869468343,0.996538203253,0,0.882847256846,0.00261924993644
9.203,4.178,3.3,0.972884220063,0.00262179451272,0.996538203233,0.0154560308796,0.996538203253,0,0.882675796644,0.0026200800777
9.205,4.18,3.3,0.972964233701,0.00262191337977,0.996538203233,0.0154251808347,0.996538203253,0,0.882280635019,0.00262189859972
9.207,4.182,3.3,0.97304424734,0.00262203224683,0.996538203233,0.0153943947546,0.996538203253,0,0.882078908226,0.00262249227363
9.209,4.184,3.3,0.973124260978,0.00262215111389,0.996538203233,0.0153636669986,0.996538203253,0,0.881977086623,0.00262119273397
9.211,4.186,3.3,0.973204274617,0.00262226998095,0.996538203233,0.0153330037171,0.996538203253,0,0.881832306235,0.00261773599149
9.213,4.188,3.3,0.973284288256,0.00262238884801,0.996538203233,0.0153023950728,0.996538203253,0,0.882454523927,0.00261971969824
9.215,4.19,3.3,0.973364301894,0.00262250771507,0.996538203233,0.015271851683,0.996538203253,0,0.883590592551,0.00262376913473
9.217,4.192,3.3,0.973444315533,0.00262262658213,0.996538203233,0.0152413716223,0.996538203253,0,0.884238452319,0.00262559111771
9.219,4.194,3.3,0.973524329171,0.00262274544919,0.996538203233,0.0152109493059,0.996538203253,0,0.88467791369,0.00262508941662
9.221,4.196,3.3,0.97360434281,0.00262286431625,0.996538203233,0.0151805908231,0.996538203253,0,0.88499132899,0.00262233498093
9.223,4.198,3.3,0.973684356448,0.00262298318331,0.996538203233,0.0151502864344,0.996538203253,0,0.884788257748,0.00262309066635
9.225,4.2,3.3,0.973764370087,0.00262310205037,0.996538203233,0.0151200466516,0.996538203253,0,0.884347041628,0.00262478299051
9.227,4.202,3.3,0.973844383725,0.00262322091743,0.996538203233,0.0150898695683,0.996538203253,0,0.883944684525,0.00262505625598
9.229,4.204,3.3,0.973924397364,0.00262333978449,0.996538203233,0.0150597496554,0.996538203253,0,0.883653439632,0.00262349584989
9.231,4.206,3.3,0.974004411003,0.00262345865155,0.996538203233,0.0150296929416,0.996538203253,0,0.88348787739,0.00262006873159
9.233,4.208,3.3,0.974084424641,0.00262357751861,0.996538203233,0.0149996897841,0.996538203253,0,0.88416148956,0.00262213187386
9.235,4.21,3.3,0.97416443828,0.00262369638567,0.996538203233,0.0149697505904,0.996538203253,0,0.885290423062,0.00262616008115
9.237,4.212,3.3,0.974244451918,0.00262381525272,0.996538203233,0.0149398734729,0.996538203253,0,0.886327825284,0.00262857510529
9.239,4.214,3.3,0.974324465557,0.00262393411978,0.996538203233,0.0149100529575,0.996538203253,0,0.887032317448,0.00262851170621
9.241,4.216,3.3,0.974404479195,0.00262405298684,0.996538203233,0.014880295013,0.996538203253,0,0.887520607357,0.00262609495112
9.243,4.218,3.3,0.974478907513,0.00261877636838,0.996538203233,0.0148505900925,0.996538203253,0,0.887071789394,0.00262646904463
9.245,4.22,3.3,0.974552985636,0.00261316145698,0.996538203233,0.0148209484999,0.996538203253,0,0.886231490563,0.00262752147282
9.247,4.222,3.3,0.974627063758,0.00260754654558,0.996538203233,0.0147913683665,0.996538203253,0,0.885469563274,0.00262724161621
9.249,4.224,3.3,0.974701141881,0.00260193163418,0.996538203233,0.0147618442726,0.996538203253,0,0.884918376238,0.0026253160168
9.251,4.226,3.3,0.974775220003,0.00259631672278,0.996538203233,0.0147323821275,0.996538203253,0,0.884604331164,0.00262173067869
9.253,4.228,3.3,0.974849298126,0.00259070181138,0.996538203233,0.0147029724795,0.996538203253,0,0.884708895894,0.00262291770132
9.255,4.23,3.3,0.974923376248,0.00258508689998,0.996538203233,0.0146736255298,0.996538203253,0,0.884810738542,0.00262535901022
9.257,4.232,3.3,0.974997454371,0.00257947198858,0.996538203233,0.0146443394284,0.996538203253,0,0.885206366351,0.00262679164268
9.259,4.234,3.3,0.975071532493,0.00257385707718,0.996538203233,0.0146151088095,0.996538203253,0,0.885515742019,0.00262615569356
9.261,4.236,3.3,0.975145610616,0.00256824216579,0.996538203233,0.0145859395237,0.996538203253,0,0.88564200573,0.00262325718811
9.263,4.238,3.3,0.975219688738,0.00256262725439,0.996538203233,0.0145568222129,0.996538203253,0,0.885956013798,0.00262472801858
9.265,4.24,3.3,0.975293766861,0.00255701234299,0.996538203233,0.0145277669774,0.996538203253,0,0.886434688734,0.00262767873302
9.267,4.242,3.3,0.975367844983,0.00255139743159,0.996538203233,0.0144987719853,0.996538203253,0,0.886641538505,0.00262880154198
9.269,4.244,3.3,0.975441923106,0.00254578252019,0.996538203233,0.0144698319242,0.996538203253,0,0.886773817117,0.00262789852598
9.271,4.246,3.3,0.975516001228,0.00254016760879,0.996538203233,0.0144409525864,0.996538203253,0,0.886886642836,0.0026250015901
9.273,4.248,3.3,0.975590079351,0.00253455269739,0.996538203233,0.0144121247072,0.996538203253,0,0.886535457672,0.0026254945192
9.275,4.25,3.3,0.975664157473,0.00252893778599,0.996538203233,0.0143833582861,0.996538203253,0,0.885991065873,0.00262693208508
9.277,4.252,3.3,0.975738235596,0.00252332287459,0.996538203233,0.0143546515096,0.996538203253,0,0.885516718447,0.00262706710964
9.279,4.254,3.3,0.975812313718,0.00251770796319,0.996538203233,0.0143259991181,0.996538203253,0,0.885175042515,0.00262549474939
9.281,4.256,3.3,0.975886391841,0.0025120930518,0.996538203233,0.0142974068463,0.996538203253,0,0.884977191299,0.00262217931897
9.283,4.258,3.3,0.975960469963,0.0025064781404,0.996538203233,0.0142688655215,0.996538203253,0,0.885405242021,0.00262382305409
9.285,4.26,3.3,0.976034548086,0.002500863229,0.996538203233,0.014240385044,0.996538203253,0,0.886312362179,0.00262740023428
9.287,4.262,3.3,0.976108626208,0.0024952483176,0.996538203233,0.0142119636182,0.996538203253,0,0.886804514657,0.00262895606204
9.289,4.264,3.3,0.976182704331,0.0024896334062,0.996538203233,0.0141835960367,0.996538203253,0,0.887135300334,0.00262838756383
9.291,4.266,3.3,0.976256782453,0.0024840184948,0.996538203233,0.0141552879775,0.996538203253,0,0.887378240927,0.00262575567833
9.293,4.268,3.3,0.976330860576,0.0024784035834,0.996538203233,0.0141270303588,0.996538203253,0,0.887216295773,0.00262650040339
9.295,4.27,3.3,0.976404938699,0.002472788672,0.996538203233,0.0140988329825,0.996538203253,0,0.88685725546,0.00262815316356
9.297,4.272,3.3,0.976479016821,0.0024671737606,0.996538203233,0.0140706940709,0.996538203253,0,0.886550670087,0.00262850130749
9.299,4.274,3.3,0.976553094944,0.00246155884921,0.996538203233,0.0140426084685,0.996538203253,0,0.886330332064,0.00262711576513
9.301,4.276,3.3,0.976627173066,0.00245594393781,0.996538203233,0.0140145817966,0.996538203253,0,0.886201664358,0.00262395548298
9.303,4.278,3.3,0.976701251189,0.00245032902641,0.996538203233,0.0139866050639,0.996538203253,0,0.88608214094,0.00262476260365
9.305,4.28,3.3,0.976775329311,0.00244471411501,0.996538203233,0.0139586879747,0.996538203253,0,0.88591622655,0.00262669871942
9.307,4.282,3.3,0.976849407434,0.00243909920361,0.996538203233,0.0139308287692,0.996538203253,0,0.885884861236,0.00262746106656
9.309,4.284,3.3,0.976923485556,0.00243348429221,0.996538203233,0.0139030223429,0.996538203253,0,0.885871269721,0.00262640258319
9.311,4.286,3.3,0.976997563679,0.00242786938081,0.996538203233,0.0138752742613,0.996538203253,0,0.885843892275,0.0026234281668
9.313,4.288,3.3,0.977071641801,0.00242225446941,0.996538203233,0.0138475756225,0.996538203253,0,0.886551105372,0.00262544443946
9.315,4.29,3.3,0.977145719924,0.00241663955801,0.996538203233,0.0138199360344,0.996538203253,0,0.887794723922,0.00262944285188
9.317,4.292,3.3,0.977219798046,0.00241102464662,0.996538203233,0.0137923537545,0.996538203253,0,0.888510224105,0.00263129014559
9.319,4.294,3.3,0.977293876169,0.00240540973522,0.996538203233,0.0137648237292,0.996538203253,0,0.8889963343,0.00263097179177
9.321,4.296,3.3,0.977367954291,0.00239979482382,0.996538203233,0.0137373514687,0.996538203253,0,0.889341254819,0.00262857370698
9.323,4.298,3.3,0.977442032414,0.00239417991242,0.996538203233,0.0137099281596,0.996538203253,0,0.88914430148,0.00262923032302
9.325,4.3,3.3,0.977516110536,0.00238856500102,0.996538203233,0.0136825633141,0.996538203253,0,0.888695518539,0.00263067587668
9.327,4.302,3.3,0.977590188659,0.00238295008962,0.996538203233,0.0136552552072,0.996538203253,0,0.88828415269,0.00263084214573
9.329,4.304,3.3,0.977664266781,0.00237733517822,0.996538203233,0.0136279988355,0.996538203253,0,0.887986226664,0.00262937124067
9.331,4.306,3.3,0.977738344904,0.00237172026682,0.996538203233,0.0136007996544,0.996538203253,0,0.887817211883,0.00262623693229
9.333,4.308,3.3,0.977812423026,0.00236610535542,0.996538203233,0.013573648938,0.996538203253,0,0.887655209072,0.00262695356057
9.335,4.31,3.3,0.977886501149,0.00236049044403,0.996538203233,0.0135465561041,0.996538203253,0,0.887405213157,0.00262870687642
9.337,4.312,3.3,0.977960579271,0.00235487553263,0.996538203233,0.0135195194449,0.996538203253,0,0.887374849904,0.00262944751579
9.339,4.314,3.3,0.978034657394,0.00234926062123,0.996538203233,0.0134925340066,0.996538203253,0,0.887367885329,0.00262842962911
9.341,4.316,3.3,0.978108735516,0.00234364570983,0.996538203233,0.0134656051904,0.996538203253,0,0.887331547759,0.00262552944175
9.343,4.318,3.3,0.978182813639,0.00233803079843,0.996538203233,0.0134387243571,0.996538203253,0,0.88755914246,0.00262681694267
9.345,4.32,3.3,0.978256891761,0.00233241588703,0.996538203233,0.0134119008311,0.996538203253,0,0.888114835511,0.00262974292197
9.347,4.322,3.3,0.978330969884,0.00232680097563,0.996538203233,0.0133851329213,0.996538203253,0,0.888282177255,0.00263076864897
9.349,4.324,3.3,0.978405048006,0.00232118606423,0.996538203233,0.0133584157232,0.996538203253,0,0.888377520402,0.00262991233408
9.351,4.326,3.3,0.978479126129,0.00231557115283,0.996538203233,0.0133317545845,0.996538203253,0,0.888487330611,0.00262725697299
9.353,4.328,3.3,0.978553204251,0.00230995624144,0.996538203233,0.0133051409517,0.996538203253,0,0.887976123507,0.00242469676618
9.355,4.33,3.3,0.978627282374,0.00230434133004,0.996538203233,0.0132785840565,0.996538203253,0,0.887190807345,0.00216660566169
9.357,4.332,3.3,0.978701360496,0.00229872641864,0.996538203233,0.0132520822247,0.996538203253,0,0.886547818718,0.00190535346333
9.359,4.334,3.3,0.978775438619,0.00229311150724,0.996538203233,0.0132256306005,0.996538203253,0,0.886087952003,0.00171282043319
9.361,4.336,3.3,0.978849516741,0.00228749659584,0.996538203233,0.0131992344784,0.996538203253,0,0.885814546877,0.00160520114002
9.363,4.338,3.3,0.978923594864,0.00228188168444,0.996538203233,0.0131728853405,0.996538203253,0,0.886323412945,0.00150730657071
9.365,4.34,3.3,0.978997672986,0.00227626677304,0.996538203233,0.0131465924554,0.996538203253,0,0.886827636077,0.00133435096028
9.367,4.342,3.3,0.979071751109,0.00227065186164,0.996538203233,0.0131203548189,0.996538203253,0,0.887785812772,0.00133173694342
9.369,4.344,3.3,0.979145829231,0.00226503695024,0.996538203233,0.0130941659683,0.996538203253,0,0.888520880287,0.00133994249319
9.371,4.346,3.3,0.979219907354,0.00225942203884,0.996538203233,0.0130680318493,0.996538203253,0,0.888859666276,0.0013171931006
9.373,4.348,3.3,0.979293985476,0.00225380712745,0.996538203233,0.0130419444562,0.996538203253,0,0.889122485679,0.00138572442455
9.375,4.35,3.3,0.979368063599,0.00224819221605,0.996538203233,0.013015912898,0.996538203253,0,0.889434012318,0.00150944627509
9.377,4.352,3.3,0.979442141721,0.00224257730465,0.996538203233,0.0129899353139,0.996538203253,0,0.889507094466,0.0015910891994
9.379,4.354,3.3,0.979516219844,0.00223696239325,0.996538203233,0.0129640069442,0.996538203253,0,0.889543811873,0.00164638779029
9.381,4.356,3.3,0.979590297966,0.00223134748185,0.996538203233,0.0129381329787,0.996538203253,0,0.889599282205,0.00168056625041
9.383,4.358,3.3,0.979664376089,0.00222573257045,0.996538203233,0.0129123051166,0.996538203253,0,0.889177204351,0.00170597541333
9.385,4.36,3.3,0.979738454211,0.00222011765905,0.996538203233,0.0128865323169,0.996538203253,0,0.888476297467,0.00172306361034
9.387,4.362,3.3,0.979812532334,0.00221450274765,0.996538203233,0.0128608129548,0.996538203253,0,0.887919808904,0.00173376464167
9.389,4.364,3.3,0.979886610456,0.00220888783625,0.996538203233,0.012835142318,0.996538203253,0,0.887539936649,0.00173974010551
9.391,4.366,3.3,0.979960688579,0.00220327292486,0.996538203233,0.0128095255446,0.996538203253,0,0.887274807785,0.00174156145808
9.393,4.368,3.3,0.980034766701,0.00219765801346,0.996538203233,0.0127839544162,0.996538203253,0,0.887619670001,0.00174603446702
9.395,4.37,3.3,0.980108844824,0.00219204310206,0.996538203233,0.0127584378029,0.996538203253,0,0.888208131662,0.00175064245726
9.397,4.372,3.3,0.980182922946,0.00218642819066,0.996538203233,0.012732974096,0.996538203253,0,0.888736075732,0.00175326024399
9.399,4.374,3.3,0.980257001069,0.00218081327926,0.996538203233,0.0127075586301,0.996538203253,0,0.889117719706,0.0017536340325
9.401,4.376,3.3,0.980331079191,0.00217519836786,0.996538203233,0.0126821964921,0.996538203253,0,0.889336069105,0.00175178693779
9.403,4.378,3.3,0.980405157314,0.00216958345646,0.996538203233,0.0126568795455,0.996538203253,0,0.889380055358,0.00171938410121
9.405,4.38,3.3,0.980479235437,0.00216396854506,0.996538203233,0.0126316165721,0.996538203253,0,0.889363075388,0.00167661638752
9.407,4.382,3.3,0.980553313559,0.00215835363366,0.996538203233,0.0126064059792,0.996538203253,0,0.889284196738,0.00163646676644
9.409,4.384,3.3,0.980627391682,0.00215273872227,0.996538203233,0.0125812431478,0.996538203253,0,0.889222208068,0.00160591786869
9.411,4.386,3.3,0.980701469804,0.00214712381087,0.996538203233,0.0125561331141,0.996538203253,0,0.889197369213,0.00158644607853
9.413,4.388,3.3,0.980775547927,0.00214150889947,0.996538203233,0.0125310678227,0.996538203253,0,0.889014421438,0.00150229537889
9.415,4.39,3.3,0.980849626049,0.00213589398807,0.996538203233,0.012506055847,0.996538203253,0,0.888623190747,0.00144617068741
9.417,4.392,3.3,0.980923704172,0.00213027907667,0.996538203233,0.0124810973485,0.996538203253,0,0.888377277887,0.00146861257652
9.419,4.394,3.3,0.980997782294,0.00212466416527,0.996538203233,0.0124561878291,0.996538203253,0,0.888227262372,0.001699381839
9.421,4.396,3.3,0.981071860417,0.00211904925387,0.996538203233,0.0124313250058,0.996538203253,0,0.888082382629,0.0021102289975
9.423,4.398,3.3,0.981145938539,0.00211343434247,0.996538203233,0.0124065066022,0.996538203253,0,0.888732017962,0.00199896355656
9.425,4.4,3.3,0.981220016662,0.00210781943107,0.996538203233,0.0123817433701,0.996538203253,0,0.889904246269,0.00174401238546
9.427,4.402,3.3,0.981294094784,0.00210220451968,0.996538203233,0.0123570314823,0.996538203253,0,0.890575386816,0.00165892756036
9.429,4.404,3.3,0.981368172907,0.00209658960828,0.996538203233,0.0123323664112,0.996538203253,0,0.891029855179,0.00180946235957
9.431,4.406,3.3,0.981442251029,0.00209097469688,0.996538203233,0.0123077530935,0.996538203253,0,0.891352991371,0.00220536526907
9.433,4.408,3.3,0.981516329152,0.00208535978548,0.996538203233,0.0122831836329,0.996538203253,0,0.891157232564,0.00208300415832
9.435,4.41,3.3,0.981590407274,0.00207974487408,0.996538203233,0.0122586665519,0.996538203253,0,0.890720843115,0.00180269803023
9.437,4.412,3.3,0.981664485397,0.00207412996268,0.996538203233,0.0122342003049,0.996538203252,0,0.890320904065,0.00169822733032
9.439,4.414,3.3,0.981738563519,0.00206851505128,0.996538203233,0.0122097804091,0.996538203252,0,0.890030150568,0.00183299951275
9.441,4.416,3.3,0.981812641642,0.00206290013988,0.996538203233,0.0121854117524,0.996538203252,0,0.889864794253,0.00221599894189
9.443,4.418,3.3,0.981886719764,0.00205728522848,0.996538203233,0.0121610865168,0.996538203252,0,0.889943476811,0.00208772091262
9.445,4.42,3.3,0.981960797887,0.00205167031709,0.996538203233,0.0121368131401,0.996538203252,0,0.890061343329,0.00180401605377
9.447,4.422,3.3,0.982034876009,0.00204605540569,0.996538203233,0.0121125900922,0.996538203252,0,0.890302324036,0.00169720183524
9.449,4.424,3.3,0.982108954132,0.00204044049429,0.996538203233,0.0120884129347,0.996538203252,0,0.890490890008,0.00182846667152
9.451,4.426,3.3,0.982183032254,0.00203482558289,0.996538203233,0.0120642865069,0.996538203252,0,0.89057243394,0.00220587063036
9.453,4.428,3.3,0.982257110377,0.00202921067149,0.996538203233,0.0120402030687,0.996538203252,0,0.890945191268,0.00208185878643
9.455,4.43,3.3,0.982331188499,0.00202359576009,0.996538203233,0.0120161709739,0.996538203252,0,0.891536227018,0.00180587547882
9.457,4.432,3.3,0.982405266622,0.00201798084869,0.996538203233,0.0119921887076,0.996538203252,0,0.89186206275,0.00170481637537
9.459,4.434,3.3,0.982479344744,0.00201236593729,0.996538203233,0.0119682518755,0.996538203252,0,0.892081038212,0.00183810485765
9.461,4.436,3.3,0.982553422867,0.00200675102589,0.996538203233,0.0119443652689,0.996538203252,0,0.89224019446,0.00221380494903
9.463,4.438,3.3,0.982627500989,0.0020011361145,0.996538203233,0.0119205212245,0.996538203252,0,0.892091422789,0.00209130926042
9.465,4.44,3.3,0.982701579112,0.0019955212031,0.996538203233,0.0118967280132,0.996538203252,0,0.891803851984,0.00181842236346
9.467,4.442,3.3,0.982775657234,0.0019899062917,0.996538203233,0.0118729841351,0.996538203252,0,0.891544677666,0.00171699531865
9.469,4.444,3.3,0.982849735357,0.0019842913803,0.996538203233,0.0118492852396,0.996538203252,0,0.891356622428,0.00184782039185
9.471,4.446,3.3,0.982923813479,0.0019786764689,0.996538203233,0.0118256360703,0.996538203252,0,0.891248970284,0.00221941053783
9.473,4.448,3.3,0.982997891602,0.0019730615575,0.996538203233,0.0118020290401,0.996538203252,0,0.890956909757,0.00209235151151
9.475,4.45,3.3,0.983071969724,0.0019674466461,0.996538203233,0.0117784723378,0.996538203252,0,0.890546052673,0.0018134328368
9.477,4.452,3.3,0.983146047847,0.0019618317347,0.996538203233,0.0117549644782,0.996538203252,0,0.890225190649,0.0017058924742
9.479,4.454,3.3,0.983220125969,0.0019562168233,0.996538203233,0.0117315011541,0.996538203252,0,0.89001158373,0.00183054117142
9.481,4.456,3.3,0.983294204092,0.0019506019119,0.996538203233,0.0117080870619,0.996538203252,0,0.889855093469,0.00219512728632
9.483,4.458,3.3,0.983368282214,0.00194498700051,0.996538203233,0.01168471469,0.996538203252,0,0.890272002174,0.00207222880707
9.485,4.46,3.3,0.983442360337,0.00193937208911,0.996538203233,0.0116613921457,0.996538203252,0,0.890907189849,0.00180234920646
9.487,4.462,3.3,0.983516438459,0.00193375717771,0.996538203233,0.0116381179585,0.996538203252,0,0.891467146927,0.00170123193725
9.489,4.464,3.3,0.983590516582,0.00192814226631,0.996538203233,0.0116148878643,0.996538203252,0,0.891872393018,0.0018282766851
9.491,4.466,3.3,0.983664594704,0.00192252735491,0.996538203233,0.0115917065126,0.996538203252,0,0.892106420235,0.00219175873316
9.493,4.468,3.3,0.983738672827,0.00191691244351,0.996538203233,0.0115685664664,0.996538203252,0,0.892218508737,0.00207368864814
9.495,4.47,3.3,0.983812750949,0.00191129753211,0.996538203233,0.0115454757524,0.996538203252,0,0.892287011428,0.00181010071449
9.497,4.472,3.3,0.983886829072,0.00190568262071,0.996538203233,0.011522432915,0.996538203252,0,0.89228162215,0.00171345518987
9.499,4.474,3.3,0.983960907194,0.00190006770931,0.996538203233,0.0114994337322,0.996538203252,0,0.892272048822,0.00184177049851
9.501,4.476,3.3,0.984034985317,0.00189445279792,0.996538203233,0.0114764828074,0.996538203252,0,0.892277539358,0.00220305474504
9.503,4.478,3.3,0.984109063439,0.00188883788652,0.996538203233,0.0114535727776,0.996538203252,0,0.892088155707,0.00208328849315
9.505,4.48,3.3,0.984183141562,0.00188322297512,0.996538203233,0.0114307115897,0.996538203252,0,0.891822611339,0.00181806717847
9.507,4.482,3.3,0.984257219684,0.00187760806372,0.996538203233,0.0114078978023,0.996538203252,0,0.891594800676,0.00171799960903
9.509,4.484,3.3,0.984331297807,0.00187199315232,0.996538203233,0.0113851272357,0.996538203252,0,0.891430473884,0.00184181303231
9.511,4.486,3.3,0.98440537593,0.00186637824092,0.996538203232,0.0113624044473,0.996538203252,0,0.891334523611,0.0021977488542
9.513,4.488,3.3,0.984479454052,0.00186076332952,0.996538203232,0.0113397221475,0.996538203252,0,0.89138297868,0.00207580128891
9.515,4.49,3.3,0.984553532175,0.00185514841812,0.996538203232,0.011317088204,0.996538203252,0,0.891399941295,0.00180824111043
9.517,4.492,3.3,0.984627610297,0.00184953350672,0.996538203232,0.0112945011899,0.996538203252,0,0.891570614566,0.00170683607124
9.519,4.494,3.3,0.98470168842,0.00184391859533,0.996538203232,0.0112719569669,0.996538203252,0,0.891707562384,0.00182790808959
9.521,4.496,3.3,0.984775766542,0.00183830368393,0.996538203232,0.0112494600473,0.996538203252,0,0.891760563151,0.00217908938949
9.523,4.498,3.3,0.984849844665,0.00183268877253,0.996538203232,0.0112270032137,0.996538203252,0,0.892290973117,0.00206186434467
9.525,4.5,3.3,0.984923922787,0.00182707386113,0.996538203232,0.0112045942558,0.996538203252,0,0.893157986254,0.00180216787445
9.527,4.502,3.3,0.98499800091,0.00182145894973,0.996538203232,0.0111822317609,0.996538203252,0,0.893674436311,0.0017066133303
9.529,4.504,3.3,0.985072079032,0.00181584403833,0.996538203232,0.0111599116317,0.996538203252,0,0.894025998791,0.00183001500846
9.531,4.506,3.3,0.985146157155,0.00181022912693,0.996538203232,0.0111376383356,0.996538203252,0,0.894272138776,0.00217969037632
9.533,4.508,3.3,0.985220235277,0.00180461421553,0.996538203232,0.0111154047271,0.996538203252,0,0.894180942738,0.00206617848071
9.535,4.51,3.3,0.9852943134,0.00179899930413,0.996538203232,0.0110932185184,0.996538203252,0,0.893928888314,0.00181303943349
9.537,4.512,3.3,0.985368391522,0.00179338439274,0.996538203232,0.0110710783109,0.996538203252,0,0.893693045645,0.00171964329444
9.539,4.514,3.3,0.985442469645,0.00178776948134,0.996538203232,0.0110489800479,0.996538203252,0,0.893521187656,0.00184248840122
9.541,4.516,3.3,0.985516547767,0.00178215456994,0.996538203232,0.0110269281525,0.996538203252,0,0.893424225821,0.00218947228027
9.543,4.518,3.3,0.98559062589,0.00177653965854,0.996538203232,0.0110049155502,0.996538203252,0,0.893101199407,0.00207195476026
9.545,4.52,3.3,0.985664704012,0.00177092474714,0.996538203232,0.0109829498765,0.996538203252,0,0.892702494874,0.00181380927554
9.547,4.522,3.3,0.985738782135,0.00176530983574,0.996538203232,0.0109610297467,0.996538203252,0,0.892369006919,0.00171483662659
9.549,4.524,3.3,0.985801349896,0.00176108568546,0.996538203232,0.0109391511446,0.996538203252,0,0.892129210561,0.00183176392331
9.551,4.526,3.3,0.985828732841,0.00176111280698,0.996538203232,0.0109173184492,0.996538203252,0,0.891987715163,0.00217256515202
9.553,4.528,3.3,0.985856115785,0.00176113992851,0.996538203232,0.0108955246562,0.996538203252,0,0.892334547172,0.00205676145866
9.555,4.53,3.3,0.98588349873,0.00176116705003,0.996538203232,0.0108737773254,0.996538203252,0,0.892833346875,0.00180231040132
9.557,4.532,3.3,0.985910881675,0.00176119417155,0.996538203232,0.0108520750858,0.996538203252,0,0.893347905469,0.00170693632142
9.559,4.534,3.3,0.98593826462,0.00176122129308,0.996538203232,0.010830413961,0.996538203252,0,0.893726795494,0.00182473513143
9.561,4.536,3.3,0.985965647565,0.0017612484146,0.996538203232,0.0108087982866,0.996538203252,0,0.893932978439,0.00216304846162
9.563,4.538,3.3,0.985993030509,0.00176127553613,0.996538203232,0.010787221128,0.996538203252,0,0.894213597336,0.00205242022393
9.565,4.54,3.3,0.986020413454,0.00176130265765,0.996538203232,0.0107656899697,0.996538203252,0,0.894564790824,0.00180611471582
9.567,4.542,3.3,0.986047796399,0.00176132977918,0.996538203232,0.0107442034544,0.996538203252,0,0.894730878882,0.00171592763663
9.569,4.544,3.3,0.986075179344,0.0017613569007,0.996538203232,0.0107227576452,0.996538203252,0,0.894838701304,0.00183556013524
9.571,4.546,3.3,0.986102562288,0.00176138402223,0.996538203232,0.0107013568346,0.996538203252,0,0.894925008671,0.00217236837836
9.573,4.548,3.3,0.986129945233,0.00176141114375,0.996538203232,0.010679994157,0.996538203252,0,0.894726818897,0.0020616912332
9.575,4.55,3.3,0.986157328178,0.00176143826528,0.996538203232,0.0106586770224,0.996538203252,0,0.894407840354,0.00181580861025
9.577,4.552,3.3,0.986184711123,0.0017614653868,0.996538203232,0.010637404087,0.996538203252,0,0.894127702088,0.00172372629885
9.579,4.554,3.3,0.986212094067,0.00176149250833,0.996538203232,0.0106161714532,0.996538203252,0,0.893925054949,0.00184006246701
9.581,4.556,3.3,0.986239477012,0.00176151962985,0.996538203232,0.0105949833706,0.996538203252,0,0.893807849695,0.00217247445017
9.583,4.558,3.3,0.986266859957,0.00176154675138,0.996538203232,0.010573833042,0.996538203252,0,0.893625981105,0.00205834595381
9.585,4.56,3.3,0.986294242902,0.0017615738729,0.996538203232,0.0105527278037,0.996538203252,0,0.893287604745,0.00180759126924
9.587,4.562,3.3,0.986321625847,0.00176160099442,0.996538203232,0.0105316663252,0.996538203252,0,0.893211854455,0.00171239890185
9.589,4.564,3.3,0.986349008791,0.00176162811595,0.996538203232,0.0105106447477,0.996538203252,0,0.893177360025,0.00182488648684
9.591,4.566,3.3,0.986376391736,0.00176165523747,0.996538203232,0.0104896672786,0.996538203252,0,0.893117957989,0.00215201022004
9.593,4.568,3.3,0.986403774681,0.001761682359,0.996538203232,0.0104687271881,0.996538203252,0,0.893691077344,0.00204187183663
9.595,4.57,3.3,0.986431157626,0.00176170948052,0.996538203232,0.0104478317398,0.996538203252,0,0.894577435671,0.00179936039198
9.597,4.572,3.3,0.98645854057,0.00176173660205,0.996538203232,0.0104269796164,0.996538203252,0,0.895332952821,0.00170863509091
9.599,4.574,3.3,0.986485923515,0.00176176372357,0.996538203232,0.0104061669972,0.996538203252,0,0.895864338916,0.00182250481608
9.601,4.576,3.3,0.98651330646,0.0017617908451,0.996538203232,0.0103853980481,0.996538203252,0,0.89619588167,0.00214795229682
9.603,4.578,3.3,0.986540689405,0.00176181796662,0.996538203232,0.010364666106,0.996538203252,0,0.896168388751,0.00204274463919
9.605,4.58,3.3,0.986568072349,0.00176184508815,0.996538203232,0.0103439783624,0.996538203252,0,0.895989069715,0.00180769166883
9.607,4.582,3.3,0.986595455294,0.00176187220967,0.996538203232,0.0103233335129,0.996538203252,0,0.895801622587,0.00172155143453
9.609,4.584,3.3,0.986622838239,0.0017618993312,0.996538203232,0.010302727775,0.996538203252,0,0.895663432681,0.00183679209475
9.611,4.586,3.3,0.986650221184,0.00176192645272,0.996538203232,0.0102821652731,0.996538203252,0,0.89558854821,0.00216072775766
9.613,4.588,3.3,0.986677604129,0.00176195357425,0.996538203232,0.0102616394104,0.996538203252,0,0.895280308701,0.00205250473919
9.615,4.59,3.3,0.986704987073,0.00176198069577,0.996538203232,0.0102411573067,0.996538203252,0,0.89489085946,0.00181348012418
9.617,4.592,3.3,0.986732370018,0.00176200781729,0.996538203232,0.0102207176709,0.996538203252,0,0.894563499556,0.00172260388006
9.619,4.594,3.3,0.986759752963,0.00176203493882,0.996538203232,0.0102003167579,0.996538203252,0,0.894327962956,0.00183264916019
9.621,4.596,3.3,0.986787135908,0.00176206206034,0.996538203232,0.0101799586511,0.996538203252,0,0.894189267781,0.00215103130644
9.623,4.598,3.3,0.986814518852,0.00176208918187,0.996538203232,0.0101596368192,0.996538203252,0,0.894333641083,0.00204216942412
9.625,4.6,3.3,0.986841901797,0.00176211630339,0.996538203232,0.0101393583115,0.996538203252,0,0.894535182603,0.00180346281487
9.627,4.602,3.3,0.986869284742,0.00176214342492,0.996538203232,0.0101191218494,0.996538203252,0,0.894828829739,0.00171303531715
9.629,4.604,3.3,0.986896667687,0.00176217054644,0.996538203232,0.0100989237253,0.996538203252,0,0.895053277838,0.00182184480634
9.631,4.606,3.3,0.986924050631,0.00176219766797,0.996538203232,0.0100787679818,0.996538203252,0,0.895160864499,0.00213665835171
9.633,4.608,3.3,0.986951433576,0.00176222478949,0.996538203232,0.0100586481528,0.996538203252,0,0.895570733012,0.00203277139843
9.635,4.61,3.3,0.986978816521,0.00176225191102,0.996538203232,0.0100385712172,0.996538203252,0,0.896202157213,0.00180192594998
9.637,4.612,3.3,0.987006199466,0.00176227903254,0.996538203232,0.0100185359093,0.996538203252,0,0.896554516873,0.00171731946358
9.639,4.614,3.3,0.987033582411,0.00176230615407,0.996538203232,0.00999853855826,0.996538203252,0,0.89679190476,0.00182854768654
9.641,4.616,3.3,0.987060965355,0.00176233327559,0.996538203232,0.00997858316663,0.996538203252,0,0.896963215299,0.00214233247076
9.643,4.618,3.3,0.9870883483,0.00176236039712,0.996538203232,0.0099586633324,0.996538203252,0,0.896821261909,0.0020399743787
9.645,4.62,3.3,0.987115731245,0.00176238751864,0.996538203232,0.00993878596526,0.996538203252,0,0.896536951815,0.00181200993102
9.647,4.622,3.3,0.98714311419,0.00176241464016,0.996538203232,0.00991894981207,0.996538203252,0,0.896279580347,0.00172729194265
9.649,4.624,3.3,0.987170497134,0.00176244176169,0.996538203232,0.00989915123842,0.996538203252,0,0.896092737423,0.0018365984698
9.651,4.626,3.3,0.987197880079,0.00176246888321,0.996538203232,0.0098793942071,0.996538203252,0,0.895985964906,0.00214703905397
9.653,4.628,3.3,0.987225263024,0.00176249600474,0.996538203232,0.00985967237972,0.996538203252,0,0.895693444509,0.00204082871121
9.655,4.63,3.3,0.987252645969,0.00176252312626,0.996538203232,0.0098399925973,0.996538203252,0,0.895280888644,0.00180788789632
9.657,4.632,3.3,0.987280028914,0.00176255024779,0.996538203232,0.00982035361916,0.996538203252,0,0.894954046726,0.00171800327783
9.659,4.634,3.3,0.987307411858,0.00176257736931,0.996538203232,0.009800751847,0.996538203252,0,0.89473262264,0.0018220243948
9.661,4.636,3.3,0.987334794803,0.00176260449084,0.996538203232,0.00978119120424,0.996538203252,0,0.89458012897,0.00212671006814
9.663,4.638,3.3,0.987362177748,0.00176263161236,0.996538203232,0.00976166541549,0.996538203252,0,0.895108969297,0.00202387956801
9.665,4.64,3.3,0.987389560693,0.00176265873389,0.996538203232,0.00974218125376,0.996538203252,0,0.895883820981,0.00179779207055
9.667,4.642,3.3,0.987416943637,0.00176268585541,0.996538203232,0.0097227374907,0.996538203252,0,0.89658276947,0.00171337952869
9.669,4.644,3.3,0.987444326582,0.00176271297694,0.996538203232,0.0097033305638,0.996538203252,0,0.897089973542,0.00181961398693
9.671,4.646,3.3,0.987471709527,0.00176274009846,0.996538203232,0.00968396435746,0.996538203252,0,0.897380222554,0.00212322895926
9.673,4.648,3.3,0.987499092472,0.00176276721999,0.996538203232,0.00966463265867,0.996538203252,0,0.897525938481,0.00202484817762
9.675,4.65,3.3,0.987526475416,0.00176279434151,0.996538203232,0.00964534217313,0.996538203252,0,0.897624367264,0.00180509720627
9.677,4.652,3.3,0.987553858361,0.00176282146303,0.996538203232,0.00962609168469,0.996538203252,0,0.897622103313,0.00172465572763
9.679,4.654,3.3,0.987581241306,0.00176284858456,0.996538203232,0.00960687766625,0.996538203252,0,0.897612786074,0.00183206006063
9.681,4.656,3.3,0.987608624251,0.00176287570608,0.996538203232,0.00958770396359,0.996538203252,0,0.89762232035,0.00213402168205
9.683,4.658,3.3,0.987636007196,0.00176290282761,0.996538203232,0.00956856442548,0.996538203252,0,0.897372060642,0.00203403835194
9.685,4.66,3.3,0.98766339014,0.00176292994913,0.996538203232,0.00954946569095,0.996538203252,0,0.897019996665,0.00181249677145
9.687,4.662,3.3,0.987690773085,0.00176295707066,0.996538203232,0.00953040655594,0.996538203252,0,0.8967177773,0.00172891276351
9.689,4.664,3.3,0.98771815603,0.00176298419218,0.996538203232,0.00951138352841,0.996538203252,0,0.896499760976,0.00183235874923
9.691,4.666,3.3,0.987745538975,0.00176301131371,0.996538203232,0.00949240041591,0.996538203252,0,0.89637249312,0.00212972280152
9.693,4.668,3.3,0.987772921919,0.00176303843523,0.996538203232,0.00947345112837,0.996538203252,0,0.896233814417,0.00202764276627
9.695,4.67,3.3,0.987800304864,0.00176306555676,0.996538203232,0.0094545422388,0.996538203252,0,0.896033709905,0.00180380009792
9.697,4.672,3.3,0.987827687809,0.00176309267828,0.996538203232,0.00943567255513,0.996538203252,0,0.895980284377,0.00171884586881
9.699,4.674,3.3,0.987855070754,0.00176311979981,0.996538203232,0.00941683862002,0.996538203252,0,0.895952226114,0.00181982320607
9.701,4.676,3.3,0.987882453698,0.00176314692133,0.996538203232,0.0093980442032,0.996538203252,0,0.895915421499,0.00211310328518
9.703,4.678,3.3,0.987909836643,0.00176317404286,0.996538203232,0.00937928327508,0.996538203252,0,0.896653767741,0.00201537237852
9.705,4.68,3.3,0.987937219588,0.00176320116438,0.996538203232,0.00936056234339,0.996538203252,0,0.897918203141,0.00179884112651
9.707,4.682,3.3,0.987964602533,0.0017632282859,0.996538203232,0.00934188022788,0.996538203252,0,0.898709414862,0.00171921842318
9.709,4.684,3.3,0.987991985478,0.00176325540743,0.996538203232,0.00932323350559,0.996538203252,0,0.899250194029,0.00182245362636
9.711,4.686,3.3,0.988019368422,0.00176328252895,0.996538203232,0.00930462590875,0.996538203252,0,0.899624312046,0.00211467428556
9.713,4.688,3.3,0.988046751367,0.00176330965048,0.996538203232,0.00928605146775,0.996538203252,0,0.899554820374,0.00201989675874
9.715,4.69,3.3,0.988074134312,0.001763336772,0.996538203232,0.00926751662559,0.996538203252,0,0.899267608568,0.00180844405219
9.717,4.692,3.3,0.988101517257,0.00176336389353,0.996538203232,0.00924902021378,0.996538203252,0,0.898991249572,0.00173043276449
9.719,4.694,3.3,0.988128900201,0.00176339101505,0.996538203232,0.00923055884337,0.996538203252,0,0.898789248242,0.00183306957344
9.721,4.696,3.3,0.988156283146,0.00176341813658,0.996538203232,0.0092121362095,0.996538203252,0,0.898676474063,0.00212295424595
9.723,4.698,3.3,0.988183666091,0.0017634452581,0.996538203232,0.00919374640189,0.996538203252,0,0.898277994337,0.00202477123855
9.725,4.7,3.3,0.988211049036,0.00176347237963,0.996538203232,0.0091753957995,0.996538203252,0,0.897782672898,0.00180909866321
9.727,4.702,3.3,0.98823843198,0.00176349950115,0.996538203232,0.00915708324546,0.996538203252,0,0.897367746501,0.00172640374739
9.729,4.704,3.3,0.988265814925,0.00176352662268,0.996538203232,0.0091388053845,0.996538203252,0,0.897069334544,0.00182407937105
9.731,4.706,3.3,0.98829319787,0.0017635537442,0.996538203232,0.00912056587503,0.996538203252,0,0.896893363254,0.00210878757094
9.733,4.708,3.3,0.988320580815,0.00176358086573,0.996538203232,0.00910235886552,0.996538203252,0,0.897099331497,0.00201189537465
9.735,4.71,3.3,0.98834796376,0.00176360798725,0.996538203232,0.00908419067153,0.996538203252,0,0.897283844552,0.00179897142041
9.737,4.712,3.3,0.988375346704,0.00176363510877,0.996538203232,0.00906606014767,0.996538203252,0,0.897717000193,0.00171919303538
9.739,4.714,3.3,0.988402729649,0.0017636622303,0.996538203232,0.00904796397205,0.996538203252,0,0.898056181252,0.00181755757175
9.741,4.716,3.3,0.988430112594,0.00176368935182,0.996538203232,0.00902990576669,0.996538203252,0,0.898202133326,0.00210011456571
9.743,4.718,3.3,0.988457495539,0.00176371647335,0.996538203232,0.00901187973824,0.996538203252,0,0.898730688624,0.00200943727335
9.745,4.72,3.3,0.988484878483,0.00176374359487,0.996538203232,0.00899389213947,0.996538203252,0,0.899501162497,0.00180593750255
9.747,4.722,3.3,0.988512261428,0.0017637707164,0.996538203232,0.00897594183638,0.996538203252,0,0.899957568272,0.00173284913926
9.749,4.724,3.3,0.988539644373,0.00176379783792,0.996538203232,0.0089580255401,0.996538203252,0,0.900268656765,0.00183444737174
9.751,4.726,3.3,0.988567027318,0.00176382495945,0.996538203232,0.00894014683666,0.996538203252,0,0.900485633863,0.00211673707004
9.753,4.728,3.3,0.988594410263,0.00176385208097,0.996538203232,0.00892229999028,0.996538203252,0,0.900417930949,0.00202771216559
9.755,4.73,3.3,0.988621793207,0.0017638792025,0.996538203232,0.00890449119158,0.996538203252,0,0.90021334323,0.00182659959896
9.757,4.732,3.3,0.988649176152,0.00176390632402,0.996538203232,0.00888671931784,0.996538203252,0,0.90002051548,0.00175328217739
9.759,4.734,3.3,0.988676559097,0.00176393344555,0.996538203232,0.00886898111287,0.996538203252,0,0.899879888698,0.00185306883303
9.761,4.736,3.3,0.988703942042,0.00176396056707,0.996538203232,0.00885128012706,0.996538203252,0,0.899800766688,0.00213230344395
9.763,4.738,3.3,0.988731324986,0.0017639876886,0.996538203232,0.00883361068164,0.996538203252,0,0.899532992649,0.00203945873995
9.765,4.74,3.3,0.988758707931,0.00176401481012,0.996538203232,0.00881597890571,0.996538203252,0,0.89920184493,0.00183394513183
9.767,4.742,3.3,0.988786090876,0.00176404193164,0.996538203232,0.0087983836877,0.996538203252,0,0.898924748662,0.00175589685355
9.769,4.744,3.3,0.988813473821,0.00176406905317,0.996538203232,0.00878082180378,0.996538203252,0,0.898725490624,0.00185075615271
9.771,4.746,3.3,0.988840856765,0.00176409617469,0.996538203232,0.00876329676905,0.996538203252,0,0.898607935859,0.00212491184874
9.773,4.748,3.3,0.98886823971,0.00176412329622,0.996538203232,0.00874580296121,0.996538203252,0,0.898363303566,0.00202727418593
9.775,4.75,3.3,0.988895622655,0.00176415041774,0.996538203232,0.0087283464484,0.996538203252,0,0.898003178896,0.0018164289632
9.777,4.752,3.3,0.9889230056,0.00176417753927,0.996538203232,0.00871092613012,0.996538203252,0,0.897703763406,0.00173302489824
9.779,4.754,3.3,0.988950388545,0.00176420466079,0.996538203232,0.00869353881459,0.996538203252,0,0.897494490667,0.00182258061149
9.781,4.756,3.3,0.988977771489,0.00176423178232,0.996538203232,0.00867618798196,0.996538203252,0,0.897366115287,0.00209139649404
9.783,4.758,3.3,0.989005154434,0.00176425890384,0.996538203232,0.00865886806581,0.996538203252,0,0.897876993792,0.00199911741901
9.785,4.76,3.3,0.989032537379,0.00176428602537,0.996538203232,0.00864158507399,0.996538203252,0,0.898821703673,0.00179790598612
9.787,4.762,3.3,0.989059920324,0.00176431314689,0.996538203232,0.00862433791691,0.996538203252,0,0.899337960603,0.00172233760051
9.789,4.764,3.3,0.989087303268,0.00176434026842,0.996538203232,0.00860712343452,0.996538203252,0,0.899684278605,0.00181606052801
9.791,4.766,3.3,0.989114686213,0.00176436738994,0.996538203232,0.00858994507239,0.996538203252,0,0.899937305079,0.00208509857202
9.793,4.768,3.3,0.989142069158,0.00176439451147,0.996538203232,0.00857279731942,0.996538203252,0,0.89995028497,0.00200042740245
9.795,4.77,3.3,0.989169452103,0.00176442163299,0.996538203232,0.00855568612374,0.996538203252,0,0.899821922772,0.00180898223196
9.797,4.772,3.3,0.989196835047,0.00176444875451,0.996538203232,0.00853861040661,0.996538203252,0,0.899716984903,0.00174103154382
9.799,4.774,3.3,0.989224217992,0.00176447587604,0.996538203232,0.00852156703937,0.996538203252,0,0.899641749447,0.00183879396074
9.801,4.776,3.3,0.989251600937,0.00176450299756,0.996538203232,0.00850455943335,0.996538203252,0,0.899596924201,0.00210802512688
9.803,4.778,3.3,0.989278983882,0.00176453011909,0.996538203232,0.00848758213223,0.996538203252,0,0.899492923748,0.00202438315469
9.805,4.78,3.3,0.989306366827,0.00176455724061,0.996538203232,0.00847064102502,0.996538203252,0,0.899371498235,0.00183416504064
9.807,4.782,3.3,0.989333749771,0.00176458436214,0.996538203232,0.00845373504368,0.996538203252,0,0.899271179078,0.00176530142779
9.809,4.784,3.3,0.989361132716,0.00176461148366,0.996538203232,0.00843686109068,0.996538203252,0,0.899199157169,0.00186085695597
9.811,4.786,3.3,0.989388515661,0.00176463860519,0.996538203232,0.00842002254342,0.996538203252,0,0.899156438401,0.00212686490236
9.813,4.788,3.3,0.989415898606,0.00176466572671,0.996538203232,0.00840321399983,0.996538203252,0,0.899053861274,0.0020393750583
9.815,4.79,3.3,0.98944328155,0.00176469284824,0.996538203232,0.00838644129036,0.996538203252,0,0.898933336121,0.00184483484624
9.817,4.792,3.3,0.989470664495,0.00176471996976,0.996538203232,0.00836970335762,0.996538203252,0,0.898833616458,0.00177138066413
9.819,4.794,3.3,0.98949804744,0.00176474709129,0.996538203232,0.00835299713484,0.996538203252,0,0.898762011658,0.00186218614281
9.821,4.796,3.3,0.989525430385,0.00176477421281,0.996538203232,0.00833632596587,0.996538203252,0,0.898719566305,0.00212332148881
9.823,4.798,3.3,0.989552813329,0.00176480133434,0.996538203232,0.00831968450232,0.996538203252,0,0.898617173921,0.00203088590319
9.825,4.8,3.3,0.989580196274,0.00176482845586,0.996538203232,0.0083030785167,0.996538203252,0,0.898496765632,0.00183134787554
9.827,4.802,3.3,0.989607579219,0.00176485557738,0.996538203232,0.00828650696212,0.996538203252,0,0.898397123782,0.00175287023044
9.829,4.804,3.3,0.989634962164,0.00176488269891,0.996538203232,0.0082699668023,0.996538203252,0,0.898325573121,0.0018386399342
9.831,4.806,3.3,0.989662345109,0.00176490982043,0.996538203232,0.00825346134784,0.996538203252,0,0.898283163256,0.00209473287121
9.833,4.808,3.3,0.989689728053,0.00176493694196,0.996538203232,0.00823698530353,0.996538203252,0,0.899151643083,0.00200423837366
9.835,4.81,3.3,0.989717110998,0.00176496406348,0.996538203232,0.00822054438449,0.996538203252,0,0.900344832548,0.00180793825596
9.837,4.812,3.3,0.989744493943,0.00176499118501,0.996538203232,0.00820413755424,0.996538203252,0,0.901612965556,0.00173317429057
9.839,4.814,3.3,0.989771876888,0.00176501830653,0.996538203232,0.00818776180668,0.996538203252,0,0.902546021304,0.00182038531919
9.841,4.816,3.3,0.989799259832,0.00176504542806,0.996538203232,0.00817142041951,0.996538203252,0,0.90305761274,0.00207491585922
9.843,4.818,3.3,0.989826642777,0.00176507254958,0.996538203232,0.00815510815013,0.996538203252,0,0.903227812633,0.00199475340038
9.845,4.82,3.3,0.989854025722,0.00176509967111,0.996538203232,0.00813883065688,0.996538203252,0,0.903268800764,0.00181412843649
9.847,4.822,3.3,0.989881408667,0.00176512679263,0.996538203232,0.00812258691357,0.996538203252,0,0.903237819906,0.00175023047214
9.849,4.824,3.3,0.989908791612,0.00176515391416,0.996538203232,0.00810637394398,0.996538203252,0,0.903209610509,0.00184371714854
9.851,4.826,3.3,0.989936174556,0.00176518103568,0.996538203232,0.00809019499323,0.996538203252,0,0.903204562596,0.00210020830505
9.853,4.828,3.3,0.989963557501,0.00176520815721,0.996538203232,0.00807404487084,0.996538203252,0,0.902980528439,0.00201994352722
9.855,4.83,3.3,0.989990940446,0.00176523527873,0.996538203232,0.0080579291789,0.996538203252,0,0.902672285831,0.00183783227466
9.857,4.832,3.3,0.990018215327,0.00176468702767,0.996538203232,0.00804184690141,0.996538203252,0,0.902408773709,0.00177129902353
9.859,4.834,3.3,0.990044377213,0.00175821276404,0.996538203232,0.00802579509175,0.996538203252,0,0.902218776728,0.0018614570261
9.861,4.836,3.3,0.990070539099,0.00175173850042,0.996538203232,0.00800977696277,0.996538203252,0,0.902107677145,0.00211407619427
9.863,4.838,3.3,0.990096700986,0.00174526423679,0.996538203232,0.0079937873756,0.996538203252,0,0.901811984964,0.00202960654388
9.865,4.84,3.3,0.990122862872,0.00173878997316,0.996538203232,0.00797783187663,0.996538203252,0,0.901458413279,0.00184303935338
9.867,4.842,3.3,0.990149024758,0.00173231570954,0.996538203232,0.00796190945996,0.996538203252,0,0.901164719313,0.0017719098669
9.869,4.844,3.3,0.990175186644,0.00172584144591,0.996538203232,0.00794601720827,0.996538203252,0,0.9009537228,0.00185738969414
9.871,4.846,3.3,0.990201348531,0.00171936718228,0.996538203232,0.00793015830247,0.996538203252,0,0.900828858036,0.00210526907585
9.873,4.848,3.3,0.990227510417,0.00171289291866,0.996538203232,0.00791432765476,0.996538203252,0,0.900523864863,0.00201602398171
9.875,4.85,3.3,0.990253672303,0.00170641865503,0.996538203232,0.00789853075641,0.996538203252,0,0.900164409603,0.00182465777717
9.877,4.852,3.3,0.990279834189,0.0016999443914,0.996538203232,0.00788276661152,0.996538203252,0,0.899866798127,0.0017487198176
9.879,4.854,3.3,0.990305996075,0.00169347012778,0.996538203232,0.00786703233176,0.996538203252,0,0.899653075939,0.00182938851563
9.881,4.856,3.3,0.990332157962,0.00168699586415,0.996538203232,0.00785133106643,0.996538203252,0,0.899526424497,0.00207245759205
9.883,4.858,3.3,0.990358319848,0.00168052160052,0.996538203232,0.0078356577783,0.996538203252,0,0.899549430736,0.0016971361325
9.885,4.86,3.3,0.990384481734,0.00167404733689,0.996538203232,0.00782001789207,0.996538203252,0,0.899760569028,0.00114204843567
9.887,4.862,3.3,0.99041064362,0.00166757307327,0.996538203232,0.00780441092598,0.996538203252,0,0.899807946104,0.000713694214545
9.889,4.864,3.3,0.990436805507,0.00166109880964,0.996538203232,0.0077888329472,0.996538203252,0,0.899826976756,0.000530536912304
9.891,4.866,3.3,0.990462967393,0.00165462454601,0.996538203232,0.00777328751637,0.996538203252,0,0.899868414788,0.000623937383598
9.893,4.868,3.3,0.990489129279,0.00164815028239,0.996538203232,0.00775776988487,0.996538203252,0,0.899675482573,0.000282868817988
9.895,4.87,3.3,0.990515291165,0.00164167601876,0.996538203232,0.00774228547389,0.996538203252,0,0.899347392237,-0.000224121474193
9.897,4.872,3.3,0.990541453052,0.00163520175513,0.996538203232,0.00772683316846,0.996538203252,0,0.899129173418,-0.000486163621083
9.899,4.874,3.3,0.990567614938,0.00162872749151,0.996538203232,0.00771141013739,0.996538203252,0,0.898977371146,-0.000534827052782
9.901,4.876,3.3,0.990593776824,0.00162225322788,0.996538203232,0.00769601946766,0.996538203252,0,0.898877810306,-0.000386076829335
9.903,4.878,3.3,0.99061993871,0.00161577896425,0.996538203232,0.00768065622171,0.996538203252,0,0.89881143139,-0.000443311680298
9.905,4.88,3.3,0.990646100597,0.00160930470063,0.996538203232,0.00766532572865,0.996538203252,0,0.89877011613,-0.000541490236508
9.907,4.882,3.3,0.990672262483,0.001602830437,0.996538203232,0.00765002702201,0.996538203252,0,0.898742843189,-0.000532895277582
9.909,4.884,3.3,0.990698424369,0.00159635617337,0.996538203232,0.00763475729873,0.996538203252,0,0.898723894763,-0.00039468061804
9.911,4.886,3.3,0.990724586255,0.00158988190974,0.996538203232,0.00761951961512,0.996538203252,0,0.898711419543,-0.000125039612605
9.913,4.888,3.3,0.990750748141,0.00158340764612,0.996538203232,0.00760430908268,0.996538203252,0,0.898703883486,-0.000102101012731
9.915,4.89,3.3,0.990776910028,0.00157693338249,0.996538203232,0.00758913097757,0.996538203252,0,0.89869979075,-0.000151272377639
9.917,4.892,3.3,0.990803071914,0.00157045911886,0.996538203232,0.00757398434292,0.996538203252,0,0.898697301998,-0.00011159646173
9.919,4.894,3.3,0.9908292338,0.00156398485524,0.996538203232,0.00755886640352,0.996538203252,0,0.898695597593,4.68351588022e-05
9.921,4.896,3.3,0.990855395686,0.00155751059161,0.996538203232,0.00754378018531,0.996538203252,0,0.89869442582,0.000328136650436
9.923,4.898,3.3,0.990881557573,0.00155103632798,0.996538203232,0.00752872084839,0.996538203252,0,0.898694527385,0.00035745793416
9.925,4.9,3.3,0.990907719459,0.00154456206436,0.996538203232,0.00751369361647,0.996538203252,0,0.898695266018,0.000310632546213
9.927,4.902,3.3,0.990933881345,0.00153808780073,0.996538203232,0.00749869754217,0.996538203252,0,0.898695994178,0.000350335993674
9.929,4.904,3.3,0.990960043231,0.0015316135371,0.996538203232,0.0074837298779,0.996538203252,0,0.898696527994,0.000507392623066
9.931,4.906,3.3,0.990986205118,0.00152513927348,0.996538203232,0.0074687936195,0.996538203252,0,0.898696823373,0.000786216910523
9.933,4.908,3.3,0.991012367004,0.00151866500985,0.996538203232,0.00745388397519,0.996538203252,0,0.899219974661,0.00078767910924
9.935,4.91,3.3,0.99103852889,0.00151219074622,0.996538203232,0.00743900611674,0.996538203252,0,0.899741036469,0.00071259096167
9.937,4.912,3.3,0.991064690776,0.0015057164826,0.996538203232,0.00742415910621,0.996538203252,0,0.900487907104,0.000713043215778
9.939,4.914,3.3,0.991090852662,0.00149924221897,0.996538203232,0.00740934022329,0.996538203252,0,0.90105355627,0.000839234367047
9.941,4.916,3.3,0.991117014549,0.00149276795534,0.996538203232,0.00739455243408,0.996538203252,0,0.901332057312,0.00110063033108
9.943,4.918,3.3,0.991143176435,0.00148629369171,0.996538203232,0.0073797909944,0.996538203252,0,0.901763310232,0.0010482297921
9.945,4.92,3.3,0.991169338321,0.00147981942809,0.996538203232,0.00736506102463,0.996538203252,0,0.902304783023,0.000896648268843
9.947,4.922,3.3,0.991195500207,0.00147334516446,0.996538203232,0.00735036159613,0.996538203252,0,0.902618367886,0.000846835097657
9.949,4.924,3.3,0.991221662094,0.00146687090083,0.996538203232,0.00733569001567,0.996538203252,0,0.902831149688,0.000936936367892
9.951,4.926,3.3,0.99124782398,0.00146039663721,0.996538203232,0.00732104921983,0.996538203252,0,0.902981461227,0.00117262977003
9.953,4.928,3.3,0.991273985866,0.00145392237358,0.996538203232,0.0073064345116,0.996538203252,0,0.902905575852,0.00110345319381
9.955,4.93,3.3,0.991300147752,0.00144744810995,0.996538203232,0.00729185096046,0.996538203252,0,0.902723612635,0.000941573987075
9.957,4.932,3.3,0.991326309639,0.00144097384633,0.996538203232,0.00727729764701,0.996538203252,0,0.902555505968,0.000883415018435
9.959,4.934,3.3,0.991352471525,0.0014344995827,0.996538203232,0.00726277190478,0.996538203252,0,0.90243314269,0.000966356573715
9.961,4.936,3.3,0.991378633411,0.00142802531907,0.996538203232,0.00724827664117,0.996538203252,0,0.902363766818,0.00119582741706
9.963,4.938,3.3,0.991404795297,0.00142155105545,0.996538203232,0.00723380720585,0.996538203252,0,0.902139440917,0.00112100874326
9.965,4.94,3.3,0.991430957184,0.00141507679182,0.996538203232,0.00721936861792,0.996538203252,0,0.901863577928,0.000953935197957
9.967,4.942,3.3,0.99145711907,0.00140860252819,0.996538203232,0.00720495996711,0.996538203252,0,0.901632949179,0.000890843238212
9.969,4.944,3.3,0.991483280956,0.00140212826456,0.996538203232,0.00719057861346,0.996538203252,0,0.901467085099,0.000969013045563
9.971,4.946,3.3,0.991509442842,0.00139565400094,0.996538203232,0.00717622743546,0.996538203252,0,0.901369194476,0.00119384184336
9.973,4.948,3.3,0.991535604728,0.00138917973731,0.996538203232,0.00716190182901,0.996538203252,0,0.90112560145,0.00111446329836
9.975,4.95,3.3,0.991561766615,0.00138270547368,0.996538203232,0.00714760676333,0.996538203252,0,0.900837550559,0.000942896159534
9.977,4.952,3.3,0.991587928501,0.00137623121006,0.996538203232,0.00713334133718,0.996538203252,0,0.900598806636,0.000875352447522
9.979,4.954,3.3,0.991614090387,0.00136975694643,0.996538203232,0.00711910293686,0.996538203252,0,0.900427296286,0.000949098652285
9.981,4.956,3.3,0.991640252273,0.0013632826828,0.996538203232,0.00710489441223,0.996538203252,0,0.900325704535,0.00116952866471
9.983,4.958,3.3,0.99166641416,0.00135680841918,0.996538203232,0.00709071120497,0.996538203252,0,0.900497970157,0.00109075506133
9.985,4.96,3.3,0.991692576046,0.00135033415555,0.996538203232,0.00707655823489,0.996538203252,0,0.900719106684,0.000920866544889
9.987,4.962,3.3,0.991718737932,0.00134385989192,0.996538203232,0.00706243460973,0.996538203252,0,0.901026214813,0.000855443455582
9.989,4.964,3.3,0.991744899818,0.0013373856283,0.996538203232,0.00704833774175,0.996538203252,0,0.901258296632,0.000929634118996
9.991,4.966,3.3,0.991771061705,0.00133091136467,0.996538203232,0.00703427045249,0.996538203252,0,0.901373502177,0.00114830547364
9.993,4.968,3.3,0.991797223591,0.00132443710104,0.996538203232,0.00702022822895,0.996538203252,0,0.901858587807,0.00107607769143
9.995,4.97,3.3,0.991823385477,0.00131796283741,0.996538203232,0.00700621594202,0.996538203252,0,0.902586650203,0.000915334765975
9.997,4.972,3.3,0.991849547363,0.00131148857379,0.996538203232,0.00699223270832,0.996538203252,0,0.903032417019,0.00085731295663
9.999,4.974,3.3,0.991875709249,0.00130501431016,0.996538203232,0.00697827596582,0.996538203252,0,0.903338080348,0.000935668233447
10.001,4.976,3.3,0.991901871136,0.00129854004653,0.996538203232,0.00696434850803,0.996538203252,0,0.903547442764,0.00115496805121
10.003,4.978,3.3,0.991928033022,0.00129206578291,0.996538203232,0.0069504458668,0.996538203252,0,0.903541480829,0.00108728762995
10.005,4.98,3.3,0.991954194908,0.00128559151928,0.996538203232,0.0069365728646,0.996538203252,0,0.903426414672,0.000933199549235
10.007,4.982,3.3,0.991980356794,0.00127911725565,0.996538203232,0.00692272862684,0.996538203252,0,0.903310794057,0.00087819214591
10.009,4.984,3.3,0.992006518681,0.00127264299203,0.996538203232,0.00690891061695,0.996538203252,0,0.903225862525,0.000957357683656
10.011,4.986,3.3,0.992032680567,0.0012661687284,0.996538203232,0.00689512160068,0.996538203252,0,0.90317919023,0.00117573377221
10.013,4.988,3.3,0.992058842453,0.00125969446477,0.996538203232,0.00688135715429,0.996538203252,0,0.903000228272,0.00110606166071
10.015,4.99,3.3,0.992085004339,0.00125322020115,0.996538203232,0.00686762205231,0.996538203252,0,0.902775726618,0.000949167586308
10.017,4.992,3.3,0.992111166226,0.00124674593752,0.996538203232,0.00685391542884,0.996538203252,0,0.902587239638,0.000890889280475
10.019,4.994,3.3,0.992137328112,0.00124027167389,0.996538203232,0.00684023477254,0.996538203252,0,0.902451610092,0.000966504762407
10.021,4.996,3.3,0.992163489998,0.00123379741027,0.996538203232,0.00682658282165,0.996538203252,0,0.902371705279,0.00118111339813
10.023,4.998,3.3,0.992189651884,0.00122732314664,0.996538203232,0.0068129551964,0.996538203252,0,0.902170288449,0.0011075417151
10.025,5,3.3,0.992215813771,0.00122084888301,0.996538203232,0.00679935662389,0.996538203252,0,0.901931582403,0.000946650137453
10.027,5.002,3.3,0.992241975657,0.00121437461938,0.996538203232,0.0067857862468,0.996538203252,0,0.901733637593,0.00088432151795
10.029,5.004,3.3,0.992268137543,0.00120790035576,0.996538203232,0.00677224157876,0.996538203252,0,0.901591427601,0.000955857321963
10.031,5.006,3.3,0.992294299429,0.00120142609213,0.996538203232,0.0067587253308,0.996538203252,0,0.901507209308,0.00116636565563
10.033,5.008,3.3,0.992320461315,0.0011949518285,0.996538203232,0.00674523316668,0.996538203252,0,0.901552193588,0.00109006746905
10.035,5.01,3.3,0.992346623202,0.00118847756488,0.996538203232,0.0067317697665,0.996538203252,0,0.901388394286,0.00092548606383
10.037,5.012,3.3,0.992372785088,0.00118200330125,0.996538203232,0.00671833428149,0.996538203252,0,0.901600354378,0.000861325127788
10.039,5.014,3.3,0.992398946974,0.00117552903762,0.996538203232,0.00670492424996,0.996538203252,0,0.901793858632,0.00093061753132
10.041,5.016,3.3,0.99242510886,0.001169054774,0.996538203232,0.00669154235601,0.996538203252,0,0.901828362317,0.00113768065907
10.043,5.018,3.3,0.992451270747,0.00116258051037,0.996538203232,0.00667818430651,0.996538203252,0,0.902493567825,0.00107106254231
10.045,5.02,3.3,0.992477432633,0.00115610624674,0.996538203232,0.00666485473503,0.996538203252,0,0.903536896138,0.000921794013124
10.047,5.022,3.3,0.992503594519,0.00114963198312,0.996538203232,0.00665155280123,0.996538203252,0,0.904198681004,0.00086964401401
10.049,5.024,3.3,0.992529756405,0.00114315771949,0.996538203232,0.0066382760679,0.996538203252,0,0.904655344429,0.000946371365078
10.051,5.026,3.3,0.992555918292,0.00113668345586,0.996538203232,0.00662502719247,0.996538203252,0,0.90496227934,0.00115627875942
10.053,5.028,3.3,0.992582080178,0.00113020919223,0.996538203232,0.00661180192446,0.996538203252,0,0.905045309108,0.00109511056344
10.055,5.03,3.3,0.992608242064,0.00112373492861,0.996538203232,0.00659860485139,0.996538203252,0,0.905003947575,0.000952331116671
10.057,5.032,3.3,0.99263440395,0.00111726066498,0.996538203232,0.00658543514128,0.996538203252,0,0.904943504206,0.000903154175345
10.059,5.034,3.3,0.992660565836,0.00111078640135,0.996538203232,0.00657229038115,0.996538203252,0,0.904897665043,0.000980725727715
10.061,5.036,3.3,0.992686727723,0.00110431213773,0.996538203232,0.006559173202,0.996538203252,0,0.904875209793,0.0011898025251
10.063,5.038,3.3,0.992712889609,0.0010978378741,0.996538203232,0.00654607939561,0.996538203252,0,0.904735674013,0.00112677219732
10.065,5.04,3.3,0.992739051495,0.00109136361047,0.996538203232,0.0065330135039,0.996538203252,0,0.904553523068,0.000981344042362
10.067,5.042,3.3,0.992765213381,0.00108488934685,0.996538203232,0.00651997470315,0.996538203252,0,0.904399336692,0.000929069261868
10.069,5.044,3.3,0.992791375268,0.00107841508322,0.996538203232,0.00650696060438,0.996538203252,0,0.904288274237,0.00100327325596
10.071,5.046,3.3,0.992817537154,0.00107194081959,0.996538203232,0.00649397381242,0.996538203252,0,0.904223065155,0.00120877240728
10.073,5.048,3.3,0.99284369904,0.00106546655597,0.996538203232,0.0064810101609,0.996538203252,0,0.90405464105,0.0011420367261
10.075,5.05,3.3,0.992869860926,0.00105899229234,0.996538203232,0.00646807414658,0.996538203252,0,0.903854216073,0.000992808506699
10.077,5.052,3.3,0.992896022813,0.00105251802871,0.996538203232,0.00645516495394,0.996538203252,0,0.903687862142,0.00093668253221
10.079,5.054,3.3,0.992922184699,0.00104604376509,0.996538203232,0.00644228021772,0.996538203252,0,0.903568333904,0.00100700685791
10.081,5.056,3.3,0.992948346585,0.00103956950146,0.996538203232,0.00642942251689,0.996538203252,0,0.903497575506,0.00120860629546
10.083,5.058,3.3,0.992974508471,0.00103309523783,0.996538203232,0.00641658772647,0.996538203252,0,0.903325401785,0.00113796044573
10.085,5.06,3.3,0.993000670358,0.0010266209742,0.996538203232,0.00640378029853,0.996538203252,0,0.903122604894,0.000984817075358
10.087,5.062,3.3,0.993026832244,0.00102014671058,0.996538203232,0.00639099942566,0.996538203252,0,0.902954671653,0.000924776408464
10.089,5.064,3.3,0.99305299413,0.00101367244695,0.996538203232,0.00637824276611,0.996538203252,0,0.902834044582,0.000991188815239
10.091,5.066,3.3,0.993079156016,0.00100719818332,0.996538203232,0.00636551287321,0.996538203252,0,0.902762565899,0.0011888808836
10.093,5.068,3.3,0.993105317902,0.0010007239197,0.996538203232,0.00635280566299,0.996538203252,0,0.90258990549,0.00111433236809
10.095,5.07,3.3,0.993131479789,0.00099424965607,0.996538203232,0.00634012554327,0.996538203252,0,0.902386800732,0.000957292923312
10.097,5.072,3.3,0.993157641675,0.000987775392443,0.996538203232,0.00632747171465,0.996538203252,0,0.902218662501,0.000893363266053
10.099,5.074,3.3,0.993183803561,0.000981301128816,0.996538203232,0.00631484185867,0.996538203252,0,0.902097892804,0.000955893447511
10.101,5.076,3.3,0.993209965447,0.000974826865189,0.996538203232,0.00630223850326,0.996538203252,0,0.902026320631,0.00114971096157
10.103,5.078,3.3,0.993236127334,0.000968352601562,0.996538203232,0.00628965760507,0.996538203252,0,0.902190366818,0.00107765010483
10.105,5.08,3.3,0.99326228922,0.000961878337935,0.996538203232,0.00627710352809,0.996538203252,0,0.902398383605,0.000924510279858
10.107,5.082,3.3,0.993288451106,0.000955404074308,0.996538203232,0.00626457548088,0.996538203252,0,0.902674652371,0.000865116035852
10.109,5.084,3.3,0.993314612992,0.000948929810682,0.996538203232,0.00625207116801,0.996538203252,0,0.902882717117,0.000930007583387
10.111,5.086,3.3,0.993340774879,0.000942455547055,0.996538203232,0.0062395930923,0.996538203252,0,0.902987315149,0.00112331323164
10.113,5.088,3.3,0.993366936765,0.000935981283428,0.996538203232,0.00622713725057,0.996538203252,0,0.90338371652,0.00105908325632
10.115,5.09,3.3,0.993393098651,0.000929507019801,0.996538203232,0.00621470796345,0.996538203252,0,0.903964621112,0.000916109763797
10.117,5.092,3.3,0.993419260537,0.000923032756174,0.996538203232,0.00620230444735,0.996538203252,0,0.904330920611,0.000865134299467
10.119,5.094,3.3,0.993445422423,0.000916558492547,0.996538203232,0.00618992442968,0.996538203252,0,0.904583422983,0.000935065972091
10.121,5.096,3.3,0.99347158431,0.00091008422892,0.996538203232,0.00617757038835,0.996538203252,0,0.904753665928,0.00112969845031
10.123,5.098,3.3,0.993497746196,0.000903609965293,0.996538203232,0.00616523836001,0.996538203252,0,0.904791255497,0.00107257594877
10.125,5.1,3.3,0.993523908082,0.000897135701666,0.996538203232,0.00615293262231,0.996538203252,0,0.904756571339,0.000939880993386
10.127,5.102,3.3,0.993550069968,0.000890661438039,0.996538203232,0.00614065239946,0.996538203252,0,0.904712988161,0.000894492770575
10.129,5.104,3.3,0.993575574071,0.000885062624552,0.996538203232,0.00612839544146,0.996538203252,0,0.904680307685,0.000967170200683
10.131,5.106,3.3,0.993596863483,0.000885073176785,0.996538203232,0.0061161642016,0.996538203252,0,0.904663613435,0.00116231202483
10.133,5.108,3.3,0.993618152895,0.000885083729019,0.996538203232,0.00610395475591,0.996538203252,0,0.904574891461,0.00110432064083
10.135,5.11,3.3,0.993639442307,0.000885094281253,0.996538203232,0.00609177133952,0.996538203252,0,0.904460305773,0.000969704618374
10.137,5.112,3.3,0.993660731719,0.000885104833487,0.996538203232,0.00607961318437,0.996538203252,0,0.904363521083,0.000921793162072
10.139,5.114,3.3,0.993682021131,0.000885115385721,0.996538203232,0.00606747806281,0.996538203252,0,0.90429382475,0.000991584696949
10.141,5.116,3.3,0.993703310543,0.000885125937954,0.996538203232,0.00605536840375,0.996538203252,0,0.904252866625,0.00118355714964
10.143,5.118,3.3,0.993724599955,0.000885136490188,0.996538203232,0.00604328032221,0.996538203252,0,0.904147749801,0.00112222326948
10.145,5.12,3.3,0.993745889368,0.000885147042422,0.996538203232,0.00603121801125,0.996538203252,0,0.90402279314,0.000984135065987
10.147,5.122,3.3,0.99376717878,0.000885157594656,0.996538203232,0.00601918071041,0.996538203252,0,0.903919103057,0.000932679951545
10.149,5.124,3.3,0.993788468192,0.00088516814689,0.996538203232,0.00600716621421,0.996538203252,0,0.903844602179,0.000998886848889
10.151,5.126,3.3,0.993809757604,0.000885178699124,0.996538203232,0.00599517692741,0.996538203252,0,0.903800494678,0.0011872446052
10.153,5.128,3.3,0.993831047016,0.000885189251357,0.996538203232,0.00598320900365,0.996538203252,0,0.903693249852,0.00112227926543
10.155,5.13,3.3,0.993852336428,0.000885199803591,0.996538203232,0.0059712665943,0.996538203252,0,0.903566947071,0.000980549586614
10.157,5.132,3.3,0.99387362584,0.000885210355825,0.996538203232,0.00595934894647,0.996538203252,0,0.903462360689,0.000925450335176
10.159,5.134,3.3,0.993894915252,0.000885220908059,0.996538203232,0.00594745387659,0.996538203252,0,0.903387236196,0.000988013808947
10.161,5.136,3.3,0.993916204664,0.000885231460293,0.996538203232,0.00593558376553,0.996538203252,0,0.903342719916,0.00117273090868
10.163,5.138,3.3,0.993937494077,0.000885242012526,0.996538203232,0.00592373480515,0.996538203252,0,0.903235198882,0.00110412838761
10.165,5.14,3.3,0.993958783489,0.00088525256476,0.996538203232,0.00591191110556,0.996538203252,0,0.903108721378,0.000958766976706
10.167,5.142,3.3,0.993980072901,0.000885263116994,0.996538203232,0.00590011192137,0.996538203252,0,0.90300401866,0.000900042197776
10.169,5.144,3.3,0.994001362313,0.000885273669228,0.996538203232,0.0058883350907,0.996538203252,0,0.902928813223,0.000958986209115
10.171,5.146,3.3,0.994022651725,0.000885284221462,0.996538203232,0.00587658297074,0.996538203252,0,0.902884243885,0.00114009080783
10.173,5.148,3.3,0.994043941137,0.000885294773696,0.996538203232,0.00586485179123,0.996538203252,0,0.902970314277,0.0010715733773
10.175,5.15,3.3,0.994065230549,0.000885305325929,0.996538203232,0.00585314562141,0.996538203252,0,0.903028797638,0.000926139651732
10.177,5.152,3.3,0.994086519961,0.000885315878163,0.996538203232,0.0058414637233,0.996538203252,0,0.903204410045,0.000869167653389
10.179,5.154,3.3,0.994107809373,0.000885326430397,0.996538203232,0.00582980395651,0.996538203252,0,0.903342315895,0.000928589802462
10.181,5.156,3.3,0.994129098786,0.000885336982631,0.996538203232,0.0058181686548,0.996538203252,0,0.903401176612,0.00110808881389
10.183,5.158,3.3,0.994150388198,0.000885347534865,0.996538203232,0.00580655408539,0.996538203252,0,0.903877514419,0.00104634816322
10.185,5.16,3.3,0.99417167761,0.000885358087098,0.996538203232,0.00579496427708,0.996538203252,0,0.904601805954,0.000910684451775
10.187,5.162,3.3,0.994192967022,0.000885368639332,0.996538203232,0.0057833984992,0.996538203252,0,0.905102142173,0.000861082993195
10.189,5.164,3.3,0.994214256434,0.000885379191566,0.996538203232,0.00577185463266,0.996538203252,0,0.905447902277,0.000924870378758
10.191,5.166,3.3,0.994235545846,0.0008853897438,0.996538203232,0.00576033498802,0.996538203252,0,0.905679276813,0.0011053888895
10.193,5.168,3.3,0.994256835258,0.000885400296034,0.996538203232,0.00574883586958,0.996538203252,0,0.905758152709,0.00105207456723
10.195,5.17,3.3,0.99427812467,0.000885410848268,0.996538203232,0.00573736126612,0.996538203252,0,0.905749570408,0.000928766629527
10.197,5.172,3.3,0.994299414083,0.000885421400501,0.996538203232,0.00572591045422,0.996538203252,0,0.905723361651,0.000886886681831
10.199,5.174,3.3,0.994320703495,0.000885431952735,0.996538203232,0.00571448133585,0.996538203252,0,0.905702769125,0.000954981887329
10.201,5.176,3.3,0.994341992907,0.000885442504969,0.996538203232,0.00570307619862,0.996538203252,0,0.905693999719,0.00113712083569
10.203,5.178,3.3,0.994363282319,0.000885453057203,0.996538203232,0.00569169138355,0.996538203252,0,0.905610612821,0.00108377031353
10.205,5.18,3.3,0.994384571731,0.000885463609437,0.996538203232,0.00568033083978,0.996538203252,0,0.905499387127,0.000959160670126
10.207,5.182,3.3,0.994405861143,0.00088547416167,0.996538203232,0.00566899385107,0.996538203252,0,0.905404834448,0.000915253911448
10.209,5.184,3.3,0.994427150555,0.000885484713904,0.996538203232,0.00565767834027,0.996538203252,0,0.905336690476,0.000980884957869
10.211,5.186,3.3,0.994448439967,0.000885495266138,0.996538203232,0.00564638657221,0.996538203252,0,0.905296751124,0.00116021727682
10.213,5.188,3.3,0.994469729379,0.000885505818372,0.996538203232,0.00563511492433,0.996538203252,0,0.905192303013,0.00110385047453
10.215,5.19,3.3,0.994491018792,0.000885516370606,0.996538203232,0.00562386730646,0.996538203252,0,0.905067754522,0.000976066712624
10.217,5.192,3.3,0.994512308204,0.00088552692284,0.996538203232,0.00561264300953,0.996538203252,0,0.904964331012,0.000928897949937
10.219,5.194,3.3,0.994533597616,0.000885537475073,0.996538203232,0.00560143997701,0.996538203252,0,0.904890015008,0.000991215907375
10.221,5.196,3.3,0.994554887028,0.000885548027307,0.996538203232,0.00559026045122,0.996538203252,0,0.904846029893,0.00116719696632
10.223,5.198,3.3,0.99457617644,0.000885558579541,0.996538203232,0.00557910084561,0.996538203252,0,0.904738848101,0.00110745701432
10.225,5.2,3.3,0.994597465852,0.000885569131775,0.996538203232,0.00556796503116,0.996538203252,0,0.904612570352,0.000976285972341
10.227,5.202,3.3,0.994618755264,0.000885579684009,0.996538203232,0.00555685230582,0.996538203252,0,0.904507995436,0.000925724691306
10.229,5.204,3.3,0.994640044676,0.000885590236242,0.996538203232,0.00554576063352,0.996538203252,0,0.904432878321,0.000984649124713
10.231,5.206,3.3,0.994661334088,0.000885600788476,0.996538203232,0.0055346922343,0.996538203252,0,0.904388368078,0.0011572379233
10.233,5.208,3.3,0.994682623501,0.00088561134071,0.996538203232,0.00552364355723,0.996538203252,0,0.904280831463,0.00109410813913
10.235,5.21,3.3,0.994703912913,0.000885621892944,0.996538203232,0.00551261843484,0.996538203252,0,0.904154329261,0.000959551724278
10.237,5.212,3.3,0.994725202325,0.000885632445178,0.996538203232,0.00550161617206,0.996538203252,0,0.904049604896,0.000905610498141
10.239,5.214,3.3,0.994746491737,0.000885642997412,0.996538203232,0.00549063475304,0.996538203252,0,0.9039743838,0.000961160424989
10.241,5.216,3.3,0.994767781149,0.000885653549645,0.996538203232,0.00547967637576,0.996538203252,0,0.903929805397,0.00113038103737
10.243,5.218,3.3,0.994789070561,0.000885664101879,0.996538203232,0.0054687375246,0.996538203252,0,0.903914214692,0.00106520217486
10.245,5.22,3.3,0.994810359973,0.000885674654113,0.996538203232,0.00545782199398,0.996538203252,0,0.903807930285,0.000927579026456
10.247,5.222,3.3,0.994831649385,0.000885685206347,0.996538203232,0.00544692909573,0.996538203252,0,0.903853031116,0.000872428374849
10.249,5.224,3.3,0.994852938797,0.000885695758581,0.996538203232,0.00543605683405,0.996538203252,0,0.903902839488,0.000926420947361
10.251,5.226,3.3,0.99487422821,0.000885706310814,0.996538203232,0.00542520738508,0.996538203252,0,0.903898519574,0.00109288058906
10.253,5.228,3.3,0.994895517622,0.000885716863048,0.996538203232,0.00541437726813,0.996538203252,0,0.904533409723,0.00103422318232
10.255,5.23,3.3,0.994916807034,0.000885727415282,0.996538203232,0.00540357023991,0.996538203252,0,0.905430907736,0.00090779124948
10.257,5.232,3.3,0.994938096446,0.000885737967516,0.996538203232,0.00539278561909,0.996538203252,0,0.906213026411,0.000860067970509
10.259,5.234,3.3,0.994959385858,0.00088574851975,0.996538203232,0.00538202142971,0.996538203252,0,0.906778342325,0.000918277843931
10.261,5.236,3.3,0.99498067527,0.000885759071984,0.996538203232,0.00537127982628,0.996538203252,0,0.907106491168,0.00108626388232
10.263,5.238,3.3,0.995001964682,0.000885769624217,0.996538203232,0.0053605573627,0.996538203252,0,0.907278942299,0.00103627661781
10.265,5.24,3.3,0.995023254094,0.000885780176451,0.996538203232,0.00534985775835,0.996538203252,0,0.907374775413,0.000920832712869
10.267,5.242,3.3,0.995044543507,0.000885790728685,0.996538203232,0.00533918033866,0.996538203252,0,0.907411298933,0.000881614059766
10.269,5.244,3.3,0.995065832919,0.000885801280919,0.996538203232,0.00532852314733,0.996538203252,0,0.90743357227,0.000945010003626
10.271,5.246,3.3,0.995087122331,0.000885811833153,0.996538203232,0.00531788831742,0.996538203252,0,0.90745446853,0.00111474888953
10.273,5.248,3.3,0.995108411743,0.000885822385386,0.996538203232,0.00530727243713,0.996538203252,0,0.907365456806,0.00106547123854
10.275,5.25,3.3,0.995129701155,0.00088583293762,0.996538203232,0.00529667918882,0.996538203252,0,0.907231294491,0.00094997944173
10.277,5.252,3.3,0.995150990567,0.000885843489854,0.996538203232,0.00528610790468,0.996538203252,0,0.907114678205,0.00090964716774
10.279,5.254,3.3,0.995172279979,0.000885854042088,0.996538203232,0.0052755566478,0.996538203252,0,0.907030401916,0.000971285505668
10.281,5.256,3.3,0.995193569391,0.000885864594322,0.996538203232,0.00526502753008,0.996538203252,0,0.906981454955,0.00113876137324
10.283,5.258,3.3,0.995214858803,0.000885875146555,0.996538203232,0.00525451717361,0.996538203252,0,0.906845250886,0.00108691039096
10.285,5.26,3.3,0.995236148216,0.000885885698789,0.996538203232,0.00524402922416,0.996538203252,0,0.90668123587,0.000968610186558
10.287,5.262,3.3,0.995257437628,0.000885896251023,0.996538203232,0.00523356302054,0.996538203251,0,0.906544742508,0.00092533698672
10.289,5.264,3.3,0.99527872704,0.000885906803257,0.996538203232,0.00522311664511,0.996538203251,0,0.906446636404,0.000983956109255
10.291,5.266,3.3,0.995300016452,0.000885917355491,0.996538203232,0.00521269218878,0.996538203251,0,0.906388624008,0.00114835301684
10.293,5.268,3.3,0.995321305864,0.000885927907725,0.996538203232,0.0052022863072,0.996538203251,0,0.906246294517,0.00109338775975
10.295,5.27,3.3,0.995342595276,0.000885938459958,0.996538203232,0.00519190260992,0.996538203251,0,0.906078404713,0.000971948695601
10.297,5.272,3.3,0.995363884688,0.000885949012192,0.996538203232,0.0051815404423,0.996538203251,0,0.905939331367,0.000925525187891
10.299,5.274,3.3,0.9953851741,0.000885959564426,0.996538203232,0.00517119790579,0.996538203251,0,0.905839430196,0.000980989085889
10.301,5.276,3.3,0.995406463512,0.00088597011666,0.996538203232,0.00516087707049,0.996538203251,0,0.905780241134,0.00114222881245
10.303,5.278,3.3,0.995427752925,0.000885980668894,0.996538203232,0.0051505746253,0.996538203251,0,0.905637116582,0.00108410670408
10.305,5.28,3.3,0.995449042337,0.000885991221127,0.996538203232,0.0051402941439,0.996538203251,0,0.905468723842,0.00095951346593
10.307,5.282,3.3,0.995470331749,0.000886001773361,0.996538203232,0.00513003497816,0.996538203251,0,0.905329315622,0.000909939993452
10.309,5.284,3.3,0.995491621161,0.000886012325595,0.996538203232,0.00511979524838,0.996538203251,0,0.905229181457,0.000962258481453
10.311,5.286,3.3,0.995512910573,0.000886022877829,0.996538203232,0.00510957700409,0.996538203251,0,0.905169839667,0.00112035828461
10.313,5.288,3.3,0.995534199985,0.000886033430063,0.996538203232,0.00509937696713,0.996538203251,0,0.90503543605,0.00105921475019
10.315,5.29,3.3,0.995555489397,0.000886043982297,0.996538203232,0.00508919867562,0.996538203251,0,0.904864407533,0.000931459564509
10.317,5.292,3.3,0.995576778809,0.00088605453453,0.996538203232,0.00507904148789,0.996538203251,0,0.904722906113,0.000878737032984
10.319,5.294,3.3,0.995598068221,0.000886065086764,0.996538203232,0.00506890354292,0.996538203251,0,0.904621315568,0.000927920221795
10.321,5.296,3.3,0.995619357634,0.000886075638998,0.996538203232,0.00505878686988,0.996538203251,0,0.904561019123,0.00108289744578
10.323,5.298,3.3,0.995640647046,0.000886086191232,0.996538203232,0.00504868822318,0.996538203251,0,0.905097958011,0.00102742882489
10.325,5.3,3.3,0.995661936458,0.000886096743466,0.996538203232,0.00503861110578,0.996538203251,0,0.905838536002,0.000908435478924
10.327,5.302,3.3,0.99568322587,0.000886107295699,0.996538203232,0.00502855488238,0.996538203251,0,0.906515523715,0.000863359614275
10.329,5.304,3.3,0.995704515282,0.000886117847933,0.996538203232,0.00501851771047,0.996538203251,0,0.907007700297,0.000917254565654
10.331,5.306,3.3,0.995725804694,0.000886128400167,0.996538203232,0.00500850159904,0.996538203251,0,0.907287891658,0.0010736088533
10.333,5.308,3.3,0.995747094106,0.000886138952401,0.996538203232,0.00499850333476,0.996538203251,0,0.907627711988,0.00102764122122
10.335,5.31,3.3,0.995768383518,0.000886149504635,0.996538203232,0.00498852638577,0.996538203251,0,0.907998745429,0.000920669908693
10.337,5.312,3.3,0.995789672931,0.000886160056869,0.996538203232,0.0049785701231,0.996538203251,0,0.908226289653,0.000885471509595
10.339,5.314,3.3,0.995810962343,0.000886170609102,0.996538203232,0.00496863272255,0.996538203251,0,0.908382363981,0.000945645862595
10.341,5.316,3.3,0.995832251755,0.000886181161336,0.996538203232,0.00495871617312,0.996538203251,0,0.90848917111,0.0011044028076
10.343,5.318,3.3,0.995853541167,0.00088619171357,0.996538203232,0.00494881729345,0.996538203251,0,0.908487620755,0.0010622628194
10.345,5.32,3.3,0.995874830579,0.000886202265804,0.996538203232,0.00493893951719,0.996538203251,0,0.90843098823,0.000959610937993
10.347,5.322,3.3,0.995896119991,0.000886212818038,0.996538203232,0.00492908222161,0.996538203251,0,0.908373775998,0.000926279910325
10.349,5.324,3.3,0.995917409403,0.000886223370271,0.996538203232,0.00491924360066,0.996538203251,0,0.908331726175,0.00098683711123
10.351,5.326,3.3,0.995938698815,0.000886233922505,0.996538203232,0.00490942562359,0.996538203251,0,0.908308663035,0.00114480913537
10.353,5.328,3.3,0.995959988227,0.000886244474739,0.996538203232,0.00489962514061,0.996538203251,0,0.908219360674,0.00110116507906
10.355,5.33,3.3,0.99598127764,0.000886255026973,0.996538203232,0.00488984555128,0.996538203251,0,0.90810721842,0.000996460916252
10.357,5.332,3.3,0.996002567052,0.000886265579207,0.996538203232,0.00488008623906,0.996538203251,0,0.908013045674,0.000960764755047
10.359,5.334,3.3,0.996023856464,0.000886276131441,0.996538203232,0.00487034541583,0.996538203251,0,0.907945279945,0.00101876907574
10.361,5.336,3.3,0.996045145876,0.000886286683674,0.996538203232,0.00486062503126,0.996538203251,0,0.907905360043,0.00117404210772
10.363,5.338,3.3,0.996066435288,0.000886297235908,0.996538203232,0.00485092196691,0.996538203251,0,0.907804667742,0.00112761034379
10.365,5.34,3.3,0.9960877247,0.000886307788142,0.996538203231,0.00484123958851,0.996538203251,0,0.907685320495,0.00102005284388
10.367,5.342,3.3,0.996109014112,0.000886318340376,0.996538203231,0.00483157728566,0.996538203251,0,0.907586350388,0.000981468102148
10.369,5.344,3.3,0.996130303524,0.00088632889261,0.996538203231,0.00482193328802,0.996538203251,0,0.907515246813,0.0010365643642
10.371,5.346,3.3,0.996151592936,0.000886339444843,0.996538203231,0.00481230952589,0.996538203251,0,0.907473138955,0.00118891577921
10.373,5.348,3.3,0.996172882349,0.000886349997077,0.996538203231,0.00480270291179,0.996538203251,0,0.907370968274,0.00113955546497
10.375,5.35,3.3,0.996194171761,0.000886360549311,0.996538203231,0.00479311677804,0.996538203251,0,0.907250685842,0.00102906636822
10.377,5.352,3.3,0.996215461173,0.000886371101545,0.996538203231,0.00478355052027,0.996538203251,0,0.907151093052,0.000987550765669
10.379,5.354,3.3,0.996236750585,0.000886381653779,0.996538203231,0.00477400238576,0.996538203251,0,0.907079556235,0.00103971848091
10.381,5.356,3.3,0.996258039997,0.000886392206013,0.996538203231,0.00476447428561,0.996538203251,0,0.907037164387,0.0011891449421
10.383,5.358,3.3,0.996279329409,0.000886402758246,0.996538203231,0.00475496316304,0.996538203251,0,0.906934801817,0.00113686331021
10.385,5.36,3.3,0.996300618821,0.00088641331048,0.996538203231,0.00474547231723,0.996538203251,0,0.906814398,0.00102345791798
10.387,5.362,3.3,0.996321908233,0.000886423862714,0.996538203231,0.00473600114985,0.996538203251,0,0.906714724388,0.000979031373193
10.389,5.364,3.3,0.996343197645,0.000886434414948,0.996538203231,0.00472654792557,0.996538203251,0,0.906643131338,0.00102829324062
10.391,5.366,3.3,0.996364487058,0.000886444967182,0.996538203231,0.0047171145365,0.996538203251,0,0.906600702629,0.00117481961998
10.393,5.368,3.3,0.99638577647,0.000886455519415,0.996538203231,0.00470769795626,0.996538203251,0,0.906498315152,0.00111964286924
10.395,5.37,3.3,0.996407065882,0.000886466071649,0.996538203231,0.00469830145122,0.996538203251,0,0.90637789558,0.00100334837374
10.397,5.372,3.3,0.996428355294,0.000886476623883,0.996538203231,0.004688924429,0.996538203251,0,0.906278211478,0.000956038625985
10.399,5.374,3.3,0.996448002163,0.000886486362209,0.996538203231,0.00467956517152,0.996538203251,0,0.906206611128,0.00100242269811
10.401,5.376,3.3,0.996466006489,0.000886495286627,0.996538203231,0.00467022555209,0.996538203251,0,0.906164177635,0.00114607727749
10.403,5.378,3.3,0.996484010815,0.000886504211044,0.996538203231,0.0046609025744,0.996538203251,0,0.906061786925,0.00108803381734
10.405,5.38,3.3,0.996502015142,0.000886513135462,0.996538203231,0.00465159947237,0.996538203251,0,0.905941365308,0.000968878703643
10.407,5.382,3.3,0.996520019468,0.00088652205988,0.996538203231,0.00464231565949,0.996538203251,0,0.905841679844,0.000918714257253
10.409,5.384,3.3,0.996538023794,0.000886530984297,0.996538203231,0.00463304943477,0.996538203251,0,0.905770078547,0.000962249031875
10.411,5.386,3.3,0.99655602812,0.000886539908715,0.996538203231,0.00462380265289,0.996538203251,0,0.905727644433,0.00110306028671
10.413,5.388,3.3,0.996574032446,0.000886548833133,0.996538203231,0.00461457234733,0.996538203251,0,0.906186179453,0.00104570450082
10.415,5.39,3.3,0.996592036772,0.00088655775755,0.996538203231,0.00460536171986,0.996538203251,0,0.90656230971,0.000926838459903
10.417,5.392,3.3,0.996610041098,0.000886566681968,0.996538203231,0.00459617018981,0.996538203251,0,0.907293696474,0.000879071724141
10.419,5.394,3.3,0.996628045425,0.000886575606386,0.996538203231,0.00458699607308,0.996538203251,0,0.907857891373,0.000923782073466
10.421,5.396,3.3,0.996646049751,0.000886584530803,0.996538203231,0.00457784120593,0.996538203251,0,0.908116744774,0.00106367212693
10.423,5.398,3.3,0.996664054077,0.000886593455221,0.996538203231,0.00456870265132,0.996538203251,0,0.908773733707,0.00102062798021
10.425,5.4,3.3,0.996682058403,0.000886602379639,0.996538203231,0.0045595835792,0.996538203251,0,0.909661307706,0.000922914140306
10.427,5.402,3.3,0.996700062729,0.000886611304057,0.996538203231,0.00455048341466,0.996538203251,0,0.910226681794,0.000891136072381
10.429,5.404,3.3,0.996718067055,0.000886620228474,0.996538203231,0.00454140049036,0.996538203251,0,0.910617105044,0.000946450988315
10.431,5.406,3.3,0.996736071382,0.000886629152892,0.996538203231,0.00453233662429,0.996538203251,0,0.910878935934,0.00109168164083
10.433,5.408,3.3,0.996754075708,0.00088663807731,0.996538203231,0.00452328890861,0.996538203251,0,0.910959067395,0.00105458795049
10.435,5.41,3.3,0.996772080034,0.000886647001727,0.996538203231,0.00451426048176,0.996538203251,0,0.910936691656,0.000962673344845
10.437,5.412,3.3,0.99679008436,0.000886655926145,0.996538203231,0.00450525077454,0.996538203251,0,0.910896186197,0.000933834689782
10.439,5.414,3.3,0.996808088686,0.000886664850563,0.996538203231,0.00449625813619,0.996538203251,0,0.910865058439,0.000990357142816
10.441,5.416,3.3,0.996826093012,0.00088667377498,0.996538203231,0.00448728436663,0.996538203251,0,0.910850562882,0.00113543252862
10.443,5.418,3.3,0.996844097338,0.000886682699398,0.996538203231,0.00447832658693,0.996538203251,0,0.910743983402,0.00109734394591
10.445,5.42,3.3,0.996862101665,0.000886691623816,0.996538203231,0.00446938790432,0.996538203251,0,0.910603498981,0.00100379380791
10.447,5.422,3.3,0.996880105991,0.000886700548233,0.996538203231,0.00446046775526,0.996538203251,0,0.910484352217,0.000972953376293
10.449,5.424,3.3,0.996898110317,0.000886709472651,0.996538203231,0.00445156450541,0.996538203251,0,0.910398508432,0.00102725377578
10.451,5.426,3.3,0.996916114643,0.000886718397069,0.996538203231,0.00444267993679,0.996538203251,0,0.910348146552,0.00116993521157
10.453,5.428,3.3,0.996934118969,0.000886727321487,0.996538203231,0.00443381119908,0.996538203251,0,0.910217332564,0.00112934792776
10.455,5.43,3.3,0.996952123295,0.000886736245904,0.996538203231,0.00442496136863,0.996538203251,0,0.910061517999,0.00103322098723
10.457,5.432,3.3,0.996970127622,0.000886745170322,0.996538203231,0.00441612988751,0.996538203251,0,0.909932163836,0.000999761118326
10.459,5.434,3.3,0.996988131948,0.00088675409474,0.996538203231,0.00440731513762,0.996538203251,0,0.909839218079,0.00105141795953
10.461,5.436,3.3,0.997006136274,0.000886763019157,0.996538203231,0.00439851888326,0.996538203251,0,0.909784200859,0.00119143846708
10.463,5.438,3.3,0.9970241406,0.000886771943575,0.996538203231,0.00438973830245,0.996538203251,0,0.909650241308,0.00114818084634
10.465,5.44,3.3,0.997042144926,0.000886780867993,0.996538203231,0.00438097644095,0.996538203251,0,0.909492436937,0.00104937843303
10.467,5.442,3.3,0.997060149252,0.00088678979241,0.996538203231,0.0043722327464,0.996538203251,0,0.909361757884,0.00101324241136
10.469,5.444,3.3,0.997078153578,0.000886798716828,0.996538203231,0.00436350561676,0.996538203251,0,0.909267890313,0.00106222439481
10.471,5.446,3.3,0.997096157905,0.000886807641246,0.996538203231,0.0043547967988,0.996538203251,0,0.909212268845,0.00119957268259
10.473,5.448,3.3,0.997114162231,0.000886816565663,0.996538203231,0.00434610349859,0.996538203251,0,0.909077901009,0.00115364576694
10.475,5.45,3.3,0.997132166557,0.000886825490081,0.996538203231,0.00433742873163,0.996538203251,0,0.908919838367,0.00105217834384
10.477,5.452,3.3,0.997150170883,0.000886834414499,0.996538203231,0.00432877195102,0.996538203251,0,0.908788987348,0.00101338202975
10.479,5.454,3.3,0.997168175209,0.000886843338917,0.996538203231,0.00432013157067,0.996538203251,0,0.908695000128,0.00105970827072
10.481,5.456,3.3,0.997186179535,0.000886852263334,0.996538203231,0.00431150931997,0.996538203251,0,0.908639300231,0.00119440600236
10.483,5.458,3.3,0.997204183862,0.000886861187752,0.996538203231,0.00430290243279,0.996538203251,0,0.9085048794,0.00114583301503
10.485,5.46,3.3,0.997222188188,0.00088687011217,0.996538203231,0.00429431389462,0.996538203251,0,0.908346783236,0.00104172497899
10.487,5.462,3.3,0.997240192514,0.000886879036587,0.996538203231,0.00428574316402,0.996538203251,0,0.908215909896,0.00100029342212
10.489,5.464,3.3,0.99725819684,0.000886887961005,0.996538203231,0.00427718867065,0.996538203251,0,0.908121907146,0.00104398934918
10.491,5.466,3.3,0.997276201166,0.000886896885423,0.996538203231,0.00426865212673,0.996538203251,0,0.908066197069,0.00117606223584
10.493,5.468,3.3,0.997294205492,0.00088690580984,0.996538203231,0.0042601307936,0.996538203251,0,0.90793176936,0.00112486904966
10.495,5.47,3.3,0.997312209818,0.000886914734258,0.996538203231,0.00425162762709,0.996538203251,0,0.907773668844,0.00101814637708
10.497,5.472,3.3,0.997330214145,0.000886923658676,0.996538203231,0.00424314209115,0.996538203251,0,0.907642792607,0.000974105591284
10.499,5.474,3.3,0.997348218471,0.000886932583094,0.996538203231,0.00423467263103,0.996538203251,0,0.907548787842,0.00101519722433
10.501,5.476,3.3,0.997366222797,0.000886941507511,0.996538203231,0.00422622094194,0.996538203251,0,0.907493076443,0.00114467127492
10.503,5.478,3.3,0.997384227123,0.000886950431929,0.996538203231,0.00421778431244,0.996538203251,0,0.907358647841,0.00109088387939
10.505,5.48,3.3,0.997402231449,0.000886959356347,0.996538203231,0.00420936566899,0.996538203251,0,0.907200546761,0.000981572524978
10.507,5.482,3.3,0.997420235775,0.000886968280764,0.996538203231,0.00420096448085,0.996538203251,0,0.907069670148,0.000934948422977
10.509,5.484,3.3,0.997438240102,0.000886977205182,0.996538203231,0.00419257920874,0.996538203251,0,0.906975665121,0.000973461632833
10.511,5.486,3.3,0.997456244428,0.0008869861296,0.996538203231,0.00418421153101,0.996538203251,0,0.90691995355,0.00110036266957
10.513,5.488,3.3,0.997474248754,0.000886995054017,0.996538203231,0.00417585876318,0.996538203251,0,0.906998901269,0.00104536638555
10.515,5.49,3.3,0.99749225308,0.000887003978435,0.996538203231,0.00416752380261,0.996538203251,0,0.906867342431,0.000933661192707
10.517,5.492,3.3,0.997510257406,0.000887012902853,0.996538203231,0.00415920612383,0.996538203251,0,0.907069618833,0.000886602155491
10.519,5.494,3.3,0.997528261732,0.00088702182727,0.996538203231,0.00415090420288,0.996538203251,0,0.907265693182,0.000924410828982
10.521,5.496,3.3,0.997546266058,0.000887030751688,0.996538203231,0.00414261970142,0.996538203251,0,0.907283209688,0.00104923100407
10.523,5.498,3.3,0.997564270385,0.000887039676106,0.996538203231,0.00413434996165,0.996538203251,0,0.90818866248,0.00100747922921
10.525,5.5,3.3,0.997582274711,0.000887048600524,0.996538203231,0.00412609785214,0.996538203251,0,0.909623252484,0.000915683573014
10.527,5.502,3.3,0.997600279037,0.000887057524941,0.996538203231,0.00411786285264,0.996538203251,0,0.910552844371,0.00088479329535
10.529,5.504,3.3,0.997618283363,0.000887066449359,0.996538203231,0.00410964345432,0.996538203251,0,0.911196677605,0.000933377832612
10.531,5.506,3.3,0.997636287689,0.000887075373777,0.996538203231,0.00410144130235,0.996538203251,0,0.911624620098,0.00106381089272
10.533,5.508,3.3,0.997654292015,0.000887084298194,0.996538203231,0.00409325376532,0.996538203251,0,0.911816966873,0.00102999622329
10.535,5.51,3.3,0.997672296342,0.000887093222612,0.996538203231,0.00408508368331,0.996538203251,0,0.911865557177,0.000946981774365
10.537,5.512,3.3,0.997690300668,0.00088710214703,0.996538203231,0.00407693054123,0.996538203251,0,0.911872297135,0.00092110407207
10.539,5.514,3.3,0.997708304994,0.000887111071447,0.996538203231,0.00406879284526,0.996538203251,0,0.911874040431,0.000972418217201
10.541,5.516,3.3,0.99772630932,0.000887119995865,0.996538203231,0.0040606722242,0.996538203251,0,0.911881093333,0.00110378374132
10.543,5.518,3.3,0.997744313646,0.000887128920283,0.996538203231,0.00405256607282,0.996538203251,0,0.911789049336,0.00106979375962
10.545,5.52,3.3,0.997762317972,0.0008871378447,0.996538203231,0.00404447720294,0.996538203251,0,0.911657741135,0.000985757883958
10.547,5.522,3.3,0.997780322298,0.000887146769118,0.996538203231,0.00403640510461,0.996538203251,0,0.911544697747,0.000958374079129
10.549,5.524,3.3,0.997798326625,0.000887155693536,0.996538203231,0.00402834829884,0.996538203251,0,0.911463099741,0.00100788988546
10.551,5.526,3.3,0.997816330951,0.000887164617954,0.996538203231,0.00402030839826,0.996538203251,0,0.911415522467,0.00113722832377
10.553,5.528,3.3,0.997834335277,0.000887173542371,0.996538203231,0.00401228282353,0.996538203251,0,0.91128656542,0.00110107129793
10.555,5.53,3.3,0.997852339603,0.000887182466789,0.996538203231,0.00400427435852,0.996538203251,0,0.911131906947,0.00101476312646
10.557,5.532,3.3,0.997870343929,0.000887191391207,0.996538203231,0.00399628249834,0.996538203251,0,0.911003316047,0.000985048552919
10.559,5.534,3.3,0.997888348255,0.000887200315624,0.996538203231,0.00398830577873,0.996538203251,0,0.910910900597,0.00103219970444
10.561,5.536,3.3,0.997906352582,0.000887209240042,0.996538203231,0.00398034579625,0.996538203251,0,0.910856232493,0.00115914826916
10.563,5.538,3.3,0.997924356908,0.00088721816446,0.996538203231,0.00397239999722,0.996538203251,0,0.910722484246,0.00112058699312
10.565,5.54,3.3,0.997942361234,0.000887227088877,0.996538203231,0.00396447113784,0.996538203251,0,0.910564794979,0.00103186543609
10.567,5.542,3.3,0.99796036556,0.000887236013295,0.996538203231,0.00395655871824,0.996538203251,0,0.910434186061,0.00099973427978
10.569,5.544,3.3,0.997978369886,0.000887244937713,0.996538203231,0.00394866128869,0.996538203251,0,0.910340366539,0.00104446845531
10.571,5.546,3.3,0.997996374212,0.00088725386213,0.996538203231,0.00394078042992,0.996538203251,0,0.910284778068,0.00116900119812
10.573,5.548,3.3,0.998014378539,0.000887262786548,0.996538203231,0.00393291361361,0.996538203251,0,0.910150407938,0.00112802598602
10.575,5.55,3.3,0.998032382865,0.000887271710966,0.996538203231,0.00392506356856,0.996538203251,0,0.909992325282,0.00103689378817
10.577,5.552,3.3,0.998050387191,0.000887280635384,0.996538203231,0.00391722979988,0.996538203251,0,0.909861454431,0.00100235592481
10.579,5.554,3.3,0.998068391517,0.000887289559801,0.996538203231,0.00390941087225,0.996538203251,0,0.909767452665,0.00104468730751
10.581,5.556,3.3,0.998086395843,0.000887298484219,0.996538203231,0.00390160835068,0.996538203251,0,0.909711744733,0.00116682179069
10.583,5.558,3.3,0.998104400169,0.000887307408637,0.996538203231,0.00389381973198,0.996538203251,0,0.909577293885,0.00112345227834
10.585,5.56,3.3,0.998122404495,0.000887316333054,0.996538203231,0.00388604771784,0.996538203251,0,0.909419160169,0.00102993064439
10.587,5.562,3.3,0.998140408822,0.000887325257472,0.996538203231,0.00387829181827,0.996538203251,0,0.90928825532,0.000993008161041
10.589,5.564,3.3,0.998158413148,0.00088733418189,0.996538203231,0.00387055061224,0.996538203251,0,0.909194229899,0.00103295935765
10.591,5.566,3.3,0.998176417474,0.000887343106307,0.996538203231,0.00386282564918,0.996538203251,0,0.909138506462,0.00115271858297
10.593,5.568,3.3,0.9981944218,0.000887352030725,0.996538203231,0.0038551144508,0.996538203251,0,0.909004045136,0.00110697800436
10.595,5.57,3.3,0.998212426126,0.000887360955143,0.996538203231,0.00384741969192,0.996538203251,0,0.908845904793,0.00101109032782
10.597,5.572,3.3,0.998230430452,0.00088736987956,0.996538203231,0.00383974088743,0.996538203251,0,0.908714995531,0.000971806689736
10.599,5.574,3.3,0.998248434779,0.000887378803978,0.996538203231,0.00383207663042,0.996538203251,0,0.90862096704,0.00100940119394
10.601,5.576,3.3,0.998266439105,0.000887387728396,0.996538203231,0.00382442845493,0.996538203251,0,0.908565241589,0.00112680866322
10.603,5.578,3.3,0.998284443431,0.000887396652814,0.996538203231,0.00381679390729,0.996538203251,0,0.908430778904,0.00107872051373
10.605,5.58,3.3,0.998302447757,0.000887405577231,0.996538203231,0.00380917563575,0.996538203251,0,0.908272637701,0.000980490267053
10.607,5.582,3.3,0.998320452083,0.000887414501649,0.996538203231,0.00380157316,0.996538203251,0,0.908141727866,0.000938868913622
10.609,5.584,3.3,0.998338456409,0.000887423426067,0.996538203231,0.00379398508713,0.996538203251,0,0.908047698976,0.000974130129862
10.611,5.586,3.3,0.998356460735,0.000887432350484,0.996538203231,0.00378641293593,0.996538203251,0,0.907991973265,0.00108920920588
10.613,5.588,3.3,0.998374465062,0.000887441274902,0.996538203231,0.00377885427711,0.996538203251,0,0.90786707593,0.00103886183224
10.615,5.59,3.3,0.998392469388,0.00088745019932,0.996538203231,0.00377131173259,0.996538203251,0,0.907706235598,0.000938293948608
10.617,5.592,3.3,0.998410473714,0.000887459123737,0.996538203231,0.00376378482687,0.996538203251,0,0.907573075074,0.000894342814746
10.619,5.594,3.3,0.99842847804,0.000887468048155,0.996538203231,0.00375627218086,0.996538203251,0,0.907477480229,0.000927283289426
10.621,5.596,3.3,0.998446482366,0.000887476972573,0.996538203231,0.00374877529824,0.996538203251,0,0.907420728034,0.0010400501378
10.623,5.598,3.3,0.998464486692,0.00088748589699,0.996538203231,0.00374129177389,0.996538203251,0,0.908284235814,0.001000245015
10.625,5.6,3.3,0.998482491019,0.000887494821408,0.996538203231,0.00373382420367,0.996538203251,0,0.909698252979,0.000913170737357
10.627,5.602,3.3,0.998500495345,0.000887503745826,0.996538203231,0.00372637211679,0.996538203251,0,0.910624051641,0.0008833634128
10.629,5.604,3.3,0.998518499671,0.000887512670244,0.996538203231,0.00371893414787,0.996538203251,0,0.911266384981,0.00092613267568
10.631,5.606,3.3,0.998536503997,0.000887521594661,0.996538203231,0.00371151178566,0.996538203251,0,0.911691058764,0.00104319344892
10.633,5.608,3.3,0.998554508323,0.000887530519079,0.996538203231,0.00370410264893,0.996538203251,0,0.911918634247,0.00101501114954
10.635,5.61,3.3,0.998572512649,0.000887539443497,0.996538203231,0.00369670930774,0.996538203251,0,0.912017771543,0.000943739080561
10.637,5.612,3.3,0.998590516975,0.000887548367914,0.996538203231,0.00368933129599,0.996538203251,0,0.912068072596,0.000923698501364
10.639,5.614,3.3,0.998608521302,0.000887557292332,0.996538203231,0.00368196726186,0.996538203251,0,0.912101263572,0.000972577228689
10.641,5.616,3.3,0.998626525628,0.00088756621675,0.996538203231,0.00367461867931,0.996538203251,0,0.912126644882,0.00109286741643
10.643,5.618,3.3,0.998644529954,0.000887575141167,0.996538203231,0.00366728319078,0.996538203251,0,0.912084422541,0.00106613839813
10.645,5.62,3.3,0.99866253428,0.000887584065585,0.996538203231,0.00365996334078,0.996538203251,0,0.912012892469,0.000994961675105
10.647,5.622,3.3,0.998680538606,0.000887592990003,0.996538203231,0.00365265866783,0.996538203251,0,0.911949556621,0.000974237112292
10.649,5.624,3.3,0.998698542932,0.000887601914421,0.996538203231,0.00364536783357,0.996538203251,0,0.911903682789,0.00102196084962
10.651,5.626,3.3,0.998716547259,0.000887610838838,0.996538203231,0.00363809229729,0.996538203251,0,0.911877237161,0.00114072631307
10.653,5.628,3.3,0.998734551585,0.000887619763256,0.996538203231,0.00363082972488,0.996538203251,0,0.911799995892,0.00111224549752
10.655,5.63,3.3,0.998752555911,0.000887628687674,0.996538203231,0.00362358263554,0.996538203251,0,0.911706313719,0.00103914485824
10.657,5.632,3.3,0.998770560237,0.000887637612091,0.996538203231,0.0036163505724,0.996538203251,0,0.91162822815,0.00101639923932
10.659,5.634,3.3,0.998788564563,0.000887646536509,0.996538203231,0.00360913221039,0.996538203251,0,0.911572091949,0.00106204444605
10.661,5.636,3.3,0.998806568889,0.000887655460927,0.996538203231,0.00360192899429,0.996538203251,0,0.911538919344,0.00117868743525
10.663,5.638,3.3,0.998824573215,0.000887664385344,0.996538203231,0.0035947386132,0.996538203251,0,0.911457132725,0.00114805810135
10.665,5.64,3.3,0.998842577542,0.000887673309762,0.996538203231,0.00358756356127,0.996538203251,0,0.911360575278,0.00107279069889
10.667,5.642,3.3,0.998860581868,0.00088768223418,0.996538203231,0.00358040338618,0.996538203251,0,0.91128057524,0.00104786968315
10.669,5.644,3.3,0.998878586194,0.000887691158597,0.996538203231,0.00357325677603,0.996538203251,0,0.911223107015,0.00109133565735
10.671,5.646,3.3,0.99889659052,0.000887700083015,0.996538203231,0.00356612516123,0.996538203251,0,0.911189061269,0.00120579771676
10.673,5.648,3.3,0.998914594846,0.000887709007433,0.996538203231,0.00355900625386,0.996538203251,0,0.911106684678,0.00117298746783
10.675,5.65,3.3,0.998932599172,0.000887717931851,0.996538203231,0.00355190252329,0.996538203251,0,0.911009754029,0.00109554083718
10.677,5.652,3.3,0.998950603499,0.000887726856268,0.996538203231,0.00354481352167,0.996538203251,0,0.910929505499,0.00106844340794
10.679,5.654,3.3,0.998968607825,0.000887735780686,0.996538203231,0.00353773795015,0.996538203251,0,0.910871864382,0.00110973605906
10.681,5.656,3.3,0.998986612151,0.000887744705104,0.996538203231,0.00353067722493,0.996538203251,0,0.910837705305,0.00122202854175
10.683,5.658,3.3,0.999004616477,0.000887753629521,0.996538203231,0.00352362908082,0.996538203251,0,0.910755252137,0.00118705207947
10.685,5.66,3.3,0.999022620803,0.000887762553939,0.996538203231,0.00351659596265,0.996538203251,0,0.910658273047,0.00110744346907
10.687,5.662,3.3,0.999040625129,0.000887771478357,0.996538203231,0.00350957742702,0.996538203251,0,0.910577992264,0.00107818832161
10.689,5.664,3.3,0.999058629455,0.000887780402774,0.996538203231,0.00350257218799,0.996538203251,0,0.910520328706,0.00111732720826
10.691,5.666,3.3,0.999076633782,0.000887789327192,0.996538203231,0.00349558164769,0.996538203251,0,0.910486154919,0.00122747033998
10.693,5.668,3.3,0.999094638108,0.00088779825161,0.996538203231,0.00348860356344,0.996538203251,0,0.910403691811,0.00119034829131
10.695,5.67,3.3,0.999112642434,0.000887807176027,0.996538203231,0.00348164035577,0.996538203251,0,0.910306706434,0.00110859861878
10.697,5.672,3.3,0.99913064676,0.000887816100445,0.996538203231,0.00347469158569,0.996538203251,0,0.910226421465,0.0010772068198
10.699,5.674,3.3,0.999148651086,0.000887825024863,0.996538203231,0.00346775598004,0.996538203251,0,0.910168754994,0.0011142130854
10.701,5.676,3.3,0.999166655412,0.000887833949281,0.996538203231,0.00346083492701,0.996538203251,0,0.910134579297,0.00122222805713
10.703,5.678,3.3,0.999184659739,0.000887842873698,0.996538203231,0.00345392620622,0.996538203251,0,0.9100521149,0.00118298163206
10.705,5.68,3.3,0.999202664065,0.000887851798116,0.996538203231,0.00344703221412,0.996538203251,0,0.909955128707,0.00109911210561
10.707,5.682,3.3,0.999220668391,0.000887860722534,0.996538203231,0.00344015251611,0.996538203251,0,0.909874843194,0.0010656048443
10.709,5.684,3.3,0.999238672717,0.000887869646951,0.996538203231,0.00343328585166,0.996538203251,0,0.909817176344,0.00110049965306
10.711,5.686,3.3,0.999256677043,0.000887878571369,0.996538203231,0.00342643359518,0.996538203251,0,0.9097830004,0.00120640759653
10.713,5.688,3.3,0.999274681369,0.000887887495787,0.996538203231,0.00341959354836,0.996538203251,0,0.909700535836,0.00116505789649
10.715,5.69,3.3,0.999292685695,0.000887896420204,0.996538203231,0.00341276808382,0.996538203251,0,0.909603549536,0.00107908957821
10.717,5.692,3.3,0.999310624931,0.000887873333004,0.996538203231,0.00340595677128,0.996538203251,0,0.909523263953,0.00104348787625
10.719,5.694,3.3,0.999315611048,0.000881479933379,0.996538203231,0.00339915836276,0.996538203251,0,0.909465597055,0.00107629221196
10.721,5.696,3.3,0.999320597166,0.000875086533754,0.996538203231,0.00339237421898,0.996538203251,0,0.909431421078,0.00118011406849
10.723,5.698,3.3,0.999325583283,0.000868693134129,0.996538203231,0.00338560216349,0.996538203251,0,0.909348956492,0.00113668199845
10.725,5.7,3.3,0.999330569401,0.000862299734504,0.996538203231,0.00337884454534,0.996538203251,0,0.909251970179,0.00104863574946
10.727,5.702,3.3,0.999335555519,0.000855906334879,0.996538203231,0.00337210093851,0.996538203251,0,0.909171684586,0.00101096042513
10.729,5.704,3.3,0.999340541636,0.000849512935254,0.996538203231,0.00336537010743,0.996538203251,0,0.909114017682,0.00104169506692
10.731,5.706,3.3,0.999345527754,0.000843119535629,0.996538203231,0.0033586533993,0.996538203251,0,0.909079841701,0.00114345157222
10.733,5.708,3.3,0.999350513872,0.000836726136004,0.996538203231,0.0033519486593,0.996538203251,0,0.908997377112,0.00109795783107
10.735,5.71,3.3,0.999355499989,0.000830332736379,0.996538203231,0.00334525821313,0.996538203251,0,0.908900390797,0.00100785430623
10.737,5.712,3.3,0.999360486107,0.000823939336754,0.996538203231,0.00333858163901,0.996538203251,0,0.908820105203,0.000968125971615
10.739,5.714,3.3,0.999365472224,0.000817545937129,0.996538203231,0.00333191771364,0.996538203251,0,0.908762438298,0.000996811492534
10.741,5.716,3.3,0.999370458342,0.000811152537504,0.996538203231,0.00332526777083,0.996538203251,0,0.908728262317,0.00109652317653
10.743,5.718,3.3,0.99937544446,0.000804759137879,0.996538203231,0.00331862967719,0.996538203251,0,0.908645797727,0.00104898825763
10.745,5.72,3.3,0.999380430577,0.000798365738254,0.996538203231,0.0033120057353,0.996538203251,0,0.908548811412,0.000956847906617
10.747,5.722,3.3,0.999385416695,0.000791972338629,0.996538203231,0.00330539552756,0.996538203251,0,0.908468525818,0.000915086969014
10.749,5.724,3.3,0.999390402813,0.000785578939004,0.996538203231,0.00329879784285,0.996538203251,0,0.908410858912,0.000941743737701
10.751,5.726,3.3,0.99939538893,0.000779185539379,0.996538203231,0.00329221400171,0.996538203251,0,0.908376682931,0.00103943092629
10.753,5.728,3.3,0.999400375048,0.000772792139754,0.996538203231,0.00328564189195,0.996538203251,0,0.909192378812,0.000999182584482
10.755,5.73,3.3,0.999405361165,0.000766398740129,0.996538203231,0.00327908379327,0.996538203251,0,0.910450721739,0.000915788075366
10.757,5.732,3.3,0.999410347283,0.000760005340504,0.996538203231,0.00327253929223,0.996538203251,0,0.911467594964,0.000884000140443
10.759,5.734,3.3,0.999415333401,0.000753611940879,0.996538203231,0.00326600718972,0.996538203251,0,0.912173452779,0.000917695192561
10.761,5.736,3.3,0.999420319518,0.000747218541254,0.996538203231,0.00325948879319,0.996538203251,0,0.912639450266,0.00101788828548
10.763,5.738,3.3,0.999425305636,0.000740825141629,0.996538203231,0.00325298201142,0.996538203251,0,0.912900132972,0.00099263810167
10.765,5.74,3.3,0.999430291754,0.000734431742004,0.996538203231,0.00324648910146,0.996538203251,0,0.913024127498,0.000930684009884
10.767,5.742,3.3,0.999435277871,0.000728038342379,0.996538203231,0.00324000965397,0.996538203251,0,0.913092351328,0.000913843241357
10.769,5.744,3.3,0.999440263989,0.000721644942754,0.996538203231,0.00323354248178,0.996538203251,0,0.913138170179,0.000957335661251
10.771,5.746,3.3,0.999445250106,0.000715251543129,0.996538203231,0.00322708887932,0.996538203251,0,0.913171512499,0.00106327001499
10.773,5.748,3.3,0.999450236224,0.000708858143504,0.996538203231,0.00322064677617,0.996538203251,0,0.913139854553,0.00104125910133
10.775,5.75,3.3,0.999455222342,0.000702464743879,0.996538203231,0.00321421840694,0.996538203251,0,0.913078921679,0.00098063047768
10.777,5.752,3.3,0.999460208459,0.000696071344254,0.996538203231,0.00320780336636,0.996538203251,0,0.913024013731,0.000964015822038
10.779,5.754,3.3,0.999465194577,0.000689677944629,0.996538203231,0.00320140047906,0.996538203251,0,0.912984161552,0.00100706917391
10.781,5.756,3.3,0.999470180694,0.000683284545004,0.996538203231,0.00319501102661,0.996538203251,0,0.91296134656,0.00111204157895
10.783,5.758,3.3,0.999475166812,0.000676891145379,0.996538203231,0.00318863295916,0.996538203251,0,0.912891743695,0.00108874700775
10.785,5.76,3.3,0.99948015293,0.000670497745754,0.996538203231,0.00318226848912,0.996538203251,0,0.912806807813,0.00102658995392
10.787,5.762,3.3,0.999485139047,0.000664104346129,0.996538203231,0.00317591721523,0.996538203251,0,0.912735917737,0.00100830770094
10.789,5.764,3.3,0.999490125165,0.000657710946504,0.996538203231,0.00316957797382,0.996538203251,0,0.912684945722,0.0010496103319
10.791,5.766,3.3,0.999495111283,0.000651317546879,0.996538203231,0.00316325203371,0.996538203251,0,0.912654841683,0.00115276770158
10.793,5.768,3.3,0.9995000974,0.000644924147254,0.996538203231,0.00315693736544,0.996538203251,0,0.912580313684,0.00112761934984
10.795,5.77,3.3,0.999505083518,0.000638530747629,0.996538203231,0.00315063615941,0.996538203251,0,0.912492262285,0.0010635803416
10.797,5.772,3.3,0.999510069635,0.000632137348004,0.996538203231,0.00314434801836,0.996538203251,0,0.912419297779,0.00104340156147
10.799,5.774,3.3,0.999515055753,0.000625743948379,0.996538203231,0.00313807179019,0.996538203251,0,0.912366882443,0.001082800059
10.801,5.776,3.3,0.999520041871,0.000619350548754,0.996538203231,0.0031318087311,0.996538203251,0,0.912335832308,0.00118404846597
10.803,5.778,3.3,0.999525027988,0.000612957149129,0.996538203231,0.0031255568318,0.996538203251,0,0.912260665042,0.00115698910422
10.805,5.78,3.3,0.999530014106,0.000606563749504,0.996538203231,0.00311931826093,0.996538203251,0,0.912172209258,0.0010910389902
10.807,5.782,3.3,0.999535000224,0.000600170349879,0.996538203231,0.00311309262517,0.996538203251,0,0.912098975498,0.00106895066882
10.809,5.784,3.3,0.999539986341,0.000593776950254,0.996538203231,0.00310687878387,0.996538203251,0,0.912046372823,0.00110644178909
10.811,5.786,3.3,0.999544972459,0.000587383550629,0.996538203231,0.00310067798075,0.996538203251,0,0.912015199888,0.00120578567555
10.813,5.788,3.3,0.999549958576,0.000580990151004,0.996538203231,0.00309448822649,0.996538203251,0,0.911939949647,0.00117682447961
10.815,5.79,3.3,0.999554944694,0.000574596751379,0.996538203231,0.00308831166817,0.996538203251,0,0.911851441375,0.00110897604469
10.817,5.792,3.3,0.999559930812,0.000568203351754,0.996538203231,0.00308214791639,0.996538203251,0,0.911778172666,0.00108499302715
10.819,5.794,3.3,0.999564916929,0.000561809952129,0.996538203231,0.00307599584183,0.996538203251,0,0.911725545676,0.00112059285209
10.821,5.796,3.3,0.999569903047,0.000555416552504,0.996538203231,0.00306985667584,0.996538203251,0,0.911694356801,0.00121804926296
10.823,5.798,3.3,0.999574889165,0.00054902315288,0.996538203231,0.00306372844889,0.996538203251,0,0.91161909579,0.00118720386281
10.825,5.8,3.3,0.999579875282,0.000542629753255,0.996538203231,0.00305761328671,0.996538203251,0,0.911530580706,0.00111747517036
10.827,5.802,3.3,0.9995848614,0.00053623635363,0.996538203231,0.00305151080377,0.996538203251,0,0.91145730746,0.00109161575345
10.829,5.804,3.3,0.999589847517,0.000529842954005,0.996538203231,0.00304541988196,0.996538203251,0,0.911404677314,0.00112534270936
10.831,5.806,3.3,0.999594833635,0.00052344955438,0.996538203231,0.00303934174043,0.996538203251,0,0.911373486371,0.00122093016164
10.833,5.808,3.3,0.999599819753,0.000517056154755,0.996538203231,0.00303327442919,0.996538203251,0,0.911298223962,0.00118821912119
10.835,5.81,3.3,0.99960480587,0.00051066275513,0.996538203231,0.00302722005285,0.996538203251,0,0.911209707993,0.00111662875667
10.837,5.812,3.3,0.999609791988,0.000504269355505,0.996538203231,0.00302117822973,0.996538203251,0,0.911136434159,0.00108891152247
10.839,5.814,3.3,0.999614778106,0.00049787595588,0.996538203231,0.00301514785282,0.996538203251,0,0.911083803603,0.00112078417752
10.841,5.816,3.3,0.999619764223,0.000491482556255,0.996538203231,0.00300913012914,0.996538203251,0,0.911052612391,0.00121452121724
10.843,5.818,3.3,0.999624750341,0.00048508915663,0.996538203231,0.0030031231281,0.996538203251,0,0.910977349801,0.00117996305982
10.845,5.82,3.3,0.999629736458,0.000478695757005,0.996538203231,0.00299712893339,0.996538203251,0,0.910888833717,0.00110652951502
10.847,5.822,3.3,0.999634722576,0.00047230235738,0.996538203231,0.00299114716711,0.996538203251,0,0.910815559807,0.00107697292152
10.849,5.824,3.3,0.999639708694,0.000465908957755,0.996538203231,0.00298517673326,0.996538203251,0,0.910762929197,0.00110700970153
10.851,5.826,3.3,0.999644694811,0.00045951555813,0.996538203231,0.00297921882687,0.996538203251,0,0.910731737951,0.001198914718
10.853,5.828,3.3,0.999649680929,0.000453122158505,0.996538203231,0.00297327153654,0.996538203251,0,0.910656475337,0.00116252780151
10.855,5.83,3.3,0.999654667046,0.00044672875888,0.996538203231,0.00296733692524,0.996538203251,0,0.910567959239,0.00108726939622
10.857,5.832,3.3,0.999659653164,0.000440335359255,0.996538203231,0.00296141461882,0.996538203251,0,0.910494685318,0.00105589172582
10.859,5.834,3.3,0.999664639282,0.00043394195963,0.996538203231,0.0029555035322,0.996538203251,0,0.910442054702,0.00108411087891
10.861,5.836,3.3,0.999669625399,0.000427548560005,0.996538203231,0.00294960484851,0.996538203251,0,0.91041086345,0.00117420208224
10.863,5.838,3.3,0.999674611517,0.00042115516038,0.996538203231,0.00294371667535,0.996538203251,0,0.910335600834,0.00113600458453
10.865,5.84,3.3,0.999679597635,0.000414761760755,0.996538203231,0.00293784105518,0.996538203251,0,0.910247084733,0.00105893945797
10.867,5.842,3.3,0.999684583752,0.00040836836113,0.996538203231,0.00293197761759,0.996538203251,0,0.910173810812,0.00102575881237
10.869,5.844,3.3,0.99968956987,0.000401974961505,0.996538203231,0.00292612528827,0.996538203251,0,0.910121180194,0.00105217840597
10.871,5.846,3.3,0.999694555987,0.00039558156188,0.996538203231,0.00292028523858,0.996538203251,0,0.910089988942,0.00114047382574
10.873,5.848,3.3,0.999699542105,0.000389188162255,0.996538203231,0.00291445559496,0.996538203251,0,0.910014726325,0.00110048374427
10.875,5.85,3.3,0.999704528223,0.00038279476263,0.996538203231,0.00290863837955,0.996538203251,0,0.909926210225,0.00102162985555
10.877,5.852,3.3,0.99970951434,0.000376401363005,0.996538203231,0.00290283322562,0.996538203251,0,0.909852936303,0.000986664156634
10.879,5.854,3.3,0.999714500458,0.00037000796338,0.996538203231,0.00289703906953,0.996538203251,0,0.909800305686,0.0010113020787
10.881,5.856,3.3,0.999719486576,0.000363614563755,0.996538203231,0.00289125707103,0.996538203251,0,0.909769114434,0.00109781956532
10.883,5.858,3.3,0.999724472693,0.00035722116413,0.996538203231,0.00288548537514,0.996538203251,0,0.909693851816,0.00105605471869
10.885,5.86,3.3,0.999729458811,0.000350827764505,0.996538203231,0.00287972598393,0.996538203251,0,0.909605335716,0.000975429848448
10.887,5.862,3.3,0.999734444928,0.00034443436488,0.996538203231,0.00287397853431,0.996538203251,0,0.909532061794,0.000938696839974
10.889,5.864,3.3,0.999739431046,0.000338040965255,0.996538203231,0.00286824197321,0.996538203251,0,0.909479431177,0.000961570800646
10.891,5.866,3.3,0.999744417164,0.00033164756563,0.996538203231,0.00286251744885,0.996538203251,0,0.909448239925,0.0010463280271
10.893,5.868,3.3,0.999749403281,0.000325254166005,0.996538203231,0.00285680312469,0.996538203251,0,0.909836885021,0.00100577041918
10.895,5.87,3.3,0.999754389399,0.00031886076638,0.996538203231,0.0028511009829,0.996538203251,0,0.910087636694,0.000925560086558
10.897,5.872,3.3,0.999759375517,0.000312467366755,0.996538203231,0.00284541066399,0.996538203251,0,0.910736132943,0.00089168943497
10.899,5.874,3.3,0.999764361634,0.00030607396713,0.996538203231,0.00283973112538,0.996538203251,0,0.911242723378,0.000916390381319
10.901,5.876,3.3,0.999769347752,0.000299680567505,0.996538203231,0.00283406350385,0.996538203251,0,0.911463680628,0.00100101606954
10.903,5.878,3.3,0.999774333869,0.00029328716788,0.996538203231,0.00282840598114,0.996538203251,0,0.912189079961,0.000972324128202
10.905,5.88,3.3,0.999779319987,0.000286893768255,0.996538203231,0.00282276051969,0.996538203251,0,0.913203410066,0.000910038770827
10.907,5.882,3.3,0.999784306105,0.00028050036863,0.996538203231,0.00281712676361,0.996538203251,0,0.91384949972,0.000888965989357
10.909,5.884,3.3,0.999789292222,0.000274106969005,0.996538203231,0.00281150368067,0.996538203251,0,0.914295658505,0.000922213060362
10.911,5.886,3.3,0.99979427834,0.00026771356938,0.996538203231,0.00280589239635,0.996538203251,0,0.914594873967,0.00101151659766
10.913,5.888,3.3,0.999799264458,0.000261320169755,0.996538203231,0.00280029111046,0.996538203251,0,0.914686343338,0.000987363964342
10.915,5.89,3.3,0.999804250575,0.00025492677013,0.996538203231,0.00279470176595,0.996538203251,0,0.914660629338,0.000929121333119
10.917,5.892,3.3,0.999809236693,0.000248533370505,0.996538203231,0.00278912401045,0.996538203251,0,0.914614217609,0.000910169596728
10.919,5.894,3.3,0.99981422281,0.00024213997088,0.996538203231,0.002783556822,0.996538203251,0,0.91457855677,0.000944373871289
10.921,5.896,3.3,0.999819208928,0.000235746571255,0.996538203231,0.00277800131488,0.996538203251,0,0.91456193974,0.00103371870322
10.923,5.898,3.3,0.999824195046,0.00022935317163,0.996538203231,0.00277245570682,0.996538203251,0,0.914440004342,0.00100904300072
10.925,5.9,3.3,0.999829181163,0.000222959772005,0.996538203231,0.00276692192143,0.996538203251,0,0.914279295811,0.000949846575062
10.927,5.902,3.3,0.999834167281,0.00021656637238,0.996538203231,0.00276139960986,0.996538203251,0,0.914142999529,0.000929694681525
10.929,5.904,3.3,0.999839153398,0.000210172972755,0.996538203231,0.00275588776029,0.996538203251,0,0.914044799982,0.000962550531144
10.931,5.906,3.3,0.999844139516,0.00020377957313,0.996538203231,0.00275038747595,0.996538203251,0,0.913987188865,0.00105043114599
10.933,5.908,3.3,0.999849125634,0.000197386173505,0.996538203231,0.00274489699226,0.996538203251,0,0.913837554184,0.00102422059227
10.935,5.91,3.3,0.999854111751,0.00019099277388,0.996538203231,0.00273941821372,0.996538203251,0,0.913659323777,0.000963436535985
10.937,5.912,3.3,0.999859097869,0.000184599374255,0.996538203231,0.00273395079495,0.996538203251,0,0.913511360756,0.000941668069822
10.939,5.914,3.3,0.999864083987,0.00017820597463,0.996538203231,0.00272849373419,0.996538203251,0,0.913405043877,0.000972890869583
10.941,5.916,3.3,0.999869070104,0.000171812575005,0.996538203231,0.0027230481237,0.996538203251,0,0.913342111853,0.00105912646441
10.943,5.918,3.3,0.999874056222,0.00016541917538,0.996538203231,0.00271761221644,0.996538203251,0,0.91318888189,0.00103126431512
10.945,5.92,3.3,0.999879042339,0.000159025775755,0.996538203231,0.00271218789798,0.996538203251,0,0.913008377197,0.000968824908962
10.947,5.922,3.3,0.999884028457,0.00015263237613,0.996538203231,0.00270677482637,0.996538203251,0,0.91285889987,0.000945400341305
10.949,5.924,3.3,0.999889014575,0.000146238976505,0.996538203231,0.0027013720098,0.996538203251,0,0.912751529386,0.000974967640844
10.951,5.926,3.3,0.999894000692,0.00013984557688,0.996538203231,0.00269598052969,0.996538203251,0,0.912687906725,0.00105954921066
10.953,5.928,3.3,0.99989898681,0.000133452177255,0.996538203231,0.00269059865635,0.996538203251,0,0.912534210105,0.00103003474961
10.955,5.93,3.3,0.999903972928,0.00012705877763,0.996538203231,0.00268522825663,0.996538203251,0,0.912353410217,0.000965945609958
10.957,5.932,3.3,0.999908959045,0.000120665378005,0.996538203231,0.00267986899195,0.996538203251,0,0.912203736337,0.000940874186326
10.959,5.934,3.3,0.999913945163,0.00011427197838,0.996538203231,0.00267451988039,0.996538203251,0,0.912096229099,0.000968797420663
10.961,5.936,3.3,0.99991893128,0.000107878578755,0.996538203231,0.00266918199259,0.996538203251,0,0.912032516795,0.00105173811554
10.963,5.938,3.3,0.999923917398,0.00010148517913,0.996538203231,0.00266385361607,0.996538203251,0,0.911878759604,0.00102058554318
10.965,5.94,3.3,0.999928903516,9.50917795049e-05,0.996538203231,0.00265853659912,0.996538203251,0,0.911697921401,0.000954861661927
10.967,5.942,3.3,0.999933889633,8.86983798799e-05,0.996538203231,0.00265323060653,0.996538203251,0,0.911548222009,0.000928158815704
10.969,5.944,3.3,0.999938875751,8.23049802549e-05,0.996538203231,0.00264793466613,0.996538203251,0,0.91144069702,0.000954453675446
10.971,5.946,3.3,0.999943861869,7.59115806299e-05,0.996538203231,0.00264264983792,0.996538203251,0,0.911376973081,0.00103576937879
10.973,5.948,3.3,0.999948847986,6.95181810049e-05,0.996538203231,0.00263737442646,0.996538203251,0,0.911223208029,0.0010029946896
10.975,5.95,3.3,0.999953834104,6.31247813799e-05,0.996538203231,0.00263211026164,0.996538203251,0,0.911042364852,0.000935652133794
10.977,5.952,3.3,0.999958820221,5.67313817549e-05,0.996538203231,0.0026268570116,0.996538203251,0,0.910892662149,0.000907333960045
10.979,5.954,3.3,0.999963806339,5.03379821299e-05,0.996538203231,0.00262161371383,0.996538203251,0,0.910785134856,0.00093201654695
10.981,5.956,3.3,0.999968792457,4.39445825049e-05,0.996538203231,0.0026163814178,0.996538203251,0,0.910721409407,0.00101172335604
10.983,5.958,3.3,0.999973778574,3.75511828799e-05,0.996538203231,0.0026111584449,0.996538203251,0,0.910483212227,0.000898487937997
10.985,5.96,3.3,0.999978764692,3.11577832549e-05,0.996538203231,0.00260594660686,0.996538203251,0,0.910243863937,0.000774902341065
10.987,5.962,3.3,0.99998375081,2.47643836299e-05,0.996538203231,0.0026007455751,0.996538203251,0,0.909961234859,0.000620838274342
10.989,5.964,3.3,0.999988736927,1.83709840049e-05,0.996538203231,0.00259555439669,0.996538203251,0,0.909750412825,0.000547452433738
10.991,5.966,3.3,0.999993723045,1.19775843799e-05,0.996538203231,0.00259037411065,0.996538203251,0,0.909640661252,0.000582580273677
10.993,5.968,3.3,0.999998709162,5.58418475495e-06,0.996538203231,0.00258520305508,0.996538203251,0,0.909143005971,0.000216831132789
10.995,5.97,3.3,1.00000199692,1.36244227595e-06,0.996538203231,0.00258004302367,0.996538203251,0,0.908442572685,-0.000337530643672
10.997,5.972,3.3,1.00000198788,1.35626955813e-06,0.996538203231,0.00257489369114,0.996538203251,0,0.907914951754,-0.000733613533388
10.999,5.974,3.3,1.00000197883,1.35009684032e-06,0.996538203231,0.002569754114,0.996538203251,0,0.907551432838,-0.000962883535245
11.001,5.976,3.3,1.00000196978,1.3439241225e-06,0.996538203231,0.00256462532096,0.996538203251,0,0.907305959992,-0.00105652416784
11.003,5.978,3.3,1.00000196073,1.33775140469e-06,0.996538203231,0.00255950566664,0.996538203251,0,0.907257810922,-0.00111415021882
11.005,5.98,3.3,1.00000195169,1.33157868687e-06,0.996538203231,0.00255439692691,0.996538203251,0,0.907316217964,-0.00112730916494
11.007,5.982,3.3,1.00000194264,1.32540596906e-06,0.996538203231,0.00254929877969,0.996538203251,0,0.907386251841,-0.0010960208697
11.009,5.984,3.3,1.00000193359,1.31923325125e-06,0.996538203231,0.0025442102909,0.996538203251,0,0.907438561432,-0.00102841405708
11.011,5.986,3.3,1.00000192455,1.31306053343e-06,0.996538203231,0.00253913247903,0.996538203251,0,0.907465663937,-0.000927987856684
11.013,5.988,3.3,1.0000019155,1.30688781562e-06,0.996538203231,0.00253406371502,0.996538203251,0,0.90760169123,-0.000854988538141
11.015,5.99,3.3,1.00000190645,1.3007150978e-06,0.996538203231,0.00252900575711,0.996538203251,0,0.907776603643,-0.000786086487842
11.017,5.992,3.3,1.0000018974,1.29454237999e-06,0.996538203231,0.00252395828642,0.996538203251,0,0.90792421128,-0.000700675318589
11.019,5.994,3.3,1.00000188836,1.28836966218e-06,0.996538203231,0.00251892037816,0.996538203251,0,0.908030494133,-0.0005958808456
11.021,5.996,3.3,1.00000187931,1.28219694436e-06,0.996538203231,0.00251389304067,0.996538203251,0,0.908092976081,-0.000471608580369
11.023,5.998,3.3,1.00000187026,1.27602422655e-06,0.996538203231,0.00250887466112,0.996538203251,0,0.908244358753,-0.000379725540822
11.025,6,3.3,1.00000186121,1.26985150873e-06,0.996538203231,0.00250386698025,0.996538203251,0,0.908435826711,-0.000302058392482
11.027,6.002,3.3,1.00000185217,1.26367879092e-06,0.996538203231,0.00249886968236,0.996538203251,0,0.90858194877,-0.000206538759849
11.029,6.004,3.3,1.00000184312,1.2575060731e-06,0.996538203231,0.00249388185184,0.996538203251,0,0.908683615679,-9.38057743819e-05
11.031,6.006,3.3,1.00000183407,1.25133335529e-06,0.996538203231,0.00248890448702,0.996538203251,0,0.908750258281,3.23967859817e-05
11.033,6.008,3.3,1.00000182502,1.24516063748e-06,0.996538203231,0.0024839359911,0.996538203251,0,0.908795288002,0.000166837350559
11.035,6.01,3.3,1.00000181598,1.23898791966e-06,0.996538203231,0.0024789780875,0.996538203251,0,0.90882377268,0.000307467777745
11.037,6.012,3.3,1.00000180693,1.23281520185e-06,0.996538203231,0.00247403046368,0.996538203251,0,0.908842738874,0.000451531075408
11.039,6.014,3.3,1.00000179788,1.22664248403e-06,0.996538203231,0.00246909221312,0.996538203251,0,0.908855934927,0.000597579174148
11.041,6.016,3.3,1.00000178884,1.22046976622e-06,0.996538203231,0.00246416432424,0.996538203251,0,0.908864584932,0.000745099839552
11.043,6.018,3.3,1.00000177979,1.21429704841e-06,0.996538203231,0.00245924521608,0.996538203251,0,0.908870429652,0.000893456101658
11.045,6.02,3.3,1.00000177074,1.20812433059e-06,0.996538203231,0.00245433659497,0.996538203251,0,0.908874126875,0.00104233670985
11.047,6.022,3.3,1.00000176169,1.20195161278e-06,0.996538203231,0.00244943815145,0.996538203251,0,0.908876588629,0.00119139205019
11.049,6.024,3.3,1.00000175265,1.19577889496e-06,0.996538203231,0.00244454898802,0.996538203251,0,0.908878301436,0.00134045805183
11.051,6.026,3.3,1.0000017436,1.18960617715e-06,0.996538203231,0.00243967008326,0.996538203251,0,0.90887942418,0.00148944218624
11.053,6.028,3.3,1.00000173455,1.18343345933e-06,0.996538203231,0.00243479987196,0.996538203251,0,0.908880182807,0.00163830343033
11.055,6.03,3.3,1.0000017255,1.17726074152e-06,0.996538203231,0.00242994004345,0.996538203251,0,0.908880662695,0.00178695642795
11.057,6.032,3.3,1.00000171646,1.17108802371e-06,0.996538203231,0.00242509029137,0.996538203251,0,0.908880982223,0.00193536395361
11.059,6.034,3.3,1.00000170741,1.16491530589e-06,0.996538203231,0.00242024972713,0.996538203251,0,0.90888120454,0.00208352835812
11.061,6.036,3.3,1.00000169836,1.15874258808e-06,0.996538203231,0.00241541931959,0.996538203251,0,0.908881350269,0.00223141184834
11.063,6.038,3.3,1.00000168932,1.15256987026e-06,0.996538203231,0.00241059751909,0.996538203251,0,0.908881448736,0.0023790503392
11.065,6.04,3.3,1.00000168027,1.14639715245e-06,0.996538203231,0.00240578599818,0.996538203251,0,0.908881511024,0.00252638824187
11.067,6.042,3.3,1.00000167122,1.14022443464e-06,0.996538203231,0.00240098445353,0.996538203251,0,0.908881552498,0.00267342879684
11.069,6.044,3.3,1.00000166217,1.13405171682e-06,0.996538203231,0.0023961920054,0.996538203251,0,0.908881581354,0.0028201957209
11.071,6.046,3.3,1.00000165313,1.12787899901e-06,0.996538203231,0.00239140961301,0.996538203251,0,0.908881600269,0.0029666585817
11.073,6.048,3.3,1.00000164408,1.12170628119e-06,0.996538203231,0.0023866357421,0.996538203251,0,0.908881613049,0.00311286287054
11.075,6.05,3.3,1.00000163503,1.11553356338e-06,0.996538203231,0.00238187204861,0.996538203251,0,0.908881621134,0.00325875730473
11.077,6.052,3.3,1.00000162598,1.10936084556e-06,0.996538203231,0.0023771182322,0.996538203251,0,0.908881626517,0.00340435029691
11.079,6.054,3.3,1.00000161694,1.10318812775e-06,0.996538203231,0.00237237342189,0.996538203251,0,0.908881630263,0.00354966810436
11.081,6.056,3.3,1.00000160789,1.09701540994e-06,0.996538203231,0.00236763856738,0.996538203251,0,0.908881632718,0.00369468150389
11.083,6.058,3.3,1.00000159884,1.09084269212e-06,0.996538203231,0.00236291214963,0.996538203251,0,0.908881634377,0.00383943682395
11.085,6.06,3.3,1.00000158979,1.08466997431e-06,0.996538203231,0.00235819580813,0.996538203251,0,0.908881635426,0.00398388377878
11.087,6.062,3.3,1.00000158075,1.07849725649e-06,0.996538203231,0.00235348924555,0.996538203251,0,0.908881636125,0.00412803137292
11.089,6.064,3.3,1.0000015717,1.07232453868e-06,0.996538203231,0.00234879159953,0.996538203251,0,0.908881636611,0.004271905963
11.091,6.066,3.3,1.00000156265,1.06615182087e-06,0.996538203231,0.00234410381035,0.996538203251,0,0.908881636929,0.004415478734
11.093,6.068,3.3,1.00000155361,1.05997910305e-06,0.996538203231,0.00233942437407,0.996538203251,0,0.908881637144,0.00455879572118
11.095,6.07,3.3,1.00000154456,1.05380638524e-06,0.996538203231,0.00233475491388,0.996538203251,0,0.908881637281,0.0047018072019
11.097,6.072,3.3,1.00000153551,1.04763366742e-06,0.996538203231,0.0023300951354,0.996538203251,0,0.908881637371,0.00484452217885
11.099,6.074,3.3,1.00000152646,1.04146094961e-06,0.996538203231,0.00232544418486,0.996538203251,0,0.908881637434,0.00498696679346
11.101,6.076,3.3,1.00000151742,1.03528823179e-06,0.996538203231,0.00232080299317,0.996538203251,0,0.908881637476,0.00512911253238
11.103,6.078,3.3,1.00000150837,1.02911551398e-06,0.996538203231,0.00231617007136,0.996538203251,0,0.908881637503,0.00527100499504
11.105,6.08,3.3,1.00000149932,1.02294279617e-06,0.996538203231,0.00231154702647,0.996538203251,0,0.908881637521,0.00541259496122
11.107,6.082,3.3,1.00000149027,1.01677007835e-06,0.996538203231,0.00230693356706,0.996538203251,0,0.908881637533,0.00555389135552
11.109,6.084,3.3,1.00000148123,1.01059736054e-06,0.996538203231,0.00230232884783,0.996538203251,0,0.908881637541,0.00569492006558
11.111,6.086,3.3,1.00000147218,1.00442464272e-06,0.996538203231,0.00229773379045,0.996538203251,0,0.908881637546,0.00583565286348
11.113,6.088,3.3,1.00000146313,9.9825192491e-07,0.996538203231,0.00229314692074,0.996538203251,0,0.90888163755,0.00597613489817
11.115,6.09,3.3,1.00000145408,9.92079207096e-07,0.996538203231,0.00228856982978,0.996538203251,0,0.908881637552,0.00611631743979
11.117,6.092,3.3,1.00000144504,9.85906489281e-07,0.996538203231,0.002284002229,0.996538203251,0,0.908881637554,0.00625620932568
11.119,6.094,3.3,1.00000143599,9.79733771467e-07,0.996538203231,0.00227944328154,0.996538203251,0,0.908881637555,0.00639583618695
11.121,6.096,3.3,1.00000142694,9.73561053653e-07,0.996538203231,0.00227489389988,0.996538203251,0,0.908881637555,0.00653517007652
11.123,6.098,3.3,1.0000014179,9.67388335839e-07,0.996538203231,0.00227035262451,0.996538203251,0,0.908881637556,0.00667425569493
11.125,6.1,3.3,1.00000140885,9.61215618025e-07,0.996538203231,0.00226582103068,0.996538203251,0,0.908881637556,0.00681304479684
11.127,6.102,3.3,1.0000013998,9.55042900211e-07,0.996538203231,0.00226129883271,0.99653820325,0,0.908881637556,0.00695154613192
11.129,6.104,3.3,1.00000139075,9.48870182396e-07,0.996538203231,0.00225678520203,0.99653820325,0,0.908881637556,0.00708978507663
11.131,6.106,3.3,1.00000138171,9.42697464582e-07,0.996538203231,0.00225228104207,0.99653820325,0,0.908881637556,0.0072277339617
11.133,6.108,3.3,1.00000137266,9.36524746768e-07,0.996538203231,0.00224778490781,0.99653820325,0,0.908881637556,0.0073654370434
11.135,6.11,3.3,1.00000136361,9.30352028954e-07,0.996538203231,0.00224329835887,0.99653820325,0,0.908881637556,0.00750284655596
11.137,6.112,3.3,1.00000135456,9.2417931114e-07,0.996538203231,0.00223882111239,0.99653820325,0,0.908881637556,0.00763997116213
11.139,6.114,3.3,1.00000134552,9.18006593325e-07,0.996538203231,0.00223435234803,0.99653820325,0,0.908881637556,0.0077768359861
11.141,6.116,3.3,1.00000133647,9.11833875511e-07,0.996538203231,0.00222989296026,0.99653820325,0,0.908881637556,0.00791341363368
11.143,6.118,3.3,1.00000132742,9.05661157697e-07,0.996538203231,0.00222544151842,0.99653820325,0,0.908881637556,0.0080497479212
11.145,6.12,3.3,1.00000131838,8.99488439883e-07,0.996538203231,0.0022209995666,0.99653820325,0,0.908881637556,0.0081857915577
11.147,6.122,3.3,1.00000130933,8.93315722069e-07,0.996538203231,0.00221656682478,0.99653820325,0,0.908881637556,0.00832155311983
11.149,6.124,3.3,1.00000130028,8.87143004255e-07,0.996538203231,0.00221214248077,0.99653820325,0,0.908881637556,0.00845705748205
11.151,6.126,3.3,1.00000129123,8.8097028644e-07,0.996538203231,0.00220772742014,0.99653820325,0,0.908881637556,0.00859227752245
11.153,6.128,3.3,1.00000128219,8.74797568626e-07,0.996538203231,0.00220332022646,0.99653820325,0,0.908881637556,0.00872725662184
11.155,6.13,3.3,1.00000127314,8.68624850812e-07,0.996538203231,0.00219892242847,0.99653820325,0,0.908881637556,0.00886194795934
11.157,6.132,3.3,1.00000126409,8.62452132998e-07,0.996538203231,0.00219453374892,0.99653820325,0,0.908881637555,0.00899636002633
11.159,6.134,3.3,1.00000125504,8.56279415184e-07,0.996538203231,0.00219015338372,0.99653820325,0,0.908881637555,0.00913051745003
11.161,6.136,3.3,1.000001246,8.5010669737e-07,0.996538203231,0.00218578220961,0.99653820325,0,0.908881637555,0.00926439337812
11.163,6.138,3.3,1.00000123695,8.43933979555e-07,0.996538203231,0.00218141882425,0.99653820325,0,0.908881637555,0.0093980307602
11.165,6.14,3.3,1.0000012279,8.37761261741e-07,0.996538203231,0.00217706474119,0.99653820325,0,0.908881637555,0.0095313832408
11.167,6.142,3.3,1.00000121885,8.31588543927e-07,0.996538203231,0.00217271968593,0.99653820325,0,0.908881637555,0.00966445922689
11.169,6.144,3.3,1.00000120981,8.25415826113e-07,0.996538203231,0.00216838286237,0.99653820325,0,0.908881637555,0.00979728310088
11.171,6.146,3.3,1.00000120076,8.19243108299e-07,0.996538203231,0.00216405513854,0.99653820325,0,0.908881637555,0.00992982827739
11.173,6.148,3.3,1.00000119171,8.13070390485e-07,0.996538203231,0.00215973512604,0.99653820325,0,0.908881637555,0.0100621372791
11.175,6.15,3.3,1.00000118267,8.0689767267e-07,0.996538203231,0.00215542432337,0.99653820325,0,0.908881637555,0.0101941642113
11.177,6.152,3.3,1.00000117362,8.00724954856e-07,0.996538203231,0.00215112245877,0.99653820325,0,0.908881637555,0.0103259173973
11.179,6.154,3.3,1.00000116457,7.94552237042e-07,0.996538203231,0.00214682874404,0.99653820325,0,0.908881637555,0.0104574209774
11.181,6.156,3.3,1.00000115552,7.88379519228e-07,0.996538203231,0.00214254403859,0.99653820325,0,0.908881637555,0.0105886486302
11.183,6.158,3.3,1.00000114648,7.82206801414e-07,0.996538203231,0.00213826696782,0.99653820325,0,0.908881637555,0.0107196424559
11.185,6.16,3.3,1.00000113743,7.760340836e-07,0.996538203231,0.00213399901533,0.99653820325,0,0.908881637555,0.0108503570158
11.187,6.162,3.3,1.00000112838,7.69861365785e-07,0.996538203231,0.00212973991207,0.99653820325,0,0.908881637555,0.0109808005508
11.189,6.164,3.3,1.00000111933,7.63688647971e-07,0.996538203231,0.00212548887766,0.99653820325,0,0.908881637555,0.0111109969608
11.191,6.166,3.3,1.00000111029,7.57515930157e-07,0.996538203231,0.00212124676298,0.99653820325,0,0.908881637555,0.0112409201864
11.193,6.168,3.3,1.00000110124,7.51343212343e-07,0.996538203231,0.00211701220708,0.99653820325,0,0.908881637554,0.0113706119091
11.195,6.17,3.3,1.00000109219,7.45170494529e-07,0.996538203231,0.00211278667883,0.99653820325,0,0.908881637554,0.011500027142
11.197,6.172,3.3,1.00000108314,7.38997776715e-07,0.996538203231,0.00210856991184,0.99653820325,0,0.908881637554,0.011629174044
11.199,6.174,3.3,1.0000010741,7.328250589e-07,0.996538203231,0.00210436113351,0.99653820325,0,0.908881637554,0.0117580762776
11.201,6.176,3.3,1.00000106505,7.26652341086e-07,0.996538203231,0.00210016118623,0.99653820325,0,0.908881637554,0.0118867080422
11.203,6.178,3.3,1.000001056,7.20479623272e-07,0.996538203231,0.00209596872261,0.99653820325,0,0.908881637554,0.0120151106051
11.205,6.18,3.3,1.00000104696,7.14306905458e-07,0.996538203231,0.0020917851969,0.99653820325,0,0.908881637554,0.0121432394266
11.207,6.182,3.3,1.00000103791,7.08134187644e-07,0.99653820323,0.00208761034535,0.99653820325,0,0.908881637554,0.0122711025844
11.209,6.184,3.3,1.00000102886,7.0196146983e-07,0.99653820323,0.00208344340306,0.99653820325,0,0.908881637554,0.0123987235058
11.211,6.186,3.3,1.00000101981,6.95788752015e-07,0.99653820323,0.00207928520404,0.99653820325,0,0.908881637554,0.0125260766468
11.213,6.188,3.3,1.00000101077,6.89616034201e-07,0.99653820323,0.00207513441428,0.99653820325,0,0.908881637554,0.0126532028644
11.215,6.19,3.3,1.00000100172,6.83443316387e-07,0.99653820323,0.00207099247359,0.99653820325,0,0.908881637554,0.0127800580616
11.217,6.192,3.3,1.00000099267,6.77270598573e-07,0.99653820323,0.00206685912085,0.99653820325,0,0.908881637554,0.0129066502359
11.219,6.194,3.3,1.00000098362,6.71097880759e-07,0.99653820323,0.00206273359873,0.99653820325,0,0.908881637554,0.0130330025816
11.221,6.196,3.3,1.00000097458,6.64925162945e-07,0.99653820323,0.00205861673298,0.99653820325,0,0.908881637554,0.0131590898087
11.223,6.198,3.3,1.00000096553,6.5875244513e-07,0.99653820323,0.00205450720284,0.99653820325,0,0.908881637554,0.0132849523681
11.225,6.2,3.3,1.00000095648,6.52579727316e-07,0.99653820323,0.00205040643381,0.99653820325,0,0.908881637554,0.0134105466011
11.227,6.202,3.3,1.00000094744,6.46407009502e-07,0.99653820323,0.00204631416736,0.99653820325,0,0.908881637554,0.0135358804257
11.229,6.204,3.3,1.00000093839,6.40234291688e-07,0.99653820323,0.0020422296537,0.99653820325,0,0.908881637553,0.0136609768057
11.231,6.206,3.3,1.00000092934,6.34061573874e-07,0.99653820323,0.00203815371036,0.99653820325,0,0.908881637553,0.0137858107023
11.233,6.208,3.3,1.00000092029,6.2788885606e-07,0.99653820323,0.00203408502972,0.99653820325,0,0.908881637553,0.0139104221645
11.235,6.21,3.3,1.00000091125,6.21716138245e-07,0.99653820323,0.0020300250231,0.99653820325,0,0.908881637553,0.0140347679675
11.237,6.212,3.3,1.0000009022,6.15543420431e-07,0.99653820323,0.00202597343453,0.99653820325,0,0.908881637553,0.0141588559506
11.239,6.214,3.3,1.00000089315,6.09370702617e-07,0.99653820323,0.0020219295217,0.99653820325,0,0.908881637553,0.0142827088493
11.241,6.216,3.3,1.0000008841,6.03197984803e-07,0.99653820323,0.00201789409399,0.99653820325,0,0.908881637553,0.0144063018739
11.243,6.218,3.3,1.00000087506,5.97025266989e-07,0.99653820323,0.00201386585679,0.99653820325,0,0.908881637553,0.014529674675
11.245,6.22,3.3,1.00000086601,5.90852549175e-07,0.99653820323,0.00200984620738,0.99653820325,0,0.908881637553,0.0146527844576
11.247,6.222,3.3,1.00000085696,5.8467983136e-07,0.99653820323,0.00200583489237,0.99653820325,0,0.908881637553,0.0147756389831
11.249,6.224,3.3,1.00000084791,5.78507113546e-07,0.99653820323,0.00200183117677,0.99653820325,0,0.908881637553,0.014898260761
11.251,6.226,3.3,1.00000083887,5.72334395732e-07,0.99653820323,0.00199783586197,0.99653820325,0,0.908881637553,0.015020625248
11.253,6.228,3.3,1.00000082982,5.66161677918e-07,0.99653820323,0.00199384766619,0.99653820325,0,0.908881637553,0.0151427717005
11.255,6.23,3.3,1.00000082077,5.59988960104e-07,0.99653820323,0.00198986797285,0.99653820325,0,0.908881637553,0.015264657749
11.257,6.232,3.3,1.00000081173,5.5381624229e-07,0.99653820323,0.00198589653105,0.99653820325,0,0.908881637553,0.0153862910777
11.259,6.234,3.3,1.00000080268,5.47643524475e-07,0.99653820323,0.00198193261313,0.99653820325,0,0.908881637553,0.0155076939724
11.261,6.236,3.3,1.00000079363,5.41470806661e-07,0.99653820323,0.00197797701249,0.99653820325,0,0.908881637553,0.0156288421336
11.263,6.238,3.3,1.00000078458,5.35298088847e-07,0.99653820323,0.00197402846013,0.99653820325,0,0.908881637552,0.0157497744278
11.265,6.24,3.3,1.00000077554,5.29125371033e-07,0.99653820323,0.00197008832567,0.99653820325,0,0.908881637552,0.0158704489064
11.267,6.242,3.3,1.00000076649,5.22952653219e-07,0.99653820323,0.00196615636074,0.99653820325,0,0.908881637552,0.0159908731772
11.269,6.244,3.3,1.00000075744,5.16779935405e-07,0.99653820323,0.0019622318449,0.99653820325,0,0.908881637552,0.0161110693045
11.271,6.246,3.3,1.00000074839,5.1060721759e-07,0.99653820323,0.00195831556367,0.99653820325,0,0.908881637552,0.0162310132305
11.273,6.248,3.3,1.00000073935,5.04434499776e-07,0.99653820323,0.00195440626065,0.99653820325,0,0.908881637552,0.0163507434352
11.275,6.25,3.3,1.0000007303,4.98261781962e-07,0.99653820323,0.00195050529186,0.99653820325,0,0.908881637552,0.0164702183871
11.277,6.252,3.3,1.00000072125,4.92089064148e-07,0.99653820323,0.00194661241139,0.99653820325,0,0.908881637552,0.0165894456183
11.279,6.254,3.3,1.0000007122,4.85916346334e-07,0.99653820323,0.00194272690597,0.99653820325,0,0.908881637552,0.0167084469738
11.281,6.256,3.3,1.00000070316,4.7974362852e-07,0.99653820323,0.0019388495533,0.99653820325,0,0.908881637552,0.0168271986349
11.283,6.258,3.3,1.00000069411,4.73570910705e-07,0.99653820323,0.00193497910947,0.99653820325,0,0.908881637552,0.0169457386991
11.285,6.26,3.3,1.00000068506,4.67398192891e-07,0.99653820323,0.00193111691704,0.99653820325,0,0.908881637552,0.0170640260478
11.287,6.262,3.3,1.00000067602,4.61225475077e-07,0.99653820323,0.00192726273253,0.99653820325,0,0.908881637552,0.0171820681382
11.289,6.264,3.3,1.00000066697,4.55052757263e-07,0.99653820323,0.00192341584975,0.99653820325,0,0.908881637552,0.0172998865981
11.291,6.266,3.3,1.00000065792,4.48880039449e-07,0.99653820323,0.00191957703869,0.99653820325,0,0.908881637552,0.0174174578457
11.293,6.268,3.3,1.00000064887,4.42707321635e-07,0.99653820323,0.00191574506779,0.99653820325,0,0.908881637552,0.0175348195996
11.295,6.27,3.3,1.00000063983,4.3653460382e-07,0.99653820323,0.00191192126627,0.99653820325,0,0.908881637551,0.0176519311501
11.297,6.272,3.3,1.00000063078,4.30361886006e-07,0.99653820323,0.00190810539306,0.99653820325,0,0.908881637551,0.0177687998802
11.299,6.274,3.3,1.00000062173,4.24189168192e-07,0.99653820323,0.00190429674902,0.99653820325,0,0.908881637551,0.0178854472028
11.301,6.276,3.3,1.00000061268,4.18016450378e-07,0.99653820323,0.00190049609645,0.99653820325,0,0.908881637551,0.0180018497703
11.303,6.278,3.3,1.00000060364,4.11843732564e-07,0.99653820323,0.00189670221606,0.99653820325,0,0.908881637551,0.0181180449266
11.305,6.28,3.3,1.00000059459,4.0567101475e-07,0.99653820323,0.00189291642383,0.99653820325,0,0.908881637551,0.0182339923665
11.307,6.282,3.3,1.00000058554,3.99498296935e-07,0.99653820323,0.00188913848111,0.99653820325,0,0.908881637551,0.0183496993997
11.309,6.284,3.3,1.0000005765,3.93325579121e-07,0.99653820323,0.0018853676957,0.99653820325,0,0.908881637551,0.0184651872263
11.311,6.286,3.3,1.00000056745,3.87152861307e-07,0.99653820323,0.00188160482232,0.99653820325,0,0.908881637551,0.0185804327307
11.313,6.288,3.3,1.0000005584,3.80980143493e-07,0.99653820323,0.0018778486538,0.99653820325,0,0.908881637551,0.0186954728856
11.315,6.29,3.3,1.00000054935,3.74807425679e-07,0.99653820323,0.00187410049306,0.99653820325,0,0.908881637551,0.0188102677864
11.317,6.292,3.3,1.00000054031,3.68634707865e-07,0.99653820323,0.00187036010379,0.99653820325,0,0.908881637551,0.0189248246702
11.319,6.294,3.3,1.00000053126,3.6246199005e-07,0.99653820323,0.00186662680068,0.99653820325,0,0.908881637551,0.0190391645263
11.321,6.296,3.3,1.00000052221,3.56289272236e-07,0.99653820323,0.00186290133096,0.99653820325,0,0.908881637551,0.019153264469
11.323,6.298,3.3,1.00000051316,3.50116554422e-07,0.99653820323,0.00185918249946,0.99653820325,0,0.908881637551,0.0192671611034
11.325,6.3,3.3,1.00000050412,3.43943836608e-07,0.99653820323,0.00185547159613,0.99653820325,0,0.908881637551,0.0193808149216
11.327,6.302,3.3,1.00000049507,3.37771118794e-07,0.99653820323,0.00185176838702,0.99653820325,0,0.90888163755,0.0194942330887
11.329,6.304,3.3,1.00000048602,3.3159840098e-07,0.99653820323,0.00184807219364,0.99653820325,0,0.90888163755,0.0196074363854
11.331,6.306,3.3,1.00000047697,3.25425683165e-07,0.99653820323,0.00184438375578,0.99653820325,0,0.90888163755,0.0197204021535
11.333,6.308,3.3,1.00000046793,3.19252965351e-07,0.99653820323,0.00184070189015,0.99653820325,0,0.90888163755,0.0198331666342
11.335,6.31,3.3,1.00000045888,3.13080247537e-07,0.99653820323,0.00183702787389,0.99653820325,0,0.90888163755,0.0199456907123
11.337,6.312,3.3,1.00000044983,3.06907529723e-07,0.99653820323,0.00183336147537,0.99653820325,0,0.90888163755,0.0200579814818
11.339,6.314,3.3,1.00000044079,3.00734811909e-07,0.99653820323,0.00182970202283,0.99653820325,0,0.90888163755,0.0201700595167
11.341,6.316,3.3,1.00000043174,2.94562094095e-07,0.99653820323,0.00182605024874,0.99653820325,0,0.90888163755,0.0202819023841
11.343,6.318,3.3,1.00000042269,2.8838937628e-07,0.99653820323,0.00182240498154,0.99653820325,0,0.90888163755,0.0203935459649
11.345,6.32,3.3,1.00000041364,2.82216658466e-07,0.99653820323,0.00181876748568,0.99653820325,0,0.90888163755,0.0205049515328
11.347,6.322,3.3,1.0000004046,2.76043940652e-07,0.99653820323,0.00181513753184,0.99653820325,0,0.90888163755,0.0206161261112
11.349,6.324,3.3,1.00000039555,2.69871222838e-07,0.99653820323,0.00181151445494,0.99653820325,0,0.90888163755,0.0207270900696
11.351,6.326,3.3,1.0000003865,2.63698505024e-07,0.99653820323,0.00180789898016,0.99653820325,0,0.90888163755,0.0208378211981
11.353,6.328,3.3,1.00000037745,2.5752578721e-07,0.99653820323,0.00180428994759,0.99653820325,0,0.90888163755,0.020948355021
11.355,6.33,3.3,1.00000036841,2.51353069395e-07,0.99653820323,0.00180068860911,0.99653820325,0,0.90888163755,0.0210586531969
11.357,6.332,3.3,1.00000035936,2.45180351581e-07,0.99653820323,0.00179709473769,0.99653820325,0,0.90888163755,0.0211687226793
11.359,6.334,3.3,1.00000035031,2.39007633767e-07,0.99653820323,0.00179350767485,0.99653820325,0,0.908881637549,0.0212785836354
11.361,6.336,3.3,1.00000034126,2.32834915953e-07,0.99653820323,0.00178992813856,0.99653820325,0,0.908881637549,0.0213882140759
11.363,6.338,3.3,1.00000033222,2.26662198139e-07,0.99653820323,0.00178635498044,0.99653820325,0,0.908881637549,0.0214976491721
11.365,6.34,3.3,1.00000032317,2.20489480325e-07,0.99653820323,0.00178278943994,0.99653820325,0,0.908881637549,0.0216068509636
11.367,6.342,3.3,1.00000031412,2.1431676251e-07,0.99653820323,0.00177923129227,0.99653820325,0,0.908881637549,0.0217158263349
11.369,6.344,3.3,1.00000030508,2.08144044696e-07,0.99653820323,0.0017756798855,0.99653820325,0,0.908881637549,0.0218245952527
11.371,6.346,3.3,1.00000029603,2.01971326882e-07,0.99653820323,0.00177213593046,0.99653820325,0,0.908881637549,0.0219331359463
11.373,6.348,3.3,1.00000028698,1.95798609068e-07,0.99653820323,0.0017685982902,0.99653820325,0,0.908881637549,0.0220414832373
11.375,6.35,3.3,1.00000027793,1.89625891254e-07,0.99653820323,0.00176506819183,0.99653820325,0,0.908881637549,0.0221495995428
11.377,6.352,3.3,1.00000026889,1.8345317344e-07,0.99653820323,0.00176154541281,0.99653820325,0,0.908881637549,0.0222574916787
11.379,6.354,3.3,1.00000025984,1.77280455625e-07,0.99653820323,0.00175802930768,0.99653820325,0,0.908881637549,0.0223651794132
11.381,6.356,3.3,1.00000025079,1.71107737811e-07,0.99653820323,0.00175452058021,0.99653820325,0,0.908881637549,0.0224726411921
11.383,6.358,3.3,1.00000024174,1.64935019997e-07,0.99653820323,0.00175101810475,0.99653820325,0,0.908881637549,0.0225799114909
11.385,6.36,3.3,1.0000002327,1.58762302183e-07,0.99653820323,0.00174752309622,0.99653820325,0,0.908881637549,0.0226869531002
11.387,6.362,3.3,1.00000022365,1.52589584369e-07,0.99653820323,0.00174403533427,0.99653820325,0,0.908881637549,0.0227937727683
11.389,6.364,3.3,1.0000002146,1.46416866555e-07,0.99653820323,0.00174055417988,0.99653820325,0,0.908881637549,0.0229003900668
11.391,6.366,3.3,1.00000020556,1.4024414874e-07,0.99653820323,0.00173708032982,0.99653820325,0,0.908881637548,0.0230067836556
11.393,6.368,3.3,1.00000019651,1.34071430926e-07,0.99653820323,0.00173361266962,0.99653820325,0,0.908881637548,0.0231129876678
11.395,6.37,3.3,1.00000018746,1.27898713112e-07,0.99653820323,0.00173015240211,0.99653820325,0,0.908881637548,0.0232189652636
11.397,6.372,3.3,1.00000017841,1.21725995298e-07,0.99653820323,0.00172669930917,0.99653820325,0,0.908881637548,0.0233247231243
11.399,6.374,3.3,1.00000016937,1.15553277484e-07,0.99653820323,0.0017232527581,0.99653820325,0,0.908881637548,0.023430280627
11.401,6.376,3.3,1.00000016032,1.0938055967e-07,0.99653820323,0.00171981343875,0.99653820325,0,0.908881637548,0.0235356166439
11.403,6.378,3.3,1.00000015127,1.03207841855e-07,0.99653820323,0.00171638024773,0.99653820325,0,0.908881637548,0.0236407649684
11.405,6.38,3.3,1.00000014222,9.70351240412e-08,0.99653820323,0.00171295437594,0.99653820325,0,0.908881637548,0.0237456891273
11.407,6.382,3.3,1.00000013318,9.08624062271e-08,0.99653820323,0.00170953560738,0.99653820325,0,0.908881637548,0.0238503957352
11.409,6.384,3.3,1.00000012413,8.46896884129e-08,0.99653820323,0.00170612331567,0.99653820325,0,0.908881637548,0.0239549039767
11.411,6.386,3.3,1.00000011508,7.85169705987e-08,0.99653820323,0.00170271818379,0.99653820325,0,0.908881637548,0.024059192934
11.413,6.388,3.3,1.00000010603,7.23442527846e-08,0.99653820323,0.00169931911933,0.99653820325,0,0.908881637548,0.0241632960647
11.415,6.39,3.3,1.00000009699,6.61715349704e-08,0.99653820323,0.00169592730133,0.99653820325,0,0.908881637548,0.0242671772579
11.417,6.392,3.3,1.00000008794,5.99988171562e-08,0.99653820323,0.00169254251597,0.99653820325,0,0.908881637548,0.0243708430627
11.419,6.394,3.3,1.00000007889,5.38260993421e-08,0.99653820323,0.00168916414307,0.99653820325,0,0.908881637548,0.024474312473
11.421,6.396,3.3,1.00000006985,4.76533815279e-08,0.99653820323,0.00168579285883,0.99653820325,0,0.908881637548,0.0245775647787
11.423,6.398,3.3,1.0000000608,4.14806637137e-08,0.99653820323,0.0016824275817,0.99653820325,0,0.908881637547,0.0246806331049
11.425,6.4,3.3,1.00000005175,3.53079458996e-08,0.99653820323,0.00167906947901,0.99653820325,0,0.908881637547,0.0247834816997
11.427,6.402,3.3,1.0000000427,2.91352280854e-08,0.99653820323,0.00167571833904,0.99653820325,0,0.908881637547,0.0248861170472
11.429,6.404,3.3,1.00000003366,2.29625102712e-08,0.99653820323,0.00167237354779,0.99653820325,0,0.908881637547,0.0249885579523
11.431,6.406,3.3,1.00000002461,1.67897924571e-08,0.99653820323,0.00166903577475,0.99653820325,0,0.908881637547,0.0250907839109
11.433,6.408,3.3,1.00000001556,1.06170746429e-08,0.99653820323,0.0016657039491,0.99653820325,0,0.908881637547,0.0251928277188
11.435,6.41,3.3,1.00000000651,4.44435682872e-09,0.99653820323,0.00166237922657,0.99653820325,0,0.908881637547,0.0252946539795
11.437,6.412,3.3,1,0,0.99653820323,0.00165906139755,0.99653820325,0,0.908881637547,0.0253962691126
11.439,6.414,3.3,1,0,0.99653820323,0.00165574985415,0.99653820325,0,0.908881637547,0.025497691736
11.441,6.416,3.3,1,0,0.99653820323,0.0016524452592,0.99653820325,0,0.908881637547,0.0255989015496
11.443,6.418,3.3,1,0,0.99653820323,0.00164914655251,0.99653820325,0,0.908881637547,0.0256999310231
11.445,6.42,3.3,1,0,0.99653820323,0.00164585487834,0.99653820325,0,0.908881637547,0.0258007451119
11.447,6.422,3.3,1,0,0.99653820323,0.00164257002916,0.99653820325,0,0.908881637547,0.0259013501717
11.449,6.424,3.3,1,0,0.99653820323,0.00163929140312,0.99653820325,0,0.908881637547,0.0260017646355
11.451,6.426,3.3,1,0,0.99653820323,0.00163601965645,0.99653820325,0,0.908881637547,0.0261019684047
11.453,6.428,3.3,1,0,0.99653820323,0.00163275373952,0.99653820325,0,0.908881637546,0.0262019936265
11.455,6.43,3.3,1,0,0.99653820323,0.0016294947852,0.99653820325,0,0.908881637546,0.0263018056045
11.457,6.432,3.3,1,0,0.99653820323,0.00162624258803,0.99653820325,0,0.908881637546,0.0264014106313
11.459,6.434,3.3,1,0,0.99653820323,0.00162299655214,0.99653820325,0,0.908881637546,0.0265008269567
11.461,6.436,3.3,1,0,0.99653820323,0.00161975732724,0.99653820325,0,0.908881637546,0.0266000346818
11.463,6.438,3.3,1,0,0.99653820323,0.00161652387413,0.99653820325,0,0.908881637546,0.0266990656343
11.465,6.44,3.3,1,0,0.99653820323,0.00161329731442,0.99653820325,0,0.908881637546,0.0267978854628
11.467,6.442,3.3,1,0,0.99653820323,0.0016100774447,0.99653820325,0,0.908881637546,0.0268965003971
11.469,6.444,3.3,1,0,0.99653820323,0.00160686367501,0.99653820325,0,0.908881637546,0.0269949285057
11.471,6.446,3.3,1,0,0.99653820323,0.0016036566486,0.99653820325,0,0.908881637546,0.0270931500877
11.473,6.448,3.3,1,0,0.99653820323,0.00160045533662,0.99653820325,0,0.908881637546,0.0271911966541
11.475,6.45,3.3,1,0,0.99653820323,0.00159726084951,0.99653820325,0,0.908881637546,0.0272890341951
11.477,6.452,3.3,1,0,0.99653820323,0.00159407298589,0.99653820325,0,0.908881637546,0.0273866688787
11.479,6.454,3.3,1,0,0.99653820323,0.00159089116167,0.99653820325,0,0.908881637546,0.0274841185936
11.481,6.456,3.3,1,0,0.99653820323,0.0015877160137,0.99653820325,0,0.908881637546,0.0275813638349
11.483,6.458,3.3,1,0,0.99653820323,0.00158454652335,0.99653820325,0,0.908881637546,0.0276784358002
11.485,6.46,3.3,1,0,0.99653820323,0.00158138379004,0.99653820325,0,0.908881637546,0.0277753008179
11.487,6.462,3.3,1,0,0.99653820323,0.00157822761437,0.99653820325,0,0.908881637546,0.0278719649946
11.489,6.464,3.3,1,0,0.99653820323,0.00157507741808,0.99653820325,0,0.908881637546,0.0279684460413
11.491,6.466,3.3,1,0,0.99653820323,0.00157193383167,0.99653820325,0,0.908881637545,0.0280647246467
11.493,6.468,3.3,1,0,0.99653820323,0.00156879584664,0.99653820325,0,0.908881637545,0.0281608316987
11.495,6.47,3.3,1,0,0.99653820323,0.00156566455149,0.99653820325,0,0.908881637545,0.0282567338601
11.497,6.472,3.3,1,0,0.99653820323,0.0015625397488,0.99653820325,0,0.908881637545,0.028352437177
11.499,6.474,3.3,1,0,0.99653820323,0.00155942086603,0.99653820325,0,0.908881637545,0.0284479591841
11.501,6.476,3.3,1,0,0.99653820323,0.00155630852746,0.99653820325,0,0.908881637545,0.0285432807624
11.503,6.478,3.3,1,0,0.99653820323,0.00155320173459,0.99653820325,0,0.908881637545,0.0286384324924
11.505,6.48,3.3,1,0,0.99653820323,0.00155010156509,0.99653820325,0,0.908881637545,0.0287333813686
11.507,6.482,3.3,1,0,0.99653820323,0.00154700782351,0.99653820325,0,0.908881637545,0.0288281333766
11.509,6.484,3.3,1,0,0.99653820323,0.00154391994302,0.99653820325,0,0.908881637545,0.0289227058773
11.511,6.486,3.3,1,0,0.99653820323,0.00154083854167,0.99653820325,0,0.908881637545,0.0290170799414
11.513,6.488,3.3,1,0,0.99653820323,0.0015377626309,0.99653820325,0,0.908881637545,0.0291112858456
11.515,6.49,3.3,1,0,0.99653820323,0.00153469327766,0.99653820325,0,0.908881637545,0.0292052909122
11.517,6.492,3.3,1,0,0.99653820323,0.00153163028845,0.99653820325,0,0.908881637545,0.0292991010678
11.519,6.494,3.3,1,0,0.99653820323,0.00152857310207,0.99653820325,0,0.908881637545,0.0293927335002
11.521,6.496,3.3,1,0,0.99653820323,0.00152552233042,0.99653820325,0,0.908881637545,0.0294861694685
11.523,6.498,3.3,1,0,0.99653820323,0.00152247699477,0.99653820325,0,0.908881637545,0.0295794389486
11.525,6.5,3.3,1,0,0.99653820323,0.00151943815147,0.99653820325,0,0.908881637544,0.0296725095874
11.527,6.502,3.3,1,0,0.99653820323,0.00151640560894,0.99653820325,0,0.908881637544,0.0297653872526
11.529,6.504,3.3,1,0,0.99653820323,0.00151337881156,0.99653820325,0,0.908881637544,0.0298580889613
11.531,6.506,3.3,1,0,0.99653820323,0.00151035836515,0.99653820325,0,0.908881637544,0.0299505961587
11.533,6.508,3.3,1,0,0.99653820323,0.0015073433007,0.99653820325,0,0.908881637544,0.0300429385228
11.535,6.51,3.3,1,0,0.99653820323,0.00150433466407,0.99653820325,0,0.908881637544,0.0301350840222
11.537,6.512,3.3,1,0,0.99653820323,0.00150133226558,0.99653820325,0,0.908881637544,0.0302270384661
11.539,6.514,3.3,1,0,0.99653820323,0.00149833555512,0.99653820325,0,0.908881637544,0.0303188187026
11.541,6.516,3.3,1,0,0.99653820323,0.00149534513251,0.99653820325,0,0.908881637544,0.0304104063614
11.543,6.518,3.3,1,0,0.99653820323,0.00149236003836,0.99653820325,0,0.908881637544,0.0305018308252
11.545,6.52,3.3,1,0,0.99653820323,0.00148938130813,0.99653820325,0,0.908881637544,0.0305930603812
11.547,6.522,3.3,1,0,0.99653820323,0.00148640875404,0.99653820325,0,0.908881637544,0.0306841007809
11.549,6.524,3.3,1,0,0.99653820323,0.00148344183144,0.99653820325,0,0.908881637544,0.0307749687048
11.551,6.526,3.3,1,0,0.99653820323,0.00148048113419,0.99653820325,0,0.908881637544,0.0308656459652
11.553,6.528,3.3,1,0,0.99653820323,0.00147752571243,0.99653820325,0,0.908881637544,0.0309561616529
11.555,6.53,3.3,1,0,0.99653820323,0.00147457659134,0.99653820325,0,0.908881637544,0.0310464843702
11.557,6.532,3.3,1,0,0.99653820323,0.00147163358498,0.99653820325,0,0.908881637544,0.0311366198114
11.559,6.534,3.3,1,0,0.99653820323,0.00146869615415,0.99653820325,0,0.908881637544,0.0312265844913
11.561,6.536,3.3,1,0,0.99653820323,0.00146576488677,0.99653820325,0,0.908881637543,0.0313163604029
11.563,6.538,3.3,1,0,0.99653820323,0.00146283884245,0.99653820325,0,0.908881637543,0.0314059763478
11.565,6.54,3.3,1,0,0.99653820323,0.00145991903617,0.99653820325,0,0.908881637543,0.0314954012406
11.567,6.542,3.3,1,0,0.99653820323,0.00145700528385,0.99653820325,0,0.908881637543,0.0315846407188
11.569,6.544,3.3,1,0,0.99653820323,0.00145409705162,0.99653820325,0,0.908881637543,0.031673711133
11.571,6.546,3.3,1,0,0.99653820323,0.00145119492158,0.99653820325,0,0.908881637543,0.0317625946554
11.573,6.548,3.3,1,0,0.99653820323,0.00144829796269,0.99653820325,0,0.908881637543,0.0318513198012
11.575,6.55,3.3,1,0,0.99653820323,0.00144540717983,0.99653820325,0,0.908881637543,0.0319398557939
11.577,6.552,3.3,1,0,0.99653820323,0.00144252239074,0.99653820325,0,0.908881637543,0.0320282082151
11.579,6.554,3.3,1,0,0.99653820323,0.00143964306688,0.99653820325,0,0.908881637543,0.0321163932528
11.581,6.556,3.3,1,0,0.99653820323,0.00143676978456,0.99653820325,0,0.908881637543,0.0322043932565
11.583,6.558,3.3,1,0,0.99653820323,0.00143390162198,0.99653820325,0,0.908881637543,0.0322922364579
11.585,6.56,3.3,1,0,0.99653820323,0.00143103957403,0.99653820325,0,0.908881637543,0.0323798923864
11.587,6.562,3.3,1,0,0.99653820323,0.00142818346028,0.99653820325,0,0.908881637543,0.0324673665681
11.589,6.564,3.3,1,0,0.99653820323,0.00142533275744,0.99653820325,0,0.908881637543,0.0325546750302
11.591,6.566,3.3,1,0,0.99653820323,0.00142248803607,0.99653820325,0,0.908881637543,0.0326418002975
11.593,6.568,3.3,1,0,0.99653820323,0.00141964838356,0.99653820325,0,0.908881637542,0.0327287703212
11.595,6.57,3.3,1,0,0.99653820323,0.0014168147849,0.99653820325,0,0.908881637542,0.0328155549335
11.597,6.572,3.3,1,0,0.99653820323,0.00141398706145,0.99653820325,0,0.908881637542,0.0329021596056
11.599,6.574,3.3,1,0,0.99653820323,0.00141116469512,0.99653820325,0,0.908881637542,0.0329886002054
11.601,6.576,3.3,1,0,0.99653820323,0.00140834825082,0.99653820325,0,0.908881637542,0.0330748594313
11.603,6.578,3.3,1,0,0.99653820323,0.00140553682498,0.99653820325,0,0.908881637542,0.0331609649568
11.605,6.58,3.3,1,0,0.99653820323,0.00140273139281,0.99653820325,0,0.908881637542,0.0332468869139
11.607,6.582,3.3,1,0,0.99653820323,0.00139993177747,0.99653820325,0,0.908881637542,0.0333326307195
11.609,6.584,3.3,1,0,0.99653820323,0.00139713746598,0.99653820325,0,0.908881637542,0.0334182120837
11.611,6.586,3.3,1,0,0.99653820323,0.00139434901766,0.99653820325,0,0.908881637542,0.0335036138769
11.613,6.588,3.3,1,0,0.99653820323,0.00139156553791,0.99653820325,0,0.908881637542,0.0335888634975
11.615,6.59,3.3,1,0,0.99653820323,0.00138878799226,0.99653820325,0,0.908881637542,0.0336739313744
11.617,6.592,3.3,1,0,0.99653820323,0.00138601620561,0.99653820325,0,0.908881637542,0.0337588228707
11.619,6.594,3.3,1,0,0.99653820323,0.0013832496701,0.99653820325,0,0.908881637542,0.0338435535402
11.621,6.596,3.3,1,0,0.99653820323,0.00138048893947,0.99653820325,0,0.908881637542,0.0339281064238
11.623,6.598,3.3,1,0,0.99653820323,0.00137773312803,0.99653820325,0,0.908881637541,0.0340125086473
11.625,6.6,3.3,1,0,0.99653820323,0.0013749831917,0.99653820325,0,0.908881637541,0.0340967309337
11.627,6.602,3.3,1,0,0.99653820323,0.00137223895712,0.99653820325,0,0.908881637541,0.0341807785927
11.629,6.604,3.3,1,0,0.99653820323,0.00136949992149,0.99653820325,0,0.908881637541,0.0342646670236
11.631,6.606,3.3,1,0,0.99653820323,0.00136676663303,0.99653820325,0,0.908881637541,0.0343483794358
11.633,6.608,3.3,1,0,0.99653820323,0.00136403821487,0.99653820325,0,0.908881637541,0.0344319426856
11.635,6.61,3.3,1,0,0.99653820323,0.00136131561342,0.99653820325,0,0.908881637541,0.0345153277868
11.637,6.612,3.3,1,0,0.99653820323,0.00135859865704,0.99653820325,0,0.908881637541,0.0345985399965
11.639,6.614,3.3,1,0,0.99653820323,0.00135588684793,0.99653820325,0,0.908881637541,0.0346815945609
11.641,6.616,3.3,1,0,0.99653820323,0.00135318072887,0.99653820325,0,0.908881637541,0.0347644748561
11.643,6.618,3.3,1,0,0.99653820323,0.00135047943169,0.99653820325,0,0.908881637541,0.0348472074716
11.645,6.62,3.3,1,0,0.99653820323,0.00134778389341,0.99653820325,0,0.908881637541,0.0349297637095
11.647,6.622,3.3,1,0,0.99653820323,0.00134509394408,0.99653820325,0,0.908881637541,0.0350121487744
11.649,6.624,3.3,1,0,0.99653820323,0.00134240909086,0.99653820325,0,0.908881637541,0.0350943777609
11.651,6.626,3.3,1,0,0.99653820323,0.00133972987112,0.99653820325,0,0.908881637541,0.0351764342107
11.653,6.628,3.3,1,0,0.99653820323,0.00133705542534,0.99653820325,0,0.908881637541,0.0352583444486
11.655,6.63,3.3,1,0,0.99653820323,0.0013343866812,0.99653820325,0,0.908881637541,0.0353400800622
11.657,6.632,3.3,1,0,0.99653820323,0.00133172347047,0.99653820325,0,0.908881637541,0.0354216462042
11.659,6.634,3.3,1,0,0.99653820323,0.00132906530519,0.99653820325,0,0.90888163754,0.0355030578194
11.661,6.636,3.3,1,0,0.99653820323,0.00132641271739,0.99653820325,0,0.90888163754,0.0355842986128
11.663,6.638,3.3,1,0,0.99653820323,0.0013237648561,0.99653820325,0,0.90888163754,0.0356653946477
11.665,6.64,3.3,1,0,0.99653820323,0.00132112263977,0.99653820325,0,0.90888163754,0.0357463177941
11.667,6.642,3.3,1,0,0.99653820323,0.00131848590185,0.99653820325,0,0.90888163754,0.0358270731535
11.669,6.644,3.3,1,0,0.99653820323,0.00131585415922,0.99653820325,0,0.90888163754,0.0359076755222
11.671,6.646,3.3,1,0,0.99653820323,0.00131322793865,0.99653820325,0,0.90888163754,0.035988108767
11.673,6.648,3.3,1,0,0.99653820323,0.00131060639758,0.99653820325,0,0.90888163754,0.0360683986923
11.675,6.65,3.3,1,0,0.99653820323,0.00130799044538,0.99653820325,0,0.90888163754,0.0361485174476
11.677,6.652,3.3,1,0,0.99653820323,0.00130537991712,0.99653820325,0,0.90888163754,0.0362284700837
11.679,6.654,3.3,1,0,0.99653820323,0.00130277433451,0.99653820325,0,0.90888163754,0.0363082712498
11.681,6.656,3.3,1,0,0.99653820323,0.00130017421905,0.99653820325,0,0.90888163754,0.0363879049733
11.683,6.658,3.3,1,0,0.99653820323,0.00129757873659,0.99653820325,0,0.90888163754,0.0364673968018
11.685,6.66,3.3,1,0,0.99653820323,0.00129498878744,0.99653820325,0,0.90888163754,0.0365467191618
11.687,6.662,3.3,1,0,0.99653820323,0.00129240420832,0.99653820325,0,0.90888163754,0.0366258770539
11.689,6.664,3.3,1,0,0.99653820323,0.00128982452567,0.99653820325,0,0.90888163754,0.0367048849816
11.691,6.666,3.3,1,0,0.99653820323,0.00128725025585,0.99653820325,0,0.90888163754,0.036783727131
11.693,6.668,3.3,1,0,0.99653820323,0.00128468057297,0.99653820325,0,0.908881637539,0.036862428796
11.695,6.67,3.3,1,0,0.99653820323,0.00128211636839,0.99653820325,0,0.908881637539,0.036940962677
11.697,6.672,3.3,1,0,0.99653820323,0.00127955748047,0.99653820325,0,0.908881637539,0.037019333725
11.699,6.674,3.3,1,0,0.99653820323,0.00127700344035,0.99653820325,0,0.908881637539,0.0370975562992
11.701,6.676,3.3,1,0,0.99653820323,0.00127445475924,0.99653820325,0,0.908881637539,0.037175614743
11.703,6.678,3.3,1,0,0.99653820323,0.00127191061948,0.99653820325,0,0.908881637539,0.0372535340989
11.705,6.68,3.3,1,0,0.99653820323,0.00126937190358,0.99653820325,0,0.908881637539,0.0373312873385
11.707,6.682,3.3,1,0,0.99653820323,0.00126683845147,0.99653820325,0,0.908881637539,0.0374088793637
11.709,6.684,3.3,1,0,0.99653820323,0.00126430979899,0.99653820325,0,0.908881637539,0.037486324391
11.711,6.686,3.3,1,0,0.99653820323,0.00126178645224,0.99653820325,0,0.908881637539,0.0375636069194
11.713,6.688,3.3,1,0,0.99653820323,0.00125926760171,0.99653820325,0,0.908881637539,0.0376407517424
11.715,6.69,3.3,1,0,0.99653820323,0.00125675412111,0.99653820325,0,0.908881637539,0.0377177321004
11.717,6.692,3.3,1,0,0.99653820323,0.00125424585199,0.99653820325,0,0.908881637539,0.0377945528465
11.719,6.694,3.3,1,0,0.99653820323,0.00125174233478,0.99653820325,0,0.908881637539,0.0378712280558
11.721,6.696,3.3,1,0,0.99653820323,0.00124924407057,0.99653820325,0,0.908881637539,0.0379477423815
11.723,6.698,3.3,1,0,0.99653820323,0.00124675025788,0.99653820325,0,0.908881637539,0.0380241203707
11.725,6.7,3.3,1,0,0.99653820323,0.00124426176174,0.99653820325,0,0.908881637539,0.0381003355296
11.727,6.702,3.3,1,0,0.99653820323,0.00124177842529,0.99653820325,0,0.908881637539,0.0381763926632
11.729,6.704,3.3,1,0,0.99653820323,0.0012392997935,0.99653820325,0,0.908881637538,0.0382523057067
11.731,6.706,3.3,1,0,0.99653820323,0.0012368263625,0.99653820325,0,0.908881637538,0.0383280594658
11.733,6.708,3.3,1,0,0.99653820323,0.00123435733877,0.99653820325,0,0.908881637538,0.0384036782436
11.735,6.71,3.3,1,0,0.99653820323,0.00123189357875,0.99653820325,0,0.908881637538,0.0384791358097
11.737,6.712,3.3,1,0,0.99653820323,0.00122943492712,0.99653820325,0,0.908881637538,0.0385544369212
11.739,6.714,3.3,1,0,0.99653820323,0.00122698093339,0.99653820325,0,0.908881637538,0.038629595375
11.741,6.716,3.3,1,0,0.99653820323,0.00122453208876,0.99653820325,0,0.908881637538,0.0387045961277
11.743,6.718,3.3,1,0,0.99653820323,0.00122208760758,0.99653820325,0,0.908881637538,0.0387794632407
11.745,6.72,3.3,1,0,0.99653820323,0.00121964833779,0.99653820325,0,0.908881637538,0.0388541707446
11.747,6.722,3.3,1,0,0.99653820323,0.00121721412561,0.99653820325,0,0.908881637538,0.0389287233491
11.749,6.724,3.3,1,0,0.99653820323,0.00121478452504,0.99653820325,0,0.908881637538,0.0390031347139
11.751,6.726,3.3,1,0,0.99653820323,0.00121236002238,0.99653820325,0,0.908881637538,0.0390773899452
11.753,6.728,3.3,1,0,0.99653820323,0.0012099398398,0.99653820325,0,0.908881637538,0.0391515128653
11.755,6.73,3.3,1,0,0.99653820323,0.0012075248168,0.99653820325,0,0.908881637538,0.0392254777627
11.757,6.732,3.3,1,0,0.99653820323,0.00120511480114,0.99653820325,0,0.908881637538,0.0392992893005
11.759,6.734,3.3,1,0,0.99653820323,0.00120270935125,0.99653820325,0,0.908881637538,0.0393729610025
11.761,6.736,3.3,1,0,0.99653820323,0.00120030894859,0.99653820325,0,0.908881637538,0.039446478123
11.763,6.738,3.3,1,0,0.99653820323,0.00119791282308,0.99653820325,0,0.908881637537,0.0395198642474
11.765,6.74,3.3,1,0,0.99653820323,0.00119552180586,0.99653820325,0,0.908881637537,0.03959309392
11.767,6.742,3.3,1,0,0.99653820323,0.00119313574621,0.99653820325,0,0.908881637537,0.0396661717574
11.769,6.744,3.3,1,0,0.99653820323,0.00119075420693,0.99653820325,0,0.908881637537,0.0397391111491
11.771,6.746,3.3,1,0,0.99653820323,0.00118837766472,0.99653820325,0,0.908881637537,0.0398118974957
11.773,6.748,3.3,1,0,0.99653820323,0.00118600535714,0.99653820325,0,0.908881637537,0.0398845541485
11.775,6.75,3.3,1,0,0.99653820323,0.00118363810708,0.99653820325,0,0.908881637537,0.0399570559045
11.777,6.752,3.3,1,0,0.99653820323,0.0011812757653,0.99653820325,0,0.908881637537,0.0400294073347
11.779,6.754,3.3,1,0,0.99653820323,0.00117891789897,0.99653820325,0,0.908881637537,0.0401016216952
11.781,6.756,3.3,1,0,0.99653820323,0.00117656498003,0.99653820325,0,0.908881637537,0.040173684532
11.783,6.758,3.3,1,0,0.99653820323,0.00117421625362,0.99653820325,0,0.908881637537,0.0402456189642
11.785,6.76,3.3,1,0,0.99653820323,0.00117187253447,0.99653820325,0,0.908881637537,0.0403174000393
11.787,6.762,3.3,1,0,0.99653820323,0.0011695336748,0.99653820325,0,0.908881637537,0.0403890322828
11.789,6.764,3.3,1,0,0.99653820323,0.0011671992461,0.99653820325,0,0.908881637537,0.0404605288192
11.791,6.766,3.3,1,0,0.99653820323,0.00116486971562,0.99653820325,0,0.908881637537,0.0405318753381
11.793,6.768,3.3,1,0,0.99653820323,0.00116254433599,0.99653820325,0,0.908881637537,0.0406030947286
11.795,6.77,3.3,1,0,0.99653820323,0.00116022391383,0.99653820325,0,0.908881637537,0.0406741622865
11.797,6.772,3.3,1,0,0.99653820323,0.00115790830287,0.99653820325,0,0.908881637536,0.0407450824922
11.799,6.774,3.3,1,0,0.99653820323,0.00115559707882,0.99653820325,0,0.908881637536,0.0408158683397
11.801,6.776,3.3,1,0,0.99653820323,0.0011532907043,0.99653820325,0,0.908881637536,0.0408865056609
11.803,6.778,3.3,1,0,0.99653820323,0.00115098843938,0.99653820325,0,0.908881637536,0.0409570171175
11.805,6.78,3.3,1,0,0.99653820323,0.00114869108265,0.99653820325,0,0.908881637536,0.0410273782507
11.807,6.782,3.3,1,0,0.99653820323,0.00114639848929,0.99653820325,0,0.908881637536,0.0410975934964
11.809,6.784,3.3,1,0,0.99653820323,0.00114411023924,0.99653820325,0,0.908881637536,0.0411676757194
11.811,6.786,3.3,1,0,0.99653820323,0.00114182679051,0.99653820325,0,0.908881637536,0.0412376108926
11.813,6.788,3.3,1,0,0.99653820323,0.00113954741053,0.99653820325,0,0.908881637536,0.0413074214522
11.815,6.79,3.3,1,0,0.99653820323,0.00113727288995,0.99653820325,0,0.908881637536,0.0413770831826
11.817,6.792,3.3,1,0,0.99653820323,0.0011350030854,0.99653820325,0,0.908881637536,0.0414466004757
11.819,6.794,3.3,1,0,0.99653820323,0.00113273758098,0.99653820325,0,0.908881637536,0.0415159860685
11.821,6.796,3.3,1,0,0.99653820323,0.00113047683015,0.99653820325,0,0.908881637536,0.041585226073
11.823,6.798,3.3,1,0,0.99653820323,0.00112822010763,0.99653820325,0,0.908881637536,0.0416543427027
11.825,6.8,3.3,1,0,0.99653820323,0.00112596819621,0.99653820325,0,0.908881637536,0.0417233119826
11.827,6.802,3.3,1,0,0.99653820323,0.00112372095393,0.99653820325,0,0.908881637536,0.0417921382609
11.829,6.804,3.3,1,0,0.99653820323,0.00112147796905,0.99653820325,0,0.908881637535,0.041860834148
11.831,6.806,3.3,1,0,0.99653820323,0.0011192396905,0.99653820325,0,0.908881637535,0.041929385894
11.833,6.808,3.3,1,0,0.99653820323,0.00111700540022,0.99653820325,0,0.908881637535,0.0419978154915
11.835,6.81,3.3,1,0,0.99653820323,0.00111477587322,0.99653820325,0,0.908881637535,0.042066099204
11.837,6.812,3.3,1,0,0.99653820323,0.00111255096895,0.99653820325,0,0.908881637535,0.0421342413363
11.839,6.814,3.3,1,0,0.99653820323,0.00111033027975,0.99653820325,0,0.908881637535,0.0422022543735
11.841,6.816,3.3,1,0,0.99653820323,0.00110811425011,0.99653820325,0,0.908881637535,0.0422701247025
11.843,6.818,3.3,1,0,0.99653820323,0.00110590216909,0.99653820325,0,0.908881637535,0.0423378740971
11.845,6.82,3.3,1,0,0.99653820323,0.001103694804,0.99653820325,0,0.908881637535,0.0424054790568
11.847,6.822,3.3,1,0,0.99653820323,0.00110149201569,0.99653820325,0,0.908881637535,0.0424729438437
11.849,6.824,3.3,1,0,0.99653820323,0.00109929340056,0.99653820325,0,0.908881637535,0.0425402808187
11.851,6.826,3.3,1,0,0.99653820323,0.00109709939866,0.99653820325,0,0.908881637535,0.0426074765039
11.853,6.828,3.3,1,0,0.99653820323,0.00109490930614,0.99653820325,0,0.908881637535,0.042674552457
11.855,6.83,3.3,1,0,0.99653820323,0.00109272388267,0.99653820325,0,0.908881637535,0.0427414854109
11.857,6.832,3.3,1,0,0.99653820323,0.00109054299048,0.99653820325,0,0.908881637535,0.0428082795852
11.859,6.834,3.3,1,0,0.99653820323,0.00108836622999,0.99653820325,0,0.908881637535,0.0428749472181
11.861,6.836,3.3,1,0,0.99653820323,0.00108619403688,0.99653820325,0,0.908881637534,0.0429414749658
11.863,6.838,3.3,1,0,0.99653820323,0.00108402571428,0.99653820325,0,0.908881637534,0.0430078841715
11.865,6.84,3.3,1,0,0.99653820323,0.00108186201433,0.99653820325,0,0.908881637534,0.0430741517993
11.867,6.842,3.3,1,0,0.99653820323,0.00107970280062,0.99653820325,0,0.908881637534,0.0431402820272
11.869,6.844,3.3,1,0,0.99653820323,0.00107754767753,0.99653820325,0,0.908881637534,0.0432062869715
11.871,6.846,3.3,1,0,0.99653820323,0.00107539707642,0.99653820325,0,0.908881637534,0.043272153421
11.873,6.848,3.3,1,0,0.99653820323,0.00107325030735,0.99653820325,0,0.908881637534,0.0433379025068
11.875,6.85,3.3,1,0,0.99653820323,0.00107110811498,0.99653820325,0,0.908881637534,0.0434035114222
11.877,6.852,3.3,1,0,0.99653820323,0.00106897036425,0.99653820325,0,0.908881637534,0.0434689843033
11.879,6.854,3.3,1,0,0.99653820323,0.00106683666349,0.99653820325,0,0.908881637534,0.0435343331462
11.881,6.856,3.3,1,0,0.99653820323,0.00106470743975,0.99653820325,0,0.908881637534,0.043599544871
11.883,6.858,3.3,1,0,0.99653820323,0.00106258200997,0.99653820325,0,0.908881637534,0.0436646403986
11.885,6.86,3.3,1,0,0.99653820323,0.00106046111138,0.99653820325,0,0.908881637534,0.0437295971492
11.887,6.862,3.3,1,0,0.99653820323,0.0010583446103,0.99653820325,0,0.908881637534,0.0437944192177
11.889,6.864,3.3,1,0,0.99653820323,0.00105623211891,0.99653820325,0,0.908881637534,0.0438591184809
11.891,6.866,3.3,1,0,0.99653820323,0.00105412406006,0.99653820325,0,0.908881637534,0.0439236819891
11.893,6.868,3.3,1,0,0.99653820323,0.00105201975744,0.99653820325,0,0.908881637534,0.0439881304551
11.895,6.87,3.3,1,0,0.99653820323,0.00104991994098,0.99653820325,0,0.908881637533,0.0440524415235
11.897,6.872,3.3,1,0,0.99653820323,0.00104782447831,0.99653820325,0,0.908881637533,0.0441166192486
11.899,6.874,3.3,1,0,0.99653820323,0.00104573298548,0.99653820325,0,0.908881637533,0.0441806753892
11.901,6.876,3.3,1,0,0.99653820323,0.00104364588112,0.99653820325,0,0.908881637533,0.0442445971241
11.903,6.878,3.3,1,0,0.99653820323,0.00104156249566,0.99653820325,0,0.908881637533,0.0443084049604
11.905,6.88,3.3,1,0,0.99653820323,0.00103948355177,0.99653820325,0,0.908881637533,0.0443720767648
11.907,6.882,3.3,1,0,0.99653820323,0.00103740891838,0.99653820325,0,0.908881637533,0.0444356165514
11.909,6.884,3.3,1,0,0.99653820323,0.00103533821538,0.99653820325,0,0.908881637533,0.0444990359621
11.911,6.886,3.3,1,0,0.99653820323,0.00103327185723,0.99653820325,0,0.908881637533,0.044562322303
11.913,6.888,3.3,1,0,0.99653820323,0.00103120918101,0.99653820325,0,0.908881637533,0.0446254958776
11.915,6.89,3.3,1,0,0.99653820323,0.00102915090221,0.99653820325,0,0.908881637533,0.0446885347725
11.917,6.892,3.3,1,0,0.99653820323,0.00102709689106,0.99653820325,0,0.908881637533,0.0447514429618
11.919,6.894,3.3,1,0,0.99653820323,0.00102504677123,0.99653820325,0,0.908881637533,0.0448142319717
11.921,6.896,3.3,1,0,0.99653820323,0.00102300095307,0.99653820325,0,0.908881637533,0.0448768892347
11.923,6.898,3.3,1,0,0.99653820323,0.00102095878023,0.99653820325,0,0.908881637533,0.0449394348523
11.925,6.9,3.3,1,0,0.99653820323,0.0010189209611,0.99653820325,0,0.908881637533,0.0450018471288
11.927,6.902,3.3,1,0,0.99653820323,0.0010168873672,0.99653820325,0,0.908881637533,0.045064129999
11.929,6.904,3.3,1,0,0.99653820323,0.00101485762595,0.99653820325,0,0.908881637532,0.0451262948746
11.931,6.906,3.3,1,0,0.99653820323,0.00101283214359,0.99653820325,0,0.908881637532,0.0451883293127
11.933,6.908,3.3,1,0,0.99653820323,0.00101081027033,0.99653820325,0,0.908881637532,0.0452502532152
11.935,6.91,3.3,1,0,0.99653820323,0.0010087927075,0.99653820325,0,0.908881637532,0.0453120451021
11.937,6.912,3.3,1,0,0.99653820323,0.00100677932791,0.99653820325,0,0.908881637532,0.0453737088691
11.939,6.914,3.3,1,0,0.99653820323,0.00100476976266,0.99653820325,0,0.908881637532,0.0454352558142
11.941,6.916,3.3,1,0,0.99653820323,0.00100276441398,0.99653820325,0,0.908881637532,0.0454966736185
11.943,6.918,3.3,1,0,0.99653820323,0.00100076263851,0.99653820325,0,0.908881637532,0.0455579819859
11.945,6.92,3.3,1,0,0.99653820323,0.00099876513063,0.99653820325,0,0.908881637532,0.04561915965
11.947,6.922,3.3,1,0,0.99653820323,0.000996771764404,0.99653820325,0,0.908881637532,0.0456802104676
11.949,6.924,3.3,1,0,0.99653820323,0.000994782174605,0.99653820325,0,0.908881637532,0.0457411456247
11.951,6.926,3.3,1,0,0.99653820323,0.000992796759459,0.99653820325,0,0.908881637532,0.0458019529246
11.953,6.928,3.3,1,0,0.99653820323,0.000990814882014,0.99653820325,0,0.908881637532,0.0458626518754
11.955,6.93,3.3,1,0,0.99653820323,0.000988837229732,0.99653820325,0,0.908881637532,0.0459232214222
11.957,6.932,3.3,1,0,0.99653820323,0.000986863677937,0.99653820325,0,0.908881637532,0.0459836653834
11.959,6.934,3.3,1,0,0.99653820323,0.00098489386503,0.99653820325,0,0.908881637532,0.0460439948337
11.961,6.936,3.3,1,0,0.99653820323,0.00098292818528,0.99653820325,0,0.908881637532,0.0461041976978
11.963,6.938,3.3,1,0,0.99653820323,0.000980966008064,0.99653820325,0,0.908881637531,0.0461642932897
11.965,6.94,3.3,1,0,0.99653820323,0.000979008014013,0.99653820325,0,0.908881637531,0.046224260764
11.967,6.942,3.3,1,0,0.99653820323,0.000977054079689,0.99653820325,0,0.908881637531,0.0462841039009
11.969,6.944,3.3,1,0,0.99653820323,0.000975103847088,0.99653820325,0,0.908881637531,0.0463438336653
11.971,6.946,3.3,1,0,0.99653820323,0.000973157706559,0.99653820325,0,0.908881637531,0.0464034381017
11.973,6.948,3.3,1,0,0.99653820323,0.00097121503375,0.996538203249,0,0.908881637531,0.0464629363324
11.975,6.95,3.3,1,0,0.99653820323,0.000969276502523,0.996538203249,0,0.908881637531,0.0465223077188
11.977,6.952,3.3,1,0,0.99653820323,0.000967341990669,0.996538203249,0,0.908881637531,0.0465815560039
11.979,6.954,3.3,1,0,0.99653820323,0.000965411143742,0.996538203249,0,0.908881637531,0.0466406920432
11.981,6.956,3.3,1,0,0.99653820323,0.000963484348212,0.996538203249,0,0.908881637531,0.0466997040005
11.983,6.958,3.3,1,0,0.99653820323,0.000961560985931,0.996538203249,0,0.908881637531,0.0467586108077
11.985,6.96,3.3,1,0,0.99653820323,0.000959641724065,0.996538203249,0,0.908881637531,0.0468173920315
11.987,6.962,3.3,1,0,0.99653820323,0.000957726441617,0.996538203249,0,0.908881637531,0.0468760513776
11.989,6.964,3.3,1,0,0.99653820323,0.000955814787667,0.996538203249,0,0.908881637531,0.0469345995938
11.991,6.966,3.3,1,0,0.99653820323,0.000953907144842,0.996538203249,0,0.908881637531,0.0469930249613
11.993,6.968,3.3,1,0,0.99653820323,0.000952002901139,0.996538203249,0,0.908881637531,0.0470513462239
11.995,6.97,3.3,1,0,0.99653820323,0.000950102717093,0.996538203249,0,0.908881637531,0.0471095431514
11.997,6.972,3.3,1,0,0.99653820323,0.000948206472909,0.996538203249,0,0.908881637531,0.0471676194127
11.999,6.974,3.3,1,0,0.99653820323,0.000946313821154,0.996538203249,0,0.90888163753,0.0472255856487
12.001,6.976,3.3,1,0,0.99653820323,0.000944425140653,0.996538203249,0,0.90888163753,0.0472834302572
12.003,6.978,3.3,1,0,0.99653820323,0.000942539825486,0.996538203249,0,0.90888163753,0.0473411717956
12.005,6.98,3.3,1,0,0.99653820323,0.000940658529621,0.996538203249,0,0.90888163753,0.0473987902349
12.007,6.982,3.3,1,0,0.99653820323,0.000938781134456,0.996538203249,0,0.90888163753,0.0474562892074
12.009,6.984,3.3,1,0,0.99653820323,0.000936907296012,0.996538203249,0,0.90888163753,0.0475136792483
12.011,6.986,3.3,1,0,0.99653820323,0.000935037389345,0.996538203249,0,0.90888163753,0.0475709488706
12.013,6.988,3.3,1,0,0.99653820323,0.000933170814561,0.996538203249,0,0.90888163753,0.0476281164474
12.015,6.99,3.3,1,0,0.99653820323,0.000931308219127,0.996538203249,0,0.90888163753,0.0476851621486
12.017,6.992,3.3,1,0,0.99653820323,0.000929449485619,0.996538203249,0,0.90888163753,0.0477420895707
12.019,6.994,3.3,1,0,0.99653820323,0.000927594273476,0.996538203249,0,0.90888163753,0.0477989091439
12.021,6.996,3.3,1,0,0.99653820323,0.000925742954029,0.996538203249,0,0.90888163753,0.0478556094956
12.023,6.998,3.3,1,0,0.99653820323,0.000923894933345,0.996538203249,0,0.90888163753,0.047912208816
12.025,7,3.3,1,0,0.99653820323,0.000922050852455,0.996538203249,0,0.90888163753,0.0479686874724
12.027,7.002,3.3,1,0,0.99653820323,0.000920210595103,0.996538203249,0,0.90888163753,0.0480250490253
12.029,7.004,3.3,1,0,0.99653820323,0.000918373824113,0.996538203249,0,0.90888163753,0.0480813038014
12.031,7.006,3.3,1,0,0.99653820323,0.000916540907126,0.996538203249,0,0.908881637529,0.0481374405411
12.033,7.008,3.3,1,0,0.99653820323,0.00091471125611,0.996538203249,0,0.908881637529,0.0481934772538
12.035,7.01,3.3,1,0,0.99653820323,0.000912885505727,0.996538203249,0,0.908881637529,0.0482493945018
12.037,7.012,3.3,1,0,0.99653820323,0.000911063540874,0.996538203249,0,0.908881637529,0.0483051958104
12.039,7.014,3.3,1,0,0.99653820323,0.00090924502773,0.996538203249,0,0.908881637529,0.0483608914036
12.041,7.016,3.3,1,0,0.99653820323,0.000907430330277,0.996538203249,0,0.908881637529,0.0484164701336
12.043,7.018,3.3,1,0,0.99653820323,0.000905618866332,0.996538203249,0,0.908881637529,0.048471949831
12.045,7.02,3.3,1,0,0.99653820323,0.000903811264247,0.996538203249,0,0.908881637529,0.0485273112512
12.047,7.022,3.3,1,0,0.996538203229,0.000902007410063,0.996538203249,0,0.908881637529,0.0485825578845
12.049,7.024,3.3,1,0,0.996538203229,0.000900206973277,0.996538203249,0,0.908881637529,0.0486376998532
12.051,7.026,3.3,1,0,0.996538203229,0.000898410314254,0.996538203249,0,0.908881637529,0.0486927261203
12.053,7.028,3.3,1,0,0.996538203229,0.000896616856597,0.996538203249,0,0.908881637529,0.0487476543391
12.055,7.03,3.3,1,0,0.996538203229,0.000894827222412,0.996538203249,0,0.908881637529,0.0488024654566
12.057,7.032,3.3,1,0,0.996538203229,0.000893041298874,0.996538203249,0,0.908881637529,0.048857162928
12.059,7.034,3.3,1,0,0.996538203229,0.000891258758764,0.996538203249,0,0.908881637529,0.0489117567753
12.061,7.036,3.3,1,0,0.996538203229,0.000889479958865,0.996538203249,0,0.908881637529,0.0489662360711
12.063,7.038,3.3,1,0,0.996538203229,0.00088770432851,0.996538203249,0,0.908881637529,0.0490206182933
12.065,7.04,3.3,1,0,0.996538203229,0.000885932483621,0.996538203249,0,0.908881637529,0.049074884578
12.067,7.042,3.3,1,0,0.996538203229,0.000884164312495,0.996538203249,0,0.908881637528,0.0491290383465
12.069,7.044,3.3,1,0,0.996538203229,0.000882399491164,0.996538203249,0,0.908881637528,0.0491830895207
12.071,7.046,3.3,1,0,0.996538203229,0.000880638372867,0.996538203249,0,0.908881637528,0.0492370272822
12.073,7.048,3.3,1,0,0.996538203229,0.000878880392607,0.996538203249,0,0.908881637528,0.049290868935
12.075,7.05,3.3,1,0,0.996538203229,0.000877126160186,0.996538203249,0,0.908881637528,0.0493445958028
12.077,7.052,3.3,1,0,0.996538203229,0.000875375565009,0.996538203249,0,0.908881637528,0.0493982112727
12.079,7.054,3.3,1,0,0.996538203229,0.000873628286329,0.996538203249,0,0.908881637528,0.0494517251683
12.081,7.056,3.3,1,0,0.996538203229,0.000871884673875,0.996538203249,0,0.908881637528,0.0495051267784
12.083,7.058,3.3,1,0,0.996538203229,0.000870144168266,0.996538203249,0,0.908881637528,0.0495584332352
12.085,7.06,3.3,1,0,0.996538203229,0.00086840737324,0.996538203249,0,0.908881637528,0.0496116260479
12.087,7.062,3.3,1,0,0.996538203229,0.000866674179304,0.996538203249,0,0.908881637528,0.0496647085701
12.089,7.064,3.3,1,0,0.996538203229,0.000864944268899,0.996538203249,0,0.908881637528,0.0497176905276
12.091,7.066,3.3,1,0,0.996538203229,0.000863217988277,0.996538203249,0,0.908881637528,0.0497705613158
12.093,7.068,3.3,1,0,0.996538203229,0.000861494783616,0.996538203249,0,0.908881637528,0.0498233378965
12.095,7.07,3.3,1,0,0.996538203229,0.000859775252656,0.996538203249,0,0.908881637528,0.0498760019629
12.097,7.072,3.3,1,0,0.996538203229,0.000858059286989,0.996538203249,0,0.908881637527,0.0499285568349
12.099,7.074,3.3,1,0,0.996538203229,0.000856346572215,0.996538203249,0,0.908881637527,0.0499810121419
12.101,7.076,3.3,1,0,0.996538203229,0.000854637451142,0.996538203249,0,0.908881637527,0.0500333573847
12.103,7.078,3.3,1,0,0.996538203229,0.000852931375456,0.996538203249,0,0.908881637527,0.0500856093564
12.105,7.08,3.3,1,0,0.996538203229,0.000851228936953,0.996538203249,0,0.908881637527,0.0501377499321
12.107,7.082,3.3,1,0,0.996538203229,0.000849530028304,0.996538203249,0,0.908881637527,0.050189782399
12.109,7.084,3.3,1,0,0.996538203229,0.000847834338232,0.996538203249,0,0.908881637527,0.0502417162905
12.111,7.086,3.3,1,0,0.996538203229,0.00084614220614,0.996538203249,0,0.908881637527,0.0502935412118
12.113,7.088,3.3,1,0,0.996538203229,0.000844453089163,0.996538203249,0,0.908881637527,0.0503452737892
12.115,7.09,3.3,1,0,0.996538203229,0.000842767573214,0.996538203249,0,0.908881637527,0.0503968960779
12.117,7.092,3.3,1,0,0.996538203229,0.000841085552033,0.996538203249,0,0.908881637527,0.0504484113324
12.119,7.094,3.3,1,0,0.996538203229,0.000839406717436,0.996538203249,0,0.908881637527,0.0504998289914
12.121,7.096,3.3,1,0,0.996538203229,0.000837731405451,0.996538203249,0,0.908881637527,0.0505511387634
12.123,7.098,3.3,1,0,0.996538203229,0.000836059078611,0.996538203249,0,0.908881637527,0.0506023571093
12.125,7.1,3.3,1,0,0.996538203229,0.000834390317003,0.996538203249,0,0.908881637527,0.0506534662629
12.127,7.102,3.3,1,0,0.996538203229,0.000832725015424,0.996538203249,0,0.908881637527,0.0507044694462
12.129,7.104,3.3,1,0,0.996538203229,0.000831062868755,0.996538203249,0,0.908881637527,0.0507553760041
12.131,7.106,3.3,1,0,0.996538203229,0.000829404209682,0.996538203249,0,0.908881637526,0.0508061757475
12.133,7.108,3.3,1,0,0.996538203229,0.000827748506081,0.996538203249,0,0.908881637526,0.0508568849735
12.135,7.11,3.3,1,0,0.996538203229,0.000826096332274,0.996538203249,0,0.908881637526,0.0509074860927
12.137,7.112,3.3,1,0,0.996538203229,0.000824447584102,0.996538203249,0,0.908881637526,0.0509579822949
12.139,7.114,3.3,1,0,0.996538203229,0.000822801959479,0.996538203249,0,0.908881637526,0.0510083828321
12.141,7.116,3.3,1,0,0.996538203229,0.000821159787786,0.996538203249,0,0.908881637526,0.0510586776166
12.143,7.118,3.3,1,0,0.996538203229,0.000819520542186,0.996538203249,0,0.908881637526,0.0511088827835
12.145,7.12,3.3,1,0,0.996538203229,0.000817884791293,0.996538203249,0,0.908881637526,0.0511589809181
12.147,7.122,3.3,1,0,0.996538203229,0.000816252431984,0.996538203249,0,0.908881637526,0.0512089751787
12.149,7.124,3.3,1,0,0.996538203229,0.000814623165175,0.996538203249,0,0.908881637526,0.0512588747253
12.151,7.126,3.3,1,0,0.996538203229,0.000812997316973,0.996538203249,0,0.908881637526,0.0513086695702
12.153,7.128,3.3,1,0,0.996538203229,0.000811374365779,0.996538203249,0,0.908881637526,0.0513583756885
12.155,7.13,3.3,1,0,0.996538203229,0.000809754874554,0.996538203249,0,0.908881637526,0.0514079758383
12.157,7.132,3.3,1,0,0.996538203229,0.0008081387412,0.996538203249,0,0.908881637526,0.0514574731467
12.159,7.134,3.3,1,0,0.996538203229,0.000806525669606,0.996538203249,0,0.908881637526,0.0515068766825
12.161,7.136,3.3,1,0,0.996538203229,0.000804915982637,0.996538203249,0,0.908881637526,0.0515561765574
12.163,7.138,3.3,1,0,0.996538203229,0.000803309163879,0.996538203249,0,0.908881637525,0.0516053885876
12.165,7.14,3.3,1,0,0.996538203229,0.000801705770697,0.996538203249,0,0.908881637525,0.0516544957028
12.167,7.142,3.3,1,0,0.996538203229,0.000800105702008,0.996538203249,0,0.908881637525,0.0517035009987
12.169,7.144,3.3,1,0,0.996538203229,0.000798508664646,0.996538203249,0,0.908881637525,0.0517524134542
12.171,7.146,3.3,1,0,0.996538203229,0.000796914978264,0.996538203249,0,0.908881637525,0.0518012232792
12.173,7.148,3.3,1,0,0.996538203229,0.000795324131583,0.996538203249,0,0.908881637525,0.0518499461327
12.175,7.15,3.3,1,0,0.996538203229,0.000793736676427,0.996538203249,0,0.908881637525,0.051898565114
12.177,7.152,3.3,1,0,0.996538203229,0.000792152512718,0.996538203249,0,0.908881637525,0.0519470832882
12.179,7.154,3.3,1,0,0.996538203229,0.000790571350203,0.996538203249,0,0.908881637525,0.0519955095448
12.181,7.156,3.3,1,0,0.996538203229,0.00078899350536,0.996538203249,0,0.908881637525,0.0520438341911
12.183,7.158,3.3,1,0,0.996538203229,0.00078741847199,0.996538203249,0,0.908881637525,0.0520920727304
12.185,7.16,3.3,1,0,0.996538203229,0.000785846796434,0.996538203249,0,0.908881637525,0.05214020843
12.187,7.162,3.3,1,0,0.996538203229,0.000784278379606,0.996538203249,0,0.908881637525,0.0521882443245
12.189,7.164,3.3,1,0,0.996538203229,0.00078271293414,0.996538203249,0,0.908881637525,0.0522361892151
12.191,7.166,3.3,1,0,0.996538203229,0.000781150773368,0.996538203249,0,0.908881637525,0.0522840335054
12.193,7.168,3.3,1,0,0.996538203229,0.000779591396122,0.996538203249,0,0.908881637525,0.0523317925447
12.195,7.17,3.3,1,0,0.996538203229,0.000778035343312,0.996538203249,0,0.908881637524,0.0523794497665
12.197,7.172,3.3,1,0,0.996538203229,0.000776482516839,0.996538203249,0,0.908881637524,0.0524270081753
12.199,7.174,3.3,1,0,0.996538203229,0.000774932632192,0.996538203249,0,0.908881637524,0.0524744764848
12.201,7.176,3.3,1,0,0.996538203229,0.000773385999588,0.996538203249,0,0.908881637524,0.052521845194
12.203,7.178,3.3,1,0,0.996538203229,0.000771842122842,0.996538203249,0,0.908881637524,0.0525691294996
12.205,7.18,3.3,1,0,0.996538203229,0.000770301537485,0.996538203249,0,0.908881637524,0.0526163129997
12.207,7.182,3.3,1,0,0.996538203229,0.000768764146396,0.996538203249,0,0.908881637524,0.0526633986691
12.209,7.184,3.3,1,0,0.996538203229,0.00076722966789,0.996538203249,0,0.908881637524,0.0527103951348
12.211,7.186,3.3,1,0,0.996538203229,0.000765698409101,0.996538203249,0,0.908881637524,0.0527572929903
12.213,7.188,3.3,1,0,0.996538203229,0.000764169878776,0.996538203249,0,0.908881637524,0.052804107281
12.215,7.19,3.3,1,0,0.996538203229,0.000762644607125,0.996538203249,0,0.908881637524,0.0528508217685
12.217,7.192,3.3,1,0,0.996538203229,0.000761122497988,0.996538203249,0,0.908881637524,0.0528974393975
12.219,7.194,3.3,1,0,0.996538203229,0.000759603272483,0.996538203249,0,0.908881637524,0.0529439687096
12.221,7.196,3.3,1,0,0.996538203229,0.000758087234691,0.996538203249,0,0.908881637524,0.0529904003917
12.223,7.198,3.3,1,0,0.996538203229,0.000756573898241,0.996538203249,0,0.908881637524,0.0530367493397
12.225,7.2,3.3,1,0,0.996538203229,0.000755063788073,0.996538203249,0,0.908881637524,0.0530829994765
12.227,7.202,3.3,1,0,0.996538203229,0.000753556808984,0.996538203249,0,0.908881637524,0.0531291537176
12.229,7.204,3.3,1,0,0.996538203229,0.000752052684863,0.996538203249,0,0.908881637523,0.0531752205198
12.231,7.206,3.3,1,0,0.996538203229,0.000750551716768,0.996538203249,0,0.908881637523,0.0532211906623
12.233,7.208,3.3,1,0,0.996538203229,0.000749053423163,0.996538203249,0,0.908881637523,0.0532670788931
12.235,7.21,3.3,1,0,0.996538203229,0.000747558323771,0.996538203249,0,0.908881637523,0.0533128692949
12.237,7.212,3.3,1,0,0.996538203229,0.000746066324334,0.996538203249,0,0.908881637523,0.0533585647544
12.239,7.214,3.3,1,0,0.996538203229,0.000744577151486,0.996538203249,0,0.908881637523,0.0534041736439
12.241,7.216,3.3,1,0,0.996538203229,0.000743091103292,0.996538203249,0,0.908881637523,0.0534496868347
12.243,7.218,3.3,1,0,0.996538203229,0.000741607703004,0.996538203249,0,0.908881637523,0.053495118928
12.245,7.22,3.3,1,0,0.996538203229,0.000740127465177,0.996538203249,0,0.908881637523,0.0535404541647
12.247,7.222,3.3,1,0,0.996538203229,0.000738650296492,0.996538203249,0,0.908881637523,0.0535856954028
12.249,7.224,3.3,1,0,0.996538203229,0.000737175926298,0.996538203249,0,0.908881637523,0.0536308509316
12.251,7.226,3.3,1,0,0.996538203229,0.000735704649699,0.996538203249,0,0.908881637523,0.0536759117127
12.253,7.228,3.3,1,0,0.996538203229,0.000734235994686,0.996538203249,0,0.908881637523,0.0537208922027
12.255,7.23,3.3,1,0,0.996538203229,0.000732770470698,0.996538203249,0,0.908881637523,0.0537657767987
12.257,7.232,3.3,1,0,0.996538203229,0.000731307985343,0.996538203249,0,0.908881637523,0.0538105683305
12.259,7.234,3.3,1,0,0.996538203229,0.000729848270663,0.996538203249,0,0.908881637523,0.0538552750048
12.261,7.236,3.3,1,0,0.996538203229,0.000728391618827,0.996538203249,0,0.908881637523,0.0538998878735
12.263,7.238,3.3,1,0,0.996538203229,0.000726937562517,0.996538203249,0,0.908881637522,0.053944421249
12.265,7.24,3.3,1,0,0.996538203229,0.000725486606109,0.996538203249,0,0.908881637522,0.0539888596838
12.267,7.242,3.3,1,0,0.996538203229,0.000724038658131,0.996538203249,0,0.908881637522,0.0540332059795
12.269,7.244,3.3,1,0,0.996538203229,0.000722593453286,0.996538203249,0,0.908881637522,0.0540774682612
12.271,7.246,3.3,1,0,0.996538203229,0.000721151280839,0.996538203249,0,0.908881637522,0.0541216376696
12.273,7.248,3.3,1,0,0.996538203229,0.000719711678119,0.996538203249,0,0.908881637522,0.0541657283751
12.275,7.25,3.3,1,0,0.996538203229,0.000718275144488,0.996538203249,0,0.908881637522,0.0542097250836
12.277,7.252,3.3,1,0,0.996538203229,0.000716841589381,0.996538203249,0,0.908881637522,0.0542536305689
12.279,7.254,3.3,1,0,0.996538203229,0.00071541075014,0.996538203249,0,0.908881637522,0.0542974528753
12.281,7.256,3.3,1,0,0.996538203229,0.000713982913156,0.996538203249,0,0.908881637522,0.0543411832316
12.283,7.258,3.3,1,0,0.996538203229,0.000712557620354,0.996538203249,0,0.908881637522,0.0543848356673
12.285,7.26,3.3,1,0,0.996538203229,0.000711135366133,0.996538203249,0,0.908881637522,0.0544283950403
12.287,7.262,3.3,1,0,0.996538203229,0.00070971606083,0.996538203249,0,0.908881637522,0.0544718640969
12.289,7.264,3.3,1,0,0.996538203229,0.000708299444397,0.996538203249,0,0.908881637522,0.0545152508015
12.291,7.266,3.3,1,0,0.996538203229,0.000706885800378,0.996538203249,0,0.908881637522,0.05455854647
12.293,7.268,3.3,1,0,0.996538203229,0.000705474675251,0.996538203249,0,0.908881637522,0.0546017649923
12.295,7.27,3.3,1,0,0.996538203229,0.000704066558502,0.996538203249,0,0.908881637522,0.0546448913771
12.297,7.272,3.3,1,0,0.996538203229,0.000702661361357,0.996538203249,0,0.908881637522,0.0546879283432
12.299,7.274,3.3,1,0,0.996538203229,0.000701258826354,0.996538203249,0,0.908881637521,0.0547308837759
12.301,7.276,3.3,1,0,0.996538203229,0.000699859234219,0.996538203249,0,0.908881637521,0.0547737490773
12.303,7.278,3.3,1,0,0.996538203229,0.000698462135938,0.996538203249,0,0.908881637521,0.0548165379996
12.305,7.28,3.3,1,0,0.996538203229,0.00069706801613,0.996538203249,0,0.908881637521,0.0548592357001
12.307,7.282,3.3,1,0,0.996538203229,0.000695676786906,0.996538203249,0,0.908881637521,0.0549018448707
12.309,7.284,3.3,1,0,0.996538203229,0.000694288193362,0.996538203249,0,0.908881637521,0.0549443733184
12.311,7.286,3.3,1,0,0.996538203229,0.000692902513432,0.996538203249,0,0.908881637521,0.0549868125309
12.313,7.288,3.3,1,0,0.996538203229,0.000691519302567,0.996538203249,0,0.908881637521,0.0550291761232
12.315,7.29,3.3,1,0,0.996538203229,0.000690139040569,0.996538203249,0,0.908881637521,0.0550714494007
12.317,7.292,3.3,1,0,0.996538203229,0.000688761640422,0.996538203249,0,0.908881637521,0.0551136350283
12.319,7.294,3.3,1,0,0.996538203229,0.000687386849756,0.996538203249,0,0.908881637521,0.0551557407353
12.321,7.296,3.3,1,0,0.996538203229,0.000686014943741,0.996538203249,0,0.908881637521,0.0551977580941
12.323,7.298,3.3,1,0,0.996538203229,0.00068464548225,0.996538203249,0,0.908881637521,0.0552397005845
12.325,7.3,3.3,1,0,0.996538203229,0.000683278940312,0.996538203249,0,0.908881637521,0.0552815536577
12.327,7.302,3.3,1,0,0.996538203229,0.000681915231778,0.996538203249,0,0.908881637521,0.0553233199523
12.329,7.304,3.3,1,0,0.996538203229,0.000680554106786,0.996538203249,0,0.908881637521,0.0553650071208
12.331,7.306,3.3,1,0,0.996538203229,0.000679195837773,0.996538203249,0,0.90888163752,0.0554066068192
12.333,7.308,3.3,1,0,0.996538203229,0.000677839988982,0.996538203249,0,0.90888163752,0.0554481323935
12.335,7.31,3.3,1,0,0.996538203229,0.000676487030726,0.996538203249,0,0.90888163752,0.0554895694394
12.337,7.312,3.3,1,0,0.996538203229,0.000675136877708,0.996538203249,0,0.90888163752,0.0555309205693
12.339,7.314,3.3,1,0,0.996538203229,0.000673789282551,0.996538203249,0,0.90888163752,0.0555721933596
12.341,7.316,3.3,1,0,0.996538203229,0.000672444514983,0.996538203249,0,0.90888163752,0.0556133795493
12.343,7.318,3.3,1,0,0.996538203229,0.000671102143582,0.996538203249,0,0.90888163752,0.0556544923516
12.345,7.32,3.3,1,0,0.996538203229,0.000669762633981,0.996538203249,0,0.90888163752,0.0556955175056
12.347,7.322,3.3,1,0,0.996538203229,0.000668425901735,0.996538203249,0,0.90888163752,0.0557364575976
12.349,7.324,3.3,1,0,0.996538203229,0.000667091701924,0.996538203249,0,0.90888163752,0.0557773201287
12.351,7.326,3.3,1,0,0.996538203229,0.000665760301596,0.996538203249,0,0.90888163752,0.05581809692
12.353,7.328,3.3,1,0,0.996538203229,0.000664431273615,0.996538203249,0,0.90888163752,0.0558588010535
12.355,7.33,3.3,1,0,0.996538203229,0.000663105078989,0.996538203249,0,0.90888163752,0.0558994184098
12.357,7.332,3.3,1,0,0.996538203229,0.000661781634109,0.996538203249,0,0.90888163752,0.0559399515496
12.359,7.334,3.3,1,0,0.996538203229,0.000660460696493,0.996538203249,0,0.90888163752,0.0559804078996
12.361,7.336,3.3,1,0,0.996538203229,0.000659142530531,0.996538203249,0,0.90888163752,0.056020779362
12.363,7.338,3.3,1,0,0.996538203229,0.000657826713335,0.996538203249,0,0.90888163752,0.0560610788888
12.365,7.34,3.3,1,0,0.996538203229,0.00065651370133,0.996538203249,0,0.90888163752,0.0561012925011
12.367,7.342,3.3,1,0,0.996538203229,0.000655203411738,0.996538203249,0,0.908881637519,0.056141422734
12.369,7.344,3.3,1,0,0.996538203229,0.000653895604486,0.996538203249,0,0.908881637519,0.0561814769403
12.371,7.346,3.3,1,0,0.996538203229,0.000652590541339,0.996538203249,0,0.908881637519,0.056221447103
12.373,7.348,3.3,1,0,0.996538203229,0.000651287803611,0.996538203249,0,0.908881637519,0.056261346045
12.375,7.35,3.3,1,0,0.996538203229,0.000649987843188,0.996538203249,0,0.908881637519,0.0563011599265
12.377,7.352,3.3,1,0,0.996538203229,0.000648690578118,0.996538203249,0,0.908881637519,0.0563408912575
12.379,7.354,3.3,1,0,0.996538203229,0.000647395770713,0.996538203249,0,0.908881637519,0.0563805473175
12.381,7.356,3.3,1,0,0.996538203229,0.000646103680136,0.996538203249,0,0.908881637519,0.0564201201693
12.383,7.358,3.3,1,0,0.996538203229,0.000644813891863,0.996538203249,0,0.908881637519,0.0564596225084
12.385,7.36,3.3,1,0,0.996538203229,0.000643526853288,0.996538203249,0,0.908881637519,0.0564990406326
12.387,7.362,3.3,1,0,0.996538203229,0.000642242483274,0.996538203249,0,0.908881637519,0.0565383770267
12.389,7.364,3.3,1,0,0.996538203229,0.000640960546495,0.996538203249,0,0.908881637519,0.0565776388982
12.391,7.366,3.3,1,0,0.996538203229,0.000639681299538,0.996538203249,0,0.908881637519,0.0566168183885
12.393,7.368,3.3,1,0,0.996538203229,0.000638404332,0.996538203249,0,0.908881637519,0.056655928067
12.395,7.37,3.3,1,0,0.996538203229,0.000637130086828,0.996538203249,0,0.908881637519,0.0566949543677
12.397,7.372,3.3,1,0,0.996538203229,0.00063585848369,0.996538203249,0,0.908881637519,0.0567338997507
12.399,7.374,3.3,1,0,0.996538203229,0.000634589289601,0.996538203249,0,0.908881637519,0.0567727713519
12.401,7.376,3.3,1,0,0.996538203229,0.000633322758596,0.996538203249,0,0.908881637518,0.0568115613908
12.403,7.378,3.3,1,0,0.996538203229,0.000632058484352,0.996538203249,0,0.908881637518,0.0568502823119
12.405,7.38,3.3,1,0,0.996538203229,0.000630796905414,0.996538203249,0,0.908881637518,0.0568889206839
12.407,7.382,3.3,1,0,0.996538203229,0.000629537942247,0.996538203249,0,0.908881637518,0.0569274789426
12.409,7.384,3.3,1,0,0.996538203229,0.000628281364183,0.996538203249,0,0.908881637518,0.0569659641528
12.411,7.386,3.3,1,0,0.996538203229,0.000627027422731,0.996538203249,0,0.908881637518,0.0570043686115
12.413,7.388,3.3,1,0,0.996538203229,0.000625775715608,0.996538203249,0,0.908881637518,0.0570427046395
12.415,7.39,3.3,1,0,0.996538203229,0.000624526676998,0.996538203249,0,0.908881637518,0.0570809589389
12.417,7.392,3.3,1,0,0.996538203229,0.000623280228159,0.996538203249,0,0.908881637518,0.0571191339214
12.419,7.394,3.3,1,0,0.996538203229,0.000622036140714,0.996538203249,0,0.908881637518,0.0571572365814
12.421,7.396,3.3,1,0,0.996538203229,0.000620794663674,0.996538203249,0,0.908881637518,0.0571952592927
12.423,7.398,3.3,1,0,0.996538203229,0.000619555398752,0.996538203249,0,0.908881637518,0.0572332142534
12.425,7.4,3.3,1,0,0.996538203229,0.000618318775818,0.996538203249,0,0.908881637518,0.0572710882979
12.427,7.402,3.3,1,0,0.996538203229,0.000617084716912,0.996538203249,0,0.908881637518,0.057308883814
12.429,7.404,3.3,1,0,0.996538203229,0.000615852995927,0.996538203249,0,0.908881637518,0.0573466077266
12.431,7.406,3.3,1,0,0.996538203229,0.000614623859399,0.996538203249,0,0.908881637518,0.057384252485
12.433,7.408,3.3,1,0,0.996538203229,0.000613396913,0.996538203249,0,0.908881637518,0.0574218301664
12.435,7.41,3.3,1,0,0.996538203229,0.000612172582328,0.996538203249,0,0.908881637517,0.0574593277359
12.437,7.412,3.3,1,0,0.996538203229,0.000610950790197,0.996538203249,0,0.908881637517,0.0574967475575
12.439,7.414,3.3,1,0,0.996538203229,0.000609731312747,0.996538203249,0,0.908881637517,0.0575340964874
12.441,7.416,3.3,1,0,0.996538203229,0.000608514394064,0.996538203249,0,0.908881637517,0.05757136705
12.443,7.418,3.3,1,0,0.996538203229,0.000607299643741,0.996538203249,0,0.908881637517,0.0576085712022
12.445,7.42,3.3,1,0,0.996538203229,0.000606087483143,0.996538203249,0,0.908881637517,0.0576456960389
12.447,7.422,3.3,1,0,0.996538203229,0.000604877835852,0.996538203249,0,0.908881637517,0.0576827439005
12.449,7.424,3.3,1,0,0.996538203229,0.000603670480235,0.996538203249,0,0.908881637517,0.0577197215751
12.451,7.426,3.3,1,0,0.996538203229,0.000602465657949,0.996538203249,0,0.908881637517,0.0577566216614
12.453,7.428,3.3,1,0,0.996538203229,0.000601262982469,0.996538203249,0,0.908881637517,0.0577934559974
12.455,7.43,3.3,1,0,0.996538203229,0.000600062870973,0.996538203249,0,0.908881637517,0.0578302118063
12.457,7.432,3.3,1,0,0.996538203229,0.000598865247801,0.996538203249,0,0.908881637517,0.0578668914054
12.459,7.434,3.3,1,0,0.996538203229,0.000597669893523,0.996538203249,0,0.908881637517,0.057903501515
12.461,7.436,3.3,1,0,0.996538203229,0.000596477047395,0.996538203249,0,0.908881637517,0.0579400348075
12.463,7.438,3.3,1,0,0.996538203229,0.000595286326732,0.996538203249,0,0.908881637517,0.0579765030034
12.465,7.44,3.3,1,0,0.996538203229,0.000594098144567,0.996538203249,0,0.908881637517,0.0580128934528
12.467,7.442,3.3,1,0,0.996538203229,0.000592912425991,0.996538203249,0,0.908881637517,0.0580492084498
12.469,7.444,3.3,1,0,0.996538203229,0.000591728953757,0.996538203249,0,0.908881637517,0.0580854546482
12.471,7.446,3.3,1,0,0.996538203229,0.000590547964741,0.996538203249,0,0.908881637516,0.058121624793
12.473,7.448,3.3,1,0,0.996538203229,0.000589369080063,0.996538203249,0,0.908881637516,0.0581577304882
12.475,7.45,3.3,1,0,0.996538203229,0.000588192708649,0.996538203249,0,0.908881637516,0.0581937592098
12.477,7.452,3.3,1,0,0.996538203229,0.000587018776336,0.996538203249,0,0.908881637516,0.058229713229
12.479,7.454,3.3,1,0,0.996538203229,0.000585847068035,0.996538203249,0,0.908881637516,0.0582655991334
12.481,7.456,3.3,1,0,0.996538203229,0.000584677818269,0.996538203249,0,0.908881637516,0.0583014097402
12.483,7.458,3.3,1,0,0.996538203229,0.000583510651924,0.996538203249,0,0.908881637516,0.0583371565382
12.485,7.46,3.3,1,0,0.996538203229,0.00058234597386,0.996538203249,0,0.908881637516,0.0583728271276
12.487,7.462,3.3,1,0,0.996538203229,0.000581183710653,0.996538203249,0,0.908881637516,0.0584084237571
12.489,7.464,3.3,1,0,0.996538203229,0.00058002364935,0.996538203249,0,0.908881637516,0.058443952949
12.491,7.466,3.3,1,0,0.996538203229,0.000578866022144,0.996538203249,0,0.908881637516,0.0584794075918
12.493,7.468,3.3,1,0,0.996538203229,0.000577710457649,0.996538203249,0,0.908881637516,0.0585147990599
12.495,7.47,3.3,1,0,0.996538203229,0.000576557356701,0.996538203249,0,0.908881637516,0.058550115077
12.497,7.472,3.3,1,0,0.996538203229,0.000575406646606,0.996538203249,0,0.908881637516,0.0585853578694
12.499,7.474,3.3,1,0,0.996538203229,0.000574258116528,0.996538203249,0,0.908881637516,0.0586205338945
12.501,7.476,3.3,1,0,0.996538203229,0.000573111996351,0.996538203249,0,0.908881637516,0.0586556361116
12.503,7.478,3.3,1,0,0.996538203229,0.000571967918381,0.996538203249,0,0.908881637515,0.0586906757819
12.505,7.48,3.3,1,0,0.996538203229,0.000570826279471,0.996538203249,0,0.908881637515,0.0587256407513
12.507,7.482,3.3,1,0,0.996538203229,0.000569687007648,0.996538203249,0,0.908881637515,0.0587605332238
12.509,7.484,3.3,1,0,0.996538203229,0.000568549894172,0.996538203249,0,0.908881637515,0.0587953595927
12.511,7.486,3.3,1,0,0.996538203229,0.000567415166643,0.996538203249,0,0.908881637515,0.0588301128872
12.513,7.488,3.3,1,0,0.996538203229,0.000566282461021,0.996538203249,0,0.908881637515,0.0588648042567
12.515,7.49,3.3,1,0,0.996538203229,0.000565152170213,0.996538203249,0,0.908881637515,0.0588994216677
12.517,7.492,3.3,1,0,0.996538203229,0.000564024222964,0.996538203249,0,0.908881637515,0.0589339673027
12.519,7.494,3.3,1,0,0.996538203229,0.000562898412607,0.996538203249,0,0.908881637515,0.0589684474909
12.521,7.496,3.3,1,0,0.996538203229,0.00056177496448,0.996538203249,0,0.908881637515,0.0590028553312
12.523,7.498,3.3,1,0,0.996538203229,0.000560653518162,0.996538203249,0,0.908881637515,0.0590372018621
12.525,7.5,3.3,1,0,0.996538203229,0.000559534462655,0.996538203249,0,0.908881637515,0.0590714751697
12.527,7.502,3.3,1,0,0.996538203229,0.00055841772741,0.996538203249,0,0.908881637515,0.0591056774145
12.529,7.504,3.3,1,0,0.996538203229,0.000557303107817,0.996538203249,0,0.908881637515,0.0591398148634
12.531,7.506,3.3,1,0,0.996538203229,0.000556190826973,0.996538203249,0,0.908881637515,0.0591738806833
12.533,7.508,3.3,1,0,0.996538203229,0.00055508052804,0.996538203249,0,0.908881637515,0.0592078858033
12.535,7.51,3.3,1,0,0.996538203229,0.000553972596153,0.996538203249,0,0.908881637515,0.0592418184278
12.537,7.512,3.3,1,0,0.996538203229,0.000552866961464,0.996538203249,0,0.908881637514,0.059275680696
12.539,7.514,3.3,1,0,0.996538203229,0.000551763421397,0.996538203249,0,0.908881637514,0.0593094788123
12.541,7.516,3.3,1,0,0.996538203229,0.000550662196831,0.996538203249,0,0.908881637514,0.0593432060117
12.543,7.518,3.3,1,0,0.996538203229,0.000549562934475,0.996538203249,0,0.908881637514,0.0593768731145
12.545,7.52,3.3,1,0,0.996538203229,0.000548466015637,0.996538203249,0,0.908881637514,0.0594104684424
12.547,7.522,3.3,1,0,0.996538203229,0.000547371371162,0.996538203249,0,0.908881637514,0.0594439941133
12.549,7.524,3.3,1,0,0.996538203229,0.000546278800488,0.996538203249,0,0.908881637514,0.05947745627
12.551,7.526,3.3,1,0,0.996538203229,0.000545188522298,0.996538203249,0,0.908881637514,0.0595108482148
12.553,7.528,3.3,1,0,0.996538203229,0.000544100186815,0.996538203249,0,0.908881637514,0.0595441806603
12.555,7.53,3.3,1,0,0.996538203229,0.000543014171553,0.996538203249,0,0.908881637514,0.0595774420444
12.557,7.532,3.3,1,0,0.996538203229,0.000541930408047,0.996538203249,0,0.908881637514,0.059610634464
12.559,7.534,3.3,1,0,0.996538203229,0.000540848697729,0.996538203249,0,0.908881637514,0.0596437640007
12.561,7.536,3.3,1,0,0.996538203229,0.000539769257107,0.996538203249,0,0.908881637514,0.0596768240233
12.563,7.538,3.3,1,0,0.996538203229,0.00053869173988,0.996538203249,0,0.908881637514,0.0597098251381
12.565,7.54,3.3,1,0,0.996538203229,0.000537616519812,0.996538203249,0,0.908881637514,0.0597427558979
12.567,7.542,3.3,1,0,0.996538203229,0.000536543529117,0.996538203249,0,0.908881637514,0.0597756183787
12.569,7.544,3.3,1,0,0.996538203229,0.000535472571199,0.996538203249,0,0.908881637514,0.0598084186016
12.571,7.546,3.3,1,0,0.996538203229,0.000534403860418,0.996538203249,0,0.908881637513,0.0598411500015
12.573,7.548,3.3,1,0,0.996538203229,0.000533337053912,0.996538203249,0,0.908881637513,0.0598738230791
12.575,7.55,3.3,1,0,0.996538203229,0.000532272521731,0.996538203249,0,0.908881637513,0.059906426501
12.577,7.552,3.3,1,0,0.996538203229,0.000531210196763,0.996538203249,0,0.908881637513,0.0599389623226
12.579,7.554,3.3,1,0,0.996538203229,0.000530149884366,0.996538203249,0,0.908881637513,0.0599714365052
12.581,7.556,3.3,1,0,0.996538203229,0.000529091796768,0.996538203249,0,0.908881637513,0.0600038425489
12.583,7.558,3.3,1,0,0.996538203229,0.000528035594517,0.996538203249,0,0.908881637513,0.06003619085
12.585,7.56,3.3,1,0,0.996538203229,0.000526981643984,0.996538203249,0,0.908881637513,0.0600684701879
12.587,7.562,3.3,1,0,0.996538203229,0.000525929878723,0.996538203249,0,0.908881637513,0.0601006825974
12.589,7.564,3.3,1,0,0.996538203229,0.000524880106028,0.996538203249,0,0.908881637513,0.0601328339806
12.591,7.566,3.3,1,0,0.996538203229,0.000523832536018,0.996538203249,0,0.908881637513,0.0601649179022
12.593,7.568,3.3,1,0,0.996538203229,0.000522786832613,0.996538203249,0,0.908881637513,0.0601969446552
12.595,7.57,3.3,1,0,0.996538203229,0.000521743358544,0.996538203249,0,0.908881637513,0.0602289031304
12.597,7.572,3.3,1,0,0.996538203229,0.000520702048025,0.996538203249,0,0.908881637513,0.0602607953426
12.599,7.574,3.3,1,0,0.996538203229,0.000519662710266,0.996538203249,0,0.908881637513,0.0602926271351
12.601,7.576,3.3,1,0,0.996538203229,0.000518625553295,0.996538203249,0,0.908881637513,0.0603243921365
12.603,7.578,3.3,1,0,0.996538203229,0.000517590244377,0.996538203249,0,0.908881637513,0.0603561005377
12.605,7.58,3.3,1,0,0.996538203229,0.000516557142633,0.996538203249,0,0.908881637512,0.0603877413398
12.607,7.582,3.3,1,0,0.996538203229,0.000515526182934,0.996538203249,0,0.908881637512,0.0604193165374
12.609,7.584,3.3,1,0,0.996538203229,0.000514497176386,0.996538203249,0,0.908881637512,0.060450831916
12.611,7.586,3.3,1,0,0.996538203229,0.000513470328948,0.996538203249,0,0.908881637512,0.0604822811674
12.613,7.588,3.3,1,0,0.996538203229,0.000512445311193,0.996538203249,0,0.908881637512,0.0605136743812
12.615,7.59,3.3,1,0,0.996538203229,0.000511422478672,0.996538203249,0,0.908881637512,0.0605450006678
12.617,7.592,3.3,1,0,0.996538203229,0.000510401766904,0.996538203249,0,0.908881637512,0.0605762620021
12.619,7.594,3.3,1,0,0.996538203229,0.000509382988871,0.996538203249,0,0.908881637512,0.0606074641119
12.621,7.596,3.3,1,0,0.996538203229,0.000508366348488,0.996538203249,0,0.908881637512,0.060638600752
12.623,7.598,3.3,1,0,0.996538203229,0.0005073515196,0.996538203249,0,0.908881637512,0.0606696819114
12.625,7.6,3.3,1,0,0.996538203229,0.000506338854224,0.996538203249,0,0.908881637512,0.0607006968089
12.627,7.602,3.3,1,0,0.996538203229,0.00050532828852,0.996538203249,0,0.908881637512,0.0607316473997
12.629,7.604,3.3,1,0,0.996538203229,0.000504319637331,0.996538203249,0,0.908881637512,0.0607625393548
12.631,7.606,3.3,1,0,0.996538203229,0.000503313102542,0.996538203249,0,0.908881637512,0.0607933664909
12.633,7.608,3.3,1,0,0.996538203229,0.000502308361241,0.996538203249,0,0.908881637512,0.0608241386978
12.635,7.61,3.3,1,0,0.996538203229,0.000501305761947,0.996538203249,0,0.908881637512,0.0608548453014
12.637,7.612,3.3,1,0,0.996538203229,0.000500305241454,0.996538203249,0,0.908881637512,0.0608854882377
12.639,7.614,3.3,1,0,0.996538203229,0.000499306616444,0.996538203249,0,0.908881637511,0.060916073121
12.641,7.616,3.3,1,0,0.996538203229,0.000498310086798,0.996538203249,0,0.908881637511,0.0609465938296
12.643,7.618,3.3,1,0,0.996538203229,0.000497315332812,0.996538203249,0,0.908881637511,0.060977060155
12.645,7.62,3.3,1,0,0.996538203229,0.000496322699542,0.996538203249,0,0.908881637511,0.0610074615293
12.647,7.622,3.3,1,0,0.996538203229,0.000495332124408,0.996538203249,0,0.908881637511,0.0610377998691
12.649,7.624,3.3,1,0,0.996538203229,0.000494343425917,0.996538203249,0,0.908881637511,0.061068080733
12.651,7.626,3.3,1,0,0.996538203229,0.00049335680196,0.996538203249,0,0.908881637511,0.0610982980601
12.653,7.628,3.3,1,0,0.996538203229,0.000492371936013,0.996538203249,0,0.908881637511,0.0611284615446
12.655,7.63,3.3,1,0,0.996538203229,0.000491389169702,0.996538203249,0,0.908881637511,0.0611585607236
12.657,7.632,3.3,1,0,0.996538203229,0.000490408441069,0.996538203249,0,0.908881637511,0.0611885974947
12.659,7.634,3.3,1,0,0.996538203229,0.000489429570424,0.996538203249,0,0.908881637511,0.0612185773611
12.661,7.636,3.3,1,0,0.996538203229,0.000488452753693,0.996538203249,0,0.908881637511,0.0612484943224
12.663,7.638,3.3,1,0,0.996538203229,0.000487477677497,0.996538203249,0,0.908881637511,0.0612783579763
12.665,7.64,3.3,1,0,0.996538203229,0.000486504680065,0.996538203249,0,0.908881637511,0.0613081579638
12.667,7.642,3.3,1,0,0.996538203229,0.000485533700057,0.996538203249,0,0.908881637511,0.0613378961638
12.669,7.644,3.3,1,0,0.996538203229,0.000484564559568,0.996538203249,0,0.908881637511,0.0613675780248
12.671,7.646,3.3,1,0,0.996538203229,0.000483597452576,0.996538203249,0,0.90888163751,0.0613971976059
12.673,7.648,3.3,1,0,0.996538203229,0.000482632068818,0.996538203249,0,0.90888163751,0.0614267644095
12.675,7.65,3.3,1,0,0.996538203229,0.000481668743162,0.996538203249,0,0.90888163751,0.0614562681797
12.677,7.652,3.3,1,0,0.996538203229,0.000480707414875,0.996538203249,0,0.90888163751,0.0614857107764
12.679,7.654,3.3,1,0,0.996538203229,0.000479747907823,0.996538203249,0,0.90888163751,0.0615150975943
12.681,7.656,3.3,1,0,0.996538203229,0.000478790414054,0.996538203249,0,0.90888163751,0.0615444227512
12.683,7.658,3.3,1,0,0.996538203229,0.00047783462639,0.996538203249,0,0.90888163751,0.0615736956553
12.685,7.66,3.3,1,0,0.996538203229,0.00047688087637,0.996538203249,0,0.90888163751,0.0616029061526
12.687,7.662,3.3,1,0,0.996538203229,0.000475929103865,0.996538203249,0,0.90888163751,0.0616320560844
12.689,7.664,3.3,1,0,0.996538203229,0.00047497913449,0.996538203249,0,0.90888163751,0.0616611507918
12.691,7.666,3.3,1,0,0.996538203229,0.000474031158388,0.996538203249,0,0.90888163751,0.0616901844512
12.693,7.668,3.3,1,0,0.996538203229,0.00047308487143,0.996538203249,0,0.90888163751,0.0617191663773
12.695,7.67,3.3,1,0,0.996538203229,0.000472140601862,0.996538203249,0,0.90888163751,0.0617480865167
12.697,7.672,3.3,1,0,0.996538203229,0.000471198290153,0.996538203249,0,0.90888163751,0.0617769466928
12.699,7.674,3.3,1,0,0.996538203229,0.00047025776365,0.996538203249,0,0.90888163751,0.0618057521934
12.701,7.676,3.3,1,0,0.996538203229,0.000469319210606,0.996538203249,0,0.90888163751,0.0618344972529
12.703,7.678,3.3,1,0,0.996538203229,0.000468382329917,0.996538203249,0,0.90888163751,0.0618631910932
12.705,7.68,3.3,1,0,0.996538203229,0.000467447446563,0.996538203249,0,0.90888163751,0.0618918237611
12.707,7.682,3.3,1,0,0.996538203229,0.000466514501607,0.996538203249,0,0.908881637509,0.0619203970617
12.709,7.684,3.3,1,0,0.996538203229,0.000465583324113,0.996538203249,0,0.908881637509,0.0619489162303
12.711,7.686,3.3,1,0,0.996538203229,0.00046465410046,0.996538203249,0,0.908881637509,0.0619773755585
12.713,7.688,3.3,1,0,0.996538203229,0.000463726532539,0.996538203249,0,0.908881637509,0.0620057841767
12.715,7.69,3.3,1,0,0.996538203229,0.0004628009421,0.996538203249,0,0.908881637509,0.0620341322306
12.717,7.692,3.3,1,0,0.996538203229,0.00046187727079,0.996538203249,0,0.908881637509,0.0620624215073
12.719,7.694,3.3,1,0,0.996538203229,0.000460955349373,0.996538203249,0,0.908881637509,0.06209065719
12.721,7.696,3.3,1,0,0.996538203229,0.000460035362376,0.996538203249,0,0.908881637509,0.0621188336272
12.723,7.698,3.3,1,0,0.996538203229,0.000459117014652,0.996538203249,0,0.908881637509,0.0621469598585
12.725,7.7,3.3,1,0,0.996538203229,0.000458200624753,0.996538203249,0,0.908881637509,0.0621750261274
12.727,7.702,3.3,1,0,0.996538203229,0.000457286134908,0.996538203249,0,0.908881637509,0.0622030342035
12.729,7.704,3.3,1,0,0.996538203229,0.000456373377561,0.996538203249,0,0.908881637509,0.0622309892183
12.731,7.706,3.3,1,0,0.996538203229,0.000455462535405,0.996538203249,0,0.908881637509,0.0622588855765
12.733,7.708,3.3,1,0,0.996538203229,0.000454553316228,0.996538203249,0,0.908881637509,0.0622867322278
12.735,7.71,3.3,1,0,0.996538203229,0.000453646035415,0.996538203249,0,0.908881637509,0.0623145195128
12.737,7.712,3.3,1,0,0.996538203229,0.000452740635769,0.996538203249,0,0.908881637509,0.0623422491834
12.739,7.714,3.3,1,0,0.996538203229,0.000451836951399,0.996538203249,0,0.908881637508,0.0623699263201
12.741,7.716,3.3,1,0,0.996538203229,0.000450935163184,0.996538203249,0,0.908881637508,0.0623975453834
12.743,7.718,3.3,1,0,0.996538203229,0.000450034981814,0.996538203249,0,0.908881637508,0.0624251152338
12.745,7.72,3.3,1,0,0.996538203229,0.000449136719541,0.996538203249,0,0.908881637508,0.062452626308
12.747,7.722,3.3,1,0,0.996538203229,0.000448240319735,0.996538203249,0,0.908881637508,0.0624800803405
12.749,7.724,3.3,1,0,0.996538203229,0.000447345618156,0.996538203249,0,0.908881637508,0.0625074823614
12.751,7.726,3.3,1,0,0.996538203229,0.000446452793883,0.996538203249,0,0.908881637508,0.062534826886
12.753,7.728,3.3,1,0,0.996538203229,0.000445561560483,0.996538203249,0,0.908881637508,0.062562122687
12.755,7.73,3.3,1,0,0.996538203229,0.000444672227104,0.996538203249,0,0.908881637508,0.0625893602961
12.757,7.732,3.3,1,0,0.996538203229,0.000443784737678,0.996538203249,0,0.908881637508,0.0626165414304
12.759,7.734,3.3,1,0,0.996538203229,0.000442898929599,0.996538203249,0,0.908881637508,0.0626436710701
12.761,7.736,3.3,1,0,0.996538203229,0.000442014980165,0.996538203249,0,0.908881637508,0.0626707437851
12.763,7.738,3.3,1,0,0.996538203229,0.000441132605791,0.996538203249,0,0.908881637508,0.0626977682607
12.765,7.74,3.3,1,0,0.996538203229,0.000440252112551,0.996538203249,0,0.908881637508,0.0627247351229
12.767,7.742,3.3,1,0,0.996538203229,0.000439373444935,0.996538203249,0,0.908881637508,0.0627516460716
12.769,7.744,3.3,1,0,0.996538203229,0.000438496441952,0.996538203249,0,0.908881637508,0.0627785060377
12.771,7.746,3.3,1,0,0.996538203229,0.00043762127914,0.996538203249,0,0.908881637507,0.0628053096449
12.773,7.748,3.3,1,0,0.996538203229,0.000436747675731,0.996538203249,0,0.908881637507,0.0628320654922
12.775,7.75,3.3,1,0,0.996538203229,0.000435875934757,0.996538203249,0,0.908881637507,0.0628587642988
12.777,7.752,3.3,1,0,0.996538203229,0.00043500600126,0.996538203249,0,0.908881637507,0.0628854077477
12.779,7.754,3.3,1,0,0.996538203229,0.00043413771585,0.996538203249,0,0.908881637507,0.0629120007207
12.781,7.756,3.3,1,0,0.996538203229,0.000433271252319,0.996538203249,0,0.908881637507,0.0629385378951
12.783,7.758,3.3,1,0,0.996538203229,0.00043240633269,0.996538203249,0,0.908881637507,0.0629650277843
12.785,7.76,3.3,1,0,0.996538203229,0.000431543256983,0.996538203249,0,0.908881637507,0.0629914611998
12.787,7.762,3.3,1,0,0.996538203229,0.000430681970787,0.996538203249,0,0.908881637507,0.0630178398079
12.789,7.764,3.3,1,0,0.996538203229,0.000429822316295,0.996538203249,0,0.908881637507,0.0630441684418
12.791,7.766,3.3,1,0,0.996538203229,0.000428964465572,0.996538203249,0,0.908881637507,0.0630704418317
12.793,7.768,3.3,1,0,0.996538203229,0.000428108143404,0.996538203249,0,0.908881637507,0.0630966684065
12.795,7.77,3.3,1,0,0.996538203229,0.00042725364683,0.996538203249,0,0.908881637507,0.0631228390689
12.797,7.772,3.3,1,0,0.996538203229,0.000426400921979,0.996538203249,0,0.908881637507,0.0631489554688
12.799,7.774,3.3,1,0,0.996538203229,0.000425549812612,0.996538203249,0,0.908881637507,0.0631750223912
12.801,7.776,3.3,1,0,0.996538203229,0.000424700489084,0.996538203249,0,0.908881637507,0.0632010346187
12.803,7.778,3.3,1,0,0.996538203229,0.000423852678919,0.996538203249,0,0.908881637506,0.0632270004965
12.805,7.78,3.3,1,0,0.996538203229,0.000423006676199,0.996538203249,0,0.908881637506,0.0632529110177
12.807,7.782,3.3,1,0,0.996538203229,0.000422162427591,0.996538203248,0,0.908881637506,0.0632787678157
12.809,7.784,3.3,1,0,0.996538203229,0.00042131977841,0.996538203248,0,0.908881637506,0.063304575628
12.811,7.786,3.3,1,0,0.996538203229,0.000420478897315,0.996538203248,0,0.908881637506,0.0633303292892
12.813,7.788,3.3,1,0,0.996538203229,0.00041963951454,0.996538203248,0,0.908881637506,0.0633560370613
12.815,7.79,3.3,1,0,0.996538203229,0.000418801921245,0.996538203248,0,0.908881637506,0.0633816900271
12.817,7.792,3.3,1,0,0.996538203229,0.000417966064624,0.996538203248,0,0.908881637506,0.0634072898037
12.819,7.794,3.3,1,0,0.996538203229,0.000417131791532,0.996538203248,0,0.908881637506,0.0634328410816
12.821,7.796,3.3,1,0,0.996538203229,0.000416299268952,0.996538203248,0,0.908881637506,0.0634583387466
12.823,7.798,3.3,1,0,0.996538203229,0.000415468229798,0.996538203248,0,0.908881637506,0.0634837909787
12.825,7.8,3.3,1,0,0.996538203229,0.000414638962335,0.996538203248,0,0.908881637506,0.0635091889492
12.827,7.802,3.3,1,0,0.996538203229,0.000413811414285,0.996538203248,0,0.908881637506,0.0635345342593
12.829,7.804,3.3,1,0,0.996538203229,0.000412985434022,0.996538203248,0,0.908881637506,0.0635598315528
12.831,7.806,3.3,1,0,0.996538203229,0.000412161186871,0.996538203248,0,0.908881637506,0.0635850757663
12.833,7.808,3.3,1,0,0.996538203229,0.0004113384084,0.996538203248,0,0.908881637505,0.0636102749985
12.835,7.81,3.3,1,0,0.996538203229,0.00041051738401,0.996538203248,0,0.908881637505,0.0636354205084
12.837,7.812,3.3,1,0,0.996538203229,0.000409698061941,0.996538203248,0,0.908881637505,0.0636605138814
12.839,7.814,3.3,1,0,0.996538203229,0.000408880292076,0.996538203248,0,0.908881637505,0.0636855597151
12.841,7.816,3.3,1,0,0.996538203229,0.000408064238094,0.996538203248,0,0.908881637505,0.0637105529964
12.843,7.818,3.3,1,0,0.996538203229,0.000407249638194,0.996538203248,0,0.908881637505,0.0637355017436
12.845,7.82,3.3,1,0,0.996538203229,0.000406436774939,0.996538203248,0,0.908881637505,0.0637603973025
12.847,7.822,3.3,1,0,0.996538203229,0.000405625597084,0.996538203248,0,0.908881637505,0.0637852412427
12.849,7.824,3.3,1,0,0.996538203229,0.000404815956002,0.996538203248,0,0.908881637505,0.0638100381162
12.851,7.826,3.3,1,0,0.996538203229,0.000404008013749,0.996538203248,0,0.908881637505,0.0638347829596
12.853,7.828,3.3,1,0,0.996538203229,0.000403201511123,0.996538203248,0,0.908881637505,0.0638594837116
12.855,7.83,3.3,1,0,0.996538203229,0.00040239672788,0.996538203248,0,0.908881637505,0.063884131804
12.857,7.832,3.3,1,0,0.996538203229,0.000401593613283,0.996538203248,0,0.908881637505,0.0639087287909
12.859,7.834,3.3,1,0,0.996538203229,0.000400792020184,0.996538203248,0,0.908881637505,0.0639332791788
12.861,7.836,3.3,1,0,0.996538203229,0.000399992109027,0.996538203248,0,0.908881637505,0.0639577780539
12.863,7.838,3.3,1,0,0.996538203229,0.000399193623187,0.996538203248,0,0.908881637505,0.0639822332758
12.865,7.84,3.3,1,0,0.996538203229,0.000398396839638,0.996538203248,0,0.908881637505,0.0640066363616
12.867,7.842,3.3,1,0,0.996538203229,0.00039760170815,0.996538203248,0,0.908881637504,0.0640309888499
12.869,7.844,3.3,1,0,0.996538203229,0.000396808083035,0.996538203248,0,0.908881637504,0.0640552952023
12.871,7.846,3.3,1,0,0.996538203229,0.000396016123144,0.996538203248,0,0.908881637504,0.0640795505541
12.873,7.848,3.3,1,0,0.996538203229,0.000395225574401,0.996538203248,0,0.908881637504,0.0641037626865
12.875,7.85,3.3,1,0,0.996538203229,0.000394436711029,0.996538203248,0,0.908881637504,0.0641279232012
12.877,7.852,3.3,1,0,0.996538203229,0.000393649483295,0.996538203248,0,0.908881637504,0.0641520336212
12.879,7.854,3.3,1,0,0.996538203229,0.000392863746961,0.996538203248,0,0.908881637504,0.064176098364
12.881,7.856,3.3,1,0,0.996538203228,0.000392079659298,0.996538203248,0,0.908881637504,0.064200112613
12.883,7.858,3.3,1,0,0.996538203228,0.000391296968757,0.996538203248,0,0.908881637504,0.0642240840724
12.885,7.86,3.3,1,0,0.996538203228,0.000390515946833,0.996538203248,0,0.908881637504,0.064248004427
12.887,7.862,3.3,1,0,0.996538203228,0.000389736544289,0.996538203248,0,0.908881637504,0.064271875185
12.889,7.864,3.3,1,0,0.996538203228,0.00038895861832,0.996538203248,0,0.908881637504,0.0642957007198
12.891,7.866,3.3,1,0,0.996538203228,0.000388182324634,0.996538203248,0,0.908881637504,0.0643194762627
12.893,7.868,3.3,1,0,0.996538203228,0.000387407414182,0.996538203248,0,0.908881637504,0.0643432094413
12.895,7.87,3.3,1,0,0.996538203228,0.000386634155761,0.996538203248,0,0.908881637504,0.0643668920232
12.897,7.872,3.3,1,0,0.996538203228,0.000385862500623,0.996538203248,0,0.908881637504,0.0643905255014
12.899,7.874,3.3,1,0,0.996538203228,0.000385092307383,0.996538203248,0,0.908881637503,0.0644141142059
12.901,7.876,3.3,1,0,0.996538203228,0.0003843237302,0.996538203248,0,0.908881637503,0.0644376534156
12.903,7.878,3.3,1,0,0.996538203228,0.000383556522502,0.996538203248,0,0.908881637503,0.064461150682
12.905,7.88,3.3,1,0,0.996538203228,0.000382790950413,0.996538203248,0,0.908881637503,0.0644845978546
12.907,7.882,3.3,1,0,0.996538203228,0.000382026965671,0.996538203248,0,0.908881637503,0.0645079964116
12.909,7.884,3.3,1,0,0.996538203228,0.000381264428295,0.996538203248,0,0.908881637503,0.0645313506401
12.911,7.886,3.3,1,0,0.996538203228,0.000380503490912,0.996538203248,0,0.908881637503,0.0645546558656
12.913,7.888,3.3,1,0,0.996538203228,0.0003797439094,0.996538203248,0,0.908881637503,0.0645779195648
12.915,7.89,3.3,1,0,0.996538203228,0.00037898594724,0.996538203248,0,0.908881637503,0.0646011336682
12.917,7.892,3.3,1,0,0.996538203228,0.000378229556648,0.996538203248,0,0.908881637503,0.0646242996391
12.919,7.894,3.3,1,0,0.996538203228,0.000377474599035,0.996538203248,0,0.908881637503,0.0646474217223
12.921,7.896,3.3,1,0,0.996538203228,0.000376721225511,0.996538203248,0,0.908881637503,0.0646704952895
12.923,7.898,3.3,1,0,0.996538203228,0.000375969194381,0.996538203248,0,0.908881637503,0.0646935277432
12.925,7.9,3.3,1,0,0.996538203228,0.000375218766506,0.996538203248,0,0.908881637503,0.0647165110941
12.927,7.902,3.3,1,0,0.996538203228,0.000374469894576,0.996538203248,0,0.908881637503,0.064739446791
12.929,7.904,3.3,1,0,0.996538203228,0.000373722441382,0.996538203248,0,0.908881637503,0.0647623390363
12.931,7.906,3.3,1,0,0.996538203228,0.00037297655653,0.996538203248,0,0.908881637503,0.064785183248
12.933,7.908,3.3,1,0,0.996538203228,0.000372232000729,0.996538203248,0,0.908881637502,0.0648079867549
12.935,7.91,3.3,1,0,0.996538203228,0.000371489032247,0.996538203248,0,0.908881637502,0.064830741647
12.937,7.912,3.3,1,0,0.996538203228,0.000370747604243,0.996538203248,0,0.908881637502,0.0648534493589
12.939,7.914,3.3,1,0,0.996538203228,0.000370007580872,0.996538203248,0,0.908881637502,0.064876114051
12.941,7.916,3.3,1,0,0.996538203228,0.000369269110255,0.996538203248,0,0.908881637502,0.064898731187
12.943,7.918,3.3,1,0,0.996538203228,0.000368531955477,0.996538203248,0,0.908881637502,0.0649213080228
12.945,7.92,3.3,1,0,0.996538203228,0.000367796372239,0.996538203248,0,0.908881637502,0.064943836727
12.947,7.922,3.3,1,0,0.996538203228,0.000367062314167,0.996538203248,0,0.908881637502,0.06496631872
12.949,7.924,3.3,1,0,0.996538203228,0.000366329646766,0.996538203248,0,0.908881637502,0.0649887581209
12.951,7.926,3.3,1,0,0.996538203228,0.000365598516684,0.996538203248,0,0.908881637502,0.0650111504383
12.953,7.928,3.3,1,0,0.996538203228,0.000364868689361,0.996538203248,0,0.908881637502,0.0650335028562
12.955,7.93,3.3,1,0,0.996538203228,0.000364140417957,0.996538203248,0,0.908881637502,0.0650558076209
12.957,7.932,3.3,1,0,0.996538203228,0.000363413656559,0.996538203248,0,0.908881637502,0.0650780661387
12.959,7.934,3.3,1,0,0.996538203228,0.000362688272008,0.996538203248,0,0.908881637502,0.0651002824878
12.961,7.936,3.3,1,0,0.996538203228,0.000361964409494,0.996538203248,0,0.908881637502,0.0651224522215
12.963,7.938,3.3,1,0,0.996538203228,0.000361241836791,0.996538203248,0,0.908881637502,0.0651445824521
12.965,7.94,3.3,1,0,0.996538203228,0.00036052080454,0.996538203248,0,0.908881637502,0.0651666655033
12.967,7.942,3.3,1,0,0.996538203228,0.000359801267285,0.996538203248,0,0.908881637501,0.0651887027673
12.969,7.944,3.3,1,0,0.996538203228,0.000359083093191,0.996538203248,0,0.908881637501,0.0652106982818
12.971,7.946,3.3,1,0,0.996538203228,0.000358366426005,0.996538203248,0,0.908881637501,0.0652326476442
12.973,7.948,3.3,1,0,0.996538203228,0.000357651035808,0.996538203248,0,0.908881637501,0.0652545578962
12.975,7.95,3.3,1,0,0.996538203228,0.000356937170752,0.996538203248,0,0.908881637501,0.0652764214378
12.977,7.952,3.3,1,0,0.996538203228,0.000356224785831,0.996538203248,0,0.908881637501,0.0652982396473
12.979,7.954,3.3,1,0,0.996538203228,0.000355513750521,0.996538203248,0,0.908881637501,0.0653200165223
12.981,7.956,3.3,1,0,0.996538203228,0.00035480420714,0.996538203248,0,0.908881637501,0.0653417477039
12.983,7.958,3.3,1,0,0.996538203228,0.000354095928055,0.996538203248,0,0.908881637501,0.065363440164
12.985,7.96,3.3,1,0,0.996538203228,0.000353389158949,0.996538203248,0,0.908881637501,0.065385086378
12.987,7.962,3.3,1,0,0.996538203228,0.000352683855266,0.996538203248,0,0.908881637501,0.0654066877104
12.989,7.964,3.3,1,0,0.996538203228,0.00035197988778,0.996538203248,0,0.908881637501,0.0654282481192
12.991,7.966,3.3,1,0,0.996538203228,0.000351277397392,0.996538203248,0,0.908881637501,0.0654497632889
12.993,7.968,3.3,1,0,0.996538203228,0.000350576158732,0.996538203248,0,0.908881637501,0.0654712401219
12.995,7.97,3.3,1,0,0.996538203228,0.000349876415043,0.996538203248,0,0.908881637501,0.0654926711684
12.997,7.972,3.3,1,0,0.996538203228,0.000349178122209,0.996538203248,0,0.908881637501,0.0655140577796
12.999,7.974,3.3,1,0,0.996538203228,0.00034848115229,0.996538203248,0,0.908881637501,0.0655354038739
13.001,7.976,3.3,1,0,0.996538203228,0.000347785644787,0.996538203248,0,0.9088816375,0.0655567051788
13.003,7.978,3.3,1,0,0.996538203228,0.00034709137657,0.996538203248,0,0.9088816375,0.0655779685281
13.005,7.98,3.3,1,0,0.996538203228,0.000346398588463,0.996538203248,0,0.9088816375,0.0655991865461
13.007,7.982,3.3,1,0,0.996538203228,0.00034570723679,0.996538203248,0,0.9088816375,0.0656203605704
13.009,7.984,3.3,1,0,0.996538203228,0.000345017194881,0.996538203248,0,0.9088816375,0.0656414944805
13.011,7.986,3.3,1,0,0.996538203228,0.000344328600852,0.996538203248,0,0.9088816375,0.0656625840465
13.013,7.988,3.3,1,0,0.996538203228,0.000343641233789,0.996538203248,0,0.9088816375,0.0656836360341
13.015,7.99,3.3,1,0,0.996538203228,0.000342955332125,0.996538203248,0,0.9088816375,0.0657046431411
13.017,7.992,3.3,1,0,0.996538203228,0.000342270852616,0.996538203248,0,0.9088816375,0.0657256066916
13.019,7.994,3.3,1,0,0.996538203228,0.000341587669852,0.996538203248,0,0.9088816375,0.0657465305268
13.021,7.996,3.3,1,0,0.996538203228,0.000340905920575,0.996538203248,0,0.9088816375,0.0657674104586
13.023,7.998,3.3,1,0,0.996538203228,0.000340225386069,0.996538203248,0,0.9088816375,0.0657882531856
13.025,8,3.3,1,0,0.996538203228,0.000339546302394,0.996538203248,0,0.9088816375,0.065809051478
13.027,8.002,3.3,1,0,0.996538203228,0.000338868626739,0.996538203248,0,0.9088816375,0.0658298066469
13.029,8.004,3.3,1,0,0.996538203228,0.000338192234938,0.996538203248,0,0.9088816375,0.0658505224953
13.031,8.006,3.3,1,0,0.996538203228,0.000337517262376,0.996538203248,0,0.9088816375,0.0658711948767
13.033,8.008,3.3,1,0,0.996538203228,0.000336843492509,0.996538203248,0,0.9088816375,0.0658918304231
13.035,8.01,3.3,1,0,0.996538203228,0.000336171159052,0.996538203248,0,0.9088816375,0.0659124219766
13.037,8.012,3.3,1,0,0.996538203228,0.000335500219619,0.996538203248,0,0.9088816375,0.0659329708353
13.039,8.014,3.3,1,0,0.996538203228,0.000334830551278,0.996538203248,0,0.908881637499,0.0659534807643
13.041,8.016,3.3,1,0,0.996538203228,0.000334162288068,0.996538203248,0,0.908881637499,0.0659739476584
13.043,8.018,3.3,1,0,0.996538203228,0.000333495215599,0.996538203248,0,0.908881637499,0.0659943780836
13.045,8.02,3.3,1,0,0.996538203228,0.000332829565262,0.996538203248,0,0.908881637499,0.0660147649533
13.047,8.022,3.3,1,0,0.996538203228,0.000332165295091,0.996538203248,0,0.908881637499,0.0660351095525
13.049,8.024,3.3,1,0,0.996538203228,0.000331502283378,0.996538203248,0,0.908881637499,0.066055415609
13.051,8.026,3.3,1,0,0.996538203228,0.000330840662828,0.996538203248,0,0.908881637499,0.0660756790584
13.053,8.028,3.3,1,0,0.996538203228,0.000330180221183,0.996538203248,0,0.908881637499,0.0660959064014
13.055,8.03,3.3,1,0,0.996538203228,0.000329521187534,0.996538203248,0,0.908881637499,0.0661160906218
13.057,8.032,3.3,1,0,0.996538203228,0.000328863520332,0.996538203248,0,0.908881637499,0.0661362329919
13.059,8.034,3.3,1,0,0.996538203228,0.000328207099078,0.996538203248,0,0.908881637499,0.0661563372025
13.061,8.036,3.3,1,0,0.996538203228,0.00032755205516,0.996538203248,0,0.908881637499,0.0661763992293
13.063,8.038,3.3,1,0,0.996538203228,0.000326898178428,0.996538203248,0,0.908881637499,0.0661964255088
13.065,8.04,3.3,1,0,0.996538203228,0.000326245695695,0.996538203248,0,0.908881637499,0.0662164090943
13.067,8.042,3.3,1,0,0.996538203228,0.000325594565827,0.996538203248,0,0.908881637499,0.0662363512456
13.069,8.044,3.3,1,0,0.996538203228,0.000324944669523,0.996538203248,0,0.908881637499,0.0662562556165
13.071,8.046,3.3,1,0,0.996538203228,0.000324296136863,0.996538203248,0,0.908881637499,0.0662761182231
13.073,8.048,3.3,1,0,0.996538203228,0.000323648759786,0.996538203248,0,0.908881637498,0.0662959454377
13.075,8.05,3.3,1,0,0.996538203228,0.000323002762853,0.996538203248,0,0.908881637498,0.0663157303826
13.077,8.052,3.3,1,0,0.996538203228,0.000322358105337,0.996538203248,0,0.908881637498,0.0663354743052
13.079,8.054,3.3,1,0,0.996538203228,0.000321714669123,0.996538203248,0,0.908881637498,0.0663551808229
13.081,8.056,3.3,1,0,0.996538203228,0.000321072582997,0.996538203248,0,0.908881637498,0.0663748459916
13.083,8.058,3.3,1,0,0.996538203228,0.00032043164097,0.996538203248,0,0.908881637498,0.0663944761199
13.085,8.06,3.3,1,0,0.996538203228,0.000319792065366,0.996538203248,0,0.908881637498,0.0664140643988
13.087,8.062,3.3,1,0,0.996538203228,0.000319153815865,0.996538203248,0,0.908881637498,0.0664336120631
13.089,8.064,3.3,1,0,0.996538203228,0.000318516775526,0.996538203248,0,0.908881637498,0.0664531226945
13.091,8.066,3.3,1,0,0.996538203228,0.000317881071856,0.996538203248,0,0.908881637498,0.0664725923877
13.093,8.068,3.3,1,0,0.996538203228,0.000317246500911,0.996538203248,0,0.908881637498,0.0664920273889
13.095,8.07,3.3,1,0,0.996538203228,0.000316613282808,0.996538203248,0,0.908881637498,0.0665114209567
13.097,8.072,3.3,1,0,0.996538203228,0.000315981377626,0.996538203248,0,0.908881637498,0.0665307743136
13.099,8.074,3.3,1,0,0.996538203228,0.000315350669586,0.996538203248,0,0.908881637498,0.0665500910056
13.101,8.076,3.3,1,0,0.996538203228,0.000314721284929,0.996538203248,0,0.908881637498,0.0665693671665
13.103,8.078,3.3,1,0,0.996538203228,0.000314093021737,0.996538203248,0,0.908881637498,0.0665886089802
13.105,8.08,3.3,1,0,0.996538203228,0.000313466097938,0.996538203248,0,0.908881637497,0.0666078097723
13.107,8.082,3.3,1,0,0.996538203228,0.000312840474011,0.996538203248,0,0.908881637497,0.0666269707532
13.109,8.084,3.3,1,0,0.996538203228,0.000312216035327,0.996538203248,0,0.908881637497,0.0666460954338
13.111,8.086,3.3,1,0,0.996538203228,0.00031159290687,0.996538203248,0,0.908881637497,0.066665179986
13.113,8.088,3.3,1,0,0.996538203228,0.00031097088873,0.996538203248,0,0.908881637497,0.0666842305325
13.115,8.09,3.3,1,0,0.996538203228,0.000310350196671,0.996538203248,0,0.908881637497,0.0667032404651
13.117,8.092,3.3,1,0,0.996538203228,0.000309730791562,0.996538203248,0,0.908881637497,0.0667222109824
13.119,8.094,3.3,1,0,0.996538203228,0.000309112559914,0.996538203248,0,0.908881637497,0.06674114556
13.121,8.096,3.3,1,0,0.996538203228,0.000308495625469,0.996538203248,0,0.908881637497,0.0667600404083
13.123,8.098,3.3,1,0,0.996538203228,0.000307879790306,0.996538203248,0,0.908881637497,0.0667789015888
13.125,8.1,3.3,1,0,0.996538203228,0.000307265268041,0.996538203248,0,0.908881637497,0.0667977225592
13.127,8.102,3.3,1,0,0.996538203228,0.000306652019934,0.996538203248,0,0.908881637497,0.066816504506
13.129,8.104,3.3,1,0,0.996538203228,0.000306039933623,0.996538203248,0,0.908881637497,0.0668352508704
13.131,8.106,3.3,1,0,0.996538203228,0.000305429131621,0.996538203248,0,0.908881637497,0.0668539579003
13.133,8.108,3.3,1,0,0.996538203228,0.000304819417974,0.996538203248,0,0.908881637497,0.0668726315972
13.135,8.11,3.3,1,0,0.996538203228,0.000304211004174,0.996538203248,0,0.908881637497,0.0668912654837
13.137,8.112,3.3,1,0,0.996538203228,0.000303603851867,0.996538203248,0,0.908881637496,0.0669098607345
13.139,8.114,3.3,1,0,0.996538203228,0.000302997849808,0.996538203248,0,0.908881637496,0.0669284207566
13.141,8.116,3.3,1,0,0.996538203228,0.000302393119292,0.996538203248,0,0.908881637496,0.0669469418351
13.143,8.118,3.3,1,0,0.996538203228,0.000301789466311,0.996538203248,0,0.908881637496,0.066965429912
13.145,8.12,3.3,1,0,0.996538203228,0.000301187100258,0.996538203248,0,0.908881637496,0.0669838785742
13.147,8.122,3.3,1,0,0.996538203228,0.000300585983157,0.996538203248,0,0.908881637496,0.0670022889847
13.149,8.124,3.3,1,0,0.996538203228,0.000299986004871,0.996538203248,0,0.908881637496,0.0670206645167
13.151,8.126,3.3,1,0,0.996538203228,0.000299387285488,0.996538203248,0,0.908881637496,0.0670390014923
13.153,8.128,3.3,1,0,0.996538203228,0.00029878963293,0.996538203248,0,0.908881637496,0.0670573057943
13.155,8.13,3.3,1,0,0.996538203228,0.000298193254507,0.996538203248,0,0.908881637496,0.0670755710733
13.157,8.132,3.3,1,0,0.996538203228,0.000297598112622,0.996538203248,0,0.908881637496,0.0670937984809
13.159,8.134,3.3,1,0,0.996538203228,0.000297004098232,0.996538203248,0,0.908881637496,0.0671119913568
13.161,8.136,3.3,1,0,0.996538203228,0.000296411330231,0.996538203248,0,0.908881637496,0.0671301460594
13.163,8.138,3.3,1,0,0.996538203228,0.00029581961845,0.996538203248,0,0.908881637496,0.0671482684132
13.165,8.14,3.3,1,0,0.996538203228,0.00029522916814,0.996538203248,0,0.908881637496,0.067166352132
13.167,8.142,3.3,1,0,0.996538203228,0.000294639942075,0.996538203248,0,0.908881637496,0.0671843983558
13.169,8.144,3.3,1,0,0.996538203228,0.000294051832298,0.996538203248,0,0.908881637495,0.0672024103911
13.171,8.146,3.3,1,0,0.996538203228,0.000293464956521,0.996538203248,0,0.908881637495,0.0672203846326
13.173,8.148,3.3,1,0,0.996538203228,0.000292879126466,0.996538203248,0,0.908881637495,0.0672383268469
13.175,8.15,3.3,1,0,0.996538203228,0.000292294545341,0.996538203248,0,0.908881637495,0.0672562308101
13.177,8.152,3.3,1,0,0.996538203228,0.000291711176293,0.996538203248,0,0.908881637495,0.0672740976511
13.179,8.154,3.3,1,0,0.996538203228,0.000291128912436,0.996538203248,0,0.908881637495,0.0672919306434
13.181,8.156,3.3,1,0,0.996538203228,0.000290547870314,0.996538203248,0,0.908881637495,0.0673097262176
13.183,8.158,3.3,1,0,0.996538203228,0.000289967863517,0.996538203248,0,0.908881637495,0.0673274900829
13.185,8.16,3.3,1,0,0.996538203228,0.000289389093238,0.996538203248,0,0.908881637495,0.0673452160775
13.187,8.162,3.3,1,0,0.996538203228,0.000288811522986,0.996538203248,0,0.908881637495,0.0673629053187
13.189,8.164,3.3,1,0,0.996538203228,0.00028823504694,0.996538203248,0,0.908881637495,0.0673805610478
13.191,8.166,3.3,1,0,0.996538203228,0.000287659780484,0.996538203248,0,0.908881637495,0.0673981797307
13.193,8.168,3.3,1,0,0.996538203228,0.000287085539063,0.996538203248,0,0.908881637495,0.0674157670199
13.195,8.17,3.3,1,0,0.996538203228,0.000286512521868,0.996538203248,0,0.908881637495,0.0674333168148
13.197,8.172,3.3,1,0,0.996538203228,0.000285940692772,0.996538203248,0,0.908881637495,0.0674508302217
13.199,8.174,3.3,1,0,0.996538203228,0.000285369947005,0.996538203248,0,0.908881637495,0.0674683104495
13.201,8.176,3.3,1,0,0.996538203228,0.000284800398804,0.996538203248,0,0.908881637495,0.0674857539994
13.203,8.178,3.3,1,0,0.996538203228,0.00028423186545,0.996538203248,0,0.908881637494,0.0675031664677
13.205,8.18,3.3,1,0,0.996538203228,0.000283664544151,0.996538203248,0,0.908881637494,0.0675205418143
13.207,8.182,3.3,1,0,0.996538203228,0.000283098399143,0.996538203248,0,0.908881637494,0.0675378811347
13.209,8.184,3.3,1,0,0.996538203228,0.000282533326695,0.996538203248,0,0.908881637494,0.0675551876058
13.211,8.186,3.3,1,0,0.996538203228,0.000281969439909,0.996538203248,0,0.908881637494,0.0675724577637
13.213,8.188,3.3,1,0,0.996538203228,0.000281406557882,0.996538203248,0,0.908881637494,0.0675896971488
13.215,8.19,3.3,1,0,0.996538203228,0.000280844875862,0.996538203248,0,0.908881637494,0.0676068997812
13.217,8.192,3.3,1,0,0.996538203228,0.00028028435844,0.996538203248,0,0.908881637494,0.0676240667456
13.219,8.194,3.3,1,0,0.996538203228,0.000279724902917,0.996538203248,0,0.908881637494,0.0676412011871
13.221,8.196,3.3,1,0,0.996538203228,0.000279166621271,0.996538203248,0,0.908881637494,0.0676582996764
13.223,8.198,3.3,1,0,0.996538203228,0.000278609334395,0.996538203248,0,0.908881637494,0.0676753676988
13.225,8.2,3.3,1,0,0.996538203228,0.000278053235599,0.996538203248,0,0.908881637494,0.0676923993339
13.227,8.202,3.3,1,0,0.996538203228,0.000277498289825,0.996538203248,0,0.908881637494,0.0677093956554
13.229,8.204,3.3,1,0,0.996538203228,0.000276944395394,0.996538203248,0,0.908881637494,0.0677263597775
13.231,8.206,3.3,1,0,0.996538203228,0.00027639166317,0.996538203248,0,0.908881637494,0.0677432883046
13.233,8.208,3.3,1,0,0.996538203228,0.00027583991583,0.996538203248,0,0.908881637494,0.0677601866677
13.235,8.21,3.3,1,0,0.996538203228,0.000275289344759,0.996538203248,0,0.908881637494,0.0677770490052
13.237,8.212,3.3,1,0,0.996538203228,0.000274739915249,0.996538203248,0,0.908881637493,0.0677938763801
13.239,8.214,3.3,1,0,0.996538203228,0.000274191526631,0.996538203248,0,0.908881637493,0.0678106718756
13.241,8.216,3.3,1,0,0.996538203228,0.000273644288669,0.996538203248,0,0.908881637493,0.06782743213
13.243,8.218,3.3,1,0,0.996538203228,0.000273098025799,0.996538203248,0,0.908881637493,0.0678441625202
13.245,8.22,3.3,1,0,0.996538203228,0.000272552927507,0.996538203248,0,0.908881637493,0.0678608572429
13.247,8.222,3.3,1,0,0.996538203228,0.000272008959428,0.996538203248,0,0.908881637493,0.0678775173506
13.249,8.224,3.3,1,0,0.996538203228,0.000271466021895,0.996538203248,0,0.908881637493,0.0678941458958
13.251,8.226,3.3,1,0,0.996538203228,0.00027092422358,0.996538203248,0,0.908881637493,0.0679107395502
13.253,8.228,3.3,1,0,0.996538203228,0.000270383390664,0.996538203248,0,0.908881637493,0.0679273036372
13.255,8.23,3.3,1,0,0.996538203228,0.000269843710751,0.996538203248,0,0.908881637493,0.0679438324113
13.257,8.232,3.3,1,0,0.996538203228,0.000269305149815,0.996538203248,0,0.908881637493,0.0679603269144
13.259,8.234,3.3,1,0,0.996538203228,0.000268767609182,0.996538203248,0,0.908881637493,0.0679767901688
13.261,8.236,3.3,1,0,0.996538203228,0.000268231196443,0.996538203248,0,0.908881637493,0.0679932188791
13.263,8.238,3.3,1,0,0.996538203228,0.000267695739507,0.996538203248,0,0.908881637493,0.0680096183161
13.265,8.24,3.3,1,0,0.996538203228,0.000267161424112,0.996538203248,0,0.908881637493,0.0680259827911
13.267,8.242,3.3,1,0,0.996538203228,0.000266628216572,0.996538203248,0,0.908881637493,0.0680423133358
13.269,8.244,3.3,1,0,0.996538203228,0.000266096019193,0.996538203248,0,0.908881637493,0.0680586129423
13.271,8.246,3.3,1,0,0.996538203228,0.000265564938495,0.996538203248,0,0.908881637492,0.0680748783482
13.273,8.248,3.3,1,0,0.996538203228,0.000265034804101,0.996538203248,0,0.908881637492,0.0680911147717
13.275,8.25,3.3,1,0,0.996538203228,0.0002645057999,0.996538203248,0,0.908881637492,0.0681073165808
13.277,8.252,3.3,1,0,0.996538203228,0.000263977892542,0.996538203248,0,0.908881637492,0.0681234847969
13.279,8.254,3.3,1,0,0.996538203228,0.000263450985304,0.996538203248,0,0.908881637492,0.0681396223823
13.281,8.256,3.3,1,0,0.996538203228,0.000262925183647,0.996538203248,0,0.908881637492,0.0681557261071
13.283,8.258,3.3,1,0,0.996538203228,0.000262400318887,0.996538203248,0,0.908881637492,0.0681718011375
13.285,8.26,3.3,1,0,0.996538203228,0.000261876573086,0.996538203248,0,0.908881637492,0.0681878418976
13.287,8.262,3.3,1,0,0.996538203228,0.000261353913226,0.996538203248,0,0.908881637492,0.0682038493986
13.289,8.264,3.3,1,0,0.996538203228,0.000260832243543,0.996538203248,0,0.908881637492,0.0682198265734
13.291,8.266,3.3,1,0,0.996538203228,0.000260311668452,0.996538203248,0,0.908881637492,0.0682357702241
13.293,8.268,3.3,1,0,0.996538203228,0.000259792020946,0.996538203248,0,0.908881637492,0.0682516854658
13.295,8.27,3.3,1,0,0.996538203228,0.000259273481275,0.996538203248,0,0.908881637492,0.0682675667777
13.297,8.272,3.3,1,0,0.996538203228,0.000258756016751,0.996538203248,0,0.908881637492,0.0682834151612
13.299,8.274,3.3,1,0,0.996538203228,0.000258239532561,0.996538203248,0,0.908881637492,0.0682992335199
13.301,8.276,3.3,1,0,0.996538203228,0.000257724132084,0.996538203248,0,0.908881637492,0.0683150186878
13.303,8.278,3.3,1,0,0.996538203228,0.00025720964997,0.996538203248,0,0.908881637492,0.068330775729
13.305,8.28,3.3,1,0,0.996538203228,0.00025669626468,0.996538203248,0,0.908881637492,0.0683464991778
13.307,8.282,3.3,1,0,0.996538203228,0.000256183943849,0.996538203248,0,0.908881637492,0.0683621900254
13.309,8.284,3.3,1,0,0.996538203228,0.000255672593608,0.996538203248,0,0.908881637492,0.0683778511467
13.311,8.286,3.3,1,0,0.996538203228,0.000255162316307,0.996538203248,0,0.908881637491,0.0683934794071
13.313,8.288,3.3,1,0,0.996538203228,0.000254652948241,0.996538203248,0,0.908881637491,0.0684090798204
13.315,8.29,3.3,1,0,0.996538203228,0.000254144666096,0.996538203248,0,0.908881637491,0.0684246469751
13.317,8.292,3.3,1,0,0.996538203228,0.000253637437829,0.996538203248,0,0.908881637491,0.0684401818528
13.319,8.294,3.3,1,0,0.996538203228,0.000253131170505,0.996538203248,0,0.908881637491,0.0684556872997
13.321,8.296,3.3,1,0,0.996538203228,0.000252625965455,0.996538203248,0,0.908881637491,0.0684711602122
13.323,8.298,3.3,1,0,0.996538203228,0.000252121660602,0.996538203248,0,0.908881637491,0.0684866055545
13.325,8.3,3.3,1,0,0.996538203228,0.000251618430876,0.996538203248,0,0.908881637491,0.0685020179689
13.327,8.302,3.3,1,0,0.996538203228,0.000251116244552,0.996538203248,0,0.908881637491,0.0685173984269
13.329,8.304,3.3,1,0,0.996538203228,0.000250615009619,0.996538203248,0,0.908881637491,0.0685327497468
13.331,8.306,3.3,1,0,0.996538203228,0.000250114826402,0.996538203248,0,0.908881637491,0.0685480688558
13.333,8.308,3.3,1,0,0.996538203228,0.000249615534432,0.996538203248,0,0.908881637491,0.0685633606685
13.335,8.31,3.3,1,0,0.996538203228,0.000249117306903,0.996538203248,0,0.908881637491,0.0685786198805
13.337,8.312,3.3,1,0,0.996538203228,0.000248620112405,0.996538203248,0,0.908881637491,0.068593847454
13.339,8.314,3.3,1,0,0.996538203228,0.00024812385984,0.996538203248,0,0.908881637491,0.0686090461789
13.341,8.316,3.3,1,0,0.996538203228,0.000247628648536,0.996538203248,0,0.908881637491,0.0686242130131
13.343,8.318,3.3,1,0,0.996538203228,0.000247134319622,0.996538203248,0,0.908881637491,0.0686393528223
13.345,8.32,3.3,1,0,0.996538203228,0.000246641044567,0.996538203248,0,0.90888163749,0.068654460355
13.347,8.322,3.3,1,0,0.996538203228,0.000246148792274,0.996538203248,0,0.90888163749,0.0686695365636
13.349,8.324,3.3,1,0,0.996538203228,0.000245657472552,0.996538203248,0,0.90888163749,0.0686845842103
13.351,8.326,3.3,1,0,0.996538203228,0.000245167183741,0.996538203248,0,0.90888163749,0.0686996002833
13.353,8.328,3.3,1,0,0.996538203228,0.000244677768548,0.996538203248,0,0.90888163749,0.0687145896001
13.355,8.33,3.3,1,0,0.996538203228,0.000244189396739,0.996538203248,0,0.90888163749,0.0687295469611
13.357,8.332,3.3,1,0,0.996538203228,0.000243702037525,0.996538203248,0,0.90888163749,0.0687444733093
13.359,8.334,3.3,1,0,0.996538203228,0.000243215601612,0.996538203248,0,0.90888163749,0.0687593713796
13.361,8.336,3.3,1,0,0.996538203228,0.000242730186362,0.996538203248,0,0.90888163749,0.0687742381901
13.363,8.338,3.3,1,0,0.996538203228,0.000242245636047,0.996538203248,0,0.90888163749,0.0687890785103
13.365,8.34,3.3,1,0,0.996538203228,0.000241762118744,0.996538203248,0,0.90888163749,0.0688038871923
13.367,8.342,3.3,1,0,0.996538203228,0.000241279603972,0.996538203248,0,0.90888163749,0.0688186651699
13.369,8.344,3.3,1,0,0.996538203228,0.000240798003322,0.996538203248,0,0.90888163749,0.0688334151506
13.371,8.346,3.3,1,0,0.996538203228,0.00024031741319,0.996538203248,0,0.90888163749,0.0688481341823
13.373,8.348,3.3,1,0,0.996538203228,0.000239837679395,0.996538203248,0,0.90888163749,0.0688628269869
13.375,8.35,3.3,1,0,0.996538203228,0.000239358968344,0.996538203248,0,0.90888163749,0.0688774884679
13.377,8.352,3.3,1,0,0.996538203228,0.000238881249858,0.996538203248,0,0.90888163749,0.0688921195496
13.379,8.354,3.3,1,0,0.996538203228,0.000238404436408,0.996538203248,0,0.908881637489,0.0689067229128
13.381,8.356,3.3,1,0,0.996538203228,0.000237928623432,0.996538203248,0,0.908881637489,0.0689212956345
13.383,8.358,3.3,1,0,0.996538203228,0.000237453658279,0.996538203248,0,0.908881637489,0.0689358423899
13.385,8.36,3.3,1,0,0.996538203228,0.000236979705705,0.996538203248,0,0.908881637489,0.0689503581331
13.387,8.362,3.3,1,0,0.996538203228,0.00023650673583,0.996538203248,0,0.908881637489,0.0689648437791
13.389,8.364,3.3,1,0,0.996538203228,0.000236034661994,0.996538203248,0,0.908881637489,0.0689793019822
13.391,8.366,3.3,1,0,0.996538203228,0.000235563578687,0.996538203248,0,0.908881637489,0.0689937298483
13.393,8.368,3.3,1,0,0.996538203228,0.000235093334776,0.996538203248,0,0.908881637489,0.0690081320063
13.395,8.37,3.3,1,0,0.996538203228,0.000234624093379,0.996538203248,0,0.908881637489,0.0690225034603
13.397,8.372,3.3,1,0,0.996538203228,0.000234155824911,0.996538203248,0,0.908881637489,0.0690368451163
13.399,8.374,3.3,1,0,0.996538203228,0.000233688443577,0.996538203248,0,0.908881637489,0.0690511596022
13.401,8.376,3.3,1,0,0.996538203228,0.000233222042926,0.996538203248,0,0.908881637489,0.0690654440526
13.403,8.378,3.3,1,0,0.996538203228,0.000232756473327,0.996538203248,0,0.908881637489,0.0690797030505
13.405,8.38,3.3,1,0,0.996538203228,0.000232291896276,0.996538203248,0,0.908881637489,0.0690939316495
13.407,8.382,3.3,1,0,0.996538203228,0.000231828282484,0.996538203248,0,0.908881637489,0.0691081307469
13.409,8.384,3.3,1,0,0.996538203228,0.000231365547008,0.996538203248,0,0.908881637489,0.0691223029441
13.411,8.386,3.3,1,0,0.996538203228,0.000230903782465,0.996538203248,0,0.908881637489,0.0691364454044
13.413,8.388,3.3,1,0,0.996538203228,0.000230442840714,0.996538203248,0,0.908881637489,0.0691505626652
13.415,8.39,3.3,1,0,0.996538203228,0.000229982881646,0.996538203248,0,0.908881637488,0.0691646498293
13.417,8.392,3.3,1,0,0.996538203228,0.000229523876261,0.996538203248,0,0.908881637488,0.069178707785
13.419,8.394,3.3,1,0,0.996538203228,0.000229065740461,0.996538203248,0,0.908881637488,0.0691927391079
13.421,8.396,3.3,1,0,0.996538203228,0.000228608565943,0.996538203248,0,0.908881637488,0.0692067409896
13.423,8.398,3.3,1,0,0.996538203228,0.00022815220604,0.996538203248,0,0.908881637488,0.0692207179222
13.425,8.4,3.3,1,0,0.996538203228,0.000227696819049,0.996538203248,0,0.908881637488,0.0692346650573
13.427,8.402,3.3,1,0,0.996538203228,0.000227242376264,0.996538203248,0,0.908881637488,0.0692485832743
13.429,8.404,3.3,1,0,0.996538203228,0.000226788794418,0.996538203248,0,0.908881637488,0.0692624751232
13.431,8.406,3.3,1,0,0.996538203228,0.0002263361643,0.996538203248,0,0.908881637488,0.0692763378236
13.433,8.408,3.3,1,0,0.996538203228,0.000225884340699,0.996538203248,0,0.908881637488,0.0692901758229
13.435,8.41,3.3,1,0,0.996538203228,0.00022543348034,0.996538203248,0,0.908881637488,0.0693039843209
13.437,8.412,3.3,1,0,0.996538203228,0.0002249835548,0.996538203248,0,0.908881637488,0.0693177641882
13.439,8.414,3.3,1,0,0.996538203228,0.000224534481642,0.996538203248,0,0.908881637488,0.0693315179496
13.441,8.416,3.3,1,0,0.996538203228,0.000224086350752,0.996538203248,0,0.908881637488,0.0693452428522
13.443,8.418,3.3,1,0,0.996538203228,0.000223639018361,0.996538203248,0,0.908881637488,0.0693589432991
13.445,8.42,3.3,1,0,0.996538203228,0.000223192639637,0.996538203248,0,0.908881637487,0.0693726145381
13.447,8.422,3.3,1,0,0.996538203228,0.00022274718644,0.996538203248,0,0.908881637487,0.069386257431
13.449,8.424,3.3,1,0,0.996538203228,0.000222302577154,0.996538203248,0,0.908881637487,0.0693998744774
13.451,8.426,3.3,1,0,0.996538203228,0.000221858900767,0.996538203248,0,0.908881637487,0.0694134629519
13.453,8.428,3.3,1,0,0.996538203228,0.000221416014943,0.996538203248,0,0.908881637487,0.0694270272139
13.455,8.43,3.3,1,0,0.996538203228,0.000220974073307,0.996538203248,0,0.908881637487,0.0694405625582
13.457,8.432,3.3,1,0,0.996538203228,0.000220533047998,0.996538203248,0,0.908881637487,0.0694540698382
13.459,8.434,3.3,1,0,0.996538203228,0.00022009285821,0.996538203248,0,0.908881637487,0.0694675515287
13.461,8.436,3.3,1,0,0.996538203228,0.00021965359205,0.996538203248,0,0.908881637487,0.0694810049313
13.463,8.438,3.3,1,0,0.996538203228,0.000219215108593,0.996538203248,0,0.908881637487,0.0694944343619
13.465,8.44,3.3,1,0,0.996538203228,0.000218777559939,0.996538203248,0,0.908881637487,0.0695078351624
13.467,8.442,3.3,1,0,0.996538203228,0.000218340918503,0.996538203248,0,0.908881637487,0.0695212081776
13.469,8.444,3.3,1,0,0.996538203228,0.000217905104283,0.996538203248,0,0.908881637487,0.0695345558575
13.471,8.446,3.3,1,0,0.996538203228,0.00021747020451,0.996538203248,0,0.908881637487,0.0695478755308
13.473,8.448,3.3,1,0,0.996538203228,0.00021703607966,0.996538203248,0,0.908881637487,0.0695611714704
13.475,8.45,3.3,1,0,0.996538203228,0.000216602880321,0.996538203248,0,0.908881637487,0.0695744390645
13.477,8.452,3.3,1,0,0.996538203228,0.000216170579182,0.996538203248,0,0.908881637487,0.0695876791493
13.479,8.454,3.3,1,0,0.996538203228,0.000215739097036,0.996538203248,0,0.908881637486,0.0696008941509
13.481,8.456,3.3,1,0,0.996538203228,0.000215308520248,0.996538203248,0,0.908881637486,0.0696140814241
13.483,8.458,3.3,1,0,0.996538203228,0.000214878710679,0.996538203248,0,0.908881637486,0.0696272451996
13.485,8.46,3.3,1,0,0.996538203228,0.000214449817422,0.996538203248,0,0.908881637486,0.0696403809113
13.487,8.462,3.3,1,0,0.996538203228,0.000214021813437,0.996538203248,0,0.908881637486,0.0696534893873
13.489,8.464,3.3,1,0,0.996538203228,0.000213594620304,0.996538203248,0,0.908881637486,0.0696665730293
13.491,8.466,3.3,1,0,0.996538203228,0.000213168323528,0.996538203248,0,0.908881637486,0.0696796292185
13.493,8.468,3.3,1,0,0.996538203228,0.000212742786347,0.996538203248,0,0.908881637486,0.0696926621437
13.495,8.47,3.3,1,0,0.996538203228,0.000212318156368,0.996538203248,0,0.908881637486,0.069705667284
13.497,8.472,3.3,1,0,0.996538203228,0.000211894406822,0.996538203248,0,0.908881637486,0.0697186454593
13.499,8.474,3.3,1,0,0.996538203228,0.000211471460068,0.996538203248,0,0.908881637486,0.0697315990474
13.501,8.476,3.3,1,0,0.996538203228,0.000211049400762,0.996538203248,0,0.908881637486,0.0697445254557
13.503,8.478,3.3,1,0,0.996538203228,0.000210628093499,0.996538203248,0,0.908881637486,0.0697574288312
13.505,8.48,3.3,1,0,0.996538203228,0.000210207684421,0.996538203248,0,0.908881637486,0.069770304698
13.507,8.482,3.3,1,0,0.996538203228,0.000209788147024,0.996538203248,0,0.908881637486,0.0697831538678
13.509,8.484,3.3,1,0,0.996538203228,0.00020936940444,0.996538203248,0,0.908881637486,0.0697959786949
13.511,8.486,3.3,1,0,0.996538203228,0.000208951540481,0.996538203248,0,0.908881637486,0.0698087766123
13.513,8.488,3.3,1,0,0.996538203228,0.000208534421091,0.996538203248,0,0.908881637486,0.0698215517258
13.515,8.49,3.3,1,0,0.996538203228,0.000208118190957,0.996538203248,0,0.908881637485,0.0698342996041
13.517,8.492,3.3,1,0,0.996538203228,0.00020770282384,0.996538203248,0,0.908881637485,0.0698470210508
13.519,8.494,3.3,1,0,0.996538203228,0.000207288243634,0.996538203248,0,0.908881637485,0.0698597183967
13.521,8.496,3.3,1,0,0.996538203228,0.000206874533321,0.996538203248,0,0.908881637485,0.0698723891004
13.523,8.498,3.3,1,0,0.996538203228,0.000206461560175,0.996538203248,0,0.908881637485,0.069885037227
13.525,8.5,3.3,1,0,0.996538203228,0.000206049467446,0.996538203248,0,0.908881637485,0.0698976583889
13.527,8.502,3.3,1,0,0.996538203228,0.000205638229155,0.996538203248,0,0.908881637485,0.0699102533821
13.529,8.504,3.3,1,0,0.996538203228,0.000205227769954,0.996538203248,0,0.908881637485,0.069922824514
13.531,8.506,3.3,1,0,0.996538203228,0.000204818171998,0.996538203248,0,0.908881637485,0.0699353692686
13.533,8.508,3.3,1,0,0.996538203228,0.000204409303882,0.996538203248,0,0.908881637485,0.0699478916704
13.535,8.51,3.3,1,0,0.996538203228,0.000204001307431,0.996538203248,0,0.908881637485,0.0699603873757
13.537,8.512,3.3,1,0,0.996538203228,0.000203594156925,0.996538203248,0,0.908881637485,0.0699728571723
13.539,8.514,3.3,1,0,0.996538203228,0.000203187777764,0.996538203248,0,0.908881637485,0.0699853033448
13.541,8.516,3.3,1,0,0.996538203228,0.000202782251288,0.996538203248,0,0.908881637485,0.0699977234022
13.543,8.518,3.3,1,0,0.996538203228,0.000202377447397,0.996538203248,0,0.908881637485,0.070010121329
13.545,8.52,3.3,1,0,0.996538203228,0.000201973506507,0.996538203248,0,0.908881637485,0.0700224928247
13.547,8.522,3.3,1,0,0.996538203228,0.000201570403152,0.996538203248,0,0.908881637485,0.0700348386692
13.549,8.524,3.3,1,0,0.996538203228,0.000201168063476,0.996538203248,0,0.908881637484,0.0700471611245
13.551,8.526,3.3,1,0,0.996538203228,0.000200766568008,0.996538203248,0,0.908881637484,0.0700594577242
13.553,8.528,3.3,1,0,0.996538203228,0.000200365787943,0.996538203248,0,0.908881637484,0.0700717324133
13.555,8.53,3.3,1,0,0.996538203228,0.0001999658623,0.996538203248,0,0.908881637484,0.070083980934
13.557,8.532,3.3,1,0,0.996538203228,0.000199566765868,0.996538203248,0,0.908881637484,0.0700962040585
13.559,8.534,3.3,1,0,0.996538203228,0.000199168425523,0.996538203248,0,0.908881637484,0.0701084040263
13.561,8.536,3.3,1,0,0.996538203228,0.000198770920994,0.996538203248,0,0.908881637484,0.0701205783955
13.563,8.538,3.3,1,0,0.996538203228,0.000198374124757,0.996538203248,0,0.908881637484,0.0701327310719
13.565,8.54,3.3,1,0,0.996538203228,0.00019797817445,0.996538203248,0,0.908881637484,0.0701448578401
13.567,8.542,3.3,1,0,0.996538203228,0.00019758304511,0.996538203248,0,0.908881637484,0.0701569594644
13.569,8.544,3.3,1,0,0.996538203228,0.000197188664342,0.996538203248,0,0.908881637484,0.0701690381623
13.571,8.546,3.3,1,0,0.996538203228,0.000196795111082,0.996538203248,0,0.908881637484,0.070181091516
13.573,8.548,3.3,1,0,0.996538203228,0.000196402259074,0.996538203248,0,0.908881637484,0.0701931233926
13.575,8.55,3.3,1,0,0.996538203228,0.000196010244586,0.996538203248,0,0.908881637484,0.0702051296184
13.577,8.552,3.3,1,0,0.996538203228,0.000195619042905,0.996538203248,0,0.908881637484,0.0702171109504
13.579,8.554,3.3,1,0,0.996538203228,0.000195228582355,0.996538203248,0,0.908881637484,0.0702290695837
13.581,8.556,3.3,1,0,0.996538203228,0.000194838941088,0.996538203248,0,0.908881637483,0.0702410031249
13.583,8.558,3.3,1,0,0.996538203228,0.000194449994101,0.996538203248,0,0.908881637483,0.0702529154024
13.585,8.56,3.3,1,0,0.996538203228,0.00019406187631,0.996538203248,0,0.908881637483,0.0702648022841
13.587,8.562,3.3,1,0,0.996538203228,0.000193674563246,0.996538203248,0,0.908881637483,0.0702766645193
13.589,8.564,3.3,1,0,0.996538203228,0.000193287983947,0.996538203248,0,0.908881637483,0.0702885042817
13.591,8.566,3.3,1,0,0.996538203228,0.000192902215786,0.996538203248,0,0.908881637483,0.0703003192012
13.593,8.568,3.3,1,0,0.996538203228,0.000192517135005,0.996538203248,0,0.908881637483,0.0703121130685
13.595,8.57,3.3,1,0,0.996538203228,0.000192132875176,0.996538203248,0,0.908881637483,0.0703238817923
13.597,8.572,3.3,1,0,0.996538203228,0.000191749412077,0.996538203248,0,0.908881637483,0.0703356261148
13.599,8.574,3.3,1,0,0.996538203228,0.000191366675447,0.996538203248,0,0.908881637483,0.0703473481877
13.601,8.576,3.3,1,0,0.996538203228,0.000190984741894,0.996538203248,0,0.908881637483,0.0703590456648
13.603,8.578,3.3,1,0,0.996538203228,0.000190603488886,0.996538203248,0,0.908881637483,0.0703707222988
13.605,8.58,3.3,1,0,0.996538203228,0.000190223048672,0.996538203248,0,0.908881637483,0.0703823740393
13.607,8.582,3.3,1,0,0.996538203228,0.000189843397267,0.996538203248,0,0.908881637483,0.0703940016211
13.609,8.584,3.3,1,0,0.996538203228,0.000189464465111,0.996538203248,0,0.908881637483,0.0704056071744
13.611,8.586,3.3,1,0,0.996538203228,0.000189086328048,0.996538203248,0,0.908881637482,0.0704171883763
13.613,8.588,3.3,1,0,0.996538203228,0.000188708864766,0.996538203248,0,0.908881637482,0.0704287489424
13.615,8.59,3.3,1,0,0.996538203228,0.000188332206198,0.996538203248,0,0.908881637482,0.0704402848625
13.617,8.592,3.3,1,0,0.996538203228,0.000187956328599,0.996538203248,0,0.908881637482,0.0704517968639
13.619,8.594,3.3,1,0,0.996538203228,0.000187581163098,0.996538203248,0,0.908881637482,0.0704632870559
13.621,8.596,3.3,1,0,0.996538203228,0.000187206784788,0.996538203248,0,0.908881637482,0.0704747531386
13.623,8.598,3.3,1,0,0.996538203228,0.000186833073561,0.996538203248,0,0.908881637482,0.0704861987905
13.625,8.6,3.3,1,0,0.996538203228,0.00018646015905,0.996538203248,0,0.908881637482,0.0704976200414
13.627,8.602,3.3,1,0,0.996538203228,0.000186088017743,0.996538203248,0,0.908881637482,0.0705090176114
13.629,8.604,3.3,1,0,0.996538203228,0.000185716581457,0.996538203248,0,0.908881637482,0.0705203935887
13.631,8.606,3.3,1,0,0.996538203228,0.000185345924537,0.996538203248,0,0.908881637482,0.0705317456964
13.633,8.608,3.3,1,0,0.996538203228,0.00018497592807,0.996538203248,0,0.908881637482,0.0705430775764
13.635,8.61,3.3,1,0,0.996538203228,0.000184606720397,0.996538203248,0,0.908881637482,0.0705543852979
13.637,8.612,3.3,1,0,0.996538203228,0.000184238278244,0.996538203248,0,0.908881637482,0.0705656695739
13.639,8.614,3.3,1,0,0.996538203228,0.000183870534104,0.996538203248,0,0.908881637482,0.0705769324719
13.641,8.616,3.3,1,0,0.996538203228,0.000183503561583,0.996538203248,0,0.908881637482,0.0705881717376
13.643,8.618,3.3,1,0,0.996538203228,0.000183137242949,0.996538203248,0,0.908881637482,0.0705993909766
13.645,8.62,3.3,1,0,0.996538203228,0.000182771705269,0.996538203248,0,0.908881637482,0.0706105862973
13.647,8.622,3.3,1,0,0.996538203228,0.0001824069255,0.996538203248,0,0.908881637481,0.0706217584055
13.649,8.624,3.3,1,0,0.996538203228,0.000182042836805,0.996538203248,0,0.908881637481,0.0706329093482
13.651,8.626,3.3,1,0,0.996538203228,0.000181679512058,0.996538203248,0,0.908881637481,0.0706440368934
13.653,8.628,3.3,1,0,0.996538203228,0.000181316834699,0.996538203247,0,0.908881637481,0.0706551446111
13.655,8.63,3.3,1,0,0.996538203228,0.000180954930532,0.996538203247,0,0.908881637481,0.0706662286483
13.657,8.632,3.3,1,0,0.996538203228,0.000180593776741,0.996538203247,0,0.908881637481,0.0706772897037
13.659,8.634,3.3,1,0,0.996538203228,0.000180233307156,0.996538203247,0,0.908881637481,0.0706883298039
13.661,8.636,3.3,1,0,0.996538203228,0.000179873593924,0.996538203247,0,0.908881637481,0.0706993467393
13.663,8.638,3.3,1,0,0.996538203228,0.000179514521646,0.996538203247,0,0.908881637481,0.0707103440442
13.665,8.64,3.3,1,0,0.996538203228,0.000179156214874,0.996538203247,0,0.908881637481,0.070721317904
13.667,8.642,3.3,1,0,0.996538203228,0.000178798651018,0.996538203247,0,0.908881637481,0.0707322690104
13.669,8.644,3.3,1,0,0.996538203228,0.000178441764567,0.996538203247,0,0.908881637481,0.07074319937
13.671,8.646,3.3,1,0,0.996538203228,0.000178085626952,0.996538203247,0,0.908881637481,0.070754106795
13.673,8.648,3.3,1,0,0.996538203228,0.000177730123919,0.996538203247,0,0.908881637481,0.0707649947846
13.675,8.65,3.3,1,0,0.996538203228,0.000177375378782,0.996538203247,0,0.908881637481,0.0707758595622
13.677,8.652,3.3,1,0,0.996538203228,0.000177021369178,0.996538203247,0,0.908881637481,0.0707867018126
13.679,8.654,3.3,1,0,0.996538203228,0.000176668030245,0.996538203247,0,0.908881637481,0.0707975235224
13.681,8.656,3.3,1,0,0.996538203228,0.000176315432704,0.996538203247,0,0.90888163748,0.0708083225256
13.683,8.658,3.3,1,0,0.996538203228,0.000175963463437,0.996538203247,0,0.90888163748,0.0708191022866
13.685,8.66,3.3,1,0,0.996538203228,0.000175612244533,0.996538203247,0,0.90888163748,0.0708298590662
13.687,8.662,3.3,1,0,0.996538203228,0.00017526175385,0.996538203247,0,0.90888163748,0.0708405935427
13.689,8.664,3.3,1,0,0.996538203228,0.000174911927171,0.996538203247,0,0.90888163748,0.0708513076827
13.691,8.666,3.3,1,0,0.996538203228,0.000174562834515,0.996538203247,0,0.90888163748,0.0708619993417
13.693,8.668,3.3,1,0,0.996538203228,0.000174214363888,0.996538203247,0,0.90888163748,0.0708726719499
13.695,8.67,3.3,1,0,0.996538203228,0.000173866636165,0.996538203247,0,0.90888163748,0.0708833218052
13.697,8.672,3.3,1,0,0.996538203228,0.000173519629425,0.996538203247,0,0.90888163748,0.0708939495789
13.699,8.674,3.3,1,0,0.996538203228,0.000173173280088,0.996538203247,0,0.90888163748,0.0709045572184
13.701,8.676,3.3,1,0,0.996538203228,0.000172827657477,0.996538203247,0,0.90888163748,0.0709151426004
13.703,8.678,3.3,1,0,0.996538203228,0.000172482650713,0.996538203247,0,0.90888163748,0.0709257091209
13.705,8.68,3.3,1,0,0.996538203228,0.000172138379468,0.996538203247,0,0.90888163748,0.0709362531146
13.707,8.682,3.3,1,0,0.996538203228,0.000171794822039,0.996538203247,0,0.90888163748,0.0709467752463
13.709,8.684,3.3,1,0,0.996538203228,0.000171451915479,0.996538203247,0,0.90888163748,0.0709572774438
13.711,8.686,3.3,1,0,0.996538203228,0.000171109728422,0.996538203247,0,0.90888163748,0.0709677576051
13.713,8.688,3.3,1,0,0.996538203228,0.000170768151089,0.996538203247,0,0.908881637479,0.0709782190925
13.715,8.69,3.3,1,0,0.996538203228,0.000170427301964,0.996538203247,0,0.908881637479,0.0709886582769
13.717,8.692,3.3,1,0,0.996538203228,0.00017008715956,0.996538203247,0,0.908881637479,0.0709990758167
13.719,8.694,3.3,1,0,0.996538203228,0.000169747661554,0.996538203247,0,0.908881637479,0.0710094736204
13.721,8.696,3.3,1,0,0.996538203228,0.0001694088759,0.996538203247,0,0.908881637479,0.071019849607
13.723,8.698,3.3,1,0,0.996538203228,0.000169070693909,0.996538203247,0,0.908881637479,0.0710302071052
13.725,8.7,3.3,1,0,0.996538203228,0.000168733232888,0.996538203247,0,0.908881637479,0.0710405425222
13.727,8.702,3.3,1,0,0.996538203227,0.000168396471563,0.996538203247,0,0.908881637479,0.0710508565097
13.729,8.704,3.3,1,0,0.996538203227,0.00016806034823,0.996538203247,0,0.908881637479,0.0710611509574
13.731,8.706,3.3,1,0,0.996538203227,0.000167724930168,0.996538203247,0,0.908881637479,0.0710714238047
13.733,8.708,3.3,1,0,0.996538203227,0.000167390109769,0.996538203247,0,0.908881637479,0.0710816783474
13.735,8.71,3.3,1,0,0.996538203227,0.000167056003173,0.996538203247,0,0.908881637479,0.0710919110285
13.737,8.712,3.3,1,0,0.996538203227,0.000166722589318,0.996538203247,0,0.908881637479,0.071102122493
13.739,8.714,3.3,1,0,0.996538203227,0.000166389807114,0.996538203247,0,0.908881637479,0.071112314612
13.741,8.716,3.3,1,0,0.996538203227,0.00016605772317,0.996538203247,0,0.908881637479,0.0711224853453
13.743,8.718,3.3,1,0,0.996538203227,0.000165726230947,0.996538203247,0,0.908881637479,0.071132637956
13.745,8.72,3.3,1,0,0.996538203227,0.000165395445433,0.996538203247,0,0.908881637478,0.0711427689223
13.747,8.722,3.3,1,0,0.996538203227,0.000165065345773,0.996538203247,0,0.908881637478,0.071152878883
13.749,8.724,3.3,1,0,0.996538203227,0.000164735871486,0.996538203247,0,0.908881637478,0.0711629696903
13.751,8.726,3.3,1,0,0.996538203227,0.000164407088518,0.996538203247,0,0.908881637478,0.0711730393247
13.753,8.728,3.3,1,0,0.996538203227,0.00016407889139,0.996538203247,0,0.908881637478,0.0711830910165
13.755,8.73,3.3,1,0,0.996538203227,0.000163751393945,0.996538203247,0,0.908881637478,0.0711931212792
13.757,8.732,3.3,1,0,0.996538203227,0.000163424575537,0.996538203247,0,0.908881637478,0.071203130745
13.759,8.734,3.3,1,0,0.996538203227,0.000163098376286,0.996538203247,0,0.908881637478,0.0712131212478
13.761,8.736,3.3,1,0,0.996538203227,0.000162772861482,0.996538203247,0,0.908881637478,0.0712230907881
13.763,8.738,3.3,1,0,0.996538203227,0.000162447926694,0.996538203247,0,0.908881637478,0.0712330425643
13.765,8.74,3.3,1,0,0.996538203227,0.000162123684635,0.996538203247,0,0.908881637478,0.0712429731243
13.767,8.742,3.3,1,0,0.996538203227,0.000161800114862,0.996538203247,0,0.908881637478,0.0712528830941
13.769,8.744,3.3,1,0,0.996538203227,0.000161477158092,0.996538203247,0,0.908881637478,0.0712627742895
13.771,8.746,3.3,1,0,0.996538203227,0.000161154878965,0.996538203247,0,0.908881637478,0.0712726447308
13.773,8.748,3.3,1,0,0.996538203227,0.00016083317409,0.996538203247,0,0.908881637478,0.0712824975844
13.775,8.75,3.3,1,0,0.996538203227,0.000160512155057,0.996538203247,0,0.908881637478,0.0712923294328
13.777,8.752,3.3,1,0,0.996538203227,0.000160191801628,0.996538203247,0,0.908881637477,0.0713021408957
13.779,8.754,3.3,1,0,0.996538203227,0.000159872055108,0.996538203247,0,0.908881637477,0.0713119337708
13.781,8.756,3.3,1,0,0.996538203227,0.000159552979496,0.996538203247,0,0.908881637477,0.071321706098
13.783,8.758,3.3,1,0,0.996538203227,0.000159234472426,0.996538203247,0,0.908881637477,0.0713314610124
13.785,8.76,3.3,1,0,0.996538203227,0.000158916644382,0.996538203247,0,0.908881637477,0.0713411951304
13.787,8.762,3.3,1,0,0.996538203227,0.000158599475326,0.996538203247,0,0.908881637477,0.0713509090655
13.789,8.764,3.3,1,0,0.996538203227,0.000158282907146,0.996538203247,0,0.908881637477,0.0713606045976
13.791,8.766,3.3,1,0,0.996538203227,0.000157967003204,0.996538203247,0,0.908881637477,0.0713702797861
13.793,8.768,3.3,1,0,0.996538203227,0.000157651662154,0.996538203247,0,0.908881637477,0.0713799377349
13.795,8.77,3.3,1,0,0.996538203227,0.00015733699338,0.996538203247,0,0.908881637477,0.0713895750939
13.797,8.772,3.3,1,0,0.996538203227,0.000157022977043,0.996538203247,0,0.908881637477,0.0713991924707
13.799,8.774,3.3,1,0,0.996538203227,0.000156709555609,0.996538203247,0,0.908881637477,0.0714087916275
13.801,8.776,3.3,1,0,0.996538203227,0.000156396791811,0.996538203247,0,0.908881637477,0.0714183706428
13.803,8.778,3.3,1,0,0.996538203227,0.00015608458531,0.996538203247,0,0.908881637477,0.0714279325897
13.805,8.78,3.3,1,0,0.996538203227,0.000155773044402,0.996538203247,0,0.908881637477,0.0714374741516
13.807,8.782,3.3,1,0,0.996538203227,0.000155462149445,0.996538203247,0,0.908881637477,0.0714469959299
13.809,8.784,3.3,1,0,0.996538203227,0.000155151843479,0.996538203247,0,0.908881637476,0.0714564996692
13.811,8.786,3.3,1,0,0.996538203227,0.000154842188611,0.996538203247,0,0.908881637476,0.0714659834674
13.813,8.788,3.3,1,0,0.996538203227,0.000154533085501,0.996538203247,0,0.908881637476,0.0714754503668
13.815,8.79,3.3,1,0,0.996538203227,0.000154224641367,0.996538203247,0,0.908881637476,0.0714848970838
13.817,8.792,3.3,1,0,0.996538203227,0.000153916836764,0.996538203247,0,0.908881637476,0.0714943242139
13.819,8.794,3.3,1,0,0.996538203227,0.000153609615297,0.996538203247,0,0.908881637476,0.0715037334842
13.821,8.796,3.3,1,0,0.996538203227,0.000153303038456,0.996538203247,0,0.908881637476,0.0715131230116
13.823,8.798,3.3,1,0,0.996538203227,0.000152997007888,0.996538203247,0,0.908881637476,0.0715224958084
13.825,8.8,3.3,1,0,0.996538203227,0.000152691629745,0.996538203247,0,0.908881637476,0.0715318486232
13.827,8.802,3.3,1,0,0.996538203227,0.000152386884778,0.996538203247,0,0.908881637476,0.0715411820459
13.829,8.804,3.3,1,0,0.996538203227,0.000152082717149,0.996538203247,0,0.908881637476,0.0715504977863
13.831,8.806,3.3,1,0,0.996538203227,0.000151779187739,0.996538203247,0,0.908881637476,0.0715597939801
13.833,8.808,3.3,1,0,0.996538203227,0.000151476199171,0.996538203247,0,0.908881637476,0.0715690736095
13.835,8.81,3.3,1,0,0.996538203227,0.000151173856544,0.996538203247,0,0.908881637476,0.0715783334556
13.837,8.812,3.3,1,0,0.996538203227,0.000150872140798,0.996538203247,0,0.908881637476,0.0715875741023
13.839,8.814,3.3,1,0,0.996538203227,0.000150570996652,0.996538203247,0,0.908881637476,0.0715967972426
13.841,8.816,3.3,1,0,0.996538203227,0.000150270484381,0.996538203247,0,0.908881637475,0.0716060010305
13.843,8.818,3.3,1,0,0.996538203227,0.000149970507576,0.996538203247,0,0.908881637475,0.0716151884186
13.845,8.82,3.3,1,0,0.996538203227,0.000149671170291,0.996538203247,0,0.908881637475,0.0716243562202
13.847,8.822,3.3,1,0,0.996538203227,0.000149372453655,0.996538203247,0,0.908881637475,0.0716335050131
13.849,8.824,3.3,1,0,0.996538203227,0.000149074302938,0.996538203247,0,0.908881637475,0.0716426364737
13.851,8.826,3.3,1,0,0.996538203227,0.000148776777814,0.996538203247,0,0.908881637475,0.0716517487742
13.853,8.828,3.3,1,0,0.996538203227,0.000148479782834,0.996538203247,0,0.908881637475,0.071660844838
13.855,8.83,3.3,1,0,0.996538203227,0.000148183421018,0.996538203247,0,0.908881637475,0.0716699215099
13.857,8.832,3.3,1,0,0.996538203227,0.000147887673681,0.996538203247,0,0.908881637475,0.0716789793621
13.859,8.834,3.3,1,0,0.996538203227,0.000147592486637,0.996538203247,0,0.908881637475,0.0716880200543
13.861,8.836,3.3,1,0,0.996538203227,0.000147297918968,0.996538203247,0,0.908881637475,0.0716970417768
13.863,8.838,3.3,1,0,0.996538203227,0.000147003876174,0.996538203247,0,0.908881637475,0.0717060474241
13.865,8.84,3.3,1,0,0.996538203227,0.000146710460248,0.996538203247,0,0.908881637475,0.0717150338722
13.867,8.842,3.3,1,0,0.996538203227,0.000146417652695,0.996538203247,0,0.908881637475,0.0717240016877
13.869,8.844,3.3,1,0,0.996538203227,0.000146125399865,0.996538203247,0,0.908881637475,0.0717329525137
13.871,8.846,3.3,1,0,0.996538203227,0.000145833760254,0.996538203247,0,0.908881637475,0.0717418845586
13.873,8.848,3.3,1,0,0.996538203227,0.000145542640299,0.996538203247,0,0.908881637475,0.071750800688
13.875,8.85,3.3,1,0,0.996538203227,0.000145252140983,0.996538203247,0,0.908881637475,0.0717596978092
13.877,8.852,3.3,1,0,0.996538203227,0.000144962243991,0.996538203247,0,0.908881637474,0.0717685764829
13.879,8.854,3.3,1,0,0.996538203227,0.000144672896208,0.996538203247,0,0.908881637474,0.0717774383361
13.881,8.856,3.3,1,0,0.996538203227,0.000144384155549,0.996538203247,0,0.908881637474,0.0717862815948
13.883,8.858,3.3,1,0,0.996538203227,0.000144095929381,0.996538203247,0,0.908881637474,0.0717951090963
13.885,8.86,3.3,1,0,0.996538203227,0.000143808317681,0.996538203247,0,0.908881637474,0.0718039177784
13.887,8.862,3.3,1,0,0.996538203227,0.000143521302319,0.996538203247,0,0.908881637474,0.0718127081964
13.889,8.864,3.3,1,0,0.996538203227,0.000143234830707,0.996538203247,0,0.908881637474,0.0718214819611
13.891,8.866,3.3,1,0,0.996538203227,0.000142948960184,0.996538203247,0,0.908881637474,0.0718302373162
13.893,8.868,3.3,1,0,0.996538203227,0.000142663599037,0.996538203247,0,0.908881637474,0.0718389770707
13.895,8.87,3.3,1,0,0.996538203227,0.000142378846252,0.996538203247,0,0.908881637474,0.0718476981928
13.897,8.872,3.3,1,0,0.996538203227,0.000142094683876,0.996538203247,0,0.908881637474,0.0718564012325
13.899,8.874,3.3,1,0,0.996538203227,0.000141811059845,0.996538203247,0,0.908881637474,0.0718650877844
13.901,8.876,3.3,1,0,0.996538203227,0.000141528030927,0.996538203247,0,0.908881637474,0.0718737561096
13.903,8.878,3.3,1,0,0.996538203227,0.000141245506323,0.996538203247,0,0.908881637474,0.0718824089893
13.905,8.88,3.3,1,0,0.996538203227,0.000140963584033,0.996538203247,0,0.908881637474,0.0718910434219
13.907,8.882,3.3,1,0,0.996538203227,0.000140682246284,0.996538203247,0,0.908881637474,0.0718996599517
13.909,8.884,3.3,1,0,0.996538203227,0.000140401441529,0.996538203247,0,0.908881637473,0.0719082601576
13.911,8.886,3.3,1,0,0.996538203227,0.000140121225971,0.996538203247,0,0.908881637473,0.0719168423181
13.913,8.888,3.3,1,0,0.996538203227,0.000139841509714,0.996538203247,0,0.908881637473,0.0719254091866
13.915,8.89,3.3,1,0,0.996538203227,0.000139562389784,0.996538203247,0,0.908881637473,0.0719339577913
13.917,8.892,3.3,1,0,0.996538203227,0.000139283848585,0.996538203247,0,0.908881637473,0.0719424886713
13.919,8.894,3.3,1,0,0.996538203227,0.000139005835081,0.996538203247,0,0.908881637473,0.0719510033895
13.921,8.896,3.3,1,0,0.996538203227,0.000138728404918,0.996538203247,0,0.908881637473,0.0719595002417
13.923,8.898,3.3,1,0,0.996538203227,0.000138451469093,0.996538203247,0,0.908881637473,0.0719679819539
13.925,8.9,3.3,1,0,0.996538203227,0.000138175123666,0.996538203247,0,0.908881637473,0.0719764455839
13.927,8.902,3.3,1,0,0.996538203227,0.000137899351218,0.996538203247,0,0.908881637473,0.0719848916653
13.929,8.904,3.3,1,0,0.996538203227,0.00013762410122,0.996538203247,0,0.908881637473,0.0719933217457
13.931,8.906,3.3,1,0,0.996538203227,0.000137349428764,0.996538203247,0,0.908881637473,0.0720017341376
13.933,8.908,3.3,1,0,0.996538203227,0.000137075245732,0.996538203247,0,0.908881637473,0.07201013154
13.935,8.91,3.3,1,0,0.996538203227,0.000136801647231,0.996538203247,0,0.908881637473,0.07201851104
13.937,8.912,3.3,1,0,0.996538203227,0.000136528616012,0.996538203247,0,0.908881637473,0.0720268731658
13.939,8.914,3.3,1,0,0.996538203227,0.00013625610205,0.996538203247,0,0.908881637473,0.0720352194496
13.941,8.916,3.3,1,0,0.996538203227,0.00013598415989,0.996538203247,0,0.908881637473,0.0720435482208
13.943,8.918,3.3,1,0,0.996538203227,0.000135712702288,0.996538203247,0,0.908881637472,0.0720518621514
13.945,8.92,3.3,1,0,0.996538203227,0.000135441823407,0.996538203247,0,0.908881637472,0.0720601583576
13.947,8.922,3.3,1,0,0.996538203227,0.000135171506169,0.996538203247,0,0.908881637472,0.0720684373623
13.949,8.924,3.3,1,0,0.996538203227,0.000134901701046,0.996538203247,0,0.908881637472,0.0720767006825
13.951,8.926,3.3,1,0,0.996538203227,0.000134632462041,0.996538203247,0,0.908881637472,0.0720849466642
13.953,8.928,3.3,1,0,0.996538203227,0.000134363702779,0.996538203247,0,0.908881637472,0.0720931779528
13.955,8.93,3.3,1,0,0.996538203227,0.000134095516484,0.996538203247,0,0.908881637472,0.0721013916931
13.957,8.932,3.3,1,0,0.996538203227,0.000133827886249,0.996538203247,0,0.908881637472,0.072109588403
13.959,8.934,3.3,1,0,0.996538203227,0.000133560763039,0.996538203247,0,0.908881637472,0.0721177695843
13.961,8.936,3.3,1,0,0.996538203227,0.000133294200321,0.996538203247,0,0.908881637472,0.0721259335993
13.963,8.938,3.3,1,0,0.996538203227,0.000133028112575,0.996538203247,0,0.908881637472,0.0721340830674
13.965,8.94,3.3,1,0,0.996538203227,0.000132762592101,0.996538203247,0,0.908881637472,0.0721422151617
13.967,8.942,3.3,1,0,0.996538203227,0.000132497622161,0.996538203247,0,0.908881637472,0.0721503303947
13.969,8.944,3.3,1,0,0.996538203227,0.000132233154206,0.996538203247,0,0.908881637472,0.0721584302535
13.971,8.946,3.3,1,0,0.996538203227,0.00013196924117,0.996538203247,0,0.908881637472,0.0721665131168
13.973,8.948,3.3,1,0,0.996538203227,0.000131705798386,0.996538203247,0,0.908881637472,0.0721745815776
13.975,8.95,3.3,1,0,0.996538203227,0.000131442917235,0.996538203247,0,0.908881637472,0.0721826328374
13.977,8.952,3.3,1,0,0.996538203227,0.000131180581145,0.996538203247,0,0.908881637471,0.0721906674035
13.979,8.954,3.3,1,0,0.996538203227,0.00013091874205,0.996538203247,0,0.908881637471,0.0721986867482
13.981,8.956,3.3,1,0,0.996538203227,0.000130657452359,0.996538203247,0,0.908881637471,0.0722066892663
13.983,8.958,3.3,1,0,0.996538203227,0.000130396628245,0.996538203247,0,0.908881637471,0.0722146775251
13.985,8.96,3.3,1,0,0.996538203227,0.000130136360182,0.996538203247,0,0.908881637471,0.0722226487538
13.987,8.962,3.3,1,0,0.996538203227,0.000129876631761,0.996538203247,0,0.908881637471,0.0722306034549
13.989,8.964,3.3,1,0,0.996538203227,0.000129617395396,0.996538203247,0,0.908881637471,0.0722385430858
13.991,8.966,3.3,1,0,0.996538203227,0.000129358702972,0.996538203247,0,0.908881637471,0.0722464660574
13.993,8.968,3.3,1,0,0.996538203227,0.000129100471498,0.996538203247,0,0.908881637471,0.0722543749115
13.995,8.97,3.3,1,0,0.996538203227,0.000128842790548,0.996538203247,0,0.908881637471,0.0722622669047
13.997,8.972,3.3,1,0,0.996538203227,0.000128585643876,0.996538203247,0,0.908881637471,0.0722701425345
13.999,8.974,3.3,1,0,0.996538203227,0.000128328984368,0.996538203247,0,0.908881637471,0.072278003244
14.001,8.976,3.3,1,0,0.996538203227,0.000128072863396,0.996538203247,0,0.908881637471,0.0722858474598
14.003,8.978,3.3,1,0,0.996538203227,0.000127817198791,0.996538203247,0,0.908881637471,0.0722936776984
14.005,8.98,3.3,1,0,0.996538203227,0.000127562079237,0.996538203247,0,0.908881637471,0.0723014912437
14.007,8.982,3.3,1,0,0.996538203227,0.000127307488651,0.996538203247,0,0.908881637471,0.0723092885884
14.009,8.984,3.3,1,0,0.996538203227,0.000127053380386,0.996538203247,0,0.90888163747,0.072317071161
14.011,8.986,3.3,1,0,0.996538203227,0.000126799805303,0.996538203247,0,0.90888163747,0.0723248374038
14.013,8.988,3.3,1,0,0.996538203227,0.000126546682052,0.996538203247,0,0.90888163747,0.0723325898084
14.015,8.99,3.3,1,0,0.996538203227,0.000126294098434,0.996538203247,0,0.90888163747,0.0723403256856
14.017,8.992,3.3,1,0,0.996538203227,0.000126042038526,0.996538203247,0,0.90888163747,0.0723480455232
14.019,8.994,3.3,1,0,0.996538203227,0.000125790456144,0.996538203247,0,0.90888163747,0.0723557507355
14.021,8.996,3.3,1,0,0.996538203227,0.000125539401645,0.996538203247,0,0.90888163747,0.0723634397805
14.023,8.998,3.3,1,0,0.996538203227,0.000125288794486,0.996538203247,0,0.90888163747,0.0723711151247
14.025,9,3.3,1,0,0.996538203227,0.000125038721596,0.996538203247,0,0.90888163747,0.0723787741059
14.027,9.002,3.3,1,0,0.996538203227,0.00012478916721,0.996538203247,0,0.90888163747,0.0723864172068
14.029,9.004,3.3,1,0,0.996538203227,0.000124540085604,0.996538203247,0,0.90888163747,0.072394045828
14.031,9.006,3.3,1,0,0.996538203227,0.000124291526633,0.996538203247,0,0.90888163747,0.0724016584423
14.033,9.008,3.3,1,0,0.996538203227,0.000124043410555,0.996538203247,0,0.90888163747,0.0724092574922
14.035,9.01,3.3,1,0,0.996538203227,0.000123795823436,0.996538203247,0,0.90888163747,0.0724168403417
14.037,9.012,3.3,1,0,0.996538203227,0.000123548749667,0.996538203247,0,0.90888163747,0.0724244074688
14.039,9.014,3.3,1,0,0.996538203227,0.000123302143979,0.996538203247,0,0.90888163747,0.0724319602601
14.041,9.016,3.3,1,0,0.996538203227,0.00012305605573,0.996538203247,0,0.90888163747,0.0724394972036
14.043,9.018,3.3,1,0,0.996538203227,0.000122810405972,0.996538203247,0,0.908881637469,0.0724470207176
14.045,9.02,3.3,1,0,0.996538203227,0.000122565279915,0.996538203247,0,0.908881637469,0.0724545281921
14.047,9.022,3.3,1,0,0.996538203227,0.000122320662105,0.996538203247,0,0.908881637469,0.0724620201006
14.049,9.024,3.3,1,0,0.996538203227,0.000122076507723,0.996538203247,0,0.908881637469,0.0724694978157
14.051,9.026,3.3,1,0,0.996538203227,0.000121832865637,0.996538203247,0,0.908881637469,0.0724769598406
14.053,9.028,3.3,1,0,0.996538203227,0.000121589657684,0.996538203247,0,0.908881637469,0.0724844085694
14.055,9.03,3.3,1,0,0.996538203227,0.000121346968225,0.996538203247,0,0.908881637469,0.0724918414183
14.057,9.032,3.3,1,0,0.996538203227,0.000121104781962,0.996538203247,0,0.908881637469,0.0724992588558
14.059,9.034,3.3,1,0,0.996538203227,0.000120863054519,0.996538203247,0,0.908881637469,0.072506662241
14.061,9.036,3.3,1,0,0.996538203227,0.000120621834281,0.996538203247,0,0.908881637469,0.072514050092
14.063,9.038,3.3,1,0,0.996538203227,0.00012038104386,0.996538203247,0,0.908881637469,0.0725214247791
14.065,9.04,3.3,1,0,0.996538203227,0.00012014076678,0.996538203247,0,0.908881637469,0.0725287837441
14.067,9.042,3.3,1,0,0.996538203227,0.000119900987893,0.996538203247,0,0.908881637469,0.0725361274509
14.069,9.044,3.3,1,0,0.996538203227,0.000119661663266,0.996538203247,0,0.908881637469,0.072543457245
14.071,9.046,3.3,1,0,0.996538203227,0.000119422840802,0.996538203247,0,0.908881637469,0.0725507716595
14.073,9.048,3.3,1,0,0.996538203227,0.000119184443882,0.996538203247,0,0.908881637469,0.0725580730408
14.075,9.05,3.3,1,0,0.996538203227,0.000118946555201,0.996538203247,0,0.908881637469,0.0725653588563
14.077,9.052,3.3,1,0,0.996538203227,0.00011870915976,0.996538203247,0,0.908881637469,0.0725726295652
14.079,9.054,3.3,1,0,0.996538203227,0.000118472214065,0.996538203247,0,0.908881637468,0.0725798864999
14.081,9.056,3.3,1,0,0.996538203227,0.00011823576554,0.996538203247,0,0.908881637468,0.0725871282077
14.083,9.058,3.3,1,0,0.996538203227,0.00011799973833,0.996538203247,0,0.908881637468,0.0725943570119
14.085,9.06,3.3,1,0,0.996538203227,0.000117764214306,0.996538203247,0,0.908881637468,0.072601570405
14.087,9.062,3.3,1,0,0.996538203227,0.000117529178621,0.996538203247,0,0.908881637468,0.0726087688418
14.089,9.064,3.3,1,0,0.996538203227,0.000117294588209,0.996538203247,0,0.908881637468,0.0726159536412
14.091,9.066,3.3,1,0,0.996538203227,0.000117060490027,0.996538203247,0,0.908881637468,0.0726231233651
14.093,9.068,3.3,1,0,0.996538203227,0.000116826808971,0.996538203247,0,0.908881637468,0.0726302803137
14.095,9.07,3.3,1,0,0.996538203227,0.0001165936261,0.996538203247,0,0.908881637468,0.0726374220043
14.097,9.072,3.3,1,0,0.996538203227,0.000116360926713,0.996538203247,0,0.908881637468,0.0726445488873
14.099,9.074,3.3,1,0,0.996538203227,0.000116128668174,0.996538203247,0,0.908881637468,0.0726516622684
14.101,9.076,3.3,1,0,0.996538203227,0.000115896896971,0.996538203247,0,0.908881637468,0.0726587607239
14.103,9.078,3.3,1,0,0.996538203227,0.000115665538748,0.996538203247,0,0.908881637468,0.0726658465311
14.105,9.08,3.3,1,0,0.996538203227,0.000115434673758,0.996538203247,0,0.908881637468,0.072672917232
14.107,9.082,3.3,1,0,0.996538203227,0.000115204287446,0.996538203247,0,0.908881637468,0.0726799732725
14.109,9.084,3.3,1,0,0.996538203227,0.0001149743376,0.996538203247,0,0.908881637468,0.0726870159453
14.111,9.086,3.3,1,0,0.996538203227,0.000114744870246,0.996538203247,0,0.908881637468,0.0726940438408
14.113,9.088,3.3,1,0,0.996538203227,0.000114515811767,0.996538203247,0,0.908881637468,0.0727010592137
14.115,9.09,3.3,1,0,0.996538203227,0.000114287241617,0.996538203247,0,0.908881637467,0.0727080596306
14.117,9.092,3.3,1,0,0.996538203227,0.000114059145388,0.996538203247,0,0.908881637467,0.0727150455327
14.119,9.094,3.3,1,0,0.996538203227,0.000113831481286,0.996538203247,0,0.908881637467,0.0727220182
14.121,9.096,3.3,1,0,0.996538203227,0.00011360429488,0.996538203247,0,0.908881637467,0.072728976237
14.123,9.098,3.3,1,0,0.996538203227,0.000113377513285,0.996538203247,0,0.908881637467,0.0727359218758
14.125,9.1,3.3,1,0,0.996538203227,0.000113151215165,0.996538203247,0,0.908881637467,0.0727428527072
14.127,9.102,3.3,1,0,0.996538203227,0.000112925386254,0.996538203247,0,0.908881637467,0.0727497691681
14.129,9.104,3.3,1,0,0.996538203227,0.000112699985176,0.996538203247,0,0.908881637467,0.0727566725258
14.131,9.106,3.3,1,0,0.996538203227,0.000112475057045,0.996538203247,0,0.908881637467,0.0727635613986
14.133,9.108,3.3,1,0,0.996538203227,0.000112250529701,0.996538203247,0,0.908881637467,0.0727704379965
14.135,9.11,3.3,1,0,0.996538203227,0.000112026481027,0.996538203247,0,0.908881637467,0.0727772999341
14.137,9.112,3.3,1,0,0.996538203227,0.000111802896897,0.996538203247,0,0.908881637467,0.0727841476442
14.139,9.114,3.3,1,0,0.996538203227,0.000111579736348,0.996538203247,0,0.908881637467,0.0727909823812
14.141,9.116,3.3,1,0,0.996538203227,0.000111357044044,0.996538203247,0,0.908881637467,0.0727978027773
14.143,9.118,3.3,1,0,0.996538203227,0.000111134748544,0.996538203247,0,0.908881637467,0.0728046110205
14.145,9.12,3.3,1,0,0.996538203227,0.000110912926955,0.996538203247,0,0.908881637467,0.0728114047493
14.147,9.122,3.3,1,0,0.996538203227,0.000110691565293,0.996538203247,0,0.908881637467,0.0728181843918
14.149,9.124,3.3,1,0,0.996538203227,0.000110470623001,0.996538203247,0,0.908881637466,0.0728249511903
14.151,9.126,3.3,1,0,0.996538203227,0.0001102501443,0.996538203247,0,0.908881637466,0.0728317037904
14.153,9.128,3.3,1,0,0.996538203227,0.000110030058458,0.996538203247,0,0.908881637466,0.0728384443584
14.155,9.13,3.3,1,0,0.996538203227,0.000109810441817,0.996538203247,0,0.908881637466,0.0728451705562
14.157,9.132,3.3,1,0,0.996538203227,0.000109591280531,0.996538203247,0,0.908881637466,0.0728518828078
14.159,9.134,3.3,1,0,0.996538203227,0.000109372534446,0.996538203247,0,0.908881637466,0.0728585823431
14.161,9.136,3.3,1,0,0.996538203227,0.000109154247345,0.996538203247,0,0.908881637466,0.0728652678211
14.163,9.138,3.3,1,0,0.996538203227,0.000108936349197,0.996538203247,0,0.908881637466,0.0728719413866
14.165,9.14,3.3,1,0,0.996538203227,0.000108718915586,0.996538203247,0,0.908881637466,0.0728786007247
14.167,9.142,3.3,1,0,0.996538203227,0.000108501932804,0.996538203247,0,0.908881637466,0.0728852462553
14.169,9.144,3.3,1,0,0.996538203227,0.000108285361096,0.996538203247,0,0.908881637466,0.072891879196
14.171,9.146,3.3,1,0,0.996538203227,0.000108069243809,0.996538203247,0,0.908881637466,0.0728984982191
14.173,9.148,3.3,1,0,0.996538203227,0.000107853511609,0.996538203247,0,0.908881637466,0.0729051054481
14.175,9.15,3.3,1,0,0.996538203227,0.000107638239328,0.996538203247,0,0.908881637466,0.0729116985912
14.177,9.152,3.3,1,0,0.996538203227,0.000107423413396,0.996538203247,0,0.908881637466,0.072918278064
14.179,9.154,3.3,1,0,0.996538203227,0.00010720899445,0.996538203247,0,0.908881637466,0.0729248450719
14.181,9.156,3.3,1,0,0.996538203227,0.000106995025409,0.996538203247,0,0.908881637465,0.0729313983007
14.183,9.158,3.3,1,0,0.996538203227,0.000106781437628,0.996538203247,0,0.908881637465,0.0729379398527
14.185,9.16,3.3,1,0,0.996538203227,0.000106568305193,0.996538203247,0,0.908881637465,0.0729444674587
14.187,9.162,3.3,1,0,0.996538203227,0.000106355614671,0.996538203247,0,0.908881637465,0.0729509815303
14.189,9.164,3.3,1,0,0.996538203227,0.000106143327089,0.996538203247,0,0.908881637465,0.072957483261
14.191,9.166,3.3,1,0,0.996538203227,0.00010593148494,0.996538203247,0,0.908881637465,0.0729639713495
14.193,9.168,3.3,1,0,0.996538203227,0.000105720020261,0.996538203247,0,0.908881637465,0.0729704478772
14.195,9.17,3.3,1,0,0.996538203227,0.000105509006403,0.996538203247,0,0.908881637465,0.0729769105976
14.197,9.172,3.3,1,0,0.996538203227,0.000105298430063,0.996538203247,0,0.908881637465,0.0729833599181
14.199,9.174,3.3,1,0,0.996538203227,0.00010508825266,0.996538203247,0,0.908881637465,0.0729897970204
14.201,9.176,3.3,1,0,0.996538203227,0.000104878516261,0.996538203247,0,0.908881637465,0.0729962206161
14.203,9.178,3.3,1,0,0.996538203227,0.00010466915358,0.996538203247,0,0.908881637465,0.0730026327659
14.205,9.18,3.3,1,0,0.996538203227,0.000104460237238,0.996538203247,0,0.908881637465,0.0730090312456
14.207,9.182,3.3,1,0,0.996538203227,0.000104251754067,0.996538203247,0,0.908881637465,0.0730154164587
14.209,9.184,3.3,1,0,0.996538203227,0.000104043665866,0.996538203247,0,0.908881637465,0.073021789575
14.211,9.186,3.3,1,0,0.996538203227,0.000103836014286,0.996538203247,0,0.908881637465,0.0730281493189
14.213,9.188,3.3,1,0,0.996538203227,0.000103628732708,0.996538203247,0,0.908881637465,0.0730344977308
14.215,9.19,3.3,1,0,0.996538203227,0.000103421893034,0.996538203247,0,0.908881637464,0.0730408326085
14.217,9.192,3.3,1,0,0.996538203227,0.000103215482224,0.996538203247,0,0.908881637464,0.0730471543514
14.219,9.194,3.3,1,0,0.996538203227,0.000103009462459,0.996538203247,0,0.908881637464,0.0730534641177
14.221,9.196,3.3,1,0,0.996538203227,0.000102803874974,0.996538203247,0,0.908881637464,0.0730597606446
14.223,9.198,3.3,1,0,0.996538203227,0.000102598653814,0.996538203247,0,0.908881637464,0.0730660459521
14.225,9.2,3.3,1,0,0.996538203227,0.000102393870165,0.996538203247,0,0.908881637464,0.0730723178599
14.227,9.202,3.3,1,0,0.996538203227,0.000102189511116,0.996538203247,0,0.908881637464,0.0730785767635
14.229,9.204,3.3,1,0,0.996538203227,0.000101985539225,0.996538203247,0,0.908881637464,0.0730848238096
14.231,9.206,3.3,1,0,0.996538203227,0.000101781995318,0.996538203247,0,0.908881637464,0.0730910577478
14.233,9.208,3.3,1,0,0.996538203227,0.000101578814095,0.996538203247,0,0.908881637464,0.0730972805782
14.235,9.21,3.3,1,0,0.996538203227,0.000101376066033,0.996538203247,0,0.908881637464,0.0731034901421
14.237,9.212,3.3,1,0,0.996538203227,0.000101173738351,0.996538203247,0,0.908881637464,0.073109686831
14.239,9.214,3.3,1,0,0.996538203227,0.000100971793979,0.996538203247,0,0.908881637464,0.0731158717803
14.241,9.216,3.3,1,0,0.996538203227,0.000100770273336,0.996538203247,0,0.908881637464,0.073122043752
14.243,9.218,3.3,1,0,0.996538203227,0.000100569111772,0.996538203247,0,0.908881637464,0.0731282047263
14.245,9.22,3.3,1,0,0.996538203227,0.000100368379064,0.996538203247,0,0.908881637463,0.0731343525659
14.247,9.222,3.3,1,0,0.996538203227,0.000100168062557,0.996538203247,0,0.908881637463,0.0731404876586
14.249,9.224,3.3,1,0,0.996538203227,9.99681255489e-05,0.996538203247,0,0.908881637463,0.0731466111284
14.251,9.226,3.3,1,0,0.996538203227,9.97686080587e-05,0.996538203247,0,0.908881637463,0.0731527217496
14.253,9.228,3.3,1,0,0.996538203227,9.95694460775e-05,0.996538203247,0,0.908881637463,0.0731588214826
14.255,9.23,3.3,1,0,0.996538203227,9.93707086896e-05,0.996538203247,0,0.908881637463,0.0731649082116
14.257,9.232,3.3,1,0,0.996538203227,9.9172383366e-05,0.996538203247,0,0.908881637463,0.0731709823203
14.259,9.234,3.3,1,0,0.996538203227,9.89744337692e-05,0.996538203247,0,0.908881637463,0.0731770449216
14.261,9.236,3.3,1,0,0.996538203227,9.87768995199e-05,0.996538203247,0,0.908881637463,0.0731830948021
14.263,9.238,3.3,1,0,0.996538203227,9.85797172457e-05,0.996538203247,0,0.908881637463,0.0731891339027
14.265,9.24,3.3,1,0,0.996538203227,9.83829553444e-05,0.996538203247,0,0.908881637463,0.0731951601285
14.267,9.242,3.3,1,0,0.996538203227,9.81866014114e-05,0.996538203247,0,0.908881637463,0.0732011738594
14.269,9.244,3.3,1,0,0.996538203227,9.79906194703e-05,0.996538203247,0,0.908881637463,0.0732071761974
14.271,9.246,3.3,1,0,0.996538203227,9.77950487481e-05,0.996538203247,0,0.908881637463,0.0732131659409
14.273,9.248,3.3,1,0,0.996538203227,9.75998265024e-05,0.996538203247,0,0.908881637463,0.0732191450117
14.275,9.25,3.3,1,0,0.996538203227,9.74050204509e-05,0.996538203247,0,0.908881637463,0.0732251113357
14.277,9.252,3.3,1,0,0.996538203227,9.72106183124e-05,0.996538203247,0,0.908881637463,0.073231065289
14.279,9.254,3.3,1,0,0.996538203227,9.70165844682e-05,0.996538203247,0,0.908881637463,0.0732370079626
14.281,9.256,3.3,1,0,0.996538203227,9.68229577553e-05,0.996538203247,0,0.908881637462,0.073242938167
14.283,9.258,3.3,1,0,0.996538203227,9.66296760549e-05,0.996538203247,0,0.908881637462,0.0732488578047
14.285,9.26,3.3,1,0,0.996538203227,9.64368064118e-05,0.996538203247,0,0.908881637462,0.0732547648223
14.287,9.262,3.3,1,0,0.996538203227,9.62443366666e-05,0.996538203247,0,0.908881637462,0.0732606595923
14.289,9.264,3.3,1,0,0.996538203227,9.60522315549e-05,0.996538203247,0,0.908881637462,0.0732665431946
14.291,9.266,3.3,1,0,0.996538203227,9.58605295275e-05,0.996538203247,0,0.908881637462,0.0732724144516
14.293,9.268,3.3,1,0,0.996538203227,9.56691690831e-05,0.996538203247,0,0.908881637462,0.073278275247
14.295,9.27,3.3,1,0,0.996538203227,9.54782166e-05,0.996538203247,0,0.908881637462,0.0732841235478
14.297,9.272,3.3,1,0,0.996538203227,9.52876600399e-05,0.996538203247,0,0.908881637462,0.0732899597226
14.299,9.274,3.3,1,0,0.996538203227,9.50974644886e-05,0.996538203247,0,0.908881637462,0.0732957848408
14.301,9.276,3.3,1,0,0.996538203227,9.49076680149e-05,0.996538203247,0,0.908881637462,0.0733015977365
14.303,9.278,3.3,1,0,0.996538203227,9.47182097289e-05,0.996538203247,0,0.908881637462,0.0733074002745
14.305,9.28,3.3,1,0,0.996538203227,9.45291553489e-05,0.996538203247,0,0.908881637462,0.0733131904421
14.307,9.282,3.3,1,0,0.996538203227,9.43404929564e-05,0.996538203247,0,0.908881637462,0.0733189686043
14.309,9.284,3.3,1,0,0.996538203227,9.41521879842e-05,0.996538203247,0,0.908881637462,0.0733247358197
14.311,9.286,3.3,1,0,0.996538203227,9.39642781227e-05,0.996538203247,0,0.908881637462,0.0733304909341
14.313,9.288,3.3,1,0,0.996538203227,9.37767030872e-05,0.996538203247,0,0.908881637461,0.0733362357938
14.315,9.29,3.3,1,0,0.996538203227,9.35895279429e-05,0.996538203247,0,0.908881637461,0.0733419684061
14.317,9.292,3.3,1,0,0.996538203227,9.34027408896e-05,0.996538203247,0,0.908881637461,0.0733476891322
14.319,9.294,3.3,1,0,0.996538203227,9.32163077038e-05,0.996538203247,0,0.908881637461,0.0733533990205
14.321,9.296,3.3,1,0,0.996538203227,9.30302657012e-05,0.996538203247,0,0.908881637461,0.073359096928
14.323,9.298,3.3,1,0,0.996538203227,9.28445551964e-05,0.996538203247,0,0.908881637461,0.0733647846827
14.325,9.3,3.3,1,0,0.996538203227,9.26592406078e-05,0.996538203247,0,0.908881637461,0.0733704603117
14.327,9.302,3.3,1,0,0.996538203227,9.24743102525e-05,0.996538203247,0,0.908881637461,0.0733761241728
14.329,9.304,3.3,1,0,0.996538203227,9.22897302472e-05,0.996538203247,0,0.908881637461,0.0733817773037
14.331,9.306,3.3,1,0,0.996538203227,9.21055375366e-05,0.996538203247,0,0.908881637461,0.073387418573
14.333,9.308,3.3,1,0,0.996538203227,9.19216730287e-05,0.996538203247,0,0.908881637461,0.0733930497904
14.335,9.31,3.3,1,0,0.996538203227,9.17382005015e-05,0.996538203247,0,0.908881637461,0.0733986690025
14.337,9.312,3.3,1,0,0.996538203227,9.15551083883e-05,0.996538203247,0,0.908881637461,0.0734042765638
14.339,9.314,3.3,1,0,0.996538203227,9.13723631425e-05,0.996538203247,0,0.908881637461,0.0734098735015
14.341,9.316,3.3,1,0,0.996538203227,9.11900013417e-05,0.996538203247,0,0.908881637461,0.0734154586955
14.343,9.318,3.3,1,0,0.996538203227,9.10079644811e-05,0.996538203247,0,0.908881637461,0.0734210339376
14.345,9.32,3.3,1,0,0.996538203227,9.08263157049e-05,0.996538203247,0,0.908881637461,0.0734265972937
14.347,9.322,3.3,1,0,0.996538203227,9.06450435613e-05,0.996538203247,0,0.908881637461,0.0734321491148
14.349,9.324,3.3,1,0,0.996538203227,9.04641148372e-05,0.996538203247,0,0.908881637461,0.073437690418
14.351,9.326,3.3,1,0,0.996538203227,9.02835657465e-05,0.996538203247,0,0.90888163746,0.0734432200941
14.353,9.328,3.3,1,0,0.996538203227,9.01033383662e-05,0.996538203247,0,0.90888163746,0.0734487399172
14.355,9.33,3.3,1,0,0.996538203227,8.99234952125e-05,0.996538203247,0,0.90888163746,0.0734542479726
14.357,9.332,3.3,1,0,0.996538203227,8.97440249476e-05,0.996538203247,0,0.90888163746,0.0734597446075
14.359,9.334,3.3,1,0,0.996538203227,8.95648946887e-05,0.996538203247,0,0.90888163746,0.073465230829
14.361,9.336,3.3,1,0,0.996538203227,8.93861402895e-05,0.996538203247,0,0.90888163746,0.0734707055392
14.363,9.338,3.3,1,0,0.996538203227,8.92077044028e-05,0.996538203247,0,0.90888163746,0.0734761704942
14.365,9.34,3.3,1,0,0.996538203227,8.90296489234e-05,0.996538203247,0,0.90888163746,0.0734816237985
14.367,9.342,3.3,1,0,0.996538203227,8.88519626263e-05,0.996538203247,0,0.90888163746,0.0734870657958
14.369,9.344,3.3,1,0,0.996538203227,8.86746129554e-05,0.996538203247,0,0.90888163746,0.0734924974833
14.371,9.346,3.3,1,0,0.996538203227,8.84976354081e-05,0.996538203247,0,0.90888163746,0.0734979177738
14.373,9.348,3.3,1,0,0.996538203227,8.83209732072e-05,0.996538203247,0,0.90888163746,0.0735033284062
14.375,9.35,3.3,1,0,0.996538203227,8.81446876324e-05,0.996538203247,0,0.90888163746,0.0735087275036
14.377,9.352,3.3,1,0,0.996538203227,8.79687675701e-05,0.996538203247,0,0.90888163746,0.0735141154065
14.379,9.354,3.3,1,0,0.996538203227,8.77931807878e-05,0.996538203247,0,0.90888163746,0.073519493102
14.381,9.356,3.3,1,0,0.996538203227,8.76179624302e-05,0.996538203247,0,0.90888163746,0.0735248595138
14.383,9.358,3.3,1,0,0.996538203227,8.74430562844e-05,0.996538203247,0,0.90888163746,0.0735302163635
14.385,9.36,3.3,1,0,0.996538203227,8.7268523021e-05,0.996538203247,0,0.90888163746,0.0735355617929
14.387,9.362,3.3,1,0,0.996538203227,8.70943516367e-05,0.996538203247,0,0.90888163746,0.073540896139
14.389,9.364,3.3,1,0,0.996538203227,8.69205102197e-05,0.996538203247,0,0.908881637459,0.0735462203792
14.391,9.366,3.3,1,0,0.996538203227,8.67470335651e-05,0.996538203247,0,0.908881637459,0.0735515334479
14.393,9.368,3.3,1,0,0.996538203227,8.65738660189e-05,0.996538203247,0,0.908881637459,0.0735568370495
14.395,9.37,3.3,1,0,0.996538203227,8.64010676485e-05,0.996538203247,0,0.908881637459,0.0735621293443
14.397,9.372,3.3,1,0,0.996538203227,8.62286275601e-05,0.996538203247,0,0.908881637459,0.0735674106661
14.399,9.374,3.3,1,0,0.996538203227,8.6056514159e-05,0.996538203247,0,0.908881637459,0.0735726819824
14.401,9.376,3.3,1,0,0.996538203227,8.58847618946e-05,0.996538203247,0,0.908881637459,0.0735779422381
14.403,9.378,3.3,1,0,0.996538203227,8.57133156659e-05,0.996538203247,0,0.908881637459,0.0735831931209
14.405,9.38,3.3,1,0,0.996538203227,8.55422349434e-05,0.996538203247,0,0.908881637459,0.0735884328094
14.407,9.382,3.3,1,0,0.996538203227,8.53715089415e-05,0.996538203247,0,0.908881637459,0.0735936616338
14.409,9.384,3.3,1,0,0.996538203227,8.52011063796e-05,0.996538203247,0,0.908881637459,0.0735988805522
14.411,9.386,3.3,1,0,0.996538203227,8.50310613646e-05,0.996538203247,0,0.908881637459,0.0736040885201
14.413,9.388,3.3,1,0,0.996538203227,8.48613193433e-05,0.996538203247,0,0.908881637459,0.0736092872081
14.415,9.39,3.3,1,0,0.996538203227,8.46919391949e-05,0.996538203247,0,0.908881637459,0.0736144748131
14.417,9.392,3.3,1,0,0.996538203227,8.45229102412e-05,0.996538203247,0,0.908881637459,0.0736196516621
14.419,9.394,3.3,1,0,0.996538203227,8.43542015124e-05,0.996538203247,0,0.908881637458,0.0736248187035
14.421,9.396,3.3,1,0,0.996538203227,8.41858467764e-05,0.996538203247,0,0.908881637458,0.0736299749031
14.423,9.398,3.3,1,0,0.996538203227,8.40177920223e-05,0.996538203247,0,0.908881637458,0.0736351219153
14.425,9.4,3.3,1,0,0.996538203227,8.3850095544e-05,0.996538203247,0,0.908881637458,0.0736402579545
14.427,9.402,3.3,1,0,0.996538203227,8.36827467695e-05,0.996538203247,0,0.908881637458,0.0736453833446
14.429,9.404,3.3,1,0,0.996538203227,8.35157150368e-05,0.996538203247,0,0.908881637458,0.0736504990247
14.431,9.406,3.3,1,0,0.996538203227,8.33490337781e-05,0.996538203247,0,0.908881637458,0.0736556039707
14.433,9.408,3.3,1,0,0.996538203227,8.31826495195e-05,0.996538203247,0,0.908881637458,0.0736606998206
14.435,9.41,3.3,1,0,0.996538203227,8.30166199754e-05,0.996538203247,0,0.908881637458,0.0736657848067
14.437,9.412,3.3,1,0,0.996538203227,8.28509346787e-05,0.996538203247,0,0.908881637458,0.0736708592494
14.439,9.414,3.3,1,0,0.996538203227,8.26855632724e-05,0.996538203247,0,0.908881637458,0.0736759240787
14.441,9.416,3.3,1,0,0.996538203227,8.25205388565e-05,0.996538203247,0,0.908881637458,0.0736809782807
14.443,9.418,3.3,1,0,0.996538203227,8.23558084882e-05,0.996538203247,0,0.908881637458,0.0736860234768
14.445,9.42,3.3,1,0,0.996538203227,8.21914293086e-05,0.996538203247,0,0.908881637458,0.0736910579172
14.447,9.422,3.3,1,0,0.996538203227,8.20273909546e-05,0.996538203247,0,0.908881637458,0.073696081919
14.449,9.424,3.3,1,0,0.996538203227,8.18636633708e-05,0.996538203247,0,0.908881637458,0.0737010964029
14.451,9.426,3.3,1,0,0.996538203227,8.17002793281e-05,0.996538203247,0,0.908881637457,0.0737061003652
14.453,9.428,3.3,1,0,0.996538203227,8.15371864103e-05,0.996538203247,0,0.908881637457,0.0737110954112
14.455,9.43,3.3,1,0,0.996538203227,8.13744411903e-05,0.996538203247,0,0.908881637457,0.0737160798083
14.457,9.432,3.3,1,0,0.996538203227,8.1212033408e-05,0.996538203247,0,0.908881637457,0.0737210538706
14.459,9.434,3.3,1,0,0.996538203227,8.10499333067e-05,0.996538203247,0,0.908881637457,0.0737260185096
14.461,9.436,3.3,1,0,0.996538203227,8.08881733318e-05,0.996538203247,0,0.908881637457,0.0737309727316
14.463,9.438,3.3,1,0,0.996538203227,8.07267015879e-05,0.996538203247,0,0.908881637457,0.0737359181259
14.465,9.44,3.3,1,0,0.996538203227,8.05655740856e-05,0.996538203247,0,0.908881637457,0.0737408529771
14.467,9.442,3.3,1,0,0.996538203227,8.04047806667e-05,0.996538203247,0,0.908881637457,0.0737457775964
14.469,9.444,3.3,1,0,0.996538203227,8.02442918706e-05,0.996538203247,0,0.908881637457,0.073750692886
14.471,9.446,3.3,1,0,0.996538203227,8.00841398199e-05,0.996538203247,0,0.908881637457,0.073755597862
14.473,9.448,3.3,1,0,0.996538203227,7.99242731351e-05,0.996538203247,0,0.908881637457,0.0737604940982
14.475,9.45,3.3,1,0,0.996538203227,7.976474727e-05,0.996538203247,0,0.908881637457,0.0737653798961
14.477,9.452,3.3,1,0,0.996538203227,7.96055521677e-05,0.996538203247,0,0.908881637457,0.0737702555637
14.479,9.454,3.3,1,0,0.996538203227,7.944665866e-05,0.996538203247,0,0.908881637457,0.0737751219944
14.481,9.456,3.3,1,0,0.996538203227,7.92880985504e-05,0.996538203247,0,0.908881637457,0.0737799782141
14.483,9.458,3.3,1,0,0.996538203227,7.91298209701e-05,0.996538203247,0,0.908881637456,0.0737848257808
14.485,9.46,3.3,1,0,0.996538203227,7.89718808218e-05,0.996538203247,0,0.908881637456,0.0737896630129
14.487,9.462,3.3,1,0,0.996538203227,7.88142681483e-05,0.996538203246,0,0.908881637456,0.0737944902155
14.489,9.464,3.3,1,0,0.996538203227,7.86569540716e-05,0.996538203246,0,0.908881637456,0.073799308273
14.491,9.466,3.3,1,0,0.996538203227,7.84999700789e-05,0.996538203246,0,0.908881637456,0.0738041162209
14.493,9.468,3.3,1,0,0.996538203227,7.83432658072e-05,0.996538203246,0,0.908881637456,0.0738089156019
14.495,9.47,3.3,1,0,0.996538203227,7.81868956132e-05,0.996538203246,0,0.908881637456,0.0738137047511
14.497,9.472,3.3,1,0,0.996538203227,7.8030849639e-05,0.996538203246,0,0.908881637456,0.0738184839704
14.499,9.474,3.3,1,0,0.996538203227,7.78750992934e-05,0.996538203246,0,0.908881637456,0.0738232541354
14.501,9.476,3.3,1,0,0.996538203227,7.77196757507e-05,0.996538203246,0,0.908881637456,0.0738280142915
14.503,9.478,3.3,1,0,0.996538203227,7.75645291486e-05,0.996538203246,0,0.908881637456,0.0738327659657
14.505,9.48,3.3,1,0,0.996538203227,7.74097133034e-05,0.996538203246,0,0.908881637456,0.0738375075099
14.507,9.482,3.3,1,0,0.996538203227,7.72552184551e-05,0.996538203246,0,0.908881637456,0.0738422392228
14.509,9.484,3.3,1,0,0.996538203227,7.71010162969e-05,0.996538203246,0,0.908881637456,0.0738469619716
14.511,9.486,3.3,1,0,0.996538203227,7.69471376931e-05,0.996538203246,0,0.908881637456,0.0738516748108
14.513,9.488,3.3,1,0,0.996538203227,7.6793533277e-05,0.996538203246,0,0.908881637455,0.0738563792525
14.515,9.49,3.3,1,0,0.996538203227,7.664025633e-05,0.996538203246,0,0.908881637455,0.0738610736648
14.517,9.492,3.3,1,0,0.996538203227,7.64872971892e-05,0.996538203246,0,0.908881637455,0.0738657583437
14.519,9.494,3.3,1,0,0.996538203227,7.63346278291e-05,0.996538203246,0,0.908881637455,0.0738704341474
14.521,9.496,3.3,1,0,0.996538203227,7.61822788072e-05,0.996538203246,0,0.908881637455,0.0738751001402
14.523,9.498,3.3,1,0,0.996538203227,7.60302012475e-05,0.996538203246,0,0.908881637455,0.0738797578189
14.525,9.5,3.3,1,0,0.996538203227,7.58784479019e-05,0.996538203246,0,0.908881637455,0.0738844055678
14.527,9.502,3.3,1,0,0.996538203227,7.57270092033e-05,0.996538203246,0,0.908881637455,0.0738890436801
14.529,9.504,3.3,1,0,0.996538203227,7.5575857405e-05,0.996538203246,0,0.908881637455,0.0738936730055
14.531,9.506,3.3,1,0,0.996538203227,7.54250227606e-05,0.996538203246,0,0.908881637455,0.0738982926174
14.533,9.508,3.3,1,0,0.996538203227,7.52744568801e-05,0.996538203246,0,0.908881637455,0.0739029039979
14.535,9.51,3.3,1,0,0.996538203227,7.51242119909e-05,0.996538203246,0,0.908881637455,0.0739075055474
14.537,9.512,3.3,1,0,0.996538203227,7.49742786211e-05,0.996538203246,0,0.908881637455,0.073912097556
14.539,9.514,3.3,1,0,0.996538203227,7.48246292997e-05,0.996538203246,0,0.908881637455,0.073916680865
14.541,9.516,3.3,1,0,0.996538203227,7.46752939798e-05,0.996538203246,0,0.908881637455,0.0739212545571
14.543,9.518,3.3,1,0,0.996538203227,7.45262247521e-05,0.996538203246,0,0.908881637455,0.0739258200996
14.545,9.52,3.3,1,0,0.996538203227,7.4377473325e-05,0.996538203246,0,0.908881637454,0.0739303759089
14.547,9.522,3.3,1,0,0.996538203227,7.42290303207e-05,0.996538203246,0,0.908881637454,0.073934922272
14.549,9.524,3.3,1,0,0.996538203227,7.40808685414e-05,0.996538203246,0,0.908881637454,0.0739394600221
14.551,9.526,3.3,1,0,0.996538203227,7.39330176422e-05,0.996538203246,0,0.908881637454,0.0739439882509
14.553,9.528,3.3,1,0,0.996538203227,7.37854301903e-05,0.996538203246,0,0.908881637454,0.0739485084111
14.555,9.53,3.3,1,0,0.996538203227,7.363815738e-05,0.996538203246,0,0.908881637454,0.0739530189347
14.557,9.532,3.3,1,0,0.996538203227,7.34911899268e-05,0.996538203246,0,0.908881637454,0.0739575201062
14.559,9.534,3.3,1,0,0.996538203226,7.3344500903e-05,0.996538203246,0,0.908881637454,0.0739620127502
14.561,9.536,3.3,1,0,0.996538203226,7.31981196693e-05,0.996538203246,0,0.908881637454,0.0739664959675
14.563,9.538,3.3,1,0,0.996538203226,7.3051999264e-05,0.996538203246,0,0.908881637454,0.0739709711964
14.565,9.54,3.3,1,0,0.996538203226,7.29061903728e-05,0.996538203246,0,0.908881637454,0.0739754368846
14.567,9.542,3.3,1,0,0.996538203226,7.27606838034e-05,0.996538203246,0,0.908881637454,0.0739798933136
14.569,9.544,3.3,1,0,0.996538203226,7.26154528958e-05,0.996538203246,0,0.908881637454,0.0739843412999
14.571,9.546,3.3,1,0,0.996538203226,7.24705267186e-05,0.996538203246,0,0.908881637454,0.0739887799532
14.573,9.548,3.3,1,0,0.996538203226,7.23258587774e-05,0.996538203246,0,0.908881637454,0.0739932106976
14.575,9.55,3.3,1,0,0.996538203226,7.21814992536e-05,0.996538203246,0,0.908881637454,0.073997631996
14.577,9.552,3.3,1,0,0.996538203226,7.20374390465e-05,0.996538203246,0,0.908881637453,0.0740020441273
14.579,9.554,3.3,1,0,0.996538203226,7.1893651761e-05,0.996538203246,0,0.908881637453,0.0740064478998
14.581,9.556,3.3,1,0,0.996538203226,7.1750166177e-05,0.996538203246,0,0.908881637453,0.074010842432
14.583,9.558,3.3,1,0,0.996538203226,7.16069362619e-05,0.996538203246,0,0.908881637453,0.0740152291339
14.585,9.56,3.3,1,0,0.996538203226,7.14640116987e-05,0.996538203246,0,0.908881637453,0.0740196064838
14.587,9.562,3.3,1,0,0.996538203226,7.13213834768e-05,0.996538203246,0,0.908881637453,0.0740239747577
14.589,9.564,3.3,1,0,0.996538203226,7.11790254636e-05,0.996538203246,0,0.908881637453,0.0740283347559
14.591,9.566,3.3,1,0,0.996538203226,7.1036966153e-05,0.996538203246,0,0.908881637453,0.0740326856057
14.593,9.568,3.3,1,0,0.996538203226,7.08951599698e-05,0.996538203246,0,0.908881637453,0.074037028703
14.595,9.57,3.3,1,0,0.996538203226,7.07536561032e-05,0.996538203246,0,0.908881637453,0.0740413625412
14.597,9.572,3.3,1,0,0.996538203226,7.06124456323e-05,0.996538203246,0,0.908881637453,0.0740456873936
14.599,9.574,3.3,1,0,0.996538203226,7.04715026843e-05,0.996538203246,0,0.908881637453,0.0740500040526
14.601,9.576,3.3,1,0,0.996538203226,7.03308554696e-05,0.996538203246,0,0.908881637453,0.0740543116541
14.603,9.578,3.3,1,0,0.996538203226,7.01904588662e-05,0.996538203246,0,0.908881637453,0.0740586115802
14.605,9.58,3.3,1,0,0.996538203226,7.00503615743e-05,0.996538203246,0,0.908881637453,0.0740629023393
14.607,9.582,3.3,1,0,0.996538203226,6.99105547617e-05,0.996538203246,0,0.908881637453,0.0740671842019
14.609,9.584,3.3,1,0,0.996538203226,6.97710128128e-05,0.996538203246,0,0.908881637452,0.0740714579524
14.611,9.586,3.3,1,0,0.996538203226,6.96317636575e-05,0.996538203246,0,0.908881637452,0.0740757227356
14.613,9.588,3.3,1,0,0.996538203226,6.94927626224e-05,0.996538203246,0,0.908881637452,0.0740799799197
14.615,9.59,3.3,1,0,0.996538203226,6.93540579236e-05,0.996538203246,0,0.908881637452,0.0740842280278
14.617,9.592,3.3,1,0,0.996538203226,6.92156408167e-05,0.996538203246,0,0.908881637452,0.0740884673278
14.619,9.594,3.3,1,0,0.996538203226,6.90774859406e-05,0.996538203246,0,0.908881637452,0.0740926985966
14.621,9.596,3.3,1,0,0.996538203226,6.89396209478e-05,0.996538203246,0,0.908881637452,0.074096920987
14.623,9.598,3.3,1,0,0.996538203226,6.88020016088e-05,0.996538203246,0,0.908881637452,0.0741011358538
14.625,9.6,3.3,1,0,0.996538203226,6.86646756605e-05,0.996538203246,0,0.908881637452,0.074105341735
14.627,9.602,3.3,1,0,0.996538203226,6.85276344453e-05,0.996538203246,0,0.908881637452,0.0741095388956
14.629,9.604,3.3,1,0,0.996538203226,6.83908528544e-05,0.996538203246,0,0.908881637452,0.0741137281047
14.631,9.606,3.3,1,0,0.996538203226,6.82543582651e-05,0.996538203246,0,0.908881637452,0.0741179085239
14.633,9.608,3.3,1,0,0.996538203226,6.8118106888e-05,0.996538203246,0,0.908881637452,0.0741220814941
14.635,9.61,3.3,1,0,0.996538203226,6.79821459851e-05,0.996538203246,0,0.908881637452,0.074126245568
14.637,9.612,3.3,1,0,0.996538203226,6.7846466985e-05,0.996538203246,0,0.908881637452,0.0741304010081
14.639,9.614,3.3,1,0,0.996538203226,6.77110450285e-05,0.996538203246,0,0.908881637452,0.0741345485757
14.641,9.616,3.3,1,0,0.996538203226,6.75759072208e-05,0.996538203246,0,0.908881637452,0.0741386874407
14.643,9.618,3.3,1,0,0.996538203226,6.74410102076e-05,0.996538203246,0,0.908881637451,0.0741428189308
14.645,9.62,3.3,1,0,0.996538203226,6.73064007814e-05,0.996538203246,0,0.908881637451,0.0741469416131
14.647,9.622,3.3,1,0,0.996538203226,6.71720704558e-05,0.996538203246,0,0.908881637451,0.0741510557473
14.649,9.624,3.3,1,0,0.996538203226,6.70379946186e-05,0.996538203246,0,0.908881637451,0.0741551620873
14.651,9.626,3.3,1,0,0.996538203226,6.69042001058e-05,0.996538203246,0,0.908881637451,0.0741592598112
14.653,9.628,3.3,1,0,0.996538203226,6.6770643994e-05,0.996538203246,0,0.908881637451,0.0741633502336
14.655,9.63,3.3,1,0,0.996538203226,6.66373726104e-05,0.996538203246,0,0.908881637451,0.0741674319356
14.657,9.632,3.3,1,0,0.996538203226,6.65043775532e-05,0.996538203246,0,0.908881637451,0.0741715051746
14.659,9.634,3.3,1,0,0.996538203226,6.63716344548e-05,0.996538203246,0,0.908881637451,0.0741755706968
14.661,9.636,3.3,1,0,0.996538203226,6.62391698843e-05,0.996538203246,0,0.908881637451,0.0741796276885
14.663,9.638,3.3,1,0,0.996538203226,6.61069413451e-05,0.996538203246,0,0.908881637451,0.0741836774514
14.665,9.64,3.3,1,0,0.996538203226,6.59749947038e-05,0.996538203246,0,0.908881637451,0.0741877185805
14.667,9.642,3.3,1,0,0.996538203226,6.58433216421e-05,0.996538203246,0,0.908881637451,0.0741917513307
14.669,9.644,3.3,1,0,0.996538203226,6.57118980347e-05,0.996538203246,0,0.908881637451,0.0741957764409
14.671,9.646,3.3,1,0,0.996538203226,6.55807501867e-05,0.996538203246,0,0.908881637451,0.0741997931054
14.673,9.648,3.3,1,0,0.996538203226,6.54498360236e-05,0.996538203246,0,0.90888163745,0.0742038026128
14.675,9.65,3.3,1,0,0.996538203226,6.53192009565e-05,0.996538203246,0,0.90888163745,0.0742078035724
14.677,9.652,3.3,1,0,0.996538203226,6.51888367495e-05,0.996538203246,0,0.90888163745,0.0742117962363
14.679,9.654,3.3,1,0,0.996538203226,6.50587195171e-05,0.996538203246,0,0.90888163745,0.0742157813362
14.681,9.656,3.3,1,0,0.996538203226,6.49288753031e-05,0.996538203246,0,0.90888163745,0.0742197580743
14.683,9.658,3.3,1,0,0.996538203226,6.47992624511e-05,0.996538203246,0,0.90888163745,0.0742237277264
14.685,9.66,3.3,1,0,0.996538203226,6.46699259208e-05,0.996538203246,0,0.90888163745,0.0742276889157
14.687,9.662,3.3,1,0,0.996538203226,6.45408575582e-05,0.996538203246,0,0.90888163745,0.0742316418918
14.689,9.664,3.3,1,0,0.996538203226,6.44120337153e-05,0.996538203246,0,0.90888163745,0.074235587379
14.691,9.666,3.3,1,0,0.996538203226,6.42834801769e-05,0.996538203246,0,0.90888163745,0.0742395245876
14.693,9.668,3.3,1,0,0.996538203226,6.41551557007e-05,0.996538203246,0,0.90888163745,0.0742434547807
14.695,9.67,3.3,1,0,0.996538203226,6.40271047995e-05,0.996538203246,0,0.90888163745,0.0742473765951
14.697,9.672,3.3,1,0,0.996538203226,6.38993194004e-05,0.996538203246,0,0.90888163745,0.0742512902779
14.699,9.674,3.3,1,0,0.996538203226,6.37717760905e-05,0.996538203246,0,0.90888163745,0.0742551965462
14.701,9.676,3.3,1,0,0.996538203226,6.3644500398e-05,0.996538203246,0,0.90888163745,0.0742590946182
14.703,9.678,3.3,1,0,0.996538203226,6.3517451491e-05,0.996538203246,0,0.90888163745,0.0742629857445
14.705,9.68,3.3,1,0,0.996538203226,6.33906734395e-05,0.996538203246,0,0.90888163745,0.0742668685752
14.707,9.682,3.3,1,0,0.996538203226,6.32641582511e-05,0.996538203246,0,0.908881637449,0.0742707433553
14.709,9.684,3.3,1,0,0.996538203226,6.31378827453e-05,0.996538203246,0,0.908881637449,0.0742746107946
14.711,9.686,3.3,1,0,0.996538203226,6.30118721969e-05,0.996538203246,0,0.908881637449,0.074278470119
14.713,9.688,3.3,1,0,0.996538203226,6.28860861796e-05,0.996538203246,0,0.908881637449,0.0742823225668
14.715,9.69,3.3,1,0,0.996538203226,6.27605683255e-05,0.996538203246,0,0.908881637449,0.0742861668015
14.717,9.692,3.3,1,0,0.996538203226,6.26353107215e-05,0.996538203246,0,0.908881637449,0.0742900030655
14.719,9.694,3.3,1,0,0.996538203226,6.25102904176e-05,0.996538203246,0,0.908881637449,0.0742938320617
14.721,9.696,3.3,1,0,0.996538203226,6.23855324375e-05,0.996538203246,0,0.908881637449,0.0742976530238
14.723,9.698,3.3,1,0,0.996538203226,6.22609967566e-05,0.996538203246,0,0.908881637449,0.0743014671775
14.725,9.7,3.3,1,0,0.996538203226,6.21367265732e-05,0.996538203246,0,0.908881637449,0.0743052731998
14.727,9.702,3.3,1,0,0.996538203226,6.2012714053e-05,0.996538203246,0,0.908881637449,0.0743090713306
14.729,9.704,3.3,1,0,0.996538203226,6.18889364743e-05,0.996538203246,0,0.908881637449,0.0743128622659
14.731,9.706,3.3,1,0,0.996538203226,6.17654186116e-05,0.996538203246,0,0.908881637449,0.0743166452469
14.733,9.708,3.3,1,0,0.996538203226,6.16421208385e-05,0.996538203246,0,0.908881637449,0.0743204214872
14.735,9.71,3.3,1,0,0.996538203226,6.15190859238e-05,0.996538203246,0,0.908881637449,0.0743241896769
14.737,9.712,3.3,1,0,0.996538203226,6.13963061111e-05,0.996538203246,0,0.908881637449,0.0743279500536
14.739,9.714,3.3,1,0,0.996538203226,6.12737589045e-05,0.996538203246,0,0.908881637448,0.0743317033063
14.741,9.716,3.3,1,0,0.996538203226,6.11514688323e-05,0.996538203246,0,0.908881637448,0.0743354486838
14.743,9.718,3.3,1,0,0.996538203226,6.10293966619e-05,0.996538203246,0,0.908881637448,0.0743391873875
14.745,9.72,3.3,1,0,0.996538203226,6.09075847372e-05,0.996538203246,0,0.908881637448,0.0743429181208
14.747,9.722,3.3,1,0,0.996538203226,6.07860253786e-05,0.996538203246,0,0.908881637448,0.0743466411186
14.749,9.724,3.3,1,0,0.996538203226,6.06646963139e-05,0.996538203246,0,0.908881637448,0.0743503570633
14.751,9.726,3.3,1,0,0.996538203226,6.05436218278e-05,0.996538203246,0,0.908881637448,0.074354065211
14.753,9.728,3.3,1,0,0.996538203226,6.04227630774e-05,0.996538203246,0,0.908881637448,0.0743577667514
14.755,9.73,3.3,1,0,0.996538203226,6.03021619858e-05,0.996538203246,0,0.908881637448,0.0743614604004
14.757,9.732,3.3,1,0,0.996538203226,6.01818109499e-05,0.996538203246,0,0.908881637448,0.074365146391
14.759,9.734,3.3,1,0,0.996538203226,6.00616879186e-05,0.996538203246,0,0.908881637448,0.0743688253985
14.761,9.736,3.3,1,0,0.996538203226,5.99418169353e-05,0.996538203246,0,0.908881637448,0.0743724966865
14.763,9.738,3.3,1,0,0.996538203226,5.98221595434e-05,0.996538203246,0,0.908881637448,0.0743761614329
14.765,9.74,3.3,1,0,0.996538203226,5.97027572491e-05,0.996538203246,0,0.908881637448,0.0743798183663
14.767,9.742,3.3,1,0,0.996538203226,5.95836025248e-05,0.996538203246,0,0.908881637448,0.0743834677175
14.769,9.744,3.3,1,0,0.996538203226,5.94646735387e-05,0.996538203246,0,0.908881637448,0.074387110155
14.771,9.746,3.3,1,0,0.996538203226,5.93459940953e-05,0.996538203246,0,0.908881637448,0.0743907449497
14.773,9.748,3.3,1,0,0.996538203226,5.92275261201e-05,0.996538203246,0,0.908881637447,0.0743943732678
14.775,9.75,3.3,1,0,0.996538203226,5.91093107067e-05,0.996538203246,0,0.908881637447,0.0743979938507
14.777,9.752,3.3,1,0,0.996538203226,5.89913404025e-05,0.996538203246,0,0.908881637447,0.0744016069266
14.779,9.754,3.3,1,0,0.996538203226,5.88735935927e-05,0.996538203246,0,0.908881637447,0.0744052131576
14.781,9.756,3.3,1,0,0.996538203226,5.87560938449e-05,0.996538203246,0,0.908881637447,0.0744088118218
14.783,9.758,3.3,1,0,0.996538203226,5.86388034634e-05,0.996538203246,0,0.908881637447,0.0744124040737
14.785,9.76,3.3,1,0,0.996538203226,5.85217631331e-05,0.996538203246,0,0.908881637447,0.0744159886674
14.787,9.762,3.3,1,0,0.996538203226,5.84049654756e-05,0.996538203246,0,0.908881637447,0.0744195658286
14.789,9.764,3.3,1,0,0.996538203226,5.8288389091e-05,0.996538203246,0,0.908881637447,0.074423136213
14.791,9.766,3.3,1,0,0.996538203226,5.81720573125e-05,0.996538203246,0,0.908881637447,0.0744266991058
14.793,9.768,3.3,1,0,0.996538203226,5.80559328192e-05,0.996538203246,0,0.908881637447,0.0744302556501
14.795,9.77,3.3,1,0,0.996538203226,5.79400558916e-05,0.996538203246,0,0.908881637447,0.0744338046122
14.797,9.772,3.3,1,0,0.996538203226,5.78244192245e-05,0.996538203246,0,0.908881637447,0.0744373462158
14.799,9.774,3.3,1,0,0.996538203226,5.77090016307e-05,0.996538203246,0,0.908881637447,0.0744408811099
14.801,9.776,3.3,1,0,0.996538203226,5.75938262117e-05,0.996538203246,0,0.908881637447,0.0744444085869
14.803,9.778,3.3,1,0,0.996538203226,5.74788560174e-05,0.996538203246,0,0.908881637446,0.0744479297785
14.805,9.78,3.3,1,0,0.996538203226,5.7364130928e-05,0.996538203246,0,0.908881637446,0.0744514434632
14.807,9.782,3.3,1,0,0.996538203226,5.72496437108e-05,0.996538203246,0,0.908881637446,0.0744549498627
14.809,9.784,3.3,1,0,0.996538203226,5.71353733894e-05,0.996538203246,0,0.908881637446,0.0744584496193
14.811,9.786,3.3,1,0,0.996538203226,5.70213428355e-05,0.996538203246,0,0.908881637446,0.0744619420325
14.813,9.788,3.3,1,0,0.996538203226,5.69075154662e-05,0.996538203246,0,0.908881637446,0.0744654282228
14.815,9.79,3.3,1,0,0.996538203226,5.67939307655e-05,0.996538203246,0,0.908881637446,0.0744689069808
14.817,9.792,3.3,1,0,0.996538203226,5.66805815725e-05,0.996538203246,0,0.908881637446,0.074472378526
14.819,9.794,3.3,1,0,0.996538203226,5.65674471193e-05,0.996538203246,0,0.908881637446,0.0744758434944
14.821,9.796,3.3,1,0,0.996538203226,5.64545500502e-05,0.996538203246,0,0.908881637446,0.0744793011923
14.823,9.798,3.3,1,0,0.996538203226,5.63418541462e-05,0.996538203246,0,0.908881637446,0.0744827527292
14.825,9.8,3.3,1,0,0.996538203226,5.62293984984e-05,0.996538203246,0,0.908881637446,0.0744861969078
14.827,9.802,3.3,1,0,0.996538203226,5.61171760175e-05,0.996538203246,0,0.908881637446,0.0744896339452
14.829,9.804,3.3,1,0,0.996538203226,5.60051661417e-05,0.996538203246,0,0.908881637446,0.0744930644711
14.831,9.806,3.3,1,0,0.996538203226,5.58933912905e-05,0.996538203246,0,0.908881637446,0.0744964877989
14.833,9.808,3.3,1,0,0.996538203226,5.57818156047e-05,0.996538203246,0,0.908881637446,0.0744999050269
14.835,9.81,3.3,1,0,0.996538203226,5.5670477787e-05,0.996538203246,0,0.908881637446,0.0745033149697
14.837,9.812,3.3,1,0,0.996538203226,5.55593708183e-05,0.996538203246,0,0.908881637446,0.0745067178423
14.839,9.814,3.3,1,0,0.996538203226,5.54484743415e-05,0.996538203246,0,0.908881637445,0.0745101142681
14.841,9.816,3.3,1,0,0.996538203226,5.53378105531e-05,0.996538203246,0,0.908881637445,0.0745135035675
14.843,9.818,3.3,1,0,0.996538203226,5.52273439503e-05,0.996538203246,0,0.908881637445,0.0745168868276
14.845,9.82,3.3,1,0,0.996538203226,5.51171128511e-05,0.996538203246,0,0.908881637445,0.0745202628749
14.847,9.822,3.3,1,0,0.996538203226,5.50071103064e-05,0.996538203246,0,0.908881637445,0.0745236319223
14.849,9.824,3.3,1,0,0.996538203226,5.48973161612e-05,0.996538203246,0,0.908881637445,0.074526994587
14.851,9.826,3.3,1,0,0.996538203226,5.47877523914e-05,0.996538203246,0,0.908881637445,0.0745303501961
14.853,9.828,3.3,1,0,0.996538203226,5.46783838471e-05,0.996538203246,0,0.908881637445,0.074533699826
14.855,9.83,3.3,1,0,0.996538203226,5.45692484655e-05,0.996538203246,0,0.908881637445,0.0745370423147
14.857,9.832,3.3,1,0,0.996538203226,5.44603393665e-05,0.996538203246,0,0.908881637445,0.0745403778732
14.859,9.834,3.3,1,0,0.996538203226,5.43516365955e-05,0.996538203246,0,0.908881637445,0.0745437071124
14.861,9.836,3.3,1,0,0.996538203226,5.42431619099e-05,0.996538203246,0,0.908881637445,0.0745470293661
14.863,9.838,3.3,1,0,0.996538203226,5.41348805092e-05,0.996538203246,0,0.908881637445,0.0745503457
14.865,9.84,3.3,1,0,0.996538203226,5.40268299536e-05,0.996538203246,0,0.908881637445,0.0745536549639
14.867,9.842,3.3,1,0,0.996538203226,5.39190034313e-05,0.996538203246,0,0.908881637445,0.0745569573662
14.869,9.844,3.3,1,0,0.996538203226,5.3811381186e-05,0.996538203246,0,0.908881637445,0.0745602535122
14.871,9.846,3.3,1,0,0.996538203226,5.37039847589e-05,0.996538203246,0,0.908881637444,0.0745635427421
14.873,9.848,3.3,1,0,0.996538203226,5.35967796955e-05,0.996538203246,0,0.908881637444,0.074566826111
14.875,9.85,3.3,1,0,0.996538203226,5.34898031825e-05,0.996538203246,0,0.908881637444,0.0745701024802
14.877,9.852,3.3,1,0,0.996538203226,5.33830484758e-05,0.996538203246,0,0.908881637444,0.074573372056
14.879,9.854,3.3,1,0,0.996538203226,5.32764960156e-05,0.996538203246,0,0.908881637444,0.0745766354377
14.881,9.856,3.3,1,0,0.996538203226,5.31701671289e-05,0.996538203246,0,0.908881637444,0.074579891972
14.883,9.858,3.3,1,0,0.996538203226,5.30640277037e-05,0.996538203246,0,0.908881637444,0.0745831427037
14.885,9.86,3.3,1,0,0.996538203226,5.29581145571e-05,0.996538203246,0,0.908881637444,0.0745863865051
14.887,9.862,3.3,1,0,0.996538203226,5.2852421012e-05,0.996538203246,0,0.908881637444,0.0745896235808
14.889,9.864,3.3,1,0,0.996538203226,5.27469277031e-05,0.996538203246,0,0.908881637444,0.0745928545238
14.891,9.866,3.3,1,0,0.996538203226,5.26416557453e-05,0.996538203246,0,0.908881637444,0.0745960786876
14.893,9.868,3.3,1,0,0.996538203226,5.25365713657e-05,0.996538203246,0,0.908881637444,0.0745992971063
14.895,9.87,3.3,1,0,0.996538203226,5.24317110155e-05,0.996538203246,0,0.908881637444,0.0746025086638
14.897,9.872,3.3,1,0,0.996538203226,5.23270680838e-05,0.996538203246,0,0.908881637444,0.0746057135623
14.899,9.874,3.3,1,0,0.996538203226,5.22226233979e-05,0.996538203246,0,0.908881637444,0.0746089123892
14.901,9.876,3.3,1,0,0.996538203226,5.2118397863e-05,0.996538203246,0,0.908881637444,0.0746121045042
14.903,9.878,3.3,1,0,0.996538203226,5.20143580416e-05,0.996538203246,0,0.908881637444,0.0746152909313
14.905,9.88,3.3,1,0,0.996538203226,5.19105400227e-05,0.996538203246,0,0.908881637444,0.0746184705652
14.907,9.882,3.3,1,0,0.996538203226,5.18069372612e-05,0.996538203246,0,0.908881637443,0.0746216436065
14.909,9.884,3.3,1,0,0.996538203226,5.17035307749e-05,0.996538203246,0,0.908881637443,0.0746248106364
14.911,9.886,3.3,1,0,0.996538203226,5.16003412611e-05,0.996538203246,0,0.908881637443,0.0746279710212
14.913,9.888,3.3,1,0,0.996538203226,5.14973356149e-05,0.996538203246,0,0.908881637443,0.0746311257746
14.915,9.89,3.3,1,0,0.996538203226,5.13945495664e-05,0.996538203246,0,0.908881637443,0.0746342738024
14.917,9.892,3.3,1,0,0.996538203226,5.12919766356e-05,0.996538203246,0,0.908881637443,0.0746374153031
14.919,9.894,3.3,1,0,0.996538203226,5.1189598029e-05,0.996538203246,0,0.908881637443,0.0746405508521
14.921,9.896,3.3,1,0,0.996538203226,5.10874342381e-05,0.996538203246,0,0.908881637443,0.0746436798221
14.923,9.898,3.3,1,0,0.996538203226,5.09854524872e-05,0.996538203246,0,0.908881637443,0.0746468032166
14.925,9.9,3.3,1,0,0.996538203226,5.08836881511e-05,0.996538203246,0,0.908881637443,0.0746499199525
14.927,9.902,3.3,1,0,0.996538203226,5.07821348143e-05,0.996538203246,0,0.908881637443,0.074653030226
14.929,9.904,3.3,1,0,0.996538203226,5.068077387e-05,0.996538203246,0,0.908881637443,0.0746561346072
14.931,9.906,3.3,1,0,0.996538203226,5.05796256061e-05,0.996538203246,0,0.908881637443,0.0746592324745
14.933,9.908,3.3,1,0,0.996538203226,5.04786575727e-05,0.996538203246,0,0.908881637443,0.074662324822
14.935,9.91,3.3,1,0,0.996538203226,5.0377904793e-05,0.996538203246,0,0.908881637443,0.0746654105769
14.937,9.912,3.3,1,0,0.996538203226,5.02773609152e-05,0.996538203246,0,0.908881637443,0.0746684899338
14.939,9.914,3.3,1,0,0.996538203226,5.01770075176e-05,0.996538203246,0,0.908881637442,0.0746715634568
14.941,9.916,3.3,1,0,0.996538203226,5.00768646863e-05,0.996538203246,0,0.908881637442,0.0746746305308
14.943,9.918,3.3,1,0,0.996538203226,4.99769002938e-05,0.996538203246,0,0.908881637442,0.0746776921397
14.945,9.92,3.3,1,0,0.996538203226,4.98771490155e-05,0.996538203246,0,0.908881637442,0.0746807472217
14.947,9.922,3.3,1,0,0.996538203226,4.97776045625e-05,0.996538203246,0,0.908881637442,0.0746837959691
14.949,9.924,3.3,1,0,0.996538203226,4.96782486963e-05,0.996538203246,0,0.908881637442,0.0746868389408
14.951,9.926,3.3,1,0,0.996538203226,4.95791013033e-05,0.996538203246,0,0.908881637442,0.0746898755275
14.953,9.928,3.3,1,0,0.996538203226,4.94801305755e-05,0.996538203246,0,0.908881637442,0.0746929067035
14.955,9.93,3.3,1,0,0.996538203226,4.93813708433e-05,0.996538203246,0,0.908881637442,0.0746959314173
14.957,9.932,3.3,1,0,0.996538203226,4.92828158807e-05,0.996538203246,0,0.908881637442,0.0746989498597
14.959,9.934,3.3,1,0,0.996538203226,4.91844476302e-05,0.996538203246,0,0.908881637442,0.0747019625836
14.961,9.936,3.3,1,0,0.996538203226,4.90862857807e-05,0.996538203246,0,0.908881637442,0.0747049689861
14.963,9.938,3.3,1,0,0.996538203226,4.89882988404e-05,0.996538203246,0,0.908881637442,0.0747079700316
14.965,9.94,3.3,1,0,0.996538203226,4.88905207983e-05,0.996538203246,0,0.908881637442,0.0747109646792
14.967,9.942,3.3,1,0,0.996538203226,4.87929454903e-05,0.996538203246,0,0.908881637442,0.0747139531177
14.969,9.944,3.3,1,0,0.996538203226,4.86955550385e-05,0.996538203246,0,0.908881637442,0.0747169358946
14.971,9.946,3.3,1,0,0.996538203226,4.8598368936e-05,0.996538203246,0,0.908881637441,0.0747199124129
14.973,9.948,3.3,1,0,0.996538203226,4.8501356004e-05,0.996538203246,0,0.908881637441,0.0747228836275
14.975,9.95,3.3,1,0,0.996538203226,4.84045498938e-05,0.996538203246,0,0.908881637441,0.0747258485078
14.977,9.952,3.3,1,0,0.996538203226,4.83079445025e-05,0.996538203246,0,0.908881637441,0.0747288072406
14.979,9.954,3.3,1,0,0.996538203226,4.82115221299e-05,0.996538203246,0,0.908881637441,0.0747317603681
14.981,9.956,3.3,1,0,0.996538203226,4.81153020753e-05,0.996538203246,0,0.908881637441,0.0747347072993
14.983,9.958,3.3,1,0,0.996538203226,4.80192534699e-05,0.996538203246,0,0.908881637441,0.0747376489794
14.985,9.96,3.3,1,0,0.996538203226,4.79234096304e-05,0.996538203246,0,0.908881637441,0.0747405843882
14.987,9.962,3.3,1,0,0.996538203226,4.78277645146e-05,0.996538203246,0,0.908881637441,0.0747435137107
14.989,9.964,3.3,1,0,0.996538203226,4.77323005983e-05,0.996538203246,0,0.908881637441,0.0747464374836
14.991,9.966,3.3,1,0,0.996538203226,4.76370369889e-05,0.996538203246,0,0.908881637441,0.0747493551217
14.993,9.968,3.3,1,0,0.996538203226,4.75419431244e-05,0.996538203246,0,0.908881637441,0.0747522675611
14.995,9.97,3.3,1,0,0.996538203226,4.74470519905e-05,0.996538203246,0,0.908881637441,0.0747551737914
14.997,9.972,3.3,1,0,0.996538203226,4.73523558302e-05,0.996538203246,0,0.908881637441,0.0747580740502
14.999,9.974,3.3,1,0,0.996538203226,4.72578506767e-05,0.996538203246,0,0.908881637441,0.0747609684591
15.001,9.976,3.23400000008,1,0,0.996538203226,4.71635166049e-05,0.996538203246,0,0.908881637441,0.0747638576282
15.003,9.978,3.10200000008,1,0,0.996538203226,4.70693795583e-05,0.996538203246,0,0.90888163744,0.0747667407631
15.005,9.98,2.97000000008,1,0,0.996538203226,4.69754316555e-05,0.996538203246,0,0.90888163744,0.074769618105
15.007,9.982,2.83800000008,1,0,0.996538203226,4.68816785453e-05,0.996538203246,0,0.90888163744,0.0747724894811
15.009,9.984,2.70600000008,1,0,0.996538203226,4.67881030501e-05,0.996538203246,0,0.90888163744,0.0747753554173
15.011,9.986,2.57400000008,1,0,0.996538203226,4.66947238995e-05,0.996538203246,0,0.90888163744,0.0747782153401
15.013,9.988,2.44200000008,1,0,0.996538203226,4.6601511136e-05,0.996538203246,0,0.90888163744,0.074781070167
15.015,9.99,2.31000000008,1,0,0.996538203226,4.65084970927e-05,0.996538203246,0,0.90888163744,0.0747839189076
15.017,9.992,2.17800000008,1,0,0.996538203226,4.64156759058e-05,0.996538203246,0,0.90888163744,0.0747867617417
15.019,9.994,2.04600000008,1,0,0.996538203226,4.63230305684e-05,0.996538203246,0,0.90888163744,0.07478959919
15.021,9.996,1.91400000008,1,0,0.996538203226,4.62305796239e-05,0.996538203246,0,0.90888163744,0.0747924306846
15.023,9.998,1.78200000008,1,0,0.996538203226,4.61382934126e-05,0.996538203246,0,0.90888163744,0.0747952571339
15.025,10,1.65000000008,1,0,0.996538203226,4.60462039462e-05,0.996538203246,0,0.90888163744,0.0747980775576
15.027,10.002,1.51800000008,1,0,0.996538203226,4.59542980188e-05,0.996538203246,0,0.90888163744,0.0748008923599
15.029,10.004,1.38600000008,1,0,0.996538203226,4.58625753151e-05,0.996538203246,0,0.873595657734,0.0930750912269
15.031,10.006,1.25400000008,1,0,0.995357000643,4.57710366999e-05,0.940113472386,0,0.544043918292,0.258145541535
15.033,10.008,1.12200000008,1,0,0.980692069483,0.000348581938552,0.743341955511,0.0337530074323,0.232388194943,0.369732092816
15.035,10.01,0.99000000008,1,0,0.948407823128,0.0132279131653,0.543341955511,0.233758635733,0.0794973253978,0.489744593999
15.037,10.012,0.85800000008,1,0,0.899839391423,0.0442755922239,0.343341955511,0.433758635734,0.161529034667,0.591445222717
15.039,10.014,0.72600000008,1,0,0.837613857446,0.0905605111272,0.143341955511,0.633758635734,0.458172834711,0.583919304987
15.041,10.016,0.59400000008,1,0,0.76278551263,0.15182626315,0,0.833758635733,0.989807323228,0.431270076503
15.043,10.018,0.46200000008,1,0,0.690220609296,0.225933477952,0,1,1.35840079419,0.264322959791
15.045,10.02,0.33000000008,1,0,0.624719414712,0.299307622861,0,1,1.56974494723,0.094119357126
15.047,10.022,0.19800000008,1,0,0.565050958504,0.366229168399,0,1,1.667984962,-0.0695699034884
15.049,10.024,0.0660000000802,0.417870659044,0.261389058539,0.511253586306,0.426569169453,0,1,1.62377939849,-0.198271238167
15.051,10.026,0,-0.15671044431,0.519386512173,0.462626038134,0.481110665262,0,1,1.47138730071,-0.294489383937
15.053,10.028,0,-0.686832544764,0.763985055599,0.418571995797,0.530522438135,0,1,1.29566281048,-0.361852656309
15.055,10.03,0,0.33427657362,0.548059604003,0.378837260212,0.575089602138,0,1,1.18089710466,-0.376055989898
15.057,10.032,0,1.37775876626,0.325345355307,0.342724741935,0.615594024802,0,1,1.11751342002,-0.352306902141
15.059,10.034,0,2.3953649996,0.101215640138,0.309977969635,0.652323368793,0,1,1.08543789858,-0.307782081823
15.061,10.036,0,2.21967173012,-0.135963669356,0.2805433974,0.685337692127,0,1,1.06355297893,-0.265781882741
15.063,10.038,0,2.02710851262,-0.373118204856,0.253798476994,0.71533525563,0,1,1.03942786204,-0.233775508876
15.065,10.04,0,1.81616501576,-0.582293337391,0.229594562769,0.742482782821,0,1,1.01478319846,-0.209903437155
15.067,10.042,0,1.48493870021,-0.60913276,0.207679440737,0.767063161258,0,1,0.990849979528,-0.192843957907
15.069,10.044,0,1.13487147878,-0.608933881786,0.187831670717,0.78932476206,0,1,0.968144660361,-0.180950864289
15.071,10.046,0,0.791936542815,-0.606765442937,0.169995742292,0.809329846669,0,1,0.949571119459,-0.172622157522
15.073,10.048,0,0.873947458771,-0.471494153024,0.153789612905,0.827506920597,0,1,0.93677465128,-0.164284741908
15.075,10.05,0,0.960832916614,-0.33430061675,0.139123210476,0.843957010242,0,1,0.928869077397,-0.155770277784
15.077,10.052,0,1.04192322406,-0.203294101651,0.125843705516,0.858851531791,0,1,0.921333343163,-0.148588331108
15.079,10.054,0,1.01533417742,-0.185527736309,0.113816915976,0.872340986143,0,1,0.911321445196,-0.143866988877
15.081,10.056,0,0.98328917002,-0.173376688007,0.103009205225,0.884463100722,0,1,0.897706970896,-0.142292258287
15.083,10.058,0,0.955564750163,-0.1655787649,0.093189073936,0.895477529163,0,1,0.883223016396,-0.142014697864
15.085,10.06,0,0.930106048098,-0.160069856346,0.0843019427802,0.905445488579,0,1,0.869528233882,-0.142128025977
15.087,10.062,0,0.910418990792,-0.157978566668,0.076255204472,0.914470848899,0,1,0.856923015973,-0.142237300462
15.089,10.064,0,0.890972418688,-0.156029677779,0.0689675511743,0.922644806394,0,1,0.845148806938,-0.141958469258
15.091,10.066,0,0.892078358542,-0.14670149437,0.0624186007139,0.929990222059,0,1,0.833909216945,-0.140744337984
15.093,10.068,0,0.896954285815,-0.136019712552,0.0564680756849,0.93666443345,0,1,0.823459764443,-0.138730989249
15.095,10.07,0,0.899339700013,-0.126755678955,0.051082903652,0.942704535181,0,1,0.813976027449,-0.13626140809
15.097,10.072,0,0.877999700013,-0.130997562723,0.046206969075,0.948173467407,0,1,0.805544031291,-0.133567303156
15.099,10.074,0,0.856659700013,-0.13523944649,0.0417910033335,0.953126490664,0,1,0.798128909715,-0.13092958993
15.101,10.076,0,0.839474080174,-0.138110811569,0.0378226558156,0.957577457609,0,1,0.794325523432,-0.127777676564
15.103,10.078,0,0.825058047116,-0.140068497519,0.0342169251917,0.961621707198,0,1,0.789476275673,-0.125116417675
15.105,10.08,0,0.813984642585,-0.140381562774,0.0309537711643,0.965281716974,0,1,0.782991656876,-0.123395834816
15.107,10.082,0,0.803826735043,-0.140244190511,0.0279991904275,0.968595625632,0,1,0.775556138961,-0.122641882785
15.109,10.084,0,0.795969165889,-0.137378155439,0.0253233285782,0.971596918383,0,1,0.767732165888,-0.122622311967
15.111,10.086,0,0.788962406827,-0.133502888915,0.0229187017425,0.97429398927,0,1,0.756448403562,-0.124405079782
15.113,10.088,0,0.781955647765,-0.12962762239,0.020733803222,0.976744609093,0,1,0.743898910941,-0.125924574529
15.115,10.09,0,0.774948888704,-0.125752355866,0.0187564895648,0.978962398157,0,1,0.731099581736,-0.126819468851
15.117,10.092,0,0.767950401676,-0.122014060293,0.0169661564108,0.980970466668,0,1,0.71849159177,-0.127247113337
15.119,10.094,0,0.761150443473,-0.121563067607,0.0153447134342,0.982789105045,0,1,0.706302097451,-0.127366807085
15.121,10.096,0,0.754350485271,-0.121112074922,0.0138867198401,0.98442441578,0,1,0.698608966855,-0.129535416502
15.123,10.098,0,0.747550527068,-0.120661082236,0.0125707407197,0.985900440633,0,1,0.689657541288,-0.128824167529
15.125,10.1,0,0.740750568865,-0.120210089551,0.0113671110963,0.987250452356,0,1,0.676766630418,-0.127900062803
15.127,10.102,0,0.731709010919,-0.120345912726,0.0102839024926,0.988465397788,0,1,0.658542434173,-0.115960612317
15.129,10.104,0,0.716118465464,-0.122196158715,0.00930340545369,0.989565140159,0,1,0.637373683177,-0.0834832775766
15.131,10.106,0,0.70052792001,-0.124046404705,0.00841817463136,0.990558030301,0,1,0.638027521845,-0.127522721352
15.133,10.108,0,0.684937374555,-0.125896650694,0.00761942781502,0.991453918491,0,1,0.632141797125,-0.140635066045
15.135,10.11,0,0.6693468291,-0.127746896683,0.00689200393446,0.992269809648,0,1,0.621575271547,-0.130464870077
15.137,10.112,0,0.658499645303,-0.127586816179,0.00623769024797,0.993003699152,0,1,0.608056961668,-0.104290498401
15.139,10.114,0,0.65108730961,-0.125970982003,0.00564057252411,0.993673436678,0,1,0.593419024561,-0.0712991929078
15.141,10.116,0,0.643674973918,-0.124355147827,0.00510423471311,0.994275002407,0,1,0.587232822645,-0.103291134285
15.143,10.118,0,0.636262638225,-0.122739313651,0.00461908854508,0.994819150708,0,1,0.579192174965,-0.116174722511
15.145,10.12,0,0.628850302532,-0.121123479475,0.00417954438773,0.995312151007,0,1,0.569633442043,-0.11269653717
15.147,10.122,0,0.617967337678,-0.118830011526,0.00378070688324,0.995759494024,0,1,0.559415603892,-0.0992580828911
15.149,10.124,0,0.605089444246,-0.116147037548,0.00341971129838,0.996164392891,0,1,0.54912644006,-0.0802743580389
15.151,10.126,0,0.592211550813,-0.11346406357,0.00309439843806,0.9965292694,0,1,0.540749675772,-0.101585100575
15.153,10.128,0,0.579333657381,-0.110781089593,0.00280057285864,0.996858829232,0,1,0.532512958031,-0.111275365179
15.155,10.13,0,0.568262348884,-0.109120495042,0.00253414841689,0.997157655476,0,1,0.524463808154,-0.110614051387
15.157,10.132,0,0.558395430348,-0.108141486777,0.00229270732302,0.997428459967,0,1,0.516750195136,-0.103332783244
15.159,10.134,0,0.548528511812,-0.107162478513,0.00207309290716,0.997674783279,0,1,0.509381080087,-0.0925789510607
15.161,10.136,0,0.538661593276,-0.106183470249,0.00187586008958,0.997896003005,0,1,0.494602697619,-0.105026594718
15.163,10.138,0,0.529300907617,-0.105618944004,0.00169772323797,0.998095804367,0,1,0.482293319202,-0.110452076903
15.165,10.14,0,0.520820928472,-0.10577550292,0.00153685836291,0.998276233182,0,1,0.4725435009,-0.109535273649
15.167,10.142,0,0.512340949327,-0.105932061835,0.00138979739484,0.998441179298,0,1,0.464464134254,-0.105076792818
15.169,10.144,0,0.503860970182,-0.106088620751,0.00125664629741,0.998590523863,0,1,0.457697444266,-0.0983820718295
15.171,10.146,0,0.495380991038,-0.106245179666,0.00113731895857,0.998724363462,0,1,0.444487855159,-0.105252855318
15.173,10.148,0,0.485603149441,-0.106337307547,0.00102980217942,0.998844956134,0,1,0.434014028882,-0.108030095763
15.175,10.15,0,0.474846218623,-0.10638082956,0.000931843278601,0.998954828524,0,1,0.425867244219,-0.107442183215
15.177,10.152,0,0.464089287805,-0.106424351572,0.000842371676357,0.999055181415,0,1,0.419434411497,-0.104655793869
15.179,10.154,0,0.453332356988,-0.106467873585,0.000761649511025,0.999145720786,0,1,0.414399735616,-0.100447562494
15.181,10.156,0,0.44257542617,-0.106511395597,0.000689325572724,0.999226840562,0,1,0.404586499944,-0.102549614593
15.183,10.158,0,0.431818495353,-0.10655491761,0.000623960530037,0.99930015512,0,1,0.396792244418,-0.102722336807
15.185,10.16,0,0.421061564535,-0.106598439623,0.000564455574134,0.999366896903,0,1,0.390895724461,-0.101277619049
15.187,10.162,0,0.410304633717,-0.106641961635,0.000510405364109,0.99942752055,0,1,0.386407058046,-0.0987891251288
15.189,10.164,0,0.402318109585,-0.105910338204,0.00046161944919,0.999482239673,0,1,0.382925606345,-0.0956928703559
15.191,10.166,0,0.396029576651,-0.104703625629,0.000417785459831,0.99953140463,0,1,0.372515907404,-0.0962994188372
15.193,10.168,0,0.389741043716,-0.103496913055,0.000377946249872,0.999576088975,0,1,0.36429380647,-0.0960147708561
15.195,10.17,0,0.383452510782,-0.10229020048,0.000341896701412,0.999616522769,0,1,0.358436001784,-0.0948121593079
15.197,10.172,0,0.377163977848,-0.101083487905,0.000309261470032,0.999653127007,0,1,0.354207280616,-0.0930766698406
15.199,10.174,0,0.370875444914,-0.0998767753301,0.000279718684503,0.999686262704,0,1,0.351056719908,-0.0910870051529
15.201,10.176,0,0.36458691198,-0.0986700627552,0.000253157442637,0.999716054251,0,1,0.342974784454,-0.0917066864732
15.203,10.178,0,0.358336871488,-0.0972954174523,0.00022902329542,0.999743123526,0,1,0.336681628849,-0.0917421592746
15.205,10.18,0,0.35208928796,-0.0959100530389,0.000207182107626,0.999767620979,0,1,0.332262745523,-0.0911561229577
15.207,10.182,0,0.345841704433,-0.0945246886256,0.000187406285774,0.999789801881,0,1,0.329119684336,-0.0902001806349
15.209,10.184,0,0.339594120905,-0.0931393242122,0.000169496006128,0.999809890359,0,1,0.326782519516,-0.0890570342638
15.211,10.186,0,0.333346537378,-0.0917539597988,0.000153401177061,0.999827942597,0,1,0.316931208002,-0.08930752072
15.213,10.188,0,0.32709895385,-0.0903685953855,0.000138777050067,0.99984434527,0,1,0.309251684283,-0.0892149112539
15.215,10.19,0,0.321499670644,-0.0894854018336,0.000125542345683,0.999859189542,0,1,0.303975177072,-0.0887813808252
15.217,10.192,0,0.316535850131,-0.0890944351669,0.000113559153256,0.999872630097,0,1,0.300333366051,-0.0881494413163
15.219,10.194,0,0.311572029618,-0.0887034685002,0.000102706389259,0.999884802744,0,1,0.297740795611,-0.0874260737491
15.221,10.196,0,0.306608209106,-0.0883125018336,9.29537005846e-05,0.999895741528,0,1,0.289498648375,-0.0885599341342
15.223,10.198,0,0.301644388593,-0.0879215351669,8.40921862997e-05,0.999905680755,0,1,0.283186101671,-0.0892919757061
15.225,10.2,0,0.29668056808,-0.0875305685002,7.60725949758e-05,0.999914675667,0,1,0.278861433372,-0.0895528782306
15.227,10.202,0,0.291716747567,-0.0871396018336,6.88113594216e-05,0.999922819994,0,1,0.275900202157,-0.0895194339991
15.229,10.204,0,0.286752927054,-0.0867486351669,6.22351088708e-05,0.99993019603,0,1,0.273834137299,-0.0893228966556
15.231,10.206,0,0.2820353797,-0.0866339459884,5.63254508077e-05,0.999936824404,0,1,0.265844400869,-0.0891507645775
15.233,10.208,0,0.277420882817,-0.0866348622841,5.09527490278e-05,0.999942850519,0,1,0.259617183497,-0.0888615314311
15.235,10.21,0,0.272806385933,-0.0866357785797,4.60926912808e-05,0.999948301643,0,1,0.255419612748,-0.0885287090993
15.237,10.212,0,0.26819188905,-0.0866366948753,4.16929948558e-05,0.999953236419,0,1,0.252586771201,-0.088179801587
15.239,10.214,0,0.263577392167,-0.086637611171,3.77114299453e-05,0.99995770221,0,1,0.250590343408,-0.0878373533629
15.241,10.216,0,0.258962895283,-0.0866385274666,3.41304664009e-05,0.999961718681,0,1,0.241132484388,-0.0874952026751
15.243,10.218,0,0.2543483984,-0.0866394437622,3.08741647784e-05,0.999965371005,0,1,0.233828580429,-0.087152411616
15.245,10.22,0,0.249733901517,-0.0866403600579,2.79292554119e-05,0.999968674066,0,1,0.228920196602,-0.0868418022728
15.247,10.222,0,0.245119404633,-0.0866412763535,2.52633287542e-05,0.999971664215,0,1,0.22562698872,-0.086558810625
15.249,10.224,0,0.24050490775,-0.0866421926492,2.28512862909e-05,0.999974369604,0,1,0.22335888273,-0.0862980069392
15.251,10.226,0,0.235890410867,-0.0866431089448,2.06813971282e-05,0.999976803389,0,1,0.216916949799,-0.0855282811516
15.253,10.228,0,0.231563217746,-0.0864167273819,1.87097865852e-05,0.999979014781,0,1,0.212075416294,-0.0848882935083
15.255,10.23,0,0.22755357089,-0.0859391218694,1.69254966437e-05,0.999981016071,0,1,0.208784491335,-0.0844121327987
15.257,10.232,0,0.223543924033,-0.0854615163569,1.53099343241e-05,0.999982828114,0,1,0.206568357768,-0.0840494124235
15.259,10.234,0,0.219534277177,-0.0849839108444,1.38467752631e-05,0.999984469218,0,1,0.20508270216,-0.0837531321339
15.261,10.236,0,0.215524630321,-0.0845063053319,1.25319272848e-05,0.999985943974,0,1,0.200265981832,-0.0816020713892
15.263,10.238,0,0.211514983465,-0.0840286998194,1.13368548479e-05,0.999987284388,0,1,0.196494623257,-0.0798920831949
15.265,10.24,0,0.207505336609,-0.0835510943069,1.02555131299e-05,0.99998849724,0,1,0.193976939533,-0.0787130635162
15.267,10.242,0,0.203495689753,-0.0830734887944,9.27658881726e-06,0.999989595218,0,1,0.192306848454,-0.077900454182
15.269,10.244,0,0.199486042897,-0.0825958832819,8.39046535199e-06,0.99999058911,0,1,0.191126822964,-0.0773280165251
15.271,10.246,0,0.19547639604,-0.0821182777695,7.59373209129e-06,0.999991482739,0,1,0.185722388295,-0.0761692590117
15.273,10.248,0,0.191466749184,-0.081640672257,6.86980216726e-06,0.999992294712,0,1,0.181617285868,-0.0752878855957
15.275,10.25,0,0.187457102328,-0.0811630667445,6.2146520483e-06,0.999993029539,0,1,0.178850742657,-0.0746763977611
15.277,10.252,0,0.184179442184,-0.0803649929679,5.62145482104e-06,0.999993694879,0,1,0.177004140639,-0.0742521341982
15.279,10.254,0,0.181016022742,-0.0795169039128,5.08421655582e-06,0.999994297455,0,1,0.175752701209,-0.0739518155721
15.281,10.256,0,0.177852603299,-0.0786688148578,4.6014346999e-06,0.999994838952,0,1,0.170284710363,-0.073072732813
15.283,10.258,0,0.174689183856,-0.0778207258027,4.16435954658e-06,0.999995329183,0,1,0.16603910964,-0.0723900407967
15.285,10.26,0,0.171525764414,-0.0769726367476,3.76719870543e-06,0.999995774645,0,1,0.163153265933,-0.0719148450474
15.287,10.262,0,0.168362344971,-0.0761245476926,3.40676407313e-06,0.999996178915,0,1,0.161258727588,-0.0715914635479
15.289,10.264,0,0.165198925529,-0.0752764586375,3.08140819615e-06,0.999996543839,0,1,0.159983890318,-0.0713663194766
15.291,10.266,0,0.162035506086,-0.0744283695824,2.788806976e-06,0.999996872026,0,1,0.155464134048,-0.0705816661427
15.293,10.268,0,0.158872086644,-0.0735802805274,2.52294286623e-06,0.999997170224,0,1,0.152076354088,-0.0699800483122
15.295,10.27,0,0.155708667201,-0.0727321914723,2.28233822017e-06,0.99999744009,0,1,0.149786960653,-0.0695687049475
15.297,10.272,0,0.152545247759,-0.0718841024172,2.06448584592e-06,0.999997684437,0,1,0.148260335077,-0.0692900642932
15.299,10.274,0,0.149381828316,-0.0710360133622,1.86718446581e-06,0.999997905734,0,1,0.147244205234,-0.0690968741152
15.301,10.276,0,0.146218408873,-0.0701879243071,1.68988226559e-06,0.999998104599,0,1,0.142766926115,-0.0687158178709
15.303,10.278,0,0.143054989431,-0.0693398352521,1.52931086725e-06,0.999998284699,0,1,0.13923997041,-0.0684174436569
15.305,10.28,0,0.14015581021,-0.0685735498735,1.38345682711e-06,0.999998448291,0,1,0.136841919629,-0.0682082797632
15.307,10.282,0,0.138697166394,-0.0682532264756,1.25111356074e-06,0.999998596729,0,1,0.135287659238,-0.068065057264
15.309,10.284,0,0.137238522579,-0.0679329030777,1.13164865773e-06,0.999998730723,0,1,0.134242395815,-0.0679746457416
15.311,10.286,0,0.135779878764,-0.0676125796798,1.02419071741e-06,0.99999885125,0,1,0.127612712008,-0.0677970968937
15.313,10.288,0,0.134321234949,-0.0672922562819,9.26779041223e-07,0.999998960509,0,1,0.122505729734,-0.0676360351646
15.315,10.29,0,0.132862591134,-0.066971932884,8.38387327749e-07,0.99999905965,0,1,0.119033226377,-0.0675286659238
15.317,10.292,0,0.131403947318,-0.066651609486,7.58223226054e-07,0.999999149564,0,1,0.11674788709,-0.0674660829957
15.319,10.294,0,0.128728977139,-0.0665279989771,6.85857121339e-07,0.999999230731,0,1,0.115264414837,-0.0674166770507
15.321,10.296,0,0.124537015646,-0.0666497270156,6.20730199561e-07,0.999999303778,0,1,0.11359286554,-0.0671235557181
15.323,10.298,0,0.120345054154,-0.0667714550541,5.61554400256e-07,0.999999370151,0,1,0.11241652795,-0.0669159394256
15.325,10.3,0,0.116153092662,-0.0668931830926,5.08000830128e-07,0.999999430218,0,1,0.111637625644,-0.0667727662422
15.327,10.302,0,0.112713151732,-0.0669253660937,4.59511440612e-07,0.999999484604,0,1,0.111149451351,-0.0666735392118
15.329,10.304,0,0.111114364597,-0.0667383181405,4.15596273264e-07,0.99999953386,0,1,0.110797038734,-0.0666089277287
15.331,10.306,0,0.109515577463,-0.0665512701873,3.76132505756e-07,0.999999578123,0,1,0.106371017765,-0.066188523412
15.333,10.308,0,0.107916790328,-0.066364222234,3.40422777182e-07,0.999999618176,0,1,0.102889310912,-0.0658460640602
15.335,10.31,0,0.106318003194,-0.0661771742808,3.07956664755e-07,0.99999965459,0,1,0.100498090176,-0.0656120820953
15.337,10.312,0,0.104719216059,-0.0659901263276,2.78485148003e-07,0.999999687646,0,1,0.0989501046063,-0.0654649752463
15.339,10.314,0,0.103120428925,-0.0658030783744,2.51882492479e-07,0.999999717484,0,1,0.0979364129029,-0.0653626142958
15.341,10.316,0,0.10152164179,-0.0656160304212,2.27964491376e-07,0.999999744311,0,1,0.0950752847557,-0.0649120224831
15.343,10.318,0,0.099922854656,-0.065428982468,2.0623205271e-07,0.999999768687,0,1,0.0929887082915,-0.0645981287624
15.345,10.32,0,0.0973908431622,-0.0650918087685,1.86564389715e-07,0.999999790746,0,1,0.0915697218374,-0.0643819042541
15.347,10.322,0,0.0945309420277,-0.064701888185,1.68756557865e-07,0.99999981072,0,1,0.0905977994676,-0.0642248318908
15.349,10.324,0,0.0916710408932,-0.0643119676015,1.52628618874e-07,0.999999828809,0,1,0.0899692259397,-0.064125411381
15.351,10.326,0,0.0888111397587,-0.0639220470181,1.38135465981e-07,0.999999845065,0,1,0.0893146122648,-0.0634027674973
15.353,10.328,0,0.0859512386242,-0.0635321264346,1.24978120384e-07,0.999999859822,0,1,0.0887525910282,-0.0627794004969
15.355,10.33,0,0.0830913374896,-0.0631422058511,1.13057781039e-07,0.999999873192,0,1,0.0883757551727,-0.0623592544289
15.357,10.332,0,0.0818514132727,-0.0629050607014,1.02266297625e-07,0.999999885296,0,1,0.0881717760699,-0.06211321106
15.359,10.334,0,0.0818335769091,-0.0627831671949,9.24852448682e-08,0.999999896267,0,1,0.0880128502767,-0.0619327121814
15.361,10.336,0,0.0818157405455,-0.0626612736884,8.37031252098e-08,0.999999906117,0,1,0.0843457161328,-0.0602197817133
15.363,10.338,0,0.0817979041818,-0.0625393801819,7.57575903521e-08,0.999999915029,0,1,0.0814682754476,-0.058914228234
15.365,10.34,0,0.0817800678182,-0.0624174866754,6.85326227277e-08,0.999999923133,0,1,0.079482861751,-0.0580116572831
15.367,10.342,0,0.0817622314546,-0.0622955931689,6.19735671803e-08,0.999999930489,0,1,0.0782042956801,-0.0574179764796
15.369,10.344,0,0.0817443950909,-0.0621736996624,5.60530333257e-08,0.99999993713,0,1,0.0773741305762,-0.0570379118684
15.371,10.346,0,0.0817265587273,-0.0620518061559,5.07304064939e-08,0.9999999431,0,1,0.0736102839868,-0.0558766737877
15.373,10.348,0,0.0796175149853,-0.0611205937012,4.58941469475e-08,0.999999948524,0,1,0.0707093644216,-0.0549681675859
15.375,10.35,0,0.0771959919782,-0.0600684485295,4.15173752298e-08,0.999999953433,0,1,0.0687465098068,-0.0543538064799
15.377,10.352,0,0.0747744689711,-0.0590163033578,3.7554483715e-08,0.999999957878,0,1,0.0674647377347,-0.053962278359
15.379,10.354,0,0.0723529459639,-0.057964158186,3.39654295779e-08,0.999999961904,0,1,0.0666219101062,-0.0537002447984
15.381,10.356,0,0.0699314229568,-0.0569120130143,3.07353140183e-08,0.999999965527,0,1,0.0681079412598,-0.0534840376089
15.383,10.358,0,0.0675098999497,-0.0558598678425,2.78291264898e-08,0.999999968786,0,1,0.0692947553923,-0.0533434011857
15.385,10.36,0,0.0650883769425,-0.0548077226708,2.51747921129e-08,0.999999971764,0,1,0.0701174635452,-0.0532410408894
15.387,10.362,0,0.0631151675438,-0.0538777916304,2.27621690463e-08,0.99999997447,0,1,0.0707134866524,-0.0531822640309
15.389,10.364,0,0.063585990409,-0.0536141247285,2.05848509946e-08,0.999999976912,0,1,0.0710881039099,-0.0531433293783
15.391,10.366,0,0.0640568132742,-0.0533504578266,1.86301756856e-08,0.999999979104,0,1,0.0686419306036,-0.0525067150729
15.393,10.368,0,0.0645276361394,-0.0530867909247,1.68609565931e-08,0.999999981088,0,1,0.0666928354211,-0.051986600607
15.395,10.37,0,0.0649984590046,-0.0528231240227,1.52529143246e-08,0.999999982892,0,1,0.0653268814058,-0.051617415549
15.397,10.372,0,0.0654692818699,-0.0525594571208,1.379340053e-08,0.999999984529,0,1,0.0644548493667,-0.0513766161235
15.399,10.374,0,0.0659401047351,-0.0522957902189,1.24759447497e-08,0.999999986007,0,1,0.0638892330476,-0.0512338789194
15.401,10.376,0,0.0662591988944,-0.0520355231985,1.12912666987e-08,0.999999987336,0,1,0.0601550841154,-0.0517574339242
15.403,10.378,0,0.0645624688,-0.0518204260325,1.02219449122e-08,0.999999988535,0,1,0.0572888224788,-0.0521657760772
15.405,10.38,0,0.0628657387055,-0.0516053288665,9.24715021328e-09,0.999999989628,0,1,0.0552479382176,-0.0524529435661
15.407,10.382,0,0.061169008611,-0.0513902317005,8.36112084729e-09,0.999999990622,0,1,0.0539195010147,-0.0526445644888
15.409,10.384,0,0.0594722785166,-0.0511751345345,7.56144478922e-09,0.999999991519,0,1,0.0530698030144,-0.0527662177438
15.411,10.386,0,0.0577755484221,-0.0509600373686,6.84343281852e-09,0.999999992324,0,1,0.050555955799,-0.0526754190033
15.413,10.388,0,0.0560788183277,-0.0507449402026,6.19184730427e-09,0.999999993055,0,1,0.0487144114711,-0.0525905879333
15.415,10.39,0,0.0543820882332,-0.0505298430366,5.60127944653e-09,0.999999993718,0,1,0.0474898742223,-0.0525324696986
15.417,10.392,0,0.0524367682302,-0.0505747780653,5.06664336461e-09,0.999999994317,0,1,0.0466310768675,-0.0524940222814
15.419,10.394,0,0.0503633867588,-0.0507536690735,4.58184989103e-09,0.999999994861,0,1,0.0460707975096,-0.052468455467
15.421,10.396,0,0.0482900052874,-0.0509325600816,4.14677125706e-09,0.999999995349,0,1,0.0477836644427,-0.0524169060147
15.423,10.398,0,0.046216623816,-0.0511114510898,3.7509910087e-09,0.999999995793,0,1,0.0492486330527,-0.0523854121313
15.425,10.4,0,0.0441432423446,-0.051290342098,3.39321047737e-09,0.999999996194,0,1,0.0502816521176,-0.0523662682577
15.427,10.402,0,0.0420698608732,-0.0514692331062,3.06932462243e-09,0.999999996557,0,1,0.0509387800374,-0.0523550763613
15.429,10.404,0,0.0399964794018,-0.0516481241143,2.77637903611e-09,0.999999996886,0,1,0.0513452951654,-0.0523430263956
15.431,10.406,0,0.0387157016332,-0.0517188973117,2.51274246417e-09,0.999999997182,0,1,0.0496463661459,-0.0518244391106
15.433,10.408,0,0.0391192067377,-0.0515599201605,2.27414836972e-09,0.999999997449,0,1,0.0482710458861,-0.0514215699496
15.435,10.41,0,0.0395227118422,-0.0514009430093,2.05726190251e-09,0.999999997693,0,1,0.04728512968,-0.0511376393439
15.437,10.412,0,0.0399262169468,-0.0512419658581,1.86039598294e-09,0.999999997913,0,1,0.0466577480132,-0.0509523053444
15.439,10.414,0,0.0403297220513,-0.051082988707,1.68269246545e-09,0.999999998113,0,1,0.0462619704395,-0.0508321657111
15.441,10.416,0,0.0407332271558,-0.0509240115558,1.52290906864e-09,0.999999998292,0,1,0.044087318707,-0.0493828995709
15.443,10.418,0,0.0411367322603,-0.0507650344046,1.37853135259e-09,0.999999998454,0,1,0.0424202772138,-0.0482489915049
15.445,10.42,0,0.0415402373648,-0.0506060572534,1.24706644237e-09,0.999999998601,0,1,0.0412234998606,-0.0474463068023
15.447,10.422,0,0.0419437424694,-0.0504470801022,1.12763915104e-09,0.999999998735,0,1,0.0404494834377,-0.046917219905
15.449,10.424,0,0.0423472475739,-0.050288102951,1.01984488166e-09,0.999999998856,0,1,0.0399603158785,-0.0465814136507
15.451,10.426,0,0.0426891931517,-0.0501081476038,9.23003490405e-10,0.999999998965,0,1,0.0375859029827,-0.0456991062764
15.453,10.428,0,0.0413338546042,-0.0493497934139,8.35504038763e-10,0.999999999063,0,1,0.0357471200158,-0.0450387851342
15.455,10.43,0,0.0399785160567,-0.0485914392239,7.55825559353e-10,0.999999999152,0,1,0.0344321974311,-0.0445702857176
15.457,10.432,0,0.0386231775092,-0.047833085034,6.83440756248e-10,0.999999999233,0,1,0.0335749194027,-0.0442621262153
15.459,10.434,0,0.0372678389617,-0.0470747308441,6.18106914057e-10,0.999999999307,0,1,0.0330429255239,-0.0440673592313
15.461,10.436,0,0.0359125004143,-0.0463163766541,5.59315757334e-10,0.999999999373,0,1,0.0335946126888,-0.0435954081479
15.463,10.438,0,0.0345571618668,-0.0455580224642,5.06279864615e-10,0.999999999432,0,1,0.0341574363286,-0.0432498617737
15.465,10.44,0,0.0332018233193,-0.0447996682742,4.58129237133e-10,0.999999999486,0,1,0.0346333086376,-0.0430085320022
15.467,10.442,0,0.0318464847718,-0.0440413140843,4.14212039536e-10,0.999999999535,0,1,0.0348993123705,-0.0428441652142
15.469,10.444,0,0.0306533807253,-0.0433272372391,3.7460777522e-10,0.99999999958,0,1,0.0350603086513,-0.0427375334328
15.471,10.446,0,0.0312066833802,-0.0430897929913,3.38990943988e-10,0.99999999962,0,1,0.035399002814,-0.0422932400218
15.473,10.448,0,0.031759986035,-0.0428523487435,3.07019615969e-10,0.999999999656,0,1,0.0355534947931,-0.0419556544502
15.475,10.45,0,0.0323132886899,-0.0426149044957,2.77736572331e-10,0.999999999688,0,1,0.0356404224645,-0.04170629567
15.477,10.452,0,0.0328665913448,-0.0423774602479,2.51079588965e-10,0.999999999718,0,1,0.0357125266672,-0.0415417075095
15.479,10.454,0,0.0334198939997,-0.0421400160001,2.2702888536e-10,0.999999999745,0,1,0.0357633831291,-0.041438355067
15.481,10.456,0,0.0339731966545,-0.0419025717524,2.05470907761e-10,0.99999999977,0,1,0.0343760126761,-0.0410703386155
15.483,10.458,0,0.0345264993094,-0.0416651275046,1.85981173542e-10,0.999999999791,0,1,0.0332765158256,-0.04078186343
15.485,10.46,0,0.0350798019643,-0.0414276832568,1.68255851095e-10,0.999999999811,0,1,0.0324630232726,-0.040574013333
15.487,10.462,0,0.0347792330093,-0.0412027180089,1.52142286727e-10,0.999999999829,0,1,0.0319351641169,-0.040436236827
15.489,10.464,0,0.0339327461384,-0.040985731138,1.37598081721e-10,0.999999999846,0,1,0.031609030706,-0.0403552059449
15.491,10.466,0,0.0330862592675,-0.0407687442671,1.24532183261e-10,0.99999999986,0,1,0.0298913176595,-0.0403731358113
15.493,10.468,0,0.0322397723966,-0.0405517573962,1.12719760195e-10,0.999999999874,0,1,0.0285760866833,-0.0403753931821
15.495,10.47,0,0.0313932855257,-0.0403347705253,1.0198847875e-10,0.999999999886,0,1,0.0276234608002,-0.0403549113056
15.497,10.472,0,0.0305467986548,-0.0401177836544,9.22165982831e-11,0.999999999897,0,1,0.0269931346238,-0.0403504066054
15.499,10.474,0,0.0297003117839,-0.0399007967835,8.3396674723e-11,0.999999999906,0,1,0.0265994811196,-0.040352335199
15.501,10.476,0,0.028853824913,-0.0396838099126,7.54775782491e-11,0.999999999915,0,1,0.0249439251092,-0.0399020564307
15.503,10.478,0,0.0280073380421,-0.0394668230417,6.83272618836e-11,0.999999999923,0,1,0.0236894764979,-0.0395592949138
15.505,10.48,0,0.027092807358,-0.0392908762328,6.18301591298e-11,0.999999999931,0,1,0.0227711516957,-0.0393092532505
15.507,10.482,0,0.0261015464161,-0.0391612086427,5.58991462465e-11,0.999999999937,0,1,0.0221556181225,-0.0391413715946
15.509,10.484,0,0.0251102854743,-0.0390315410527,5.05466813868e-11,0.999999999943,0,1,0.0217713547795,-0.0390363979949
15.511,10.486,0,0.0241190245325,-0.0389018734627,4.5743443432e-11,0.999999999949,0,1,0.018735281023,-0.0380180150054
15.513,10.488,0,0.0231277635907,-0.0387722058727,4.14003885538e-11,0.999999999954,0,1,0.016411564029,-0.0372145933296
15.515,10.49,0,0.0221365026488,-0.0386425382826,3.74465931252e-11,0.999999999958,0,1,0.0145946363294,-0.0365819130703
15.517,10.492,0,0.021145241707,-0.0385128706926,3.38712190463e-11,0.999999999962,0,1,0.0134421254833,-0.0361800112251
15.519,10.494,0,0.0201539807652,-0.0383832031026,3.06356443336e-11,0.999999999966,0,1,0.0126934017485,-0.0359274213997
15.521,10.496,0,0.0191627198233,-0.0382535355125,2.77210775866e-11,0.999999999969,0,1,0.00825529368616,-0.0351316129682
15.523,10.498,0,0.0176365624044,-0.0379486510339,2.50924441079e-11,0.999999999972,0,1,0.00496754694782,-0.0345490545637
15.525,10.5,0,0.0154432869056,-0.037425237626,2.27132552455e-11,0.999999999975,0,1,0.00262007298127,-0.0341251335177
15.527,10.502,0,0.0132500114068,-0.0369018242182,2.05381728016e-11,0.999999999977,0,1,0.00100359893491,-0.0338348877904
15.529,10.504,0,0.011056735908,-0.0363784108104,1.85706776864e-11,0.999999999979,0,1,-3.79339292246e-05,-0.033648998728
15.531,10.506,0,0.00886346040921,-0.0358549974026,1.68072621944e-11,0.999999999981,0,1,-0.00182856351519,-0.0330956266864
15.533,10.508,0,0.00667018491041,-0.0353315839947,1.52137519682e-11,0.999999999983,0,1,-0.00312248380115,-0.0326835487097
15.535,10.51,0,0.0044769094116,-0.0348081705869,1.37702785015e-11,0.999999999985,0,1,-0.00404634689523,-0.0323820759264
15.537,10.512,0,0.0022836339128,-0.0342847571791,1.24483255334e-11,0.999999999986,0,1,-0.00468759519297,-0.032174127204
15.539,10.514,0,9.03584140018e-05,-0.0337613437713,1.12558156308e-11,0.999999999987,0,1,-0.00509473376299,-0.0320432704408
15.541,10.516,0,-0.0021029170848,-0.0332379303635,1.01848385673e-11,0.999999999989,0,1,-0.00336055210095,-0.0316836775198
15.543,10.518,0,-0.00429619258361,-0.0327145169556,9.21842440502e-12,0.99999999999,0,1,-0.00185105322101,-0.0314301934182
15.545,10.52,0,-0.00648946808241,-0.0321911035478,8.34174704234e-12,0.999999999991,0,1,-0.000524041994295,-0.0312447192206
15.547,10.522,0,-0.00868274358121,-0.03166769014,7.54672445886e-12,0.999999999992,0,1,0.000341840353616,-0.0311225727935
15.549,10.524,0,-0.00954057399663,-0.0313529664537,6.82395497496e-12,0.999999999992,0,1,0.000839279511833,-0.0310399726908
15.551,10.526,0,-0.010274346671,-0.0310576292444,6.17597281069e-12,0.999999999993,0,1,0.000445041826398,-0.0304717169946
15.553,10.528,0,-0.0110081193455,-0.0307622920351,5.58979605317e-12,0.999999999994,0,1,8.62324912439e-05,-0.0300336343822
15.555,10.53,0,-0.0110887368382,-0.0304622046526,5.05937271106e-12,0.999999999994,0,1,-0.000219932181816,-0.0296950885741
15.557,10.532,0,-0.0104474459704,-0.0301568670788,4.57390347236e-12,0.999999999995,0,1,-0.000424356896528,-0.0294643328379
15.559,10.534,0,-0.00980615510263,-0.029851529505,4.13601515569e-12,0.999999999995,0,1,-0.000547484398448,-0.0293205679757
15.561,10.536,0,-0.00916486423485,-0.0295461919311,3.7432716423e-12,0.999999999996,0,1,-0.001765653425,-0.028221311917
15.563,10.538,0,-0.00852357336706,-0.0292408543573,3.38782009913e-12,0.999999999996,0,1,-0.00269710649636,-0.0273769861961
15.565,10.54,0,-0.00788228249927,-0.0289355167835,3.06626246967e-12,0.999999999997,0,1,-0.00339303920092,-0.0267392452905
15.567,10.542,0,-0.00724099163148,-0.0286301792096,2.77212829097e-12,0.999999999997,0,1,-0.00386993963125,-0.0263032745928
15.569,10.544,0,-0.0065997007637,-0.0283248416358,2.50683395492e-12,0.999999999997,0,1,-0.00416951545829,-0.0260303116579
15.571,10.546,0,-0.00595840989591,-0.028019504062,2.26879257019e-12,0.999999999997,0,1,-0.00551984700861,-0.0253422764426
15.573,10.548,0,-0.00531711902812,-0.0277141664882,2.05329928573e-12,0.999999999998,0,1,-0.00654760127882,-0.0248612113988
15.575,10.55,0,-0.00467582816033,-0.0274088289143,1.85837961963e-12,0.999999999998,0,1,-0.00731265215013,-0.0245371535758
15.577,10.552,0,-0.00470982773812,-0.0268669756598,1.68014226973e-12,0.999999999998,0,1,-0.00783689707229,-0.0243106193041
15.579,10.554,0,-0.00550532505434,-0.0260584132327,1.51938439063e-12,0.999999999998,0,1,-0.00816529387891,-0.0241585261313
15.581,10.556,0,-0.00630082237056,-0.0252498508056,1.37510823561e-12,0.999999999998,0,1,-0.00921370504189,-0.0233047368936
15.583,10.558,0,-0.00709631968678,-0.0244412883786,1.24465246124e-12,0.999999999999,0,1,-0.00999683655111,-0.0226501526307
15.585,10.56,0,-0.00786983665188,-0.0237075703985,1.12668094039e-12,0.999999999999,0,1,-0.010558229098,-0.022156227303
15.587,10.562,0,-0.00854652125899,-0.0233035725514,1.01852094531e-12,0.999999999999,0,1,-0.010950112549,-0.0218140483561
15.589,10.564,0,-0.00922320586609,-0.0228995747042,9.20924320532e-13,0.999999999999,0,1,-0.0111855267708,-0.021606105556
15.591,10.566,0,-0.0098998904732,-0.0224955768571,8.33370919643e-13,0.999999999999,0,1,-0.00667842081541,-0.0213932989786
15.593,10.568,0,-0.0105765750803,-0.0220915790099,7.54182487681e-13,0.999999999999,0,1,-0.00311005478416,-0.0212726665433
15.595,10.57,0,-0.0112532596874,-0.0216875811628,6.82289689691e-13,0.999999999999,0,1,-0.000500672835276,-0.0211321329383
15.597,10.572,0,-0.0119299442945,-0.0212835833157,6.17192113379e-13,0.999999999999,0,1,0.00124323486746,-0.0210435451178
15.599,10.574,0,-0.0126066289016,-0.0208795854685,5.58212975416e-13,0.999999999999,0,1,0.00236885410227,-0.0209954057317
15.601,10.576,0,-0.0132833135087,-0.0204755876214,5.052298114e-13,0.999999999999,0,1,0.00399580075162,-0.0203392360315
15.603,10.578,0,-0.0139599981158,-0.0200715897742,4.57302985656e-13,0.999999999999,0,1,0.00514875106299,-0.0198655766355
15.605,10.58,0,-0.0122491755999,-0.0197521464291,4.13793216435e-13,1,0,1,0.00593740962976,-0.0195046170337
15.607,10.582,0,-0.010258254481,-0.019442622886,3.74094296639e-13,1,0,1,0.00648144605273,-0.0192590426366
15.609,10.584,0,-0.00826733336211,-0.0191330993429,3.38294103057e-13,1,0,1,0.00683286801739,-0.0190966059282
15.611,10.586,0,-0.00627641224323,-0.0188235757997,3.06122751532e-13,1,0,1,0.00702831904376,-0.0158422856003
15.613,10.588,0,-0.00428549112435,-0.0185140522566,2.76987128224e-13,1,0,1,0.0071585705607,-0.0134568329446
15.615,10.59,0,-0.00229457000547,-0.0182045287135,2.50655654512e-13,1,0,1,0.00724755189928,-0.0113435510516
15.617,10.592,0,-0.000303648886586,-0.0178950051704,2.26816600656e-13,1,0,1,0.00730727238647,-0.00992157462292
15.619,10.594,0,0.00168727223229,-0.0175854816272,2.0508967417e-13,1,0,1,0.00734772742674,-0.00904735405556
15.621,10.596,0,0.00367819335118,-0.0172759580841,1.85614977835e-13,1,0,1,0.00733206440345,-0.00539888069659
15.623,10.598,0,0.00566911447006,-0.016966434541,1.67919826731e-13,1,0,1,0.00731891103983,-0.00261663343171
15.625,10.6,0,0.00731696125715,-0.0163223517848,1.51990080647e-13,1,0,1,0.00729288057723,-0.000825975027805
15.627,10.602,0,0.00728979806378,-0.014044832863,1.37487851276e-13,1,0,1,0.00727503822732,0.000394495989872
15.629,10.604,0,0.00726263487042,-0.0117673139413,1.24315333929e-13,1,0,1,0.00726698274933,0.00122245671592
15.631,10.606,0,0.00723547167705,-0.0094897950196,1.12504862216e-13,1,0,1,0.00636491459145,0.00209472798479
15.633,10.608,0,0.00720830848369,-0.00721227609788,1.01827685719e-13,1,0,1,0.00569734099489,0.00269922787282
15.635,10.61,0,0.00718114529032,-0.00493475717616,9.20994761693e-14,1,0,1,0.00508208183305,0.00323834268327
15.637,10.612,0,0.00715398209696,-0.00265723825444,8.32978849175e-14,1,0,1,0.00465128290331,0.00361153032831
15.639,10.614,0,0.00712681890359,-0.000379719332717,7.53507173539e-14,1,0,1,0.00439728828343,0.00383702262255
15.641,10.616,0,0.00709965571023,0.001897799589,6.81956407026e-14,1,0,1,0.00366516787779,0.00511345855797
15.643,10.618,0,0.00707249251687,0.00417531851072,6.1719154153e-14,1,0,1,0.00313421773503,0.00604180708302
15.645,10.62,0,0.00672691081584,0.00553448132003,5.58119410702e-14,1,0,1,0.00273826019986,0.00679982835085
15.647,10.622,0,0.00609323617858,0.00606275050169,5.0488736182e-14,1,0,1,0.00247424277728,0.0073112643098
15.649,10.624,0,0.00545956154132,0.00659101968335,4.5670069335e-14,1,0,1,0.00230303679997,0.00763055666722
15.651,10.626,0,0.00482588690406,0.00711928886501,4.13353237922e-14,1,0,1,0.00191288442975,0.0073487483358
15.653,10.628,0,0.0041922122668,0.00764755804667,3.74133422929e-14,1,0,1,0.00163035576962,0.00712056106075
15.655,10.63,0,0.00355853762954,0.00817582722833,3.38638609364e-14,1,0,1,0.00141796441383,0.00686176125155
15.657,10.632,0,0.00292486299228,0.00870409640999,3.06151521097e-14,1,0,1,0.00126539265696,0.00666212295228
15.659,10.634,0,0.00229118835502,0.00923236559165,2.76818584706e-14,1,0,1,0.00116950155014,0.00654838712463
15.661,10.636,0,0.00165751371776,0.00976063477331,2.50540644452e-14,1,0,1,0.000889998707233,0.00537776010992
15.663,10.638,0,0.00140512164865,0.00857599864266,2.26749274404e-14,1,0,1,0.000688778622617,0.00452544984834
15.665,10.64,0,0.00119043884481,0.00722195429298,2.051363309e-14,1,0,1,0.00052820833355,0.00382818766254
15.667,10.642,0,0.000975756040969,0.0058679099433,1.85512072115e-14,1,0,1,0.000414634701154,0.00333218014694
15.669,10.644,0,0.000761073237131,0.00451386559362,1.67786459376e-14,1,0,1,0.000344072420385,0.00302648828794
15.671,10.646,0,0.000546390433293,0.00315982124394,1.51858762326e-14,1,0,1,8.00889140048e-05,0.0017378064456
15.673,10.648,0,0.000331707629455,0.00180577689426,1.37437608135e-14,1,0,1,-0.000110588032895,0.000805693146273
15.675,10.65,0,0.000117024825618,0.000451732544579,1.24331154511e-14,1,0,1,-0.000264178590991,5.25504464209e-05
15.677,10.652,0,-9.76579782205e-05,-0.000902311805101,1.12439631663e-14,1,0,1,-0.000372802792695,-0.000480485193035
15.679,10.654,0,-0.000312340782058,-0.00225635615478,1.01699342601e-14,1,0,1,-0.000439375850805,-0.000808182162697
15.681,10.656,0,-0.000522029815542,-0.00285358451729,9.20239409375e-15,1,0,1,-0.000367070326058,-0.00114605484725
15.683,10.658,0,-0.000727290411154,-0.00277967417246,8.33430075609e-15,1,0,1,-0.000308695487362,-0.00136622287586
15.685,10.66,0,-0.000932551006765,-0.00270576382763,7.54015103382e-15,1,0,1,-0.000248139125832,-0.00150495872363
15.687,10.662,0,-0.00108688331085,-0.00259036968924,6.81648580497e-15,1,0,1,-0.000200022773342,-0.00159343618098
15.689,10.664,0,-0.00114235481344,-0.00239444818665,6.16355111719e-15,1,0,1,-0.000172877945527,-0.00165333486687
15.691,10.666,0,-0.00119782631603,-0.00219852668406,5.57845518446e-15,1,0,1,7.46600694379e-05,-0.00147794961815
15.693,10.668,0,-0.00125329781862,-0.00200260518147,5.04806634517e-15,1,0,1,0.000255525070426,-0.00134729603285
15.695,10.67,0,-0.00110963352796,-0.00180869356449,4.56668150051e-15,1,0,1,0.000402946750711,-0.00123619110996
15.697,10.672,0,-0.000750238794069,-0.0016169593236,4.12932057042e-15,1,0,1,0.000509473000835,-0.00115477487507
15.699,10.674,0,-0.000390844060175,-0.0014252250827,3.73498131007e-15,1,0,1,0.000574145606772,-0.0011059643999
15.701,10.676,0,-3.14493262816e-05,-0.0012334908418,3.38042557884e-15,1,0,1,0.000845072279539,-0.000863212312583
15.703,10.678,0,0.000327945407612,-0.00104175660091,3.05902118644e-15,1,0,1,0.00104190749284,-0.000686559391897
15.705,10.68,0,0.000687340141505,-0.000850022360011,2.76723053641e-15,1,0,1,0.00120036473072,-0.000543819183163
15.707,10.682,0,0.0010467348754,-0.000658288119115,2.50224824471e-15,1,0,1,0.0013142515867,-0.000441094257917
15.709,10.684,0,0.00140612960929,-0.000466553878219,2.26332177632e-15,1,0,1,0.00138322025705,-0.000379161893739
15.711,10.686,0,0.00176552434319,-0.000274819637322,2.04846830295e-15,1,0,1,0.00141860290278,-0.00045492605089
15.713,10.688,0,0.00189244976488,-0.000235604561114,1.85370385839e-15,1,0,1,0.0014409054668,-0.000514543472276
15.715,10.69,0,0.0018329808727,-0.000318679626279,1.67698706409e-15,1,0,1,0.00144642338739,-0.000579289358053
15.717,10.692,0,0.00177351198052,-0.000401754691445,1.51635117664e-15,1,0,1,0.00144730069845,-0.000630175257712
15.719,10.694,0,0.00171404308834,-0.000484829756611,1.37152347719e-15,1,0,1,0.00144950493274,-0.000658934852059
15.721,10.696,0,0.00165457419616,-0.000567904821777,1.24132697311e-15,1,0,1,0.00135356694002,-0.000914187696122
15.723,10.698,0,0.00159510530398,-0.000650979886943,1.12330398096e-15,1,0,1,0.00128307580446,-0.00110064853181
15.725,10.7,0,0.0015356364118,-0.000734054952109,1.01612564382e-15,1,0,1,0.00122489458233,-0.00125257517665
15.727,10.702,0,0.00147616751962,-0.000817130017275,9.18839133159e-16,1,0,1,0.0011826902823,-0.00136227506199
15.729,10.704,0,0.00141669862744,-0.000900205082441,8.31115792166e-16,1,0,1,0.00115717991676,-0.00142885192264
15.731,10.706,0,0.00135722973526,-0.000983280147606,7.52219315059e-16,1,0,1,0.00106272382832,-0.00160123562527
15.733,10.708,0,0.00129776084308,-0.00106635521277,6.80699742665e-16,1,0,1,0.000992885093543,-0.00173317171337
15.735,10.71,0,0.0012382919509,-0.00114943027794,6.15807459111e-16,1,0,1,0.000941258113764,-0.00181317275988
15.737,10.712,0,0.00117882305872,-0.0012325053431,5.56820255328e-16,1,0,1,0.000905126448797,-0.00186424208253
15.739,10.714,0,0.00111935416654,-0.00131558040827,5.03637986055e-16,1,0,1,0.000882493833158,-0.00189888726623
15.741,10.716,0,0.00105988527436,-0.00139865547344,4.55828447105e-16,1,0,1,0.000831085537007,-0.00181527744833
15.743,10.718,0,0.00100041638218,-0.0014817305386,4.12489151012e-16,1,0,1,0.000794061170567,-0.00175281597101
15.745,10.72,0,0.000940947489997,-0.00156480560377,3.73165846958e-16,1,0,1,0.00076493310169,-0.00169952987151
15.747,10.722,0,0.000900684732977,-0.00156429496981,3.37420892048e-16,1,0,1,0.000744053969185,-0.0016602407528
15.749,10.724,0,0.000869669374395,-0.00152353936949,3.05193600444e-16,1,0,1,0.000731241832291,-0.00163670785001
15.751,10.726,0,0.000838654015814,-0.00148278376916,2.76222065866e-16,1,0,1,0.000685858966108,-0.00151740242143
15.753,10.728,0,0.000807638657232,-0.00144202816884,2.49959400656e-16,1,0,1,0.000652948875767,-0.00143056731458
15.755,10.73,0,0.00077662329865,-0.00140127256852,2.26130338754e-16,1,0,1,0.000626641727606,-0.00136056962966
15.757,10.732,0,0.000745607940068,-0.0013605169682,2.04469678143e-16,1,0,1,0.000607674962547,-0.00130995134039
15.759,10.734,0,0.000714592581487,-0.00131976136787,1.84940644533e-16,1,0,1,0.00059609412045,-0.00127912405032
15.761,10.736,0,0.000683577222905,-0.00127900576755,1.67384528447e-16,1,0,1,0.000542350475837,-0.00134994183217
15.763,10.738,0,0.000652561864323,-0.00123825016723,1.51447848404e-16,1,0,1,0.000505335702258,-0.00137693774088
15.765,10.74,0,0.000621546505741,-0.00119749456691,1.37102298832e-16,1,0,1,0.000473585318296,-0.00145112101693
15.767,10.742,0,0.000590531147159,-0.00115673896659,1.23959863707e-16,1,0,1,0.000448390803455,-0.00152593200033
15.769,10.744,0,0.000559515788578,-0.00111598336626,1.12096792917e-16,1,0,1,0.000432947621111,-0.00156607157719
15.771,10.746,0,0.000536706563373,-0.0010773430633,1.0144802616e-16,1,0,1,0.000403836666705,-0.00111140855261
15.773,10.748,0,0.00053665774591,-0.00104456971717,9.18302242979e-17,1,0,1,0.000368634020004,-0.000630235617031
15.775,10.75,0,0.000536608928448,-0.00101179637105,8.30582905725e-17,1,0,1,0.000362835830606,-0.000427344065712
15.777,10.752,0,0.000536560110986,-0.000979023024919,7.51182120292e-17,1,0,1,0.000369791046091,-0.00037030404324
15.779,10.754,0,0.000536511293524,-0.000946249678793,6.79542187785e-17,1,0,1,0.000371760521496,-0.000313871992135
15.781,10.756,0,0.000536462476061,-0.000913476332667,6.15029080375e-17,1,0,1,0.000471271168214,-0.000176502620346
15.783,10.758,0,0.000536413658599,-0.000880702986541,5.56614779426e-17,1,0,1,0.000543722434297,-0.000139790915221
15.785,10.76,0,0.000536364841137,-0.000847929640415,5.03346935673e-17,1,0,1,0.000596067827656,5.09779661829e-05
15.787,10.762,0,0.000536316023675,-0.000815156294288,4.55465284644e-17,1,0,1,0.00063153365791,0.000281278500391
15.789,10.764,0,0.000536267206213,-0.000782382948162,4.11960762551e-17,1,0,1,0.000654603753266,0.000395671249047
15.791,10.766,0,0.00053621838875,-0.000749609602036,3.72853994062e-17,1,0,1,0.000639251480282,0.000165795610064
15.793,10.768,0,0.000536169571288,-0.00071683625591,3.37464833676e-17,1,0,1,0.000628140212191,-9.49190191512e-05
15.795,10.77,0,0.000536120753826,-0.000684062909784,3.05482467404e-17,1,0,1,0.000617573452274,-0.000172170623369
15.797,10.772,0,0.000536071936364,-0.000651289563658,2.76164585497e-17,1,0,1,0.000608415315608,-0.000172051236223
15.799,10.774,0,0.000536023118901,-0.000618516217531,2.49701716802e-17,1,0,1,0.000602681234334,-0.00018001557431
15.801,10.776,0,0.000535974301439,-0.000585742871405,2.25989405864e-17,1,0,1,0.000567040515063,-0.000247992221493
15.803,10.778,0,0.000535925483977,-0.000552969525279,2.04643528981e-17,1,0,1,0.000542565654531,-0.000301220101118
15.805,10.78,0,0.000535876666515,-0.000520196179153,1.85148714828e-17,1,0,1,0.000522279155071,-0.000366660407829
15.807,10.782,0,0.000535827849053,-0.000487422833027,1.67367116224e-17,1,0,1,0.000506411102674,-0.000429051477998
15.809,10.784,0,0.00053577903159,-0.000454649486901,1.51328725597e-17,1,0,1,0.000496455211821,-0.000467729297622
15.811,10.786,0,0.000535730214128,-0.000421876140774,1.3696333458e-17,1,0,1,0.000457586088425,-0.000745415480485
15.813,10.788,0,0.000532610637298,-0.00039013346039,1.23941122937e-17,1,0,1,0.000430704399194,-0.000956822735938
15.815,10.79,0,0.000525250487996,-0.000359814080318,1.12112971044e-17,1,0,1,0.000408811435383,-0.00113230449947
15.817,10.792,0,0.000517890338694,-0.000329494700247,1.01380210306e-17,1,0,1,0.000391905775385,-0.00126917540228
15.819,10.794,0,0.000510530189391,-0.000299175320175,9.17022455907e-18,1,0,1,0.000381426650129,-0.00134258736327
15.821,10.796,0,0.000503170040089,-0.000268855940104,8.29970998238e-18,1,0,1,0.000345604451093,-0.000364353917345
15.823,10.798,0,0.000495809890787,-0.000238536560033,7.51058944659e-18,1,0,1,0.000321036230912,0.000432340897412
15.825,10.8,0,0.000488449741485,-0.000208217179961,6.79459196712e-18,1,0,1,0.000300982937381,0.000935670539751
15.827,10.802,0,0.000481089592183,-0.00017789779989,6.14374895595e-18,1,0,1,0.000285397661133,0.00125025962757
15.829,10.804,0,0.00047372944288,-0.000147578419818,5.55695544728e-18,1,0,1,0.000275696157138,0.00145726808254
15.831,10.806,0,0.000466369293578,-0.000117259039747,5.02944265981e-18,1,0,1,0.000238674083586,0.00116865578243
15.833,10.808,0,0.000459009144276,-8.69396596757e-05,4.54966198839e-18,1,0,1,0.000213266575184,0.000971427621692
15.835,10.81,0,0.000451648994974,-5.66202796043e-05,4.11845210303e-18,1,0,1,0.000193399268828,0.000799628513869
15.837,10.812,0,0.000444288845672,-2.63008995329e-05,3.72415445166e-18,1,0,1,0.000177263709341,0.000649159013985
15.839,10.814,0,0.00043692869637,4.01848053855e-06,3.36817162673e-18,1,0,1,0.000166747558414,0.000550486663038
15.841,10.816,0,0.000429568547067,3.43378606099e-05,3.04843654511e-18,1,0,1,0.000130925244479,0.000100245542229
15.843,10.818,0,0.000422208397765,6.46572406813e-05,2.75739106291e-18,1,0,1,0.000104993685938,-0.000228905164185
15.845,10.82,0,0.000414848248463,9.49766207527e-05,2.49617455772e-18,1,0,1,8.46638418556e-05,-0.000489440135919
15.847,10.822,0,0.000407488099161,0.000125296000824,2.25722176602e-18,1,0,1,6.81492215259e-05,-0.000702440451676
15.849,10.824,0,0.000400127949859,0.000155615380896,2.04149348269e-18,1,0,1,5.82039909664e-05,-0.000829040342355
15.851,10.826,0,0.000392767800557,0.000185934760967,1.84769781024e-18,1,0,1,0.000124595709207,0.000151201661591
15.853,10.828,0,0.000385407651254,0.000216254141038,1.67202223976e-18,1,0,1,0.000177111966668,0.000945049988868
15.855,10.83,0,0.000378047501952,0.00024657352111,1.51262546834e-18,1,0,1,0.00021280949861,0.00146294606314
15.857,10.832,0,0.00037068735265,0.000276892901181,1.36773351318e-18,1,0,1,0.000236762941119,0.00179301524141
15.859,10.834,0,0.000363327203348,0.000307212281253,1.23710038464e-18,1,0,1,0.000252206014128,0.00200727454498
15.861,10.836,0,0.000355967054046,0.000337531661324,1.11966444719e-18,1,0,1,0.000258432667273,0.00186192776983
15.863,10.838,0,0.000348606904744,0.000367851041395,1.01320889509e-18,1,0,1,0.000262686872208,0.00176289784757
15.865,10.84,0,0.000341246755441,0.000398170421467,9.16447538882e-19,1,0,1,0.000265322347372,0.00166927517145
15.867,10.842,0,0.000333886606139,0.000428489801538,8.28746561934e-19,1,0,1,0.00026682574174,0.00158429944211
15.869,10.844,0,0.000326526456837,0.00045880918161,7.49660250022e-19,1,0,1,0.000267823264778,0.0015316326639
15.871,10.846,0,0.000319166307535,0.000489128561681,6.78496215706e-19,1,0,1,0.000265184942833,0.00122202606342
15.873,10.848,0,0.000311806158233,0.000519447941752,6.1398609446e-19,1,0,1,0.000263385977234,0.0010108364651
15.875,10.85,0,0.000304635340353,0.000519102012695,5.55252550755e-19,1,0,1,0.000261853359636,0.000840115268549
15.877,10.852,0,0.000297585570432,0.000499150394142,5.02268138676e-19,1,0,1,0.000260574607022,0.000704752435516
15.879,10.854,0,0.000290535800511,0.000479198775589,4.54278160973e-19,1,0,1,0.000259759389426,0.000617881821117
15.881,10.856,0,0.00028348603059,0.000459247157035,4.11154270337e-19,1,0,1,0.000256005492406,0.000287381956307
15.883,10.858,0,0.000276436260668,0.000439295538482,3.72062509445e-19,1,0,1,0.000253444791315,6.19260469356e-05
15.885,10.86,0,0.000269386490747,0.000419343919929,3.36464202802e-19,1,0,1,0.000251384529517,-0.000118662249968
15.887,10.862,0,0.000262336720826,0.000399392301375,3.04357231313e-19,1,0,1,0.000249758219681,-0.000260548112799
15.889,10.864,0,0.000255286950905,0.000379440682822,2.75283182274e-19,1,0,1,0.000248708156661,-0.000350831325864
15.891,10.866,0,0.000248237180984,0.000359489064269,2.49109035776e-19,1,0,1,0.000239505539961,-0.000129779677128
15.893,10.868,0,0.000241187411063,0.000339537445715,2.25475890486e-19,1,0,1,0.00023362655745,-3.23122153515e-07
15.895,10.87,0,0.000234137641142,0.000319585827162,2.04132316948e-19,1,0,1,0.000228676474918,0.000134256528891
15.897,10.872,0,0.000227087871221,0.000299634208609,1.84533879379e-19,1,0,1,0.00022430297389,0.000270765717262
15.899,10.874,0,0.0002200381013,0.000279682590055,1.66850738169e-19,1,0,1,0.000221338010546,0.000365652338368
15.901,10.876,0,0.000212988331379,0.000259730971502,1.51011867619e-19,1,0,1,0.000208649158208,0.000647046789158
15.903,10.878,0,0.000205938561458,0.000239779352948,1.3665394835e-19,1,0,1,0.000200215938287,0.000859294259112
15.905,10.88,0,0.000198888791537,0.000219827734395,1.23626491147e-19,1,0,1,0.000193407674021,0.000998954192296
15.907,10.882,0,0.000191839021616,0.000199876115842,1.11784508855e-19,1,0,1,0.000187810731439,0.00108802217918
15.909,10.884,0,0.000184789251695,0.000179924497288,1.011078968e-19,1,0,1,0.00018418555045,0.00114524625933
15.911,10.886,0,0.000177739481773,0.000159972878735,9.15098877856e-20,1,0,1,0.000170721825943,0.00111610402187
15.913,10.888,0,0.000170689711852,0.000140021260182,8.28093028456e-20,1,0,1,0.000161742715901,0.00109742951483
15.915,10.89,0,0.000163639941931,0.000120069641628,7.4914948809e-20,1,0,1,0.000154560166413,0.00107875962943
15.917,10.892,0,0.00015659017201,0.000100118023075,6.77389666308e-20,1,0,1,0.000148709487215,0.00106049216758
15.919,10.894,0,0.000149540402089,8.01664045216e-05,6.12691733193e-20,1,0,1,0.000144920935648,0.00104860736398
15.921,10.896,0,0.000142490632168,6.02147859683e-05,5.54529898515e-20,1,0,1,0.000131356973872,0.000977062841465
15.923,10.898,0,0.000135440862247,4.0263167415e-05,5.01806257381e-20,1,0,1,0.000122309419952,0.000929435262389
15.925,10.9,0,0.000128391092326,2.03115488616e-05,4.53968199127e-20,1,0,1,0.000115079942461,0.000890913933203
15.927,10.902,0,0.000121341322405,3.5993030823e-07,4.10483317161e-20,1,0,1,0.000109197449685,0.000859188718128
15.929,10.904,0,0.000114291552484,-1.95916882451e-05,3.71277785221e-20,1,0,1,0.000105388414663,0.000838639020365
15.931,10.906,0,0.000107241782563,-3.95433067985e-05,3.3603298593e-20,1,0,1,9.18118851047e-05,0.000761778085644
15.933,10.908,0,0.000100192012642,-5.94949253518e-05,3.04083612944e-20,1,0,1,8.27557496684e-05,0.000710520361027
15.935,10.91,0,9.31422427206e-05,-7.94465439052e-05,2.75094796292e-20,1,0,1,7.55203883298e-05,0.000669510051392
15.937,10.912,0,8.60924727995e-05,-9.93981624585e-05,2.48743909227e-20,1,0,1,6.96339067567e-05,0.000636097498858
15.939,10.914,0,7.90427028785e-05,-0.000119349781012,2.2498621465e-20,1,0,1,6.5822303512e-05,0.000614461393856
15.941,10.916,0,7.19929329574e-05,-0.000139301399565,2.03628637401e-20,1,0,1,5.22441982018e-05,0.000536933885668
15.943,10.918,0,6.49431630363e-05,-0.000159253018119,1.84268016393e-20,1,0,1,4.31869868126e-05,0.000485221012247
15.945,10.92,0,5.78933931152e-05,-0.000179204636672,1.66701427749e-20,1,0,1,3.59508877552e-05,0.000443898633454
15.947,10.922,0,5.08436231942e-05,-0.000199156255225,1.50733366719e-20,1,0,1,3.00639060654e-05,0.000410274522019
15.949,10.924,0,4.37938532731e-05,-0.000219107873779,1.363367236e-20,1,0,1,2.62519808161e-05,0.000388502202937
15.951,10.926,0,3.6744083352e-05,-0.000239059492332,1.2339449907e-20,1,0,1,1.26736779375e-05,0.00031089111954
15.953,10.928,0,2.96943134309e-05,-0.000259011110885,1.11662386331e-20,1,0,1,3.61633164485e-06,0.000259121179401
15.955,10.93,0,2.26445435099e-05,-0.000278962729439,1.01017417952e-20,1,0,1,-3.61985990796e-06,0.000217759673262
15.957,10.932,0,1.55947735888e-05,-0.000298914347992,9.13411223336e-21,1,0,1,-9.50690430265e-06,0.000184109036488
15.959,10.934,0,8.54500366773e-06,-0.000318865966545,8.2617071588e-21,1,0,1,-1.3318869925e-05,0.00016231963883
15.961,10.936,0,1.49523374666e-06,-0.000338817585099,7.47743666861e-21,1,0,1,-2.68971975748e-05,8.46980767582e-05
15.963,10.938,0,-5.55453617441e-06,-0.000358769203652,6.7664963053e-21,1,0,1,-3.59545607817e-05,3.29209815891e-05
15.965,10.94,0,-1.26043060955e-05,-0.000378720822206,6.12143451169e-21,1,0,1,-4.31907639316e-05,-8.44543033456e-06
15.967,10.942,0,-1.70332024019e-05,-0.000388132932551,5.535072168e-21,1,0,1,-4.90778161882e-05,-4.20993928488e-05
15.969,10.944,0,-1.69024966535e-05,-0.000379209186099,5.00641378018e-21,1,0,1,-5.28897868725e-05,-6.38909318139e-05
15.971,10.946,0,-1.6771790905e-05,-0.000370285439647,4.5311630222e-21,1,0,1,-6.64681176282e-05,-0.000141513807717
15.973,10.948,0,-1.66410851566e-05,-0.000361361693195,4.10034871671e-21,1,0,1,-7.55254829558e-05,-0.0001932918
15.975,10.95,0,-1.65103794082e-05,-0.000352437946743,3.7094553831e-21,1,0,1,-8.27616875598e-05,-0.000234658827027
15.977,10.952,0,-1.63796736597e-05,-0.000343514200291,3.35413263186e-21,1,0,1,-8.86487408021e-05,-0.000268313206539
15.979,10.954,0,-1.62489679113e-05,-0.000334590453839,3.03377721537e-21,1,0,1,-9.2458592113e-05,-0.000288577434316
15.981,10.956,0,-1.61182621629e-05,-0.000325666707388,2.74584173322e-21,1,0,1,-0.000103723551411,0.000586327207254
15.983,10.958,0,-1.59875564144e-05,-0.000316742960936,2.48377943111e-21,1,0,1,-0.000111776597423,0.0012369668874
15.985,10.96,0,-1.5856850666e-05,-0.000307819214484,2.24965650278e-21,1,0,1,-0.000117430599364,0.00172375890763
15.987,10.962,0,-1.57261449176e-05,-0.000298895468032,2.03378774246e-21,1,0,1,-0.000121735132177,0.00209147275787
15.989,10.964,0,-1.55954391691e-05,-0.00028997172158,1.83894491556e-21,1,0,1,-0.000124602805915,0.00233798699801
15.991,10.966,0,-1.54647334207e-05,-0.000281047975128,1.6643768508e-21,1,0,1,-0.000127776916306,0.00247322384455
15.993,10.968,0,-1.53340276723e-05,-0.000272124228676,1.50613108618e-21,1,0,1,-0.00012990282172,0.00256616540096
15.995,10.97,0,-1.52033219238e-05,-0.000263200482224,1.36254900529e-21,1,0,1,-0.000131475796367,0.00262822147635
15.997,10.972,0,-1.50726161754e-05,-0.000254276735772,1.2320326326e-21,1,0,1,-0.000132676851245,0.00266834251964
15.999,10.974,0,-1.4941910427e-05,-0.00024535298932,1.11436038452e-21,1,0,1,-0.000133462866796,0.00269399104287
16.001,10.976,0,-1.48112046785e-05,-0.000236429242869,1.00857595665e-21,1,0,1,-0.000135348489425,0.00268943056294
16.003,10.978,0,-1.46804989301e-05,-0.000227505496417,9.12682485554e-22,1,0,1,-0.000136594591334,0.0026869158943
16.005,10.98,0,-1.45497931816e-05,-0.000218581749965,8.25674885969e-22,1,0,1,-0.000137564335699,0.0026835231675
16.007,10.982,0,-1.44190874332e-05,-0.000209658003513,7.46584819688e-22,1,0,1,-0.000138356446806,0.00267927495289
16.009,10.984,0,-1.42883816848e-05,-0.000200734257061,6.75278011905e-22,1,0,1,-0.000138879160271,0.00267635593462
16.011,10.986,0,-1.41576759363e-05,-0.000191810510609,6.11174963077e-22,1,0,1,-0.000140603231888,0.00265426762077
16.013,10.988,0,-1.40269701879e-05,-0.000182886764157,5.53065617648e-22,1,0,1,-0.000141739023751,0.00263978461984
16.015,10.99,0,-1.38962644395e-05,-0.000173963017705,5.0034091594e-22,1,0,1,-0.000142633134907,0.0026281859011
16.017,10.992,0,-1.3765558691e-05,-0.000165039271253,4.52414066187e-22,1,0,1,-0.000143373972513,0.00261837465462
16.019,10.994,0,-1.36348529426e-05,-0.000156115524801,4.09203700794e-22,1,0,1,-0.000143863673077,0.00261187382878
16.021,10.996,0,-1.35041471942e-05,-0.000147191778349,3.70358655716e-22,1,0,1,-0.000145567489377,0.00258758786946
16.023,10.998,0,-1.33734414457e-05,-0.000138268031898,3.35145663761e-22,1,0,1,-0.00014668945053,0.00257160427514
16.025,11,0,-1.32427356973e-05,-0.000129344285446,3.03195648091e-22,1,0,1,-0.00014757407877,0.00255897668648
16.027,11.002,0,-1.31120299489e-05,-0.000120420538994,2.74153025733e-22,1,0,1,-0.000148308487688,0.00254846794526
16.029,11.004,0,-1.29813242004e-05,-0.000111496792542,2.47968489705e-22,1,0,1,-0.000148794049084,0.00254151803123
16.031,11.006,0,-1.2850618452e-05,-0.00010257304609,2.24429242279e-22,1,0,1,-0.000150495325765,0.0025169565304
16.033,11.008,0,-1.27199127036e-05,-9.3649299638e-05,2.03090939581e-22,1,0,1,-0.000151615552819,0.0025007847912
16.035,11.01,0,-1.25892069551e-05,-8.47255531861e-05,1.8372992912e-22,1,0,1,-0.000152498992089,0.00248802820248
16.037,11.012,0,-1.24585012067e-05,-7.58018067342e-05,1.66130735395e-22,1,0,1,-0.000153232594975,0.00247743200915
16.039,11.014,0,-1.23277954583e-05,-6.68780602823e-05,1.50263479454e-22,1,0,1,-0.000153717637401,0.00247042578829
16.041,11.016,0,-1.21970897098e-05,-5.79543138304e-05,1.3599921053e-22,1,0,1,-0.000155418595664,0.00244582973999
16.043,11.018,0,-1.20663839614e-05,-4.90305673785e-05,1.23068665955e-22,1,0,1,-0.000156538605296,0.00242963441113
16.045,11.02,0,-1.19356782129e-05,-4.01068209266e-05,1.11336317216e-22,1,0,1,-0.000157421895492,0.00241686164837
16.047,11.022,0,-1.18049724645e-05,-3.11830744747e-05,1.00671590872e-22,1,0,1,-0.000158155397318,0.00240625449026
16.049,11.024,0,-1.16742667161e-05,-2.22593280228e-05,9.10563809316e-23,1,0,1,-0.000158640374675,0.00239924120965
16.051,11.026,0,-1.15435609676e-05,-1.33355815709e-05,8.24125460516e-23,1,0,1,-0.000160341293015,0.00237464082976
16.053,11.028,0,-1.14128552192e-05,-4.41183511898e-06,7.45769189472e-23,1,0,1,-0.000161461275387,0.00235844254321
16.055,11.03,0,-1.1909992622e-05,5.85462455906e-07,6.74673723034e-23,1,0,1,-0.000162344546892,0.00234566775252
16.057,11.032,0,-1.32062031285e-05,5.85461446603e-07,6.10047814726e-23,1,0,1,-0.000163078036047,0.00233505921964
16.059,11.034,0,-1.45024136351e-05,5.85460437299e-07,5.51781746202e-23,1,0,1,-0.000163563005246,0.00232804505386
16.061,11.036,0,-1.57986241416e-05,5.85459427995e-07,4.99401998016e-23,1,0,1,-0.000165263918579,0.00230344413089
16.063,11.038,0,-1.70948346481e-05,5.85458418692e-07,4.51919812122e-23,1,0,1,-0.000166383897533,0.00228724547352
16.065,11.04,0,-1.83910451547e-05,5.85457409388e-07,4.08837514959e-23,1,0,1,-0.000167267166695,0.00227447042858
16.067,11.042,0,-1.96872556612e-05,5.85456400085e-07,3.69675628476e-23,1,0,1,-0.000168000654261,0.00226386172334
16.069,11.044,0,-2.09834661677e-05,5.85455390781e-07,3.34367665755e-23,1,0,1,-0.000168485622438,0.00225684744659
16.071,11.046,0,-2.22796766743e-05,5.85454381477e-07,3.02626684371e-23,1,0,1,-0.000170186535144,0.00223224645552
16.073,11.048,0,-2.35758871808e-05,5.85453372174e-07,2.73853518584e-23,1,0,1,-0.000171306513669,0.00221604775164
16.075,11.05,0,-2.48720976873e-05,5.8545236287e-07,2.47746589101e-23,1,0,1,-0.000172189782537,0.00220327267481
16.077,11.052,0,-2.61683081939e-05,5.85451353566e-07,2.24015342716e-23,1,0,1,-0.000172923269904,0.00219266394795
16.079,11.054,0,-2.74645187004e-05,5.85450344263e-07,2.02619489811e-23,1,0,1,-0.000173408237952,0.00218564965727
16.081,11.056,0,-2.87607292069e-05,5.85449334959e-07,1.83385149554e-23,1,0,1,-0.000175109150579,0.00216104865767
16.083,11.058,0,-3.00569397134e-05,5.85448325655e-07,1.65949240615e-23,1,0,1,-0.000176229129051,0.00214484994797
16.085,11.06,0,-3.135315022e-05,5.85447316352e-07,1.50129012543e-23,1,0,1,-0.000177112397882,0.00213207486716
16.087,11.062,0,-3.26493607265e-05,5.85446307048e-07,1.3574839645e-23,1,0,1,-0.000177845885224,0.0021214661376
16.089,11.064,0,-3.3945571233e-05,5.85445297745e-07,1.2278297771e-23,1,0,1,-0.000178330853256,0.00211445184519
16.091,11.066,0,-3.52417817396e-05,5.85444288441e-07,1.11127388343e-23,1,0,1,-0.000180031765873,0.00208985084451
16.093,11.068,0,-3.65379922461e-05,5.85443279137e-07,1.00561609006e-23,1,0,1,-0.000181151744338,0.00207365213407
16.095,11.07,0,-3.78342027526e-05,5.85442269834e-07,9.09748969255e-24,1,0,1,-0.000182035013165,0.00206087705274
16.097,11.072,0,-3.91304132592e-05,5.8544126053e-07,8.22605582069e-24,1,0,1,-0.000182768500504,0.00205026832283
16.099,11.074,0,-4.04266237657e-05,5.85440251226e-07,7.44037981209e-24,1,0,1,-0.000183253468534,0.00204325403019
16.101,11.076,0,-4.17228342722e-05,5.85439241923e-07,6.73407659773e-24,1,0,1,-0.00018495438115,0.00201865302938
16.103,11.078,0,-4.30190447788e-05,5.85438232619e-07,6.09381348683e-24,1,0,1,-0.000186074359614,0.00200245431887
16.105,11.08,0,-4.43152552853e-05,5.85437223315e-07,5.51287970953e-24,1,0,1,-0.00018695762844,0.00198967923749
16.107,11.082,0,-4.56114657918e-05,5.85436214012e-07,4.98480984931e-24,1,0,1,-0.000187691115778,0.00197907050755
16.109,11.084,0,-4.69076762984e-05,5.85435204708e-07,4.50870737791e-24,1,0,1,-0.000188176083808,0.00197205621489
16.111,11.086,0,-4.82038868049e-05,5.85434195405e-07,4.08070308323e-24,1,0,1,-0.000189876996424,0.00194745521406
16.113,11.088,0,-4.95000973114e-05,5.85433186101e-07,3.69271764636e-24,1,0,1,-0.000190996974888,0.00193125650351
16.115,11.09,0,-5.07963078179e-05,5.85432176797e-07,3.34068448757e-24,1,0,1,-0.000191880243714,0.00191848142211
16.117,11.092,0,-5.20925183245e-05,5.85431167494e-07,3.02068570593e-24,1,0,1,-0.000192613731052,0.00190787269216
16.119,11.094,0,-5.3388728831e-05,5.8543015819e-07,2.73217802492e-24,1,0,1,-0.000193098699082,0.00190085839948
16.121,11.096,0,-5.46849393375e-05,5.85429148886e-07,2.47281678666e-24,1,0,1,-0.000194799611698,0.00187625739866
16.123,11.098,0,-5.59811498441e-05,5.85428139583e-07,2.23770610065e-24,1,0,1,-0.000195919590162,0.00186005868813
16.125,11.1,0,-5.72773603506e-05,5.85427130279e-07,2.02438170857e-24,1,0,1,-0.000196802858988,0.00184728360674
16.127,11.102,0,-5.85735708571e-05,5.85426120975e-07,1.83046944815e-24,1,0,1,-0.000197536346326,0.0018366748768
16.129,11.104,0,-5.98697813637e-05,5.85425111672e-07,1.65564010573e-24,1,0,1,-0.000198021314356,0.00182966058413
16.131,11.106,0,-6.11659918702e-05,5.85424102368e-07,1.49847286991e-24,1,0,1,-0.000199722226972,0.0018050595833
16.133,11.108,0,-6.24622023767e-05,5.85423093065e-07,1.35600093818e-24,1,0,1,-0.000200842205436,0.00178886087275
16.135,11.11,0,-6.37584128833e-05,5.85422083761e-07,1.22673102391e-24,1,0,1,-0.000201725474262,0.00177608579135
16.137,11.112,0,-6.50546233898e-05,5.85421074457e-07,1.1092244367e-24,1,0,1,-0.0002024589616,0.0017654770614
16.139,11.114,0,-6.63508338963e-05,5.85420065154e-07,1.00328168029e-24,1,0,1,-0.00020294392963,0.00175846276872
16.141,11.116,0,-6.76470444029e-05,5.8541905585e-07,9.08041774047e-25,1,0,1,-0.000204644842246,0.0017338617679
16.143,11.118,0,-6.89432549094e-05,5.85418046546e-07,8.21706900566e-25,1,0,1,-0.00020576482071,0.00171766305737
16.145,11.12,0,-7.02394654159e-05,5.85417037243e-07,7.43372160815e-25,1,0,1,-0.000206648089536,0.00170488797598
16.147,11.122,0,-7.15356759224e-05,5.85416027939e-07,6.72165739899e-25,1,0,1,-0.000207381576874,0.00169427924603
16.149,11.124,0,-7.2831886429e-05,5.85415018635e-07,6.07966747435e-25,1,0,1,-0.000207866544904,0.00168726495337
16.151,11.126,0,-7.41280969355e-05,5.85414009332e-07,5.50253448009e-25,1,0,1,-0.00020956745752,0.00166266395254
16.153,11.128,0,-7.5424307442e-05,5.85413000028e-07,4.97936403602e-25,1,0,1,-0.000210687435984,0.00164646524199
16.155,11.13,0,-7.67205179486e-05,5.85411990725e-07,4.504672652e-25,1,0,1,-0.000211570704809,0.00163369016059
16.157,11.132,0,-7.80167284551e-05,5.85410981421e-07,4.07317732051e-25,1,0,1,-0.000212304192148,0.00162308143063
16.159,11.134,0,-7.93129389616e-05,5.85409972117e-07,3.68414547229e-25,1,0,1,-0.000212789160177,0.00161606713796
16.161,11.136,0,-8.0642619302e-05,5.85408936573e-07,3.33441550487e-25,1,0,1,-0.000214490072794,0.00159146613714
16.163,11.138,0,-8.20812546337e-05,5.85407815608e-07,3.01738566222e-25,1,0,1,-0.000215610051257,0.00157526742661
16.165,11.14,0,-8.35198899653e-05,5.85406694643e-07,2.72973306929e-25,1,0,1,-0.000216493320083,0.00156249234522
16.167,11.142,0,-8.4958525297e-05,5.85405573679e-07,2.46825633911e-25,1,0,1,-0.000217226807422,0.00155188361528
16.169,11.144,0,-8.63971606287e-05,5.85404452714e-07,2.23251155072e-25,1,0,1,-0.000217711775451,0.00154486932261
16.171,11.146,0,-8.78357959604e-05,5.85403331749e-07,2.02058284221e-25,1,0,1,-0.000219412688067,0.00152026832178
16.173,11.148,0,-8.9274431292e-05,5.85402210784e-07,1.82846969387e-25,1,0,1,-0.000220532666531,0.00150406961123
16.175,11.15,0,-9.07130666237e-05,5.85401089819e-07,1.65415851611e-25,1,0,1,-0.000221415935357,0.00149129452983
16.177,11.152,0,-9.21517019554e-05,5.85399968854e-07,1.49570933847e-25,1,0,1,-0.000222149422696,0.00148068579987
16.179,11.154,0,-9.35903372871e-05,5.85398847889e-07,1.35285315457e-25,1,0,1,-0.000222634390725,0.0014736715072
16.181,11.156,0,-9.50289726188e-05,5.85397726924e-07,1.22442899401e-25,1,0,1,-0.000224335303341,0.00144907050637
16.183,11.158,0,-9.64676079504e-05,5.8539660596e-07,1.10801262936e-25,1,0,1,-0.000225455281805,0.00143287179584
16.185,11.16,0,-9.79062432821e-05,5.85395484995e-07,1.0023838694e-25,1,0,1,-0.000226338550631,0.00142009671446
16.187,11.162,0,-9.93448786138e-05,5.8539436403e-07,9.06367134459e-26,1,0,1,-0.00022707203797,0.00140948798451
16.189,11.164,0,-0.000100783513945,5.85393243065e-07,8.1979941257e-26,1,0,1,-0.000227557005999,0.00140247369185
16.191,11.166,0,-0.000102222149277,5.853921221e-07,7.41977181064e-26,1,0,1,-0.000229257918615,0.00137787269101
16.193,11.168,0,-0.000103660784609,5.85391001135e-07,6.71431411162e-26,1,0,1,-0.000230377897079,0.00136167398047
16.195,11.17,0,-0.000105099419941,5.8538988017e-07,6.07422693678e-26,1,0,1,-0.000231261165905,0.00134889889907
16.197,11.172,0,-0.000106538055272,5.85388759205e-07,5.49238653059e-26,1,0,1,-0.000231994653243,0.00133829016911
16.199,11.174,0,-0.000107976690604,5.85387638241e-07,4.96780507611e-26,1,0,1,-0.000232479621273,0.00133127587644
16.201,11.176,0,-0.000109415325936,5.85386517276e-07,4.49621937992e-26,1,0,1,-0.000234180533889,0.00130667487561
16.203,11.178,0,-0.000110853961267,5.85385396311e-07,4.06872744904e-26,1,0,1,-0.000235300512353,0.00129047616508
16.205,11.18,0,-0.000112292596599,5.85384275346e-07,3.68084862556e-26,1,0,1,-0.000236183781179,0.00127770108369
16.207,11.182,0,-0.000113731231931,5.85383154381e-07,3.3282660695e-26,1,0,1,-0.000236917268517,0.00126709235375
16.209,11.184,0,-0.000115169867262,5.85382033416e-07,3.01038118542e-26,1,0,1,-0.000237402236547,0.00126007806108
16.211,11.186,0,-0.000116608502594,5.85380912451e-07,2.72461057136e-26,1,0,1,-0.000239103149163,0.00123547706025
16.213,11.188,0,-0.000118047137926,5.85379791486e-07,2.46555981435e-26,1,0,1,-0.000240223127627,0.0012192783497
16.215,11.19,0,-0.000119485773257,5.85378670521e-07,2.23051373373e-26,1,0,1,-0.000241106396453,0.00120650326831
16.217,11.192,0,-0.000120924408589,5.85377549557e-07,2.01685641892e-26,1,0,1,-0.000241839883791,0.00119589453835
16.219,11.194,0,-0.000122363043921,5.85376428592e-07,1.82422513417e-26,1,0,1,-0.000242324851821,0.00118888024567
16.221,11.196,0,-0.000123801679252,5.85375307627e-07,1.65105439444e-26,1,0,1,-0.000244025764437,0.00116427924485
16.223,11.198,0,-0.000125240314584,5.85374186662e-07,1.49407530346e-26,1,0,1,-0.000245145742901,0.00114808053432
16.225,11.2,0,-0.000126678949916,5.85373065697e-07,1.35164252119e-26,1,0,1,-0.000246029011727,0.00113530545293
16.227,11.202,0,-0.000128117585247,5.85371944732e-07,1.22217086303e-26,1,0,1,-0.000246762499065,0.00112469672299
16.229,11.204,0,-0.000129556220579,5.85370823767e-07,1.10544051905e-26,1,0,1,-0.000247247467095,0.00111768243032
16.231,11.206,0,-0.000130994855911,5.85369702802e-07,1.00050283958e-26,1,0,1,-0.000248948379711,0.00109308142949
16.233,11.208,0,-0.000132433491242,5.85368581838e-07,9.05376944997e-27,1,0,1,-0.000250068358175,0.00107688271894
16.235,11.21,0,-0.000133872126574,5.85367460873e-07,8.19065795226e-27,1,0,1,-0.000250951627001,0.00106410763754
16.237,11.212,0,-0.000135310761906,5.85366339908e-07,7.40608803093e-27,1,0,1,-0.000251685114339,0.00105349890758
16.239,11.214,0,-0.000136749397237,5.85365218943e-07,6.69872768591e-27,1,0,1,-0.000252170082369,0.00104648461491
16.241,11.216,0,-0.000138188032569,5.85364097978e-07,6.06282830763e-27,1,0,1,-0.000253870994985,0.00102188361409
16.243,11.218,0,-0.000139626667901,5.85362977013e-07,5.48638619909e-27,1,0,1,-0.000254990973449,0.00100568490356
16.245,11.22,0,-0.000141065303232,5.85361856048e-07,4.96335951551e-27,1,0,1,-0.000255874242274,0.000992909822169
16.247,11.222,0,-0.000142503938564,5.85360735083e-07,4.4879273088e-27,1,0,1,-0.000256607729613,0.000982301092223
16.249,11.224,0,-0.000143942573896,5.85359614118e-07,4.05928241607e-27,1,0,1,-0.000257092697642,0.000975286799559
16.251,11.226,0,-0.000145381209227,5.85358493154e-07,3.67394130568e-27,1,0,1,-0.000258793610258,0.000950685798726
16.253,11.228,0,-0.000146819844559,5.85357372189e-07,3.3246299999e-27,1,0,1,-0.000259913588722,0.00093448708818
16.255,11.23,0,-0.000148258479891,5.85356251224e-07,3.00768727296e-27,1,0,1,-0.000260796857548,0.000921712006782
16.257,11.232,0,-0.000149697115223,5.85355130259e-07,2.71958575769e-27,1,0,1,-0.000261530344887,0.000911103276823
16.259,11.234,0,-0.000151135750554,5.85354009294e-07,2.45983633102e-27,1,0,1,-0.000262015312916,0.000904088984151
16.261,11.236,0,-0.000152574385886,5.85352888329e-07,2.22632804901e-27,1,0,1,-0.000263716225532,0.000879487983326
16.263,11.238,0,-0.000154013021218,5.85351767364e-07,2.01465304029e-27,1,0,1,-0.000264836203996,0.000863289272794
16.265,11.24,0,-0.000155451656549,5.85350646399e-07,1.82259268216e-27,1,0,1,-0.000265719472822,0.000850514191407
16.267,11.242,0,-0.000156890291881,5.85349525435e-07,1.64800946729e-27,1,0,1,-0.000266452960161,0.00083990546146
16.269,11.244,0,-0.000158328927213,5.8534840447e-07,1.49060699779e-27,1,0,1,-0.00026693792819,0.000832891168797
16.271,11.246,0,-0.000159767562544,5.85347283505e-07,1.34910608783e-27,1,0,1,-0.000268638840806,0.000808290167963
16.273,11.248,0,-0.000161206197876,5.8534616254e-07,1.22083566378e-27,1,0,1,-0.00026975881927,0.000792091457417
16.275,11.25,0,-0.000163744992783,1.34001451769e-05,1.10445128885e-27,1,0,1,-0.000270642088096,0.000779316376019
16.277,11.252,0,-0.000166470364461,2.83882144015e-05,9.98657680345e-28,1,0,1,-0.000271375575435,0.00076870764606
16.279,11.254,0,-0.000169195736139,4.33762836262e-05,9.03275227642e-28,1,0,1,-0.000271860543464,0.000761693353388
16.281,11.256,0,-0.000171921107818,5.83643528507e-05,8.17528772105e-28,1,0,1,-0.00027356145608,0.000737092352564
16.283,11.258,0,-0.000174646479496,7.33524220754e-05,7.39799701566e-28,1,0,1,-0.000274681434544,0.000720893642033
16.285,11.26,0,-0.000177371851174,8.83404913e-05,6.69273316733e-28,1,0,1,-0.00027556470337,0.000708118560648
16.287,11.262,0,-0.000180097222852,0.000103328560525,6.05164704638e-28,1,0,1,-0.000276298190708,0.000697509830702
16.289,11.264,0,-0.00018282259453,0.000118316629749,5.47365025175e-28,1,0,1,-0.000276783158738,0.000690495538038
16.291,11.266,0,-0.000185547966209,0.000133304698974,4.95404549168e-28,1,0,1,-0.000278484071354,0.000665894537203
16.293,11.268,0,-0.000188273337887,0.000148292768198,4.48302433057e-28,1,0,1,-0.000279604049818,0.000649695826656
16.295,11.27,0,-0.000190998709565,0.000163280837423,4.05564986896e-28,1,0,1,-0.000280487318644,0.000636920745258
16.297,11.272,0,-0.000193724081243,0.000178268906648,3.66716570601e-28,1,0,1,-0.000281220805982,0.000626312015298
16.299,11.274,0,-0.000196449452921,0.000193256975872,3.31691229446e-28,1,0,1,-0.000281705774012,0.000619297722626
16.301,11.276,0,-0.0001991748246,0.000208245045097,3.0020431783e-28,1,0,1,-0.000283406686628,0.000594696721802
16.303,11.278,0,-0.000201900196278,0.000223233114321,2.71661466015e-28,1,0,1,-0.000284526665092,0.00057849801127
16.305,11.28,0,-0.000204625567956,0.000238221183546,2.45763508695e-28,1,0,1,-0.000285409933918,0.000565722929883
16.307,11.282,0,-0.000207350939634,0.000253209252771,2.22222218385e-28,1,0,1,-0.000286143421256,0.000555114199936
16.309,11.284,0,-0.000210076311312,0.000268197321995,2.00997627965e-28,1,0,1,-0.000286628389286,0.000548099907273
16.311,11.286,0,-0.000212801682991,0.00028318539122,1.81917248429e-28,1,0,1,-0.000288329301902,0.000523498906439
16.313,11.288,0,-0.000215527054669,0.000298173460444,1.64620904719e-28,1,0,1,-0.000289449280366,0.000507300195893
16.315,11.29,0,-0.000218252426347,0.000313161529669,1.48927309204e-28,1,0,1,-0.000290332549192,0.000494525114495
16.317,11.292,0,-0.000220977798025,0.000328149598894,1.34661802337e-28,1,0,1,-0.00029106603653,0.000483916384536
16.319,11.294,0,-0.000223703169703,0.000343137668118,1.21800164916e-28,1,0,1,-0.00029155100456,0.000476902091864
16.321,11.296,0,-0.000226428541381,0.000358125737343,1.10237872377e-28,1,0,1,-0.000293251917176,0.00045230109104
16.323,11.298,0,-0.00022915391306,0.000373113806567,9.97566665155e-29,1,0,1,-0.00029437189564,0.000436102380508
16.325,11.3,0,-0.000231879284738,0.000388101875792,9.02466909944e-29,1,0,1,-0.000295255164466,0.000423327299121
16.327,11.302,0,-0.000234604656416,0.000403089945017,8.16021059481e-29,1,0,1,-0.000295988651804,0.000412718569174
16.329,11.304,0,-0.000237330028094,0.000418078014241,7.38082350709e-29,1,0,1,-0.000296473619833,0.000405704276511
16.331,11.306,0,-0.000240055399772,0.000433066083466,6.68017387638e-29,1,0,1,-0.00029817453245,0.000381103275676
16.333,11.308,0,-0.000242780771451,0.000448054152691,6.04503573303e-29,1,0,1,-0.000299294510914,0.00036490456513
16.335,11.31,0,-0.000245506143129,0.000463042221915,5.46875202335e-29,1,0,1,-0.000300177779739,0.000352129483733
16.337,11.312,0,-0.000248231514807,0.00047803029114,4.94490908305e-29,1,0,1,-0.000300911267078,0.000341520753773
16.339,11.314,0,-0.000250956886485,0.000493018360364,4.47261756012e-29,1,0,1,-0.000301396235107,0.000334506461102
16.341,11.316,0,-0.000253682258163,0.000508006429589,4.04803921343e-29,1,0,1,-0.000303097147723,0.000309905460278
16.343,11.318,0,-0.000256407629842,0.000522994498814,3.66315939477e-29,1,0,1,-0.000304217126187,0.000293706749746
16.345,11.32,0,-0.00025913300152,0.000537982568038,3.31394407522e-29,1,0,1,-0.000305100395013,0.000280931668362
16.347,11.322,0,-0.000261858373198,0.000552970637263,2.99650671457e-29,1,0,1,-0.000305833882352,0.000270322938415
16.349,11.324,0,-0.000264583744876,0.000567958706487,2.71030838495e-29,1,0,1,-0.000306318850381,0.000263308645752
16.351,11.326,0,-0.000267309116554,0.000582946775712,2.45302319621e-29,1,0,1,-0.000308019762997,0.000238707644917
16.353,11.328,0,-0.000270034488233,0.000597934844937,2.21979444689e-29,1,0,1,-0.000309139741461,0.00022250893437
16.355,11.33,0,-0.000272759859911,0.000612922914161,2.00817760374e-29,1,0,1,-0.000310023010287,0.000209733852972
16.357,11.332,0,-0.000275485231589,0.000627910983386,1.8158175084e-29,1,0,1,-0.000310756497626,0.000199125123012
16.359,11.334,0,-0.000278210603267,0.00064289905261,1.64238758239e-29,1,0,1,-0.000311241465655,0.00019211083034
16.361,11.336,0,-0.000280935974945,0.000657887121835,1.48647838716e-29,1,0,1,-0.000312942378271,0.000167509829515
16.363,11.338,0,-0.000283661346624,0.00067287519106,1.34514686789e-29,1,0,1,-0.000314062356735,0.000151311118984
16.365,11.34,0,-0.000286386718302,0.000687863260284,1.21691169091e-29,1,0,1,-0.000314945625561,0.000138536037596
16.367,11.342,0,-0.00028911208998,0.000702851329509,1.10034568178e-29,1,0,1,-0.0003156791129,0.00012792730765
16.369,11.344,0,-0.000291837461658,0.000717839398733,9.95250941097e-30,1,0,1,-0.000316164080929,0.000120913014987
16.371,11.346,0,-0.000294562833336,0.000732827467958,9.00773379931e-30,1,0,1,-0.000317864993545,9.63120141526e-05
16.373,11.348,0,-0.000297288205015,0.000747815537183,8.15129571448e-30,1,0,1,-0.000318984972009,8.01133036064e-05
16.375,11.35,0,-0.000300013576693,0.000762803606407,7.37421859855e-30,1,0,1,-0.000319868240835,6.73382222085e-05
16.377,11.352,0,-0.000302738948371,0.000777791675632,6.66785408676e-30,1,0,1,-0.000320601728173,5.67294922492e-05
16.379,11.354,0,-0.000305464320049,0.000792779744857,6.0310029519e-30,1,0,1,-0.000321086696203,4.97151995774e-05
16.381,11.356,0,-0.000308189691727,0.000807767814081,5.4579457125e-30,1,0,1,-0.000324364191686,0.000726228251989
16.383,11.358,0,-0.000310915063405,0.000822755883306,4.93928870647e-30,1,0,1,-0.000326105840967,0.00101744700931
16.385,11.36,0,-0.000313640435084,0.00083774395253,4.46808318625e-30,1,0,1,-0.000327722538037,0.00135061832476
16.387,11.362,0,-0.000316365806762,0.000852732021755,4.04125689611e-30,1,0,1,-0.000329410208837,0.0017629245483
16.389,11.364,0,-0.00031909117844,0.00086772009098,3.65571787674e-30,1,0,1,-0.000330564186432,0.00204166685076
16.391,11.366,0,-0.000321816550118,0.000882708160204,3.30862604856e-30,1,0,1,-0.00033468291532,0.00185243505442
16.393,11.368,0,-0.000324541921796,0.000897696229429,2.99366404159e-30,1,0,1,-0.000337343613886,0.00176343457751
16.395,11.37,0,-0.000327267293475,0.000912684298653,2.71084951784e-30,1,0,1,-0.000339365742688,0.00164494558488
16.397,11.372,0,-0.000329992665153,0.000927672367878,2.45067680012e-30,1,0,1,-0.000341116767352,0.00149415781784
16.399,11.374,0,-0.000332718036831,0.000942660437103,2.21587707121e-30,1,0,1,-0.000342338240682,0.00137343004455
16.401,11.376,0,-0.000335443408509,0.000957648506327,2.00511599964e-30,1,0,1,-0.000293351391758,0.000379321553061
16.403,11.378,0,-0.000338168780187,0.000972636575552,1.81414625821e-30,1,0,1,-0.00028528084923,-0.000294515881935
16.405,11.38,0,-0.000340894151866,0.000987624644776,1.64259203506e-30,1,0,1,-0.00027085467429,-0.000841866022865
16.407,11.382,0,-0.000343619523544,0.001002612714,1.4856126378e-30,1,0,1,-0.000234400883737,-0.00124271477534
16.409,11.384,0,-0.000346344895222,0.00101760078323,1.3432774772e-30,1,0,1,-0.000204807186958,-0.00152174762675
16.411,11.386,0,-0.000338839679603,0.0010195276711,1.215785812e-30,1,0,1,3.86876997247e-05,-0.00136741140662
16.413,11.388,0,-0.000284728454973,0.000961953621466,1.10052859864e-30,1,0,1,0.000212748128033,-0.00125467481084
16.415,11.39,0,-0.000230617230342,0.000904379571827,9.95621145119e-31,1,0,1,0.000338822839098,-0.00116495343936
16.417,11.392,0,-0.000176506005711,0.000846805522188,9.00126980412e-31,1,0,1,0.000430735552881,-0.00109006854067
16.419,11.394,0,-0.00012239478108,0.00078923147255,8.14024094762e-31,1,0,1,0.000491149643233,-0.00103886767856
16.421,11.396,0,-6.82835564491e-05,0.000731657422911,7.36764340827e-31,1,0,1,0.000589534317613,-0.000867967261707
16.423,11.398,0,-1.41723318182e-05,0.000674083373272,6.66918645978e-31,1,0,1,0.000653477781473,-0.000758281417006
16.425,11.4,0,3.99388928125e-05,0.000616509323633,6.03344889748e-31,1,0,1,0.000702936122662,-0.000670682674625
16.427,11.402,0,9.40501174434e-05,0.000558935273995,5.45475572127e-31,1,0,1,0.00074268574339,-0.000597242935749
16.429,11.404,0,0.000148161342074,0.000501361224356,4.93297355238e-31,1,0,1,0.000769584464013,-0.000546970604961
16.431,11.406,0,0.000202272566705,0.000443787174717,4.46455675895e-31,1,0,1,0.000846388454847,-0.000476235992139
16.433,11.408,0,0.000256383791336,0.000386213125079,4.04214945551e-31,1,0,1,0.000894432497871,-0.000352590181645
16.435,11.41,0,0.000310495015967,0.00032863907544,3.65806324544e-31,1,0,1,0.000932341185342,-0.000286683265508
16.437,11.412,0,0.000364606240598,0.000271065025801,3.3068450767e-31,1,0,1,0.000964703496931,-0.00030400014199
16.439,11.414,0,0.000418717465229,0.000213490976162,2.98996336595e-31,1,0,1,0.000987841124116,-0.000331859489942
16.441,11.416,0,0.000472828689859,0.000155916926524,2.70573089226e-31,1,0,1,0.0010469089424,-0.000811637276045
16.443,11.418,0,0.00052693991449,9.83428768851e-05,2.44979915606e-31,1,0,1,0.00108296828135,-0.00123488089735
16.445,11.42,0,0.000581051139121,4.07688272464e-05,2.21702564704e-31,1,0,1,0.00111154433539,-0.00148873273983
16.447,11.422,0,0.000635162363752,-1.68052223922e-05,2.00414411343e-31,1,0,1,0.0011362301348,-0.00161198670422
16.449,11.424,0,0.000689273588383,-7.4379272031e-05,1.81212211273e-31,1,0,1,0.0011538739173,-0.00167298552401
16.451,11.426,0,0.000743384813013,-0.00013195332167,1.64013198439e-31,1,0,1,0.00120917248366,-0.00152009007199
16.453,11.428,0,0.000797496037644,-0.000189527371308,1.48464650315e-31,1,0,1,0.00124376157845,-0.00142464706299
16.455,11.43,0,0.000851607262275,-0.000247101420947,1.34312316227e-31,1,0,1,0.00127112732122,-0.001347895383
16.457,11.432,0,0.000905718486906,-0.000304675470586,1.21429863387e-31,1,0,1,0.00129465176319,-0.00128029975253
16.459,11.434,0,0.000959829711537,-0.000362249520224,1.09814322614e-31,1,0,1,0.00131126320834,-0.00123217619434
16.461,11.436,0,0.00101394093617,-0.000419823569863,9.93917471668e-32,1,0,1,0.00136620465896,-0.00106233828185
16.463,11.438,0,0.0010680521608,-0.000477397619502,8.99693508069e-32,1,0,1,0.00140055190005,-0.000956286027811
16.465,11.44,0,0.00112216338543,-0.000534971669141,8.13930580149e-32,1,0,1,0.00142774936762,-0.000872152725505
16.467,11.442,0,0.00117627461006,-0.000592545718779,7.35863113159e-32,1,0,1,0.00145115924198,-0.000799531429469
16.469,11.444,0,0.00123038583469,-0.000650119768418,6.65473113897e-32,1,0,1,0.00146769707616,-0.00074817882504
16.471,11.446,0,0.00128449705932,-0.000707693818057,6.02207357646e-32,1,0,1,0.00152258841395,-0.00119234662321
16.473,11.448,0,0.00133860828395,-0.000765267867695,5.44835093752e-32,1,0,1,0.00155504998357,-0.00129735279907
16.475,11.45,0,0.00139271950858,-0.000822841917334,4.93279195512e-32,1,0,1,0.00157982138003,-0.0014662935786
16.477,11.452,0,0.00144683073321,-0.000880415966973,4.46140710748e-32,1,0,1,0.00160291842039,-0.00175017255833
16.479,11.454,0,0.00150094195785,-0.000937990016611,4.03408613921e-32,1,0,1,0.00162020114648,-0.00198784961295
16.481,11.456,0,0.00155505318248,-0.00099556406625,3.65120742042e-32,1,0,1,0.00167413353531,-0.0019885505303
16.483,11.458,0,0.00160916440711,-0.00105313811589,3.30507079954e-32,1,0,1,0.00170527587792,-0.0019671816821
16.485,11.46,0,0.00166327563174,-0.00111071216553,2.99001623239e-32,1,0,1,0.00173085197993,-0.00194814092996
16.487,11.462,0,0.00171738685637,-0.00116828621517,2.70323134039e-32,1,0,1,0.00175468381358,-0.00192832371211
16.489,11.464,0,0.001771498081,-0.0012258602648,2.44465002458e-32,1,0,1,0.00177219779983,-0.00191323998855
16.491,11.466,0,0.00182560930563,-0.00128343431444,2.21262610714e-32,1,0,1,0.00183890043262,-0.00184422718182
16.493,11.468,0,0.00187972053026,-0.00134100836408,2.00286784479e-32,1,0,1,0.00187983666028,-0.00180201156384
16.495,11.47,0,0.00193383175489,-0.00139858241372,1.81194525942e-32,1,0,1,0.00191222707944,-0.00176846619988
16.497,11.472,0,0.00198794297952,-0.00145615646336,1.63815405391e-32,1,0,1,0.00194069833753,-0.00173877373712
16.499,11.474,0,0.00204205420415,-0.001513730513,1.48145417239e-32,1,0,1,0.0019611932058,-0.00171734505846
16.501,11.476,0,0.00209616542878,-0.00157130456264,1.34084803363e-32,1,0,1,0.00202971643277,-0.00164445702678
16.503,11.478,0,0.00215027665342,-0.00162887861228,1.21373484776e-32,1,0,1,0.002071884039,-0.00159962035847
16.505,11.48,0,0.00220438787805,-0.00168645266191,1.0980360533e-32,1,0,1,0.00210513121767,-0.00156425133944
16.507,11.482,0,0.00225849910268,-0.00174402671155,9.9271884882e-33,1,0,1,0.00213418578748,-0.00153331726879
16.509,11.484,0,0.00231261032731,-0.00180160076119,8.97758960512e-33,1,0,1,0.00215572189205,-0.00151560428751
16.511,11.486,0,0.00236672155194,-0.00185917481083,8.12551855675e-33,1,0,1,0.00235417133013,-0.0021243060798
16.513,11.488,0,0.00242083277657,-0.00191674886047,7.35019319442e-33,1,0,1,0.00249243661143,-0.0027380767951
16.515,11.49,0,0.0024749440012,-0.00197432291011,6.65591608628e-33,1,0,1,0.0025883371202,-0.00309967381196
16.517,11.492,0,0.00252905522583,-0.00203189695975,6.01778567646e-33,1,0,1,0.00266812254507,-0.00327206375084
16.519,11.494,0,0.00258316645046,-0.00208947100939,5.44174063032e-33,1,0,1,0.00272572647366,-0.00333759120375
16.521,11.496,0,0.00263727767509,-0.00214704505902,4.92526016644e-33,1,0,1,0.00284856568104,-0.00276629787771
16.523,11.498,0,0.00269138889972,-0.00220461910866,4.45725266358e-33,1,0,1,0.00292406582854,-0.00237806283876
16.525,11.5,0,0.00274550012435,-0.0022621931583,4.03415326098e-33,1,0,1,0.00297965640812,-0.00207533205894
16.527,11.502,0,0.00279961134899,-0.00231976720794,3.64806367434e-33,1,0,1,0.0030292724753,-0.0018266367157
16.529,11.504,0,0.00285372257362,-0.00237734125758,3.29855982678e-33,1,0,1,0.00306693536328,-0.00165401032421
16.531,11.506,0,0.00290783379825,-0.00243491530722,2.98549056728e-33,1,0,1,0.00316136508944,-0.00205127690358
16.533,11.508,0,0.00296194502288,-0.00249248935686,2.7005170533e-33,1,0,1,0.00321930716474,-0.00227229998893
16.535,11.51,0,0.00301605624751,-0.0025500634065,2.44512829248e-33,1,0,1,0.00326096556398,-0.00244482934719
16.537,11.512,0,0.00307016747214,-0.00260763745613,2.21086885661e-33,1,0,1,0.00329939463116,-0.00263237122478
16.539,11.514,0,0.00312427869677,-0.00266521150577,1.99938557171e-33,1,0,1,0.00332959259509,-0.00278965751517
16.541,11.516,0,0.0031783899214,-0.00272278555541,1.80962210121e-33,1,0,1,0.00342164376956,-0.00261189915513
16.543,11.518,0,0.00323250114603,-0.00278035960505,1.63711615214e-33,1,0,1,0.00347748373087,-0.00253515194961
16.545,11.52,0,0.00328661237066,-0.00283793365469,1.48141621298e-33,1,0,1,0.00351854867933,-0.00246296683178
16.547,11.522,0,0.00334072359529,-0.00289550770433,1.33976558346e-33,1,0,1,0.00355653449421,-0.0023569686583
16.549,11.524,0,0.00339483481992,-0.00295308175397,1.21186666271e-33,1,0,1,0.00358668591864,-0.00225645388232
16.551,11.526,0,0.00344894604456,-0.0030106558036,1.09682960962e-33,1,0,1,0.00367536552599,-0.00289316982517
16.553,11.528,0,0.00350305726919,-0.00306822985324,9.92528807578e-34,1,0,1,0.00372719153984,-0.00322494670861
16.555,11.53,0,0.00355716849382,-0.00312580390288,8.97698388076e-34,1,0,1,0.00376463941356,-0.00351853983109
16.557,11.532,0,0.00361127971845,-0.00318337795252,8.1228824723e-34,1,0,1,0.00380060316132,-0.00386508595136
16.559,11.534,0,0.00366539094308,-0.00324095200216,7.34697604249e-34,1,0,1,0.00383004592165,-0.0041405066515
16.561,11.536,0,0.00371950216771,-0.0032985260518,6.64966798384e-34,1,0,1,0.00392241164717,-0.00388063620981
16.563,11.538,0,0.00377361339234,-0.00335610010144,6.01533126835e-34,1,0,1,0.00397805723153,-0.00375123477382
16.565,11.54,0,0.00382772461697,-0.00341367415108,5.44456719436e-34,1,0,1,0.00401831967742,-0.00364445034566
16.567,11.542,0,0.0038818358416,-0.00347124820071,4.92358243511e-34,1,0,1,0.00405632248587,-0.00350797893946
16.569,11.544,0,0.00393594706623,-0.00352882225035,4.4531996971e-34,1,0,1,0.00408687878173,-0.00338243336365
16.571,11.546,0,0.00402423966538,-0.00361812572285,4.03033774215e-34,1,0,1,0.00417723963069,-0.0033811115253
16.573,11.548,0,0.00413484902978,-0.00372814509958,3.64662443172e-34,1,0,1,0.00423160867474,-0.00302904122502
16.575,11.55,0,0.00424545839417,-0.00383816447632,3.30034808403e-34,1,0,1,0.00427016657627,-0.00283538324027
16.577,11.552,0,0.00435606775856,-0.00394818385306,2.98578251649e-34,1,0,1,0.00430597944137,-0.00297287965083
16.579,11.554,0,0.00446667712296,-0.00405820322979,2.69974689873e-34,1,0,1,0.00433485749484,-0.00320158600541
16.581,11.556,0,0.00457728648735,-0.00416822260653,2.44340424407e-34,1,0,1,0.00442535941714,-0.00352907153561
16.583,11.558,0,0.00468789585174,-0.00427824198326,2.21091452339e-34,1,0,1,0.00447719556926,-0.00389044529154
16.585,11.56,0,0.00479850521614,-0.00438826136,2.00063442886e-34,1,0,1,0.00451517485203,-0.00410202429268
16.587,11.562,0,0.00490911458053,-0.00449828073673,1.80934190039e-34,1,0,1,0.0045518483697,-0.00412982208465
16.589,11.564,0,0.00501972394492,-0.00460830011347,1.63648444001e-34,1,0,1,0.00458264729258,-0.0040713805713
16.591,11.566,0,0.00513033330932,-0.0047183194902,1.48091132379e-34,1,0,1,0.00471097625915,-0.00376538670821
16.593,11.568,0,0.00524094267371,-0.00482833886694,1.34050469188e-34,1,0,1,0.0047770371627,-0.00344419954991
16.595,11.57,0,0.00535155203811,-0.00493835824368,1.21342885953e-34,1,0,1,0.00482773199123,-0.00324649184133
16.597,11.572,0,0.0054621614025,-0.00504837762041,1.09696699543e-34,1,0,1,0.0048819217563,-0.00317166815639
16.599,11.574,0,0.00557277076689,-0.00515839699715,9.91874499201e-35,1,0,1,0.00493013702767,-0.00316946113705
16.601,11.576,0,0.00568338013129,-0.00526841637388,8.97734804521e-35,1,0,1,0.00514107757116,-0.0035755341162
16.603,11.578,0,0.00579398949568,-0.00537843575062,8.126290146e-35,1,0,1,0.00524650735768,-0.00387750771506
16.605,11.58,0,0.00590459886007,-0.00548845512735,7.34863433998e-35,1,0,1,0.00532756292679,-0.00409355858003
16.607,11.582,0,0.00601520822447,-0.00559847450409,6.64537452754e-35,1,0,1,0.00541855844004,-0.00424048179629
16.609,11.584,0,0.00612581758886,-0.00570849388082,6.01084711008e-35,1,0,1,0.00549724043086,-0.00433685862306
16.611,11.586,0,0.00623642695326,-0.00581851325756,5.44035224187e-35,1,0,1,0.00583952818218,-0.00438813862715
16.613,11.588,0,0.00634703631765,-0.0059285326343,4.92460363475e-35,1,0,1,0.00604063904285,-0.00442373513305
16.615,11.59,0,0.00645764568204,-0.00603855201103,4.45309156662e-35,1,0,1,0.0061896656713,-0.00444861744148
16.617,11.592,0,0.00656825504644,-0.00614857138777,4.027041464e-35,1,0,1,0.00632704560662,-0.00446387470215
16.619,11.594,0,0.00667886441083,-0.0062585907645,3.64263230106e-35,1,0,1,0.00643627210329,-0.0044731750447
16.621,11.596,0,0.00678947377522,-0.00636861014124,3.29686169491e-35,1,0,1,0.00673336525981,-0.00476134111004
16.623,11.598,0,0.00690008313962,-0.00647862951797,2.9831902567e-35,1,0,1,0.00692645662549,-0.00484125059387
16.625,11.6,0,0.00701069250401,-0.00658864889471,2.70037917625e-35,1,0,1,0.00705800167934,-0.00491023717966
16.627,11.602,0,0.00712130186841,-0.00669866827144,2.44198637637e-35,1,0,1,0.00716752027588,-0.00505304909975
16.629,11.604,0,0.0072319112328,-0.00680868764818,2.20800696805e-35,1,0,1,0.00725209712969,-0.00520818438879
16.631,11.606,0,0.00734252059719,-0.00691870702492,1.99844305448e-35,1,0,1,0.0074443205906,-0.00527869835239
16.633,11.608,0,0.00745312996159,-0.00702872640165,1.80829784042e-35,1,0,1,0.00755926314215,-0.00519869559159
16.635,11.61,0,0.00756373932598,-0.00713874577839,1.63740491619e-35,1,0,1,0.00763849400262,-0.00515009208448
16.637,11.612,0,0.00767434869037,-0.00724876515512,1.48022319635e-35,1,0,1,0.00771246116897,-0.00518854206918
16.639,11.614,0,0.00778495805477,-0.00735878453186,1.33838481343e-35,1,0,1,0.00777354101154,-0.00527482976687
16.641,11.616,0,0.00789556741916,-0.00746880390859,1.21124754991e-35,1,0,1,0.00795419180697,-0.00537716583992
16.643,11.618,0,0.00800617678355,-0.00757882328533,1.09619730183e-35,1,0,1,0.00805678927135,-0.00546301551758
16.645,11.62,0,0.00811678614795,-0.00768884266206,9.91915202198e-36,1,0,1,0.00813093690498,-0.00549864936029
16.647,11.622,0,0.00822739551234,-0.0077988620388,8.96844970964e-36,1,0,1,0.0082017826199,-0.00548429666536
16.649,11.624,0,0.00833800487674,-0.00790888141554,8.11115990113e-36,1,0,1,0.00826013527457,-0.00546215878654
16.651,11.626,0,0.00844861424113,-0.00801890079227,7.34029853653e-36,1,0,1,0.00843372279526,-0.00563220975346
16.653,11.628,0,0.00855922360552,-0.00812892016901,6.64368400765e-36,1,0,1,0.00853231348121,-0.00586301279971
16.655,11.63,0,0.00866983296992,-0.00823893954574,6.0140106233e-36,1,0,1,0.00860088861738,-0.00601146109837
16.657,11.632,0,0.00878044233431,-0.00834895892248,5.43697788122e-36,1,0,1,0.00866684038795,-0.00605164885936
16.659,11.634,0,0.0088910516987,-0.00845897829921,4.91623408649e-36,1,0,1,0.00872498291572,-0.00602474845193
16.661,11.636,0,0.0090016610631,-0.00856899767595,4.44962367755e-36,1,0,1,0.00890389978618,-0.00615288553659
16.663,11.638,0,0.00911227042749,-0.00867901705269,4.02488360213e-36,1,0,1,0.00900661920222,-0.00639296300807
16.665,11.64,0,0.00922287979189,-0.00878903642942,3.64543524122e-36,1,0,1,0.00907439888106,-0.00656293928218
16.667,11.642,0,0.00933348915628,-0.00889905580616,3.29573605078e-36,1,0,1,0.00914275993409,-0.00660614371967
16.669,11.644,0,0.00944409852067,-0.00900907518289,2.98007354162e-36,1,0,1,0.00920446850182,-0.00655292611823
16.671,11.646,0,0.00955470788507,-0.00911909455963,2.69706265148e-36,1,0,1,0.00937290829183,-0.00695954498038
16.673,11.648,0,0.00966531724946,-0.00922911393636,2.43971898935e-36,1,0,1,0.00947201174225,-0.00703969771921
16.675,11.65,0,0.00977592661385,-0.0093391333131,2.20866763095e-36,1,0,1,0.00953722295014,-0.00710272023771
16.677,11.652,0,0.00988653597825,-0.00944915268983,1.99783738051e-36,1,0,1,0.00959877248486,-0.0073258968074
16.679,11.654,0,0.00999714534264,-0.00955917206657,1.80651690585e-36,1,0,1,0.00965175645016,-0.00759452165611
16.681,11.656,0,0.010107754707,-0.0096691914433,1.63492021155e-36,1,0,1,0.0109552200428,-0.00901170490174
16.683,11.658,0,0.0102183640714,-0.00977921082004,1.47934401416e-36,1,0,1,0.0112599751184,-0.00963090824805
16.685,11.66,0,0.0103289734358,-0.00988923019678,1.33871120788e-36,1,0,1,0.0114600436988,-0.0100427728326
16.687,11.662,0,0.0104395828002,-0.00999924957351,1.21110612299e-36,1,0,1,0.0120512824307,-0.0106132464927
16.689,11.664,0,0.0105501921646,-0.0101092689502,1.0952524983e-36,1,0,1,0.0127758854401,-0.0112014314742
16.691,11.666,0,0.010660801529,-0.010219288327,9.9129971511e-37,1,0,1,0.0158104039208,-0.0121492061973
16.693,11.668,0,0.0107714108934,-0.0103293077037,8.96789046455e-37,1,0,1,0.017846324151,-0.0128524315441
16.695,11.67,0,0.0108820202578,-0.0104393270805,8.11676790755e-37,1,0,1,0.019216053045,-0.0133263880316
16.697,11.672,0,0.0109926296222,-0.0105493464572,7.3411769757e-37,1,0,1,0.0203417849937,-0.0136400919128
16.699,11.674,0,0.0111032389866,-0.0106593658339,6.63919438166e-37,1,0,1,0.0211840168389,-0.0138306481742
16.701,11.676,0,0.0118111742701,-0.010967731345,6.00766713926e-37,1,0,1,0.0224108670758,-0.0144069165091
16.703,11.678,0,0.0126827083729,-0.0113304209567,5.43940527414e-37,1,0,1,0.0231323748954,-0.0146621574756
16.705,11.68,0,0.0135542424758,-0.0116931105685,4.92061918821e-37,1,0,1,0.0236411279283,-0.0148509954393
16.707,11.682,0,0.0144257765786,-0.0120558001802,4.4500572846e-37,1,0,1,0.0240712354538,-0.0151038901449
16.709,11.684,0,0.0152973106814,-0.012418489792,4.02410045471e-37,1,0,1,0.0244226268592,-0.0153552001795
16.711,11.686,0,0.0161688447843,-0.0127811794037,3.64216437808e-37,1,0,1,0.0253100353484,-0.0159386750184
16.713,11.688,0,0.0170403788871,-0.0131438690155,3.297767626e-37,1,0,1,0.0258226735979,-0.0162793339253
16.715,11.69,0,0.0179119129899,-0.0135065586272,2.98255865191e-37,1,0,1,0.0261938207078,-0.0165256167241
16.717,11.692,0,0.0187834470928,-0.013869248239,2.69671537429e-37,1,0,1,0.0265233903659,-0.016740254229
16.719,11.694,0,0.0196549811956,-0.0142319378507,2.43870434064e-37,1,0,1,0.026802916187,-0.0169188548906
16.721,11.696,0,0.0205265152984,-0.0145946274625,2.20724163775e-37,1,0,1,0.02765060399,-0.017245499593
16.723,11.698,0,0.0213980494013,-0.0149573170742,1.99852869342e-37,1,0,1,0.0281372446092,-0.0174115921498
16.725,11.7,0,0.0222695835041,-0.015320006686,1.80777443561e-37,1,0,1,0.0284908097173,-0.0175301361923
16.727,11.702,0,0.0231411176069,-0.0156826962978,1.63435509888e-37,1,0,1,0.028808332535,-0.0176477719169
16.729,11.704,0,0.0240126517098,-0.0160453859095,1.47790157273e-37,1,0,1,0.0290802483441,-0.0177590691494
16.731,11.706,0,0.0248841858126,-0.0164080755213,1.33763073837e-37,1,0,1,0.0299080972583,-0.0183802102349
16.733,11.708,0,0.0257557199154,-0.016770765133,1.21051059027e-37,1,0,1,0.0303829165763,-0.0187171428496
16.735,11.71,0,0.0266272540183,-0.0171334547448,1.09479565487e-37,1,0,1,0.0307082823563,-0.0189491186849
16.737,11.712,0,0.0274987881211,-0.0174961443565,9.90120631877e-38,1,0,1,0.0310158776306,-0.0192026042978
16.739,11.714,0,0.0283703222239,-0.0178588339683,8.95641952085e-38,1,0,1,0.031281939056,-0.0194288718244
16.741,11.716,0,0.0292418563268,-0.01822152358,8.10634637509e-38,1,0,1,0.0321290173389,-0.0196145637716
16.743,11.718,0,0.0301133904296,-0.0185842131918,7.33982430935e-38,1,0,1,0.0326053323032,-0.0198519434105
16.745,11.72,0,0.0309849245324,-0.0189469028035,6.63993317894e-38,1,0,1,0.0329472728335,-0.020014796584
16.747,11.722,0,0.0318564586353,-0.0193095924153,6.00251189293e-38,1,0,1,0.0332606521923,-0.0200618274502
16.749,11.724,0,0.0323214636461,-0.019368203779,5.42772284428e-38,1,0,1,0.0335385605425,-0.0200246164619
16.751,11.726,0,0.0327695299444,-0.0194141452154,4.9125659312e-38,1,0,1,0.0337695087915,-0.0183509468362
16.753,11.728,0,0.0332175962428,-0.0194600866519,4.44423622692e-38,1,0,1,0.0342497388096,-0.0171911027792
16.755,11.73,0,0.0336656625411,-0.0195060280884,4.02207644101e-38,1,0,1,0.0346318892454,-0.0163996837034
16.757,11.732,0,0.0341137288395,-0.0195519695248,3.63883782759e-38,1,0,1,0.0347061692924,-0.0157493915672
16.759,11.734,0,0.0345617951378,-0.0195979109613,3.29022611236e-38,1,0,1,0.034546359494,-0.0152725309941
16.761,11.736,0,0.0350098614361,-0.0196438523978,2.97767106055e-38,1,0,1,0.0334432283912,-0.0142846134296
16.763,11.738,0,0.0354579277345,-0.0196897938342,2.69473106018e-38,1,0,1,0.032686618401,-0.0138667645158
16.765,11.74,0,0.0359059940328,-0.0197357352707,2.43723866014e-38,1,0,1,0.0321742196102,-0.0136233109332
16.767,11.742,0,0.0354433318671,-0.018916844782,2.20578622319e-38,1,0,1,0.0317877016005,-0.0133003158756
16.769,11.744,0,0.0348905976548,-0.0180124214649,1.99543087504e-38,1,0,1,0.0315019012227,-0.0128978395727
16.771,11.746,0,0.0343378634424,-0.0171079981478,1.8060402154e-38,1,0,1,0.0317099451678,-0.0108485033164
16.773,11.748,0,0.0337851292301,-0.0162035748306,1.63400954636e-38,1,0,1,0.03180139116,-0.00954202512779
16.775,11.75,0,0.0332323950177,-0.0152991515135,1.47805315388e-38,1,0,1,0.0318468012697,-0.00870754629507
16.777,11.752,0,0.0326796608054,-0.0143947281963,1.33746752419e-38,1,0,1,0.0319358566112,-0.00799626013477
16.779,11.754,0,0.032126926593,-0.0134903048792,1.21011849337e-38,1,0,1,0.0320480642213,-0.00736698334456
16.781,11.756,0,0.0320327917149,-0.0122523055618,1.09526353018e-38,1,0,1,0.0324813709228,-0.00605838847133
16.783,11.758,0,0.0321305530127,-0.010874724797,9.90771193109e-39,1,0,1,0.0327175230406,-0.00523534357442
16.785,11.76,0,0.0322283143105,-0.00949714403225,8.96625506494e-39,1,0,1,0.0328572645927,-0.00471184177201
16.787,11.762,0,0.0323260756083,-0.00811956326748,8.11155550718e-39,1,0,1,0.0330112876256,-0.00424808989274
16.789,11.764,0,0.0324850198083,-0.00703855038404,7.33807699955e-39,1,0,1,0.0331720331412,-0.00385921242749
16.791,11.766,0,0.0327396603428,-0.0064214000856,6.64022646166e-39,1,0,1,0.0337043470463,-0.00233112148723
16.793,11.768,0,0.0329943008773,-0.00580424978716,6.00878163246e-39,1,0,1,0.0339593734197,-0.00202327261763
16.795,11.77,0,0.0332489414118,-0.00518709948872,5.4375180863e-39,1,0,1,0.0341237166953,-0.00184495875227
16.797,11.772,0,0.0335035819464,-0.00456994919028,4.91908320815e-39,1,0,1,0.0342966754393,-0.00158845499348
16.799,11.774,0,0.0337582224809,-0.00395279889184,4.45002334221e-39,1,0,1,0.0344819430729,-0.00103486946757
16.801,11.776,0,0.0340128630154,-0.0033356485934,4.02703678636e-39,1,0,1,0.0354449996433,0.00803771045793
16.803,11.778,0,0.0342675035499,-0.00271849829496,3.64395810558e-39,1,0,1,0.0359934761944,0.0135799390565
16.805,11.78,0,0.0345221440845,-0.00210134799651,3.29703063654e-39,1,0,1,0.0363394414814,0.0171385950211
16.807,11.782,0,0.034776784619,-0.00148419769807,2.9831769344e-39,1,0,1,0.036681420757,0.0203291830258
16.809,11.784,0,0.0350314251535,-0.000867047399634,2.69871668438e-39,1,0,1,0.0370002995831,0.0231290815928
16.811,11.786,0,0.0353125148361,0.000301541079743,2.44254078931e-39,1,0,1,0.0373040119332,0.0276503179899
16.813,11.788,0,0.0357274532384,0.00426074097387,2.20950315551e-39,1,0,1,0.0377493567541,0.0304657894258
16.815,11.79,0,0.0361423916407,0.008219940868,1.99956964671e-39,1,0,1,0.0381127376764,0.0322412709446
16.817,11.792,0,0.036557330043,0.0121791407621,1.80899593595e-39,1,0,1,0.0382554928356,0.0337721668232
16.819,11.794,0,0.0369722684453,0.0161383406563,1.63649948416e-39,1,0,1,0.0381426372682,0.0350862100068
16.821,11.796,0,0.0373872068476,0.0200975405504,1.48115464098e-39,1,0,1,0.036830803831,0.0377943794538
16.823,11.798,0,0.0378021452499,0.0240567404445,1.34026168694e-39,1,0,1,0.0360408838426,0.0393507959533
16.825,11.8,0,0.0382170836523,0.0280159403386,1.21247600822e-39,1,0,1,0.0355423461316,0.0403286353496
16.827,11.802,0,0.0386320220546,0.0319751402328,1.09696510284e-39,1,0,1,0.0350294555636,0.041232846205
16.829,11.804,0,0.0390469604569,0.0359343401269,9.92364211143e-40,1,0,1,0.0345524770198,0.0421012467781
16.831,11.806,0,0.0394618988592,0.039893540021,8.98163959783e-40,1,0,1,0.0343409022219,0.0447698382099
16.833,11.808,0,0.039047858726,0.0418745888372,8.13089643247e-40,1,0,1,0.03419071082,0.046422421289
16.835,11.81,0,0.0383931474041,0.0432813357251,7.35178246253e-40,1,0,1,0.0340818683833,0.0475277168151
16.837,11.812,0,0.0377384360823,0.0446880826131,6.65179468996e-40,1,0,1,0.0340244985536,0.0484440229504
16.839,11.814,0,0.0370837247604,0.0460948295011,6.01751411519e-40,1,0,1,0.0339966315992,0.0492592327547
16.841,11.816,0,0.0364290134385,0.047501576389,5.44630111109e-40,1,0,1,0.0340848470179,0.0517536668252
16.843,11.818,0,0.0357743021166,0.048908323277,4.92807001054e-40,1,0,1,0.0341205006005,0.0530561487702
16.845,11.82,0,0.0351195907948,0.050315070165,4.45837673684e-40,1,0,1,0.0341378495094,0.0538273441137
16.847,11.822,0,0.0344648794729,0.0517218170529,4.0336156404e-40,1,0,1,0.0341704938426,0.0547053767651
16.849,11.824,0,0.0340573435817,0.0530917383404,3.6489910141e-40,1,0,1,0.0342149767009,0.0556635570184
16.851,11.826,0,0.0341296188221,0.0543901746385,3.30261025301e-40,1,0,1,0.034349338326,0.0582274803769
16.853,11.828,0,0.0342018940624,0.0556886109366,2.98978617785e-40,1,0,1,0.0344291944128,0.0597282506143
16.855,11.83,0,0.0342741693028,0.0569870472347,2.70402856116e-40,1,0,1,0.0344842158011,0.0607632394554
16.857,11.832,0,0.0343464445432,0.0582854835327,2.44561966976e-40,1,0,1,0.0345270921372,0.0616066965294
16.859,11.834,0,0.0344187197836,0.0595839198308,2.21241808701e-40,1,0,1,0.0345655785968,0.0623810249795
16.861,11.836,0,0.034490995024,0.0608823561289,2.00240412483e-40,1,0,1,0.0347128881342,0.0650391909322
16.863,11.838,0,0.0345632702644,0.062180792427,1.81273590168e-40,1,0,1,0.0347980658806,0.0665493259385
16.865,11.84,0,0.0346355042194,0.0634794074163,1.63947833069e-40,1,0,1,0.0348568935933,0.0675908728196
16.867,11.842,0,0.0347057151939,0.0647867782772,1.48280255293e-40,1,0,1,0.0349083709745,0.0685198408286
16.869,11.844,0,0.0347759261684,0.0660941491381,1.34141020704e-40,1,0,1,0.0349571824088,0.0694151360488
16.871,11.846,0,0.0348461371428,0.0674015199991,1.21407673687e-40,1,0,1,0.035191535869,0.0735110331326
16.873,11.848,0,0.0349163481173,0.06870889086,1.09848627783e-40,1,0,1,0.0352528698732,0.0746830254371
16.875,11.85,0,0.0349865590917,0.0700162617209,9.93988984167e-41,1,0,1,0.0352680442916,0.0750422313829
16.877,11.852,0,0.0350567700662,0.0713236325819,8.99174232839e-41,1,0,1,0.035341157674,0.0763349142247
16.879,11.854,0,0.0351269810406,0.0726310034428,8.13433650664e-41,1,0,1,0.0354773288926,0.0786373522907
16.881,11.856,0,0.0351971920151,0.0739383743037,7.36196540308e-41,1,0,1,0.0361468869452,0.0918721096428
16.883,11.858,0,0.0352674029895,0.0752457451646,6.66225958175e-41,1,0,1,0.036541239866,0.0989770079927
16.885,11.86,0,0.035337613964,0.0765531160256,6.02659202473e-41,1,0,1,0.0367848907289,0.103205415752
16.887,11.862,0,0.0354654319579,0.0787846030046,5.4528407449e-41,1,0,1,0.0370600204596,0.108432947471
16.889,11.864,0,0.0356636585313,0.0821455652424,4.93288618782e-41,1,0,1,0.0373133537344,0.113682106008
16.891,11.866,0,0.0358618851048,0.0855065274801,4.46463157565e-41,1,0,1,0.0373367005461,0.121563469564
16.893,11.868,0,0.0360601116782,0.0888674897179,4.0390390193e-41,1,0,1,0.0373257747691,0.126500562561
16.895,11.87,0,0.0362114176747,0.0941646784305,3.65416675724e-41,1,0,1,0.0373151106651,0.129612829522
16.897,11.872,0,0.0363560207317,0.099738470927,3.30700820079e-41,1,0,1,0.0373193402832,0.132249479056
16.899,11.874,0,0.0365006237887,0.105312263424,2.99167089159e-41,1,0,1,0.0373313520518,0.134540147225
16.901,11.876,0,0.0366452268457,0.11088605592,2.7076862952e-41,1,0,1,0.0374619398895,0.140109232778
16.903,11.878,0,0.0367898299026,0.116459848417,2.44987210984e-41,1,0,1,0.0375300136355,0.143270444126
16.905,11.88,0,0.0369344329596,0.122033640913,2.21597860371e-41,1,0,1,0.0375697289126,0.14521438129
16.907,11.882,0,0.0370790360166,0.12760743341,2.00553314117e-41,1,0,1,0.0376188987467,0.147187006394
16.909,11.884,0,0.0372236390735,0.133181225906,1.81427586357e-41,1,0,1,0.0376707820712,0.14910154759
16.911,11.886,0,0.0373682421305,0.138755018403,1.64205558349e-41,1,0,1,0.0378230597898,0.154269441973
16.913,11.888,0,0.0375128451875,0.144328810899,1.48586766761e-41,1,0,1,0.0379087519842,0.157171484737
16.915,11.89,0,0.0376532048554,0.149685455297,1.34382699496e-41,1,0,1,0.0379627838082,0.158998669167
16.917,11.892,0,0.0377447655491,0.15254489653,1.21616091419e-41,1,0,1,0.0380141921324,0.160771253062
16.919,11.894,0,0.0378363262427,0.155404337763,1.10023948779e-41,1,0,1,0.0380655575955,0.162544661737
16.921,11.896,0,0.0379278869364,0.158263778996,9.95799167244e-42,1,0,1,0.0382341567938,0.167987602724
16.923,11.898,0,0.03801944763,0.161123220229,9.01081425571e-42,1,0,1,0.0383340283347,0.171150476013
16.925,11.9,0,0.0381110083236,0.163982661462,8.14943060367e-42,1,0,1,0.0383979320686,0.173161724351
16.927,11.902,0,0.0381958434143,0.16678731074,7.37521943691e-42,1,0,1,0.0384565799773,0.175060591673
16.929,11.904,0,0.0382798472506,0.169585187978,6.6722319069e-42,1,0,1,0.0385143101569,0.176936254554
16.931,11.906,0,0.0383638510869,0.172383065215,6.03886976455e-42,1,0,1,0.0391450708511,0.190382467298
16.933,11.908,0,0.0384478549232,0.175180942453,5.46446869537e-42,1,0,1,0.0394781056801,0.197545893155
16.935,11.91,0,0.0385318587595,0.177978819691,4.94245045903e-42,1,0,1,0.0396609818842,0.201523949384
16.937,11.912,0,0.0386158625958,0.180776696929,4.47290841092e-42,1,0,1,0.039910681821,0.206752335651
16.939,11.914,0,0.0386998664322,0.183574574167,4.04656193233e-42,1,0,1,0.0401673606657,0.212115659276
16.941,11.916,0,0.0388026048204,0.186703222252,3.66244172033e-42,1,0,1,0.040701600631,0.224342466678
16.943,11.918,0,0.0391542451158,0.194226397358,3.31408010268e-42,1,0,1,0.0410454561335,0.231801063006
16.945,11.92,0,0.0395058854111,0.201749572463,2.9972725045e-42,1,0,1,0.0412731226591,0.236652840987
16.947,11.922,0,0.0398575257065,0.209272747568,2.71252600432e-42,1,0,1,0.0414569362656,0.240780281282
16.949,11.924,0,0.0402091660019,0.216795922674,2.45397478803e-42,1,0,1,0.0416115442007,0.244512917435
16.951,11.926,0,0.0405608062972,0.224319097779,2.22103103686e-42,1,0,1,0.0417533214398,0.252828447191
16.953,11.928,0,0.0409124465926,0.231842272885,2.00977253122e-42,1,0,1,0.0418329807348,0.257616435861
16.955,11.93,0,0.0412640868879,0.23936544799,1.81764947179e-42,1,0,1,0.041884051998,0.260660689507
16.957,11.932,0,0.0416157271833,0.246888623096,1.64496936851e-42,1,0,1,0.041930497897,0.263536517077
16.959,11.934,0,0.0419673674787,0.254411798201,1.48817498928e-42,1,0,1,0.0419747538388,0.266332900214
16.961,11.936,0,0.0421363104774,0.259873234227,1.34690986053e-42,1,0,1,0.0421501175668,0.274219046747
16.963,11.938,0,0.0421782943376,0.263901936312,1.21879541293e-42,1,0,1,0.0422392707688,0.278551526042
16.965,11.94,0,0.0422202781977,0.267930638397,1.10228536022e-42,1,0,1,0.0422922994957,0.281242828433
16.967,11.942,0,0.0422622620578,0.271959340481,9.97566187027e-43,1,0,1,0.0423545133432,0.283997677958
16.969,11.944,0,0.0423042459179,0.275988042566,9.02480665052e-43,1,0,1,0.0424250367983,0.286849123678
16.971,11.946,0,0.042346229778,0.280016744651,8.16812616425e-43,1,0,1,0.0426263691582,0.294781414832
16.973,11.948,0,0.0423882136382,0.284045446736,7.39119594637e-43,1,0,1,0.0427463555089,0.299355202192
16.975,11.95,0,0.0424409154845,0.288112355724,6.68463878333e-43,1,0,1,0.0428234773036,0.302258958126
16.977,11.952,0,0.0425520476431,0.292387553962,6.04958558225e-43,1,0,1,0.0428946157552,0.305061252699
16.979,11.954,0,0.0426631798017,0.2966627522,5.47295416641e-43,1,0,1,0.0429613673422,0.307789871653
16.981,11.956,0,0.0427743119603,0.300937950437,4.95343355858e-43,1,0,1,0.0431273961496,0.315214627657
16.983,11.958,0,0.0428854441189,0.305213148675,4.4822762654e-43,1,0,1,0.0432040466102,0.318958125945
16.985,11.96,0,0.0429965762775,0.309488346913,4.05379562099e-43,1,0,1,0.0432484029781,0.321211830298
16.987,11.962,0,0.043107708436,0.313763545151,3.66867744646e-43,1,0,1,0.0433089344843,0.32387882133
16.989,11.964,0,0.0432107137309,0.317952603445,3.31898825842e-43,1,0,1,0.0433787476333,0.326788966371
16.991,11.966,0,0.0432982897625,0.321978120687,3.00393303505e-43,1,0,1,0.0435726061714,0.335077114095
16.993,11.968,0,0.0433858657942,0.326003637928,2.71820699453e-43,1,0,1,0.0436848211315,0.339776578662
16.995,11.97,0,0.0434734418258,0.33002915517,2.45836154644e-43,1,0,1,0.0437563750521,0.342743315191
16.997,11.972,0,0.0435610178575,0.334054672411,2.22481259636e-43,1,0,1,0.0438238826654,0.345635570489
16.999,11.974,0,0.0436485938891,0.338080189652,2.01274900622e-43,1,0,1,0.0438887537515,0.348501204335
17.001,11.976,0,0.0437361699208,0.342105706894,1.82168864735e-43,1,0,1,0.0440454502977,0.356315198858
17.003,11.978,0,0.0438237459525,0.346131224135,1.648414517e-43,1,0,1,0.0441353671226,0.360710815389
17.005,11.98,0,0.0439113219841,0.350156741376,1.49083527095e-43,1,0,1,0.0441925411626,0.363477843638
17.007,11.982,0,0.0439947474193,0.354247725803,1.3492031287e-43,1,0,1,0.0442455040549,0.366191831428
17.009,11.984,0,0.044074022258,0.358404177416,1.22060045008e-43,1,0,1,0.0442969554572,0.368900118865
17.011,11.986,0,0.0441532970967,0.362560629029,1.10473485566e-43,1,0,1,0.0444579795456,0.3769665496
17.013,11.988,0,0.0442325719354,0.366717080642,9.99655443952e-44,1,0,1,0.0445512343588,0.381512952953
17.015,11.99,0,0.0443118467741,0.370873532255,9.04093951654e-44,1,0,1,0.0446104460543,0.384372670665
17.017,11.992,0,0.0443911216128,0.375029983868,8.18203333376e-44,1,0,1,0.0446667251282,0.387205775278
17.019,11.994,0,0.0444703964516,0.379186435481,7.40214231451e-44,1,0,1,0.0447216261011,0.390038387468
17.021,11.996,0,0.0445496712903,0.383342887094,6.6994933689e-44,1,0,1,0.0449647583922,0.400337633319
17.023,11.998,0,0.044628946129,0.387499338707,6.06225555717e-44,1,0,1,0.0450406498407,0.40468484169
17.025,12,0,0.0447082209677,0.39165579032,5.48273769305e-44,1,0,1,0.0450677176837,0.406929314824
