time_ns,input_v,hspice_native_pad_v,hspice_native_ku,hspice_native_kd,hspice_transistor_pad_v,legacy_input_v,legacy_pad_v,legacy_ku,legacy_kd,coefficient_value_match_input_v,coefficient_value_match_pad_v,coefficient_value_match_ku,coefficient_value_match_kd,coefficient_value_match_kuleg,coefficient_value_match_kdleg,coefficient_value_match_hfall_after_rise,coefficient_value_match_hrise_after_fall,coefficient_value_match_hreverse_edge,coefficient_value_match_kutarget,coefficient_value_match_kdtarget,coefficient_value_match_coeff_jump_ku,coefficient_value_match_coeff_jump_kd,pad_voltage_input_v,pad_voltage_pad_v,pad_voltage_ku,pad_voltage_kd,pad_voltage_kuleg,pad_voltage_kdleg,pad_voltage_padsamp,pad_voltage_padslewpre,pad_voltage_padslewsamp,pad_voltage_tr_pad_early,pad_voltage_tf_pad_early,pad_voltage_tr_pad_late,pad_voltage_tf_pad_late,pad_voltage_padstartcmd,pad_voltage_padstart_latch,pad_voltage_padstartspan,pad_voltage_padmatch_ambiguous,pad_voltage_pmt0,pad_voltage_pmelapsed,pad_voltage_padarg,pad_voltage_kupadmatch,pad_voltage_kdpadmatch,pad_voltage_padmapactive,pad_voltage_hfall_after_rise,pad_voltage_hrise_after_fall,pad_voltage_hreverse_edge,pad_voltage_pmsample,pad_voltage_pmlatchpulse,pad_voltage_kutarget,pad_voltage_kdtarget,pad_voltage_coeff_jump_ku,pad_voltage_coeff_jump_kd,pad_slew_input_v,pad_slew_pad_v,pad_slew_ku,pad_slew_kd,pad_slew_kuleg,pad_slew_kdleg,pad_slew_padsamp,pad_slew_padslewpre,pad_slew_padslewsamp,pad_slew_tr_pad_early,pad_slew_tf_pad_early,pad_slew_tr_pad_late,pad_slew_tf_pad_late,pad_slew_tr_pad_score,pad_slew_tf_pad_score,pad_slew_tr_pad_score_late,pad_slew_tf_pad_score_late,pad_slew_padstartcmd,pad_slew_padstart_latch,pad_slew_padstartspan,pad_slew_padmatch_ambiguous,pad_slew_pmt0,pad_slew_pmelapsed,pad_slew_padarg,pad_slew_kupadmatch,pad_slew_kdpadmatch,pad_slew_padmapactive,pad_slew_hfall_after_rise,pad_slew_hrise_after_fall,pad_slew_hreverse_edge,pad_slew_pmsample,pad_slew_pmlatchpulse,pad_slew_kutarget,pad_slew_kdtarget,pad_slew_coeff_jump_ku,pad_slew_coeff_jump_kd
0.0,0.0,1.366309e-08,0.0,1.0,1.308077e-08,0.0,1.365266943779294e-08,0.0,1.0,0.0,1.365266943779294e-08,0.0,1.0,0.0,1.0,0.0,0.0,0.0,0.0,1.0,0.0,0.0,0.0,1.365266943779294e-08,0.0,0.9999999999999999,0.0,1.0,0.0,0.0,0.0,0.1725583103196892,6.608163381625229,0.2662473035197972,13.98816338162383,6.608163381625229,0.0,7.379999999998601,1.0,0.0,0.0,0.0,0.9996923232193372,-9.829869383444876e-09,0.0,0.0,0.0,0.0,0.0,0.0,0.0,1.0,0.0,1.110223024625157e-16,0.0,1.365266943779294e-08,0.0,0.9999999999999999,0.0,1.0,0.0,0.0,0.0,0.1725583103196892,6.608163381625229,0.2662473035197972,13.98816338162383,0.1204178910021714,7.352647355611156,0.1204178910021714,7.352647355611156,7.352647355611156,0.0,0.0,0.0,0.0,0.0,0.0,0.9996923232193372,-9.829869383444876e-09,0.0,0.0,0.0,0.0,0.0,0.0,0.0,1.0,0.0,1.110223024625157e-16
0.001,0.0,1.366309e-08,0.0,1.0,1.308077e-08,0.0,1.365232707956397e-08,0.0,1.0,0.0,1.365232707956397e-08,0.0,1.0,0.0,1.0,0.0,0.0,0.0,0.0,1.0,0.0,0.0,0.0,1.3652599135725776e-08,0.0,0.9999999999999996,0.0,1.0,0.0,6.593113156839345e-12,0.0,0.1725583103196892,6.608163381625229,0.2662473035197972,13.98816338162383,6.608163381625229,0.0,7.379999999998601,1.0,0.0,0.0,0.0,0.9996923232193372,-9.829869383444876e-09,0.0,0.0,0.0,0.0,0.0,0.0,0.0,1.0,0.0,3.95516952522712e-16,0.0,1.3652599135725776e-08,0.0,0.9999999999999996,0.0,1.0,0.0,6.593113156839345e-12,0.0,0.1725583103196892,6.608163381625229,0.2662473035197972,13.98816338162383,0.1204178910021714,7.352647355611156,0.1204178910021714,7.352647355611156,7.352647355611156,0.0,0.0,0.0,0.0,0.0,0.0,0.9996923232193372,-9.829869383444876e-09,0.0,0.0,0.0,0.0,0.0,0.0,0.0,1.0,0.0,3.95516952522712e-16
0.002,0.0,1.366309e-08,0.0,1.0,1.308077e-08,0.0,1.3652084412821214e-08,0.0,1.0,0.0,1.3652084412821214e-08,0.0,1.0,0.0,1.0,0.0,0.0,0.0,0.0,1.0,0.0,0.0,0.0,1.365319698887498e-08,0.0,0.9999999999999997,0.0,1.0,0.0,-4.955168076427366e-11,0.0,0.1725583103196892,6.608163381625229,0.2662473035197972,13.98816338162383,6.608163381625229,0.0,7.379999999998601,1.0,0.0,0.0,0.0,0.9996923232193372,-9.829869383444876e-09,0.0,0.0,0.0,0.0,0.0,0.0,0.0,1.0,0.0,3.816391647148976e-16,0.0,1.365319698887498e-08,0.0,0.9999999999999997,0.0,1.0,0.0,-4.955168076427366e-11,0.0,0.1725583103196892,6.608163381625229,0.2662473035197972,13.98816338162383,0.1204178910021714,7.352647355611156,0.1204178910021714,7.352647355611156,7.352647355611156,0.0,0.0,0.0,0.0,0.0,0.0,0.9996923232193372,-9.829869383444876e-09,0.0,0.0,0.0,0.0,0.0,0.0,0.0,1.0,0.0,3.816391647148976e-16
0.0052,0.0,1.366309e-08,0.0,1.0,1.308077e-08,0.0,1.3652701634533173e-08,0.0,1.0,0.0,1.3652701634533173e-08,0.0,1.0,0.0,1.0,0.0,0.0,0.0,0.0,1.0,0.0,0.0,0.0,1.3654480424449982e-08,0.0,0.9999999999999999,0.0,1.0,0.0,1.445029725532034e-10,0.0,0.1725583103196892,6.608163381625229,0.2662473035197972,13.98816338162383,6.608163381625229,0.0,7.379999999998601,1.0,0.0,0.0,0.0,0.9996923232193372,-9.829869383444876e-09,0.0,0.0,0.0,0.0,0.0,0.0,0.0,1.0,0.0,1.5099033134902132e-16,0.0,1.3654480424449982e-08,0.0,0.9999999999999999,0.0,1.0,0.0,1.445029725532034e-10,0.0,0.1725583103196892,6.608163381625229,0.2662473035197972,13.98816338162383,0.1204178910021714,7.352647355611156,0.1204178910021714,7.352647355611156,7.352647355611156,0.0,0.0,0.0,0.0,0.0,0.0,0.9996923232193372,-9.829869383444876e-09,0.0,0.0,0.0,0.0,0.0,0.0,0.0,1.0,0.0,1.5099033134902132e-16
0.01544,0.0,1.366309e-08,0.0,1.0,1.308077e-08,0.0,1.3648435111572084e-08,0.0,1.0,0.0,1.3648435111572084e-08,0.0,1.0,0.0,1.0,0.0,0.0,0.0,0.0,1.0,0.0,0.0,0.0,1.365468954384928e-08,0.0,1.0,0.0,1.0,0.0,6.079010993939503e-11,0.0,0.1725583103196892,6.608163381625229,0.2662473035197972,13.98816338162383,6.608163381625229,0.0,7.379999999998601,1.0,0.0,0.0,0.0,0.9996923232193372,-9.829869383444876e-09,0.0,0.0,0.0,0.0,0.0,0.0,0.0,1.0,0.0,0.0,0.0,1.365468954384928e-08,0.0,1.0,0.0,1.0,0.0,6.079010993939503e-11,0.0,0.1725583103196892,6.608163381625229,0.2662473035197972,13.98816338162383,0.1204178910021714,7.352647355611156,0.1204178910021714,7.352647355611156,7.352647355611156,0.0,0.0,0.0,0.0,0.0,0.0,0.9996923232193372,-9.829869383444876e-09,0.0,0.0,0.0,0.0,0.0,0.0,0.0,1.0,0.0,0.0
0.048208,0.0,1.366309e-08,0.0,1.0,1.308077e-08,0.0,1.364456566947681e-08,0.0,1.0,0.0,1.364456566947681e-08,0.0,1.0,0.0,1.0,0.0,0.0,0.0,0.0,1.0,0.0,0.0,0.0,1.3654593676358005e-08,0.0,1.0,0.0,1.0,0.0,7.417535808274296e-13,0.0,0.1725583103196892,6.608163381625229,0.2662473035197972,13.98816338162383,6.608163381625229,0.0,7.379999999998601,1.0,0.0,0.0,0.0,0.9996923232193372,-9.829869383444876e-09,0.0,0.0,0.0,0.0,0.0,0.0,0.0,1.0,0.0,0.0,0.0,1.3654593676358005e-08,0.0,1.0,0.0,1.0,0.0,7.417535808274296e-13,0.0,0.1725583103196892,6.608163381625229,0.2662473035197972,13.98816338162383,0.1204178910021714,7.352647355611156,0.1204178910021714,7.352647355611156,7.352647355611156,0.0,0.0,0.0,0.0,0.0,0.0,0.9996923232193372,-9.829869383444876e-09,0.0,0.0,0.0,0.0,0.0,0.0,0.0,1.0,0.0,0.0
0.1530656,0.0,1.366309e-08,0.0,1.0,1.308076e-08,0.0,1.364427549282405e-08,0.0,1.0,0.0,1.364427549282405e-08,0.0,1.0,0.0,1.0,0.0,0.0,0.0,0.0,1.0,0.0,0.0,0.0,1.3654586694645754e-08,0.0,1.0,0.0,1.0,0.0,5.048676351250083e-16,0.0,0.1725583103196892,6.608163381625229,0.2662473035197972,13.98816338162383,6.608163381625229,0.0,7.379999999998601,1.0,0.0,0.0,0.0,0.9996923232193372,-9.829869383444876e-09,0.0,0.0,0.0,0.0,0.0,0.0,0.0,1.0,0.0,0.0,0.0,1.3654586694645754e-08,0.0,1.0,0.0,1.0,0.0,5.048676351250083e-16,0.0,0.1725583103196892,6.608163381625229,0.2662473035197972,13.98816338162383,0.1204178910021714,7.352647355611156,0.1204178910021714,7.352647355611156,7.352647355611156,0.0,0.0,0.0,0.0,0.0,0.0,0.9996923232193372,-9.829869383444876e-09,0.0,0.0,0.0,0.0,0.0,0.0,0.0,1.0,0.0,0.0
0.4886099,0.0,1.366309e-08,0.0,1.0,1.308077e-08,0.0,1.364427543493945e-08,0.0,1.0,0.0,1.364427543493945e-08,0.0,1.0,0.0,1.0,0.0,0.0,0.0,0.0,1.0,0.0,0.0,0.0,1.365458669312268e-08,0.0,1.0,0.0,1.0,0.0,1.058791184067875e-21,0.0,0.1725583103196892,6.608163381625229,0.2662473035197972,13.98816338162383,6.608163381625229,0.0,7.379999999998601,1.0,0.0,0.0,0.0,0.9996923232193372,-9.829869383444876e-09,0.0,0.0,0.0,0.0,0.0,0.0,0.0,1.0,0.0,0.0,0.0,1.365458669312268e-08,0.0,1.0,0.0,1.0,0.0,1.058791184067875e-21,0.0,0.1725583103196892,6.608163381625229,0.2662473035197972,13.98816338162383,0.1204178910021714,7.352647355611156,0.1204178910021714,7.352647355611156,7.352647355611156,0.0,0.0,0.0,0.0,0.0,0.0,0.9996923232193372,-9.829869383444876e-09,0.0,0.0,0.0,0.0,0.0,0.0,0.0,1.0,0.0,0.0
1.562352,0.0,1.366309e-08,0.0,1.0,1.308076e-08,0.0,1.364427543493945e-08,0.0,1.0,0.0,1.364427543493945e-08,0.0,1.0,0.0,1.0,0.0,0.0,0.0,0.0,1.0,0.0,0.0,0.0,1.365458669312268e-08,0.0,1.0,0.0,1.0,0.0,1.058791184067875e-21,0.0,0.1725583103196892,6.608163381625229,0.2662473035197972,13.98816338162383,6.608163381625229,0.0,7.379999999998601,1.0,0.0,0.0,0.0,0.9996923232193372,-9.829869383444876e-09,0.0,0.0,0.0,0.0,0.0,0.0,0.0,1.0,0.0,0.0,0.0,1.365458669312268e-08,0.0,1.0,0.0,1.0,0.0,1.058791184067875e-21,0.0,0.1725583103196892,6.608163381625229,0.2662473035197972,13.98816338162383,0.1204178910021714,7.352647355611156,0.1204178910021714,7.352647355611156,7.352647355611156,0.0,0.0,0.0,0.0,0.0,0.0,0.9996923232193372,-9.829869383444876e-09,0.0,0.0,0.0,0.0,0.0,0.0,0.0,1.0,0.0,0.0
2.662352,0.0,1.366309e-08,0.0,1.0,1.308077e-08,0.0,1.364427543493945e-08,0.0,1.0,0.0,1.364427543493945e-08,0.0,1.0,0.0,1.0,0.0,0.0,0.0,0.0,1.0,0.0,0.0,0.0,1.365458669312268e-08,0.0,1.0,0.0,1.0,0.0,1.058791184067875e-21,0.0,0.1725583103196892,6.608163381625229,0.2662473035197972,13.98816338162383,6.608163381625229,0.0,7.379999999998601,1.0,0.0,0.0,0.0,0.9996923232193372,-9.829869383444876e-09,0.0,0.0,0.0,0.0,0.0,0.0,0.0,1.0,0.0,0.0,0.0,1.365458669312268e-08,0.0,1.0,0.0,1.0,0.0,1.058791184067875e-21,0.0,0.1725583103196892,6.608163381625229,0.2662473035197972,13.98816338162383,0.1204178910021714,7.352647355611156,0.1204178910021714,7.352647355611156,7.352647355611156,0.0,0.0,0.0,0.0,0.0,0.0,0.9996923232193372,-9.829869383444876e-09,0.0,0.0,0.0,0.0,0.0,0.0,0.0,1.0,0.0,0.0
3.762352,0.0,1.366309e-08,0.0,1.0,1.308076e-08,0.0,1.364427543493945e-08,0.0,1.0,0.0,1.364427543493945e-08,0.0,1.0,0.0,1.0,0.0,0.0,0.0,0.0,1.0,0.0,0.0,0.0,1.365458669312268e-08,0.0,1.0,0.0,1.0,0.0,1.058791184067875e-21,0.0,0.1725583103196892,6.608163381625229,0.2662473035197972,13.98816338162383,6.608163381625229,0.0,7.379999999998601,1.0,0.0,0.0,0.0,0.9996923232193372,-9.829869383444876e-09,0.0,0.0,0.0,0.0,0.0,0.0,0.0,1.0,0.0,0.0,0.0,1.365458669312268e-08,0.0,1.0,0.0,1.0,0.0,1.058791184067875e-21,0.0,0.1725583103196892,6.608163381625229,0.2662473035197972,13.98816338162383,0.1204178910021714,7.352647355611156,0.1204178910021714,7.352647355611156,7.352647355611156,0.0,0.0,0.0,0.0,0.0,0.0,0.9996923232193372,-9.829869383444876e-09,0.0,0.0,0.0,0.0,0.0,0.0,0.0,1.0,0.0,0.0
4.862352,0.0,1.366309e-08,0.0,1.0,1.308077e-08,0.0,1.364427543493945e-08,0.0,1.0,0.0,1.364427543493945e-08,0.0,1.0,0.0,1.0,0.0,0.0,0.0,0.0,1.0,0.0,0.0,0.0,1.365458669312268e-08,0.0,1.0,0.0,1.0,0.0,1.058791184067875e-21,0.0,0.1725583103196892,6.608163381625229,0.2662473035197972,13.98816338162383,6.608163381625229,0.0,7.379999999998601,1.0,0.0,0.0,0.0,0.9996923232193372,-9.829869383444876e-09,0.0,0.0,0.0,0.0,0.0,0.0,0.0,1.0,0.0,0.0,0.0,1.365458669312268e-08,0.0,1.0,0.0,1.0,0.0,1.058791184067875e-21,0.0,0.1725583103196892,6.608163381625229,0.2662473035197972,13.98816338162383,0.1204178910021714,7.352647355611156,0.1204178910021714,7.352647355611156,7.352647355611156,0.0,0.0,0.0,0.0,0.0,0.0,0.9996923232193372,-9.829869383444876e-09,0.0,0.0,0.0,0.0,0.0,0.0,0.0,1.0,0.0,0.0
5.0,0.0,1.366309e-08,0.0,1.0,1.308076e-08,0.0,1.364532027958394e-08,0.0,1.0,0.0,1.364532027958394e-08,0.0,1.0,0.0,1.0,0.0,0.0,0.0,0.0,1.0,0.0,0.0,0.0,1.365580758144231e-08,0.0,0.9999999999999997,0.0,1.0,0.0,1.005416844913064e-10,0.0,0.1725583103196892,6.608163381625229,0.2662473035197972,13.98816338162383,6.608163381625229,0.0,7.379999999998601,1.0,0.0,0.0,0.0,0.9996923232193372,-9.829869383444876e-09,0.0,0.0,0.0,0.0,0.0,0.0,0.0,1.0,0.0,3.33066907387547e-16,0.0,1.365580758144231e-08,0.0,0.9999999999999997,0.0,1.0,0.0,1.005416844913064e-10,0.0,0.1725583103196892,6.608163381625229,0.2662473035197972,13.98816338162383,0.1204178910021714,7.352647355611156,0.1204178910021714,7.352647355611156,7.352647355611156,0.0,0.0,0.0,0.0,0.0,0.0,0.9996923232193372,-9.829869383444876e-09,0.0,0.0,0.0,0.0,0.0,0.0,0.0,1.0,0.0,3.33066907387547e-16
5.0003,0.0108,1.366309e-08,0.0,1.0,1.3203566400000072e-08,0.0107999999999954,1.3645322104159247e-08,0.0,1.0,0.0107999999999954,1.3645322104159247e-08,0.0,1.0,0.0,1.0,0.0,0.0,0.0,0.0,1.0,0.0,0.0,0.0107999999999954,1.3655883557263984e-08,0.0,0.9999999999999996,0.0,1.0,0.0,1.049770008314297e-10,0.0,0.1725583103196892,6.608163381625229,0.2662473035197972,13.98816338162383,6.608163381625229,0.0,7.379999999998601,1.0,0.0,0.0,0.0,0.9996923232193372,-9.829869383444876e-09,0.0,0.0,0.0,0.0,0.0,0.0,0.0,1.0,0.0,4.440892098500626e-16,0.0107999999999954,1.3655883557263984e-08,0.0,0.9999999999999996,0.0,1.0,0.0,1.049770008314297e-10,0.0,0.1725583103196892,6.608163381625229,0.2662473035197972,13.98816338162383,0.1204178910021714,7.352647355611156,0.1204178910021714,7.352647355611156,7.352647355611156,0.0,0.0,0.0,0.0,0.0,0.0,0.9996923232193372,-9.829869383444876e-09,0.0,0.0,0.0,0.0,0.0,0.0,0.0,1.0,0.0,4.440892098500626e-16
5.001259999999999,0.04536,1.366309e-08,0.0,1.0,1.3596546879999724e-08,0.04535999999995431,1.3645733228713167e-08,0.0,1.0,0.04535999999995431,1.3645733228713167e-08,0.0,1.0,0.0,1.0,0.0,0.0,0.0,0.0,1.0,0.0,0.0,0.04535999999995431,1.365576145097084e-08,0.0,0.9999999999999996,0.0,1.0,0.0,8.382019033443709e-11,0.0,0.1725583103196892,6.608163381625229,0.2662473035197972,13.98816338162383,6.608163381625229,0.0,7.379999999998601,1.0,0.0,0.0,0.0,0.9996923232193372,-9.829869383444876e-09,0.0,0.0,0.0,0.0,0.0,0.0,0.0,1.0,0.0,4.440892098500626e-16,0.04535999999995431,1.365576145097084e-08,0.0,0.9999999999999996,0.0,1.0,0.0,8.382019033443709e-11,0.0,0.1725583103196892,6.608163381625229,0.2662473035197972,13.98816338162383,0.1204178910021714,7.352647355611156,0.1204178910021714,7.352647355611156,7.352647355611156,0.0,0.0,0.0,0.0,0.0,0.0,0.9996923232193372,-9.829869383444876e-09,0.0,0.0,0.0,0.0,0.0,0.0,0.0,1.0,0.0,4.440892098500626e-16
5.004332,0.155952,1.366309e-08,0.0,1.0,1.3880862769295194e-08,0.1559519999999927,1.3647235488526646e-08,0.0,1.0,0.1559519999999927,1.3647235488526646e-08,0.0,1.0,0.0,1.0,0.0,0.0,0.0,0.0,1.0,0.0,0.0,0.1559519999999927,1.3654759643465769e-08,0.0,0.9999999999999996,0.0,1.0,0.0,1.768556452301114e-11,0.0,0.1725583103196892,6.608163381625229,0.2662473035197972,13.98816338162383,6.608163381625229,0.0,7.379999999998601,1.0,0.0,0.0,0.0,0.9996923232193372,-9.829869383444876e-09,0.0,0.0,0.0,0.0,0.0,0.0,0.0,1.0,0.0,4.0700776082757207e-16,0.1559519999999927,1.3654759643465769e-08,0.0,0.9999999999999996,0.0,1.0,0.0,1.768556452301114e-11,0.0,0.1725583103196892,6.608163381625229,0.2662473035197972,13.98816338162383,0.1204178910021714,7.352647355611156,0.1204178910021714,7.352647355611156,7.352647355611156,0.0,0.0,0.0,0.0,0.0,0.0,0.9996923232193372,-9.829869383444876e-09,0.0,0.0,0.0,0.0,0.0,0.0,0.0,1.0,0.0,4.0700776082757207e-16
5.014162,0.5098464,1.366309e-08,0.0,1.0,1.2035815194805203e-08,0.5098319999999967,1.3645981267174286e-08,0.0,1.0,0.5098319999999967,1.3645981267174286e-08,0.0,1.0,0.0,1.0,0.0,0.0,0.0,0.0,1.0,0.0,0.0,0.5098319999999967,1.3654563318583663e-08,0.0,1.0,0.0,1.0,0.0,1.8373093732269847e-11,0.0,0.1725583103196892,6.608163381625229,0.2662473035197972,13.98816338162383,6.608163381625229,0.0,7.379999999998601,1.0,0.0,0.0,0.0,0.9996923232193372,-9.829869383444876e-09,0.0,0.0,0.0,0.0,0.0,0.0,0.0,1.0,0.0,0.0,0.5098319999999967,1.3654563318583663e-08,0.0,1.0,0.0,1.0,0.0,1.8373093732269847e-11,0.0,0.1725583103196892,6.608163381625229,0.2662473035197972,13.98816338162383,0.1204178910021714,7.352647355611156,0.1204178910021714,7.352647355611156,7.352647355611156,0.0,0.0,0.0,0.0,0.0,0.0,0.9996923232193372,-9.829869383444876e-09,0.0,0.0,0.0,0.0,0.0,0.0,0.0,1.0,0.0,0.0
5.020321999999999,0.7316,1.366309e-08,0.0,1.0,1.1885911577649912e-08,0.7315919999999919,1.364531218042955e-08,0.0,1.0,0.7315919999999919,1.364531218042955e-08,0.0,1.0,0.0,1.0,0.0,0.0,0.0,0.0,1.0,0.0,0.0,0.7315919999999919,1.3654571992562055e-08,0.0,1.0,0.0,1.0,0.0,9.207885477713816e-12,0.0,0.1725583103196892,6.608163381625229,0.2662473035197972,13.98816338162383,6.608163381625229,0.0,7.379999999998601,1.0,0.0,0.0,0.0,0.9996923232193372,-9.829869383444876e-09,0.0,0.0,0.0,0.0,0.0,0.0,0.0,1.0,0.0,0.0,0.7315919999999919,1.3654571992562055e-08,0.0,1.0,0.0,1.0,0.0,9.207885477713816e-12,0.0,0.1725583103196892,6.608163381625229,0.2662473035197972,13.98816338162383,0.1204178910021714,7.352647355611156,0.1204178910021714,7.352647355611156,7.352647355611156,0.0,0.0,0.0,0.0,0.0,0.0,0.9996923232193372,-9.829869383444876e-09,0.0,0.0,0.0,0.0,0.0,0.0,0.0,1.0,0.0,0.0
5.021322,0.7676,1.366309e-08,0.0,1.0,1.193302332785535e-08,0.7675919999999935,1.3645230114616814e-08,0.0,1.0,0.7675919999999935,1.3645230114616814e-08,0.0,1.0,0.0,1.0,0.0,0.0,0.0,0.0,1.0,0.0,0.0,0.7675919999999935,1.3654573172229423e-08,0.0,1.0,0.0,1.0,0.0,8.1846186579155e-12,0.0,0.1725583103196892,6.608163381625229,0.2662473035197972,13.98816338162383,6.608163381625229,0.0,7.379999999998601,1.0,0.0,0.0,0.0,0.9996923232193372,-9.829869383444876e-09,0.0,0.0,0.0,0.0,0.0,0.0,0.0,1.0,0.0,0.0,0.7675919999999935,1.3654573172229423e-08,0.0,1.0,0.0,1.0,0.0,8.1846186579155e-12,0.0,0.1725583103196892,6.608163381625229,0.2662473035197972,13.98816338162383,0.1204178910021714,7.352647355611156,0.1204178910021714,7.352647355611156,7.352647355611156,0.0,0.0,0.0,0.0,0.0,0.0,0.9996923232193372,-9.829869383444876e-09,0.0,0.0,0.0,0.0,0.0,0.0,0.0,1.0,0.0,0.0
5.022322,0.8036,1.366309e-08,0.0,1.0,1.1994201526104385e-08,0.803592000000006,1.3645156776511794e-08,0.0,1.0,0.803592000000006,1.3645156776511794e-08,0.0,1.0,0.0,1.0,0.0,0.0,0.0,0.0,1.0,0.0,0.0,0.803592000000006,1.3654574231894647e-08,0.0,1.0,0.0,1.0,0.0,7.307994218237062e-12,0.0,0.1725583103196892,6.608163381625229,0.2662473035197972,13.98816338162383,6.608163381625229,0.0,7.379999999998601,1.0,0.0,0.0,0.0,0.9996923232193372,-9.829869383444876e-09,0.0,0.0,0.0,0.0,0.0,0.0,0.0,1.0,0.0,0.0,0.803592000000006,1.3654574231894647e-08,0.0,1.0,0.0,1.0,0.0,7.307994218237062e-12,0.0,0.1725583103196892,6.608163381625229,0.2662473035197972,13.98816338162383,0.1204178910021714,7.352647355611156,0.1204178910021714,7.352647355611156,7.352647355611156,0.0,0.0,0.0,0.0,0.0,0.0,0.9996923232193372,-9.829869383444876e-09,0.0,0.0,0.0,0.0,0.0,0.0,0.0,1.0,0.0,0.0
5.0229,0.8244152,5.116859e-08,2.648706e-06,1.000003,1.204889970883531e-08,0.824400000000005,1.3645114387087093e-08,0.0,1.0,0.824400000000005,1.3645114387087093e-08,0.0,1.0,0.0,1.0,0.0,0.0,0.0,0.0,1.0,0.0,0.0,0.824400000000005,1.3654574844381147e-08,0.0,1.0,0.0,1.0,0.0,6.801305292103122e-12,0.0,0.1725583103196892,6.608163381625229,0.2662473035197972,13.98816338162383,6.608163381625229,0.0,7.379999999998601,1.0,0.0,0.0,0.0,0.9996923232193372,-9.829869383444876e-09,0.0,0.0,0.0,0.0,0.0,0.0,0.0,1.0,0.0,0.0,0.824400000000005,1.3654574844381147e-08,0.0,1.0,0.0,1.0,0.0,6.801305292103122e-12,0.0,0.1725583103196892,6.608163381625229,0.2662473035197972,13.98816338162383,0.1204178910021714,7.352647355611156,0.1204178910021714,7.352647355611156,7.352647355611156,0.0,0.0,0.0,0.0,0.0,0.0,0.9996923232193372,-9.829869383444876e-09,0.0,0.0,0.0,0.0,0.0,0.0,0.0,1.0,0.0,0.0
5.024751,0.8910237,1.628673e-07,2.648208e-06,1.000003,1.2224066380522096e-08,0.8910360000000154,1.3644997863695822e-08,0.0,1.0,0.8910360000000154,1.3644997863695822e-08,0.0,1.0,0.0,1.0,0.0,0.0,0.0,0.0,1.0,0.0,0.0,0.8910360000000154,1.3654576526904838e-08,0.0,1.0,0.0,1.0,0.0,5.486140821492859e-12,0.0,0.1725583103196892,6.608163381625229,0.2662473035197972,13.98816338162383,6.608163381625229,0.0,7.379999999998601,1.0,0.0,0.0,0.0,0.9996923232193372,-9.829869383444876e-09,0.0,0.0,0.0,0.0,0.0,0.0,0.0,1.0,0.0,0.0,0.8910360000000154,1.3654576526904838e-08,0.0,1.0,0.0,1.0,0.0,5.486140821492859e-12,0.0,0.1725583103196892,6.608163381625229,0.2662473035197972,13.98816338162383,0.1204178910021714,7.352647355611156,0.1204178910021714,7.352647355611156,7.352647355611156,0.0,0.0,0.0,0.0,0.0,0.0,0.9996923232193372,-9.829869383444876e-09,0.0,0.0,0.0,0.0,0.0,0.0,0.0,1.0,0.0,0.0
5.030671,1.104171,4.219088e-07,2.51475e-06,1.000003,1.2782035750124599e-08,1.1041560000000121,1.364472217822126e-08,0.0,1.0,1.1041560000000121,1.364472217822126e-08,0.0,1.0,0.0,1.0,0.0,0.0,0.0,0.0,1.0,0.0,0.0,1.1041560000000121,1.3654580477727819e-08,0.0,1.0,0.0,1.0,0.0,2.7091463161303054e-12,0.0,0.1725583103196892,6.608163381625229,0.2662473035197972,13.98816338162383,6.608163381625229,0.0,7.379999999998601,1.0,0.0,0.0,0.0,0.9996923232193372,-9.829869383444876e-09,0.0,0.0,0.0,0.0,0.0,0.0,0.0,1.0,0.0,0.0,1.1041560000000121,1.3654580477727819e-08,0.0,1.0,0.0,1.0,0.0,2.7091463161303054e-12,0.0,0.1725583103196892,6.608163381625229,0.2662473035197972,13.98816338162383,0.1204178910021714,7.352647355611156,0.1204178910021714,7.352647355611156,7.352647355611156,0.0,0.0,0.0,0.0,0.0,0.0,0.9996923232193372,-9.829869383444876e-09,0.0,0.0,0.0,0.0,0.0,0.0,0.0,1.0,0.0,0.0
5.05,1.8,8.011541e-07,2.767271e-06,1.000004,1.838638e-08,1.799999999999936,0.02415921075231421,1.0,0.0,1.799999999999936,9.112667197967932e-07,3.8372843705332816e-05,1.0024683010260622,3.8372843705332816e-05,1.0024683010260622,0.0,0.0,0.0,3.8372843705332816e-05,1.0024683010260622,0.0,0.0,1.799999999999936,0.0021015366417392878,0.17286530102703299,0.8271614369371921,1.0,0.0,0.0,0.20294484839504026,0.0,0.1725583103196892,6.608163381625229,0.2662473035197972,13.98816338162383,0.1725583103196892,0.0,0.09368899320010798,0.0,0.0,0.0,0.0,-2.450257249979132e-09,1.002491880919479,0.0,0.0,0.0,0.0,0.0,0.0,1.0,0.0,0.8271346989729672,0.8271614369371921,1.799999999999936,0.0021015366417392878,0.17286530102703299,0.8271614369371921,1.0,0.0,0.0,0.20294484839504026,0.0,0.1725583103196892,6.608163381625229,0.2662473035197972,13.98816338162383,0.1204178910021714,7.352647355611156,0.1204178910021714,7.352647355611156,0.1204178910021714,0.0,0.0,0.0,0.0,0.0,0.0,-2.450257249979132e-09,1.002491880919479,0.0,0.0,0.0,0.0,0.0,0.0,1.0,0.0,0.8271346989729672,0.8271614369371921
5.05026,1.8,8.030781e-07,2.764525e-06,1.000004,1.863728457711419e-08,1.8,0.030742136556317017,1.0,0.0,1.8,1.1433609607322909e-06,3.837284370537894e-05,1.002468301026065,3.837284370537894e-05,1.002468301026065,0.0,0.0,0.0,3.837284370537894e-05,1.002468301026065,0.0,0.0,1.8,0.003372006477542342,0.2145639290005134,0.7854614610134631,1.0,0.0,0.0,0.3228683148395711,0.0,0.1725583103196892,6.608163381625229,0.2662473035197972,13.98816338162383,0.1725583103196892,0.0,0.09368899320010798,0.0,0.0,0.0,0.0,-2.450257249979132e-09,1.002491880919479,0.0,0.0,0.0,0.0,0.0,0.0,1.0,0.0,0.7854360709994865,0.7854614610134631,1.8,0.003372006477542342,0.2145639290005134,0.7854614610134631,1.0,0.0,0.0,0.3228683148395711,0.0,0.1725583103196892,6.608163381625229,0.2662473035197972,13.98816338162383,0.1204178910021714,7.352647355611156,0.1204178910021714,7.352647355611156,0.1204178910021714,0.0,0.0,0.0,0.0,0.0,0.0,-2.450257249979132e-09,1.002491880919479,0.0,0.0,0.0,0.0,0.0,0.0,1.0,0.0,0.7854360709994865,0.7854614610134631
5.050969,1.8,8.080991e-07,2.757058e-06,1.000004,1.912117035398283e-08,1.8,0.046087327164705136,7.943584312457956e-06,1.0024869984383598,1.8,1.7525088493786186e-06,3.837284370537737e-05,1.002468301026065,3.837284370537737e-05,1.002468301026065,0.0,0.0,0.0,3.837284370537737e-05,1.002468301026065,0.0,0.0,1.8,0.007974369099025198,0.31564540100789207,0.6843838763952713,0.6549991988129891,0.3458656388666775,0.0,0.7459758522156538,0.0,0.1725583103196892,6.608163381625229,0.2662473035197972,13.98816338162383,0.1725583103196892,0.0,0.09368899320010798,0.0,0.0,0.0,0.0,-2.450257249979132e-09,1.002491880919479,0.0,0.0,0.0,0.0,0.0,0.0,0.6549991988129891,0.3458656388666775,0.5571606801339399,0.5580252211460692,1.8,0.007974369099025198,0.31564540100789207,0.6843838763952713,0.6549991988129891,0.3458656388666775,0.0,0.7459758522156538,0.0,0.1725583103196892,6.608163381625229,0.2662473035197972,13.98816338162383,0.1204178910021714,7.352647355611156,0.1204178910021714,7.352647355611156,0.1204178910021714,0.0,0.0,0.0,0.0,0.0,0.0,-2.450257249979132e-09,1.002491880919479,0.0,0.0,0.0,0.0,0.0,0.0,0.6549991988129891,0.3458656388666775,0.5571606801339399,0.5580252211460692
5.053235,1.8,8.216898e-07,2.737615e-06,1.000003,2.2172286842687126e-08,1.8,0.038810694309014876,3.837284370538234e-05,1.002468301026065,1.8,3.495559174379366e-06,3.837284370537894e-05,1.002468301026065,3.837284370537894e-05,1.002468301026065,0.0,0.0,0.0,3.837284370537894e-05,1.002468301026065,0.0,0.0,1.8,0.02078015460513587,0.20388560201504247,0.797038874401628,3.837284370537894e-05,1.002468301026065,0.0,1.7287537867364673,0.0,0.1725583103196892,6.608163381625229,0.2662473035197972,13.98816338162383,0.1725583103196892,0.0,0.09368899320010798,0.0,0.0,0.0,0.0,-2.450257249979132e-09,1.002491880919479,0.0,0.0,0.0,0.0,0.0,0.0,3.837284370537894e-05,1.002468301026065,0.20384722917133707,0.20542942662443675,1.8,0.02078015460513587,0.20388560201504247,0.797038874401628,3.837284370537894e-05,1.002468301026065,0.0,1.7287537867364673,0.0,0.1725583103196892,6.608163381625229,0.2662473035197972,13.98816338162383,0.1204178910021714,7.352647355611156,0.1204178910021714,7.352647355611156,0.1204178910021714,0.0,0.0,0.0,0.0,0.0,0.0,-2.450257249979132e-09,1.002491880919479,0.0,0.0,0.0,0.0,0.0,0.0,3.837284370537894e-05,1.002468301026065,0.20384722917133707,0.20542942662443675
5.060486,1.8,8.464826e-07,2.676241e-06,1.000003,3.0120327341713634e-08,1.8,0.021574342378261207,1.903974193024645e-05,1.0024801803482055,1.8,8.437833125101565e-06,7.674813766800641e-05,1.002444721132651,7.674813766800641e-05,1.002444721132651,0.0,0.0,0.0,7.674813766800641e-05,1.002444721132651,0.0,0.0,1.8,0.026864145103410918,0.046794726376574836,0.955367695431932,2.9260794478479276e-05,1.0024738999707863,0.0,1.1417262229858476,0.0,0.1725583103196892,6.608163381625229,0.2662473035197972,13.98816338162383,0.1725583103196892,0.0,0.09368899320010798,0.0,0.0,0.0,0.0,-2.450257249979132e-09,1.002491880919479,0.0,0.0,0.0,0.0,0.0,0.0,2.9260794478479276e-05,1.0024738999707863,0.046765465582096356,0.04710620453885409,1.8,0.026864145103410918,0.046794726376574836,0.955367695431932,2.9260794478479276e-05,1.0024738999707863,0.0,1.1417262229858476,0.0,0.1725583103196892,6.608163381625229,0.2662473035197972,13.98816338162383,0.1204178910021714,7.352647355611156,0.1204178910021714,7.352647355611156,0.1204178910021714,0.0,0.0,0.0,0.0,0.0,0.0,-2.450257249979132e-09,1.002491880919479,0.0,0.0,0.0,0.0,0.0,0.0,2.9260794478479276e-05,1.0024738999707863,0.046765465582096356,0.04710620453885409
5.083691,1.8,7.822198e-07,2.130863e-06,1.000002,-3.017146484344752e-08,1.8,0.003347151889919727,0.00015349872559326886,1.002397561345822,1.8,3.393192826723375e-05,0.0001534987255932631,1.002397561345822,0.0001534987255932631,1.002397561345822,0.0,0.0,0.0,0.0001534987255932631,1.002397561345822,0.0,0.0,1.8,0.005702932769658161,0.0005571849709880382,1.0020319504271684,0.00015349872559326187,1.002397561345822,0.0,0.571072128771114,0.0,0.1725583103196892,6.608163381625229,0.2662473035197972,13.98816338162383,0.1725583103196892,0.0,0.09368899320010798,0.0,0.0,0.0,0.0,-2.450257249979132e-09,1.002491880919479,0.0,0.0,0.0,0.0,0.0,0.0,0.00015349872559326187,1.002397561345822,0.0004036862453947763,0.0003656109186528897,1.8,0.005702932769658161,0.0005571849709880382,1.0020319504271684,0.00015349872559326187,1.002397561345822,0.0,0.571072128771114,0.0,0.1725583103196892,6.608163381625229,0.2662473035197972,13.98816338162383,0.1204178910021714,7.352647355611156,0.1204178910021714,7.352647355611156,0.1204178910021714,0.0,0.0,0.0,0.0,0.0,0.0,-2.450257249979132e-09,1.002491880919479,0.0,0.0,0.0,0.0,0.0,0.0,0.00015349872559326187,1.002397561345822,0.0004036862453947763,0.0003656109186528897
5.117024,1.8,1.141708e-06,4.660072e-06,1.000007,-1.3393398826816798e-07,1.8,0.00027663773706199015,0.00026862460748114305,1.002326821665579,1.8,7.367763557837253e-05,0.000268624607481149,1.002326821665579,0.000268624607481149,1.002326821665579,0.0,0.0,0.0,0.000268624607481149,1.002326821665579,0.0,0.0,1.8,0.0004445036279641791,0.00020746031083454844,1.002286917573115,0.0002686250661190866,1.0023268213837657,0.0,0.09704158451085376,0.0,0.1725583103196892,6.608163381625229,0.2662473035197972,13.98816338162383,0.1725583103196892,0.0,0.09368899320010798,0.0,0.0,0.0,0.0,-2.450257249979132e-09,1.002491880919479,0.0,0.0,0.0,0.0,0.0,0.0,0.0002686250661190866,1.0023268213837657,6.116475528453814e-05,3.99038106515029e-05,1.8,0.0004445036279641791,0.00020746031083454844,1.002286917573115,0.0002686250661190866,1.0023268213837657,0.0,0.09704158451085376,0.0,0.1725583103196892,6.608163381625229,0.2662473035197972,13.98816338162383,0.1204178910021714,7.352647355611156,0.1204178910021714,7.352647355611156,0.1204178910021714,0.0,0.0,0.0,0.0,0.0,0.0,-2.450257249979132e-09,1.002491880919479,0.0,0.0,0.0,0.0,0.0,0.0,0.0002686250661190866,1.0023268213837657,6.116475528453814e-05,3.99038106515029e-05
5.1503570000000005,1.8,3.324163e-06,1.43726e-05,1.000026,3.936516924812104e-06,1.8,0.00029064622767204754,0.00023428637905395345,1.0023479209636623,1.8,0.0001140241567264175,0.00042212578333166773,1.002232502091921,0.00042212578333166773,1.002232502091921,0.0,0.0,0.0,0.00042212578333166773,1.002232502091921,0.0,0.0,1.8,0.00015359703992904436,0.0009314817808586392,1.0001306144709536,0.0003453208511082715,1.0022796952708788,0.0,0.004489665487613371,0.0,0.1725583103196892,6.608163381625229,0.2662473035197972,13.98816338162383,0.1725583103196892,0.0,0.09368899320010798,0.0,0.0,0.0,0.0,-2.450257249979132e-09,1.002491880919479,0.0,0.0,0.0,0.0,0.0,0.0,0.0003453208511082715,1.0022796952708788,0.0005861609297503677,0.002149080799924605,1.8,0.00015359703992904436,0.0009314817808586392,1.0001306144709536,0.0003453208511082715,1.0022796952708788,0.0,0.004489665487613371,0.0,0.1725583103196892,6.608163381625229,0.2662473035197972,13.98816338162383,0.1204178910021714,7.352647355611156,0.1204178910021714,7.352647355611156,0.1204178910021714,0.0,0.0,0.0,0.0,0.0,0.0,-2.450257249979132e-09,1.002491880919479,0.0,0.0,0.0,0.0,0.0,0.0,0.0003453208511082715,1.0022796952708788,0.0005861609297503677,0.002149080799924605
5.1836910000000005,1.8,-3.407209e-05,-0.000201867,0.999608,-2.815101721547439e-05,1.8,0.0006201798060658865,0.0005371658133425689,1.0021618151637977,1.8,0.0001554273408232974,0.0005372516652195523,1.002161762411678,0.0005372516652195523,1.002161762411678,0.0,0.0,0.0,0.0005372516652195523,1.002161762411678,0.0,0.0,1.8,0.0005289678407931143,0.0018697129394258845,1.0002806422609636,0.0005372304431025837,1.0021617754517151,0.0,0.014888021954043906,0.0,0.1725583103196892,6.608163381625229,0.2662473035197972,13.98816338162383,0.1725583103196892,0.0,0.09368899320010798,0.0,0.0,0.0,0.0,-2.450257249979132e-09,1.002491880919479,0.0,0.0,0.0,0.0,0.0,0.0,0.0005372304431025837,1.0021617754517151,0.0013324824963233009,0.0018811331907512352,1.8,0.0005289678407931143,0.0018697129394258845,1.0002806422609636,0.0005372304431025837,1.0021617754517151,0.0,0.014888021954043906,0.0,0.1725583103196892,6.608163381625229,0.2662473035197972,13.98816338162383,0.1204178910021714,7.352647355611156,0.1204178910021714,7.352647355611156,0.1204178910021714,0.0,0.0,0.0,0.0,0.0,0.0,-2.450257249979132e-09,1.002491880919479,0.0,0.0,0.0,0.0,0.0,0.0,0.0005372304431025837,1.0021617754517151,0.0013324824963233009,0.0018811331907512352
5.207406000000001,1.8,5.102699e-05,0.0005350148,0.9991078,-4.149560574619025e-05,1.8,0.000735853090830587,0.0006140022469770036,1.0021146026286387,1.8,0.00018390748380640458,0.0006140022531448093,1.002114602624849,0.0006140022531448093,1.002114602624849,0.0,0.0,0.0,0.0006140022531448093,1.002114602624849,0.0,0.0,1.8,0.0007654918625727464,0.0015201633574703408,1.0009579069588084,0.0006140020624082987,1.002114602742048,0.0,0.008127937484431105,0.0,0.1725583103196892,6.608163381625229,0.2662473035197972,13.98816338162383,0.1725583103196892,0.0,0.09368899320010798,0.0,0.0,0.0,0.0,-2.450257249979132e-09,1.002491880919479,0.0,0.0,0.0,0.0,0.0,0.0,0.0006140020624082987,1.002114602742048,0.0009061612950620417,0.0011566957832393069,1.8,0.0007654918625727464,0.0015201633574703408,1.0009579069588084,0.0006140020624082987,1.002114602742048,0.0,0.008127937484431105,0.0,0.1725583103196892,6.608163381625229,0.2662473035197972,13.98816338162383,0.1204178910021714,7.352647355611156,0.1204178910021714,7.352647355611156,0.1204178910021714,0.0,0.0,0.0,0.0,0.0,0.0,-2.450257249979132e-09,1.002491880919479,0.0,0.0,0.0,0.0,0.0,0.0,0.0006140020624082987,1.002114602742048,0.0009061612950620417,0.0011566957832393069
5.223659,1.8,0.0005779981,0.003985347,1.006467,0.00030768584332060755,1.8,0.0011891671939945243,0.0006906381515577387,1.002067513309571,1.8,0.00020425222124642947,0.0006907528410700679,1.00206744283802,0.0006907528410700679,1.00206744283802,0.0,0.0,0.0,0.0006907528410700679,1.00206744283802,0.0,0.0,1.8,0.0010274663131031375,0.0030033774951643867,0.9970505401403533,0.0006907315532931672,1.0020674559184022,0.0,0.015245293412286129,0.0,0.1725583103196892,6.608163381625229,0.2662473035197972,13.98816338162383,0.1725583103196892,0.0,0.09368899320010798,0.0,0.0,0.0,0.0,-2.450257249979132e-09,1.002491880919479,0.0,0.0,0.0,0.0,0.0,0.0,0.0006907315532931672,1.0020674559184022,0.0023126459418712194,0.005016915778049026,1.8,0.0010274663131031375,0.0030033774951643867,0.9970505401403533,0.0006907315532931672,1.0020674559184022,0.0,0.015245293412286129,0.0,0.1725583103196892,6.608163381625229,0.2662473035197972,13.98816338162383,0.1204178910021714,7.352647355611156,0.1204178910021714,7.352647355611156,0.1204178910021714,0.0,0.0,0.0,0.0,0.0,0.0,-2.450257249979132e-09,1.002491880919479,0.0,0.0,0.0,0.0,0.0,0.0,0.0006907315532931672,1.0020674559184022,0.0023126459418712194,0.005016915778049026
5.2503720000000005,1.8,7.063657e-05,-0.003416482,1.028927,0.0015081300986256154,1.8,0.002541205586962568,0.0005446353544698531,1.0021572254664834,1.8,0.0008485639592309892,0.005854315098873523,1.0185116768580917,0.005854315098873523,1.0185116768580917,0.0,0.0,0.0,0.005854315098873523,1.0185116768580917,0.0,0.0,1.8,0.0017879445366709376,0.013900506281383226,0.974089102306422,0.001234832220644703,1.0031646152415632,0.0,0.048581100303581176,0.0,0.1725583103196892,6.608163381625229,0.2662473035197972,13.98816338162383,0.1725583103196892,0.0,0.09368899320010798,0.0,0.0,0.0,0.0,-2.450257249979132e-09,1.002491880919479,0.0,0.0,0.0,0.0,0.0,0.0,0.001234832220644703,1.0031646152415632,0.012665674060738529,0.02907551293514086,1.8,0.0017879445366709376,0.013900506281383226,0.974089102306422,0.001234832220644703,1.0031646152415632,0.0,0.048581100303581176,0.0,0.1725583103196892,6.608163381625229,0.2662473035197972,13.98816338162383,0.1204178910021714,7.352647355611156,0.1204178910021714,7.352647355611156,0.1204178910021714,0.0,0.0,0.0,0.0,0.0,0.0,-2.450257249979132e-09,1.002491880919479,0.0,0.0,0.0,0.0,0.0,0.0,0.001234832220644703,1.0031646152415632,0.012665674060738529,0.02907551293514086
5.2606790000000005,1.8,-0.002770737,-0.02676209,0.9914154,-0.00043145713616506333,1.8,0.003563350561745216,6.722391823947365e-05,1.0024505733374358,1.8,0.001356794107894417,0.0037326338439704525,1.0290096009007,0.0037326338439704525,1.0290096009007,0.0,0.0,0.0,0.0037326338439704525,1.0290096009007,0.0,0.0,1.8,0.0029950074975783497,0.023186856505090076,0.976656192522261,0.00025419262885077027,1.0023356894678213,0.0,0.10285749484661386,0.0,0.1725583103196892,6.608163381625229,0.2662473035197972,13.98816338162383,0.1725583103196892,0.0,0.09368899320010798,0.0,0.0,0.0,0.0,-2.450257249979132e-09,1.002491880919479,0.0,0.0,0.0,0.0,0.0,0.0,0.00025419262885077027,1.0023356894678213,0.02293266387623931,0.02567949694556027,1.8,0.0029950074975783497,0.023186856505090076,0.976656192522261,0.00025419262885077027,1.0023356894678213,0.0,0.10285749484661386,0.0,0.1725583103196892,6.608163381625229,0.2662473035197972,13.98816338162383,0.1204178910021714,7.352647355611156,0.1204178910021714,7.352647355611156,0.1204178910021714,0.0,0.0,0.0,0.0,0.0,0.0,-2.450257249979132e-09,1.002491880919479,0.0,0.0,0.0,0.0,0.0,0.0,0.00025419262885077027,1.0023356894678213,0.02293266387623931,0.02567949694556027
5.266734,1.8,-0.0063142,-0.04708923,0.9388821,-0.002959489853857024,1.8,0.002585665824375747,0.00373202740323913,1.0290105087742651,1.8,0.0012790854656508069,0.003732633843970008,1.0290096009007,0.003732633843970008,1.0290096009007,0.0,0.0,0.0,0.003732633843970008,1.0290096009007,0.0,0.0,1.8,0.0036101685568628024,0.009337337876671691,1.0131389160099187,0.0037327822824786416,1.0290093786804713,0.0,0.0944679606605837,0.0,0.1725583103196892,6.608163381625229,0.2662473035197972,13.98816338162383,0.1725583103196892,0.0,0.09368899320010798,0.0,0.0,0.0,0.0,-2.450257249979132e-09,1.002491880919479,0.0,0.0,0.0,0.0,0.0,0.0,0.0037327822824786416,1.0290093786804713,0.00560455559419305,0.01587046267055301,1.8,0.0036101685568628024,0.009337337876671691,1.0131389160099187,0.0037327822824786416,1.0290093786804713,0.0,0.0944679606605837,0.0,0.1725583103196892,6.608163381625229,0.2662473035197972,13.98816338162383,0.1204178910021714,7.352647355611156,0.1204178910021714,7.352647355611156,0.1204178910021714,0.0,0.0,0.0,0.0,0.0,0.0,-2.450257249979132e-09,1.002491880919479,0.0,0.0,0.0,0.0,0.0,0.0,0.0037327822824786416,1.0290093786804713,0.00560455559419305,0.01587046267055301
5.2717670000000005,1.8,-0.01045242,-0.06602295,0.8654059,-0.006157646142031108,1.8,0.0040731746991974635,-0.010101865679516112,1.0203610359794497,1.8,0.0005739825580761151,-0.008624692790480115,1.022412432972417,-0.008624692790480115,1.022412432972417,0.0,0.0,0.0,-0.008624692790480115,1.022412432972417,0.0,0.0,1.8,0.004626760901570736,0.023976338416829397,0.9854753957849598,-0.008454949268855566,1.0226481612019434,0.0,0.1485744063265482,0.0,0.1725583103196892,6.608163381625229,0.2662473035197972,13.98816338162383,0.1725583103196892,0.0,0.09368899320010798,0.0,0.0,0.0,0.0,-2.450257249979132e-09,1.002491880919479,0.0,0.0,0.0,0.0,0.0,0.0,-0.008454949268855566,1.0226481612019434,0.03243128768568496,0.03717276541698353,1.8,0.004626760901570736,0.023976338416829397,0.9854753957849598,-0.008454949268855566,1.0226481612019434,0.0,0.1485744063265482,0.0,0.1725583103196892,6.608163381625229,0.2662473035197972,13.98816338162383,0.1204178910021714,7.352647355611156,0.1204178910021714,7.352647355611156,0.1204178910021714,0.0,0.0,0.0,0.0,0.0,0.0,-2.450257249979132e-09,1.002491880919479,0.0,0.0,0.0,0.0,0.0,0.0,-0.008454949268855566,1.0226481612019434,0.03243128768568496,0.03717276541698353
5.275506,1.8,-0.01386151,-0.07056097,0.7776044,-0.009327475867758487,1.8,0.0022803351996645406,-0.008648037093916768,1.0223800139954453,1.8,-0.00028754905736036527,-0.008624692790479487,1.022412432972418,-0.008624692790479487,1.022412432972418,0.0,0.0,0.0,-0.008624692790479487,1.022412432972418,0.0,0.0,1.8,0.004595733298125266,0.006707549056574701,1.00503766900027,-0.008603903751211393,1.0224413033727338,0.0,0.09618414101108809,0.0,0.1725583103196892,6.608163381625229,0.2662473035197972,13.98816338162383,0.1725583103196892,0.0,0.09368899320010798,0.0,0.0,0.0,0.0,-2.450257249979132e-09,1.002491880919479,0.0,0.0,0.0,0.0,0.0,0.0,-0.008603903751211393,1.0224413033727338,0.01531145280778609,0.017403634372463957,1.8,0.004595733298125266,0.006707549056574701,1.00503766900027,-0.008603903751211393,1.0224413033727338,0.0,0.09618414101108809,0.0,0.1725583103196892,6.608163381625229,0.2662473035197972,13.98816338162383,0.1204178910021714,7.352647355611156,0.1204178910021714,7.352647355611156,0.1204178910021714,0.0,0.0,0.0,0.0,0.0,0.0,-2.450257249979132e-09,1.002491880919479,0.0,0.0,0.0,0.0,0.0,0.0,-0.008603903751211393,1.0224413033727338,0.01531145280778609,0.017403634372463957
5.278084,1.8,-0.0161378,-0.07358705,0.7315983,-0.011787405999345246,1.8,0.0013341321052913841,-0.00862538294219809,1.0224114745367665,1.8,-0.0007496647612540188,-0.008624692790480115,1.022412432972417,-0.008624692790480115,1.022412432972417,0.0,0.0,0.0,-0.008624692790480115,1.022412432972417,0.0,0.0,1.8,0.0039330447601497705,0.0004994458617619163,1.0120760885598465,-0.008625180958373627,1.0224117550381309,0.0,0.022577821463181987,0.0,0.1725583103196892,6.608163381625229,0.2662473035197972,13.98816338162383,0.1725583103196892,0.0,0.09368899320010798,0.0,0.0,0.0,0.0,-2.450257249979132e-09,1.002491880919479,0.0,0.0,0.0,0.0,0.0,0.0,-0.008625180958373627,1.0224117550381309,0.009124626820135543,0.01033566647828385,1.8,0.0039330447601497705,0.0004994458617619163,1.0120760885598465,-0.008625180958373627,1.0224117550381309,0.0,0.022577821463181987,0.0,0.1725583103196892,6.608163381625229,0.2662473035197972,13.98816338162383,0.1204178910021714,7.352647355611156,0.1204178910021714,7.352647355611156,0.1204178910021714,0.0,0.0,0.0,0.0,0.0,0.0,-2.450257249979132e-09,1.002491880919479,0.0,0.0,0.0,0.0,0.0,0.0,-0.008625180958373627,1.0224117550381309,0.009124626820135543,0.01033566647828385
5.279572,1.8,-0.01743345,-0.07528403,0.7082703,-0.013327660621931301,1.8,0.004752219145999908,-0.02291187873700081,0.9941086276002327,1.8,-0.0011418162271873997,-0.022310864118719447,0.999186896368642,-0.022310864118719447,0.999186896368642,0.0,0.0,0.0,-0.022310864118719447,0.999186896368642,0.0,0.0,1.8,0.0037007708863745644,0.03209307759381613,0.9738280812971228,0.8703470716451827,0.15381146923725603,0.0,0.007274480303611024,0.0,0.1725583103196892,6.608163381625229,0.2662473035197972,13.98816338162383,0.1725583103196892,0.0,0.09368899320010798,0.0,0.0,0.0,0.0,-2.450257249979132e-09,1.002491880919479,0.0,0.0,0.0,0.0,0.0,0.0,0.8703470716451827,0.15381146923725603,0.8382539940513666,0.8200166120598669,1.8,0.0037007708863745644,0.03209307759381613,0.9738280812971228,0.8703470716451827,0.15381146923725603,0.0,0.007274480303611024,0.0,0.1725583103196892,6.608163381625229,0.2662473035197972,13.98816338162383,0.1204178910021714,7.352647355611156,0.1204178910021714,7.352647355611156,0.1204178910021714,0.0,0.0,0.0,0.0,0.0,0.0,-2.450257249979132e-09,1.002491880919479,0.0,0.0,0.0,0.0,0.0,0.0,0.8703470716451827,0.15381146923725603,0.8382539940513666,0.8200166120598669
5.280145,1.8,-0.01792932,-0.07591152,0.6996097,-0.013938298563011703,1.8,0.004423092799178364,-0.010678414299135224,1.017306817082562,1.8,-0.0015029921932145007,-0.03289663100966467,0.9761197213374443,-0.03289663100966467,0.9761197213374443,0.0,0.0,0.0,-0.03289663100966467,0.9761197213374443,0.0,0.0,1.8,0.004071628076264545,0.03535446051097274,0.9639459659431662,-0.005994054306703189,1.0210508143527288,0.0,0.02914600730253456,0.0,0.1725583103196892,6.608163381625229,0.2662473035197972,13.98816338162383,0.1725583103196892,0.0,0.09368899320010798,0.0,0.0,0.0,0.0,-2.450257249979132e-09,1.002491880919479,0.0,0.0,0.0,0.0,0.0,0.0,-0.005994054306703189,1.0210508143527288,0.04134851481767592,0.05710484840956281,1.8,0.004071628076264545,0.03535446051097274,0.9639459659431662,-0.005994054306703189,1.0210508143527288,0.0,0.02914600730253456,0.0,0.1725583103196892,6.608163381625229,0.2662473035197972,13.98816338162383,0.1204178910021714,7.352647355611156,0.1204178910021714,7.352647355611156,0.1204178910021714,0.0,0.0,0.0,0.0,0.0,0.0,-2.450257249979132e-09,1.002491880919479,0.0,0.0,0.0,0.0,0.0,0.0,-0.005994054306703189,1.0210508143527288,0.04134851481767592,0.05710484840956281
5.280603,1.8,-0.0183084,-0.07290187,0.6808343,-0.014426382641571546,1.8,0.0042311410752626415,0.00022536061980297495,1.002353405441565,1.8,-0.00182455800813645,-0.03272982903399902,0.9764831952744647,-0.03272982903399902,0.9764831952744647,0.0,0.0,0.0,-0.03272982903399902,0.9764831952744647,0.0,0.0,1.8,0.004317048102998231,0.032195794777995515,0.9685219045257081,0.0005088751332503575,1.002179198515228,0.0,0.051817750853799464,0.0,0.1725583103196892,6.608163381625229,0.2662473035197972,13.98816338162383,0.1725583103196892,0.0,0.09368899320010798,0.0,0.0,0.0,0.0,-2.450257249979132e-09,1.002491880919479,0.0,0.0,0.0,0.0,0.0,0.0,0.0005088751332503575,1.002179198515228,0.03168691964474516,0.03365729398951992,1.8,0.004317048102998231,0.032195794777995515,0.9685219045257081,0.0005088751332503575,1.002179198515228,0.0,0.051817750853799464,0.0,0.1725583103196892,6.608163381625229,0.2662473035197972,13.98816338162383,0.1204178910021714,7.352647355611156,0.1204178910021714,7.352647355611156,0.1204178910021714,0.0,0.0,0.0,0.0,0.0,0.0,-2.450257249979132e-09,1.002491880919479,0.0,0.0,0.0,0.0,0.0,0.0,0.0005088751332503575,1.002179198515228,0.03168691964474516,0.03365729398951992
5.281363,1.8,-0.01878094,-0.05731308,0.6163535,-0.015236303819967295,1.8,0.0036519524732988896,-0.026512816948479106,0.9900305279736593,1.8,-0.0023291269330771515,-0.03273184783463129,0.976478796157422,-0.03273184783463129,0.976478796157422,0.0,0.0,0.0,-0.03273184783463129,0.976478796157422,0.0,0.0,1.8,0.004619256162482086,0.02519976327920406,0.9706685109501021,-0.033716317763199756,0.9738437728810659,0.0,0.07703106266362322,0.0,0.1725583103196892,6.608163381625229,0.2662473035197972,13.98816338162383,0.1725583103196892,0.0,0.09368899320010798,0.0,0.0,0.0,0.0,-2.450257249979132e-09,1.002491880919479,0.0,0.0,0.0,0.0,0.0,0.0,-0.033716317763199756,0.9738437728810659,0.05891608104240381,0.00317526193096377,1.8,0.004619256162482086,0.02519976327920406,0.9706685109501021,-0.033716317763199756,0.9738437728810659,0.0,0.07703106266362322,0.0,0.1725583103196892,6.608163381625229,0.2662473035197972,13.98816338162383,0.1204178910021714,7.352647355611156,0.1204178910021714,7.352647355611156,0.1204178910021714,0.0,0.0,0.0,0.0,0.0,0.0,-2.450257249979132e-09,1.002491880919479,0.0,0.0,0.0,0.0,0.0,0.0,-0.033716317763199756,0.9738437728810659,0.05891608104240381,0.00317526193096377
5.281588,1.8,-0.01888099,-0.05663213,0.6112934,-0.015473352777778185,1.8,0.003417116997688612,-0.03373188326285236,0.9733520433386879,1.8,-0.0024736883634881948,-0.03273956816903711,0.9764619729733417,-0.03273956816903711,0.9764619729733417,0.0,0.0,0.0,-0.03273956816903711,0.9764619729733417,0.0,0.0,1.8,0.004674298783995821,0.022630511985747875,0.970857985904524,-0.032855025407751016,0.9762063046608972,0.0,0.08075398694896707,0.0,0.1725583103196892,6.608163381625229,0.2662473035197972,13.98816338162383,0.1725583103196892,0.0,0.09368899320010798,0.0,0.0,0.0,0.0,-2.450257249979132e-09,1.002491880919479,0.0,0.0,0.0,0.0,0.0,0.0,-0.032855025407751016,0.9762063046608972,0.05548553739349889,0.005348318756373305,1.8,0.004674298783995821,0.022630511985747875,0.970857985904524,-0.032855025407751016,0.9762063046608972,0.0,0.08075398694896707,0.0,0.1725583103196892,6.608163381625229,0.2662473035197972,13.98816338162383,0.1204178910021714,7.352647355611156,0.1204178910021714,7.352647355611156,0.1204178910021714,0.0,0.0,0.0,0.0,0.0,0.0,-2.450257249979132e-09,1.002491880919479,0.0,0.0,0.0,0.0,0.0,0.0,-0.032855025407751016,0.9762063046608972,0.05548553739349889,0.005348318756373305
5.281989,1.8,-0.01905069,-0.05543674,0.602406,-0.015873988726287817,1.8,0.002964872850289823,-0.03332799472560303,0.9750101454645814,1.8,-0.0027313289572426323,-0.032753327520578114,0.9764319903208253,-0.032753327520578114,0.9764319903208253,0.0,0.0,0.0,-0.032753327520578114,0.9764319903208253,0.0,0.0,1.8,0.004735348502827905,0.01837464047182556,0.9712902614317147,-0.032559565804589095,0.9768542115413668,0.0,0.08356570022261586,0.0,0.1725583103196892,6.608163381625229,0.2662473035197972,13.98816338162383,0.1725583103196892,0.0,0.09368899320010798,0.0,0.0,0.0,0.0,-2.450257249979132e-09,1.002491880919479,0.0,0.0,0.0,0.0,0.0,0.0,-0.032559565804589095,0.9768542115413668,0.050934206276414665,0.005563950109652023,1.8,0.004735348502827905,0.01837464047182556,0.9712902614317147,-0.032559565804589095,0.9768542115413668,0.0,0.08356570022261586,0.0,0.1725583103196892,6.608163381625229,0.2662473035197972,13.98816338162383,0.1204178910021714,7.352647355611156,0.1204178910021714,7.352647355611156,0.1204178910021714,0.0,0.0,0.0,0.0,0.0,0.0,-2.450257249979132e-09,1.002491880919479,0.0,0.0,0.0,0.0,0.0,0.0,-0.032559565804589095,0.9768542115413668,0.050934206276414665,0.005563950109652023
5.282449,1.8,-0.01923267,-0.05409676,0.5924346,-0.016333571111111184,1.8,0.0024796976149751198,-0.03255300205211029,0.976868514447226,1.8,-0.002997754905092888,-0.032754216990489436,0.9764300520995948,-0.032754216990489436,0.9764300520995948,0.0,0.0,0.0,-0.032754216990489436,0.9764300520995948,0.0,0.0,1.8,0.004756696431247814,0.013860280549564126,0.9717440069741943,-0.032796436514674766,0.9763380526096993,0.0,0.08192419224829227,0.0,0.1725583103196892,6.608163381625229,0.2662473035197972,13.98816338162383,0.1725583103196892,0.0,0.09368899320010798,0.0,0.0,0.0,0.0,-2.450257249979132e-09,1.002491880919479,0.0,0.0,0.0,0.0,0.0,0.0,-0.032796436514674766,0.9763380526096993,0.04665671706423889,0.004594045635505021,1.8,0.004756696431247814,0.013860280549564126,0.9717440069741943,-0.032796436514674766,0.9763380526096993,0.0,0.08192419224829227,0.0,0.1725583103196892,6.608163381625229,0.2662473035197972,13.98816338162383,0.1204178910021714,7.352647355611156,0.1204178910021714,7.352647355611156,0.1204178910021714,0.0,0.0,0.0,0.0,0.0,0.0,-2.450257249979132e-09,1.002491880919479,0.0,0.0,0.0,0.0,0.0,0.0,-0.032796436514674766,0.9763380526096993,0.04665671706423889,0.004594045635505021
5.283923,1.8,-0.01973004,-0.05003899,0.562192,-0.017806232926829507,1.8,0.0010394999466150706,-0.0326958009966932,0.9765573449039232,1.8,-0.003837381320696449,-0.03274985830396448,0.9764395500023929,-0.03274985830396448,0.9764395500023929,0.0,0.0,0.0,-0.03274985830396448,0.9764395500023929,0.0,0.0,1.8,0.004502364784324718,0.0019991014055081354,0.972903539500615,-0.03279007613081527,0.9763519123601796,0.0,0.04716875078190257,0.0,0.1725583103196892,6.608163381625229,0.2662473035197972,13.98816338162383,0.1725583103196892,0.0,0.09368899320010798,0.0,0.0,0.0,0.0,-2.450257249979132e-09,1.002491880919479,0.0,0.0,0.0,0.0,0.0,0.0,-0.03279007613081527,0.9763519123601796,0.03478917753632341,0.0034483728595645713,1.8,0.004502364784324718,0.0019991014055081354,0.972903539500615,-0.03279007613081527,0.9763519123601796,0.0,0.04716875078190257,0.0,0.1725583103196892,6.608163381625229,0.2662473035197972,13.98816338162383,0.1204178910021714,7.352647355611156,0.1204178910021714,7.352647355611156,0.1204178910021714,0.0,0.0,0.0,0.0,0.0,0.0,-2.450257249979132e-09,1.002491880919479,0.0,0.0,0.0,0.0,0.0,0.0,-0.03279007613081527,0.9763519123601796,0.03478917753632341,0.0034483728595645713
5.286282,1.8,-0.02029483,-0.0444574,0.5218643,-0.01945078283849946,1.8,-0.0009267506885187818,-0.03277550298959635,0.9763836683210576,1.8,-0.004978635452966804,-0.032749484642400045,0.9764403642387914,-0.032749484642400045,0.9764403642387914,0.0,0.0,0.0,-0.032749484642400045,0.9764403642387914,0.0,0.0,1.8,0.0034717069375954476,-0.01118633238180786,0.974256048213977,-0.032738111247403424,0.9764651477141684,0.0,0.05510748004593646,0.0,0.1725583103196892,6.608163381625229,0.2662473035197972,13.98816338162383,0.1725583103196892,0.0,0.09368899320010798,0.0,0.0,0.0,0.0,-2.450257249979132e-09,1.002491880919479,0.0,0.0,0.0,0.0,0.0,0.0,-0.032738111247403424,0.9764651477141684,0.02155177886559556,0.0022090995001913024,1.8,0.0034717069375954476,-0.01118633238180786,0.974256048213977,-0.032738111247403424,0.9764651477141684,0.0,0.05510748004593646,0.0,0.1725583103196892,6.608163381625229,0.2662473035197972,13.98816338162383,0.1204178910021714,7.352647355611156,0.1204178910021714,7.352647355611156,0.1204178910021714,0.0,0.0,0.0,0.0,0.0,0.0,-2.450257249979132e-09,1.002491880919479,0.0,0.0,0.0,0.0,0.0,0.0,-0.032738111247403424,0.9764651477141684,0.02155177886559556,0.0022090995001913024
5.286776000000001,1.8,-0.02028493,-0.02461719,0.4557679,-0.019746981370310612,1.8,-0.0013033709737442097,-0.03276380016726823,0.9764091696431425,1.8,-0.005188215099852725,-0.03274948464240293,0.9764403642387852,-0.03274948464240293,0.9764403642387852,0.0,0.0,0.0,-0.03274948464240293,0.9764403642387852,0.0,0.0,1.8,0.0031945851376374685,-0.013279565305711252,0.9744692672237255,-0.032749536650967366,0.976440250908247,0.0,0.07971170521693993,0.0,0.1725583103196892,6.608163381625229,0.2662473035197972,13.98816338162383,0.1725583103196892,0.0,0.09368899320010798,0.0,0.0,0.0,0.0,-2.450257249979132e-09,1.002491880919479,0.0,0.0,0.0,0.0,0.0,0.0,-0.032749536650967366,0.976440250908247,0.01946997134525611,0.0019709836845215084,1.8,0.0031945851376374685,-0.013279565305711252,0.9744692672237255,-0.032749536650967366,0.976440250908247,0.0,0.07971170521693993,0.0,0.1725583103196892,6.608163381625229,0.2662473035197972,13.98816338162383,0.1204178910021714,7.352647355611156,0.1204178910021714,7.352647355611156,0.1204178910021714,0.0,0.0,0.0,0.0,0.0,0.0,-2.450257249979132e-09,1.002491880919479,0.0,0.0,0.0,0.0,0.0,0.0,-0.032749536650967366,0.976440250908247,0.01946997134525611,0.0019709836845215084
5.287546,1.8,-0.01996262,-0.005350397,0.3931339,-0.020208667340946375,1.8,-0.0018564240994138718,-0.03275291901423025,0.9764328804866037,1.8,-0.005504186065147116,-0.03274948464240492,0.9764403642387809,-0.03274948464240492,0.9764403642387809,0.0,0.0,0.0,-0.03274948464240492,0.9764403642387809,0.0,0.0,1.8,0.0027282056665490807,-0.016041620436877214,0.9747494739957537,-0.0327509182686198,0.976437240260408,0.0,0.1183062094319012,0.0,0.1725583103196892,6.608163381625229,0.2662473035197972,13.98816338162383,0.1725583103196892,0.0,0.09368899320010798,0.0,0.0,0.0,0.0,-2.450257249979132e-09,1.002491880919479,0.0,0.0,0.0,0.0,0.0,0.0,-0.0327509182686198,0.976437240260408,0.016709297831742582,0.00168776626465435,1.8,0.0027282056665490807,-0.016041620436877214,0.9747494739957537,-0.0327509182686198,0.976437240260408,0.0,0.1183062094319012,0.0,0.1725583103196892,6.608163381625229,0.2662473035197972,13.98816338162383,0.1204178910021714,7.352647355611156,0.1204178910021714,7.352647355611156,0.1204178910021714,0.0,0.0,0.0,0.0,0.0,0.0,-2.450257249979132e-09,1.002491880919479,0.0,0.0,0.0,0.0,0.0,0.0,-0.0327509182686198,0.976437240260408,0.016709297831742582,0.00168776626465435
5.288126,1.8,-0.01958861,-0.001491653,0.3809854,-0.020556430799347814,1.8,-0.0022419864133809944,-0.03275144115241889,0.9764361008576383,1.8,-0.0057263975072716,-0.03274948464240273,0.9764403642387858,-0.03274948464240273,0.9764403642387858,0.0,0.0,0.0,-0.03274948464240273,0.9764403642387858,0.0,0.0,1.8,0.0023652893331630297,-0.017912538503544944,0.9749390637711594,-0.03275029109796502,0.9764386069120089,0.0,0.14700042294196342,0.0,0.1725583103196892,6.608163381625229,0.2662473035197972,13.98816338162383,0.1725583103196892,0.0,0.09368899320010798,0.0,0.0,0.0,0.0,-2.450257249979132e-09,1.002491880919479,0.0,0.0,0.0,0.0,0.0,0.0,-0.03275029109796502,0.9764386069120089,0.014837752594420073,0.001499543140849554,1.8,0.0023652893331630297,-0.017912538503544944,0.9749390637711594,-0.03275029109796502,0.9764386069120089,0.0,0.14700042294196342,0.0,0.1725583103196892,6.608163381625229,0.2662473035197972,13.98816338162383,0.1204178910021714,7.352647355611156,0.1204178910021714,7.352647355611156,0.1204178910021714,0.0,0.0,0.0,0.0,0.0,0.0,-2.450257249979132e-09,1.002491880919479,0.0,0.0,0.0,0.0,0.0,0.0,-0.03275029109796502,0.9764386069120089,0.014837752594420073,0.001499543140849554
5.28847,1.8,-0.01934842,0.0007138391,0.3741542,-0.02076269050571003,1.8,-0.002470664751320099,-0.03275056462748249,0.9764380108708036,1.8,-0.005858191879841973,-0.03274948464240143,0.9764403642387887,-0.03274948464240143,0.9764403642387887,0.0,0.0,0.0,-0.03274948464240143,0.9764403642387887,0.0,0.0,1.8,0.002143479382553033,-0.018893789482689036,0.9750384239074698,-0.032749929800739506,0.9764393942055914,0.0,0.16369317782093484,0.0,0.1725583103196892,6.608163381625229,0.2662473035197972,13.98816338162383,0.1725583103196892,0.0,0.09368899320010798,0.0,0.0,0.0,0.0,-2.450257249979132e-09,1.002491880919479,0.0,0.0,0.0,0.0,0.0,0.0,-0.032749929800739506,0.9764393942055914,0.013856140318050474,0.0014009702981216923,1.8,0.002143479382553033,-0.018893789482689036,0.9750384239074698,-0.032749929800739506,0.9764393942055914,0.0,0.16369317782093484,0.0,0.1725583103196892,6.608163381625229,0.2662473035197972,13.98816338162383,0.1204178910021714,7.352647355611156,0.1204178910021714,7.352647355611156,0.1204178910021714,0.0,0.0,0.0,0.0,0.0,0.0,-2.450257249979132e-09,1.002491880919479,0.0,0.0,0.0,0.0,0.0,0.0,-0.032749929800739506,0.9764393942055914,0.013856140318050474,0.0014009702981216923
5.289026000000001,1.8,-0.01893304,0.004157089,0.3633988,-0.02109606375203981,1.8,-0.0008226321799153718,0.0023302289282675116,1.0072512694107332,1.8,-0.006120420588017646,-0.04075328542061454,0.9518766227151825,-0.04075328542061454,0.9518766227151825,0.0,0.0,0.0,-0.04075328542061454,0.9518766227151825,0.0,0.0,1.8,0.0018111385371919974,-0.00506413557364,0.9583991384830486,0.00336758225188932,1.0112263129169656,0.0,0.18769970357353782,0.0,0.1725583103196892,6.608163381625229,0.2662473035197972,13.98816338162383,0.1725583103196892,0.0,0.09368899320010798,0.0,0.0,0.0,0.0,-2.450257249979132e-09,1.002491880919479,0.0,0.0,0.0,0.0,0.0,0.0,0.00336758225188932,1.0112263129169656,0.008431717825529322,0.05282717443391705,1.8,0.0018111385371919974,-0.00506413557364,0.9583991384830486,0.00336758225188932,1.0112263129169656,0.0,0.18769970357353782,0.0,0.1725583103196892,6.608163381625229,0.2662473035197972,13.98816338162383,0.1204178910021714,7.352647355611156,0.1204178910021714,7.352647355611156,0.1204178910021714,0.0,0.0,0.0,0.0,0.0,0.0,-2.450257249979132e-09,1.002491880919479,0.0,0.0,0.0,0.0,0.0,0.0,0.00336758225188932,1.0112263129169656,0.008431717825529322,0.05282717443391705
5.290807,1.8,-0.01740576,0.01420879,0.3327734,-0.02178015637369798,1.8,0.0015280914174928,5.815218411519658e-05,1.0024561475103384,1.8,-0.007837677206655892,-0.06364827964688716,0.8408177705310501,-0.06364827964688716,0.8408177705310501,0.0,0.0,0.0,-0.06364827964688716,0.8408177705310501,0.0,0.0,1.8,0.0023514319167642697,0.02288197902824102,0.936866524563848,4.900928683388952e-05,1.0024617654098031,0.0,0.10560952418594938,0.0,0.1725583103196892,6.608163381625229,0.2662473035197972,13.98816338162383,0.1725583103196892,0.0,0.09368899320010798,0.0,0.0,0.0,0.0,-2.450257249979132e-09,1.002491880919479,0.0,0.0,0.0,0.0,0.0,0.0,4.900928683388952e-05,1.0024617654098031,0.02283296974140713,0.06559524084595501,1.8,0.0023514319167642697,0.02288197902824102,0.936866524563848,4.900928683388952e-05,1.0024617654098031,0.0,0.10560952418594938,0.0,0.1725583103196892,6.608163381625229,0.2662473035197972,13.98816338162383,0.1204178910021714,7.352647355611156,0.1204178910021714,7.352647355611156,0.1204178910021714,0.0,0.0,0.0,0.0,0.0,0.0,-2.450257249979132e-09,1.002491880919479,0.0,0.0,0.0,0.0,0.0,0.0,4.900928683388952e-05,1.0024617654098031,0.02283296974140713,0.06559524084595501
5.292479,1.8,-0.01564754,0.02652084,0.3040728,-0.021728035045523442,1.8,-0.0008334146377369338,-0.06348808504039573,0.8419808638807218,1.8,-0.0095139591095988,-0.06367726745429655,0.8406073044812997,-0.06367726745429655,0.8406073044812997,0.0,0.0,0.0,-0.06367726745429655,0.8406073044812997,0.0,0.0,1.8,0.002540692070127169,0.00018006759230600232,0.9128002571565568,-0.06370951073670661,0.8403732020469913,0.0,0.07319827500775196,0.0,0.1725583103196892,6.608163381625229,0.2662473035197972,13.98816338162383,0.1725583103196892,0.0,0.09368899320010798,0.0,0.0,0.0,0.0,-2.450257249979132e-09,1.002491880919479,0.0,0.0,0.0,0.0,0.0,0.0,-0.06370951073670661,0.8403732020469913,0.06388957832901261,0.07242705510956549,1.8,0.002540692070127169,0.00018006759230600232,0.9128002571565568,-0.06370951073670661,0.8403732020469913,0.0,0.07319827500775196,0.0,0.1725583103196892,6.608163381625229,0.2662473035197972,13.98816338162383,0.1204178910021714,7.352647355611156,0.1204178910021714,7.352647355611156,0.1204178910021714,0.0,0.0,0.0,0.0,0.0,0.0,-2.450257249979132e-09,1.002491880919479,0.0,0.0,0.0,0.0,0.0,0.0,-0.06370951073670661,0.8403732020469913,0.06388957832901261,0.07242705510956549
5.293154,1.8,-0.01440992,0.08296025,0.2406632,-0.021574432418135808,1.8,-0.001865185070670303,-0.06343289445459196,0.8423815752699425,1.8,-0.010140044325850653,-0.06367801770682757,0.840601857270882,-0.06367801770682757,0.840601857270882,0.0,0.0,0.0,-0.06367801770682757,0.840601857270882,0.0,0.0,1.8,0.002357777986624532,-0.007945167384474906,0.9035557850822874,-0.0638153976485991,0.8396044098526927,0.0,0.08603531112716716,0.0,0.1725583103196892,6.608163381625229,0.2662473035197972,13.98816338162383,0.1725583103196892,0.0,0.09368899320010798,0.0,0.0,0.0,0.0,-2.450257249979132e-09,1.002491880919479,0.0,0.0,0.0,0.0,0.0,0.0,-0.0638153976485991,0.8396044098526927,0.055870230264124195,0.06395137522959474,1.8,0.002357777986624532,-0.007945167384474906,0.9035557850822874,-0.0638153976485991,0.8396044098526927,0.0,0.08603531112716716,0.0,0.1725583103196892,6.608163381625229,0.2662473035197972,13.98816338162383,0.1204178910021714,7.352647355611156,0.1204178910021714,7.352647355611156,0.1204178910021714,0.0,0.0,0.0,0.0,0.0,0.0,-2.450257249979132e-09,1.002491880919479,0.0,0.0,0.0,0.0,0.0,0.0,-0.0638153976485991,0.8396044098526927,0.055870230264124195,0.06395137522959474
5.293359,1.8,-0.01388314,0.08799076,0.2347871,-0.021505376593199,1.8,-0.0021653480169222185,-0.06348331362085259,0.8420155067845039,1.8,-0.010330188724859812,-0.06367824556129996,0.8406002029329033,-0.06367824556129996,0.8406002029329033,0.0,0.0,0.0,-0.06367824556129996,0.8406002029329033,0.0,0.0,1.8,0.0022670243862018603,-0.010106981301931025,0.9010950669149643,-0.06379820057096851,0.8397292692787617,0.0,0.09307740764907635,0.0,0.1725583103196892,6.608163381625229,0.2662473035197972,13.98816338162383,0.1725583103196892,0.0,0.09368899320010798,0.0,0.0,0.0,0.0,-2.450257249979132e-09,1.002491880919479,0.0,0.0,0.0,0.0,0.0,0.0,-0.06379820057096851,0.8397292692787617,0.05369121926903749,0.06136579763620259,1.8,0.0022670243862018603,-0.010106981301931025,0.9010950669149643,-0.06379820057096851,0.8397292692787617,0.0,0.09307740764907635,0.0,0.1725583103196892,6.608163381625229,0.2662473035197972,13.98816338162383,0.1204178910021714,7.352647355611156,0.1204178910021714,7.352647355611156,0.1204178910021714,0.0,0.0,0.0,0.0,0.0,0.0,-2.450257249979132e-09,1.002491880919479,0.0,0.0,0.0,0.0,0.0,0.0,-0.06379820057096851,0.8397292692787617,0.05369121926903749,0.06136579763620259
5.293832,1.8,-0.01262642,0.09302778,0.2287193,-0.021346042909319768,1.8,-0.002857919107545277,-0.06359964662398124,0.841170870718098,1.8,-0.010768912143063192,-0.06367877129381427,0.8405963858506402,-0.06367877129381427,0.8405963858506402,0.0,0.0,0.0,-0.06367877129381427,0.8405963858506402,0.0,0.0,1.8,0.0020548278467842638,-0.015068313010278092,0.8954490643890559,-0.06375797397072057,0.8400213346126261,0.0,0.10954571611584735,0.0,0.1725583103196892,6.608163381625229,0.2662473035197972,13.98816338162383,0.1725583103196892,0.0,0.09368899320010798,0.0,0.0,0.0,0.0,-2.450257249979132e-09,1.002491880919479,0.0,0.0,0.0,0.0,0.0,0.0,-0.06375797397072057,0.8400213346126261,0.048689660960442485,0.05542772977642985,1.8,0.0020548278467842638,-0.015068313010278092,0.8954490643890559,-0.06375797397072057,0.8400213346126261,0.0,0.10954571611584735,0.0,0.1725583103196892,6.608163381625229,0.2662473035197972,13.98816338162383,0.1204178910021714,7.352647355611156,0.1204178910021714,7.352647355611156,0.1204178910021714,0.0,0.0,0.0,0.0,0.0,0.0,-2.450257249979132e-09,1.002491880919479,0.0,0.0,0.0,0.0,0.0,0.0,-0.06375797397072057,0.8400213346126261,0.048689660960442485,0.05542772977642985
5.294321,1.8,-0.01128108,0.09808747,0.2230509,-0.021181319502518763,1.8,-0.003534385133583378,-0.06365811349058072,0.8407463718837901,1.8,-0.011179154450830765,-0.06367853426680027,0.8405981067858809,-0.06367853426680027,0.8405981067858809,0.0,0.0,0.0,-0.06367853426680027,0.8405981067858809,0.0,0.0,1.8,0.00175298154847675,-0.019412043274796384,0.8905447000217107,-0.06370025619239715,0.8404403946895919,0.0,0.13305164829409022,0.0,0.1725583103196892,6.608163381625229,0.2662473035197972,13.98816338162383,0.1725583103196892,0.0,0.09368899320010798,0.0,0.0,0.0,0.0,-2.450257249979132e-09,1.002491880919479,0.0,0.0,0.0,0.0,0.0,0.0,-0.06370025619239715,0.8404403946895919,0.044288212917600774,0.05010430533211884,1.8,0.00175298154847675,-0.019412043274796384,0.8905447000217107,-0.06370025619239715,0.8404403946895919,0.0,0.13305164829409022,0.0,0.1725583103196892,6.608163381625229,0.2662473035197972,13.98816338162383,0.1204178910021714,7.352647355611156,0.1204178910021714,7.352647355611156,0.1204178910021714,0.0,0.0,0.0,0.0,0.0,0.0,-2.450257249979132e-09,1.002491880919479,0.0,0.0,0.0,0.0,0.0,0.0,-0.06370025619239715,0.8404403946895919,0.044288212917600774,0.05010430533211884
5.294939,1.8,-0.009519025,0.1042551,0.2159672,-0.020500946072060648,1.8,-0.004360937037001071,-0.06368765570006177,0.8405318805963831,1.8,-0.011677168217488534,-0.06367786621991452,0.8406029571420013,-0.06367786621991452,0.8406029571420013,0.0,0.0,0.0,-0.06367786621991452,0.8406029571420013,0.0,0.0,1.8,0.001359131408244437,-0.02477206914524424,0.8844944677275148,-0.06363787995062885,0.8408932775522999,0.0,0.16356355942911974,0.0,0.1725583103196892,6.608163381625229,0.2662473035197972,13.98816338162383,0.1725583103196892,0.0,0.09368899320010798,0.0,0.0,0.0,0.0,-2.450257249979132e-09,1.002491880919479,0.0,0.0,0.0,0.0,0.0,0.0,-0.06363787995062885,0.8408932775522999,0.03886581080538461,0.04360119017521488,1.8,0.001359131408244437,-0.02477206914524424,0.8844944677275148,-0.06363787995062885,0.8408932775522999,0.0,0.16356355942911974,0.0,0.1725583103196892,6.608163381625229,0.2662473035197972,13.98816338162383,0.1204178910021714,7.352647355611156,0.1204178910021714,7.352647355611156,0.1204178910021714,0.0,0.0,0.0,0.0,0.0,0.0,-2.450257249979132e-09,1.002491880919479,0.0,0.0,0.0,0.0,0.0,0.0,-0.06363787995062885,0.8408932775522999,0.03886581080538461,0.04360119017521488
5.296745,1.8,-0.004010634,0.1210169,0.1977621,-0.018119639598346393,1.8,-0.006612717365178605,-0.06369245615213359,0.8404970269018518,1.8,-0.01306237229547804,-0.06367682451888407,0.8406105204149934,-0.06367682451888407,0.8406105204149934,0.0,0.0,0.0,-0.06367682451888407,0.8406105204149934,0.0,0.0,1.8,-0.00014378595208606527,-0.03654979736075483,0.8712213569867493,-0.0636719575465542,0.8406458570800277,0.0,0.2731788174185449,0.0,0.1725583103196892,6.608163381625229,0.2662473035197972,13.98816338162383,0.1725583103196892,0.0,0.09368899320010798,0.0,0.0,0.0,0.0,-2.450257249979132e-09,1.002491880919479,0.0,0.0,0.0,0.0,0.0,0.0,-0.0636719575465542,0.8406458570800277,0.027122160185799382,0.030575499906721575,1.8,-0.00014378595208606527,-0.03654979736075483,0.8712213569867493,-0.0636719575465542,0.8406458570800277,0.0,0.2731788174185449,0.0,0.1725583103196892,6.608163381625229,0.2662473035197972,13.98816338162383,0.1204178910021714,7.352647355611156,0.1204178910021714,7.352647355611156,0.1204178910021714,0.0,0.0,0.0,0.0,0.0,0.0,-2.450257249979132e-09,1.002491880919479,0.0,0.0,0.0,0.0,0.0,0.0,-0.0636719575465542,0.8406458570800277,0.027122160185799382,0.030575499906721575
5.298272000000001,1.8,0.001076893,0.1362912,0.1830018,-0.01610620937389133,1.8,-0.008301056799643094,-0.06367813611061049,0.8406009975999139,1.8,-0.014091259087942658,-0.0636768675860053,0.84061020772605,-0.0636768675860053,0.84061020772605,0.0,0.0,0.0,-0.0636768675860053,0.84061020772605,0.0,0.0,1.8,-0.0016004603376629219,-0.043907860572834585,0.8629190326240691,-0.06367746864029858,0.8406058437698183,0.0,0.3703743000085256,0.0,0.1725583103196892,6.608163381625229,0.2662473035197972,13.98816338162383,0.1725583103196892,0.0,0.09368899320010798,0.0,0.0,0.0,0.0,-2.450257249979132e-09,1.002491880919479,0.0,0.0,0.0,0.0,0.0,0.0,-0.06367746864029858,0.8406058437698183,0.019769608067464008,0.02231318885425077,1.8,-0.0016004603376629219,-0.043907860572834585,0.8629190326240691,-0.06367746864029858,0.8406058437698183,0.0,0.3703743000085256,0.0,0.1725583103196892,6.608163381625229,0.2662473035197972,13.98816338162383,0.1204178910021714,7.352647355611156,0.1204178910021714,7.352647355611156,0.1204178910021714,0.0,0.0,0.0,0.0,0.0,0.0,-2.450257249979132e-09,1.002491880919479,0.0,0.0,0.0,0.0,0.0,0.0,-0.06367746864029858,0.8406058437698183,0.019769608067464008,0.02231318885425077
5.298679,1.8,0.002632946,0.1648624,0.1741942,-0.015569558357944449,1.8,-0.00873334201758734,-0.06367730586259501,0.8406070256177518,1.8,-0.014358857525071581,-0.06516698217792677,0.8297912269246863,-0.06516698217792677,0.8297912269246863,0.0,0.0,0.0,-0.06516698217792677,0.8297912269246863,0.0,0.0,1.8,-0.00201010914978539,-0.04547140559529856,0.8611546055595011,-0.06367707524867837,0.8406086999906818,0.0,0.3957552808632519,0.0,0.1725583103196892,6.608163381625229,0.2662473035197972,13.98816338162383,0.1725583103196892,0.0,0.09368899320010798,0.0,0.0,0.0,0.0,-2.450257249979132e-09,1.002491880919479,0.0,0.0,0.0,0.0,0.0,0.0,-0.06367707524867837,0.8406086999906818,0.018205669653379816,0.020545905568819297,1.8,-0.00201010914978539,-0.04547140559529856,0.8611546055595011,-0.06367707524867837,0.8406086999906818,0.0,0.3957552808632519,0.0,0.1725583103196892,6.608163381625229,0.2662473035197972,13.98816338162383,0.1204178910021714,7.352647355611156,0.1204178910021714,7.352647355611156,0.1204178910021714,0.0,0.0,0.0,0.0,0.0,0.0,-2.450257249979132e-09,1.002491880919479,0.0,0.0,0.0,0.0,0.0,0.0,-0.06367707524867837,0.8406086999906818,0.018205669653379816,0.020545905568819297
5.299491000000001,1.8,0.00663648,0.2271391,0.1566906,-0.014498893431777016,1.8,-0.0037963605315477836,0.8623560250283839,0.16586568400311774,1.8,-0.014948561772475272,-0.06436886589683043,0.7139253057064087,-0.06436886589683043,0.7139253057064087,0.0,0.0,0.0,-0.06436886589683043,0.7139253057064087,0.0,0.0,1.8,-0.0025800732301040816,-0.016889997322306265,0.8454837088238598,0.9754275990155996,0.022650220549659882,0.0,0.41965663814731274,0.0,0.1725583103196892,6.608163381625229,0.2662473035197972,13.98816338162383,0.1725583103196892,0.0,0.09368899320010798,0.0,0.0,0.0,0.0,-2.450257249979132e-09,1.002491880919479,0.0,0.0,0.0,0.0,0.0,0.0,0.9754275990155996,0.022650220549659882,0.9923175963379058,0.8228334882742,1.8,-0.0025800732301040816,-0.016889997322306265,0.8454837088238598,0.9754275990155996,0.022650220549659882,0.0,0.41965663814731274,0.0,0.1725583103196892,6.608163381625229,0.2662473035197972,13.98816338162383,0.1204178910021714,7.352647355611156,0.1204178910021714,7.352647355611156,0.1204178910021714,0.0,0.0,0.0,0.0,0.0,0.0,-2.450257249979132e-09,1.002491880919479,0.0,0.0,0.0,0.0,0.0,0.0,0.9754275990155996,0.022650220549659882,0.9923175963379058,0.8228334882742
5.30027,1.8,0.01114172,0.238065,0.1497323,-0.011743318140001664,1.8,-0.003514217067220193,-0.01679012965795416,0.9939270156035256,1.8,-0.015325227254749293,-0.04632543595985594,0.5735137448530649,-0.04632543595985594,0.5735137448530649,0.0,0.0,0.0,-0.04632543595985594,0.5735137448530649,0.0,0.0,1.8,-0.0022512784308323713,0.010189312344516411,0.8309541950988454,-0.0525753866513812,0.9117167675986034,0.0,0.3564280425932897,0.0,0.1725583103196892,6.608163381625229,0.2662473035197972,13.98816338162383,0.1725583103196892,0.0,0.09368899320010798,0.0,0.0,0.0,0.0,-2.450257249979132e-09,1.002491880919479,0.0,0.0,0.0,0.0,0.0,0.0,-0.0525753866513812,0.9117167675986034,0.06276469899589761,0.0807625724997581,1.8,-0.0022512784308323713,0.010189312344516411,0.8309541950988454,-0.0525753866513812,0.9117167675986034,0.0,0.3564280425932897,0.0,0.1725583103196892,6.608163381625229,0.2662473035197972,13.98816338162383,0.1204178910021714,7.352647355611156,0.1204178910021714,7.352647355611156,0.1204178910021714,0.0,0.0,0.0,0.0,0.0,0.0,-2.450257249979132e-09,1.002491880919479,0.0,0.0,0.0,0.0,0.0,0.0,-0.0525753866513812,0.9117167675986034,0.06276469899589761,0.0807625724997581
5.300853,1.8,0.01460549,0.2454561,0.1438126,-0.009599880971682764,1.8,-0.0033789177515973243,0.000270581793727858,1.0023256190625929,1.8,-0.015561849555222346,-0.04680624991969435,0.5757412118449737,-0.04680624991969435,0.5757412118449737,0.0,0.0,0.0,-0.04680624991969435,0.5757412118449737,0.0,0.0,1.8,-0.002027408028858873,0.008430259084358493,0.8493391199111371,0.00023735139492418356,1.0023460376491622,0.0,0.31451100701198537,0.0,0.1725583103196892,6.608163381625229,0.2662473035197972,13.98816338162383,0.1725583103196892,0.0,0.09368899320010798,0.0,0.0,0.0,0.0,-2.450257249979132e-09,1.002491880919479,0.0,0.0,0.0,0.0,0.0,0.0,0.00023735139492418356,1.0023460376491622,0.008192907689434308,0.1530069177380255,1.8,-0.002027408028858873,0.008430259084358493,0.8493391199111371,0.00023735139492418356,1.0023460376491622,0.0,0.31451100701198537,0.0,0.1725583103196892,6.608163381625229,0.2662473035197972,13.98816338162383,0.1204178910021714,7.352647355611156,0.1204178910021714,7.352647355611156,0.1204178910021714,0.0,0.0,0.0,0.0,0.0,0.0,-2.450257249979132e-09,1.002491880919479,0.0,0.0,0.0,0.0,0.0,0.0,0.00023735139492418356,1.0023460376491622,0.008192907689434308,0.1530069177380255
5.301483,1.8,0.01843104,0.2525328,0.1365971,-0.007283645266636967,1.8,-0.0035599998647241025,-0.05746865462209043,0.6257170187592949,1.8,-0.015809926242563808,-0.04677895032027117,0.5756147409816338,-0.04677895032027117,0.5756147409816338,0.0,0.0,0.0,-0.04677895032027117,0.5756147409816338,0.0,0.0,1.8,-0.0018342101253700585,0.0036344665040803567,0.8272525693538577,-0.04483736921684773,0.566619977557041,0.0,0.2766374842638096,0.0,0.1725583103196892,6.608163381625229,0.2662473035197972,13.98816338162383,0.1725583103196892,0.0,0.09368899320010798,0.0,0.0,0.0,0.0,-2.450257249979132e-09,1.002491880919479,0.0,0.0,0.0,0.0,0.0,0.0,-0.04483736921684773,0.566619977557041,0.048471835720928086,0.2606325917968168,1.8,-0.0018342101253700585,0.0036344665040803567,0.8272525693538577,-0.04483736921684773,0.566619977557041,0.0,0.2766374842638096,0.0,0.1725583103196892,6.608163381625229,0.2662473035197972,13.98816338162383,0.1204178910021714,7.352647355611156,0.1204178910021714,7.352647355611156,0.1204178910021714,0.0,0.0,0.0,0.0,0.0,0.0,-2.450257249979132e-09,1.002491880919479,0.0,0.0,0.0,0.0,0.0,0.0,-0.04483736921684773,0.566619977557041,0.048471835720928086,0.2606325917968168
5.3035000000000005,1.8,0.03105519,0.2695431,0.1081693,0.00013198555412063072,1.8,-0.005483982260223995,-0.04737989867071239,0.5783987546049033,1.8,-0.016550192103906743,-0.04665257532679936,0.5750292835072798,-0.04665257532679936,0.5750292835072798,0.0,0.0,0.0,-0.04665257532679936,0.5750292835072798,0.0,0.0,1.8,-0.001870112064199801,-0.013032360899089072,0.7437447341985444,-0.04631575193581877,0.5734688816716838,0.0,0.23055940011653775,0.0,0.1725583103196892,6.608163381625229,0.2662473035197972,13.98816338162383,0.1725583103196892,0.0,0.09368899320010798,0.0,0.0,0.0,0.0,-2.450257249979132e-09,1.002491880919479,0.0,0.0,0.0,0.0,0.0,0.0,-0.04631575193581877,0.5734688816716838,0.0332833910367297,0.1702758525268605,1.8,-0.001870112064199801,-0.013032360899089072,0.7437447341985444,-0.04631575193581877,0.5734688816716838,0.0,0.23055940011653775,0.0,0.1725583103196892,6.608163381625229,0.2662473035197972,13.98816338162383,0.1204178910021714,7.352647355611156,0.1204178910021714,7.352647355611156,0.1204178910021714,0.0,0.0,0.0,0.0,0.0,0.0,-2.450257249979132e-09,1.002491880919479,0.0,0.0,0.0,0.0,0.0,0.0,-0.04631575193581877,0.5734688816716838,0.0332833910367297,0.1702758525268605
5.30407,1.8,0.03470702,0.2720895,0.09805113,0.0022276273824939994,1.8,-0.00599721929295095,-0.046939102122290695,0.5763566762881968,1.8,-0.016750434858260166,-0.04666050712906135,0.5750660291702612,-0.04666050712906135,0.5750660291702612,0.0,0.0,0.0,-0.04666050712906135,0.5750660291702612,0.0,0.0,1.8,-0.00201988147630447,-0.016605567557508426,0.7256613078363723,-0.04649869616659708,0.574316407470551,0.0,0.23220681901681556,0.0,0.1725583103196892,6.608163381625229,0.2662473035197972,13.98816338162383,0.1725583103196892,0.0,0.09368899320010798,0.0,0.0,0.0,0.0,-2.450257249979132e-09,1.002491880919479,0.0,0.0,0.0,0.0,0.0,0.0,-0.04649869616659708,0.574316407470551,0.029893128609088656,0.15134490036582124,1.8,-0.00201988147630447,-0.016605567557508426,0.7256613078363723,-0.04649869616659708,0.574316407470551,0.0,0.23220681901681556,0.0,0.1725583103196892,6.608163381625229,0.2662473035197972,13.98816338162383,0.1204178910021714,7.352647355611156,0.1204178910021714,7.352647355611156,0.1204178910021714,0.0,0.0,0.0,0.0,0.0,0.0,-2.450257249979132e-09,1.002491880919479,0.0,0.0,0.0,0.0,0.0,0.0,-0.04649869616659708,0.574316407470551,0.029893128609088656,0.15134490036582124
5.304527,1.8,0.03787921,0.3183091,0.1195957,0.003907817409804391,1.8,-0.006405970002317083,-0.04657760739917949,0.5746819795640223,1.8,-0.016910980364820766,-0.04666686648631351,0.5750954901667217,-0.04666686648631351,0.5750954901667217,0.0,0.0,0.0,-0.04666686648631351,0.5750954901667217,0.0,0.0,1.8,-0.0021655815267256386,-0.01926243982007863,0.7123053768061555,-0.046668208759797304,0.5751017085175357,0.0,0.2360103165254334,0.0,0.1725583103196892,6.608163381625229,0.2662473035197972,13.98816338162383,0.1725583103196892,0.0,0.09368899320010798,0.0,0.0,0.0,0.0,-2.450257249979132e-09,1.002491880919479,0.0,0.0,0.0,0.0,0.0,0.0,-0.046668208759797304,0.5751017085175357,0.027405768939718682,0.1372036682886198,1.8,-0.0021655815267256386,-0.01926243982007863,0.7123053768061555,-0.046668208759797304,0.5751017085175357,0.0,0.2360103165254334,0.0,0.1725583103196892,6.608163381625229,0.2662473035197972,13.98816338162383,0.1204178910021714,7.352647355611156,0.1204178910021714,7.352647355611156,0.1204178910021714,0.0,0.0,0.0,0.0,0.0,0.0,-2.450257249979132e-09,1.002491880919479,0.0,0.0,0.0,0.0,0.0,0.0,-0.046668208759797304,0.5751017085175357,0.027405768939718682,0.1372036682886198
5.305046,1.8,0.04250297,0.4402171,0.1888094,0.0058159544430073425,1.8,-0.006836702254808275,-0.046562780061697104,0.5746132889527287,1.8,-0.017075797286463,-0.04666869197842967,0.5751039471246564,-0.04666869197842967,0.5751039471246564,0.0,0.0,0.0,-0.04666869197842967,0.5751039471246564,0.0,0.0,1.8,-0.002367436701178502,-0.0219546361324848,0.6988252019688949,-0.046749793135782765,0.57547966448334,0.0,0.24351555798362817,0.0,0.1725583103196892,6.608163381625229,0.2662473035197972,13.98816338162383,0.1725583103196892,0.0,0.09368899320010798,0.0,0.0,0.0,0.0,-2.450257249979132e-09,1.002491880919479,0.0,0.0,0.0,0.0,0.0,0.0,-0.046749793135782765,0.57547966448334,0.024795157003297964,0.12334553748555482,1.8,-0.002367436701178502,-0.0219546361324848,0.6988252019688949,-0.046749793135782765,0.57547966448334,0.0,0.24351555798362817,0.0,0.1725583103196892,6.608163381625229,0.2662473035197972,13.98816338162383,0.1204178910021714,7.352647355611156,0.1204178910021714,7.352647355611156,0.1204178910021714,0.0,0.0,0.0,0.0,0.0,0.0,-2.450257249979132e-09,1.002491880919479,0.0,0.0,0.0,0.0,0.0,0.0,-0.046749793135782765,0.57547966448334,0.024795157003297964,0.12334553748555482
5.3051829999999995,1.8,0.04393744,0.4597074,0.1982899,0.006319643794737985,1.8,-0.006950098487731595,-0.046562457635434346,0.5746117952484738,1.8,-0.017119189741846407,-0.04666913867541877,0.5751060165379467,-0.04666913867541877,0.5751060165379467,0.0,0.0,0.0,-0.04666913867541877,0.5751060165379467,0.0,0.0,1.8,-0.002426979803120644,-0.022609364365957885,0.6955571744741215,-0.04675224739125626,0.5754910343134896,0.0,0.24604472283599732,0.0,0.1725583103196892,6.608163381625229,0.2662473035197972,13.98816338162383,0.1725583103196892,0.0,0.09368899320010798,0.0,0.0,0.0,0.0,-2.450257249979132e-09,1.002491880919479,0.0,0.0,0.0,0.0,0.0,0.0,-0.04675224739125626,0.5754910343134896,0.02414288302529838,0.12006614016063183,1.8,-0.002426979803120644,-0.022609364365957885,0.6955571744741215,-0.04675224739125626,0.5754910343134896,0.0,0.24604472283599732,0.0,0.1725583103196892,6.608163381625229,0.2662473035197972,13.98816338162383,0.1204178910021714,7.352647355611156,0.1204178910021714,7.352647355611156,0.1204178910021714,0.0,0.0,0.0,0.0,0.0,0.0,-2.450257249979132e-09,1.002491880919479,0.0,0.0,0.0,0.0,0.0,0.0,-0.04675224739125626,0.5754910343134896,0.02414288302529838,0.12006614016063183
5.3054440000000005,1.8,0.04675335,0.4653272,0.1950863,0.00727922715826027,1.8,-0.007166130727097864,-0.046561843378101646,0.5746089495783241,1.8,-0.017201857120351105,-0.04666998968209143,0.5751099589968427,-0.04666998968209143,0.5751099589968427,0.0,0.0,0.0,-0.04666998968209143,0.5751099589968427,0.0,0.0,1.8,-0.0025404159316388935,-0.023856693336305232,0.6893312242833084,-0.04675692301664741,0.5755126950847967,0.0,0.25086305879565163,0.0,0.1725583103196892,6.608163381625229,0.2662473035197972,13.98816338162383,0.1725583103196892,0.0,0.09368899320010798,0.0,0.0,0.0,0.0,-2.450257249979132e-09,1.002491880919479,0.0,0.0,0.0,0.0,0.0,0.0,-0.04675692301664741,0.5755126950847967,0.02290022968034218,0.1138185291985116,1.8,-0.0025404159316388935,-0.023856693336305232,0.6893312242833084,-0.04675692301664741,0.5755126950847967,0.0,0.25086305879565163,0.0,0.1725583103196892,6.608163381625229,0.2662473035197972,13.98816338162383,0.1204178910021714,7.352647355611156,0.1204178910021714,7.352647355611156,0.1204178910021714,0.0,0.0,0.0,0.0,0.0,0.0,-2.450257249979132e-09,1.002491880919479,0.0,0.0,0.0,0.0,0.0,0.0,-0.04675692301664741,0.5755126950847967,0.02290022968034218,0.1138185291985116
5.305734,1.8,0.04990863,0.4710739,0.1909646,0.008345430895502175,1.8,-0.007406166548614798,-0.0465611608699542,0.5746057877226021,1.8,-0.017293709763133665,-0.046670935245061045,0.5751143395067271,-0.046670935245061045,0.5751143395067271,0.0,0.0,0.0,-0.046670935245061045,0.5751143395067271,0.0,0.0,1.8,-0.0026664560744363484,-0.02524261441446235,0.6824135018491045,-0.04676211815597089,0.5755367626084713,0.0,0.2562167654174643,0.0,0.1725583103196892,6.608163381625229,0.2662473035197972,13.98816338162383,0.1725583103196892,0.0,0.09368899320010798,0.0,0.0,0.0,0.0,-2.450257249979132e-09,1.002491880919479,0.0,0.0,0.0,0.0,0.0,0.0,-0.04676211815597089,0.5755367626084713,0.021519503741508537,0.1068767392406333,1.8,-0.0026664560744363484,-0.02524261441446235,0.6824135018491045,-0.04676211815597089,0.5755367626084713,0.0,0.2562167654174643,0.0,0.1725583103196892,6.608163381625229,0.2662473035197972,13.98816338162383,0.1204178910021714,7.352647355611156,0.1204178910021714,7.352647355611156,0.1204178910021714,0.0,0.0,0.0,0.0,0.0,0.0,-2.450257249979132e-09,1.002491880919479,0.0,0.0,0.0,0.0,0.0,0.0,-0.04676211815597089,0.5755367626084713,0.021519503741508537,0.1068767392406333
5.30595,1.8,0.05227122,0.4751687,0.1877028,0.009139568851517689,1.8,-0.007584951850158639,-0.04656065251905817,0.5746034326852368,1.8,-0.017362124145344195,-0.04667163952644531,0.5751176022313307,-0.04667163952644531,0.5751176022313307,0.0,0.0,0.0,-0.04667163952644531,0.5751176022313307,0.0,0.0,1.8,-0.0027742215659731957,-0.02613262920577843,0.6779643401849793,-0.0467536112887219,0.575497352841733,0.0,0.2612058648902226,0.0,0.1725583103196892,6.608163381625229,0.2662473035197972,13.98816338162383,0.1725583103196892,0.0,0.09368899320010798,0.0,0.0,0.0,0.0,-2.450257249979132e-09,1.002491880919479,0.0,0.0,0.0,0.0,0.0,0.0,-0.0467536112887219,0.575497352841733,0.02062098208294347,0.1024669873432463,1.8,-0.0027742215659731957,-0.02613262920577843,0.6779643401849793,-0.0467536112887219,0.575497352841733,0.0,0.2612058648902226,0.0,0.1725583103196892,6.608163381625229,0.2662473035197972,13.98816338162383,0.1204178910021714,7.352647355611156,0.1204178910021714,7.352647355611156,0.1204178910021714,0.0,0.0,0.0,0.0,0.0,0.0,-2.450257249979132e-09,1.002491880919479,0.0,0.0,0.0,0.0,0.0,0.0,-0.0467536112887219,0.575497352841733,0.02062098208294347,0.1024669873432463
5.306641,1.8,0.05990934,0.486182,0.1753714,0.012211356615385378,1.8,-0.008147986375426804,-0.04657305268948872,0.5746608789589209,1.8,-0.01757797965700271,-0.04667352884217126,0.5751263548649237,-0.04667352884217126,0.5751263548649237,0.0,0.0,0.0,-0.04667352884217126,0.5751263548649237,0.0,0.0,1.8,-0.0031451265446612083,-0.02871192662178447,0.665055820402315,-0.046703087734880244,0.5752632923570201,0.0,0.2790525964806193,0.0,0.1725583103196892,6.608163381625229,0.2662473035197972,13.98816338162383,0.1725583103196892,0.0,0.09368899320010798,0.0,0.0,0.0,0.0,-2.450257249979132e-09,1.002491880919479,0.0,0.0,0.0,0.0,0.0,0.0,-0.046703087734880244,0.5752632923570201,0.017991161113095778,0.08979252804529488,1.8,-0.0031451265446612083,-0.02871192662178447,0.665055820402315,-0.046703087734880244,0.5752632923570201,0.0,0.2790525964806193,0.0,0.1725583103196892,6.608163381625229,0.2662473035197972,13.98816338162383,0.1204178910021714,7.352647355611156,0.1204178910021714,7.352647355611156,0.1204178910021714,0.0,0.0,0.0,0.0,0.0,0.0,-2.450257249979132e-09,1.002491880919479,0.0,0.0,0.0,0.0,0.0,0.0,-0.046703087734880244,0.5752632923570201,0.017991161113095778,0.08979252804529488
5.308102,1.8,0.07626733,0.4967688,0.1390267,0.022863106241757476,1.8,-0.009245623676227801,-0.04667527924064656,0.5751344639365206,1.8,-0.01799743856040116,-0.04667305656358203,0.5751241669397438,-0.04667305656358203,0.5751241669397438,0.0,0.0,0.0,-0.04667305656358203,0.5751241669397438,0.0,0.0,1.8,-0.0039900892304091514,-0.0334758809012153,0.6412064330283003,-0.04667061289747609,0.5751128461669608,0.0,0.3202328897609311,0.0,0.1725583103196892,6.608163381625229,0.2662473035197972,13.98816338162383,0.1725583103196892,0.0,0.09368899320010798,0.0,0.0,0.0,0.0,-2.450257249979132e-09,1.002491880919479,0.0,0.0,0.0,0.0,0.0,0.0,-0.04667061289747609,0.5751128461669608,0.013194731996260783,0.06609358686133945,1.8,-0.0039900892304091514,-0.0334758809012153,0.6412064330283003,-0.04667061289747609,0.5751128461669608,0.0,0.3202328897609311,0.0,0.1725583103196892,6.608163381625229,0.2662473035197972,13.98816338162383,0.1204178910021714,7.352647355611156,0.1204178910021714,7.352647355611156,0.1204178910021714,0.0,0.0,0.0,0.0,0.0,0.0,-2.450257249979132e-09,1.002491880919479,0.0,0.0,0.0,0.0,0.0,0.0,-0.04667061289747609,0.5751128461669608,0.013194731996260783,0.06609358686133945
5.308717,1.8,0.08317454,0.4958955,0.1199534,0.027346902285711693,1.8,-0.009687251555397259,-0.04667344747127181,0.575125977897927,1.8,-0.01814820229801571,-0.040594641582976695,0.5469646918343083,-0.040594641582976695,0.5469646918343083,0.0,0.0,0.0,-0.040594641582976695,0.5469646918343083,0.0,0.0,1.8,-0.0043842501013361315,-0.035000321674868676,0.6335728217385024,-0.04667240530981588,0.5751211498762054,0.0,0.3391967261138062,0.0,0.1725583103196892,6.608163381625229,0.2662473035197972,13.98816338162383,0.1725583103196892,0.0,0.09368899320010798,0.0,0.0,0.0,0.0,-2.450257249979132e-09,1.002491880919479,0.0,0.0,0.0,0.0,0.0,0.0,-0.04667240530981588,0.5751211498762054,0.011672083634947195,0.05845167186229701,1.8,-0.0043842501013361315,-0.035000321674868676,0.6335728217385024,-0.04667240530981588,0.5751211498762054,0.0,0.3391967261138062,0.0,0.1725583103196892,6.608163381625229,0.2662473035197972,13.98816338162383,0.1204178910021714,7.352647355611156,0.1204178910021714,7.352647355611156,0.1204178910021714,0.0,0.0,0.0,0.0,0.0,0.0,-2.450257249979132e-09,1.002491880919479,0.0,0.0,0.0,0.0,0.0,0.0,-0.04667240530981588,0.5751211498762054,0.011672083634947195,0.05845167186229701
5.309209,1.8,0.08867385,0.4929474,0.1031568,0.030933939120878953,1.8,-0.0074016982250738285,0.0002147519925724947,1.002359923966208,1.8,-0.01805597305723092,-0.015015054158440979,0.4493935847200421,-0.015015054158440979,0.4493935847200421,0.0,0.0,0.0,-0.015015054158440979,0.4493935847200421,0.0,0.0,1.8,-0.004582089002738765,-0.01641592980636064,0.6343689356747956,0.0001083397866811888,1.0024253094841755,0.0,0.34224137744032473,0.0,0.1725583103196892,6.608163381625229,0.2662473035197972,13.98816338162383,0.1725583103196892,0.0,0.09368899320010798,0.0,0.0,0.0,0.0,-2.450257249979132e-09,1.002491880919479,0.0,0.0,0.0,0.0,0.0,0.0,0.0001083397866811888,1.0024253094841755,0.016524269593041836,0.3680563738093803,1.8,-0.004582089002738765,-0.01641592980636064,0.6343689356747956,0.0001083397866811888,1.0024253094841755,0.0,0.34224137744032473,0.0,0.1725583103196892,6.608163381625229,0.2662473035197972,13.98816338162383,0.1204178910021714,7.352647355611156,0.1204178910021714,7.352647355611156,0.1204178910021714,0.0,0.0,0.0,0.0,0.0,0.0,-2.450257249979132e-09,1.002491880919479,0.0,0.0,0.0,0.0,0.0,0.0,0.0001083397866811888,1.0024253094841755,0.016524269593041836,0.3680563738093803
5.309602,1.8,0.09304545,0.4892048,0.08893903,0.03379919415384472,1.8,-0.002871528171466252,-0.05940515257047289,0.7786221750905669,1.8,-0.017731090432940456,0.019616279014755156,0.3572372964907891,0.019616279014755156,0.3572372964907891,0.0,0.0,0.0,0.019616279014755156,0.3572372964907891,0.0,0.0,1.8,-0.0045660430466615805,0.017854866241126643,0.6268649286136525,0.9632830932720758,0.036483863159513276,0.0,0.32737552818346116,0.0,0.1725583103196892,6.608163381625229,0.2662473035197972,13.98816338162383,0.1725583103196892,0.0,0.09368899320010798,0.0,0.0,0.0,0.0,-2.450257249979132e-09,1.002491880919479,0.0,0.0,0.0,0.0,0.0,0.0,0.9632830932720758,0.036483863159513276,0.9454282270309491,0.5903810654541394,1.8,-0.0045660430466615805,0.017854866241126643,0.6268649286136525,0.9632830932720758,0.036483863159513276,0.0,0.32737552818346116,0.0,0.1725583103196892,6.608163381625229,0.2662473035197972,13.98816338162383,0.1204178910021714,7.352647355611156,0.1204178910021714,7.352647355611156,0.1204178910021714,0.0,0.0,0.0,0.0,0.0,0.0,-2.450257249979132e-09,1.002491880919479,0.0,0.0,0.0,0.0,0.0,0.0,0.9632830932720758,0.036483863159513276,0.9454282270309491,0.5903810654541394
5.309917,1.8,0.09651916,0.4852293,0.07712618,0.03609577261538667,1.8,-0.003021434440050451,-0.035709200827398715,0.5399913996408194,1.8,-0.017189200688623445,0.06263105681003439,0.27617262957996136,0.06263105681003439,0.27617262957996136,0.0,0.0,0.0,0.06263105681003439,0.27617262957996136,0.0,0.0,1.8,-0.004260910080742848,0.028753398435802897,0.6294456610195608,-0.0010117488529173262,1.0291684674227248,0.0,0.2871764152907939,0.0,0.1725583103196892,6.608163381625229,0.2662473035197972,13.98816338162383,0.1725583103196892,0.0,0.09368899320010798,0.0,0.0,0.0,0.0,-2.450257249979132e-09,1.002491880919479,0.0,0.0,0.0,0.0,0.0,0.0,-0.0010117488529173262,1.0291684674227248,0.029765147288720227,0.39972280640316454,1.8,-0.004260910080742848,0.028753398435802897,0.6294456610195608,-0.0010117488529173262,1.0291684674227248,0.0,0.2871764152907939,0.0,0.1725583103196892,6.608163381625229,0.2662473035197972,13.98816338162383,0.1204178910021714,7.352647355611156,0.1204178910021714,7.352647355611156,0.1204178910021714,0.0,0.0,0.0,0.0,0.0,0.0,-2.450257249979132e-09,1.002491880919479,0.0,0.0,0.0,0.0,0.0,0.0,-0.0010117488529173262,1.0291684674227248,0.029765147288720227,0.39972280640316454
5.310169,1.8,0.09928012,0.4814889,0.06732342,0.03793303538461505,1.8,-0.002983300793009364,-0.04192646299832936,0.6326639854797758,1.8,-0.016643741858660296,0.07524160348890624,0.25240708158732744,0.07524160348890624,0.25240708158732744,0.0,0.0,0.0,0.07524160348890624,0.25240708158732744,0.0,0.0,1.8,-0.004024273193747788,0.02593346998741151,0.6435013769896154,-0.04594028650461164,0.5873063201638095,0.0,0.2566683778802147,0.0,0.1725583103196892,6.608163381625229,0.2662473035197972,13.98816338162383,0.1725583103196892,0.0,0.09368899320010798,0.0,0.0,0.0,0.0,-2.450257249979132e-09,1.002491880919479,0.0,0.0,0.0,0.0,0.0,0.0,-0.04594028650461164,0.5873063201638095,0.07187375649202316,0.0916752360486667,1.8,-0.004024273193747788,0.02593346998741151,0.6435013769896154,-0.04594028650461164,0.5873063201638095,0.0,0.2566683778802147,0.0,0.1725583103196892,6.608163381625229,0.2662473035197972,13.98816338162383,0.1204178910021714,7.352647355611156,0.1204178910021714,7.352647355611156,0.1204178910021714,0.0,0.0,0.0,0.0,0.0,0.0,-2.450257249979132e-09,1.002491880919479,0.0,0.0,0.0,0.0,0.0,0.0,-0.04594028650461164,0.5873063201638095,0.07187375649202316,0.0916752360486667
5.31037,1.8,0.1014762,0.4781868,0.05928264,0.039398471164832305,1.8,-0.0030559454234819258,0.004148711990986171,1.0158060552842492,1.8,-0.016169452532840706,0.07443281142654509,0.2539313126189848,0.07443281142654509,0.2539313126189848,0.0,0.0,0.0,0.07443281142654509,0.2539313126189848,0.0,0.0,1.8,-0.003854150231084256,0.02283021656403217,0.6470479040850088,-0.04146913497547915,0.9343662726697384,0.0,0.23472587319649027,0.0,0.1725583103196892,6.608163381625229,0.2662473035197972,13.98816338162383,0.1725583103196892,0.0,0.09368899320010798,0.0,0.0,0.0,0.0,-2.450257249979132e-09,1.002491880919479,0.0,0.0,0.0,0.0,0.0,0.0,-0.04146913497547915,0.9343662726697384,0.06429935153951133,0.28731836858472964,1.8,-0.003854150231084256,0.02283021656403217,0.6470479040850088,-0.04146913497547915,0.9343662726697384,0.0,0.23472587319649027,0.0,0.1725583103196892,6.608163381625229,0.2662473035197972,13.98816338162383,0.1204178910021714,7.352647355611156,0.1204178910021714,7.352647355611156,0.1204178910021714,0.0,0.0,0.0,0.0,0.0,0.0,-2.450257249979132e-09,1.002491880919479,0.0,0.0,0.0,0.0,0.0,0.0,-0.04146913497547915,0.9343662726697384,0.06429935153951133,0.28731836858472964
5.310531,1.8,0.1032918,0.5191493,0.09098687,0.04057227793406515,1.8,-0.00302138153935722,0.0004648491345984922,1.002206250512711,1.8,-0.015794651459326743,0.07404207607057225,0.254667683538602,0.07404207607057225,0.254667683538602,0.0,0.0,0.0,0.07404207607057225,0.254667683538602,0.0,0.0,1.8,-0.003727200454553778,0.021746961817219957,0.6576799256229316,0.00260901909540771,1.0061025231034495,0.0,0.21837917935131193,0.0,0.1725583103196892,6.608163381625229,0.2662473035197972,13.98816338162383,0.1725583103196892,0.0,0.09368899320010798,0.0,0.0,0.0,0.0,-2.450257249979132e-09,1.002491880919479,0.0,0.0,0.0,0.0,0.0,0.0,0.00260901909540771,1.0061025231034495,0.019137942721812243,0.3484225974805176,1.8,-0.003727200454553778,0.021746961817219957,0.6576799256229316,0.00260901909540771,1.0061025231034495,0.0,0.21837917935131193,0.0,0.1725583103196892,6.608163381625229,0.2662473035197972,13.98816338162383,0.1204178910021714,7.352647355611156,0.1204178910021714,7.352647355611156,0.1204178910021714,0.0,0.0,0.0,0.0,0.0,0.0,-2.450257249979132e-09,1.002491880919479,0.0,0.0,0.0,0.0,0.0,0.0,0.00260901909540771,1.0061025231034495,0.019137942721812243,0.3484225974805176
5.310685,1.8,0.1051779,0.5843233,0.1440592,0.041952413590621525,1.8,-0.0029839760127028147,7.840886894570068e-05,1.0024437006879194,1.8,-0.015437398973647331,0.07373718522706119,0.25524227385244813,0.07373718522706119,0.25524227385244813,0.0,0.0,0.0,0.07373718522706119,0.25524227385244813,0.0,0.0,1.8,-0.0036099323043043354,0.021083583958023497,0.6681035900519674,0.00042271659496074393,1.002232139064728,0.0,0.20341006555979288,0.0,0.1725583103196892,6.608163381625229,0.2662473035197972,13.98816338162383,0.1725583103196892,0.0,0.09368899320010798,0.0,0.0,0.0,0.0,-2.450257249979132e-09,1.002491880919479,0.0,0.0,0.0,0.0,0.0,0.0,0.00042271659496074393,1.002232139064728,0.020660867363062753,0.3341285490127608,1.8,-0.0036099323043043354,0.021083583958023497,0.6681035900519674,0.00042271659496074393,1.002232139064728,0.0,0.20341006555979288,0.0,0.1725583103196892,6.608163381625229,0.2662473035197972,13.98816338162383,0.1204178910021714,7.352647355611156,0.1204178910021714,7.352647355611156,0.1204178910021714,0.0,0.0,0.0,0.0,0.0,0.0,-2.450257249979132e-09,1.002491880919479,0.0,0.0,0.0,0.0,0.0,0.0,0.00042271659496074393,1.002232139064728,0.020660867363062753,0.3341285490127608
5.310740999999999,1.8,0.1059091,0.607972,0.1633167,0.04251082318513968,1.8,-0.0029702149575024745,1.28895521674235e-06,1.0024910874088557,1.8,-0.015307488978857439,0.07362631582942303,0.2554512157847516,0.07362631582942303,0.2554512157847516,0.0,0.0,0.0,0.07362631582942303,0.2554512157847516,0.0,0.0,1.8,-0.00356810334056456,0.02085039969933881,0.6718214845243096,0.00025488242158956,1.0023352656211848,0.0,0.19810481947843317,0.0,0.1725583103196892,6.608163381625229,0.2662473035197972,13.98816338162383,0.1725583103196892,0.0,0.09368899320010798,0.0,0.0,0.0,0.0,-2.450257249979132e-09,1.002491880919479,0.0,0.0,0.0,0.0,0.0,0.0,0.00025488242158956,1.0023352656211848,0.02059551727774925,0.33051378109687546,1.8,-0.00356810334056456,0.02085039969933881,0.6718214845243096,0.00025488242158956,1.0023352656211848,0.0,0.19810481947843317,0.0,0.1725583103196892,6.608163381625229,0.2662473035197972,13.98816338162383,0.1204178910021714,7.352647355611156,0.1204178910021714,7.352647355611156,0.1204178910021714,0.0,0.0,0.0,0.0,0.0,0.0,-2.450257249979132e-09,1.002491880919479,0.0,0.0,0.0,0.0,0.0,0.0,0.00025488242158956,1.0023352656211848,0.02059551727774925,0.33051378109687546
5.310886,1.8,0.1079051,0.6563023,0.201529,0.043956705170980076,1.8,-0.002933656632838464,0.0005230322148272078,1.0039878212219249,1.8,-0.014972098185431038,0.07339188578059941,0.25589301729567054,0.07339188578059941,0.25589301729567054,0.0,0.0,0.0,0.07339188578059941,0.25589301729567054,0.0,0.0,1.8,-0.003461610851026766,0.020260440213560497,0.6812705061914504,0.0004281216951941436,1.00222881787356,0.0,0.18467917658791555,0.0,0.1725583103196892,6.608163381625229,0.2662473035197972,13.98816338162383,0.1725583103196892,0.0,0.09368899320010798,0.0,0.0,0.0,0.0,-2.450257249979132e-09,1.002491880919479,0.0,0.0,0.0,0.0,0.0,0.0,0.0004281216951941436,1.00222881787356,0.019832318518366355,0.32095831168210937,1.8,-0.003461610851026766,0.020260440213560497,0.6812705061914504,0.0004281216951941436,1.00222881787356,0.0,0.18467917658791555,0.0,0.1725583103196892,6.608163381625229,0.2662473035197972,13.98816338162383,0.1204178910021714,7.352647355611156,0.1204178910021714,7.352647355611156,0.1204178910021714,0.0,0.0,0.0,0.0,0.0,0.0,-2.450257249979132e-09,1.002491880919479,0.0,0.0,0.0,0.0,0.0,0.0,0.0004281216951941436,1.00222881787356,0.019832318518366355,0.32095831168210937
5.311037,1.8,0.1100882,0.6758156,0.2135076,0.04546241675622492,1.8,-0.002937892293670009,-0.043095208490056096,0.8835903538519456,1.8,-0.014628592397524839,0.07345629942476568,0.2557716248143769,0.07345629942476568,0.2557716248143769,0.0,0.0,0.0,0.07345629942476568,0.2557716248143769,0.0,0.0,1.8,-0.003354014583575902,0.01973930410560879,0.6858747504819436,0.17853630738953205,0.19158489121501188,0.0,0.1712302842676705,0.0,0.1725583103196892,6.608163381625229,0.2662473035197972,13.98816338162383,0.1725583103196892,0.0,0.09368899320010798,0.0,0.0,0.0,0.0,-2.450257249979132e-09,1.002491880919479,0.0,0.0,0.0,0.0,0.0,0.0,0.17853630738953205,0.19158489121501188,0.1591062743084155,0.4942898592669317,1.8,-0.003354014583575902,0.01973930410560879,0.6858747504819436,0.17853630738953205,0.19158489121501188,0.0,0.1712302842676705,0.0,0.1725583103196892,6.608163381625229,0.2662473035197972,13.98816338162383,0.1204178910021714,7.352647355611156,0.1204178910021714,7.352647355611156,0.1204178910021714,0.0,0.0,0.0,0.0,0.0,0.0,-2.450257249979132e-09,1.002491880919479,0.0,0.0,0.0,0.0,0.0,0.0,0.17853630738953205,0.19158489121501188,0.1591062743084155,0.4942898592669317
5.311223,1.8,0.1128445,0.6998005,0.2282312,0.04731713433805468,1.8,-0.002390493406747272,0.10477490680695203,0.2370011100603568,1.8,-0.014205466062751824,0.07353564338380514,0.2556220950029817,0.07353564338380514,0.2556220950029817,0.0,0.0,0.0,0.07353564338380514,0.2556220950029817,0.0,0.0,1.8,-0.0032126767928145356,0.02304792031962527,0.67019890741269,0.04197304862219189,0.3151042395666209,0.0,0.15407053642982876,0.0,0.1725583103196892,6.608163381625229,0.2662473035197972,13.98816338162383,0.1725583103196892,0.0,0.09368899320010798,0.0,0.0,0.0,0.0,-2.450257249979132e-09,1.002491880919479,0.0,0.0,0.0,0.0,0.0,0.0,0.04197304862219189,0.3151042395666209,0.018925128302566614,0.355094667846069,1.8,-0.0032126767928145356,0.02304792031962527,0.67019890741269,0.04197304862219189,0.3151042395666209,0.0,0.15407053642982876,0.0,0.1725583103196892,6.608163381625229,0.2662473035197972,13.98816338162383,0.1204178910021714,7.352647355611156,0.1204178910021714,7.352647355611156,0.1204178910021714,0.0,0.0,0.0,0.0,0.0,0.0,-2.450257249979132e-09,1.002491880919479,0.0,0.0,0.0,0.0,0.0,0.0,0.04197304862219189,0.3151042395666209,0.018925128302566614,0.355094667846069
5.311369,1.8,0.1150345,0.7036083,0.226848,0.048772987923789916,1.8,-0.0021551943867406014,0.027150785631400907,0.3430379375606393,1.8,-0.013873334638683163,0.07359792412584679,0.2555047221402738,0.07359792412584679,0.2555047221402738,0.0,0.0,0.0,0.07359792412584679,0.2555047221402738,0.0,0.0,1.8,-0.0030975200456568454,0.02433967625711046,0.6586545701662979,0.08192815812252677,0.24413942845691491,0.0,0.1404064845233159,0.0,0.1725583103196892,6.608163381625229,0.2662473035197972,13.98816338162383,0.1725583103196892,0.0,0.09368899320010798,0.0,0.0,0.0,0.0,-2.450257249979132e-09,1.002491880919479,0.0,0.0,0.0,0.0,0.0,0.0,0.08192815812252677,0.24413942845691491,0.0575884818654163,0.41451514170938303,1.8,-0.0030975200456568454,0.02433967625711046,0.6586545701662979,0.08192815812252677,0.24413942845691491,0.0,0.1404064845233159,0.0,0.1725583103196892,6.608163381625229,0.2662473035197972,13.98816338162383,0.1204178910021714,7.352647355611156,0.1204178910021714,7.352647355611156,0.1204178910021714,0.0,0.0,0.0,0.0,0.0,0.0,-2.450257249979132e-09,1.002491880919479,0.0,0.0,0.0,0.0,0.0,0.0,0.08192815812252677,0.24413942845691491,0.0575884818654163,0.41451514170938303
5.311559,1.8,0.1179043,0.7041669,0.2212213,0.05066759190522558,1.8,-0.0018985699749336992,0.07221460358781528,0.2613340206255732,1.8,-0.01344110881284052,0.07367897440658588,0.2553519766340102,0.07367897440658588,0.2553519766340102,0.0,0.0,0.0,0.07367897440658588,0.2553519766340102,0.0,0.0,1.8,-0.0029410523972369204,0.026346063786309375,0.6433644912453089,0.07561730508786718,0.2516990429425032,0.0,0.12227460585105762,0.0,0.1725583103196892,6.608163381625229,0.2662473035197972,13.98816338162383,0.1725583103196892,0.0,0.09368899320010798,0.0,0.0,0.0,0.0,-2.450257249979132e-09,1.002491880919479,0.0,0.0,0.0,0.0,0.0,0.0,0.07561730508786718,0.2516990429425032,0.0492712413015578,0.39166544830280564,1.8,-0.0029410523972369204,0.026346063786309375,0.6433644912453089,0.07561730508786718,0.2516990429425032,0.0,0.12227460585105762,0.0,0.1725583103196892,6.608163381625229,0.2662473035197972,13.98816338162383,0.1204178910021714,7.352647355611156,0.1204178910021714,7.352647355611156,0.1204178910021714,0.0,0.0,0.0,0.0,0.0,0.0,-2.450257249979132e-09,1.002491880919479,0.0,0.0,0.0,0.0,0.0,0.0,0.07561730508786718,0.2516990429425032,0.0492712413015578,0.39166544830280564
5.311772,1.8,0.1211059,0.7045598,0.2148362,0.05279154268441957,1.8,-0.00144781220191989,0.08831235771228303,0.24025962539258577,1.8,-0.012956560913341969,0.0737698360370989,0.25518074088225107,0.0737698360370989,0.25518074088225107,0.0,0.0,0.0,0.0737698360370989,0.25518074088225107,0.0,0.0,1.8,-0.0027572356991278604,0.028301561993918586,0.627283160679225,0.07165908526127074,0.2591586135424028,0.0,0.10155899947688068,0.0,0.1725583103196892,6.608163381625229,0.2662473035197972,13.98816338162383,0.1725583103196892,0.0,0.09368899320010798,0.0,0.0,0.0,0.0,-2.450257249979132e-09,1.002491880919479,0.0,0.0,0.0,0.0,0.0,0.0,0.07165908526127074,0.2591586135424028,0.04335752326735216,0.3681245471368221,1.8,-0.0027572356991278604,0.028301561993918586,0.627283160679225,0.07165908526127074,0.2591586135424028,0.0,0.10155899947688068,0.0,0.1725583103196892,6.608163381625229,0.2662473035197972,13.98816338162383,0.1204178910021714,7.352647355611156,0.1204178910021714,7.352647355611156,0.1204178910021714,0.0,0.0,0.0,0.0,0.0,0.0,-2.450257249979132e-09,1.002491880919479,0.0,0.0,0.0,0.0,0.0,0.0,0.07165908526127074,0.2591586135424028,0.04335752326735216,0.3681245471368221
5.312104,1.8,0.1260963,0.7047453,0.204683,0.056102113851975714,1.8,-0.0007520364432039797,0.07411868319666746,0.2545233115000097,1.8,-0.01222680119109256,0.07382938655303159,0.2550685133412551,0.07382938655303159,0.2550685133412551,0.0,0.0,0.0,0.07382938655303159,0.2550685133412551,0.0,0.0,1.8,-0.0024578226208378786,0.031150052785114995,0.6034805527666067,0.07193410582751415,0.25864031607025834,0.0,0.06876637207163515,0.0,0.1725583103196892,6.608163381625229,0.2662473035197972,13.98816338162383,0.1725583103196892,0.0,0.09368899320010798,0.0,0.0,0.0,0.0,-2.450257249979132e-09,1.002491880919479,0.0,0.0,0.0,0.0,0.0,0.0,0.07193410582751415,0.25864031607025834,0.040784053042399154,0.34484023669634833,1.8,-0.0024578226208378786,0.031150052785114995,0.6034805527666067,0.07193410582751415,0.25864031607025834,0.0,0.06876637207163515,0.0,0.1725583103196892,6.608163381625229,0.2662473035197972,13.98816338162383,0.1204178910021714,7.352647355611156,0.1204178910021714,7.352647355611156,0.1204178910021714,0.0,0.0,0.0,0.0,0.0,0.0,-2.450257249979132e-09,1.002491880919479,0.0,0.0,0.0,0.0,0.0,0.0,0.07193410582751415,0.25864031607025834,0.040784053042399154,0.34484023669634833
5.313165,1.8,0.141963,0.698776,0.1689069,0.06668198134831321,1.8,0.0012235941451749117,0.07167444624385222,0.25912966458578257,1.8,-0.009898196321403853,0.07400827360075052,0.2547313869005,0.07400827360075052,0.2547313869005,0.0,0.0,0.0,0.07400827360075052,0.2547313869005,0.0,0.0,1.8,-0.0013911046034224095,0.03936580407110418,0.53675232600313,0.0748260021491434,0.25319031437155726,0.0,0.03933040916603631,0.0,0.1725583103196892,6.608163381625229,0.2662473035197972,13.98816338162383,0.1725583103196892,0.0,0.09368899320010798,0.0,0.0,0.0,0.0,-2.450257249979132e-09,1.002491880919479,0.0,0.0,0.0,0.0,0.0,0.0,0.0748260021491434,0.25319031437155726,0.03546019807803921,0.2835620116315728,1.8,-0.0013911046034224095,0.03936580407110418,0.53675232600313,0.0748260021491434,0.25319031437155726,0.0,0.03933040916603631,0.0,0.1725583103196892,6.608163381625229,0.2662473035197972,13.98816338162383,0.1204178910021714,7.352647355611156,0.1204178910021714,7.352647355611156,0.1204178910021714,0.0,0.0,0.0,0.0,0.0,0.0,-2.450257249979132e-09,1.002491880919479,0.0,0.0,0.0,0.0,0.0,0.0,0.0748260021491434,0.25319031437155726,0.03546019807803921,0.2835620116315728
5.314674,1.8,0.1641105,0.6781445,0.1127878,0.0817291256008845,1.8,0.003951338807402351,0.07420662368131226,0.25435758087297716,1.8,-0.006703374033238507,0.07402230974315754,0.2547049347073872,0.07402230974315754,0.2547049347073872,0.0,0.0,0.0,0.07402230974315754,0.2547049347073872,0.0,0.0,1.8,0.0003605419021502296,0.04831290304357366,0.4642036504526922,0.07408911488323612,0.2545790352675679,0.0,0.19452171435387194,0.0,0.1725583103196892,6.608163381625229,0.2662473035197972,13.98816338162383,0.1725583103196892,0.0,0.09368899320010798,0.0,0.0,0.0,0.0,-2.450257249979132e-09,1.002491880919479,0.0,0.0,0.0,0.0,0.0,0.0,0.07408911488323612,0.2545790352675679,0.025776211839662458,0.20962461518512435,1.8,0.0003605419021502296,0.04831290304357366,0.4642036504526922,0.07408911488323612,0.2545790352675679,0.0,0.19452171435387194,0.0,0.1725583103196892,6.608163381625229,0.2662473035197972,13.98816338162383,0.1204178910021714,7.352647355611156,0.1204178910021714,7.352647355611156,0.1204178910021714,0.0,0.0,0.0,0.0,0.0,0.0,-2.450257249979132e-09,1.002491880919479,0.0,0.0,0.0,0.0,0.0,0.0,0.07408911488323612,0.2545790352675679,0.025776211839662458,0.20962461518512435
5.3152099999999995,1.8,0.1718413,0.6685617,0.09219909,0.08830059357142811,1.8,0.004893249138453323,0.07437772213874641,0.2540351326314246,1.8,-0.005586837085673882,0.07398976340253179,0.2547662707969178,0.07398976340253179,0.2547662707969178,0.0,0.0,0.0,0.07398976340253179,0.2547662707969178,0.0,0.0,1.8,0.0010275797390629675,0.05090836277261536,0.4430281898302294,0.07395213825286076,0.25483717829387387,0.0,0.24878211039402137,0.0,0.1725583103196892,6.608163381625229,0.2662473035197972,13.98816338162383,0.1725583103196892,0.0,0.09368899320010798,0.0,0.0,0.0,0.0,-2.450257249979132e-09,1.002491880919479,0.0,0.0,0.0,0.0,0.0,0.0,0.07395213825286076,0.25483717829387387,0.023043775480245398,0.18819101153635562,1.8,0.0010275797390629675,0.05090836277261536,0.4430281898302294,0.07395213825286076,0.25483717829387387,0.0,0.24878211039402137,0.0,0.1725583103196892,6.608163381625229,0.2662473035197972,13.98816338162383,0.1204178910021714,7.352647355611156,0.1204178910021714,7.352647355611156,0.1204178910021714,0.0,0.0,0.0,0.0,0.0,0.0,-2.450257249979132e-09,1.002491880919479,0.0,0.0,0.0,0.0,0.0,0.0,0.07395213825286076,0.25483717829387387,0.023043775480245398,0.18819101153635562
5.315639,1.8,0.1779734,0.6603996,0.07571329,0.09357698714286249,1.8,0.005638637737513743,0.07431483580478927,0.25415364677881214,1.8,-0.004694468937067485,0.07396450268855785,0.25481387656101057,0.07396450268855785,0.25481387656101057,0.0,0.0,0.0,0.07396450268855785,0.25481387656101057,0.0,0.0,1.8,0.001561458903309564,0.05298569901097593,0.42607992004094597,0.07384250583787726,0.2550437890369438,0.0,0.2922106736426666,0.0,0.1725583103196892,6.608163381625229,0.2662473035197972,13.98816338162383,0.1725583103196892,0.0,0.09368899320010798,0.0,0.0,0.0,0.0,-2.450257249979132e-09,1.002491880919479,0.0,0.0,0.0,0.0,0.0,0.0,0.07384250583787726,0.2550437890369438,0.020856806826901324,0.17103613100400222,1.8,0.001561458903309564,0.05298569901097593,0.42607992004094597,0.07384250583787726,0.2550437890369438,0.0,0.2922106736426666,0.0,0.1725583103196892,6.608163381625229,0.2662473035197972,13.98816338162383,0.1204178910021714,7.352647355611156,0.1204178910021714,7.352647355611156,0.1204178910021714,0.0,0.0,0.0,0.0,0.0,0.0,-2.450257249979132e-09,1.002491880919479,0.0,0.0,0.0,0.0,0.0,0.0,0.07384250583787726,0.2550437890369438,0.020856806826901324,0.17103613100400222
5.315982,1.8,0.182845,0.6533344,0.06232437,0.09779564214286242,1.8,0.006234601116249031,0.07426455605526182,0.2542484028453713,1.8,-0.004013087444778405,0.07396410873051448,0.2548146190053333,0.07396410873051448,0.2548146190053333,0.0,0.0,0.0,0.07396410873051448,0.2548146190053333,0.0,0.0,1.8,0.0020015352370575043,0.05446486828465759,0.4140132758344108,0.07380958387897543,0.25510583300809087,0.0,0.3261138453503565,0.0,0.1725583103196892,6.608163381625229,0.2662473035197972,13.98816338162383,0.1725583103196892,0.0,0.09368899320010798,0.0,0.0,0.0,0.0,-2.450257249979132e-09,1.002491880919479,0.0,0.0,0.0,0.0,0.0,0.0,0.07380958387897543,0.25510583300809087,0.01934471559431785,0.15890744282631994,1.8,0.0020015352370575043,0.05446486828465759,0.4140132758344108,0.07380958387897543,0.25510583300809087,0.0,0.3261138453503565,0.0,0.1725583103196892,6.608163381625229,0.2662473035197972,13.98816338162383,0.1204178910021714,7.352647355611156,0.1204178910021714,7.352647355611156,0.1204178910021714,0.0,0.0,0.0,0.0,0.0,0.0,-2.450257249979132e-09,1.002491880919479,0.0,0.0,0.0,0.0,0.0,0.0,0.07380958387897543,0.25510583300809087,0.01934471559431785,0.15890744282631994
5.316256,1.8,0.1867306,0.6526682,0.05616725,0.10116564642857814,1.8,0.006710676818212708,0.07422439089091627,0.25432409719591714,1.8,-0.003468776864932077,0.07396379402350607,0.2548152120949672,0.07396379402350607,0.2548152120949672,0.0,0.0,0.0,0.07396379402350607,0.2548152120949672,0.0,0.0,1.8,0.0023682640469118443,0.055437820811236424,0.40607799355968444,0.07384612719408169,0.25503696431182543,0.0,0.352255999821739,0.0,0.1725583103196892,6.608163381625229,0.2662473035197972,13.98816338162383,0.1725583103196892,0.0,0.09368899320010798,0.0,0.0,0.0,0.0,-2.450257249979132e-09,1.002491880919479,0.0,0.0,0.0,0.0,0.0,0.0,0.07384612719408169,0.25503696431182543,0.018408306382845276,0.15104102924785906,1.8,0.0023682640469118443,0.055437820811236424,0.40607799355968444,0.07384612719408169,0.25503696431182543,0.0,0.352255999821739,0.0,0.1725583103196892,6.608163381625229,0.2662473035197972,13.98816338162383,0.1204178910021714,7.352647355611156,0.1204178910021714,7.352647355611156,0.1204178910021714,0.0,0.0,0.0,0.0,0.0,0.0,-2.450257249979132e-09,1.002491880919479,0.0,0.0,0.0,0.0,0.0,0.0,0.07384612719408169,0.25503696431182543,0.018408306382845276,0.15104102924785906
5.316388,1.8,0.1886039,0.656626,0.05705135,0.10278915214286144,1.8,0.006940027156384552,0.07420504124969873,0.25436056308742094,1.8,-0.003206554249824129,0.07396364241283049,0.2548154978169806,0.07396364241283049,0.2548154978169806,0.0,0.0,0.0,0.07396364241283049,0.2548154978169806,0.0,0.0,1.8,0.002544936320271991,0.05590654246637569,0.40225515684340024,0.07386373200281898,0.2550037866917268,0.0,0.3648500304429648,0.0,0.1725583103196892,6.608163381625229,0.2662473035197972,13.98816338162383,0.1725583103196892,0.0,0.09368899320010798,0.0,0.0,0.0,0.0,-2.450257249979132e-09,1.002491880919479,0.0,0.0,0.0,0.0,0.0,0.0,0.07386373200281898,0.2550037866917268,0.017957189536443294,0.1472513701516735,1.8,0.002544936320271991,0.05590654246637569,0.40225515684340024,0.07386373200281898,0.2550037866917268,0.0,0.3648500304429648,0.0,0.1725583103196892,6.608163381625229,0.2662473035197972,13.98816338162383,0.1204178910021714,7.352647355611156,0.1204178910021714,7.352647355611156,0.1204178910021714,0.0,0.0,0.0,0.0,0.0,0.0,-2.450257249979132e-09,1.002491880919479,0.0,0.0,0.0,0.0,0.0,0.0,0.07386373200281898,0.2550037866917268,0.017957189536443294,0.1472513701516735
5.316489,1.8,0.1900426,0.6596535,0.05772764,0.1040313800000032,1.8,0.007115514915137355,0.0741902358424035,0.2543884650195564,1.8,-0.00300591421856717,0.07396352640769235,0.2548157164376121,0.07396352640769235,0.2548157164376121,0.0,0.0,0.0,0.07396352640769235,0.2548157164376121,0.0,0.0,1.8,0.0026801173779188513,0.05626518555099005,0.3993301075377568,0.07387720234889829,0.2549784007854392,0.0,0.3744863720546662,0.0,0.1725583103196892,6.608163381625229,0.2662473035197972,13.98816338162383,0.1725583103196892,0.0,0.09368899320010798,0.0,0.0,0.0,0.0,-2.450257249979132e-09,1.002491880919479,0.0,0.0,0.0,0.0,0.0,0.0,0.07387720234889829,0.2549784007854392,0.017612016797908237,0.14435170675231762,1.8,0.0026801173779188513,0.05626518555099005,0.3993301075377568,0.07387720234889829,0.2549784007854392,0.0,0.3744863720546662,0.0,0.1725583103196892,6.608163381625229,0.2662473035197972,13.98816338162383,0.1204178910021714,7.352647355611156,0.1204178910021714,7.352647355611156,0.1204178910021714,0.0,0.0,0.0,0.0,0.0,0.0,-2.450257249979132e-09,1.002491880919479,0.0,0.0,0.0,0.0,0.0,0.0,0.07387720234889829,0.2549784007854392,0.017612016797908237,0.14435170675231762
5.316565,1.8,0.1911294,0.6621553,0.05843227,0.10496612571428851,1.8,0.007247565109842495,0.0741790951398843,0.25440946053284647,1.8,-0.002854937561383646,0.07396343911669732,0.25481588094422586,0.07396343911669732,0.25481588094422586,0.0,0.0,0.0,0.07396343911669732,0.25481588094422586,0.0,0.0,1.8,0.002781837777732377,0.0565350555948584,0.3971290803374696,0.07388733845089855,0.25495929851932175,0.0,0.3817374805941675,0.0,0.1725583103196892,6.608163381625229,0.2662473035197972,13.98816338162383,0.1725583103196892,0.0,0.09368899320010798,0.0,0.0,0.0,0.0,-2.450257249979132e-09,1.002491880919479,0.0,0.0,0.0,0.0,0.0,0.0,0.07388733845089855,0.25495929851932175,0.017352282856040152,0.14216978181814785,1.8,0.002781837777732377,0.0565350555948584,0.3971290803374696,0.07388733845089855,0.25495929851932175,0.0,0.3817374805941675,0.0,0.1725583103196892,6.608163381625229,0.2662473035197972,13.98816338162383,0.1204178910021714,7.352647355611156,0.1204178910021714,7.352647355611156,0.1204178910021714,0.0,0.0,0.0,0.0,0.0,0.0,-2.450257249979132e-09,1.002491880919479,0.0,0.0,0.0,0.0,0.0,0.0,0.07388733845089855,0.25495929851932175,0.017352282856040152,0.14216978181814785
5.316625999999999,1.8,0.1920113,0.6877874,0.07981813,0.1057163821428556,1.8,0.0073535527661184215,0.07417015326023078,0.2544263121948292,1.8,-0.002733758928644888,0.07396336905418815,0.25481601298242906,0.07396336905418815,0.25481601298242906,0.0,0.0,0.0,0.07396336905418815,0.25481601298242906,0.0,0.0,1.8,0.0028634817828454267,0.05675166181427789,0.39536246640040645,0.07389547400645136,0.25494396643730655,0.0,0.38755744929031505,0.0,0.1725583103196892,6.608163381625229,0.2662473035197972,13.98816338162383,0.1725583103196892,0.0,0.09368899320010798,0.0,0.0,0.0,0.0,-2.450257249979132e-09,1.002491880919479,0.0,0.0,0.0,0.0,0.0,0.0,0.07389547400645136,0.25494396643730655,0.017143812192173466,0.14041849996309994,1.8,0.0028634817828454267,0.05675166181427789,0.39536246640040645,0.07389547400645136,0.25494396643730655,0.0,0.38755744929031505,0.0,0.1725583103196892,6.608163381625229,0.2662473035197972,13.98816338162383,0.1204178910021714,7.352647355611156,0.1204178910021714,7.352647355611156,0.1204178910021714,0.0,0.0,0.0,0.0,0.0,0.0,-2.450257249979132e-09,1.002491880919479,0.0,0.0,0.0,0.0,0.0,0.0,0.07389547400645136,0.25494396643730655,0.017143812192173466,0.14041849996309994
5.316698000000001,1.8,0.1930835,0.7181149,0.1051216,0.10660193071429874,1.8,0.007478652950578035,0.07415959891047558,0.25444620268110435,1.8,-0.002590728411310714,0.07396328635745603,0.2548161688308,0.07396328635745603,0.2548161688308,0.0,0.0,0.0,0.07396328635745603,0.2548161688308,0.0,0.0,1.8,0.002959848477407236,0.05700732817163117,0.3932772827369413,0.07390507662939914,0.25492586955361607,0.0,0.3944269205383797,0.0,0.1725583103196892,6.608163381625229,0.2662473035197972,13.98816338162383,0.1725583103196892,0.0,0.09368899320010798,0.0,0.0,0.0,0.0,-2.450257249979132e-09,1.002491880919479,0.0,0.0,0.0,0.0,0.0,0.0,0.07390507662939914,0.25492586955361607,0.01689774845776797,0.13835141318332525,1.8,0.002959848477407236,0.05700732817163117,0.3932772827369413,0.07390507662939914,0.25492586955361607,0.0,0.3944269205383797,0.0,0.1725583103196892,6.608163381625229,0.2662473035197972,13.98816338162383,0.1204178910021714,7.352647355611156,0.1204178910021714,7.352647355611156,0.1204178910021714,0.0,0.0,0.0,0.0,0.0,0.0,-2.450257249979132e-09,1.002491880919479,0.0,0.0,0.0,0.0,0.0,0.0,0.07390507662939914,0.25492586955361607,0.01689774845776797,0.13835141318332525
5.316767,1.8,0.1941371,0.7471004,0.1293053,0.10745058142857203,1.8,0.007598540627348103,0.07414948432529382,0.2544652643971175,1.8,-0.0024536574988697274,0.07396320710642106,0.25481631818548883,0.07396320710642106,0.25481631818548883,0.0,0.0,0.0,0.07396320710642106,0.25481631818548883,0.0,0.0,1.8,0.003052199893026097,0.05725234176408711,0.3912789817261827,0.07391427914305715,0.2549085267067466,0.0,0.40101016381757015,0.0,0.1725583103196892,6.608163381625229,0.2662473035197972,13.98816338162383,0.1725583103196892,0.0,0.09368899320010798,0.0,0.0,0.0,0.0,-2.450257249979132e-09,1.002491880919479,0.0,0.0,0.0,0.0,0.0,0.0,0.07391427914305715,0.2549085267067466,0.01666193737897004,0.13637045501943615,1.8,0.003052199893026097,0.05725234176408711,0.3912789817261827,0.07391427914305715,0.2549085267067466,0.0,0.40101016381757015,0.0,0.1725583103196892,6.608163381625229,0.2662473035197972,13.98816338162383,0.1204178910021714,7.352647355611156,0.1204178910021714,7.352647355611156,0.1204178910021714,0.0,0.0,0.0,0.0,0.0,0.0,-2.450257249979132e-09,1.002491880919479,0.0,0.0,0.0,0.0,0.0,0.0,0.07391427914305715,0.2549085267067466,0.01666193737897004,0.13637045501943615
5.316987,1.8,0.197687,0.8342946,0.2017295,0.11028205215736775,1.8,0.00796934898971984,0.07411034277691829,0.2545390296644062,1.8,-0.0020166198070213836,0.07396295442196175,0.2548167943888445,0.07396295442196175,0.2548167943888445,0.0,0.0,0.0,0.07396295442196175,0.2548167943888445,0.0,0.0,1.8,0.0033466536819608634,0.05803354452265572,0.38490758719901663,0.07394362049095275,0.2548532306732486,0.0,0.4220002148530313,0.0,0.1725583103196892,6.608163381625229,0.2662473035197972,13.98816338162383,0.1725583103196892,0.0,0.09368899320010798,0.0,0.0,0.0,0.0,-2.450257249979132e-09,1.002491880919479,0.0,0.0,0.0,0.0,0.0,0.0,0.07394362049095275,0.2548532306732486,0.015910075968297036,0.13005435652576802,1.8,0.0033466536819608634,0.05803354452265572,0.38490758719901663,0.07394362049095275,0.2548532306732486,0.0,0.4220002148530313,0.0,0.1725583103196892,6.608163381625229,0.2662473035197972,13.98816338162383,0.1204178910021714,7.352647355611156,0.1204178910021714,7.352647355611156,0.1204178910021714,0.0,0.0,0.0,0.0,0.0,0.0,-2.450257249979132e-09,1.002491880919479,0.0,0.0,0.0,0.0,0.0,0.0,0.07394362049095275,0.2548532306732486,0.015910075968297036,0.13005435652576802
5.3170530000000005,1.8,0.1987887,0.834754,0.200516,0.11117202614214344,1.8,0.008079375443611828,0.07409786782854166,0.2545625396669382,1.8,-0.0018855084994665273,0.07396287861662397,0.2548169372498512,0.07396287861662397,0.2548169372498512,0.0,0.0,0.0,0.07396287861662397,0.2548169372498512,0.0,0.0,1.8,0.003434989818641531,0.058267905350226926,0.38299616884086163,0.07395242289532145,0.2548366418631992,0.0,0.4282972301636866,0.0,0.1725583103196892,6.608163381625229,0.2662473035197972,13.98816338162383,0.1725583103196892,0.0,0.09368899320010798,0.0,0.0,0.0,0.0,-2.450257249979132e-09,1.002491880919479,0.0,0.0,0.0,0.0,0.0,0.0,0.07395242289532145,0.2548366418631992,0.015684517545094527,0.12815952697766247,1.8,0.003434989818641531,0.058267905350226926,0.38299616884086163,0.07395242289532145,0.2548366418631992,0.0,0.4282972301636866,0.0,0.1725583103196892,6.608163381625229,0.2662473035197972,13.98816338162383,0.1204178910021714,7.352647355611156,0.1204178910021714,7.352647355611156,0.1204178910021714,0.0,0.0,0.0,0.0,0.0,0.0,-2.450257249979132e-09,1.002491880919479,0.0,0.0,0.0,0.0,0.0,0.0,0.07395242289532145,0.2548366418631992,0.015684517545094527,0.12815952697766247
5.317079,1.8,0.1992242,0.8349356,0.2000363,0.1115226219543151,1.8,0.008122719198173766,0.07409295345493892,0.25457180118308687,1.8,-0.0018342448449042168,0.07396286231257027,0.25481696797609815,0.07396286231257027,0.25481696797609815,0.0,0.0,0.0,0.07396286231257027,0.25481696797609815,0.0,0.0,1.8,0.0034697889027871997,0.058360229312600126,0.38224318585131273,0.07395589050916354,0.2548301068774224,0.0,0.4307778725587033,0.0,0.1725583103196892,6.608163381625229,0.2662473035197972,13.98816338162383,0.1725583103196892,0.0,0.09368899320010798,0.0,0.0,0.0,0.0,-2.450257249979132e-09,1.002491880919479,0.0,0.0,0.0,0.0,0.0,0.0,0.07395589050916354,0.2548301068774224,0.015595661196563422,0.12741307897389037,1.8,0.0034697889027871997,0.058360229312600126,0.38224318585131273,0.07395589050916354,0.2548301068774224,0.0,0.4307778725587033,0.0,0.1725583103196892,6.608163381625229,0.2662473035197972,13.98816338162383,0.1204178910021714,7.352647355611156,0.1204178910021714,7.352647355611156,0.1204178910021714,0.0,0.0,0.0,0.0,0.0,0.0,-2.450257249979132e-09,1.002491880919479,0.0,0.0,0.0,0.0,0.0,0.0,0.07395589050916354,0.2548301068774224,0.015595661196563422,0.12741307897389037
5.317162,1.8,0.200618,0.8355166,0.1985013,0.11264183166243702,1.8,0.008261085799279729,0.07407726526228355,0.25460136679233153,1.8,-0.0016757596494314667,0.07396299154216332,0.2548167244329613,0.07396299154216332,0.2548167244329613,0.0,0.0,0.0,0.07396299154216332,0.2548167244329613,0.0,0.0,1.8,0.003580878286794202,0.05865495580787773,0.3798394324615227,0.07396696019950595,0.2548092451920573,0.0,0.43869684635843087,0.0,0.1725583103196892,6.608163381625229,0.2662473035197972,13.98816338162383,0.1725583103196892,0.0,0.09368899320010798,0.0,0.0,0.0,0.0,-2.450257249979132e-09,1.002491880919479,0.0,0.0,0.0,0.0,0.0,0.0,0.07396696019950595,0.2548092451920573,0.015312004391628223,0.12503018726946544,1.8,0.003580878286794202,0.05865495580787773,0.3798394324615227,0.07396696019950595,0.2548092451920573,0.0,0.43869684635843087,0.0,0.1725583103196892,6.608163381625229,0.2662473035197972,13.98816338162383,0.1204178910021714,7.352647355611156,0.1204178910021714,7.352647355611156,0.1204178910021714,0.0,0.0,0.0,0.0,0.0,0.0,-2.450257249979132e-09,1.002491880919479,0.0,0.0,0.0,0.0,0.0,0.0,0.07396696019950595,0.2548092451920573,0.015312004391628223,0.12503018726946544
5.317428,1.8,0.2050807,0.8373396,0.1935506,0.11622869651014904,1.8,0.008704525749811585,0.07402698744003862,0.25469611922677826,1.8,-0.0011678432398446715,0.07396340569965427,0.2548159439212215,0.07396340569965427,0.2548159439212215,0.0,0.0,0.0,0.07396340569965427,0.2548159439212215,0.0,0.0,1.8,0.003939774175975597,0.059551517217391645,0.37252629934937115,0.07399472017254154,0.25475692938147015,0.0,0.4636673026303126,0.0,0.1725583103196892,6.608163381625229,0.2662473035197972,13.98816338162383,0.1725583103196892,0.0,0.09368899320010798,0.0,0.0,0.0,0.0,-2.450257249979132e-09,1.002491880919479,0.0,0.0,0.0,0.0,0.0,0.0,0.07399472017254154,0.25475692938147015,0.014443202955149892,0.117769369967901,1.8,0.003939774175975597,0.059551517217391645,0.37252629934937115,0.07399472017254154,0.25475692938147015,0.0,0.4636673026303126,0.0,0.1725583103196892,6.608163381625229,0.2662473035197972,13.98816338162383,0.1204178910021714,7.352647355611156,0.1204178910021714,7.352647355611156,0.1204178910021714,0.0,0.0,0.0,0.0,0.0,0.0,-2.450257249979132e-09,1.002491880919479,0.0,0.0,0.0,0.0,0.0,0.0,0.07399472017254154,0.25475692938147015,0.014443202955149892,0.117769369967901
5.318281000000001,1.8,0.219387,0.8421226,0.1767688,0.12773093604061414,1.8,0.010107295520689294,0.07395348505630911,0.25483464013888346,1.8,0.0004609262991714801,0.07396473380619484,0.25481344100199577,0.07396473380619484,0.25481344100199577,0.0,0.0,0.0,0.07396473380619484,0.25481344100199577,0.0,0.0,1.8,0.005130249937558617,0.0617658683606117,0.3544512550643125,0.07397748916083076,0.25478940255223764,0.0,0.5381179453586854,0.0,0.1725583103196892,6.608163381625229,0.2662473035197972,13.98816338162383,0.1725583103196892,0.0,0.09368899320010798,0.0,0.0,0.0,0.0,-2.450257249979132e-09,1.002491880919479,0.0,0.0,0.0,0.0,0.0,0.0,0.07397748916083076,0.25478940255223764,0.012211620800219052,0.09966185251207495,1.8,0.005130249937558617,0.0617658683606117,0.3544512550643125,0.07397748916083076,0.25478940255223764,0.0,0.5381179453586854,0.0,0.1725583103196892,6.608163381625229,0.2662473035197972,13.98816338162383,0.1204178910021714,7.352647355611156,0.1204178910021714,7.352647355611156,0.1204178910021714,0.0,0.0,0.0,0.0,0.0,0.0,-2.450257249979132e-09,1.002491880919479,0.0,0.0,0.0,0.0,0.0,0.0,0.07397748916083076,0.25478940255223764,0.012211620800219052,0.09966185251207495
5.320237,1.8,0.252484,0.8533551,0.1376143,0.1561261176991096,1.8,0.018795663614862543,-0.04115093767246272,0.6641282710681032,1.8,0.00963216642137052,0.3578196081614729,0.1897780786310206,0.3578196081614729,0.1897780786310206,0.0,0.0,0.0,0.3578196081614729,0.1897780786310206,0.0,0.0,1.8,0.008979122198077444,0.10991730479750288,0.4026613774657913,0.04267110115356551,0.31378870572354506,0.0,0.7991941473869829,0.0,0.1725583103196892,6.608163381625229,0.2662473035197972,13.98816338162383,0.1725583103196892,0.0,0.09368899320010798,0.0,0.0,0.0,0.0,-2.450257249979132e-09,1.002491880919479,0.0,0.0,0.0,0.0,0.0,0.0,0.04267110115356551,0.31378870572354506,0.06724620364393738,0.08887267174224611,1.8,0.008979122198077444,0.10991730479750288,0.4026613774657913,0.04267110115356551,0.31378870572354506,0.0,0.7991941473869829,0.0,0.1725583103196892,6.608163381625229,0.2662473035197972,13.98816338162383,0.1204178910021714,7.352647355611156,0.1204178910021714,7.352647355611156,0.1204178910021714,0.0,0.0,0.0,0.0,0.0,0.0,-2.450257249979132e-09,1.002491880919479,0.0,0.0,0.0,0.0,0.0,0.0,0.04267110115356551,0.31378870572354506,0.06724620364393738,0.08887267174224611
5.3225169999999995,1.8,0.2916845,0.8714327,0.1048597,0.19153960912862542,1.8,0.03020651889049685,0.34963606712973105,0.18836469702936592,1.8,0.02929865626682589,0.3545806333899102,0.18921867441558474,0.3545806333899102,0.18921867441558474,0.0,0.0,0.0,0.3545806333899102,0.18921867441558474,0.0,0.0,1.8,0.014987139099355128,0.16265143302736484,0.39820297285438644,0.35525604338069505,0.18933532465914624,0.0,1.1788265121021542,0.0,0.1725583103196892,6.608163381625229,0.2662473035197972,13.98816338162383,0.1725583103196892,0.0,0.09368899320010798,0.0,0.0,0.0,0.0,-2.450257249979132e-09,1.002491880919479,0.0,0.0,0.0,0.0,0.0,0.0,0.35525604338069505,0.18933532465914624,0.19260461035333026,0.20886764819524017,1.8,0.014987139099355128,0.16265143302736484,0.39820297285438644,0.35525604338069505,0.18933532465914624,0.0,1.1788265121021542,0.0,0.1725583103196892,6.608163381625229,0.2662473035197972,13.98816338162383,0.1204178910021714,7.352647355611156,0.1204178910021714,7.352647355611156,0.1204178910021714,0.0,0.0,0.0,0.0,0.0,0.0,-2.450257249979132e-09,1.002491880919479,0.0,0.0,0.0,0.0,0.0,0.0,0.35525604338069505,0.18933532465914624,0.19260461035333026,0.20886764819524017
5.325011,1.8,0.3353881,0.9287752,0.1249531,0.23209030040772763,1.8,0.05043349055171605,0.35547798491270116,0.18937365624161942,1.8,0.04975137068323363,0.3550808516403756,0.18930506724593502,0.3550808516403756,0.18930506724593502,0.0,0.0,0.0,0.3550808516403756,0.18930506724593502,0.0,0.0,1.8,0.026186730439302894,0.23919789285994067,0.3154621110731527,0.3547677768666397,0.18925099601644832,0.0,1.915275141382306,0.0,0.1725583103196892,6.608163381625229,0.2662473035197972,13.98816338162383,0.1725583103196892,0.0,0.09368899320010798,0.0,0.0,0.0,0.0,-2.450257249979132e-09,1.002491880919479,0.0,0.0,0.0,0.0,0.0,0.0,0.3547677768666397,0.18925099601644832,0.11556988400669899,0.12621111505670435,1.8,0.026186730439302894,0.23919789285994067,0.3154621110731527,0.3547677768666397,0.18925099601644832,0.0,1.915275141382306,0.0,0.1725583103196892,6.608163381625229,0.2662473035197972,13.98816338162383,0.1204178910021714,7.352647355611156,0.1204178910021714,7.352647355611156,0.1204178910021714,0.0,0.0,0.0,0.0,0.0,0.0,-2.450257249979132e-09,1.002491880919479,0.0,0.0,0.0,0.0,0.0,0.0,0.3547677768666397,0.18925099601644832,0.11556988400669899,0.12621111505670435
5.3270800000000005,1.8,0.3730599,0.9798361,0.1044673,0.26694156219083015,1.8,0.06654728172723985,0.35551674849063547,0.1893803511097277,1.8,0.06583486707452708,0.35483060952662854,0.18926184786227743,0.35483060952662854,0.18926184786227743,0.0,0.0,0.0,0.35483060952662854,0.18926184786227743,0.0,0.0,1.8,0.03792495063988399,0.27865725044773243,0.2724019150018958,0.3547136006291551,0.18924163922370907,0.0,2.613515026748476,0.0,0.1725583103196892,6.608163381625229,0.2662473035197972,13.98816338162383,0.1725583103196892,0.0,0.09368899320010798,0.0,0.0,0.0,0.0,-2.450257249979132e-09,1.002491880919479,0.0,0.0,0.0,0.0,0.0,0.0,0.3547136006291551,0.18924163922370907,0.07605635018142262,0.08316027577818672,1.8,0.03792495063988399,0.27865725044773243,0.2724019150018958,0.3547136006291551,0.18924163922370907,0.0,2.613515026748476,0.0,0.1725583103196892,6.608163381625229,0.2662473035197972,13.98816338162383,0.1204178910021714,7.352647355611156,0.1204178910021714,7.352647355611156,0.1204178910021714,0.0,0.0,0.0,0.0,0.0,0.0,-2.450257249979132e-09,1.002491880919479,0.0,0.0,0.0,0.0,0.0,0.0,0.3547136006291551,0.18924163922370907,0.07605635018142262,0.08316027577818672
5.328599,1.8,0.4014444,0.9842214,0.09275784,0.2930836773371091,1.8,0.07790653489876606,0.3548569031589085,0.18926638904267346,1.8,0.07729071269430726,0.36587098946205243,0.19116863488949215,0.36587098946205243,0.19116863488949215,0.0,0.0,0.0,0.36587098946205243,0.19116863488949215,0.0,0.0,1.8,0.04730186791477949,0.29921150595096363,0.2499847445526207,0.3548730845418229,0.18926918373372603,0.0,3.117532231092733,0.0,0.1725583103196892,6.608163381625229,0.2662473035197972,13.98816338162383,0.1725583103196892,0.0,0.09368899320010798,0.0,0.0,0.0,0.0,-2.450257249979132e-09,1.002491880919479,0.0,0.0,0.0,0.0,0.0,0.0,0.3548730845418229,0.18926918373372603,0.05566157859085927,0.06071556081889462,1.8,0.04730186791477949,0.29921150595096363,0.2499847445526207,0.3548730845418229,0.18926918373372603,0.0,3.117532231092733,0.0,0.1725583103196892,6.608163381625229,0.2662473035197972,13.98816338162383,0.1204178910021714,7.352647355611156,0.1204178910021714,7.352647355611156,0.1204178910021714,0.0,0.0,0.0,0.0,0.0,0.0,-2.450257249979132e-09,1.002491880919479,0.0,0.0,0.0,0.0,0.0,0.0,0.3548730845418229,0.18926918373372603,0.05566157859085927,0.06071556081889462
5.330209,1.8,0.4302281,0.9363247,0.08918259,0.3210982854579759,1.8,0.0875539960744588,0.13962445520507286,0.22482988230806192,1.8,0.09687488190035602,0.7360431289247806,0.2371025941716421,0.7360431289247806,0.2371025941716421,0.0,0.0,0.0,0.7360431289247806,0.2371025941716421,0.0,0.0,1.8,0.0575477730069394,0.30480625799629213,0.31166351559944694,0.32969216565953136,0.18492018037161814,0.0,3.6041340837699716,0.0,0.1725583103196892,6.608163381625229,0.2662473035197972,13.98816338162383,0.1725583103196892,0.0,0.09368899320010798,0.0,0.0,0.0,0.0,-2.450257249979132e-09,1.002491880919479,0.0,0.0,0.0,0.0,0.0,0.0,0.32969216565953136,0.18492018037161814,0.0349426410396995,0.12674333522782893,1.8,0.0575477730069394,0.30480625799629213,0.31166351559944694,0.32969216565953136,0.18492018037161814,0.0,3.6041340837699716,0.0,0.1725583103196892,6.608163381625229,0.2662473035197972,13.98816338162383,0.1204178910021714,7.352647355611156,0.1204178910021714,7.352647355611156,0.1204178910021714,0.0,0.0,0.0,0.0,0.0,0.0,-2.450257249979132e-09,1.002491880919479,0.0,0.0,0.0,0.0,0.0,0.0,0.32969216565953136,0.18492018037161814,0.0349426410396995,0.12674333522782893
5.330283,1.8,0.4315023,0.9378423,0.08870446,0.32238591340886713,1.8,0.0873787344916385,0.061453547907584616,0.6149962513393206,1.8,0.09807608452544138,0.7356686740138765,0.23720865416671463,0.7356686740138765,0.23720865416671463,0.0,0.0,0.0,0.7356686740138765,0.23720865416671463,0.0,0.0,1.8,0.05798928451335595,0.3037009385539162,0.3100321064737289,0.17438912941041446,0.20877107793449848,0.0,3.621532695314657,0.0,0.1725583103196892,6.608163381625229,0.2662473035197972,13.98816338162383,0.1725583103196892,0.0,0.09368899320010798,0.0,0.0,0.0,0.0,-2.450257249979132e-09,1.002491880919479,0.0,0.0,0.0,0.0,0.0,0.0,0.17438912941041446,0.20877107793449848,0.12931180914350177,0.1012610285392305,1.8,0.05798928451335595,0.3037009385539162,0.3100321064737289,0.17438912941041446,0.20877107793449848,0.0,3.621532695314657,0.0,0.1725583103196892,6.608163381625229,0.2662473035197972,13.98816338162383,0.1204178910021714,7.352647355611156,0.1204178910021714,7.352647355611156,0.1204178910021714,0.0,0.0,0.0,0.0,0.0,0.0,-2.450257249979132e-09,1.002491880919479,0.0,0.0,0.0,0.0,0.0,0.0,0.17438912941041446,0.20877107793449848,0.12931180914350177,0.1012610285392305
5.330459,1.8,0.4345243,0.9414343,0.08757275,0.32544837988668635,1.8,0.08667606534749545,-0.007367965812913092,1.0053576314166133,1.8,0.10092150678611643,0.7344686661966583,0.2375485424135363,0.7344686661966583,0.2375485424135363,0.0,0.0,0.0,0.7344686661966583,0.2375485424135363,0.0,0.0,1.8,0.05901189751917563,0.2946784465943481,0.31862689846024467,-0.028824238609550863,0.8982558416311212,0.0,3.6597123124745963,0.0,0.1725583103196892,6.608163381625229,0.2662473035197972,13.98816338162383,0.1725583103196892,0.0,0.09368899320010798,0.0,0.0,0.0,0.0,-2.450257249979132e-09,1.002491880919479,0.0,0.0,0.0,0.0,0.0,0.0,-0.028824238609550863,0.8982558416311212,0.32350268520389897,0.5796289431708761,1.8,0.05901189751917563,0.2946784465943481,0.31862689846024467,-0.028824238609550863,0.8982558416311212,0.0,3.6597123124745963,0.0,0.1725583103196892,6.608163381625229,0.2662473035197972,13.98816338162383,0.1204178910021714,7.352647355611156,0.1204178910021714,7.352647355611156,0.1204178910021714,0.0,0.0,0.0,0.0,0.0,0.0,-2.450257249979132e-09,1.002491880919479,0.0,0.0,0.0,0.0,0.0,0.0,-0.028824238609550863,0.8982558416311212,0.32350268520389897,0.5796289431708761
5.331022,1.8,0.4442742,0.9530601,0.08388009,0.33536854140968564,1.8,0.08359963908731728,0.21024186160432848,0.7538989546395487,1.8,0.10992733130257865,0.7330709462605507,0.23794443031677778,0.7330709462605507,0.23794443031677778,0.0,0.0,0.0,0.7330709462605507,0.23794443031677778,0.0,0.0,1.8,0.06186097845354118,0.2673058701346432,0.38344722098167267,0.6539296173569058,0.27684595549156166,0.0,3.736133743275648,0.0,0.1725583103196892,6.608163381625229,0.2662473035197972,13.98816338162383,0.1725583103196892,0.0,0.09368899320010798,0.0,0.0,0.0,0.0,-2.450257249979132e-09,1.002491880919479,0.0,0.0,0.0,0.0,0.0,0.0,0.6539296173569058,0.27684595549156166,0.414414661940981,0.15470693258862495,1.8,0.06186097845354118,0.2673058701346432,0.38344722098167267,0.6539296173569058,0.27684595549156166,0.0,3.736133743275648,0.0,0.1725583103196892,6.608163381625229,0.2662473035197972,13.98816338162383,0.1204178910021714,7.352647355611156,0.1204178910021714,7.352647355611156,0.1204178910021714,0.0,0.0,0.0,0.0,0.0,0.0,-2.450257249979132e-09,1.002491880919479,0.0,0.0,0.0,0.0,0.0,0.0,0.6539296173569058,0.27684595549156166,0.414414661940981,0.15470693258862495
5.332823,1.8,0.4763566,0.9929652,0.07169796,0.3676163021397192,1.8,0.11204772576522858,0.7299769011197232,0.23882078259000003,1.8,0.13773257030299257,0.7339334736516189,0.23770012947258334,0.7339334736516189,0.23770012947258334,0.0,0.0,0.0,0.7339334736516189,0.23770012947258334,0.0,0.0,1.8,0.07353282672248992,0.4079957491307866,0.3393779337119134,0.7354320664406413,0.2372756705078564,0.0,4.193848777784326,0.0,0.1725583103196892,6.608163381625229,0.2662473035197972,13.98816338162383,0.1725583103196892,0.0,0.09368899320010798,0.0,0.0,0.0,0.0,-2.450257249979132e-09,1.002491880919479,0.0,0.0,0.0,0.0,0.0,0.0,0.7354320664406413,0.2372756705078564,0.3274363173098546,0.10210226320405694,1.8,0.07353282672248992,0.4079957491307866,0.3393779337119134,0.7354320664406413,0.2372756705078564,0.0,4.193848777784326,0.0,0.1725583103196892,6.608163381625229,0.2662473035197972,13.98816338162383,0.1204178910021714,7.352647355611156,0.1204178910021714,7.352647355611156,0.1204178910021714,0.0,0.0,0.0,0.0,0.0,0.0,-2.450257249979132e-09,1.002491880919479,0.0,0.0,0.0,0.0,0.0,0.0,0.7354320664406413,0.2372756705078564,0.3274363173098546,0.10210226320405694
5.333643,1.8,0.4914317,1.012971,0.06596909,0.3822987917558342,1.8,0.12482246617954097,0.732019529827419,0.23824223178357581,1.8,0.1501278299527333,0.73432560720311,0.237589062208334,0.73432560720311,0.237589062208334,0.0,0.0,0.0,0.73432560720311,0.237589062208334,0.0,0.0,1.8,0.08070239475420608,0.45602358327008574,0.32440008327510717,0.7360068045406267,0.23711288263065847,0.0,4.542872772209758,0.0,0.1725583103196892,6.608163381625229,0.2662473035197972,13.98816338162383,0.1725583103196892,0.0,0.09368899320010798,0.0,0.0,0.0,0.0,-2.450257249979132e-09,1.002491880919479,0.0,0.0,0.0,0.0,0.0,0.0,0.7360068045406267,0.23711288263065847,0.2799832212705409,0.08728720064444871,1.8,0.08070239475420608,0.45602358327008574,0.32440008327510717,0.7360068045406267,0.23711288263065847,0.0,4.542872772209758,0.0,0.1725583103196892,6.608163381625229,0.2662473035197972,13.98816338162383,0.1204178910021714,7.352647355611156,0.1204178910021714,7.352647355611156,0.1204178910021714,0.0,0.0,0.0,0.0,0.0,0.0,-2.450257249979132e-09,1.002491880919479,0.0,0.0,0.0,0.0,0.0,0.0,0.7360068045406267,0.23711288263065847,0.2799832212705409,0.08728720064444871
5.3342979999999995,1.8,0.5037013,1.026311,0.06133593,0.39399231978302246,1.8,0.1349185470468338,0.7337347280956317,0.23775642183803206,1.8,0.15985991918072362,0.7344924207399026,0.23754181421565176,0.7344924207399026,0.23754181421565176,0.0,0.0,0.0,0.7344924207399026,0.23754181421565176,0.0,0.0,1.8,0.0867757374643947,0.491254470896914,0.31341242599382785,0.7350254372047456,0.2373908435059919,0.0,4.84445585900731,0.0,0.1725583103196892,6.608163381625229,0.2662473035197972,13.98816338162383,0.1725583103196892,0.0,0.09368899320010798,0.0,0.0,0.0,0.0,-2.450257249979132e-09,1.002491880919479,0.0,0.0,0.0,0.0,0.0,0.0,0.7350254372047456,0.2373908435059919,0.24377096630783154,0.07602158248783593,1.8,0.0867757374643947,0.491254470896914,0.31341242599382785,0.7350254372047456,0.2373908435059919,0.0,4.84445585900731,0.0,0.1725583103196892,6.608163381625229,0.2662473035197972,13.98816338162383,0.1204178910021714,7.352647355611156,0.1204178910021714,7.352647355611156,0.1204178910021714,0.0,0.0,0.0,0.0,0.0,0.0,-2.450257249979132e-09,1.002491880919479,0.0,0.0,0.0,0.0,0.0,0.0,0.7350254372047456,0.2373908435059919,0.24377096630783154,0.07602158248783593
5.334696,1.8,0.5110267,0.9960203,0.05976809,0.40107859929802686,1.8,0.14098766733241938,0.7345120152854894,0.23753626428868346,1.8,0.16559592273184856,0.7344399698968527,0.23755667030644775,0.7344399698968527,0.23755667030644775,0.0,0.0,0.0,0.7344399698968527,0.23755667030644775,0.0,0.0,1.8,0.09056441487305172,0.511699397737123,0.30703596136222844,0.7345052622559431,0.23753817700570107,0.0,5.032209162576238,0.0,0.1725583103196892,6.608163381625229,0.2662473035197972,13.98816338162383,0.1725583103196892,0.0,0.09368899320010798,0.0,0.0,0.0,0.0,-2.450257249979132e-09,1.002491880919479,0.0,0.0,0.0,0.0,0.0,0.0,0.7345052622559431,0.23753817700570107,0.22280586451882006,0.06949778435652731,1.8,0.09056441487305172,0.511699397737123,0.30703596136222844,0.7345052622559431,0.23753817700570107,0.0,5.032209162576238,0.0,0.1725583103196892,6.608163381625229,0.2662473035197972,13.98816338162383,0.1204178910021714,7.352647355611156,0.1204178910021714,7.352647355611156,0.1204178910021714,0.0,0.0,0.0,0.0,0.0,0.0,-2.450257249979132e-09,1.002491880919479,0.0,0.0,0.0,0.0,0.0,0.0,0.7345052622559431,0.23753817700570107,0.22280586451882006,0.06949778435652731
5.3351489999999995,1.8,0.5188814,0.9396153,0.05899792,0.4091441385449816,1.8,0.14770040575310875,0.7346088611574038,0.23750883382269433,1.8,0.1721245900902714,0.7343802708217232,0.237573579374615,0.7343802708217232,0.237573579374615,0.0,0.0,0.0,0.7343802708217232,0.237573579374615,0.0,0.0,1.8,0.09543636017416778,0.5294896129854467,0.3014863344227202,0.734346670736579,0.2375830962076464,0.0,5.271535307527457,0.0,0.1725583103196892,6.608163381625229,0.2662473035197972,13.98816338162383,0.1725583103196892,0.0,0.09368899320010798,0.0,0.0,0.0,0.0,-2.450257249979132e-09,1.002491880919479,0.0,0.0,0.0,0.0,0.0,0.0,0.734346670736579,0.2375830962076464,0.20485705775113217,0.06390323821507382,1.8,0.09543636017416778,0.5294896129854467,0.3014863344227202,0.734346670736579,0.2375830962076464,0.0,5.271535307527457,0.0,0.1725583103196892,6.608163381625229,0.2662473035197972,13.98816338162383,0.1204178910021714,7.352647355611156,0.1204178910021714,7.352647355611156,0.1204178910021714,0.0,0.0,0.0,0.0,0.0,0.0,-2.450257249979132e-09,1.002491880919479,0.0,0.0,0.0,0.0,0.0,0.0,0.734346670736579,0.2375830962076464,0.20485705775113217,0.06390323821507382
5.335293,1.8,0.5212715,0.9414043,0.05821675,0.4117080185705177,1.8,0.14983425637691572,0.7346396466001317,0.2375001142043666,1.8,0.17419992805852313,0.734361293632278,0.2375789544426417,0.734361293632278,0.2375789544426417,0.0,0.0,0.0,0.734361293632278,0.2375789544426417,0.0,0.0,1.8,0.09698505801823963,0.5351447807465343,0.2997222146008801,0.7342962575383702,0.23759737515925825,0.0,5.34761249267793,0.0,0.1725583103196892,6.608163381625229,0.2662473035197972,13.98816338162383,0.1725583103196892,0.0,0.09368899320010798,0.0,0.0,0.0,0.0,-2.450257249979132e-09,1.002491880919479,0.0,0.0,0.0,0.0,0.0,0.0,0.7342962575383702,0.23759737515925825,0.1991514767918359,0.06212483944162192,1.8,0.09698505801823963,0.5351447807465343,0.2997222146008801,0.7342962575383702,0.23759737515925825,0.0,5.34761249267793,0.0,0.1725583103196892,6.608163381625229,0.2662473035197972,13.98816338162383,0.1204178910021714,7.352647355611156,0.1204178910021714,7.352647355611156,0.1204178910021714,0.0,0.0,0.0,0.0,0.0,0.0,-2.450257249979132e-09,1.002491880919479,0.0,0.0,0.0,0.0,0.0,0.0,0.7342962575383702,0.23759737515925825,0.1991514767918359,0.06212483944162192
5.335541,1.8,0.525416,0.9445122,0.05685702,0.41612358972559005,1.8,0.1535092213401242,0.7346926659737185,0.23748509708391338,1.8,0.17777412122605357,0.7343286106949002,0.23758821150424322,0.7343286106949002,0.23758821150424322,0.0,0.0,0.0,0.7343286106949002,0.23758821150424322,0.0,0.0,1.8,0.09965225986079722,0.5448842363350351,0.29668400824105656,0.7342094348081222,0.2376219666870341,0.0,5.478634311547667,0.0,0.1725583103196892,6.608163381625229,0.2662473035197972,13.98816338162383,0.1725583103196892,0.0,0.09368899320010798,0.0,0.0,0.0,0.0,-2.450257249979132e-09,1.002491880919479,0.0,0.0,0.0,0.0,0.0,0.0,0.7342094348081222,0.2376219666870341,0.18932519847308701,0.0590620415540225,1.8,0.09965225986079722,0.5448842363350351,0.29668400824105656,0.7342094348081222,0.2376219666870341,0.0,5.478634311547667,0.0,0.1725583103196892,6.608163381625229,0.2662473035197972,13.98816338162383,0.1204178910021714,7.352647355611156,0.1204178910021714,7.352647355611156,0.1204178910021714,0.0,0.0,0.0,0.0,0.0,0.0,-2.450257249979132e-09,1.002491880919479,0.0,0.0,0.0,0.0,0.0,0.0,0.7342094348081222,0.2376219666870341,0.18932519847308701,0.0590620415540225
5.335795,1.8,0.529656,0.9476893,0.05546545,0.42064598921505836,1.8,0.15727309674599024,0.7347469680740856,0.2374697166460298,1.8,0.18143478680892677,0.7342951370412956,0.2375976925270125,0.7342951370412956,0.2375976925270125,0.0,0.0,0.0,0.7342951370412956,0.2375976925270125,0.0,0.0,1.8,0.10238399078019034,0.5548593239135784,0.29357229688865716,0.7341205115279488,0.23764715317112706,0.0,5.612826013131969,0.0,0.1725583103196892,6.608163381625229,0.2662473035197972,13.98816338162383,0.1725583103196892,0.0,0.09368899320010798,0.0,0.0,0.0,0.0,-2.450257249979132e-09,1.002491880919479,0.0,0.0,0.0,0.0,0.0,0.0,0.7341205115279488,0.23764715317112706,0.17926118761437038,0.05592514371753016,1.8,0.10238399078019034,0.5548593239135784,0.29357229688865716,0.7341205115279488,0.23764715317112706,0.0,5.612826013131969,0.0,0.1725583103196892,6.608163381625229,0.2662473035197972,13.98816338162383,0.1204178910021714,7.352647355611156,0.1204178910021714,7.352647355611156,0.1204178910021714,0.0,0.0,0.0,0.0,0.0,0.0,-2.450257249979132e-09,1.002491880919479,0.0,0.0,0.0,0.0,0.0,0.0,0.7341205115279488,0.23764715317112706,0.17926118761437038,0.05592514371753016
5.336607,1.8,0.5433088,0.9579448,0.0509547,0.43510342380343553,1.8,0.1692939499055219,0.734902932106129,0.23742554164928573,1.8,0.1928403931149568,0.7342190852736181,0.2376192333050081,0.7342190852736181,0.2376192333050081,0.0,0.0,0.0,0.7342190852736181,0.2376192333050081,0.0,0.0,1.8,0.11138513861646535,0.583881611613181,0.28451879886281156,0.7339983214977182,0.23768176207496783,0.0,6.047097212059393,0.0,0.1725583103196892,6.608163381625229,0.2662473035197972,13.98816338162383,0.1725583103196892,0.0,0.09368899320010798,0.0,0.0,0.0,0.0,-2.450257249979132e-09,1.002491880919479,0.0,0.0,0.0,0.0,0.0,0.0,0.7339983214977182,0.23768176207496783,0.15011670988453718,0.04683703678784377,1.8,0.11138513861646535,0.583881611613181,0.28451879886281156,0.7339983214977182,0.23768176207496783,0.0,6.047097212059393,0.0,0.1725583103196892,6.608163381625229,0.2662473035197972,13.98816338162383,0.1204178910021714,7.352647355611156,0.1204178910021714,7.352647355611156,0.1204178910021714,0.0,0.0,0.0,0.0,0.0,0.0,-2.450257249979132e-09,1.002491880919479,0.0,0.0,0.0,0.0,0.0,0.0,0.7339983214977182,0.23768176207496783,0.15011670988453718,0.04683703678784377
5.339205,1.8,0.5878882,0.9907946,0.03552321,0.4815531280063812,1.8,0.20176387537211454,0.0003196998858552365,1.002295438202527,1.8,0.22876273831506583,0.8054611223459104,0.21285229031136962,0.8054611223459104,0.21285229031136962,0.0,0.0,0.0,0.8054611223459104,0.21285229031136962,0.0,0.0,1.8,0.14275120122708101,0.6231712749048891,0.28629028757127095,0.00022630726664075827,1.002352823769629,0.0,7.435990564153077,0.0,0.1725583103196892,6.608163381625229,0.2662473035197972,13.98816338162383,0.1725583103196892,0.0,0.09368899320010798,0.0,0.0,0.0,0.0,-2.450257249979132e-09,1.002491880919479,0.0,0.0,0.0,0.0,0.0,0.0,0.00022630726664075827,1.002352823769629,0.6229449676382482,0.7160625361983584,1.8,0.14275120122708101,0.6231712749048891,0.28629028757127095,0.00022630726664075827,1.002352823769629,0.0,7.435990564153077,0.0,0.1725583103196892,6.608163381625229,0.2662473035197972,13.98816338162383,0.1204178910021714,7.352647355611156,0.1204178910021714,7.352647355611156,0.1204178910021714,0.0,0.0,0.0,0.0,0.0,0.0,-2.450257249979132e-09,1.002491880919479,0.0,0.0,0.0,0.0,0.0,0.0,0.00022630726664075827,1.002352823769629,0.6229449676382482,0.7160625361983584
5.340574,1.8,0.611678,0.9957811,0.03042908,0.5058349486003384,1.8,0.20596057276805135,0.0021284152095683477,1.0076012619392223,1.8,0.2516866685439495,0.8751078902883197,0.15108785357594745,0.8751078902883197,0.15108785357594745,0.0,0.0,0.0,0.8751078902883197,0.15108785357594745,0.0,0.0,1.8,0.15733208036339738,0.5540979875829987,0.32423140475750567,0.004881182477744145,1.021214567381625,0.0,7.844402601326935,0.0,0.1725583103196892,6.608163381625229,0.2662473035197972,13.98816338162383,0.1725583103196892,0.0,0.09368899320010798,0.0,0.0,0.0,0.0,-2.450257249979132e-09,1.002491880919479,0.0,0.0,0.0,0.0,0.0,0.0,0.004881182477744145,1.021214567381625,0.5492168051052545,0.6969831626241196,1.8,0.15733208036339738,0.5540979875829987,0.32423140475750567,0.004881182477744145,1.021214567381625,0.0,7.844402601326935,0.0,0.1725583103196892,6.608163381625229,0.2662473035197972,13.98816338162383,0.1204178910021714,7.352647355611156,0.1204178910021714,7.352647355611156,0.1204178910021714,0.0,0.0,0.0,0.0,0.0,0.0,-2.450257249979132e-09,1.002491880919479,0.0,0.0,0.0,0.0,0.0,0.0,0.004881182477744145,1.021214567381625,0.5492168051052545,0.6969831626241196
5.342677,1.8,0.6471982,0.9805629,0.03056809,0.5421618617617001,1.8,0.2287898803771419,0.8735133540450469,0.1532192231912772,1.8,0.2874356953069164,0.8749248697756943,0.15133249170269908,0.8749248697756943,0.15133249170269908,0.0,0.0,0.0,0.8749248697756943,0.15133249170269908,0.0,0.0,1.8,0.17624261111859757,0.6143213131326636,0.3121387383485976,0.8752187476695816,0.15093967378069134,0.0,8.067858676838082,0.0,0.1725583103196892,6.608163381625229,0.2662473035197972,13.98816338162383,0.1725583103196892,0.0,0.09368899320010798,0.0,0.0,0.0,0.0,-2.450257249979132e-09,1.002491880919479,0.0,0.0,0.0,0.0,0.0,0.0,0.8752187476695816,0.15093967378069134,0.260897434536918,0.16119906456790625,1.8,0.17624261111859757,0.6143213131326636,0.3121387383485976,0.8752187476695816,0.15093967378069134,0.0,8.067858676838082,0.0,0.1725583103196892,6.608163381625229,0.2662473035197972,13.98816338162383,0.1204178910021714,7.352647355611156,0.1204178910021714,7.352647355611156,0.1204178910021714,0.0,0.0,0.0,0.0,0.0,0.0,-2.450257249979132e-09,1.002491880919479,0.0,0.0,0.0,0.0,0.0,0.0,0.8752187476695816,0.15093967378069134,0.260897434536918,0.16119906456790625
5.343463,1.8,0.660149,0.9874085,0.02775236,0.555739110332704,1.8,0.2426335356341386,0.8741507633885517,0.15236721690229832,1.8,0.3005833091114994,0.8751058428225371,0.15109059036313296,0.8751058428225371,0.15109059036313296,0.0,0.0,0.0,0.8751058428225371,0.15109059036313296,0.0,0.0,1.8,0.1846494473395926,0.6535131233191998,0.2878831731982435,0.876177553974923,0.1496580656423919,0.0,8.268316362268322,0.0,0.1725583103196892,6.608163381625229,0.2662473035197972,13.98816338162383,0.1725583103196892,0.0,0.09368899320010798,0.0,0.0,0.0,0.0,-2.450257249979132e-09,1.002491880919479,0.0,0.0,0.0,0.0,0.0,0.0,0.876177553974923,0.1496580656423919,0.22266443065572325,0.13822510755585166,1.8,0.1846494473395926,0.6535131233191998,0.2878831731982435,0.876177553974923,0.1496580656423919,0.0,8.268316362268322,0.0,0.1725583103196892,6.608163381625229,0.2662473035197972,13.98816338162383,0.1204178910021714,7.352647355611156,0.1204178910021714,7.352647355611156,0.1204178910021714,0.0,0.0,0.0,0.0,0.0,0.0,-2.450257249979132e-09,1.002491880919479,0.0,0.0,0.0,0.0,0.0,0.0,0.876177553974923,0.1496580656423919,0.22266443065572325,0.13822510755585166
5.344759,1.8,0.6815668,0.9988185,0.02304135,0.5781260240070378,1.8,0.26513258113594595,0.8752517315947685,0.15089558513972495,1.8,0.3216377892622194,0.8751678596583177,0.1510076942859949,0.8751678596583177,0.1510076942859949,0.0,0.0,0.0,0.8751678596583177,0.1510076942859949,0.0,0.0,1.8,0.2004757045312111,0.7026724892028076,0.2575094424114992,0.8753897029160318,0.1507111629397478,0.0,8.733155183705575,0.0,0.1725583103196892,6.608163381625229,0.2662473035197972,13.98816338162383,0.1725583103196892,0.0,0.09368899320010798,0.0,0.0,0.0,0.0,-2.450257249979132e-09,1.002491880919479,0.0,0.0,0.0,0.0,0.0,0.0,0.8753897029160318,0.1507111629397478,0.17271721371322418,0.10679827947175143,1.8,0.2004757045312111,0.7026724892028076,0.2575094424114992,0.8753897029160318,0.1507111629397478,0.0,8.733155183705575,0.0,0.1725583103196892,6.608163381625229,0.2662473035197972,13.98816338162383,0.1204178910021714,7.352647355611156,0.1204178910021714,7.352647355611156,0.1204178910021714,0.0,0.0,0.0,0.0,0.0,0.0,-2.450257249979132e-09,1.002491880919479,0.0,0.0,0.0,0.0,0.0,0.0,0.8753897029160318,0.1507111629397478,0.17271721371322418,0.10679827947175143
5.34626,1.8,0.7064864,1.012849,0.01749014,0.6040540775758501,1.8,0.29044195812150175,0.8753182223155508,0.15080670895232248,1.8,0.3455898186479186,0.8751410544158477,0.1510435240638208,0.8751410544158477,0.1510435240638208,0.0,0.0,0.0,0.8751410544158477,0.1510435240638208,0.0,0.0,1.8,0.22009031410053526,0.7485781069048967,0.22916237590038754,0.875048465714078,0.15116728465346407,0.0,9.33112764695112,0.0,0.1725583103196892,6.608163381625229,0.2662473035197972,13.98816338162383,0.1725583103196892,0.0,0.09368899320010798,0.0,0.0,0.0,0.0,-2.450257249979132e-09,1.002491880919479,0.0,0.0,0.0,0.0,0.0,0.0,0.875048465714078,0.15116728465346407,0.12647035880918142,0.07799509124692344,1.8,0.22009031410053526,0.7485781069048967,0.22916237590038754,0.875048465714078,0.15116728465346407,0.0,9.33112764695112,0.0,0.1725583103196892,6.608163381625229,0.2662473035197972,13.98816338162383,0.1204178910021714,7.352647355611156,0.1204178910021714,7.352647355611156,0.1204178910021714,0.0,0.0,0.0,0.0,0.0,0.0,-2.450257249979132e-09,1.002491880919479,0.0,0.0,0.0,0.0,0.0,0.0,0.875048465714078,0.15116728465346407,0.12647035880918142,0.07799509124692344
5.347446,1.8,0.7255552,0.9790971,0.02020293,0.624099739316474,1.8,0.3100841485380332,0.8751692360163892,0.15100585454871326,1.8,0.3640665827655376,0.8750963241791452,0.15110331365329946,0.8750963241791452,0.15110331365329946,0.0,0.0,0.0,0.8750963241791452,0.15110331365329946,0.0,0.0,1.8,0.23640473353488695,0.7775637019717635,0.2112729346918132,0.8750598688686605,0.15115204239271368,0.0,9.83322653106375,0.0,0.1725583103196892,6.608163381625229,0.2662473035197972,13.98816338162383,0.1725583103196892,0.0,0.09368899320010798,0.0,0.0,0.0,0.0,-2.450257249979132e-09,1.002491880919479,0.0,0.0,0.0,0.0,0.0,0.0,0.8750598688686605,0.15115204239271368,0.09749616689689694,0.06012089229909952,1.8,0.23640473353488695,0.7775637019717635,0.2112729346918132,0.8750598688686605,0.15115204239271368,0.0,9.83322653106375,0.0,0.1725583103196892,6.608163381625229,0.2662473035197972,13.98816338162383,0.1204178910021714,7.352647355611156,0.1204178910021714,7.352647355611156,0.1204178910021714,0.0,0.0,0.0,0.0,0.0,0.0,-2.450257249979132e-09,1.002491880919479,0.0,0.0,0.0,0.0,0.0,0.0,0.8750598688686605,0.15115204239271368,0.09749616689689694,0.06012089229909952
5.3485190000000005,1.8,0.7421482,0.9834475,0.01778096,0.6414482919144308,1.8,0.32744382380159825,0.8750972542972084,0.1511020703918892,1.8,0.38052472592301956,0.8750980857929574,0.15110095895602066,0.8750980857929574,0.15110095895602066,0.0,0.0,0.0,0.8750980857929574,0.15110095895602066,0.0,0.0,1.8,0.2518514629454762,0.7970413242602773,0.1992544319758909,0.875088195371344,0.15111417919118245,0.0,10.294372660687875,0.0,0.1725583103196892,6.608163381625229,0.2662473035197972,13.98816338162383,0.1725583103196892,0.0,0.09368899320010798,0.0,0.0,0.0,0.0,-2.450257249979132e-09,1.002491880919479,0.0,0.0,0.0,0.0,0.0,0.0,0.875088195371344,0.15111417919118245,0.07804687111106669,0.048140252784708425,1.8,0.2518514629454762,0.7970413242602773,0.1992544319758909,0.875088195371344,0.15111417919118245,0.0,10.294372660687875,0.0,0.1725583103196892,6.608163381625229,0.2662473035197972,13.98816338162383,0.1204178910021714,7.352647355611156,0.1204178910021714,7.352647355611156,0.1204178910021714,0.0,0.0,0.0,0.0,0.0,0.0,-2.450257249979132e-09,1.002491880919479,0.0,0.0,0.0,0.0,0.0,0.0,0.875088195371344,0.15111417919118245,0.07804687111106669,0.048140252784708425
5.349355,1.8,0.7550056,0.9868531,0.01588185,0.6549649647679953,1.8,0.3315277398753659,0.8781492452813482,0.14716882985072122,1.8,0.3936281515838166,0.8965364038955742,0.11395041242147487,0.8965364038955742,0.11395041242147487,0.0,0.0,0.0,0.8965364038955742,0.11395041242147487,0.0,0.0,1.8,0.2637344322025979,0.7544008990912929,0.2414349035543333,0.004199346905509352,1.0110453015571477,0.0,10.617784755617663,0.0,0.1725583103196892,6.608163381625229,0.2662473035197972,13.98816338162383,0.1725583103196892,0.0,0.09368899320010798,0.0,0.0,0.0,0.0,-2.450257249979132e-09,1.002491880919479,0.0,0.0,0.0,0.0,0.0,0.0,0.004199346905509352,1.0110453015571477,0.7502015521857835,0.7696103980028148,1.8,0.2637344322025979,0.7544008990912929,0.2414349035543333,0.004199346905509352,1.0110453015571477,0.0,10.617784755617663,0.0,0.1725583103196892,6.608163381625229,0.2662473035197972,13.98816338162383,0.1204178910021714,7.352647355611156,0.1204178910021714,7.352647355611156,0.1204178910021714,0.0,0.0,0.0,0.0,0.0,0.0,-2.450257249979132e-09,1.002491880919479,0.0,0.0,0.0,0.0,0.0,0.0,0.004199346905509352,1.0110453015571477,0.7502015521857835,0.7696103980028148
5.350338,1.8,0.7700516,0.990878,0.01363399,0.6708583731592112,1.8,0.34095844829192723,0.26226258937407915,0.4500463408279475,1.8,0.41026457382768844,0.9216915401562651,0.07644645212262005,0.9216915401562651,0.07644645212262005,0.0,0.0,0.0,0.9216915401562651,0.07644645212262005,0.0,0.0,1.8,0.27585195572127447,0.7248813508292402,0.2350833527770674,0.6440851140807632,0.2230371861934117,0.0,10.776864034198466,0.0,0.1725583103196892,6.608163381625229,0.2662473035197972,13.98816338162383,0.1725583103196892,0.0,0.09368899320010798,0.0,0.0,0.0,0.0,-2.450257249979132e-09,1.002491880919479,0.0,0.0,0.0,0.0,0.0,0.0,0.6440851140807632,0.2230371861934117,0.11428731636782223,0.012046166583655663,1.8,0.27585195572127447,0.7248813508292402,0.2350833527770674,0.6440851140807632,0.2230371861934117,0.0,10.776864034198466,0.0,0.1725583103196892,6.608163381625229,0.2662473035197972,13.98816338162383,0.1204178910021714,7.352647355611156,0.1204178910021714,7.352647355611156,0.1204178910021714,0.0,0.0,0.0,0.0,0.0,0.0,-2.450257249979132e-09,1.002491880919479,0.0,0.0,0.0,0.0,0.0,0.0,0.6440851140807632,0.2230371861934117,0.11428731636782223,0.012046166583655663
5.353486,1.8,0.8168161,0.9879759,0.01154858,0.7217560838566345,1.8,0.37317106828763613,0.9208961190228316,0.07752679466702496,1.8,0.46354676147503143,0.9214502405509789,0.07677418572005862,0.9214502405509789,0.07677418572005862,0.0,0.0,0.0,0.9214502405509789,0.07677418572005862,0.0,0.0,1.8,0.3086414081771101,0.7519138762889812,0.2160037490872186,0.9220610992194432,0.07594451627776978,0.0,10.692927038416139,0.0,0.1725583103196892,6.608163381625229,0.2662473035197972,13.98816338162383,0.1725583103196892,0.0,0.09368899320010798,0.0,0.0,0.0,0.0,-2.450257249979132e-09,1.002491880919479,0.0,0.0,0.0,0.0,0.0,0.0,0.9220610992194432,0.07594451627776978,0.17014722293046203,0.14005923280944885,1.8,0.3086414081771101,0.7519138762889812,0.2160037490872186,0.9220610992194432,0.07594451627776978,0.0,10.692927038416139,0.0,0.1725583103196892,6.608163381625229,0.2662473035197972,13.98816338162383,0.1204178910021714,7.352647355611156,0.1204178910021714,7.352647355611156,0.1204178910021714,0.0,0.0,0.0,0.0,0.0,0.0,-2.450257249979132e-09,1.002491880919479,0.0,0.0,0.0,0.0,0.0,0.0,0.9220610992194432,0.07594451627776978,0.17014722293046203,0.14005923280944885
5.354357,1.8,0.8292956,0.9900462,0.01039306,0.7356641186666748,1.8,0.3886345746364397,0.9213629996365632,0.07689267650122414,1.8,0.4777879973248352,0.9214749318989962,0.07674064988272583,0.9214749318989962,0.07674064988272583,0.0,0.0,0.0,0.9214749318989962,0.07674064988272583,0.0,0.0,1.8,0.31972180505478154,0.7781021666455282,0.19447547983027436,0.9218626659460751,0.07621402873907408,0.0,10.855673510831881,0.0,0.1725583103196892,6.608163381625229,0.2662473035197972,13.98816338162383,0.1725583103196892,0.0,0.09368899320010798,0.0,0.0,0.0,0.0,-2.450257249979132e-09,1.002491880919479,0.0,0.0,0.0,0.0,0.0,0.0,0.9218626659460751,0.07621402873907408,0.1437604993005469,0.11826145109120029,1.8,0.31972180505478154,0.7781021666455282,0.19447547983027436,0.9218626659460751,0.07621402873907408,0.0,10.855673510831881,0.0,0.1725583103196892,6.608163381625229,0.2662473035197972,13.98816338162383,0.1204178910021714,7.352647355611156,0.1204178910021714,7.352647355611156,0.1204178910021714,0.0,0.0,0.0,0.0,0.0,0.0,-2.450257249979132e-09,1.002491880919479,0.0,0.0,0.0,0.0,0.0,0.0,0.9218626659460751,0.07621402873907408,0.1437604993005469,0.11826145109120029
5.355417,1.8,0.8443809,0.9925707,0.008982689,0.7511507060476249,1.8,0.4071205418918674,0.9215532818941531,0.07663423476554576,1.8,0.4951079845220988,0.9215031296985798,0.07670235157599452,0.9215031296985798,0.07670235157599452,0.0,0.0,0.0,0.9215031296985798,0.07670235157599452,0.0,0.0,1.8,0.33373010939960984,0.8064775377424979,0.17115844916672912,0.9216199623479383,0.0765436692423577,0.0,11.090131982522664,0.0,0.1725583103196892,6.608163381625229,0.2662473035197972,13.98816338162383,0.1725583103196892,0.0,0.09368899320010798,0.0,0.0,0.0,0.0,-2.450257249979132e-09,1.002491880919479,0.0,0.0,0.0,0.0,0.0,0.0,0.9216199623479383,0.0765436692423577,0.11514242460544041,0.09461477992437144,1.8,0.33373010939960984,0.8064775377424979,0.17115844916672912,0.9216199623479383,0.0765436692423577,0.0,11.090131982522664,0.0,0.1725583103196892,6.608163381625229,0.2662473035197972,13.98816338162383,0.1204178910021714,7.352647355611156,0.1204178910021714,7.352647355611156,0.1204178910021714,0.0,0.0,0.0,0.0,0.0,0.0,-2.450257249979132e-09,1.002491880919479,0.0,0.0,0.0,0.0,0.0,0.0,0.9216199623479383,0.0765436692423577,0.11514242460544041,0.09461477992437144
5.358434999999999,1.8,0.88627,0.9983065,0.005297002,0.7952436501190402,1.8,0.45849390874577634,0.9214443895324828,0.07678213258486197,1.8,0.5426908275784068,0.9214449115041555,0.07678142364191226,0.9214449115041555,0.07678142364191226,0.0,0.0,0.0,0.9214449115041555,0.07678142364191226,0.0,0.0,1.8,0.37753642726840336,0.8600219181537851,0.1272006281476883,0.9214368684634122,0.07679234771563391,0.0,11.98858910463215,0.0,0.1725583103196892,6.608163381625229,0.2662473035197972,13.98816338162383,0.1725583103196892,0.0,0.09368899320010798,0.0,0.0,0.0,0.0,-2.450257249979132e-09,1.002491880919479,0.0,0.0,0.0,0.0,0.0,0.0,0.9214368684634122,0.07679234771563391,0.06141495030962703,0.0504082804320544,1.8,0.37753642726840336,0.8600219181537851,0.1272006281476883,0.9214368684634122,0.07679234771563391,0.0,11.98858910463215,0.0,0.1725583103196892,6.608163381625229,0.2662473035197972,13.98816338162383,0.1204178910021714,7.352647355611156,0.1204178910021714,7.352647355611156,0.1204178910021714,0.0,0.0,0.0,0.0,0.0,0.0,-2.450257249979132e-09,1.002491880919479,0.0,0.0,0.0,0.0,0.0,0.0,0.9214368684634122,0.07679234771563391,0.06141495030962703,0.0504082804320544
5.364085,1.8,0.9593106,0.9973432,0.00223712,0.8748281110532072,1.8,0.515219026336189,0.9655134158528166,0.03376546331269749,1.8,0.6359984718866504,0.9656333797729073,0.033621832526751584,0.9656333797729073,0.033621832526751584,0.0,0.0,0.0,0.9656333797729073,0.033621832526751584,0.0,0.0,1.8,0.44457160523897093,0.8264389045823842,0.14794119609947617,0.9658592248193417,0.03335143204720024,0.0,11.887110391506665,0.0,0.1725583103196892,6.608163381625229,0.2662473035197972,13.98816338162383,0.1725583103196892,0.0,0.09368899320010798,0.0,0.0,0.0,0.0,-2.450257249979132e-09,1.002491880919479,0.0,0.0,0.0,0.0,0.0,0.0,0.9658592248193417,0.03335143204720024,0.1394203202369575,0.11458976405227597,1.8,0.44457160523897093,0.8264389045823842,0.14794119609947617,0.9658592248193417,0.03335143204720024,0.0,11.887110391506665,0.0,0.1725583103196892,6.608163381625229,0.2662473035197972,13.98816338162383,0.1204178910021714,7.352647355611156,0.1204178910021714,7.352647355611156,0.1204178910021714,0.0,0.0,0.0,0.0,0.0,0.0,-2.450257249979132e-09,1.002491880919479,0.0,0.0,0.0,0.0,0.0,0.0,0.9658592248193417,0.03335143204720024,0.1394203202369575,0.11458976405227597
5.371174,1.8,1.04002,0.9967809,0.001417658,0.9638167763005208,1.8,0.5928480187483602,0.9893101642427976,0.008363730037022512,1.8,0.7468560664076523,0.9848142279806829,0.013373916870920427,0.9848142279806829,0.013373916870920427,0.0,0.0,0.0,0.9848142279806829,0.013373916870920427,0.0,0.0,1.8,0.5418919532086396,0.7787755017670552,0.1977789181112105,0.9819208186678026,0.01602791236198186,0.0,12.739441917350936,0.0,0.1725583103196892,6.608163381625229,0.2662473035197972,13.98816338162383,0.1725583103196892,0.0,0.09368899320010798,0.0,0.0,0.0,0.0,-2.450257249979132e-09,1.002491880919479,0.0,0.0,0.0,0.0,0.0,0.0,0.9819208186678026,0.01602791236198186,0.20314531690074727,0.1817510057492286,1.8,0.5418919532086396,0.7787755017670552,0.1977789181112105,0.9819208186678026,0.01602791236198186,0.0,12.739441917350936,0.0,0.1725583103196892,6.608163381625229,0.2662473035197972,13.98816338162383,0.1204178910021714,7.352647355611156,0.1204178910021714,7.352647355611156,0.1204178910021714,0.0,0.0,0.0,0.0,0.0,0.0,-2.450257249979132e-09,1.002491880919479,0.0,0.0,0.0,0.0,0.0,0.0,0.9819208186678026,0.01602791236198186,0.20314531690074727,0.1817510057492286
5.377741,1.8,1.104349,0.9973208,9.899351e-05,1.0370527218835779,1.8,0.7042886763811017,0.9849033754332042,0.013292145883325201,1.8,0.8433668231078957,0.9849015349252099,0.013293834099332685,0.9849015349252099,0.013293834099332685,0.0,0.0,0.0,0.9849015349252099,0.013293834099332685,0.0,0.0,1.8,0.6244452863196893,0.930584198764068,0.06190766257307685,0.984884030058369,0.013309890534023958,0.0,12.785112161806008,0.0,0.1725583103196892,6.608163381625229,0.2662473035197972,13.98816338162383,0.1725583103196892,0.0,0.09368899320010798,0.0,0.0,0.0,0.0,-2.450257249979132e-09,1.002491880919479,0.0,0.0,0.0,0.0,0.0,0.0,0.984884030058369,0.013309890534023958,0.05429983129430111,0.0485977720390529,1.8,0.6244452863196893,0.930584198764068,0.06190766257307685,0.984884030058369,0.013309890534023958,0.0,12.785112161806008,0.0,0.1725583103196892,6.608163381625229,0.2662473035197972,13.98816338162383,0.1204178910021714,7.352647355611156,0.1204178910021714,7.352647355611156,0.1204178910021714,0.0,0.0,0.0,0.0,0.0,0.0,-2.450257249979132e-09,1.002491880919479,0.0,0.0,0.0,0.0,0.0,0.0,0.984884030058369,0.013309890534023958,0.05429983129430111,0.0485977720390529
5.390653,1.8,1.205036,1.000005,1.199511e-06,1.151893964994715,1.8,0.8320702716877628,-0.002661761217792392,1.0074140415184556,1.8,1.0066409980645967,0.9962232432514299,0.0012203152971431378,0.9962232432514299,0.0012203152971431378,0.0,0.0,0.0,0.9962232432514299,0.0012203152971431378,0.0,0.0,1.8,0.7802846001766465,0.8731959639271659,0.10656864961507684,0.0009181362985065341,1.0191343490209583,0.0,12.272796405392596,0.0,0.1725583103196892,6.608163381625229,0.2662473035197972,13.98816338162383,0.1725583103196892,0.0,0.09368899320010798,0.0,0.0,0.0,0.0,-2.450257249979132e-09,1.002491880919479,0.0,0.0,0.0,0.0,0.0,0.0,0.0009181362985065341,1.0191343490209583,0.8722778276286594,0.9125656994058813,1.8,0.7802846001766465,0.8731959639271659,0.10656864961507684,0.0009181362985065341,1.0191343490209583,0.0,12.272796405392596,0.0,0.1725583103196892,6.608163381625229,0.2662473035197972,13.98816338162383,0.1204178910021714,7.352647355611156,0.1204178910021714,7.352647355611156,0.1204178910021714,0.0,0.0,0.0,0.0,0.0,0.0,-2.450257249979132e-09,1.002491880919479,0.0,0.0,0.0,0.0,0.0,0.0,0.0009181362985065341,1.0191343490209583,0.8722778276286594,0.9125656994058813
5.4089160000000005,1.8,1.300109,1.003228,1.202648e-06,1.263355159502701,1.8,1.0128277154834096,1.0016197582573483,-9.84882164928574e-09,1.8,1.1748134376883732,0.9977174403770297,0.00021948508804929244,0.9977174403770297,0.00021948508804929244,0.0,0.0,0.0,0.9977174403770297,0.00021948508804929244,0.0,0.0,1.8,0.9612008767627461,0.965822170242106,0.028602956265356125,1.0016793033354812,-9.849407149771122e-09,0.0,10.254751918470271,0.0,0.1725583103196892,6.608163381625229,0.2662473035197972,13.98816338162383,0.1725583103196892,0.0,0.09368899320010798,0.0,0.0,0.0,0.0,-2.450257249979132e-09,1.002491880919479,0.0,0.0,0.0,0.0,0.0,0.0,1.0016793033354812,-9.849407149771122e-09,0.03585713309337509,0.028602966114763276,1.8,0.9612008767627461,0.965822170242106,0.028602956265356125,1.0016793033354812,-9.849407149771122e-09,0.0,10.254751918470271,0.0,0.1725583103196892,6.608163381625229,0.2662473035197972,13.98816338162383,0.1204178910021714,7.352647355611156,0.1204178910021714,7.352647355611156,0.1204178910021714,0.0,0.0,0.0,0.0,0.0,0.0,-2.450257249979132e-09,1.002491880919479,0.0,0.0,0.0,0.0,0.0,0.0,1.0016793033354812,-9.849407149771122e-09,0.03585713309337509,0.028602966114763276
5.426636,1.8,1.353899,1.000005,1.199511e-06,1.329075319953865,1.8,1.1146158458411874,0.999963163635096,-9.832532528743516e-09,1.8,1.2778386261627288,0.999958273811619,-9.832484447623983e-09,0.999958273811619,-9.832484447623983e-09,0.0,0.0,0.0,0.999958273811619,-9.832484447623983e-09,0.0,0.0,1.8,1.088777278026239,0.9550141178052868,0.04036944260322563,0.9999583295777147,-9.832484995966134e-09,0.0,7.507375643301689,0.0,0.1725583103196892,6.608163381625229,0.2662473035197972,13.98816338162383,0.1725583103196892,0.0,0.09368899320010798,0.0,0.0,0.0,0.0,-2.450257249979132e-09,1.002491880919479,0.0,0.0,0.0,0.0,0.0,0.0,0.9999583295777147,-9.832484995966134e-09,0.04494421177242794,0.04036945243571062,1.8,1.088777278026239,0.9550141178052868,0.04036944260322563,0.9999583295777147,-9.832484995966134e-09,0.0,7.507375643301689,0.0,0.1725583103196892,6.608163381625229,0.2662473035197972,13.98816338162383,0.1204178910021714,7.352647355611156,0.1204178910021714,7.352647355611156,0.1204178910021714,0.0,0.0,0.0,0.0,0.0,0.0,-2.450257249979132e-09,1.002491880919479,0.0,0.0,0.0,0.0,0.0,0.0,0.9999583295777147,-9.832484995966134e-09,0.04494421177242794,0.04036945243571062
5.430822,1.8,1.362526,1.000005,1.199511e-06,1.3407343197231845,1.8,1.1226808289912613,0.0006104212725964142,1.0021168029764536,1.8,1.2955753682057947,1.0016095835387162,-9.848721602348463e-09,1.0016095835387162,-9.848721602348463e-09,0.0,0.0,0.0,1.0016095835387162,-9.848721602348463e-09,0.0,0.0,1.8,1.1168791139776542,0.88849992199988,0.10057579624521547,0.0006116385166049757,1.0021160550347177,0.0,7.194871196051484,0.0,0.1725583103196892,6.608163381625229,0.2662473035197972,13.98816338162383,0.1725583103196892,0.0,0.09368899320010798,0.0,0.0,0.0,0.0,-2.450257249979132e-09,1.002491880919479,0.0,0.0,0.0,0.0,0.0,0.0,0.0006116385166049757,1.0021160550347177,0.887888283483275,0.9015402587895024,1.8,1.1168791139776542,0.88849992199988,0.10057579624521547,0.0006116385166049757,1.0021160550347177,0.0,7.194871196051484,0.0,0.1725583103196892,6.608163381625229,0.2662473035197972,13.98816338162383,0.1204178910021714,7.352647355611156,0.1204178910021714,7.352647355611156,0.1204178910021714,0.0,0.0,0.0,0.0,0.0,0.0,-2.450257249979132e-09,1.002491880919479,0.0,0.0,0.0,0.0,0.0,0.0,0.0006116385166049757,1.0021160550347177,0.887888283483275,0.9015402587895024
5.444217,1.8,1.383773,1.0,0.0,1.3664198312604316,1.8,1.1911270986493596,1.0016806145526889,-9.849420042831906e-09,1.8,1.3396573128761715,1.001680598713101,-9.849419887082902e-09,1.001680598713101,-9.849419887082902e-09,0.0,0.0,0.0,1.001680598713101,-9.849419887082902e-09,0.0,0.0,1.8,1.1801575692455804,0.9356326836725293,0.058091447002700226,1.001680552370323,-9.849419431399247e-09,0.0,5.242886746946876,0.0,0.1725583103196892,6.608163381625229,0.2662473035197972,13.98816338162383,0.1725583103196892,0.0,0.09368899320010798,0.0,0.0,0.0,0.0,-2.450257249979132e-09,1.002491880919479,0.0,0.0,0.0,0.0,0.0,0.0,1.001680552370323,-9.849419431399247e-09,0.06604786869779372,0.05809145685211965,1.8,1.1801575692455804,0.9356326836725293,0.058091447002700226,1.001680552370323,-9.849419431399247e-09,0.0,5.242886746946876,0.0,0.1725583103196892,6.608163381625229,0.2662473035197972,13.98816338162383,0.1204178910021714,7.352647355611156,0.1204178910021714,7.352647355611156,0.1204178910021714,0.0,0.0,0.0,0.0,0.0,0.0,-2.450257249979132e-09,1.002491880919479,0.0,0.0,0.0,0.0,0.0,0.0,1.001680552370323,-9.849419431399247e-09,0.06604786869779372,0.05809145685211965
5.4636000000000005,1.8,1.402137,1.0,0.0,1.390992428455491,1.8,1.2537199859191615,1.001673540464709,-9.849350484069433e-09,1.8,1.3784996207293505,1.001673499072321,-9.849350077062444e-09,1.001673499072321,-9.849350077062444e-09,0.0,0.0,0.0,1.001673499072321,-9.849350077062444e-09,0.0,0.0,1.8,1.2498214586299177,0.9361089065876775,0.05717936711621344,1.0016734821008244,-9.849349910183505e-09,0.0,3.4808740259032205,0.0,0.1725583103196892,6.608163381625229,0.2662473035197972,13.98816338162383,0.1725583103196892,0.0,0.09368899320010798,0.0,0.0,0.0,0.0,-2.450257249979132e-09,1.002491880919479,0.0,0.0,0.0,0.0,0.0,0.0,1.0016734821008244,-9.849349910183505e-09,0.06556457551314679,0.05717937696556335,1.8,1.2498214586299177,0.9361089065876775,0.05717936711621344,1.0016734821008244,-9.849349910183505e-09,0.0,3.4808740259032205,0.0,0.1725583103196892,6.608163381625229,0.2662473035197972,13.98816338162383,0.1204178910021714,7.352647355611156,0.1204178910021714,7.352647355611156,0.1204178910021714,0.0,0.0,0.0,0.0,0.0,0.0,-2.450257249979132e-09,1.002491880919479,0.0,0.0,0.0,0.0,0.0,0.0,1.0016734821008244,-9.849349910183505e-09,0.06556457551314679,0.05717937696556335
5.487346,1.8,1.413309,1.0,0.0,1.4066627412631842,1.8,1.3098275902533407,1.0016663941993336,-9.84928021559424e-09,1.8,1.4025837031228858,1.0016663988239065,-9.849280261067179e-09,1.0016663988239065,-9.849280261067179e-09,0.0,0.0,0.0,1.0016663988239065,-9.849280261067179e-09,0.0,0.0,1.8,1.3050664682935376,0.9750805247851075,0.02224705382820413,1.001666405287401,-9.849280324622043e-09,0.0,2.2329719095315976,0.0,0.1725583103196892,6.608163381625229,0.2662473035197972,13.98816338162383,0.1725583103196892,0.0,0.09368899320010798,0.0,0.0,0.0,0.0,-2.450257249979132e-09,1.002491880919479,0.0,0.0,0.0,0.0,0.0,0.0,1.001666405287401,-9.849280324622043e-09,0.026585880502293577,0.02224706367748446,1.8,1.3050664682935376,0.9750805247851075,0.02224705382820413,1.001666405287401,-9.849280324622043e-09,0.0,2.2329719095315976,0.0,0.1725583103196892,6.608163381625229,0.2662473035197972,13.98816338162383,0.1204178910021714,7.352647355611156,0.1204178910021714,7.352647355611156,0.1204178910021714,0.0,0.0,0.0,0.0,0.0,0.0,-2.450257249979132e-09,1.002491880919479,0.0,0.0,0.0,0.0,0.0,0.0,1.001666405287401,-9.849280324622043e-09,0.026585880502293577,0.02224706367748446
5.512267,1.8,1.418459,1.0,0.0,1.4149087041242832,1.8,1.3277336021058357,1.0016557733410092,-9.849175781812322e-09,1.8,1.4140075418446618,1.001655759841575,-9.849175649073807e-09,1.001655759841575,-9.849175649073807e-09,0.0,0.0,0.0,1.001655759841575,-9.849175649073807e-09,0.0,0.0,1.8,1.339876056047863,0.9436745542646202,0.044381333802770845,1.0016558517263463,-9.849176552567087e-09,0.0,1.3149251206289643,0.0,0.1725583103196892,6.608163381625229,0.2662473035197972,13.98816338162383,0.1725583103196892,0.0,0.09368899320010798,0.0,0.0,0.0,0.0,-2.450257249979132e-09,1.002491880919479,0.0,0.0,0.0,0.0,0.0,0.0,1.0016558517263463,-9.849176552567087e-09,0.05798129746172611,0.0443813436519474,1.8,1.339876056047863,0.9436745542646202,0.044381333802770845,1.0016558517263463,-9.849176552567087e-09,0.0,1.3149251206289643,0.0,0.1725583103196892,6.608163381625229,0.2662473035197972,13.98816338162383,0.1204178910021714,7.352647355611156,0.1204178910021714,7.352647355611156,0.1204178910021714,0.0,0.0,0.0,0.0,0.0,0.0,-2.450257249979132e-09,1.002491880919479,0.0,0.0,0.0,0.0,0.0,0.0,1.0016558517263463,-9.849176552567087e-09,0.05798129746172611,0.0443813436519474
5.54218,1.8,1.420909,1.0,0.0,1.4192736789607836,1.8,1.354233808145682,1.0016450923275926,-9.849070756531714e-09,1.8,1.4197465155075164,1.0016451093460421,-9.849070923872337e-09,1.0016451093460421,-9.849070923872337e-09,0.0,0.0,0.0,1.0016451093460421,-9.849070923872337e-09,0.0,0.0,1.8,1.3700303068686468,0.9630678338887873,0.02026714429481786,1.0016451917710962,-9.849071734349215e-09,0.0,0.9381880048019621,0.0,0.1725583103196892,6.608163381625229,0.2662473035197972,13.98816338162383,0.1725583103196892,0.0,0.09368899320010798,0.0,0.0,0.0,0.0,-2.450257249979132e-09,1.002491880919479,0.0,0.0,0.0,0.0,0.0,0.0,1.0016451917710962,-9.849071734349215e-09,0.038577357882308864,0.02026715414388959,1.8,1.3700303068686468,0.9630678338887873,0.02026714429481786,1.0016451917710962,-9.849071734349215e-09,0.0,0.9381880048019621,0.0,0.1725583103196892,6.608163381625229,0.2662473035197972,13.98816338162383,0.1204178910021714,7.352647355611156,0.1204178910021714,7.352647355611156,0.1204178910021714,0.0,0.0,0.0,0.0,0.0,0.0,-2.450257249979132e-09,1.002491880919479,0.0,0.0,0.0,0.0,0.0,0.0,1.0016451917710962,-9.849071734349215e-09,0.038577357882308864,0.02026715414388959
5.578396,1.8,1.421817,1.0,0.0,1.4212721942708466,1.8,1.3805384579127626,1.0016344442574394,-9.84896605517874e-09,1.8,1.422211687468703,1.0016344442852736,-9.84896605545243e-09,1.0016344442852736,-9.84896605545243e-09,0.0,0.0,0.0,1.0016344442852736,-9.84896605545243e-09,0.0,0.0,1.8,1.399084374716143,0.9987997706269254,0.0018949942242816615,1.0016344470196616,-9.848966082339383e-09,0.0,0.7267099692158934,0.0,0.1725583103196892,6.608163381625229,0.2662473035197972,13.98816338162383,0.1725583103196892,0.0,0.09368899320010798,0.0,0.0,0.0,0.0,-2.450257249979132e-09,1.002491880919479,0.0,0.0,0.0,0.0,0.0,0.0,1.0016344470196616,-9.848966082339383e-09,0.0028346763927360754,0.0018950040732477434,1.8,1.399084374716143,0.9987997706269254,0.0018949942242816615,1.0016344470196616,-9.848966082339383e-09,0.0,0.7267099692158934,0.0,0.1725583103196892,6.608163381625229,0.2662473035197972,13.98816338162383,0.1204178910021714,7.352647355611156,0.1204178910021714,7.352647355611156,0.1204178910021714,0.0,0.0,0.0,0.0,0.0,0.0,-2.450257249979132e-09,1.002491880919479,0.0,0.0,0.0,0.0,0.0,0.0,1.0016344470196616,-9.848966082339383e-09,0.0028346763927360754,0.0018950040732477434
5.625337,1.8,1.422072,1.0,0.0,1.4220185444384352,1.8,1.3991772846254642,1.001616683900602,-9.848791419459473e-09,1.8,1.422867533397023,1.0016166873424237,-9.848791453302548e-09,1.0016166873424237,-9.848791453302548e-09,0.0,0.0,0.0,1.0016166873424237,-9.848791453302548e-09,0.0,0.0,1.8,1.4163177530017308,1.001325466806439,0.00016369049867465612,1.0016166331191614,-9.848790920130921e-09,0.0,0.26714002939782067,0.0,0.1725583103196892,6.608163381625229,0.2662473035197972,13.98816338162383,0.1725583103196892,0.0,0.09368899320010798,0.0,0.0,0.0,0.0,-2.450257249979132e-09,1.002491880919479,0.0,0.0,0.0,0.0,0.0,0.0,1.0016166331191614,-9.848790920130921e-09,0.0002911663127231613,0.0001637003474655762,1.8,1.4163177530017308,1.001325466806439,0.00016369049867465612,1.0016166331191614,-9.848790920130921e-09,0.0,0.26714002939782067,0.0,0.1725583103196892,6.608163381625229,0.2662473035197972,13.98816338162383,0.1204178910021714,7.352647355611156,0.1204178910021714,7.352647355611156,0.1204178910021714,0.0,0.0,0.0,0.0,0.0,0.0,-2.450257249979132e-09,1.002491880919479,0.0,0.0,0.0,0.0,0.0,0.0,1.0016166331191614,-9.848790920130921e-09,0.0002911663127231613,0.0001637003474655762
5.686793,1.8,1.422105,1.0,0.0,1.4222081544710528,1.8,1.4184582546274123,1.0015953786230052,-9.848581926907529e-09,1.8,1.4230593941178462,1.0015953884552646,-9.848582023587095e-09,1.0015953884552646,-9.848582023587095e-09,0.0,0.0,0.0,1.0015953884552646,-9.848582023587095e-09,0.0,0.0,1.8,1.421719105358084,1.0015978272419013,2.179498032942785e-09,1.0015953653038618,-9.848581795941792e-09,0.0,0.03687712369561039,0.0,0.1725583103196892,6.608163381625229,0.2662473035197972,13.98816338162383,0.1725583103196892,0.0,0.09368899320010798,0.0,0.0,0.0,0.0,-2.450257249979132e-09,1.002491880919479,0.0,0.0,0.0,0.0,0.0,0.0,1.0015953653038618,-9.848581795941792e-09,2.4619380396536677e-06,1.2028079828884575e-08,1.8,1.421719105358084,1.0015978272419013,2.179498032942785e-09,1.0015953653038618,-9.848581795941792e-09,0.0,0.03687712369561039,0.0,0.1725583103196892,6.608163381625229,0.2662473035197972,13.98816338162383,0.1204178910021714,7.352647355611156,0.1204178910021714,7.352647355611156,0.1204178910021714,0.0,0.0,0.0,0.0,0.0,0.0,-2.450257249979132e-09,1.002491880919479,0.0,0.0,0.0,0.0,0.0,0.0,1.0015953653038618,-9.848581795941792e-09,2.4619380396536677e-06,1.2028079828884575e-08
5.777794,1.8,1.422105,1.0,0.0,1.422233,1.8,1.4226181819246049,1.0015634343245845,-9.848267821983712e-09,1.8,1.4231223645280595,1.001563434419817,-9.848267822920124e-09,1.001563434419817,-9.848267822920124e-09,0.0,0.0,0.0,1.001563434419817,-9.848267822920124e-09,0.0,0.0,1.8,1.422501811081272,1.0015666194581427,-9.848294045646871e-09,1.001563426907373,-9.84826774905105e-09,0.0,0.003764894065010342,0.0,0.1725583103196892,6.608163381625229,0.2662473035197972,13.98816338162383,0.1725583103196892,0.0,0.09368899320010798,0.0,0.0,0.0,0.0,-2.450257249979132e-09,1.002491880919479,0.0,0.0,0.0,0.0,0.0,0.0,1.001563426907373,-9.84826774905105e-09,3.192550769903837e-06,2.6296595820747515e-14,1.8,1.422501811081272,1.0015666194581427,-9.848294045646871e-09,1.001563426907373,-9.84826774905105e-09,0.0,0.003764894065010342,0.0,0.1725583103196892,6.608163381625229,0.2662473035197972,13.98816338162383,0.1204178910021714,7.352647355611156,0.1204178910021714,7.352647355611156,0.1204178910021714,0.0,0.0,0.0,0.0,0.0,0.0,-2.450257249979132e-09,1.002491880919479,0.0,0.0,0.0,0.0,0.0,0.0,1.001563426907373,-9.84826774905105e-09,3.192550769903837e-06,2.6296595820747515e-14
5.927242,1.8,1.422105,1.0,0.0,1.422233,1.8,1.4228051870621445,1.001510171330374,-9.847744092568271e-09,1.8,1.4230742050033183,1.0015101770282708,-9.84774414859509e-09,1.0015101770282708,-9.84774414859509e-09,0.0,0.0,0.0,1.0015101770282708,-9.84774414859509e-09,0.0,0.0,1.8,1.4224963255404202,1.0015137118313522,-9.847773905941703e-09,1.0015101657314138,-9.84774403751429e-09,0.0,0.005367971705890447,0.0,0.1725583103196892,6.608163381625229,0.2662473035197972,13.98816338162383,0.1725583103196892,0.0,0.09368899320010798,0.0,0.0,0.0,0.0,-2.450257249979132e-09,1.002491880919479,0.0,0.0,0.0,0.0,0.0,0.0,1.0015101657314138,-9.84774403751429e-09,3.5460999378480836e-06,2.986842741361552e-14,1.8,1.4224963255404202,1.0015137118313522,-9.847773905941703e-09,1.0015101657314138,-9.84774403751429e-09,0.0,0.005367971705890447,0.0,0.1725583103196892,6.608163381625229,0.2662473035197972,13.98816338162383,0.1204178910021714,7.352647355611156,0.1204178910021714,7.352647355611156,0.1204178910021714,0.0,0.0,0.0,0.0,0.0,0.0,-2.450257249979132e-09,1.002491880919479,0.0,0.0,0.0,0.0,0.0,0.0,1.0015101657314138,-9.84774403751429e-09,3.5460999378480836e-06,2.986842741361552e-14
6.2581039999999994,1.8,1.422105,1.0,0.0,1.422233,1.8,1.4227609916491337,1.0013930105504392,-9.846592062951887e-09,1.8,1.4230831191818072,1.001393010610965,-9.846592063547028e-09,1.001393010610965,-9.846592063547028e-09,0.0,0.0,0.0,1.001393010610965,-9.846592063547028e-09,0.0,0.0,1.8,1.4224962668895575,1.0013959992234496,-9.84661645025901e-09,1.0013930052238253,-9.84659201057585e-09,0.0,0.0037842373119165587,0.0,0.1725583103196892,6.608163381625229,0.2662473035197972,13.98816338162383,0.1725583103196892,0.0,0.09368899320010798,0.0,0.0,0.0,0.0,-2.450257249979132e-09,1.002491880919479,0.0,0.0,0.0,0.0,0.0,0.0,1.0013930052238253,-9.84659201057585e-09,2.9939996243801822e-06,2.4439683159677767e-14,1.8,1.4224962668895575,1.0013959992234496,-9.84661645025901e-09,1.0013930052238253,-9.84659201057585e-09,0.0,0.0037842373119165587,0.0,0.1725583103196892,6.608163381625229,0.2662473035197972,13.98816338162383,0.1204178910021714,7.352647355611156,0.1204178910021714,7.352647355611156,0.1204178910021714,0.0,0.0,0.0,0.0,0.0,0.0,-2.450257249979132e-09,1.002491880919479,0.0,0.0,0.0,0.0,0.0,0.0,1.0013930052238253,-9.84659201057585e-09,2.9939996243801822e-06,2.4439683159677767e-14
7.316859,1.8,1.422105,1.0,0.0,1.422233,1.8,1.4226394357694871,1.0010166485273464,-9.842891334795866e-09,1.8,1.422888599434889,1.001016657880942,-9.842891426768791e-09,1.001016657880942,-9.842891426768791e-09,0.0,0.0,0.0,1.001016657880942,-9.842891426768791e-09,0.0,0.0,1.8,1.422338061099036,1.0010205216372008,-9.842924418677379e-09,1.0010166365826265,-9.842891217344691e-09,0.0,0.004602459814136598,0.0,0.1725583103196892,6.608163381625229,0.2662473035197972,13.98816338162383,0.1725583103196892,0.0,0.09368899320010798,0.0,0.0,0.0,0.0,-2.450257249979132e-09,1.002491880919479,0.0,0.0,0.0,0.0,0.0,0.0,1.0010166365826265,-9.842891217344691e-09,3.885054575170475e-06,3.320133268716719e-14,1.8,1.422338061099036,1.0010205216372008,-9.842924418677379e-09,1.0010166365826265,-9.842891217344691e-09,0.0,0.004602459814136598,0.0,0.1725583103196892,6.608163381625229,0.2662473035197972,13.98816338162383,0.1204178910021714,7.352647355611156,0.1204178910021714,7.352647355611156,0.1204178910021714,0.0,0.0,0.0,0.0,0.0,0.0,-2.450257249979132e-09,1.002491880919479,0.0,0.0,0.0,0.0,0.0,0.0,1.0010166365826265,-9.842891217344691e-09,3.885054575170475e-06,3.320133268716719e-14
8.416859,1.8,1.422105,1.0,0.0,1.422233,1.8,1.4225065914725155,1.0006260940187346,-9.839051053423689e-09,1.8,1.4227557993939657,1.00062610337233,-9.839051145396614e-09,1.00062610337233,-9.839051145396614e-09,0.0,0.0,0.0,1.00062610337233,-9.839051145396614e-09,0.0,0.0,1.8,1.4222051658677985,1.0006299671285899,-9.839084137305192e-09,1.0006260820740145,-9.839050935972514e-09,0.0,0.004602110111453911,0.0,0.1725583103196892,6.608163381625229,0.2662473035197972,13.98816338162383,0.1725583103196892,0.0,0.09368899320010798,0.0,0.0,0.0,0.0,-2.450257249979132e-09,1.002491880919479,0.0,0.0,0.0,0.0,0.0,0.0,1.0006260820740145,-9.839050935972514e-09,3.8850545752276456e-06,3.3201332678351053e-14,1.8,1.4222051658677985,1.0006299671285899,-9.839084137305192e-09,1.0006260820740145,-9.839050935972514e-09,0.0,0.004602110111453911,0.0,0.1725583103196892,6.608163381625229,0.2662473035197972,13.98816338162383,0.1204178910021714,7.352647355611156,0.1204178910021714,7.352647355611156,0.1204178910021714,0.0,0.0,0.0,0.0,0.0,0.0,-2.450257249979132e-09,1.002491880919479,0.0,0.0,0.0,0.0,0.0,0.0,1.0006260820740145,-9.839050935972514e-09,3.8850545752276456e-06,3.3201332678351053e-14
9.516859,1.8,1.422105,1.0,0.0,1.422233,1.8,1.4223736673825644,1.0002355395101235,-9.835210772051512e-09,1.8,1.4226229204602345,1.0002355488637191,-9.835210864024437e-09,1.0002355488637191,-9.835210864024437e-09,0.0,0.0,0.0,1.0002355488637191,-9.835210864024437e-09,0.0,0.0,1.8,1.4220721922377115,1.0002394126199778,-9.835243855933028e-09,1.0002355275654036,-9.835210654600337e-09,0.0,0.004601764871864951,0.0,0.1725583103196892,6.608163381625229,0.2662473035197972,13.98816338162383,0.1725583103196892,0.0,0.09368899320010798,0.0,0.0,0.0,0.0,-2.450257249979132e-09,1.002491880919479,0.0,0.0,0.0,0.0,0.0,0.0,1.0002355275654036,-9.835210654600337e-09,3.8850545752043445e-06,3.320133269091854e-14,1.8,1.4220721922377115,1.0002394126199778,-9.835243855933028e-09,1.0002355275654036,-9.835210654600337e-09,0.0,0.004601764871864951,0.0,0.1725583103196892,6.608163381625229,0.2662473035197972,13.98816338162383,0.1204178910021714,7.352647355611156,0.1204178910021714,7.352647355611156,0.1204178910021714,0.0,0.0,0.0,0.0,0.0,0.0,-2.450257249979132e-09,1.002491880919479,0.0,0.0,0.0,0.0,0.0,0.0,1.0002355275654036,-9.835210654600337e-09,3.8850545752043445e-06,3.320133269091854e-14
10.0,1.8,1.422105,1.0,0.0,1.422233,1.799999999999936,1.422291063518086,1.000062347730977,-9.833507795517883e-09,1.799999999999936,1.422624795409894,1.000061732106786,-9.833501742150006e-09,1.000061732106786,-9.833501742150006e-09,0.0,0.0,0.0,1.000061732106786,-9.833501742150006e-09,0.0,0.0,1.799999999999936,1.4220515269897551,1.000069599994794,-9.83357410626461e-09,1.000075977369625,-9.833641814320007e-09,0.0,0.0006558332482730627,0.0,0.1725583103196892,6.608163381625229,0.2662473035197972,13.98816338162383,0.1725583103196892,0.0,0.09368899320010798,0.0,0.0,0.0,0.0,-2.450257249979132e-09,1.002491880919479,0.0,0.0,0.0,0.0,0.0,0.0,1.000075977369625,-9.833641814320007e-09,6.377374830822485e-06,6.77080553968856e-14,1.799999999999936,1.4220515269897551,1.000069599994794,-9.83357410626461e-09,1.000075977369625,-9.833641814320007e-09,0.0,0.0006558332482730627,0.0,0.1725583103196892,6.608163381625229,0.2662473035197972,13.98816338162383,0.1204178910021714,7.352647355611156,0.1204178910021714,7.352647355611156,0.1204178910021714,0.0,0.0,0.0,0.0,0.0,0.0,-2.450257249979132e-09,1.002491880919479,0.0,0.0,0.0,0.0,0.0,0.0,1.000075977369625,-9.833641814320007e-09,6.377374830822485e-06,6.77080553968856e-14
10.0003,1.7892,1.422105,1.0,0.0,1.422233,1.7891999999999753,1.4222847015541957,1.0000780803327718,-9.833662492535266e-09,1.7892000000000547,1.422623187590006,1.000061545919242,-9.833499911387493e-09,1.000061545919242,-9.833499911387493e-09,0.0,0.0,0.0,1.000061545919242,-9.833499911387493e-09,0.0,0.0,1.7892000000000996,1.4220505980684446,1.000069561730344,-9.833573730014284e-09,1.0000680020336576,-9.833563393680951e-09,0.0,0.0007234520736278499,0.0,0.1725583103196892,6.608163381625229,0.2662473035197972,13.98816338162383,0.1725583103196892,0.0,0.09368899320010798,0.0,0.0,0.0,0.0,-2.450257249979132e-09,1.002491880919479,0.0,0.0,0.0,0.0,0.0,0.0,1.0000680020336576,-9.833563393680951e-09,1.559696686066939e-06,1.0336333331883761e-14,1.7892000000000996,1.4220505980684446,1.000069561730344,-9.833573730014284e-09,1.0000680020336576,-9.833563393680951e-09,0.0,0.0007234520736278499,0.0,0.1725583103196892,6.608163381625229,0.2662473035197972,13.98816338162383,0.1204178910021714,7.352647355611156,0.1204178910021714,7.352647355611156,0.1204178910021714,0.0,0.0,0.0,0.0,0.0,0.0,-2.450257249979132e-09,1.002491880919479,0.0,0.0,0.0,0.0,0.0,0.0,1.0000680020336576,-9.833563393680951e-09,1.559696686066939e-06,1.0336333331883761e-14
10.00126,1.75464,1.422105,1.0,0.0,1.422233,1.7546399999999311,1.4222920205315106,1.0000617366962417,-9.833501787277648e-09,1.7546399999998323,1.4226404053183073,1.0000616000284457,-9.833500443437598e-09,1.0000616000284457,-9.833500443437598e-09,0.0,0.0,0.0,1.0000616000284457,-9.833500443437598e-09,0.0,0.0,1.7546399999998965,1.4220591732200463,1.0000736011448326,-9.833613449151753e-09,1.0000620925883077,-9.833505286726871e-09,0.0,0.00014859458697953143,0.0,0.1725583103196892,6.608163381625229,0.2662473035197972,13.98816338162383,0.1725583103196892,0.0,0.09368899320010798,0.0,0.0,0.0,0.0,-2.450257249979132e-09,1.002491880919479,0.0,0.0,0.0,0.0,0.0,0.0,1.0000620925883077,-9.833505286726871e-09,1.1508556524783403e-05,1.0816242488230843e-13,1.7546399999998965,1.4220591732200463,1.0000736011448326,-9.833613449151753e-09,1.0000620925883077,-9.833505286726871e-09,0.0,0.00014859458697953143,0.0,0.1725583103196892,6.608163381625229,0.2662473035197972,13.98816338162383,0.1204178910021714,7.352647355611156,0.1204178910021714,7.352647355611156,0.1204178910021714,0.0,0.0,0.0,0.0,0.0,0.0,-2.450257249979132e-09,1.002491880919479,0.0,0.0,0.0,0.0,0.0,0.0,1.0000620925883077,-9.833505286726871e-09,1.1508556524783403e-05,1.0816242488230843e-13
10.004330000000001,1.644048,1.422105,1.0,0.0,1.422233,1.644120000000013,1.4223574141404356,1.0000615836625726,-9.833500282513688e-09,1.6441200000001055,1.4225291070693589,1.0000615707591718,-9.833500155635912e-09,1.0000615707591718,-9.833500155635912e-09,0.0,0.0,0.0,1.0000615707591718,-9.833500155635912e-09,0.0,0.0,1.6441200000000702,1.422035214684508,1.0000681840073435,-9.833560183009036e-09,1.0000615701348667,-9.833500149497178e-09,0.0,0.0018257186292975135,0.0,0.1725583103196892,6.608163381625229,0.2662473035197972,13.98816338162383,0.1725583103196892,0.0,0.09368899320010798,0.0,0.0,0.0,0.0,-2.450257249979132e-09,1.002491880919479,0.0,0.0,0.0,0.0,0.0,0.0,1.0000615701348667,-9.833500149497178e-09,6.613872476738943e-06,6.00335118587418e-14,1.6441200000000702,1.422035214684508,1.0000681840073435,-9.833560183009036e-09,1.0000615701348667,-9.833500149497178e-09,0.0,0.0018257186292975135,0.0,0.1725583103196892,6.608163381625229,0.2662473035197972,13.98816338162383,0.1204178910021714,7.352647355611156,0.1204178910021714,7.352647355611156,0.1204178910021714,0.0,0.0,0.0,0.0,0.0,0.0,-2.450257249979132e-09,1.002491880919479,0.0,0.0,0.0,0.0,0.0,0.0,1.0000615701348667,-9.833500149497178e-09,6.613872476738943e-06,6.00335118587418e-14
10.014159999999999,1.290154,1.422105,1.0,0.0,1.422233,1.290240000000118,1.4223499284065058,1.0,0.0,1.2902400000000473,1.4222840670135517,1.0,0.0,1.0,0.0,0.0,0.0,0.0,1.0,0.0,0.0,0.0,1.2902399999999523,1.4220743131252733,1.0000381843788282,-5.334150734852516e-09,1.0,0.0,0.0,0.002905273771498798,0.0,0.1725583103196892,6.608163381625229,0.2662473035197972,13.98816338162383,6.608163381625229,0.0,7.379999999998601,1.0,0.0,0.0,0.0,0.9996923232193372,-9.829869383444876e-09,0.0,0.0,0.0,0.0,0.0,0.0,1.0,0.0,3.818437882806671e-05,5.334150734852516e-09,1.2902399999999523,1.4220743131252733,1.0000381843788282,-5.334150734852516e-09,1.0,0.0,0.0,0.002905273771498798,0.0,0.1725583103196892,6.608163381625229,0.2662473035197972,13.98816338162383,0.1204178910021714,7.352647355611156,0.1204178910021714,7.352647355611156,7.352647355611156,0.0,0.0,0.0,0.0,0.0,0.0,0.9996923232193372,-9.829869383444876e-09,0.0,0.0,0.0,0.0,0.0,0.0,1.0,0.0,3.818437882806671e-05,5.334150734852516e-09
10.04254,0.2684,1.422105,1.0,0.0,1.422233,0.26855999999985497,1.4217064458597926,0.9998311316082124,5.338843948152525e-05,0.2685599999999919,1.4220089154917086,0.999830317664031,5.307532288253929e-05,0.999830317664031,5.307532288253929e-05,0.0,0.0,0.0,0.999830317664031,5.307532288253929e-05,0.0,0.0,0.2685599999999492,1.421994935141061,0.9997951811478234,3.809856376586013e-05,0.9998311316082124,5.3388439481525944e-05,0.0,0.005758901896583858,0.0,0.1725583103196892,6.608163381625229,0.2662473035197972,13.98816338162383,6.608163381625229,0.0,7.379999999998601,1.0,0.0,0.0,0.0,0.9996923232193372,-9.829869383444876e-09,0.0,0.0,0.0,0.0,0.0,0.0,0.9998311316082124,5.3388439481525944e-05,3.595046038898144e-05,1.5289875715665814e-05,0.2685599999999492,1.421994935141061,0.9997951811478234,3.809856376586013e-05,0.9998311316082124,5.3388439481525944e-05,0.0,0.005758901896583858,0.0,0.1725583103196892,6.608163381625229,0.2662473035197972,13.98816338162383,0.1204178910021714,7.352647355611156,0.1204178910021714,7.352647355611156,7.352647355611156,0.0,0.0,0.0,0.0,0.0,0.0,0.9996923232193372,-9.829869383444876e-09,0.0,0.0,0.0,0.0,0.0,0.0,0.9998311316082124,5.3388439481525944e-05,3.595046038898144e-05,1.5289875715665814e-05
10.04354,0.2324,1.422105,1.0,0.0,1.422233,0.232559999999868,1.4217071559134984,0.9998311316082124,5.338843948152525e-05,0.23256000000007768,1.4219935153256116,0.9998308410634669,5.32766696763547e-05,0.9998308410634669,5.32766696763547e-05,0.0,0.0,0.0,0.9998308410634669,5.32766696763547e-05,0.0,0.0,0.2325600000000119,1.4219945860635657,0.9998015557022801,4.08097057776161e-05,0.9998311316082124,5.3388439481523e-05,0.0,0.005302773277382556,0.0,0.1725583103196892,6.608163381625229,0.2662473035197972,13.98816338162383,6.608163381625229,0.0,7.379999999998601,1.0,0.0,0.0,0.0,0.9996923232193372,-9.829869383444876e-09,0.0,0.0,0.0,0.0,0.0,0.0,0.9998311316082124,5.3388439481523e-05,2.957590593223939e-05,1.2578733703906902e-05,0.2325600000000119,1.4219945860635657,0.9998015557022801,4.08097057776161e-05,0.9998311316082124,5.3388439481523e-05,0.0,0.005302773277382556,0.0,0.1725583103196892,6.608163381625229,0.2662473035197972,13.98816338162383,0.1204178910021714,7.352647355611156,0.1204178910021714,7.352647355611156,7.352647355611156,0.0,0.0,0.0,0.0,0.0,0.0,0.9996923232193372,-9.829869383444876e-09,0.0,0.0,0.0,0.0,0.0,0.0,0.9998311316082124,5.3388439481523e-05,2.957590593223939e-05,1.2578733703906902e-05
10.044540000000001,0.1964,1.422105,1.0,0.0,1.422233,0.1965599999997872,1.4216953187382324,0.9998311316082124,5.3388439481525795e-05,0.19655999999994203,1.4219738452372397,0.9998311316082124,5.338843948152764e-05,0.9998311316082124,5.338843948152764e-05,0.0,0.0,0.0,0.9998311316082124,5.338843948152764e-05,0.0,0.0,0.19655999999998194,1.4219990795929276,0.9998068232253854,4.3050012635985096e-05,0.9998311316082124,5.338843948152401e-05,0.0,0.004432049451072411,0.0,0.1725583103196892,6.608163381625229,0.2662473035197972,13.98816338162383,6.608163381625229,0.0,7.379999999998601,1.0,0.0,0.0,0.0,0.9996923232193372,-9.829869383444876e-09,0.0,0.0,0.0,0.0,0.0,0.0,0.9998311316082124,5.338843948152401e-05,2.4308382826990233e-05,1.033842684553892e-05,0.19655999999998194,1.4219990795929276,0.9998068232253854,4.3050012635985096e-05,0.9998311316082124,5.338843948152401e-05,0.0,0.004432049451072411,0.0,0.1725583103196892,6.608163381625229,0.2662473035197972,13.98816338162383,0.1204178910021714,7.352647355611156,0.1204178910021714,7.352647355611156,7.352647355611156,0.0,0.0,0.0,0.0,0.0,0.0,0.9996923232193372,-9.829869383444876e-09,0.0,0.0,0.0,0.0,0.0,0.0,0.9998311316082124,5.338843948152401e-05,2.4308382826990233e-05,1.033842684553892e-05
10.044789999999999,0.1874,1.422105,1.000005,1.199511e-06,1.422233,0.18755999999987216,1.4216955205351947,0.9998311316082124,5.338843948152619e-05,0.187560000000019,1.421968443581722,0.9998311316082124,5.3388439481527245e-05,0.9998311316082124,5.3388439481527245e-05,0.0,0.0,0.0,0.9998311316082124,5.3388439481527245e-05,0.0,0.0,0.1875600000000669,1.422000581514571,0.9998079742529985,4.353954995152719e-05,0.9998311316082124,5.3388439481524805e-05,0.0,0.004187727321649086,0.0,0.1725583103196892,6.608163381625229,0.2662473035197972,13.98816338162383,6.608163381625229,0.0,7.379999999998601,1.0,0.0,0.0,0.0,0.9996923232193372,-9.829869383444876e-09,0.0,0.0,0.0,0.0,0.0,0.0,0.9998311316082124,5.3388439481524805e-05,2.315735521380718e-05,9.848889529997619e-06,0.1875600000000669,1.422000581514571,0.9998079742529985,4.353954995152719e-05,0.9998311316082124,5.3388439481524805e-05,0.0,0.004187727321649086,0.0,0.1725583103196892,6.608163381625229,0.2662473035197972,13.98816338162383,0.1204178910021714,7.352647355611156,0.1204178910021714,7.352647355611156,7.352647355611156,0.0,0.0,0.0,0.0,0.0,0.0,0.9996923232193372,-9.829869383444876e-09,0.0,0.0,0.0,0.0,0.0,0.0,0.9998311316082124,5.3388439481524805e-05,2.315735521380718e-05,9.848889529997619e-06
10.045589999999999,0.1586,1.422105,1.000005,1.199511e-06,1.422233,0.1587599999998754,1.4216961662854732,0.9998311316082124,5.338843948152744e-05,0.15875999999999668,1.4219511582840643,0.9998311316082124,5.338843948152598e-05,0.9998311316082124,5.338843948152598e-05,0.0,0.0,0.0,0.9998311316082124,5.338843948152598e-05,0.0,0.0,0.15876000000007012,1.4220053876638301,0.9998116575413608,4.510606936127649e-05,0.9998311316082124,5.338843948152734e-05,0.0,0.0034058965074871567,0.0,0.1725583103196892,6.608163381625229,0.2662473035197972,13.98816338162383,6.608163381625229,0.0,7.379999999998601,1.0,0.0,0.0,0.0,0.9996923232193372,-9.829869383444876e-09,0.0,0.0,0.0,0.0,0.0,0.0,0.9998311316082124,5.338843948152734e-05,1.9474066851587055e-05,8.282370120250843e-06,0.15876000000007012,1.4220053876638301,0.9998116575413608,4.510606936127649e-05,0.9998311316082124,5.338843948152734e-05,0.0,0.0034058965074871567,0.0,0.1725583103196892,6.608163381625229,0.2662473035197972,13.98816338162383,0.1204178910021714,7.352647355611156,0.1204178910021714,7.352647355611156,7.352647355611156,0.0,0.0,0.0,0.0,0.0,0.0,0.9996923232193372,-9.829869383444876e-09,0.0,0.0,0.0,0.0,0.0,0.0,0.9998311316082124,5.338843948152734e-05,1.9474066851587055e-05,8.282370120250843e-06
10.04815,0.06644,1.422105,1.000005,1.199511e-06,1.422233,0.06659999999978498,1.4216083039592593,0.9998311316082124,5.338843948152841e-05,0.06659999999995807,1.4218282525953985,0.9998311316082124,5.3388439481528234e-05,0.9998311316082124,5.3388439481528234e-05,0.0,0.0,0.0,0.9998311316082124,5.3388439481528234e-05,0.0,0.0,0.06659999999998449,1.4220335886012212,0.9998198980205159,4.8610773431502875e-05,0.9998311316082124,5.338843948153157e-05,0.0,0.002508507086894796,0.0,0.1725583103196892,6.608163381625229,0.2662473035197972,13.98816338162383,6.608163381625229,0.0,7.379999999998601,1.0,0.0,0.0,0.0,0.9996923232193372,-9.829869383444876e-09,0.0,0.0,0.0,0.0,0.0,0.0,0.9998311316082124,5.338843948153157e-05,1.1233587696504486e-05,4.7776660500286995e-06,0.06659999999998449,1.4220335886012212,0.9998198980205159,4.8610773431502875e-05,0.9998311316082124,5.338843948153157e-05,0.0,0.002508507086894796,0.0,0.1725583103196892,6.608163381625229,0.2662473035197972,13.98816338162383,0.1204178910021714,7.352647355611156,0.1204178910021714,7.352647355611156,7.352647355611156,0.0,0.0,0.0,0.0,0.0,0.0,0.9996923232193372,-9.829869383444876e-09,0.0,0.0,0.0,0.0,0.0,0.0,0.9998311316082124,5.338843948153157e-05,1.1233587696504486e-05,4.7776660500286995e-06
10.05,0.0,1.422105,1.000005,1.199511e-06,1.422233,0.0,1.421601591186783,0.9998311316082124,5.338843948152841e-05,0.0,1.421871698951607,0.9998311316082124,5.338843948152525e-05,0.9998311316082124,5.338843948152525e-05,0.0,0.0,0.0,0.9998311316082124,5.338843948152525e-05,0.0,0.0,0.0,1.422208927537353,0.9998234988200705,5.014220124205195e-05,0.9998311316082124,5.338843948153157e-05,0.0,0.0159392793997597,0.0,0.1725583103196892,6.608163381625229,0.2662473035197972,13.98816338162383,6.608163381625229,0.0,7.379999999998601,1.0,0.0,0.0,0.0,0.9996923232193372,-9.829869383444876e-09,0.0,0.0,0.0,0.0,0.0,0.0,0.9998311316082124,5.338843948153157e-05,7.632788141864744e-06,3.246238239479626e-06,0.0,1.422208927537353,0.9998234988200705,5.014220124205195e-05,0.9998311316082124,5.338843948153157e-05,0.0,0.0159392793997597,0.0,0.1725583103196892,6.608163381625229,0.2662473035197972,13.98816338162383,0.1204178910021714,7.352647355611156,0.1204178910021714,7.352647355611156,7.352647355611156,0.0,0.0,0.0,0.0,0.0,0.0,0.9996923232193372,-9.829869383444876e-09,0.0,0.0,0.0,0.0,0.0,0.0,0.9998311316082124,5.338843948153157e-05,7.632788141864744e-06,3.246238239479626e-06
10.050180000000001,0.0,1.422105,1.000005,1.199511e-06,1.422233,0.0,1.4216148691160475,0.9998311316082124,5.3388439481529366e-05,0.0,1.4218699821413536,0.9998311316082124,5.3388439481527e-05,0.9998311316082124,5.3388439481527e-05,0.0,0.0,0.0,0.9998311316082124,5.3388439481527e-05,0.0,0.0,0.0,1.4221949635817837,0.999823764961612,5.0255391708714326e-05,0.9998311316082124,5.338843948153277e-05,0.0,0.014282963378630244,0.0,0.1725583103196892,6.608163381625229,0.2662473035197972,13.98816338162383,6.608163381625229,0.0,7.379999999998601,1.0,0.0,0.0,0.0,0.9996923232193372,-9.829869383444876e-09,0.0,0.0,0.0,0.0,0.0,0.0,0.9998311316082124,5.338843948153277e-05,7.366646600353412e-06,3.1330477728184447e-06,0.0,1.4221949635817837,0.999823764961612,5.0255391708714326e-05,0.9998311316082124,5.338843948153277e-05,0.0,0.014282963378630244,0.0,0.1725583103196892,6.608163381625229,0.2662473035197972,13.98816338162383,0.1204178910021714,7.352647355611156,0.1204178910021714,7.352647355611156,7.352647355611156,0.0,0.0,0.0,0.0,0.0,0.0,0.9996923232193372,-9.829869383444876e-09,0.0,0.0,0.0,0.0,0.0,0.0,0.9998311316082124,5.338843948153277e-05,7.366646600353412e-06,3.1330477728184447e-06
10.050410000000001,0.0,1.422105,1.000005,1.199511e-06,1.422233,0.0,1.4216233628288548,0.9998311316082124,5.338843948153157e-05,0.0,1.4218788301553247,0.9998311316082124,5.3388439481528404e-05,0.9998311316082124,5.3388439481528404e-05,0.0,0.0,0.0,0.9998311316082124,5.3388439481528404e-05,0.0,0.0,0.0,1.4221807878287958,0.9998240932900835,5.039503038625137e-05,0.9998311316082124,5.338843948152841e-05,0.0,0.012562568526154819,0.0,0.1725583103196892,6.608163381625229,0.2662473035197972,13.98816338162383,6.608163381625229,0.0,7.379999999998601,1.0,0.0,0.0,0.0,0.9996923232193372,-9.829869383444876e-09,0.0,0.0,0.0,0.0,0.0,0.0,0.9998311316082124,5.338843948152841e-05,7.038318128913276e-06,2.99340909527704e-06,0.0,1.4221807878287958,0.9998240932900835,5.039503038625137e-05,0.9998311316082124,5.338843948152841e-05,0.0,0.012562568526154819,0.0,0.1725583103196892,6.608163381625229,0.2662473035197972,13.98816338162383,0.1204178910021714,7.352647355611156,0.1204178910021714,7.352647355611156,7.352647355611156,0.0,0.0,0.0,0.0,0.0,0.0,0.9996923232193372,-9.829869383444876e-09,0.0,0.0,0.0,0.0,0.0,0.0,0.9998311316082124,5.338843948152841e-05,7.038318128913276e-06,2.99340909527704e-06
10.05114,0.0,1.422105,1.000005,1.199511e-06,1.422233,0.0,1.4216647832023204,0.9998339352810796,5.446698581542262e-05,0.0,1.4218738504887285,0.9998448108273875,5.8650705227465485e-05,0.9998448108273875,5.8650705227465485e-05,0.0,0.0,0.0,0.9998448108273875,5.8650705227465485e-05,0.0,0.0,0.0,1.422164727559291,0.9998251111384537,5.082553695750437e-05,0.9998443917195656,5.848947842739975e-05,0.0,0.010124408974139805,0.0,0.1725583103196892,6.608163381625229,0.2662473035197972,13.98816338162383,6.608163381625229,0.0,7.379999999998601,1.0,0.0,0.0,0.0,0.9996923232193372,-9.829869383444876e-09,0.0,0.0,0.0,0.0,0.0,0.0,0.9998443917195656,5.848947842739975e-05,1.9280581111828327e-05,7.663941469895378e-06,0.0,1.422164727559291,0.9998251111384537,5.082553695750437e-05,0.9998443917195656,5.848947842739975e-05,0.0,0.010124408974139805,0.0,0.1725583103196892,6.608163381625229,0.2662473035197972,13.98816338162383,0.1204178910021714,7.352647355611156,0.1204178910021714,7.352647355611156,7.352647355611156,0.0,0.0,0.0,0.0,0.0,0.0,0.9996923232193372,-9.829869383444876e-09,0.0,0.0,0.0,0.0,0.0,0.0,0.9998443917195656,5.848947842739975e-05,1.9280581111828327e-05,7.663941469895378e-06
10.05348,0.0,1.422105,1.000005,1.199511e-06,1.422233,0.0,1.4217195916139989,0.9998774010711707,7.118786259849878e-05,0.0,1.4218406693334438,0.9998767652939331,7.094328513124398e-05,0.9998767652939331,7.094328513124398e-05,0.0,0.0,0.0,0.9998767652939331,7.094328513124398e-05,0.0,0.0,0.0,1.4221637625202384,0.9998444151418119,5.834277046628581e-05,0.9998774010711706,7.118786259849386e-05,0.0,0.008012371047060108,0.0,0.1725583103196892,6.608163381625229,0.2662473035197972,13.98816338162383,6.608163381625229,0.0,7.379999999998601,1.0,0.0,0.0,0.0,0.9996923232193372,-9.829869383444876e-09,0.0,0.0,0.0,0.0,0.0,0.0,0.9998774010711706,7.118786259849386e-05,3.298592935878388e-05,1.2845092132208053e-05,0.0,1.4221637625202384,0.9998444151418119,5.834277046628581e-05,0.9998774010711706,7.118786259849386e-05,0.0,0.008012371047060108,0.0,0.1725583103196892,6.608163381625229,0.2662473035197972,13.98816338162383,0.1204178910021714,7.352647355611156,0.1204178910021714,7.352647355611156,7.352647355611156,0.0,0.0,0.0,0.0,0.0,0.0,0.9996923232193372,-9.829869383444876e-09,0.0,0.0,0.0,0.0,0.0,0.0,0.9998774010711706,7.118786259849386e-05,3.298592935878388e-05,1.2845092132208053e-05
10.06095,0.0,1.422105,1.000005,1.199511e-06,1.422233,0.0,1.421618774531504,0.9998774010711707,7.118786259849851e-05,0.0,1.4218254755632531,0.999880730204527,7.24685485938144e-05,0.999880730204527,7.24685485938144e-05,0.0,0.0,0.0,0.999880730204527,7.24685485938144e-05,0.0,0.0,0.0,1.4222971976635375,0.9998705190819175,6.850791258729035e-05,0.9998774010711707,7.118786259849903e-05,0.0,0.013915068692004599,0.0,0.1725583103196892,6.608163381625229,0.2662473035197972,13.98816338162383,6.608163381625229,0.0,7.379999999998601,1.0,0.0,0.0,0.0,0.9996923232193372,-9.829869383444876e-09,0.0,0.0,0.0,0.0,0.0,0.0,0.9998774010711707,7.118786259849903e-05,6.881989253265993e-06,2.6799500112086816e-06,0.0,1.4222971976635375,0.9998705190819175,6.850791258729035e-05,0.9998774010711707,7.118786259849903e-05,0.0,0.013915068692004599,0.0,0.1725583103196892,6.608163381625229,0.2662473035197972,13.98816338162383,0.1204178910021714,7.352647355611156,0.1204178910021714,7.352647355611156,7.352647355611156,0.0,0.0,0.0,0.0,0.0,0.0,0.9996923232193372,-9.829869383444876e-09,0.0,0.0,0.0,0.0,0.0,0.0,0.9998774010711707,7.118786259849903e-05,6.881989253265993e-06,2.6799500112086816e-06
10.084850000000001,0.0,1.422105,1.000005,1.199511e-06,1.422233,0.0,1.4216166077878138,1.0000162121161007,0.00012458715370844062,0.0,1.4217942744187952,1.0000163756515648,0.00012465006424892806,1.0000163756515648,0.00012465006424892806,0.0,0.0,0.0,1.0000163756515648,0.00012465006424892806,0.0,0.0,0.0,1.4219180246288,0.9999907118782151,0.00011477721705307299,1.000016209460046,0.00012458613194940715,0.0,0.011944179491274154,0.0,0.1725583103196892,6.608163381625229,0.2662473035197972,13.98816338162383,6.608163381625229,0.0,7.379999999998601,1.0,0.0,0.0,0.0,0.9996923232193372,-9.829869383444876e-09,0.0,0.0,0.0,0.0,0.0,0.0,1.000016209460046,0.00012458613194940715,2.5497581830714274e-05,9.808914896334187e-06,0.0,1.4219180246288,0.9999907118782151,0.00011477721705307299,1.000016209460046,0.00012458613194940715,0.0,0.011944179491274154,0.0,0.1725583103196892,6.608163381625229,0.2662473035197972,13.98816338162383,0.1204178910021714,7.352647355611156,0.1204178910021714,7.352647355611156,7.352647355611156,0.0,0.0,0.0,0.0,0.0,0.0,0.9996923232193372,-9.829869383444876e-09,0.0,0.0,0.0,0.0,0.0,0.0,1.000016209460046,0.00012458613194940715,2.5497581830714274e-05,9.808914896334187e-06
10.118179999999999,0.0,1.422105,1.000005,1.199511e-06,1.422233,0.0,1.4214053217527889,1.000155017848921,0.0001779844013003164,0.0,1.4216411752102818,1.0001550090633344,0.00017798102156876705,1.0001550090633344,0.00017798102156876705,0.0,0.0,0.0,1.0001550090633344,0.00017798102156876705,0.0,0.0,0.0,1.4217332312755375,1.000142517247201,0.00017317553827535915,1.000155017848921,0.00017798440130032542,0.0,0.0034192276692735497,0.0,0.1725583103196892,6.608163381625229,0.2662473035197972,13.98816338162383,6.608163381625229,0.0,7.379999999998601,1.0,0.0,0.0,0.0,0.9996923232193372,-9.829869383444876e-09,0.0,0.0,0.0,0.0,0.0,0.0,1.000155017848921,0.00017798440130032542,1.250060171992946e-05,4.808863024966267e-06,0.0,1.4217332312755375,1.000142517247201,0.00017317553827535915,1.000155017848921,0.00017798440130032542,0.0,0.0034192276692735497,0.0,0.1725583103196892,6.608163381625229,0.2662473035197972,13.98816338162383,0.1204178910021714,7.352647355611156,0.1204178910021714,7.352647355611156,7.352647355611156,0.0,0.0,0.0,0.0,0.0,0.0,0.9996923232193372,-9.829869383444876e-09,0.0,0.0,0.0,0.0,0.0,0.0,1.000155017848921,0.00017798440130032542,1.250060171992946e-05,4.808863024966267e-06
10.15152,0.0,1.422105,1.000005,1.199511e-06,1.422232,0.0,1.4214027658367583,1.0003505477424197,0.0002532028949649017,0.0,1.4217496586348872,1.0003355514598005,0.0002474339674161279,1.0003355514598005,0.0002474339674161279,0.0,0.0,0.0,1.0003355514598005,0.0002474339674161279,0.0,0.0,0.0,1.4216464936702164,1.0002910602565922,0.00023031862394895942,1.0003348929659812,0.0002471806510958268,0.0,0.001935356904972148,0.0,0.1725583103196892,6.608163381625229,0.2662473035197972,13.98816338162383,6.608163381625229,0.0,7.379999999998601,1.0,0.0,0.0,0.0,0.9996923232193372,-9.829869383444876e-09,0.0,0.0,0.0,0.0,0.0,0.0,1.0003348929659812,0.0002471806510958268,4.383270938913478e-05,1.6862027146867337e-05,0.0,1.4216464936702164,1.0002910602565922,0.00023031862394895942,1.0003348929659812,0.0002471806510958268,0.0,0.001935356904972148,0.0,0.1725583103196892,6.608163381625229,0.2662473035197972,13.98816338162383,0.1204178910021714,7.352647355611156,0.1204178910021714,7.352647355611156,7.352647355611156,0.0,0.0,0.0,0.0,0.0,0.0,0.9996923232193372,-9.829869383444876e-09,0.0,0.0,0.0,0.0,0.0,0.0,1.0003348929659812,0.0002471806510958268,4.383270938913478e-05,1.6862027146867337e-05
10.18485,0.0,1.422105,1.000005,1.199511e-06,1.4222497051509768,0.0,1.4214943806606974,1.0004789067456847,0.00030258138487814363,0.0,1.421746814395277,1.0004790702811481,0.0003026442954186343,1.0004790702811481,0.0003026442954186343,0.0,0.0,0.0,1.0004790702811481,0.0003026442954186343,0.0,0.0,0.0,1.4216186935510693,1.0004534060575585,0.000292771512267067,1.00047890408963,0.00030258036311911333,0.0,0.001290591201556834,0.0,0.1725583103196892,6.608163381625229,0.2662473035197972,13.98816338162383,6.608163381625229,0.0,7.379999999998601,1.0,0.0,0.0,0.0,0.9996923232193372,-9.829869383444876e-09,0.0,0.0,0.0,0.0,0.0,0.0,1.00047890408963,0.00030258036311911333,2.5498032070880737e-05,9.808850852046376e-06,0.0,1.4216186935510693,1.0004534060575585,0.000292771512267067,1.00047890408963,0.00030258036311911333,0.0,0.001290591201556834,0.0,0.1725583103196892,6.608163381625229,0.2662473035197972,13.98816338162383,0.1204178910021714,7.352647355611156,0.1204178910021714,7.352647355611156,7.352647355611156,0.0,0.0,0.0,0.0,0.0,0.0,0.9996923232193372,-9.829869383444876e-09,0.0,0.0,0.0,0.0,0.0,0.0,1.00047890408963,0.00030258036311911333,2.5498032070880737e-05,9.808850852046376e-06
10.21818,0.0,1.422106,1.000005,1.199511e-06,1.4221124991273995,0.0,1.4213019549481134,1.001787142462565,0.001148635716664664,0.0,1.4215629337142686,1.0017868489976713,0.0011484393770526398,1.0017868489976713,0.0011484393770526398,0.0,0.0,0.0,1.0017868489976713,0.0011484393770526398,0.0,0.0,0.0,1.4216056820119447,1.0014984574293342,0.0009566249272781347,1.001787142462566,0.001148635716665031,0.0,0.0009710150403556558,0.0,0.1725583103196892,6.608163381625229,0.2662473035197972,13.98816338162383,6.608163381625229,0.0,7.379999999998601,1.0,0.0,0.0,0.0,0.9996923232193372,-9.829869383444876e-09,0.0,0.0,0.0,0.0,0.0,0.0,1.001787142462566,0.001148635716665031,0.0002886850332315194,0.00019201078938689675,0.0,1.4216056820119447,1.0014984574293342,0.0009566249272781347,1.001787142462566,0.001148635716665031,0.0,0.0009710150403556558,0.0,0.1725583103196892,6.608163381625229,0.2662473035197972,13.98816338162383,0.1204178910021714,7.352647355611156,0.1204178910021714,7.352647355611156,7.352647355611156,0.0,0.0,0.0,0.0,0.0,0.0,0.9996923232193372,-9.829869383444876e-09,0.0,0.0,0.0,0.0,0.0,0.0,1.001787142462566,0.001148635716665031,0.0002886850332315194,0.00019201078938689675
10.24485,0.0,1.422106,1.003724,0.001431331,1.4217517231920198,0.0,1.4222049233901988,1.0102982877578721,-0.0010190005453931392,0.0,1.4224416251672378,1.0102743931249132,-0.0010498923301967443,1.0102743931249132,-0.0010498923301967443,0.0,0.0,0.0,1.0102743931249132,-0.0010498923301967443,0.0,0.0,0.0,1.4219086697076646,1.0097424395305006,0.0007522916624635105,1.0102986758416008,-0.0010184988177027485,0.0,0.025677022632048963,0.0,0.1725583103196892,6.608163381625229,0.2662473035197972,13.98816338162383,6.608163381625229,0.0,7.379999999998601,1.0,0.0,0.0,0.0,0.9996923232193372,-9.829869383444876e-09,0.0,0.0,0.0,0.0,0.0,0.0,1.0102986758416008,-0.0010184988177027485,0.0005562363110999723,0.0017707904801662585,0.0,1.4219086697076646,1.0097424395305006,0.0007522916624635105,1.0102986758416008,-0.0010184988177027485,0.0,0.025677022632048963,0.0,0.1725583103196892,6.608163381625229,0.2662473035197972,13.98816338162383,0.1204178910021714,7.352647355611156,0.1204178910021714,7.352647355611156,7.352647355611156,0.0,0.0,0.0,0.0,0.0,0.0,0.9996923232193372,-9.829869383444876e-09,0.0,0.0,0.0,0.0,0.0,0.0,1.0102986758416008,-0.0010184988177027485,0.0005562363110999723,0.0017707904801662585
10.27818,0.0,1.424202,1.009949,-0.002755347,1.4292504931129477,0.0,1.4200315526145504,0.7560511993672119,-0.06191826699182879,0.0,1.4204963809609272,0.756101806850324,-0.06192001244952985,0.756101806850324,-0.06192001244952985,0.0,0.0,0.0,0.756101806850324,-0.06192001244952985,0.0,0.0,0.0,1.4242821811600381,0.7972456920992027,-0.056191176653196485,0.7560511993670607,-0.06191826699182356,0.0,0.11073824677061689,0.0,0.1725583103196892,6.608163381625229,0.2662473035197972,13.98816338162383,6.608163381625229,0.0,7.379999999998601,1.0,0.0,0.0,0.0,0.9996923232193372,-9.829869383444876e-09,0.0,0.0,0.0,0.0,0.0,0.0,0.7560511993670607,-0.06191826699182356,0.041194492732142055,0.005727090338627076,0.0,1.4242821811600381,0.7972456920992027,-0.056191176653196485,0.7560511993670607,-0.06191826699182356,0.0,0.11073824677061689,0.0,0.1725583103196892,6.608163381625229,0.2662473035197972,13.98816338162383,0.1204178910021714,7.352647355611156,0.1204178910021714,7.352647355611156,7.352647355611156,0.0,0.0,0.0,0.0,0.0,0.0,0.9996923232193372,-9.829869383444876e-09,0.0,0.0,0.0,0.0,0.0,0.0,0.7560511993670607,-0.06191826699182356,0.041194492732142055,0.005727090338627076
10.28685,0.0,1.425955,0.9899613,-0.01748093,1.4294908943894393,0.0,1.3906100202281484,0.4808638672381389,-0.031327617272227104,0.0,1.3914327558939108,0.4803554506004418,-0.031243279127389847,0.4803554506004418,-0.031243279127389847,0.0,0.0,0.0,0.4803554506004418,-0.031243279127389847,0.0,0.0,0.0,1.4084320803023318,0.575056586653489,-0.039894249111613156,0.480950548752628,-0.031341996341639616,0.0,1.2342744599043718,0.0,0.1725583103196892,6.608163381625229,0.2662473035197972,13.98816338162383,6.608163381625229,0.0,7.379999999998601,1.0,0.0,0.0,0.0,0.9996923232193372,-9.829869383444876e-09,0.0,0.0,0.0,0.0,0.0,0.0,0.480950548752628,-0.031341996341639616,0.09410603790086099,0.008552252769973534,0.0,1.4084320803023318,0.575056586653489,-0.039894249111613156,0.480950548752628,-0.031341996341639616,0.0,1.2342744599043718,0.0,0.1725583103196892,6.608163381625229,0.2662473035197972,13.98816338162383,0.1204178910021714,7.352647355611156,0.1204178910021714,7.352647355611156,7.352647355611156,0.0,0.0,0.0,0.0,0.0,0.0,0.9996923232193372,-9.829869383444876e-09,0.0,0.0,0.0,0.0,0.0,0.0,0.480950548752628,-0.031341996341639616,0.09410603790086099,0.008552252769973534
10.29543,0.0,1.428543,0.9333262,-0.04334393,1.416970400000001,0.0,1.32626932661947,0.19971656401052265,0.08408139416849177,0.0,1.3275165778137152,0.1990503131082626,0.08454540075805426,0.1990503131082626,0.08454540075805426,0.0,0.0,0.0,0.1990503131082626,0.08454540075805426,0.0,0.0,0.0,1.3663588985230453,0.334645764393893,0.033983261139689205,0.19982705831077005,0.0840044410518051,0.0,3.5526449017666533,0.0,0.1725583103196892,6.608163381625229,0.2662473035197972,13.98816338162383,6.608163381625229,0.0,7.379999999998601,1.0,0.0,0.0,0.0,0.9996923232193372,-9.829869383444876e-09,0.0,0.0,0.0,0.0,0.0,0.0,0.19982705831077005,0.0840044410518051,0.13481870608312296,0.05002117991211589,0.0,1.3663588985230453,0.334645764393893,0.033983261139689205,0.19982705831077005,0.0840044410518051,0.0,3.5526449017666533,0.0,0.1725583103196892,6.608163381625229,0.2662473035197972,13.98816338162383,0.1204178910021714,7.352647355611156,0.1204178910021714,7.352647355611156,7.352647355611156,0.0,0.0,0.0,0.0,0.0,0.0,0.9996923232193372,-9.829869383444876e-09,0.0,0.0,0.0,0.0,0.0,0.0,0.19982705831077005,0.0840044410518051,0.13481870608312296,0.05002117991211589
10.300709999999999,0.0,1.429183,0.8549639,-0.06012058,1.3936926206896645,0.0,1.2724737144668963,0.1997165640104626,0.0840813941685335,0.0,1.2737112311296965,0.19971656401030388,0.08408139416864412,0.19971656401030388,0.08408139416864412,0.0,0.0,0.0,0.19971656401030388,0.08408139416864412,0.0,0.0,0.0,1.3208730914730409,0.24569919384518543,0.06700432824034262,0.19971716099380302,0.08408097840293702,0.0,5.654779702695148,0.0,0.1725583103196892,6.608163381625229,0.2662473035197972,13.98816338162383,6.608163381625229,0.0,7.379999999998601,1.0,0.0,0.0,0.0,0.9996923232193372,-9.829869383444876e-09,0.0,0.0,0.0,0.0,0.0,0.0,0.19971716099380302,0.08408097840293702,0.045982032851382415,0.017076650162594405,0.0,1.3208730914730409,0.24569919384518543,0.06700432824034262,0.19971716099380302,0.08408097840293702,0.0,5.654779702695148,0.0,0.1725583103196892,6.608163381625229,0.2662473035197972,13.98816338162383,0.1204178910021714,7.352647355611156,0.1204178910021714,7.352647355611156,7.352647355611156,0.0,0.0,0.0,0.0,0.0,0.0,0.9996923232193372,-9.829869383444876e-09,0.0,0.0,0.0,0.0,0.0,0.0,0.19971716099380302,0.08408097840293702,0.045982032851382415,0.017076650162594405
10.30401,0.0,1.428301,0.8010794,-0.0673301,1.370724631578948,0.0,1.221840344418974,0.184084854999424,0.3061925618665127,0.0,1.223427588995683,0.1843001760657688,0.3067057959179479,0.1843001760657688,0.3067057959179479,0.0,0.0,0.0,0.1843001760657688,0.3067057959179479,0.0,0.0,0.0,1.2853490993286223,0.21691188751105533,0.1723327937746304,0.18418129198025518,0.3064224267061235,0.0,7.1159501210944756,0.0,0.1725583103196892,6.608163381625229,0.2662473035197972,13.98816338162383,6.608163381625229,0.0,7.379999999998601,1.0,0.0,0.0,0.0,0.9996923232193372,-9.829869383444876e-09,0.0,0.0,0.0,0.0,0.0,0.0,0.18418129198025518,0.3064224267061235,0.0327305955308002,0.13408963293149312,0.0,1.2853490993286223,0.21691188751105533,0.1723327937746304,0.18418129198025518,0.3064224267061235,0.0,7.1159501210944756,0.0,0.1725583103196892,6.608163381625229,0.2662473035197972,13.98816338162383,0.1204178910021714,7.352647355611156,0.1204178910021714,7.352647355611156,7.352647355611156,0.0,0.0,0.0,0.0,0.0,0.0,0.9996923232193372,-9.829869383444876e-09,0.0,0.0,0.0,0.0,0.0,0.0,0.18418129198025518,0.3064224267061235,0.0327305955308002,0.13408963293149312
10.30683,0.0,1.426451,0.7480952,-0.07212161,1.3426369079229117,0.0,1.177511459627302,0.1840642940249936,0.30614355322844844,0.0,1.1791042331893815,0.1842929606888366,0.30668859752116234,0.1842929606888366,0.30668859752116234,0.0,0.0,0.0,0.1842929606888366,0.30668859752116234,0.0,0.0,0.0,1.2483986674526777,0.20268858739162499,0.2303716299404543,0.18400932254183197,0.3060125245395444,0.0,8.58759830798787,0.0,0.1725583103196892,6.608163381625229,0.2662473035197972,13.98816338162383,6.608163381625229,0.0,7.379999999998601,1.0,0.0,0.0,0.0,0.9996923232193372,-9.829869383444876e-09,0.0,0.0,0.0,0.0,0.0,0.0,0.18400932254183197,0.3060125245395444,0.018679264849792987,0.0756408945990901,0.0,1.2483986674526777,0.20268858739162499,0.2303716299404543,0.18400932254183197,0.3060125245395444,0.0,8.58759830798787,0.0,0.1725583103196892,6.608163381625229,0.2662473035197972,13.98816338162383,0.1204178910021714,7.352647355611156,0.1204178910021714,7.352647355611156,7.352647355611156,0.0,0.0,0.0,0.0,0.0,0.0,0.9996923232193372,-9.829869383444876e-09,0.0,0.0,0.0,0.0,0.0,0.0,0.18400932254183197,0.3060125245395444,0.018679264849792987,0.0756408945990901
10.30983,0.0,1.422327,0.6638944,-0.06618226,1.3092334817987195,0.0,1.1319270116398974,0.1840642940250053,0.3061435532284759,0.0,1.133484431721103,0.18406429402515762,0.3061435532288391,0.18406429402515762,0.3061435532288391,0.0,0.0,0.0,0.18406429402515762,0.3061435532288391,0.0,0.0,0.0,1.2061238969279588,0.19407881296059054,0.26539767774931455,0.18406952026414197,0.30615601036484086,0.0,10.015051693379343,0.0,0.1725583103196892,6.608163381625229,0.2662473035197972,13.98816338162383,6.608163381625229,0.0,7.379999999998601,1.0,0.0,0.0,0.0,0.9996923232193372,-9.829869383444876e-09,0.0,0.0,0.0,0.0,0.0,0.0,0.18406952026414197,0.30615601036484086,0.01000929269644861,0.040758332615526305,0.0,1.2061238969279588,0.19407881296059054,0.26539767774931455,0.18406952026414197,0.30615601036484086,0.0,10.015051693379343,0.0,0.1725583103196892,6.608163381625229,0.2662473035197972,13.98816338162383,0.1204178910021714,7.352647355611156,0.1204178910021714,7.352647355611156,7.352647355611156,0.0,0.0,0.0,0.0,0.0,0.0,0.9996923232193372,-9.829869383444876e-09,0.0,0.0,0.0,0.0,0.0,0.0,0.18406952026414197,0.30615601036484086,0.01000929269644861,0.040758332615526305
10.31305,0.0,1.414196,0.5679998,-0.05533071,1.2635689280575646,0.0,1.0726726101725148,0.19969310939856907,0.5450879955528263,0.0,1.0745857171496211,0.20210011555477084,0.5380025900537556,0.20210011555477084,0.5380025900537556,0.0,0.0,0.0,0.20210011555477084,0.5380025900537556,0.0,0.0,0.0,1.157431149677777,0.19322196270755035,0.36147405614878864,0.19860192026250753,0.5483000843483853,0.0,11.457548588286004,0.0,0.1725583103196892,6.608163381625229,0.2662473035197972,13.98816338162383,6.608163381625229,0.0,7.379999999998601,1.0,0.0,0.0,0.0,0.9996923232193372,-9.829869383444876e-09,0.0,0.0,0.0,0.0,0.0,0.0,0.19860192026250753,0.5483000843483853,0.005379957554957132,0.18682602819959668,0.0,1.157431149677777,0.19322196270755035,0.36147405614878864,0.19860192026250753,0.5483000843483853,0.0,11.457548588286004,0.0,0.1725583103196892,6.608163381625229,0.2662473035197972,13.98816338162383,0.1204178910021714,7.352647355611156,0.1204178910021714,7.352647355611156,7.352647355611156,0.0,0.0,0.0,0.0,0.0,0.0,0.9996923232193372,-9.829869383444876e-09,0.0,0.0,0.0,0.0,0.0,0.0,0.19860192026250753,0.5483000843483853,0.005379957554957132,0.18682602819959668
10.316149999999999,0.0,1.402192,0.4744154,-0.03500612,1.2117132623762714,0.0,1.0093509229084432,0.19898005798448118,0.5471869758140446,0.0,1.0111260937627409,0.19877841457301246,0.5477805452707698,0.19877841457301246,0.5477805452707698,0.0,0.0,0.0,0.19877841457301246,0.5477805452707698,0.0,0.0,0.0,1.1028904631746461,0.19582996761552873,0.44654764943567704,0.19900949723871714,0.5471003166863495,0.0,13.084677387840943,0.0,0.1725583103196892,6.608163381625229,0.2662473035197972,13.98816338162383,6.608163381625229,0.0,7.379999999998601,1.0,0.0,0.0,0.0,0.9996923232193372,-9.829869383444876e-09,0.0,0.0,0.0,0.0,0.0,0.0,0.19900949723871714,0.5471003166863495,0.0031795296231883785,0.1005526672506725,0.0,1.1028904631746461,0.19582996761552873,0.44654764943567704,0.19900949723871714,0.5471003166863495,0.0,13.084677387840943,0.0,0.1725583103196892,6.608163381625229,0.2662473035197972,13.98816338162383,0.1204178910021714,7.352647355611156,0.1204178910021714,7.352647355611156,7.352647355611156,0.0,0.0,0.0,0.0,0.0,0.0,0.9996923232193372,-9.829869383444876e-09,0.0,0.0,0.0,0.0,0.0,0.0,0.19900949723871714,0.5471003166863495,0.0031795296231883785,0.1005526672506725
10.31877,0.0,1.388762,0.409138,-0.01931423,1.1641064356435376,0.0,0.9575626284161467,0.1989800579844743,0.5471869758140651,0.0,0.959379426690855,0.19898694244591206,0.5471667103067226,0.19898694244591206,0.5471667103067226,0.0,0.0,0.0,0.19898694244591206,0.5471667103067226,0.0,0.0,0.0,1.054318784851045,0.19718095913867217,0.4897323309804511,0.19898191272152826,0.5471815161005161,0.0,14.360894758415357,0.0,0.1725583103196892,6.608163381625229,0.2662473035197972,13.98816338162383,6.608163381625229,0.0,7.379999999998601,1.0,0.0,0.0,0.0,0.9996923232193372,-9.829869383444876e-09,0.0,0.0,0.0,0.0,0.0,0.0,0.19898191272152826,0.5471815161005161,0.001800953582856089,0.05744918512006504,0.0,1.054318784851045,0.19718095913867217,0.4897323309804511,0.19898191272152826,0.5471815161005161,0.0,14.360894758415357,0.0,0.1725583103196892,6.608163381625229,0.2662473035197972,13.98816338162383,0.1204178910021714,7.352647355611156,0.1204178910021714,7.352647355611156,7.352647355611156,0.0,0.0,0.0,0.0,0.0,0.0,0.9996923232193372,-9.829869383444876e-09,0.0,0.0,0.0,0.0,0.0,0.0,0.19898191272152826,0.5471815161005161,0.001800953582856089,0.05744918512006504
10.32046,0.0,1.378482,0.3602948,-0.00365561,1.131133970223296,0.0,0.9251526388802063,0.19898005798446664,0.5471869758140877,0.0,0.9269647491378828,0.1989800579844037,0.5471869758142717,0.1989800579844037,0.5471869758142717,0.0,0.0,0.0,0.1989800579844037,0.5471869758142717,0.0,0.0,0.0,1.0224416856541618,0.19771688322998976,0.5068884798648503,0.1989758726641956,0.5471992959700572,0.0,15.065969183865567,0.0,0.1725583103196892,6.608163381625229,0.2662473035197972,13.98816338162383,6.608163381625229,0.0,7.379999999998601,1.0,0.0,0.0,0.0,0.9996923232193372,-9.829869383444876e-09,0.0,0.0,0.0,0.0,0.0,0.0,0.1989758726641956,0.5471992959700572,0.0012589894342057988,0.040310816105206954,0.0,1.0224416856541618,0.19771688322998976,0.5068884798648503,0.1989758726641956,0.5471992959700572,0.0,15.065969183865567,0.0,0.1725583103196892,6.608163381625229,0.2662473035197972,13.98816338162383,0.1204178910021714,7.352647355611156,0.1204178910021714,7.352647355611156,7.352647355611156,0.0,0.0,0.0,0.0,0.0,0.0,0.9996923232193372,-9.829869383444876e-09,0.0,0.0,0.0,0.0,0.0,0.0,0.1989758726641956,0.5471992959700572,0.0012589894342057988,0.040310816105206954
10.32306,0.0,1.358816,0.2631017,0.03391943,1.0772759057072085,0.0,0.8685709669045604,0.06956670878330057,0.6041291843192691,0.0,0.8705356083354371,0.07261651925288426,0.6027411730541133,0.07261651925288426,0.6027411730541133,0.0,0.0,0.0,0.07261651925288426,0.6027411730541133,0.0,0.0,0.0,0.9718414954367529,0.15668073392531306,0.541842016921688,0.06820470949855219,0.604749049182748,0.0,16.084422333716056,0.0,0.1725583103196892,6.608163381625229,0.2662473035197972,13.98816338162383,6.608163381625229,0.0,7.379999999998601,1.0,0.0,0.0,0.0,0.9996923232193372,-9.829869383444876e-09,0.0,0.0,0.0,0.0,0.0,0.0,0.06820470949855219,0.604749049182748,0.08847602442676089,0.06290703226105998,0.0,0.9718414954367529,0.15668073392531306,0.541842016921688,0.06820470949855219,0.604749049182748,0.0,16.084422333716056,0.0,0.1725583103196892,6.608163381625229,0.2662473035197972,13.98816338162383,0.1204178910021714,7.352647355611156,0.1204178910021714,7.352647355611156,7.352647355611156,0.0,0.0,0.0,0.0,0.0,0.0,0.9996923232193372,-9.829869383444876e-09,0.0,0.0,0.0,0.0,0.0,0.0,0.06820470949855219,0.604749049182748,0.08847602442676089,0.06290703226105998
10.323830000000001,0.0,1.352056,0.2425164,0.04179017,1.0610663253191428,0.0,0.8512543877322316,0.06865056983447346,0.6045461319276868,0.0,0.8532073009791671,0.06928212913835521,0.6042587004832922,0.06928212913835521,0.6042587004832922,0.0,0.0,0.0,0.06928212913835521,0.6042587004832922,0.0,0.0,0.0,0.9561535290620705,0.1442935735199437,0.5506576365889689,0.06859446325693407,0.6045716668133628,0.0,16.399086685668724,0.0,0.1725583103196892,6.608163381625229,0.2662473035197972,13.98816338162383,6.608163381625229,0.0,7.379999999998601,1.0,0.0,0.0,0.0,0.9996923232193372,-9.829869383444876e-09,0.0,0.0,0.0,0.0,0.0,0.0,0.06859446325693407,0.6045716668133628,0.07569911026300964,0.05391403022439387,0.0,0.9561535290620705,0.1442935735199437,0.5506576365889689,0.06859446325693407,0.6045716668133628,0.0,16.399086685668724,0.0,0.1725583103196892,6.608163381625229,0.2662473035197972,13.98816338162383,0.1204178910021714,7.352647355611156,0.1204178910021714,7.352647355611156,7.352647355611156,0.0,0.0,0.0,0.0,0.0,0.0,0.9996923232193372,-9.829869383444876e-09,0.0,0.0,0.0,0.0,0.0,0.0,0.06859446325693407,0.6045716668133628,0.07569911026300964,0.05391403022439387
10.32546,0.0,1.336611,0.1987018,0.05854257,1.0254637612766027,0.0,0.8151327442599352,0.06866688694879837,0.6045387057814645,0.0,0.8170991107575342,0.06837536590085092,0.6046713810747709,0.06837536590085092,0.6046713810747709,0.0,0.0,0.0,0.06837536590085092,0.6046713810747709,0.0,0.0,0.0,0.9224353444691755,0.1235610050914799,0.5654268253988571,0.06875367468068054,0.6044992074746905,0.0,17.03582595925087,0.0,0.1725583103196892,6.608163381625229,0.2662473035197972,13.98816338162383,6.608163381625229,0.0,7.379999999998601,1.0,0.0,0.0,0.0,0.9996923232193372,-9.829869383444876e-09,0.0,0.0,0.0,0.0,0.0,0.0,0.06875367468068054,0.6044992074746905,0.05480733041079931,0.03907238207583334,0.0,0.9224353444691755,0.1235610050914799,0.5654268253988571,0.06875367468068054,0.6044992074746905,0.0,17.03582595925087,0.0,0.1725583103196892,6.608163381625229,0.2662473035197972,13.98816338162383,0.1204178910021714,7.352647355611156,0.1204178910021714,7.352647355611156,7.352647355611156,0.0,0.0,0.0,0.0,0.0,0.0,0.9996923232193372,-9.829869383444876e-09,0.0,0.0,0.0,0.0,0.0,0.0,0.06875367468068054,0.6044992074746905,0.05480733041079931,0.03907238207583334
10.327380000000002,0.0,1.31654,0.1627953,0.08945192,0.9835269987233508,0.0,0.773405914989768,0.06866688694878409,0.6045387057814708,0.0,0.7753698069089245,0.06858764004389514,0.6045747721527459,0.06858764004389514,0.6045747721527459,0.0,0.0,0.0,0.06858764004389514,0.6045747721527459,0.0,0.0,0.0,0.8821740464631838,0.1055666275779087,0.578248739924067,0.06870223612771965,0.6045226178772991,0.0,17.72726633755189,0.0,0.1725583103196892,6.608163381625229,0.2662473035197972,13.98816338162383,6.608163381625229,0.0,7.379999999998601,1.0,0.0,0.0,0.0,0.9996923232193372,-9.829869383444876e-09,0.0,0.0,0.0,0.0,0.0,0.0,0.06870223612771965,0.6045226178772991,0.036864391450189035,0.026273877953232123,0.0,0.8821740464631838,0.1055666275779087,0.578248739924067,0.06870223612771965,0.6045226178772991,0.0,17.72726633755189,0.0,0.1725583103196892,6.608163381625229,0.2662473035197972,13.98816338162383,0.1204178910021714,7.352647355611156,0.1204178910021714,7.352647355611156,7.352647355611156,0.0,0.0,0.0,0.0,0.0,0.0,0.9996923232193372,-9.829869383444876e-09,0.0,0.0,0.0,0.0,0.0,0.0,0.06870223612771965,0.6045226178772991,0.036864391450189035,0.026273877953232123
10.329419999999999,0.0,1.29288,0.1258981,0.1198029,0.9370485242038223,0.0,0.7302155284701736,0.06866688694878303,0.6045387057814713,0.0,0.7320367554946674,0.06866728705064513,0.6045385236895354,0.06866728705064513,0.6045385236895354,0.0,0.0,0.0,0.06866728705064513,0.6045385236895354,0.0,0.0,0.0,0.8390802794942402,0.09261533477150087,0.5874768859502418,0.06866372448846148,0.6045401450612546,0.0,18.363085993699915,0.0,0.1725583103196892,6.608163381625229,0.2662473035197972,13.98816338162383,6.608163381625229,0.0,7.379999999998601,1.0,0.0,0.0,0.0,0.9996923232193372,-9.829869383444876e-09,0.0,0.0,0.0,0.0,0.0,0.0,0.06866372448846148,0.6045401450612546,0.023951610283039396,0.017063259111012787,0.0,0.8390802794942402,0.09261533477150087,0.5874768859502418,0.06866372448846148,0.6045401450612546,0.0,18.363085993699915,0.0,0.1725583103196892,6.608163381625229,0.2662473035197972,13.98816338162383,0.1204178910021714,7.352647355611156,0.1204178910021714,7.352647355611156,7.352647355611156,0.0,0.0,0.0,0.0,0.0,0.0,0.9996923232193372,-9.829869383444876e-09,0.0,0.0,0.0,0.0,0.0,0.0,0.06866372448846148,0.6045401450612546,0.023951610283039396,0.017063259111012787
10.33169,0.0,1.26382,0.09517756,0.1561243,0.8835742643311975,0.0,0.6819635415529863,0.02680923005735359,0.6704293906108825,0.0,0.6841427970991224,0.026070834563046125,0.6792889028955075,0.026070834563046125,0.6792889028955075,0.0,0.0,0.0,0.026070834563046125,0.6792889028955075,0.0,0.0,0.0,0.7911918030867922,0.0791809735163293,0.6018501154428323,0.02570990947005913,0.6836194010090515,0.0,18.924592025949543,0.0,0.1725583103196892,6.608163381625229,0.2662473035197972,13.98816338162383,6.608163381625229,0.0,7.379999999998601,1.0,0.0,0.0,0.0,0.9996923232193372,-9.829869383444876e-09,0.0,0.0,0.0,0.0,0.0,0.0,0.02570990947005913,0.6836194010090515,0.05347106404627017,0.0817692855662192,0.0,0.7911918030867922,0.0791809735163293,0.6018501154428323,0.02570990947005913,0.6836194010090515,0.0,18.924592025949543,0.0,0.1725583103196892,6.608163381625229,0.2662473035197972,13.98816338162383,0.1204178910021714,7.352647355611156,0.1204178910021714,7.352647355611156,7.352647355611156,0.0,0.0,0.0,0.0,0.0,0.0,0.9996923232193372,-9.829869383444876e-09,0.0,0.0,0.0,0.0,0.0,0.0,0.02570990947005913,0.6836194010090515,0.05347106404627017,0.0817692855662192
10.3348,0.0,1.219286,0.1005766,0.2362891,0.8100161195329089,0.0,0.6119560028619406,0.02615089414917065,0.6783283216186168,0.0,0.6139844669392824,0.026110371587667637,0.6788145246550763,0.026110371587667637,0.6788145246550763,0.0,0.0,0.0,0.026110371587667637,0.6788145246550763,0.0,0.0,0.0,0.7238336525469589,0.05453963837295896,0.6375444750608483,0.026166380650723,0.6781425094734899,0.0,19.65928270972191,0.0,0.1725583103196892,6.608163381625229,0.2662473035197972,13.98816338162383,6.608163381625229,0.0,7.379999999998601,1.0,0.0,0.0,0.0,0.9996923232193372,-9.829869383444876e-09,0.0,0.0,0.0,0.0,0.0,0.0,0.026166380650723,0.6781425094734899,0.028373257722235957,0.04059803441264157,0.0,0.7238336525469589,0.05453963837295896,0.6375444750608483,0.026166380650723,0.6781425094734899,0.0,19.65928270972191,0.0,0.1725583103196892,6.608163381625229,0.2662473035197972,13.98816338162383,0.1204178910021714,7.352647355611156,0.1204178910021714,7.352647355611156,7.352647355611156,0.0,0.0,0.0,0.0,0.0,0.0,0.9996923232193372,-9.829869383444876e-09,0.0,0.0,0.0,0.0,0.0,0.0,0.026166380650723,0.6781425094734899,0.028373257722235957,0.04059803441264157
10.337439999999999,0.0,1.176712,0.09773597,0.3100811,0.7473891539278155,0.0,0.555237280301645,0.0261516234281432,0.6783195714893622,0.0,0.5572221179409889,0.02614231893745579,0.6784312098324762,0.02614231893745579,0.6784312098324762,0.0,0.0,0.0,0.02614231893745579,0.6784312098324762,0.0,0.0,0.0,0.6662529428581703,0.042871445308542325,0.6542896770722662,0.02615740708057034,0.6782501773230605,0.0,20.155420542908033,0.0,0.1725583103196892,6.608163381625229,0.2662473035197972,13.98816338162383,6.608163381625229,0.0,7.379999999998601,1.0,0.0,0.0,0.0,0.9996923232193372,-9.829869383444876e-09,0.0,0.0,0.0,0.0,0.0,0.0,0.02615740708057034,0.6782501773230605,0.01671403822797199,0.02396050025079429,0.0,0.6662529428581703,0.042871445308542325,0.6542896770722662,0.02615740708057034,0.6782501773230605,0.0,20.155420542908033,0.0,0.1725583103196892,6.608163381625229,0.2662473035197972,13.98816338162383,0.1204178910021714,7.352647355611156,0.1204178910021714,7.352647355611156,7.352647355611156,0.0,0.0,0.0,0.0,0.0,0.0,0.9996923232193372,-9.829869383444876e-09,0.0,0.0,0.0,0.0,0.0,0.0,0.02615740708057034,0.6782501773230605,0.01671403822797199,0.02396050025079429
10.33964,0.0,1.138135,0.08983532,0.35694,0.6939427216560584,0.0,0.5103778342157376,0.026151623428142815,0.6783195714893667,0.0,0.5120947994955347,0.026151623428127806,0.6783195714895477,0.026151623428127806,0.6783195714895477,0.0,0.0,0.0,0.026151623428127806,0.6783195714895477,0.0,0.0,0.0,0.6188062085389239,0.03659608206259713,0.663303116774991,0.026150807155824875,0.6783293653934249,0.0,20.440324973081225,0.0,0.1725583103196892,6.608163381625229,0.2662473035197972,13.98816338162383,6.608163381625229,0.0,7.379999999998601,1.0,0.0,0.0,0.0,0.9996923232193372,-9.829869383444876e-09,0.0,0.0,0.0,0.0,0.0,0.0,0.026150807155824875,0.6783293653934249,0.010445274906772252,0.015026248618433997,0.0,0.6188062085389239,0.03659608206259713,0.663303116774991,0.026150807155824875,0.6783293653934249,0.0,20.440324973081225,0.0,0.1725583103196892,6.608163381625229,0.2662473035197972,13.98816338162383,0.1204178910021714,7.352647355611156,0.1204178910021714,7.352647355611156,7.352647355611156,0.0,0.0,0.0,0.0,0.0,0.0,0.9996923232193372,-9.829869383444876e-09,0.0,0.0,0.0,0.0,0.0,0.0,0.026150807155824875,0.6783293653934249,0.010445274906772252,0.015026248618433997
10.342369999999999,0.0,1.086364,0.08710882,0.4377605,0.6273930305732793,0.0,0.4538357808309196,0.01739354048501251,0.8208935743249038,0.0,0.45559969253836496,0.01764678175139016,0.8154520018103041,0.01764678175139016,0.8154520018103041,0.0,0.0,0.0,0.01764678175139016,0.8154520018103041,0.0,0.0,0.0,0.5609265187445646,0.0302454976240576,0.699767088660232,0.01770154203519195,0.8142599868866225,0.0,20.625266073082674,0.0,0.1725583103196892,6.608163381625229,0.2662473035197972,13.98816338162383,6.608163381625229,0.0,7.379999999998601,1.0,0.0,0.0,0.0,0.9996923232193372,-9.829869383444876e-09,0.0,0.0,0.0,0.0,0.0,0.0,0.01770154203519195,0.8142599868866225,0.012543955588865646,0.11449289822639047,0.0,0.5609265187445646,0.0302454976240576,0.699767088660232,0.01770154203519195,0.8142599868866225,0.0,20.625266073082674,0.0,0.1725583103196892,6.608163381625229,0.2662473035197972,13.98816338162383,0.1204178910021714,7.352647355611156,0.1204178910021714,7.352647355611156,7.352647355611156,0.0,0.0,0.0,0.0,0.0,0.0,0.9996923232193372,-9.829869383444876e-09,0.0,0.0,0.0,0.0,0.0,0.0,0.01770154203519195,0.8142599868866225,0.012543955588865646,0.11449289822639047
10.34459,0.0,1.041181,0.03972591,0.4545145,0.5766407520957962,0.0,0.40721292897537514,0.017607336629295527,0.8163106382332534,0.0,0.40901183061260404,0.017584424810066904,0.8168093798129736,0.017584424810066904,0.8168093798129736,0.0,0.0,0.0,0.017584424810066904,0.8168093798129736,0.0,0.0,0.0,0.5132977006234904,0.02572771825033934,0.7414915401526684,0.017613207071697966,0.8161828511863918,0.0,20.789779378443786,0.0,0.1725583103196892,6.608163381625229,0.2662473035197972,13.98816338162383,6.608163381625229,0.0,7.379999999998601,1.0,0.0,0.0,0.0,0.9996923232193372,-9.829869383444876e-09,0.0,0.0,0.0,0.0,0.0,0.0,0.017613207071697966,0.8161828511863918,0.008114511178641376,0.07469131103372344,0.0,0.5132977006234904,0.02572771825033934,0.7414915401526684,0.017613207071697966,0.8161828511863918,0.0,20.789779378443786,0.0,0.1725583103196892,6.608163381625229,0.2662473035197972,13.98816338162383,0.1204178910021714,7.352647355611156,0.1204178910021714,7.352647355611156,7.352647355611156,0.0,0.0,0.0,0.0,0.0,0.0,0.9996923232193372,-9.829869383444876e-09,0.0,0.0,0.0,0.0,0.0,0.0,0.017613207071697966,0.8161828511863918,0.008114511178641376,0.07469131103372344
10.34631,0.0,1.004806,0.03210195,0.4827039,0.5373915880239153,0.0,0.37346669657790305,0.017607914941886068,0.8162980495980124,0.0,0.3748903100416845,0.01759064715429814,0.8166739326116635,0.01759064715429814,0.8166739326116635,0.0,0.0,0.0,0.01759064715429814,0.8166739326116635,0.0,0.0,0.0,0.4769218310870071,0.023378297941476407,0.7631346047698724,0.017613385984923714,0.8161789566259489,0.0,20.847002718197874,0.0,0.1725583103196892,6.608163381625229,0.2662473035197972,13.98816338162383,6.608163381625229,0.0,7.379999999998601,1.0,0.0,0.0,0.0,0.9996923232193372,-9.829869383444876e-09,0.0,0.0,0.0,0.0,0.0,0.0,0.017613385984923714,0.8161789566259489,0.005764911956552687,0.053044351856076456,0.0,0.4769218310870071,0.023378297941476407,0.7631346047698724,0.017613385984923714,0.8161789566259489,0.0,20.847002718197874,0.0,0.1725583103196892,6.608163381625229,0.2662473035197972,13.98816338162383,0.1204178910021714,7.352647355611156,0.1204178910021714,7.352647355611156,7.352647355611156,0.0,0.0,0.0,0.0,0.0,0.0,0.9996923232193372,-9.829869383444876e-09,0.0,0.0,0.0,0.0,0.0,0.0,0.017613385984923714,0.8161789566259489,0.005764911956552687,0.053044351856076456
10.34783,0.0,0.9719915,0.0657144,0.5325817,0.503031856287402,0.0,0.3451572315722834,0.01760791494188552,0.8162980495980245,0.0,0.3465474582912178,0.017606897907011948,0.8163201882843689,0.017606897907011948,0.8163201882843689,0.0,0.0,0.0,0.017606897907011948,0.8163201882843689,0.0,0.0,0.0,0.44549887443059816,0.0218159805256188,0.7775250832768752,0.01761046469361833,0.8162425469251713,0.0,20.825973731759998,0.0,0.1725583103196892,6.608163381625229,0.2662473035197972,13.98816338162383,6.608163381625229,0.0,7.379999999998601,1.0,0.0,0.0,0.0,0.9996923232193372,-9.829869383444876e-09,0.0,0.0,0.0,0.0,0.0,0.0,0.01761046469361833,0.8162425469251713,0.004205515832000468,0.038717463648296174,0.0,0.44549887443059816,0.0218159805256188,0.7775250832768752,0.01761046469361833,0.8162425469251713,0.0,20.825973731759998,0.0,0.1725583103196892,6.608163381625229,0.2662473035197972,13.98816338162383,0.1204178910021714,7.352647355611156,0.1204178910021714,7.352647355611156,7.352647355611156,0.0,0.0,0.0,0.0,0.0,0.0,0.9996923232193372,-9.829869383444876e-09,0.0,0.0,0.0,0.0,0.0,0.0,0.01761046469361833,0.8162425469251713,0.004205515832000468,0.038717463648296174
10.348289999999999,0.0,0.961945,0.07588087,0.5476678,0.49291899960081104,0.0,0.33700741114732796,0.01760791494188552,0.8162980495980245,0.0,0.338258221058463,0.01760901965888433,0.8162740022582814,0.01760901965888433,0.8162740022582814,0.0,0.0,0.0,0.01760901965888433,0.8162740022582814,0.0,0.0,0.0,0.43608621700077815,0.021405776833864822,0.7813035074934649,0.017609571148351537,0.8162619975053923,0.0,20.810187701241347,0.0,0.1725583103196892,6.608163381625229,0.2662473035197972,13.98816338162383,6.608163381625229,0.0,7.379999999998601,1.0,0.0,0.0,0.0,0.9996923232193372,-9.829869383444876e-09,0.0,0.0,0.0,0.0,0.0,0.0,0.017609571148351537,0.8162619975053923,0.0037962056855132802,0.034958490011927495,0.0,0.43608621700077815,0.021405776833864822,0.7813035074934649,0.017609571148351537,0.8162619975053923,0.0,20.810187701241347,0.0,0.1725583103196892,6.608163381625229,0.2662473035197972,13.98816338162383,0.1204178910021714,7.352647355611156,0.1204178910021714,7.352647355611156,7.352647355611156,0.0,0.0,0.0,0.0,0.0,0.0,0.9996923232193372,-9.829869383444876e-09,0.0,0.0,0.0,0.0,0.0,0.0,0.017609571148351537,0.8162619975053923,0.0037962056855132802,0.034958490011927495
10.348600000000001,0.0,0.9550281,0.07461057,0.5519869,0.48610381357281546,0.0,0.33151514086088407,0.01760791494188552,0.8162980495980245,0.0,0.3328497758672359,0.01760872466726944,0.8162804235984003,0.01760872466726944,0.8162804235984003,0.0,0.0,0.0,0.01760872466726944,0.8162804235984003,0.0,0.0,0.0,0.4297429043849596,0.021129335215505814,0.783849836856847,0.0176089689765413,0.8162751055051066,0.0,20.799549289369963,0.0,0.1725583103196892,6.608163381625229,0.2662473035197972,13.98816338162383,6.608163381625229,0.0,7.379999999998601,1.0,0.0,0.0,0.0,0.9996923232193372,-9.829869383444876e-09,0.0,0.0,0.0,0.0,0.0,0.0,0.0176089689765413,0.8162751055051066,0.0035203662389645084,0.03242526864825965,0.0,0.4297429043849596,0.021129335215505814,0.783849836856847,0.0176089689765413,0.8162751055051066,0.0,20.799549289369963,0.0,0.1725583103196892,6.608163381625229,0.2662473035197972,13.98816338162383,0.1204178910021714,7.352647355611156,0.1204178910021714,7.352647355611156,7.352647355611156,0.0,0.0,0.0,0.0,0.0,0.0,0.9996923232193372,-9.829869383444876e-09,0.0,0.0,0.0,0.0,0.0,0.0,0.0176089689765413,0.8162751055051066,0.0035203662389645084,0.03242526864825965
10.34927,0.0,0.9402506,0.05819365,0.551143,0.4713742179640503,0.0,0.31964475024189926,0.01760791494188552,0.8162980495980245,0.0,0.321160555615331,0.01760808710474695,0.816294301978657,0.01760808710474695,0.816294301978657,0.0,0.0,0.0,0.01760808710474695,0.816294301978657,0.0,0.0,0.0,0.4164314523450379,0.020682367994636623,0.7879683256075388,0.017608074349639735,0.8162945796302162,0.0,20.741878211487457,0.0,0.1725583103196892,6.608163381625229,0.2662473035197972,13.98816338162383,6.608163381625229,0.0,7.379999999998601,1.0,0.0,0.0,0.0,0.9996923232193372,-9.829869383444876e-09,0.0,0.0,0.0,0.0,0.0,0.0,0.017608074349639735,0.8162945796302162,0.0030742936449968863,0.028326254022677393,0.0,0.4164314523450379,0.020682367994636623,0.7879683256075388,0.017608074349639735,0.8162945796302162,0.0,20.741878211487457,0.0,0.1725583103196892,6.608163381625229,0.2662473035197972,13.98816338162383,0.1204178910021714,7.352647355611156,0.1204178910021714,7.352647355611156,7.352647355611156,0.0,0.0,0.0,0.0,0.0,0.0,0.9996923232193372,-9.829869383444876e-09,0.0,0.0,0.0,0.0,0.0,0.0,0.017608074349639735,0.8162945796302162,0.0030742936449968863,0.028326254022677393
10.35006,0.0,0.9227033,0.03883866,0.550148,0.454006485828362,0.0,0.3066810509260863,0.017607914941885055,0.816298049598035,0.0,0.3079858665594489,0.01760791494187792,0.8162980495981893,0.01760791494187792,0.8162980495981893,0.0,0.0,0.0,0.01760791494187792,0.8162980495981893,0.0,0.0,0.0,0.4009024401838245,0.02020404837388956,0.7923759818634019,0.017607376361473453,0.8163097733482357,0.0,20.66031958413763,0.0,0.1725583103196892,6.608163381625229,0.2662473035197972,13.98816338162383,6.608163381625229,0.0,7.379999999998601,1.0,0.0,0.0,0.0,0.9996923232193372,-9.829869383444876e-09,0.0,0.0,0.0,0.0,0.0,0.0,0.017607376361473453,0.8163097733482357,0.0025966720124161024,0.023933791484833836,0.0,0.4009024401838245,0.02020404837388956,0.7923759818634019,0.017607376361473453,0.8163097733482357,0.0,20.66031958413763,0.0,0.1725583103196892,6.608163381625229,0.2662473035197972,13.98816338162383,0.1204178910021714,7.352647355611156,0.1204178910021714,7.352647355611156,7.352647355611156,0.0,0.0,0.0,0.0,0.0,0.0,0.9996923232193372,-9.829869383444876e-09,0.0,0.0,0.0,0.0,0.0,0.0,0.017607376361473453,0.8163097733482357,0.0025966720124161024,0.023933791484833836
10.35079,0.0,0.9065221,0.02112425,0.5492373,0.4379578219560962,0.0,0.294735641971148,0.01760791494188461,0.8162980495980449,0.0,0.2959787057934457,0.017607914941879698,0.8162980495981504,0.017607914941879698,0.8162980495981504,0.0,0.0,0.0,0.017607914941879698,0.8162980495981504,0.0,0.0,0.0,0.386909043034616,0.019846617720126105,0.795669583403673,0.017607751064340805,0.8163016168636666,0.0,20.557262973709655,0.0,0.1725583103196892,6.608163381625229,0.2662473035197972,13.98816338162383,6.608163381625229,0.0,7.379999999998601,1.0,0.0,0.0,0.0,0.9996923232193372,-9.829869383444876e-09,0.0,0.0,0.0,0.0,0.0,0.0,0.017607751064340805,0.8163016168636666,0.0022388666557853006,0.02063203345999361,0.0,0.386909043034616,0.019846617720126105,0.795669583403673,0.017607751064340805,0.8163016168636666,0.0,20.557262973709655,0.0,0.1725583103196892,6.608163381625229,0.2662473035197972,13.98816338162383,0.1204178910021714,7.352647355611156,0.1204178910021714,7.352647355611156,7.352647355611156,0.0,0.0,0.0,0.0,0.0,0.0,0.9996923232193372,-9.829869383444876e-09,0.0,0.0,0.0,0.0,0.0,0.0,0.017607751064340805,0.8163016168636666,0.0022388666557853006,0.02063203345999361
10.35137,0.0,0.8934949,0.009792792,0.5502562,0.425206828742543,0.0,0.28515608128992087,0.011026484137234057,0.9169596735016198,0.0,0.28647555740114383,0.014038193574655166,0.8778087010764039,0.014038193574655166,0.8778087010764039,0.0,0.0,0.0,0.014038193574655166,0.8778087010764039,0.0,0.0,0.0,0.37587993228371747,0.019328108288588643,0.8021144769587933,0.012104159241268533,0.905225801490605,0.0,20.468857906383725,0.0,0.1725583103196892,6.608163381625229,0.2662473035197972,13.98816338162383,6.608163381625229,0.0,7.379999999998601,1.0,0.0,0.0,0.0,0.9996923232193372,-9.829869383444876e-09,0.0,0.0,0.0,0.0,0.0,0.0,0.012104159241268533,0.905225801490605,0.007223949047320114,0.10311132453181172,0.0,0.37587993228371747,0.019328108288588643,0.8021144769587933,0.012104159241268533,0.905225801490605,0.0,20.468857906383725,0.0,0.1725583103196892,6.608163381625229,0.2662473035197972,13.98816338162383,0.1204178910021714,7.352647355611156,0.1204178910021714,7.352647355611156,7.352647355611156,0.0,0.0,0.0,0.0,0.0,0.0,0.9996923232193372,-9.829869383444876e-09,0.0,0.0,0.0,0.0,0.0,0.0,0.012104159241268533,0.905225801490605,0.007223949047320114,0.10311132453181172
10.3517,0.0,0.8858763,0.0152761,0.5582874,0.41795195329344564,0.0,0.2795027853480653,0.012616243499943797,0.89931081370941,0.0,0.2809391519451804,0.012195218200149948,0.9041739967923988,0.012195218200149948,0.9041739967923988,0.0,0.0,0.0,0.012195218200149948,0.9041739967923988,0.0,0.0,0.0,0.3696940641111558,0.01889071709451317,0.8084211587592712,0.01204648828619973,0.90589194771319,0.0,20.412888304829288,0.0,0.1725583103196892,6.608163381625229,0.2662473035197972,13.98816338162383,6.608163381625229,0.0,7.379999999998601,1.0,0.0,0.0,0.0,0.9996923232193372,-9.829869383444876e-09,0.0,0.0,0.0,0.0,0.0,0.0,0.01204648828619973,0.90589194771319,0.006844228808313436,0.09747078895391882,0.0,0.3696940641111558,0.01889071709451317,0.8084211587592712,0.01204648828619973,0.90589194771319,0.0,20.412888304829288,0.0,0.1725583103196892,6.608163381625229,0.2662473035197972,13.98816338162383,0.1204178910021714,7.352647355611156,0.1204178910021714,7.352647355611156,7.352647355611156,0.0,0.0,0.0,0.0,0.0,0.0,0.9996923232193372,-9.829869383444876e-09,0.0,0.0,0.0,0.0,0.0,0.0,0.01204648828619973,0.90589194771319,0.006844228808313436,0.09747078895391882
10.35229,0.0,0.8725329,0.0248636,0.5723299,0.40498111536928294,0.0,0.2697164243889306,0.01211738680810093,0.9050730123843922,0.0,0.27105903342020704,0.01218572452819605,0.9042836563897301,0.01218572452819605,0.9042836563897301,0.0,0.0,0.0,0.01218572452819605,0.9042836563897301,0.0,0.0,0.0,0.35871657799316714,0.018149883166922738,0.8190232083690516,0.012335263681251605,0.9025563581020968,0.0,20.30945286048818,0.0,0.1725583103196892,6.608163381625229,0.2662473035197972,13.98816338162383,6.608163381625229,0.0,7.379999999998601,1.0,0.0,0.0,0.0,0.9996923232193372,-9.829869383444876e-09,0.0,0.0,0.0,0.0,0.0,0.0,0.012335263681251605,0.9025563581020968,0.005814619485671133,0.0835331497330451,0.0,0.35871657799316714,0.018149883166922738,0.8190232083690516,0.012335263681251605,0.9025563581020968,0.0,20.30945286048818,0.0,0.1725583103196892,6.608163381625229,0.2662473035197972,13.98816338162383,0.1204178910021714,7.352647355611156,0.1204178910021714,7.352647355611156,7.352647355611156,0.0,0.0,0.0,0.0,0.0,0.0,0.9996923232193372,-9.829869383444876e-09,0.0,0.0,0.0,0.0,0.0,0.0,0.012335263681251605,0.9025563581020968,0.005814619485671133,0.0835331497330451
10.35285,0.0,0.8599703,0.03387375,0.5855268,0.39406671677283717,0.0,0.2606569203902871,0.012229778699557634,0.9037747950433793,0.0,0.2619735889469151,0.012501533103427566,0.9006358116609671,0.012501533103427566,0.9006358116609671,0.0,0.0,0.0,0.012501533103427566,0.9006358116609671,0.0,0.0,0.0,0.3484087112714902,0.017524903454571243,0.8279771602344568,0.012227254783502948,0.9038039483172232,0.0,20.205788847406616,0.0,0.1725583103196892,6.608163381625229,0.2662473035197972,13.98816338162383,6.608163381625229,0.0,7.379999999998601,1.0,0.0,0.0,0.0,0.9996923232193372,-9.829869383444876e-09,0.0,0.0,0.0,0.0,0.0,0.0,0.012227254783502948,0.9038039483172232,0.005297648671068294,0.07582678808276647,0.0,0.3484087112714902,0.017524903454571243,0.8279771602344568,0.012227254783502948,0.9038039483172232,0.0,20.205788847406616,0.0,0.1725583103196892,6.608163381625229,0.2662473035197972,13.98816338162383,0.1204178910021714,7.352647355611156,0.1204178910021714,7.352647355611156,7.352647355611156,0.0,0.0,0.0,0.0,0.0,0.0,0.9996923232193372,-9.829869383444876e-09,0.0,0.0,0.0,0.0,0.0,0.0,0.012227254783502948,0.9038039483172232,0.005297648671068294,0.07582678808276647
10.35462,0.0,0.8195935,0.04927635,0.6202457,0.36133550849255625,0.0,0.2338375737802321,0.012262544989421018,0.9033963178672245,0.0,0.23513097900652477,0.012244201887477891,0.9036081955456037,0.012244201887477891,0.9036081955456037,0.0,0.0,0.0,0.012244201887477891,0.9036081955456037,0.0,0.0,0.0,0.31677983418580347,0.015958593250417874,0.8504171360619933,0.012267570888574714,0.9033382646629322,0.0,19.82687919728304,0.0,0.1725583103196892,6.608163381625229,0.2662473035197972,13.98816338162383,6.608163381625229,0.0,7.379999999998601,1.0,0.0,0.0,0.0,0.9996923232193372,-9.829869383444876e-09,0.0,0.0,0.0,0.0,0.0,0.0,0.012267570888574714,0.9033382646629322,0.0036910223618431574,0.05292112860093878,0.0,0.31677983418580347,0.015958593250417874,0.8504171360619933,0.012267570888574714,0.9033382646629322,0.0,19.82687919728304,0.0,0.1725583103196892,6.608163381625229,0.2662473035197972,13.98816338162383,0.1204178910021714,7.352647355611156,0.1204178910021714,7.352647355611156,7.352647355611156,0.0,0.0,0.0,0.0,0.0,0.0,0.9996923232193372,-9.829869383444876e-09,0.0,0.0,0.0,0.0,0.0,0.0,0.012267570888574714,0.9033382646629322,0.0036910223618431574,0.05292112860093878
10.3562,0.0,0.7831661,0.02823932,0.6317811,0.3321178197452171,0.0,0.21185268852899689,0.012262989231590804,0.9033911865104962,0.0,0.2126878457700545,0.012248193368512668,0.9035620907080705,0.012248193368512668,0.9035620907080705,0.0,0.0,0.0,0.012248193368512668,0.9035620907080705,0.0,0.0,0.0,0.29012562995643,0.014972522879477805,0.864552111450826,0.012267544004182297,0.9033385751994306,0.0,19.40366944816582,0.0,0.1725583103196892,6.608163381625229,0.2662473035197972,13.98816338162383,6.608163381625229,0.0,7.379999999998601,1.0,0.0,0.0,0.0,0.9996923232193372,-9.829869383444876e-09,0.0,0.0,0.0,0.0,0.0,0.0,0.012267544004182297,0.9033385751994306,0.0027049788752955104,0.03878646374860464,0.0,0.29012562995643,0.014972522879477805,0.864552111450826,0.012267544004182297,0.9033385751994306,0.0,19.40366944816582,0.0,0.1725583103196892,6.608163381625229,0.2662473035197972,13.98816338162383,0.1204178910021714,7.352647355611156,0.1204178910021714,7.352647355611156,7.352647355611156,0.0,0.0,0.0,0.0,0.0,0.0,0.9996923232193372,-9.829869383444876e-09,0.0,0.0,0.0,0.0,0.0,0.0,0.012267544004182297,0.9033385751994306,0.0027049788752955104,0.03878646374860464
10.35794,0.0,0.7428647,0.02204424,0.6464667,0.30188356114648907,0.0,0.18950029235961954,0.0122629892315903,0.9033911865105018,0.0,0.19027252889069973,0.012263116788484556,0.9033897131251002,0.012263116788484556,0.9033897131251002,0.0,0.0,0.0,0.012263116788484556,0.9033897131251002,0.0,0.0,0.0,0.26235697918216844,0.014150157389552928,0.8763407162103349,0.01226488843165134,0.9033692492121668,0.0,18.858042020569425,0.0,0.1725583103196892,6.608163381625229,0.2662473035197972,13.98816338162383,6.608163381625229,0.0,7.379999999998601,1.0,0.0,0.0,0.0,0.9996923232193372,-9.829869383444876e-09,0.0,0.0,0.0,0.0,0.0,0.0,0.01226488843165134,0.9033692492121668,0.0018852689579015893,0.027028533001831917,0.0,0.26235697918216844,0.014150157389552928,0.8763407162103349,0.01226488843165134,0.9033692492121668,0.0,18.858042020569425,0.0,0.1725583103196892,6.608163381625229,0.2662473035197972,13.98816338162383,0.1204178910021714,7.352647355611156,0.1204178910021714,7.352647355611156,7.352647355611156,0.0,0.0,0.0,0.0,0.0,0.0,0.9996923232193372,-9.829869383444876e-09,0.0,0.0,0.0,0.0,0.0,0.0,0.01226488843165134,0.9033692492121668,0.0018852689579015893,0.027028533001831917
10.35927,0.0,0.7120551,0.02921312,0.6591679,0.28060059617832256,0.0,0.17357912982337106,0.0122629892315903,0.9033911865105018,0.0,0.17457321947730864,0.012263127342724299,0.9033895912150866,0.012263127342724299,0.9033895912150866,0.0,0.0,0.0,0.012263127342724299,0.9033895912150866,0.0,0.0,0.0,0.24217422574585593,0.013667288300887337,0.8832624030132737,0.012263121221464904,0.9033896619205883,0.0,18.39096634358859,0.0,0.1725583103196892,6.608163381625229,0.2662473035197972,13.98816338162383,6.608163381625229,0.0,7.379999999998601,1.0,0.0,0.0,0.0,0.9996923232193372,-9.829869383444876e-09,0.0,0.0,0.0,0.0,0.0,0.0,0.012263121221464904,0.9033896619205883,0.0014041670794224333,0.020127258907314614,0.0,0.24217422574585593,0.013667288300887337,0.8832624030132737,0.012263121221464904,0.9033896619205883,0.0,18.39096634358859,0.0,0.1725583103196892,6.608163381625229,0.2662473035197972,13.98816338162383,0.1204178910021714,7.352647355611156,0.1204178910021714,7.352647355611156,7.352647355611156,0.0,0.0,0.0,0.0,0.0,0.0,0.9996923232193372,-9.829869383444876e-09,0.0,0.0,0.0,0.0,0.0,0.0,0.012263121221464904,0.9033896619205883,0.0014041670794224333,0.020127258907314614
10.36034,0.0,0.6874901,0.03018661,0.6761326,0.2634782108280025,0.0,0.1620850947227867,0.012262989231589779,0.9033911865105078,0.0,0.16286438655414043,0.012262989231584776,0.9033911865105657,0.012262989231584776,0.9033911865105657,0.0,0.0,0.0,0.012262989231584776,0.9033911865105657,0.0,0.0,0.0,0.22692840912357404,0.0133861521493918,0.887292065834411,0.012262644762772718,0.9033951654042336,0.0,17.971490741048623,0.0,0.1725583103196892,6.608163381625229,0.2662473035197972,13.98816338162383,6.608163381625229,0.0,7.379999999998601,1.0,0.0,0.0,0.0,0.9996923232193372,-9.829869383444876e-09,0.0,0.0,0.0,0.0,0.0,0.0,0.012262644762772718,0.9033951654042336,0.001123507386619083,0.016103099569822588,0.0,0.22692840912357404,0.0133861521493918,0.887292065834411,0.012262644762772718,0.9033951654042336,0.0,17.971490741048623,0.0,0.1725583103196892,6.608163381625229,0.2662473035197972,13.98816338162383,0.1204178910021714,7.352647355611156,0.1204178910021714,7.352647355611156,7.352647355611156,0.0,0.0,0.0,0.0,0.0,0.0,0.9996923232193372,-9.829869383444876e-09,0.0,0.0,0.0,0.0,0.0,0.0,0.012262644762772718,0.9033951654042336,0.001123507386619083,0.016103099569822588
10.3619,0.0,0.6508596,0.0216048,0.7153254,0.23860964932431616,0.0,0.1456896153099523,0.008402319164864941,0.9378654988668377,0.0,0.1465397467932487,0.007527533637563974,0.9437875260334074,0.007527533637563974,0.9437875260334074,0.0,0.0,0.0,0.007527533637563974,0.9437875260334074,0.0,0.0,0.0,0.20592515439293876,0.012458986690952613,0.8970847703504318,0.00785353185877598,0.9415806190121774,0.0,17.313837802711042,0.0,0.1725583103196892,6.608163381625229,0.2662473035197972,13.98816338162383,6.608163381625229,0.0,7.379999999998601,1.0,0.0,0.0,0.0,0.9996923232193372,-9.829869383444876e-09,0.0,0.0,0.0,0.0,0.0,0.0,0.00785353185877598,0.9415806190121774,0.004605454832176635,0.04449584866174562,0.0,0.20592515439293876,0.012458986690952613,0.8970847703504318,0.00785353185877598,0.9415806190121774,0.0,17.313837802711042,0.0,0.1725583103196892,6.608163381625229,0.2662473035197972,13.98816338162383,0.1204178910021714,7.352647355611156,0.1204178910021714,7.352647355611156,7.352647355611156,0.0,0.0,0.0,0.0,0.0,0.0,0.9996923232193372,-9.829869383444876e-09,0.0,0.0,0.0,0.0,0.0,0.0,0.00785353185877598,0.9415806190121774,0.004605454832176635,0.04449584866174562
10.3626,0.0,0.6342588,0.01779185,0.732739,0.22962280022521656,0.0,0.13878501093229567,0.007813890985622423,0.9418489754497219,0.0,0.13961047908655613,0.008006035125955484,0.9405482191118107,0.008006035125955484,0.9405482191118107,0.0,0.0,0.0,0.008006035125955484,0.9405482191118107,0.0,0.0,0.0,0.1970077002485326,0.011866619986111833,0.9028352255100313,0.007889169565787668,0.9413393627699431,0.0,17.004426974378212,0.0,0.1725583103196892,6.608163381625229,0.2662473035197972,13.98816338162383,6.608163381625229,0.0,7.379999999998601,1.0,0.0,0.0,0.0,0.9996923232193372,-9.829869383444876e-09,0.0,0.0,0.0,0.0,0.0,0.0,0.007889169565787668,0.9413393627699431,0.003977450420324166,0.03850413725991186,0.0,0.1970077002485326,0.011866619986111833,0.9028352255100313,0.007889169565787668,0.9413393627699431,0.0,17.004426974378212,0.0,0.1725583103196892,6.608163381625229,0.2662473035197972,13.98816338162383,0.1204178910021714,7.352647355611156,0.1204178910021714,7.352647355611156,7.352647355611156,0.0,0.0,0.0,0.0,0.0,0.0,0.9996923232193372,-9.829869383444876e-09,0.0,0.0,0.0,0.0,0.0,0.0,0.007889169565787668,0.9413393627699431,0.003977450420324166,0.03850413725991186
10.36422,0.0,0.5960184,0.02075585,0.7330321,0.20882466373874517,0.0,0.12404686286000993,0.007916328566386292,0.9411555047449275,0.0,0.12472232864996312,0.00790345376129203,0.9412426631890867,0.00790345376129203,0.9412426631890867,0.0,0.0,0.0,0.00790345376129203,0.9412426631890867,0.0,0.0,0.0,0.17756783108835492,0.010785963552125173,0.9133097950664834,0.00791687884964146,0.94115177949767,0.0,16.261273185700627,0.0,0.1725583103196892,6.608163381625229,0.2662473035197972,13.98816338162383,6.608163381625229,0.0,7.379999999998601,1.0,0.0,0.0,0.0,0.9996923232193372,-9.829869383444876e-09,0.0,0.0,0.0,0.0,0.0,0.0,0.00791687884964146,0.94115177949767,0.00286908470248371,0.027841984431186753,0.0,0.17756783108835492,0.010785963552125173,0.9133097950664834,0.00791687884964146,0.94115177949767,0.0,16.261273185700627,0.0,0.1725583103196892,6.608163381625229,0.2662473035197972,13.98816338162383,0.1204178910021714,7.352647355611156,0.1204178910021714,7.352647355611156,7.352647355611156,0.0,0.0,0.0,0.0,0.0,0.0,0.9996923232193372,-9.829869383444876e-09,0.0,0.0,0.0,0.0,0.0,0.0,0.00791687884964146,0.94115177949767,0.00286908470248371,0.027841984431186753
10.365390000000001,0.0,0.5692459,0.02388552,0.7298827,0.19380378738737178,0.0,0.11413390859873808,0.007916811613036768,0.9411522346686659,0.0,0.11497700386895397,0.007904965805432148,0.9412324271184209,0.007904965805432148,0.9412324271184209,0.0,0.0,0.0,0.007904965805432148,0.9412324271184209,0.0,0.0,0.0,0.1645584781910689,0.010198349466822635,0.919011573535276,0.007920759385419618,0.9411255094719531,0.0,15.704482750395764,0.0,0.1725583103196892,6.608163381625229,0.2662473035197972,13.98816338162383,6.608163381625229,0.0,7.379999999998601,1.0,0.0,0.0,0.0,0.9996923232193372,-9.829869383444876e-09,0.0,0.0,0.0,0.0,0.0,0.0,0.007920759385419618,0.9411255094719531,0.002277590081403018,0.022113935936677025,0.0,0.1645584781910689,0.010198349466822635,0.919011573535276,0.007920759385419618,0.9411255094719531,0.0,15.704482750395764,0.0,0.1725583103196892,6.608163381625229,0.2662473035197972,13.98816338162383,0.1204178910021714,7.352647355611156,0.1204178910021714,7.352647355611156,7.352647355611156,0.0,0.0,0.0,0.0,0.0,0.0,0.9996923232193372,-9.829869383444876e-09,0.0,0.0,0.0,0.0,0.0,0.0,0.007920759385419618,0.9411255094719531,0.002277590081403018,0.022113935936677025
10.36655,0.0,0.5427846,0.02331709,0.7624701,0.17960215393258647,0.0,0.10528900848008133,0.007916811613036406,0.9411522346686683,0.0,0.1058341918871767,0.00790875054468219,0.9412068056055384,0.00790875054468219,0.9412068056055384,0.0,0.0,0.0,0.00790875054468219,0.9412068056055384,0.0,0.0,0.0,0.15219633915616154,0.00970154414585225,0.9238330820722351,0.007919564094836446,0.9411336012191123,0.0,15.142793740293417,0.0,0.1725583103196892,6.608163381625229,0.2662473035197972,13.98816338162383,6.608163381625229,0.0,7.379999999998601,1.0,0.0,0.0,0.0,0.9996923232193372,-9.829869383444876e-09,0.0,0.0,0.0,0.0,0.0,0.0,0.007919564094836446,0.9411336012191123,0.0017819800510158047,0.017300519146877077,0.0,0.15219633915616154,0.00970154414585225,0.9238330820722351,0.007919564094836446,0.9411336012191123,0.0,15.142793740293417,0.0,0.1725583103196892,6.608163381625229,0.2662473035197972,13.98816338162383,0.1204178910021714,7.352647355611156,0.1204178910021714,7.352647355611156,7.352647355611156,0.0,0.0,0.0,0.0,0.0,0.0,0.9996923232193372,-9.829869383444876e-09,0.0,0.0,0.0,0.0,0.0,0.0,0.007919564094836446,0.9411336012191123,0.0017819800510158047,0.017300519146877077
10.36763,0.0,0.518092,0.02188009,0.8013031,0.16884559662921667,0.0,0.09737700423148725,0.007916811613036173,0.9411522346686698,0.0,0.09795964585612946,0.007915081560537643,0.9411639465884217,0.007915081560537643,0.9411639465884217,0.0,0.0,0.0,0.007915081560537643,0.9411639465884217,0.0,0.0,0.0,0.14162908483431055,0.009353857144070523,0.9272073431720127,0.007918435164743652,0.9411412437262984,0.0,14.606966508312485,0.0,0.1725583103196892,6.608163381625229,0.2662473035197972,13.98816338162383,6.608163381625229,0.0,7.379999999998601,1.0,0.0,0.0,0.0,0.9996923232193372,-9.829869383444876e-09,0.0,0.0,0.0,0.0,0.0,0.0,0.007918435164743652,0.9411412437262984,0.0014354219793268703,0.013933900554285667,0.0,0.14162908483431055,0.009353857144070523,0.9272073431720127,0.007918435164743652,0.9411412437262984,0.0,14.606966508312485,0.0,0.1725583103196892,6.608163381625229,0.2662473035197972,13.98816338162383,0.1204178910021714,7.352647355611156,0.1204178910021714,7.352647355611156,7.352647355611156,0.0,0.0,0.0,0.0,0.0,0.0,0.9996923232193372,-9.829869383444876e-09,0.0,0.0,0.0,0.0,0.0,0.0,0.007918435164743652,0.9411412437262984,0.0014354219793268703,0.013933900554285667
10.368799999999998,0.0,0.4909695,0.02059372,0.8299565,0.1571926595505823,0.0,0.08959021054427507,0.007916811613036173,0.9411522346686698,0.0,0.09004339259775493,0.007917151235737096,0.9411499355281394,0.007917151235737096,0.9411499355281394,0.0,0.0,0.0,0.007917151235737096,0.9411499355281394,0.0,0.0,0.0,0.13049710471099724,0.009015697370611971,0.9304891212297747,0.007917206769155227,0.9411495595840932,0.0,14.022171011710789,0.0,0.1725583103196892,6.608163381625229,0.2662473035197972,13.98816338162383,6.608163381625229,0.0,7.379999999998601,1.0,0.0,0.0,0.0,0.9996923232193372,-9.829869383444876e-09,0.0,0.0,0.0,0.0,0.0,0.0,0.007917206769155227,0.9411495595840932,0.001098490601456743,0.010660438354318527,0.0,0.13049710471099724,0.009015697370611971,0.9304891212297747,0.007917206769155227,0.9411495595840932,0.0,14.022171011710789,0.0,0.1725583103196892,6.608163381625229,0.2662473035197972,13.98816338162383,0.1204178910021714,7.352647355611156,0.1204178910021714,7.352647355611156,7.352647355611156,0.0,0.0,0.0,0.0,0.0,0.0,0.9996923232193372,-9.829869383444876e-09,0.0,0.0,0.0,0.0,0.0,0.0,0.007917206769155227,0.9411495595840932,0.001098490601456743,0.010660438354318527
10.36999,0.0,0.4639412,0.02012728,0.8178015,0.14534052696630206,0.0,0.08224918442003257,0.007916811613035936,0.9411522346686714,0.0,0.08267102139486486,0.00791681161303192,0.9411522346686987,0.00791681161303192,0.9411522346686987,0.0,0.0,0.0,0.00791681161303192,0.9411522346686987,0.0,0.0,0.0,0.12021439285874756,0.0087742569046896,0.9328319024277505,0.007916469052854234,0.9411545536950373,0.0,13.41880623000963,0.0,0.1725583103196892,6.608163381625229,0.2662473035197972,13.98816338162383,6.608163381625229,0.0,7.379999999998601,1.0,0.0,0.0,0.0,0.9996923232193372,-9.829869383444876e-09,0.0,0.0,0.0,0.0,0.0,0.0,0.007916469052854234,0.9411545536950373,0.0008577878518353656,0.008322651267286818,0.0,0.12021439285874756,0.0087742569046896,0.9328319024277505,0.007916469052854234,0.9411545536950373,0.0,13.41880623000963,0.0,0.1725583103196892,6.608163381625229,0.2662473035197972,13.98816338162383,0.1204178910021714,7.352647355611156,0.1204178910021714,7.352647355611156,7.352647355611156,0.0,0.0,0.0,0.0,0.0,0.0,0.9996923232193372,-9.829869383444876e-09,0.0,0.0,0.0,0.0,0.0,0.0,0.007916469052854234,0.9411545536950373,0.0008577878518353656,0.008322651267286818
10.37116,0.0,0.4386628,0.01966971,0.8058773,0.13450829056262037,0.0,0.07545473567104058,0.0074107959598789346,0.9445795614526438,0.0,0.07591732473131353,0.00685578304247834,0.9483402619796109,0.00685578304247834,0.9483402619796109,0.0,0.0,0.0,0.00685578304247834,0.9483402619796109,0.0,0.0,0.0,0.11079819630427003,0.008579489050163189,0.9346918689550245,0.006121915483405363,0.953400879440397,0.0,12.824444058357825,0.0,0.1725583103196892,6.608163381625229,0.2662473035197972,13.98816338162383,6.608163381625229,0.0,7.379999999998601,1.0,0.0,0.0,0.0,0.9996923232193372,-9.829869383444876e-09,0.0,0.0,0.0,0.0,0.0,0.0,0.006121915483405363,0.953400879440397,0.0024575735667578245,0.018709010485372456,0.0,0.11079819630427003,0.008579489050163189,0.9346918689550245,0.006121915483405363,0.953400879440397,0.0,12.824444058357825,0.0,0.1725583103196892,6.608163381625229,0.2662473035197972,13.98816338162383,0.1204178910021714,7.352647355611156,0.1204178910021714,7.352647355611156,7.352647355611156,0.0,0.0,0.0,0.0,0.0,0.0,0.9996923232193372,-9.829869383444876e-09,0.0,0.0,0.0,0.0,0.0,0.0,0.006121915483405363,0.953400879440397,0.0024575735667578245,0.018709010485372456
10.37218,0.0,0.4172921,0.0191116,0.8237327,0.12644210649727983,0.0,0.06995635320509615,0.004849655677862939,0.9623388981530276,0.0,0.07040516195153146,0.0047364321275696316,0.9631788494759537,0.0047364321275696316,0.9631788494759537,0.0,0.0,0.0,0.0047364321275696316,0.9631788494759537,0.0,0.0,0.0,0.10313353826951707,0.007890910819771335,0.9398064566399228,0.0048893755073005215,0.9620590306182034,0.0,12.309549406610891,0.0,0.1725583103196892,6.608163381625229,0.2662473035197972,13.98816338162383,6.608163381625229,0.0,7.379999999998601,1.0,0.0,0.0,0.0,0.9996923232193372,-9.829869383444876e-09,0.0,0.0,0.0,0.0,0.0,0.0,0.0048893755073005215,0.9620590306182034,0.0030015353124708145,0.022252573978280638,0.0,0.10313353826951707,0.007890910819771335,0.9398064566399228,0.0048893755073005215,0.9620590306182034,0.0,12.309549406610891,0.0,0.1725583103196892,6.608163381625229,0.2662473035197972,13.98816338162383,0.1204178910021714,7.352647355611156,0.1204178910021714,7.352647355611156,7.352647355611156,0.0,0.0,0.0,0.0,0.0,0.0,0.9996923232193372,-9.829869383444876e-09,0.0,0.0,0.0,0.0,0.0,0.0,0.0048893755073005215,0.9620590306182034,0.0030015353124708145,0.022252573978280638
10.373240000000001,0.0,0.3954079,0.0184904,0.8498281,0.1180596014881985,0.0,0.06465470223239553,0.004874006281076259,0.962167322811711,0.0,0.06509416550589765,0.004952711487452328,0.9616127627242634,0.004952711487452328,0.9616127627242634,0.0,0.0,0.0,0.004952711487452328,0.9616127627242634,0.0,0.0,0.0,0.0956785056452239,0.007311698721922463,0.9440976164521324,0.004841761551018594,0.9623945204920659,0.0,11.779712869912554,0.0,0.1725583103196892,6.608163381625229,0.2662473035197972,13.98816338162383,6.608163381625229,0.0,7.379999999998601,1.0,0.0,0.0,0.0,0.9996923232193372,-9.829869383444876e-09,0.0,0.0,0.0,0.0,0.0,0.0,0.004841761551018594,0.9623945204920659,0.0024699371709038694,0.01829690403993339,0.0,0.0956785056452239,0.007311698721922463,0.9440976164521324,0.004841761551018594,0.9623945204920659,0.0,11.779712869912554,0.0,0.1725583103196892,6.608163381625229,0.2662473035197972,13.98816338162383,0.1204178910021714,7.352647355611156,0.1204178910021714,7.352647355611156,7.352647355611156,0.0,0.0,0.0,0.0,0.0,0.0,0.9996923232193372,-9.829869383444876e-09,0.0,0.0,0.0,0.0,0.0,0.0,0.004841761551018594,0.9623945204920659,0.0024699371709038694,0.01829690403993339
10.3744,0.0,0.3717276,0.01780575,0.873904,0.10888629411978631,0.0,0.05933714684035391,0.0048525627621821485,0.9623184147185955,0.0,0.05972085331256371,0.004842626561834419,0.9623884255906513,0.004842626561834419,0.9623884255906513,0.0,0.0,0.0,0.004842626561834419,0.9623884255906513,0.0,0.0,0.0,0.08811744388036673,0.006808371287081466,0.9478267075598097,0.00485400635793732,0.9623082430841498,0.0,11.208289717992267,0.0,0.1725583103196892,6.608163381625229,0.2662473035197972,13.98816338162383,6.608163381625229,0.0,7.379999999998601,1.0,0.0,0.0,0.0,0.9996923232193372,-9.829869383444876e-09,0.0,0.0,0.0,0.0,0.0,0.0,0.00485400635793732,0.9623082430841498,0.0019543649291441463,0.014481535524340096,0.0,0.08811744388036673,0.006808371287081466,0.9478267075598097,0.00485400635793732,0.9623082430841498,0.0,11.208289717992267,0.0,0.1725583103196892,6.608163381625229,0.2662473035197972,13.98816338162383,0.1204178910021714,7.352647355611156,0.1204178910021714,7.352647355611156,7.352647355611156,0.0,0.0,0.0,0.0,0.0,0.0,0.9996923232193372,-9.829869383444876e-09,0.0,0.0,0.0,0.0,0.0,0.0,0.00485400635793732,0.9623082430841498,0.0019543649291441463,0.014481535524340096
10.3758,0.0,0.3442509,0.01695686,0.8692003,0.09781506108892951,0.0,0.053425062394059364,0.004852876954398748,0.9623162009074497,0.0,0.05372200401596057,0.0048440395555595,0.9623784695793552,0.0048440395555595,0.9623784695793552,0.0,0.0,0.0,0.0048440395555595,0.9623784695793552,0.0,0.0,0.0,0.07978937047225662,0.006342021029886398,0.9512821784706215,0.004855630102321593,0.9622968021151314,0.0,10.535323894600378,0.0,0.1725583103196892,6.608163381625229,0.2662473035197972,13.98816338162383,6.608163381625229,0.0,7.379999999998601,1.0,0.0,0.0,0.0,0.9996923232193372,-9.829869383444876e-09,0.0,0.0,0.0,0.0,0.0,0.0,0.004855630102321593,0.9622968021151314,0.001486390927564805,0.011014623644509874,0.0,0.07978937047225662,0.006342021029886398,0.9512821784706215,0.004855630102321593,0.9622968021151314,0.0,10.535323894600378,0.0,0.1725583103196892,6.608163381625229,0.2662473035197972,13.98816338162383,0.1204178910021714,7.352647355611156,0.1204178910021714,7.352647355611156,7.352647355611156,0.0,0.0,0.0,0.0,0.0,0.0,0.9996923232193372,-9.829869383444876e-09,0.0,0.0,0.0,0.0,0.0,0.0,0.004855630102321593,0.9622968021151314,0.001486390927564805,0.011014623644509874
10.37611,0.0,0.3383742,0.01676715,0.8681491,0.09536357377494906,0.0,0.0522219266678783,0.004852876954398674,0.9623162009074502,0.0,0.05242939642483346,0.004844567158342516,0.9623747520686726,0.004844567158342516,0.9623747520686726,0.0,0.0,0.0,0.004844567158342516,0.9623747520686726,0.0,0.0,0.0,0.07800070157491691,0.006248142251522497,0.9519777969914437,0.0048553806366496,0.9622985598604096,0.0,10.387566840293184,0.0,0.1725583103196892,6.608163381625229,0.2662473035197972,13.98816338162383,6.608163381625229,0.0,7.379999999998601,1.0,0.0,0.0,0.0,0.9996923232193372,-9.829869383444876e-09,0.0,0.0,0.0,0.0,0.0,0.0,0.0048553806366496,0.9622985598604096,0.0013927616148728971,0.01032076286896589,0.0,0.07800070157491691,0.006248142251522497,0.9519777969914437,0.0048553806366496,0.9622985598604096,0.0,10.387566840293184,0.0,0.1725583103196892,6.608163381625229,0.2662473035197972,13.98816338162383,0.1204178910021714,7.352647355611156,0.1204178910021714,7.352647355611156,7.352647355611156,0.0,0.0,0.0,0.0,0.0,0.0,0.9996923232193372,-9.829869383444876e-09,0.0,0.0,0.0,0.0,0.0,0.0,0.0048553806366496,0.9622985598604096,0.0013927616148728971,0.01032076286896589
10.37712,0.0,0.3199777,0.01616074,0.8649466,0.08962925890909168,0.0,0.0483020328503331,0.004852876954398428,0.9623162009074518,0.0,0.04870108391958781,0.004849191017630871,0.9623421721679346,0.004849191017630871,0.9623421721679346,0.0,0.0,0.0,0.004849191017630871,0.9623421721679346,0.0,0.0,0.0,0.0723988935412064,0.005973274729897456,0.9540144954639074,0.004854563070509959,0.9623043204647046,0.0,9.912782905690445,0.0,0.1725583103196892,6.608163381625229,0.2662473035197972,13.98816338162383,6.608163381625229,0.0,7.379999999998601,1.0,0.0,0.0,0.0,0.9996923232193372,-9.829869383444876e-09,0.0,0.0,0.0,0.0,0.0,0.0,0.004854563070509959,0.9623043204647046,0.001118711659387496,0.00828982500079723,0.0,0.0723988935412064,0.005973274729897456,0.9540144954639074,0.004854563070509959,0.9623043204647046,0.0,9.912782905690445,0.0,0.1725583103196892,6.608163381625229,0.2662473035197972,13.98816338162383,0.1204178910021714,7.352647355611156,0.1204178910021714,7.352647355611156,7.352647355611156,0.0,0.0,0.0,0.0,0.0,0.0,0.9996923232193372,-9.829869383444876e-09,0.0,0.0,0.0,0.0,0.0,0.0,0.004854563070509959,0.9623043204647046,0.001118711659387496,0.00828982500079723
10.37792,0.0,0.3057682,0.01572577,0.8746998,0.08542311200000094,0.0,0.04553865945302172,0.004852876954398386,0.9623162009074522,0.0,0.04574796510354924,0.0048528534804335305,0.962316366305964,0.0048528534804335305,0.962316366305964,0.0,0.0,0.0,0.0048528534804335305,0.962316366305964,0.0,0.0,0.0,0.06835679614472817,0.005809778848990339,0.9552259547712484,0.004853907112615491,0.9623089423707267,0.0,9.548293511774476,0.0,0.1725583103196892,6.608163381625229,0.2662473035197972,13.98816338162383,6.608163381625229,0.0,7.379999999998601,1.0,0.0,0.0,0.0,0.9996923232193372,-9.829869383444876e-09,0.0,0.0,0.0,0.0,0.0,0.0,0.004853907112615491,0.9623089423707267,0.0009558717363748473,0.007082987599478327,0.0,0.06835679614472817,0.005809778848990339,0.9552259547712484,0.004853907112615491,0.9623089423707267,0.0,9.548293511774476,0.0,0.1725583103196892,6.608163381625229,0.2662473035197972,13.98816338162383,0.1204178910021714,7.352647355611156,0.1204178910021714,7.352647355611156,7.352647355611156,0.0,0.0,0.0,0.0,0.0,0.0,0.9996923232193372,-9.829869383444876e-09,0.0,0.0,0.0,0.0,0.0,0.0,0.004853907112615491,0.9623089423707267,0.0009558717363748473,0.007082987599478327
10.37895,0.0,0.2879173,0.01516304,0.8873176,0.08000769785454556,0.0,0.0421056865135635,0.004852876954398386,0.9623162009074522,0.0,0.04236062916971752,0.00485308106777471,0.9623147627162951,0.00485308106777471,0.9623147627162951,0.0,0.0,0.0,0.00485308106777471,0.9623147627162951,0.0,0.0,0.0,0.06322859136117046,0.0056080061003503864,0.956721030871536,0.004853108429399634,0.9623145699251723,0.0,9.081672429730409,0.0,0.1725583103196892,6.608163381625229,0.2662473035197972,13.98816338162383,6.608163381625229,0.0,7.379999999998601,1.0,0.0,0.0,0.0,0.9996923232193372,-9.829869383444876e-09,0.0,0.0,0.0,0.0,0.0,0.0,0.004853108429399634,0.9623145699251723,0.0007548976709507525,0.005593539053636184,0.0,0.06322859136117046,0.0056080061003503864,0.956721030871536,0.004853108429399634,0.9623145699251723,0.0,9.081672429730409,0.0,0.1725583103196892,6.608163381625229,0.2662473035197972,13.98816338162383,0.1204178910021714,7.352647355611156,0.1204178910021714,7.352647355611156,7.352647355611156,0.0,0.0,0.0,0.0,0.0,0.0,0.9996923232193372,-9.829869383444876e-09,0.0,0.0,0.0,0.0,0.0,0.0,0.004853108429399634,0.9623145699251723,0.0007548976709507525,0.005593539053636184
10.38009,0.0,0.2690241,0.01454448,0.9000403,0.07401393850909335,0.0,0.038673619524716596,0.004852876954398174,0.9623162009074536,0.0,0.038893994633279874,0.004852876954395166,0.9623162009074748,0.004852876954395166,0.9623162009074748,0.0,0.0,0.0,0.004852876954395166,0.9623162009074748,0.0,0.0,0.0,0.05811393883743626,0.005447988204355184,0.9579066872643597,0.004852633327761554,0.9623179175106509,0.0,8.585116845042112,0.0,0.1725583103196892,6.608163381625229,0.2662473035197972,13.98816338162383,6.608163381625229,0.0,7.379999999998601,1.0,0.0,0.0,0.0,0.9996923232193372,-9.829869383444876e-09,0.0,0.0,0.0,0.0,0.0,0.0,0.004852633327761554,0.9623179175106509,0.0005953548765936284,0.004411230246291236,0.0,0.05811393883743626,0.005447988204355184,0.9579066872643597,0.004852633327761554,0.9623179175106509,0.0,8.585116845042112,0.0,0.1725583103196892,6.608163381625229,0.2662473035197972,13.98816338162383,0.1204178910021714,7.352647355611156,0.1204178910021714,7.352647355611156,7.352647355611156,0.0,0.0,0.0,0.0,0.0,0.0,0.9996923232193372,-9.829869383444876e-09,0.0,0.0,0.0,0.0,0.0,0.0,0.004852633327761554,0.9623179175106509,0.0005953548765936284,0.004411230246291236
10.38316,0.0,0.2224709,0.01285795,0.9093082,0.05955530251299734,0.0,0.030570808250004685,0.0029381898199279406,0.9773380500154485,0.0,0.030799973975888763,0.0029886007367859765,0.9769328494453535,0.0029886007367859765,0.9769328494453535,0.0,0.0,0.0,0.0029886007367859765,0.9769328494453535,0.0,0.0,0.0,0.04623240850541759,0.0045301445113524975,0.9649890874511877,0.002916625507656759,0.977511382939557,0.0,7.330900117025464,0.0,0.1725583103196892,6.608163381625229,0.2662473035197972,13.98816338162383,6.608163381625229,0.0,7.379999999998601,1.0,0.0,0.0,0.0,0.9996923232193372,-9.829869383444876e-09,0.0,0.0,0.0,0.0,0.0,0.0,0.002916625507656759,0.977511382939557,0.0016135190036957376,0.01252229548836922,0.0,0.04623240850541759,0.0045301445113524975,0.9649890874511877,0.002916625507656759,0.977511382939557,0.0,7.330900117025464,0.0,0.1725583103196892,6.608163381625229,0.2662473035197972,13.98816338162383,0.1204178910021714,7.352647355611156,0.1204178910021714,7.352647355611156,7.352647355611156,0.0,0.0,0.0,0.0,0.0,0.0,0.9996923232193372,-9.829869383444876e-09,0.0,0.0,0.0,0.0,0.0,0.0,0.002916625507656759,0.977511382939557,0.0016135190036957376,0.01252229548836922
10.38566,0.0,0.1893272,0.01149025,0.9241753,0.04943708760832319,0.0,0.02530180998088284,0.0029239945094336854,0.9774521512511221,0.0,0.025481337573326615,0.002918756497868321,0.977494254140828,0.002918756497868321,0.977494254140828,0.0,0.0,0.0,0.002918756497868321,0.977494254140828,0.0,0.0,0.0,0.03843143708274775,0.003909010708010901,0.9698089580749291,0.002925666371515228,0.9774387129026297,0.0,6.411059323009416,0.0,0.1725583103196892,6.608163381625229,0.2662473035197972,13.98816338162383,6.608163381625229,0.0,7.379999999998601,1.0,0.0,0.0,0.0,0.9996923232193372,-9.829869383444876e-09,0.0,0.0,0.0,0.0,0.0,0.0,0.002925666371515228,0.9774387129026297,0.0009833443364956726,0.007629754827700672,0.0,0.03843143708274775,0.003909010708010901,0.9698089580749291,0.002925666371515228,0.9774387129026297,0.0,6.411059323009416,0.0,0.1725583103196892,6.608163381625229,0.2662473035197972,13.98816338162383,0.1204178910021714,7.352647355611156,0.1204178910021714,7.352647355611156,7.352647355611156,0.0,0.0,0.0,0.0,0.0,0.0,0.9996923232193372,-9.829869383444876e-09,0.0,0.0,0.0,0.0,0.0,0.0,0.002925666371515228,0.9774387129026297,0.0009833443364956726,0.007629754827700672
10.38795,0.0,0.1624996,0.01043449,0.9286965,0.04088549785467424,0.0,0.021275927707333667,0.002923994509433455,0.977452151251124,0.0,0.021376380207315825,0.002924060938210879,0.9774516172997467,0.002924060938210879,0.9774516172997467,0.0,0.0,0.0,0.002924060938210879,0.9774516172997467,0.0,0.0,0.0,0.03234688004371813,0.0035354769675588925,0.9727073527259452,0.0029245811349906665,0.9774474359825864,0.0,5.638416408873189,0.0,0.1725583103196892,6.608163381625229,0.2662473035197972,13.98816338162383,6.608163381625229,0.0,7.379999999998601,1.0,0.0,0.0,0.0,0.9996923232193372,-9.829869383444876e-09,0.0,0.0,0.0,0.0,0.0,0.0,0.0029245811349906665,0.9774474359825864,0.0006108958325682259,0.004740083256641223,0.0,0.03234688004371813,0.0035354769675588925,0.9727073527259452,0.0029245811349906665,0.9774474359825864,0.0,5.638416408873189,0.0,0.1725583103196892,6.608163381625229,0.2662473035197972,13.98816338162383,0.1204178910021714,7.352647355611156,0.1204178910021714,7.352647355611156,7.352647355611156,0.0,0.0,0.0,0.0,0.0,0.0,0.9996923232193372,-9.829869383444876e-09,0.0,0.0,0.0,0.0,0.0,0.0,0.0029245811349906665,0.9774474359825864,0.0006108958325682259,0.004740083256641223
10.3909,0.0,0.1327742,0.009114323,0.9343351,0.034102712906576446,0.0,0.017005262880817648,0.0029239945094332092,0.9774521512511258,0.0,0.01711051902439417,0.0028679290592161974,0.9779028026934422,0.0028679290592161974,0.9779028026934422,0.0,0.0,0.0,0.0028679290592161974,0.9779028026934422,0.0,0.0,0.0,0.025858817620188424,0.0032483174031804805,0.9749355631160547,0.0029239653289715958,0.977452385802299,0.0,4.743735330534012,0.0,0.1725583103196892,6.608163381625229,0.2662473035197972,13.98816338162383,6.608163381625229,0.0,7.379999999998601,1.0,0.0,0.0,0.0,0.9996923232193372,-9.829869383444876e-09,0.0,0.0,0.0,0.0,0.0,0.0,0.0029239653289715958,0.977452385802299,0.0003243520742088837,0.002516822686244294,0.0,0.025858817620188424,0.0032483174031804805,0.9749355631160547,0.0029239653289715958,0.977452385802299,0.0,4.743735330534012,0.0,0.1725583103196892,6.608163381625229,0.2662473035197972,13.98816338162383,0.1204178910021714,7.352647355611156,0.1204178910021714,7.352647355611156,7.352647355611156,0.0,0.0,0.0,0.0,0.0,0.0,0.9996923232193372,-9.829869383444876e-09,0.0,0.0,0.0,0.0,0.0,0.0,0.0029239653289715958,0.977452385802299,0.0003243520742088837,0.002516822686244294
10.39438,0.0,0.1039608,0.007773015,0.9424518,0.02704195912186508,0.0,0.013042959313652725,0.0017072039279541968,0.9873858671716356,0.0,0.01313923425253917,0.0017039342115923214,0.9874115338478138,0.0017039342115923214,0.9874115338478138,0.0,0.0,0.0,0.0017039342115923214,0.9874115338478138,0.0,0.0,0.0,0.019933915808580963,0.0025071377547557913,0.9809193787534187,0.0017076413238533848,0.987382433693724,0.0,3.847138470328146,0.0,0.1725583103196892,6.608163381625229,0.2662473035197972,13.98816338162383,6.608163381625229,0.0,7.379999999998601,1.0,0.0,0.0,0.0,0.9996923232193372,-9.829869383444876e-09,0.0,0.0,0.0,0.0,0.0,0.0,0.0017076413238533848,0.987382433693724,0.0007994964309024072,0.006463054940305232,0.0,0.019933915808580963,0.0025071377547557913,0.9809193787534187,0.0017076413238533848,0.987382433693724,0.0,3.847138470328146,0.0,0.1725583103196892,6.608163381625229,0.2662473035197972,13.98816338162383,0.1204178910021714,7.352647355611156,0.1204178910021714,7.352647355611156,7.352647355611156,0.0,0.0,0.0,0.0,0.0,0.0,0.9996923232193372,-9.829869383444876e-09,0.0,0.0,0.0,0.0,0.0,0.0,0.0017076413238533848,0.987382433693724,0.0007994964309024072,0.006463054940305232
10.40228,0.0,0.05765009,0.005289689,0.9570829,0.01588827050179282,0.0,0.00715817512699415,0.0009497832507100372,0.9938114553104608,0.0,0.007214816717610015,0.0009561950515906635,0.9937460224806255,0.0009561950515906635,0.9937460224806255,0.0,0.0,0.0,0.0009561950515906635,0.9937460224806255,0.0,0.0,0.0,0.011005001275810602,0.0017112801347449484,0.9874071979615436,0.0009747425241683281,0.9935825409864474,0.0,2.3336001187538065,0.0,0.1725583103196892,6.608163381625229,0.2662473035197972,13.98816338162383,6.608163381625229,0.0,7.379999999998601,1.0,0.0,0.0,0.0,0.9996923232193372,-9.829869383444876e-09,0.0,0.0,0.0,0.0,0.0,0.0,0.0009747425241683281,0.9935825409864474,0.0007365376105766202,0.006175343024903679,0.0,0.011005001275810602,0.0017112801347449484,0.9874071979615436,0.0009747425241683281,0.9935825409864474,0.0,2.3336001187538065,0.0,0.1725583103196892,6.608163381625229,0.2662473035197972,13.98816338162383,0.1204178910021714,7.352647355611156,0.1204178910021714,7.352647355611156,7.352647355611156,0.0,0.0,0.0,0.0,0.0,0.0,0.9996923232193372,-9.829869383444876e-09,0.0,0.0,0.0,0.0,0.0,0.0,0.0009747425241683281,0.9935825409864474,0.0007365376105766202,0.006175343024903679
10.41063,0.0,0.03019981,0.003472579,0.9712544,0.009051293704453943,0.0,0.0038175979642043147,0.0009660228522378626,0.9936625135789556,0.0,0.003842963420980061,0.0009660228522374334,0.9936625135789595,0.0009660228522374334,0.9936625135789595,0.0,0.0,0.0,0.0009660228522374334,0.9936625135789595,0.0,0.0,0.0,0.005894204880822824,0.0010997924619149029,0.9925397978921358,0.0009659968326645349,0.9936627522178346,0.0,1.342763566224566,0.0,0.1725583103196892,6.608163381625229,0.2662473035197972,13.98816338162383,6.608163381625229,0.0,7.379999999998601,1.0,0.0,0.0,0.0,0.9996923232193372,-9.829869383444876e-09,0.0,0.0,0.0,0.0,0.0,0.0,0.0009659968326645349,0.9936627522178346,0.00013379562925036834,0.0011229543256989002,0.0,0.005894204880822824,0.0010997924619149029,0.9925397978921358,0.0009659968326645349,0.9936627522178346,0.0,1.342763566224566,0.0,0.1725583103196892,6.608163381625229,0.2662473035197972,13.98816338162383,0.1204178910021714,7.352647355611156,0.1204178910021714,7.352647355611156,7.352647355611156,0.0,0.0,0.0,0.0,0.0,0.0,0.9996923232193372,-9.829869383444876e-09,0.0,0.0,0.0,0.0,0.0,0.0,0.0009659968326645349,0.9936627522178346,0.00013379562925036834,0.0011229543256989002
10.4222,0.0,0.01186946,0.001890743,0.9843901,0.004043900481456029,0.0,0.0016032905741919675,0.0004507327632167317,0.9980843759693752,0.0,0.0016163708201317624,0.00045070330169898155,0.9980846640587024,0.00045070330169898155,0.9980846640587024,0.0,0.0,0.0,0.00045070330169898155,0.9980846640587024,0.0,0.0,0.0,0.0024942178654923917,0.0005720665694508301,0.9969974928462214,0.00045074865508118163,0.9980842205708456,0.0,0.6056476483905332,0.0,0.1725583103196892,6.608163381625229,0.2662473035197972,13.98816338162383,6.608163381625229,0.0,7.379999999998601,1.0,0.0,0.0,0.0,0.9996923232193372,-9.829869383444876e-09,0.0,0.0,0.0,0.0,0.0,0.0,0.00045074865508118163,0.9980842205708456,0.00012131791436964841,0.0010867277246241073,0.0,0.0024942178654923917,0.0005720665694508301,0.9969974928462214,0.00045074865508118163,0.9980842205708456,0.0,0.6056476483905332,0.0,0.1725583103196892,6.608163381625229,0.2662473035197972,13.98816338162383,0.1204178910021714,7.352647355611156,0.1204178910021714,7.352647355611156,7.352647355611156,0.0,0.0,0.0,0.0,0.0,0.0,0.9996923232193372,-9.829869383444876e-09,0.0,0.0,0.0,0.0,0.0,0.0,0.00045074865508118163,0.9980842205708456,0.00012131791436964841,0.0010867277246241073
10.43375,0.0,0.004700391,0.0009918865,0.991353,0.0017372527143010592,0.0,0.0007191645661117297,0.00044993162979948376,0.9980922098491247,0.0,0.0007250174417367953,0.0004499403742618791,0.9980921243414361,0.0004499403742618791,0.9980921243414361,0.0,0.0,0.0,0.0004499403742618791,0.9980921243414361,0.0,0.0,0.0,0.001091787034530242,0.0004618030075942354,0.9979854770886147,0.0004499306049002209,0.998092219871098,0.0,0.26660021248697,0.0,0.1725583103196892,6.608163381625229,0.2662473035197972,13.98816338162383,6.608163381625229,0.0,7.379999999998601,1.0,0.0,0.0,0.0,0.9996923232193372,-9.829869383444876e-09,0.0,0.0,0.0,0.0,0.0,0.0,0.0004499306049002209,0.998092219871098,1.1872402694014401e-05,0.00010674278248316262,0.0,0.001091787034530242,0.0004618030075942354,0.9979854770886147,0.0004499306049002209,0.998092219871098,0.0,0.26660021248697,0.0,0.1725583103196892,6.608163381625229,0.2662473035197972,13.98816338162383,0.1204178910021714,7.352647355611156,0.1204178910021714,7.352647355611156,7.352647355611156,0.0,0.0,0.0,0.0,0.0,0.0,0.9996923232193372,-9.829869383444876e-09,0.0,0.0,0.0,0.0,0.0,0.0,0.0004499306049002209,0.998092219871098,1.1872402694014401e-05,0.00010674278248316262
10.44796,0.0,0.00145952,0.0004133422,0.9959829,0.000689594659309243,0.0,0.00032697360424532087,0.000449125088731651,0.9981000966075629,0.0,0.00032834218294874537,0.0004491251359310644,0.9981000961460237,0.0004491251359310644,0.9981000961460237,0.0,0.0,0.0,0.0004491251359310644,0.9981000961460237,0.0,0.0,0.0,0.0004521932593779137,0.0004499779004884706,0.9980922683861475,0.0004491253835958248,0.9981000937242349,0.0,0.09422348055097346,0.0,0.1725583103196892,6.608163381625229,0.2662473035197972,13.98816338162383,6.608163381625229,0.0,7.379999999998601,1.0,0.0,0.0,0.0,0.9996923232193372,-9.829869383444876e-09,0.0,0.0,0.0,0.0,0.0,0.0,0.0004491253835958248,0.9981000937242349,8.52516892645766e-07,7.825338087428786e-06,0.0,0.0004521932593779137,0.0004499779004884706,0.9980922683861475,0.0004491253835958248,0.9981000937242349,0.0,0.09422348055097346,0.0,0.1725583103196892,6.608163381625229,0.2662473035197972,13.98816338162383,0.1204178910021714,7.352647355611156,0.1204178910021714,7.352647355611156,7.352647355611156,0.0,0.0,0.0,0.0,0.0,0.0,0.9996923232193372,-9.829869383444876e-09,0.0,0.0,0.0,0.0,0.0,0.0,0.0004491253835958248,0.9981000937242349,8.52516892645766e-07,7.825338087428786e-06
10.464920000000001,0.0,0.0003477824,0.0001222794,0.9986735,0.0002555429792099697,0.0,0.00018987198865585698,0.00044751238576567614,0.99811586641673,0.0,0.000190477264889727,0.0004475095494921479,0.9981158941512187,0.0004475095494921479,0.9981158941512187,0.0,0.0,0.0,0.0004475095494921479,0.9981158941512187,0.0,0.0,0.0,0.00022371737832966402,0.0004479642305379594,0.9981114635231317,0.0004475134481202314,0.9981158560285003,0.0,0.026245566129472805,0.0,0.1725583103196892,6.608163381625229,0.2662473035197972,13.98816338162383,6.608163381625229,0.0,7.379999999998601,1.0,0.0,0.0,0.0,0.9996923232193372,-9.829869383444876e-09,0.0,0.0,0.0,0.0,0.0,0.0,0.0004475134481202314,0.9981158560285003,4.5078241772807204e-07,4.392505368562643e-06,0.0,0.00022371737832966402,0.0004479642305379594,0.9981114635231317,0.0004475134481202314,0.9981158560285003,0.0,0.026245566129472805,0.0,0.1725583103196892,6.608163381625229,0.2662473035197972,13.98816338162383,0.1204178910021714,7.352647355611156,0.1204178910021714,7.352647355611156,7.352647355611156,0.0,0.0,0.0,0.0,0.0,0.0,0.9996923232193372,-9.829869383444876e-09,0.0,0.0,0.0,0.0,0.0,0.0,0.0004475134481202314,0.9981158560285003,4.5078241772807204e-07,4.392505368562643e-06
10.48835,0.0,2.890977e-05,-4.520905e-06,0.9998555,7.614839210836542e-05,0.0,0.0001496881609858571,0.0004458997608745909,0.998131635462442,0.0,0.00014976831474087913,0.0004458998935003279,0.9981316341655617,0.0004458998935003279,0.9981316341655617,0.0,0.0,0.0,0.0004458998935003279,0.9981316341655617,0.0,0.0,0.0,0.00015540266638385856,0.00044611428995374483,0.9981295378159426,0.00044589996119769645,0.9981316335035834,0.0,0.0043648180442585885,0.0,0.1725583103196892,6.608163381625229,0.2662473035197972,13.98816338162383,6.608163381625229,0.0,7.379999999998601,1.0,0.0,0.0,0.0,0.9996923232193372,-9.829869383444876e-09,0.0,0.0,0.0,0.0,0.0,0.0,0.00044589996119769645,0.9981316335035834,2.1432875604838017e-07,2.0956876408191937e-06,0.0,0.00015540266638385856,0.00044611428995374483,0.9981295378159426,0.00044589996119769645,0.9981316335035834,0.0,0.0043648180442585885,0.0,0.1725583103196892,6.608163381625229,0.2662473035197972,13.98816338162383,0.1204178910021714,7.352647355611156,0.1204178910021714,7.352647355611156,7.352647355611156,0.0,0.0,0.0,0.0,0.0,0.0,0.9996923232193372,-9.829869383444876e-09,0.0,0.0,0.0,0.0,0.0,0.0,0.00044589996119769645,0.9981316335035834,2.1432875604838017e-07,2.0956876408191937e-06
10.5,0.0,6.439926e-06,-3.069683e-05,0.9999405,3.060486e-05,0.0,0.000145081385154182,0.0004450934289103259,0.9981395201761617,0.0,0.0001451398622264671,0.0004450934087983436,0.9981395203728267,0.0004450934087983436,0.9981395203728267,0.0,0.0,0.0,0.0004450934087983436,0.9981395203728267,0.0,0.0,0.0,0.0001475189397390309,0.0004452431789900567,0.9981380558568183,0.0004450933460062348,0.9981395209868391,0.0,0.001778177121494216,0.0,0.1725583103196892,6.608163381625229,0.2662473035197972,13.98816338162383,6.608163381625229,0.0,7.379999999998601,1.0,0.0,0.0,0.0,0.9996923232193372,-9.829869383444876e-09,0.0,0.0,0.0,0.0,0.0,0.0,0.0004450933460062348,0.9981395209868391,1.498329838219622e-07,1.465130020861238e-06,0.0,0.0001475189397390309,0.0004452431789900567,0.9981380558568183,0.0004450933460062348,0.9981395209868391,0.0,0.001778177121494216,0.0,0.1725583103196892,6.608163381625229,0.2662473035197972,13.98816338162383,0.1204178910021714,7.352647355611156,0.1204178910021714,7.352647355611156,7.352647355611156,0.0,0.0,0.0,0.0,0.0,0.0,0.9996923232193372,-9.829869383444876e-09,0.0,0.0,0.0,0.0,0.0,0.0,0.0004450933460062348,0.9981395209868391,1.498329838219622e-07,1.465130020861238e-06
10.50064,0.0228625,5.577617e-06,-3.150073e-05,0.9999373,3.0404563981480907e-05,0.02303999999988958,0.00014493690068934477,0.00044509342891032574,0.9981395201761617,0.023040000000170015,0.00014499128462896205,0.0004450934188580257,0.9981395202744582,0.0004450934188580257,0.9981395202744582,0.0,0.0,0.0,0.0004450934188580257,0.9981395202744582,0.0,0.0,0.023040000000069734,0.0001472539072913363,0.00044522530799721827,0.9981382306069131,0.0004450933676063717,0.9981395207756223,0.0,0.0016939309181276366,0.0,0.1725583103196892,6.608163381625229,0.2662473035197972,13.98816338162383,6.608163381625229,0.0,7.379999999998601,1.0,0.0,0.0,0.0,0.9996923232193372,-9.829869383444876e-09,0.0,0.0,0.0,0.0,0.0,0.0,0.0004450933676063717,0.9981395207756223,1.3194039084661373e-07,1.2901687091696292e-06,0.023040000000069734,0.0001472539072913363,0.00044522530799721827,0.9981382306069131,0.0004450933676063717,0.9981395207756223,0.0,0.0016939309181276366,0.0,0.1725583103196892,6.608163381625229,0.2662473035197972,13.98816338162383,0.1204178910021714,7.352647355611156,0.1204178910021714,7.352647355611156,7.352647355611156,0.0,0.0,0.0,0.0,0.0,0.0,0.9996923232193372,-9.829869383444876e-09,0.0,0.0,0.0,0.0,0.0,0.0,0.0004450933676063717,0.9981395207756223,1.3194039084661373e-07,1.2901687091696292e-06
10.5012,0.04305453,4.891337e-06,-3.123363e-05,0.9999378,2.96261380555548e-05,0.04320000000003908,0.0001448161888737362,0.00044478911076484474,0.9981424959498668,0.0432000000000356,0.000144863173180412,0.0004447948408757843,0.9981424399180012,0.0004447948408757843,0.9981424399180012,0.0,0.0,0.0,0.0004447948408757843,0.9981424399180012,0.0,0.0,0.043200000000062626,0.00014703373675862907,0.00044520333137095875,0.9981384455042125,0.0004442108872015802,0.9981481501065473,0.0,0.001622944379966417,0.0,0.1725583103196892,6.608163381625229,0.2662473035197972,13.98816338162383,6.608163381625229,0.0,7.379999999998601,1.0,0.0,0.0,0.0,0.9996923232193372,-9.829869383444876e-09,0.0,0.0,0.0,0.0,0.0,0.0,0.0004442108872015802,0.9981481501065473,9.92444169378594e-07,9.704602334794938e-06,0.043200000000062626,0.00014703373675862907,0.00044520333137095875,0.9981384455042125,0.0004442108872015802,0.9981481501065473,0.0,0.001622944379966417,0.0,0.1725583103196892,6.608163381625229,0.2662473035197972,13.98816338162383,0.1204178910021714,7.352647355611156,0.1204178910021714,7.352647355611156,7.352647355611156,0.0,0.0,0.0,0.0,0.0,0.0,0.9996923232193372,-9.829869383444876e-09,0.0,0.0,0.0,0.0,0.0,0.0,0.0004442108872015802,0.9981481501065473,9.92444169378594e-07,9.704602334794938e-06
10.50299,0.107669,2.913246e-06,-3.037893e-05,0.9999395,2.7304696975944628e-05,0.10763999999987707,0.0001444272644479256,0.000444293238001992,0.9981473448395919,0.10764000000012565,0.00014446408653815955,0.00044432794166480495,0.9981470054899712,0.00044432794166480495,0.9981470054899712,0.0,0.0,0.0,0.00044432794166480495,0.9981470054899712,0.0,0.0,0.10763999999996907,0.0001463870846627164,0.0004449253115550842,0.9981411641171658,0.00044428234848860207,0.9981474513226528,0.0,0.0014161459529656653,0.0,0.1725583103196892,6.608163381625229,0.2662473035197972,13.98816338162383,6.608163381625229,0.0,7.379999999998601,1.0,0.0,0.0,0.0,0.9996923232193372,-9.829869383444876e-09,0.0,0.0,0.0,0.0,0.0,0.0,0.00044428234848860207,0.9981474513226528,6.429630664820518e-07,6.2872054869672366e-06,0.10763999999996907,0.0001463870846627164,0.0004449253115550842,0.9981411641171658,0.00044428234848860207,0.9981474513226528,0.0,0.0014161459529656653,0.0,0.1725583103196892,6.608163381625229,0.2662473035197972,13.98816338162383,0.1204178910021714,7.352647355611156,0.1204178910021714,7.352647355611156,7.352647355611156,0.0,0.0,0.0,0.0,0.0,0.0,0.9996923232193372,-9.829869383444876e-09,0.0,0.0,0.0,0.0,0.0,0.0,0.00044428234848860207,0.9981474513226528,6.429630664820518e-07,6.2872054869672366e-06
10.50873,0.3144353,-1.792615e-06,-3.031366e-05,0.9999396,2.1228118125714143e-05,0.3142799999999915,0.00014346933645006046,0.0004442870969460608,0.9981474048898815,0.31428000000008993,0.00014351021471987088,0.0004442871769899481,0.9981474041071727,0.0004442871769899481,0.9981474041071727,0.0,0.0,0.0,0.0004442871769899481,0.9981474041071727,0.0,0.0,0.31428000000006334,0.00014479983736698595,0.0004444826128928261,0.9981454930399055,0.0004442872235331234,0.9981474036520505,0.0,0.0009144718984945535,0.0,0.1725583103196892,6.608163381625229,0.2662473035197972,13.98816338162383,6.608163381625229,0.0,7.379999999998601,1.0,0.0,0.0,0.0,0.9996923232193372,-9.829869383444876e-09,0.0,0.0,0.0,0.0,0.0,0.0,0.0004442872235331234,0.9981474036520505,1.953893597026796e-07,1.9106121449389445e-06,0.31428000000006334,0.00014479983736698595,0.0004444826128928261,0.9981454930399055,0.0004442872235331234,0.9981474036520505,0.0,0.0009144718984945535,0.0,0.1725583103196892,6.608163381625229,0.2662473035197972,13.98816338162383,0.1204178910021714,7.352647355611156,0.1204178910021714,7.352647355611156,7.352647355611156,0.0,0.0,0.0,0.0,0.0,0.0,0.9996923232193372,-9.829869383444876e-09,0.0,0.0,0.0,0.0,0.0,0.0,0.0004442872235331234,0.9981474036520505,1.953893597026796e-07,1.9106121449389445e-06
10.52032,0.7316,-6.695419e-06,-3.027277e-05,0.9999397,1.2281738833163017e-05,0.7315199999998819,0.00014235360398791273,0.0004434807649817957,0.9981552896036013,0.7315200000000397,0.0001423768865641032,0.00044348092535396723,0.9981552880354028,0.00044348092535396723,0.9981552880354028,0.0,0.0,0.0,0.00044348092535396723,0.9981552880354028,0.0,0.0,0.7315200000001008,0.00014300185207947555,0.00044362124177669464,0.9981539159520271,0.0004434807121278451,0.9981552901204334,0.0,0.00038478203527550156,0.0,0.1725583103196892,6.608163381625229,0.2662473035197972,13.98816338162383,6.608163381625229,0.0,7.379999999998601,1.0,0.0,0.0,0.0,0.9996923232193372,-9.829869383444876e-09,0.0,0.0,0.0,0.0,0.0,0.0,0.0004434807121278451,0.9981552901204334,1.4052964884952462e-07,1.3741684062933371e-06,0.7315200000001008,0.00014300185207947555,0.00044362124177669464,0.9981539159520271,0.0004434807121278451,0.9981552901204334,0.0,0.00038478203527550156,0.0,0.1725583103196892,6.608163381625229,0.2662473035197972,13.98816338162383,0.1204178910021714,7.352647355611156,0.1204178910021714,7.352647355611156,7.352647355611156,0.0,0.0,0.0,0.0,0.0,0.0,0.9996923232193372,-9.829869383444876e-09,0.0,0.0,0.0,0.0,0.0,0.0,0.0004434807121278451,0.9981552901204334,1.4052964884952462e-07,1.3741684062933371e-06
10.52132,0.7676,-6.89824e-06,-3.029192e-05,0.9999396,1.1644694820880962e-05,0.7675199999998671,0.0001422940373903539,0.0004425394666563394,0.998164494085316,0.7675199999998786,0.00014231958290180247,0.0004430336532800367,0.9981596616834957,0.0004430336532800367,0.9981596616834957,0.0,0.0,0.0,0.0004430336532800367,0.9981596616834957,0.0,0.0,0.7675199999998762,0.00014290354125612377,0.0004435638035240544,0.9981544776117064,0.00044251786199472654,0.9981647053464088,0.0,0.0003570617725627069,0.0,0.1725583103196892,6.608163381625229,0.2662473035197972,13.98816338162383,6.608163381625229,0.0,7.379999999998601,1.0,0.0,0.0,0.0,0.9996923232193372,-9.829869383444876e-09,0.0,0.0,0.0,0.0,0.0,0.0,0.00044251786199472654,0.9981647053464088,1.045941529327889e-06,1.022773470233678e-05,0.7675199999998762,0.00014290354125612377,0.0004435638035240544,0.9981544776117064,0.00044251786199472654,0.9981647053464088,0.0,0.0003570617725627069,0.0,0.1725583103196892,6.608163381625229,0.2662473035197972,13.98816338162383,0.1204178910021714,7.352647355611156,0.1204178910021714,7.352647355611156,7.352647355611156,0.0,0.0,0.0,0.0,0.0,0.0,0.9996923232193372,-9.829869383444876e-09,0.0,0.0,0.0,0.0,0.0,0.0,0.00044251786199472654,0.9981647053464088,1.045941529327889e-06,1.022773470233678e-05
10.522319999999999,0.8036,-7.093218e-06,-3.031114e-05,0.9999396,1.1007650808598908e-05,0.8035200000000282,0.00014222437931534312,0.00044264933034224286,0.9981634197837258,0.8035199999999044,0.00014224999509066926,0.00044266247116018755,0.9981632912862927,0.00044266247116018755,0.9981632912862927,0.0,0.0,0.0,0.00044266247116018755,0.9981632912862927,0.0,0.0,0.8035200000000546,0.00014280558665084541,0.0004434034232085156,0.998156045889921,0.0004426860063684284,0.998163061147358,0.0,0.0003324184682547668,0.0,0.1725583103196892,6.608163381625229,0.2662473035197972,13.98816338162383,6.608163381625229,0.0,7.379999999998601,1.0,0.0,0.0,0.0,0.9996923232193372,-9.829869383444876e-09,0.0,0.0,0.0,0.0,0.0,0.0,0.0004426860063684284,0.998163061147358,7.174168400872552e-07,7.015257436981405e-06,0.8035200000000546,0.00014280558665084541,0.0004434034232085156,0.998156045889921,0.0004426860063684284,0.998163061147358,0.0,0.0003324184682547668,0.0,0.1725583103196892,6.608163381625229,0.2662473035197972,13.98816338162383,0.1204178910021714,7.352647355611156,0.1204178910021714,7.352647355611156,7.352647355611156,0.0,0.0,0.0,0.0,0.0,0.0,0.9996923232193372,-9.829869383444876e-09,0.0,0.0,0.0,0.0,0.0,0.0,0.0004426860063684284,0.998163061147358,7.174168400872552e-07,7.015257436981405e-06
10.52392,0.8612,-6.164396e-06,2.648458e-06,1.000003,1.0132522307691926e-05,0.8611199999999398,0.00014212349436415123,0.00044267429041896855,0.9981631757117205,0.8611199999999058,0.000142142406785272,0.00044270043158759127,0.9981629200904131,0.00044270043158759127,0.9981629200904131,0.0,0.0,0.0,0.00044270043158759127,0.9981629200904131,0.0,0.0,0.8611199999998742,0.00014265936795903735,0.0004432050791705245,0.9981579853962319,0.0004426739179120113,0.9981631793542781,0.0,0.0002969812097030936,0.0,0.1725583103196892,6.608163381625229,0.2662473035197972,13.98816338162383,6.608163381625229,0.0,7.379999999998601,1.0,0.0,0.0,0.0,0.9996923232193372,-9.829869383444876e-09,0.0,0.0,0.0,0.0,0.0,0.0,0.0004426739179120113,0.9981631793542781,5.311612585131474e-07,5.193958046206288e-06,0.8611199999998742,0.00014265936795903735,0.0004432050791705245,0.9981579853962319,0.0004426739179120113,0.9981631793542781,0.0,0.0002969812097030936,0.0,0.1725583103196892,6.608163381625229,0.2662473035197972,13.98816338162383,0.1204178910021714,7.352647355611156,0.1204178910021714,7.352647355611156,7.352647355611156,0.0,0.0,0.0,0.0,0.0,0.0,0.9996923232193372,-9.829869383444876e-09,0.0,0.0,0.0,0.0,0.0,0.0,0.0004426739179120113,0.9981631793542781,5.311612585131474e-07,5.193958046206288e-06
10.52904,1.04552,-3.717589e-06,2.56264e-06,1.000003,7.990937761487718e-06,1.0454399999999844,0.00014184595010508758,0.0004426744330175308,0.998163174317321,1.0454400000001152,0.0001418642147391307,0.0004426748472469064,0.9981631702667809,0.0004426748472469064,0.9981631702667809,0.0,0.0,0.0,0.0004426748472469064,0.9981631702667809,0.0,0.0,1.0454400000000712,0.00014227588632698343,0.0004428575264731441,0.9981613839387656,0.0004426745041382021,0.9981631736218679,0.0,0.00020724260115315076,0.0,0.1725583103196892,6.608163381625229,0.2662473035197972,13.98816338162383,6.608163381625229,0.0,7.379999999998601,1.0,0.0,0.0,0.0,0.9996923232193372,-9.829869383444876e-09,0.0,0.0,0.0,0.0,0.0,0.0,0.0004426745041382021,0.9981631736218679,1.830223349419734e-07,1.7896831021929794e-06,1.0454400000000712,0.00014227588632698343,0.0004428575264731441,0.9981613839387656,0.0004426745041382021,0.9981631736218679,0.0,0.00020724260115315076,0.0,0.1725583103196892,6.608163381625229,0.2662473035197972,13.98816338162383,0.1204178910021714,7.352647355611156,0.1204178910021714,7.352647355611156,7.352647355611156,0.0,0.0,0.0,0.0,0.0,0.0,0.9996923232193372,-9.829869383444876e-09,0.0,0.0,0.0,0.0,0.0,0.0,0.0004426745041382021,0.9981631736218679,1.830223349419734e-07,1.7896831021929794e-06
10.54075,1.467136,-7.378952e-07,2.779982e-06,1.000004,4.616839172839773e-06,1.4670000000001095,0.00011565482523630548,0.0,1.0,1.4670000000000314,0.0001195347048044514,0.0,0.9999999999999987,0.0,1.0,0.0,0.0,0.0,0.0,0.9999999999999987,0.0,0.0,1.4670000000000785,0.00013846001391655446,0.00033087580571100335,0.9986297433832756,0.0,1.0,6.687570760833532e-05,0.0003875526666565417,0.00015255860191836884,0.1707293910640087,6.561538680424504,0.26635582211217246,13.886192105832045,0.1707293910640087,0.0,0.09562643104816371,0.0,0.0,0.0,0.0,-2.450257249979132e-09,1.002491880919479,0.0,0.0,1.0,1.0,1.0,0.0,0.0,1.0,0.00033087580571100335,0.0013702566167244328,1.4670000000000785,0.00013846001391655446,0.00033087580571100335,0.9986297433832756,0.0,1.0,6.687570760833532e-05,0.0003875526666565417,0.00015255860191836884,0.1707293910640087,6.561538680424504,0.26635582211217246,13.886192105832045,0.1204178910021714,7.33707146153342,0.1204178910021714,7.337639395100904,0.1204178910021714,0.0,0.0,0.0,0.0,0.0,0.0,-2.450257249979132e-09,1.002491880919479,0.0,0.0,1.0,1.0,1.0,0.0,0.0,1.0,0.00033087580571100335,0.0013702566167244328
10.55,1.8,1.451446e-07,2.768325e-06,1.000004,3.010467e-06,1.8,0.0167096084832129,1.0,0.0,1.8,0.004621738448079525,-2.450257249979132e-09,1.002491880919479,1.0,0.0,1.0,0.0,1.0,-2.450257249979132e-09,1.002491880919479,0.0,0.0,1.8,8.932303756215849e-05,0.002670141973774003,0.9971923771405043,1.0,0.0,0.0001009118720767991,0.003464088522776985,0.00288802991465422,0.1697985688146136,6.537804556025088,0.2664110522815428,13.83428402100829,0.1697985688146136,0.0,0.09661248346692916,0.0,0.0,0.0,0.0,-2.450257249979132e-09,1.002491880919479,0.0,0.0,0.0,0.0,0.0,0.0,1.0,0.0,0.997329858026226,0.9971923771405043,1.8,8.932321072438e-05,0.00267014207757693,0.9971923770370287,1.0,0.0,0.000100950909484229,0.0034640782497072,0.002885849471777761,0.1697975012181919,6.537777334430099,0.2664111156271828,13.83422448559683,0.1230777456909803,7.05801722673784,0.1367766678799436,7.068760131083772,0.1230777456909803,0.0,0.01369892218896326,0.0,0.0,0.0,0.0,-2.450257249979132e-09,1.002491880919479,0.0,0.0,0.0,0.0,0.0,0.0,1.0,0.0,0.997329857922423,0.9971923770370287
10.55023,1.8,1.588323e-07,2.765888e-06,1.000004,2.978966e-06,1.8,0.02255391856368236,1.0,0.0,1.8,0.00453688358045468,-2.450257249979132e-09,1.002491880919479,1.0,0.0,1.0,0.0,1.0,-2.450257249979132e-09,1.002491880919479,0.0,0.0,1.8,0.00024709743825991555,0.047416406518959286,0.9524522808214401,1.0,0.0,0.0001009118720767991,0.012229326732725677,0.00288802991465422,0.1697985688146136,6.537804556025088,0.2664110522815428,13.83428402100829,0.1697985688146136,0.0,0.09661248346692919,0.0,0.0,0.0,0.0,-2.450257249979132e-09,1.002491880919479,0.0,0.0,0.0,0.0,0.0,0.0,1.0,0.0,0.9525835934810407,0.9524522808214401,1.8,0.00024709747970223225,0.047416406591547736,0.9524522807491627,1.0,0.0,0.0001009509094842291,0.012229323799605382,0.002885849471777761,0.1697975012181919,6.537777334430098,0.2664111156271828,13.83422448559683,0.1230777456909803,7.05801722673784,0.1367766678799436,7.068760131083772,0.1230777456909803,0.0,0.01369892218896326,0.0,0.0,0.0,0.0,-2.450257249979132e-09,1.002491880919479,0.0,0.0,0.0,0.0,0.0,0.0,1.0,0.0,0.9525835934084522,0.9524522807491627
10.55072,1.8,1.874007e-07,2.760694e-06,1.000004,2.9126064677419845e-06,1.8,0.034946749015026986,1.0,0.0,1.8,0.004361287087975723,-9.285027674259053e-10,1.000944275679555,1.0,0.0,0.0,0.0,0.0,-9.285027674259053e-10,1.000944275679555,0.0,0.0,1.8,0.001440070587126228,0.13585637616248897,0.8640245025359264,1.0,0.0,0.00010091187207679906,0.1277379517750415,0.002888029914654219,0.1697985688146136,6.537804556025089,0.2664110522815428,13.83428402100829,0.1697985688146136,0.0,0.09661248346692919,0.0,0.0,0.0,0.0,-2.450257249979132e-09,1.002491880919479,0.0,0.0,0.0,0.0,0.0,0.0,1.0,0.0,0.864143623837511,0.8640245025359264,1.8,0.0014400776792383321,0.13585634846097888,0.8640245302338923,1.0,0.0,0.00010095090948422906,0.12773860708026452,0.0028858494717777594,0.1697975012181919,6.537777334430098,0.2664111156271828,13.83422448559683,0.1230777456909803,7.05801722673784,0.1367766678799435,7.068760131083772,0.1230777456909803,0.0,0.013698922188963243,0.0,0.0,0.0,0.0,-2.450257249979132e-09,1.002491880919479,0.0,0.0,0.0,0.0,0.0,0.0,1.0,0.0,0.8641436515390212,0.8640245302338923
10.5523,1.8,2.712704e-07,2.744816e-06,1.000004,2.7110979298244504e-06,1.8,0.04042342027914534,3.83728437053806e-05,1.002468301026065,1.8,0.003843414776056231,-9.322908467019256e-10,1.0009481281087114,3.837284370537894e-05,1.002468301026065,0.0,0.0,0.0,-9.322908467019256e-10,1.0009481281087114,0.0,0.0,1.8,0.007975062303013506,0.15899555618510633,0.8414475553492987,3.837284370537213e-05,1.002468301026065,0.0001009118720767989,0.7130779515107847,0.002888029914654218,0.1697985688146136,6.537804556025089,0.2664110522815428,13.83428402100829,0.1697985688146136,0.0,0.09661248346692919,0.0,0.0,0.0,0.0,-2.450257249979132e-09,1.002491880919479,0.0,0.0,0.0,0.0,0.0,0.0,3.837284370537213e-05,1.002468301026065,0.15895718334140102,0.1610207456767662,1.8,0.0079749926668561,0.15899787951013006,0.8414452272044133,3.8372843705379105e-05,1.002468301026065,0.000100950909484229,0.7130713680575225,0.002885849471777759,0.1697975012181919,6.537777334430098,0.2664111156271828,13.83422448559683,0.1230777456909803,7.05801722673784,0.1367766678799435,7.068760131083773,0.1230777456909803,0.0,0.01369892218896325,0.0,0.0,0.0,0.0,-2.450257249979132e-09,1.002491880919479,0.0,0.0,0.0,0.0,0.0,0.0,3.8372843705379105e-05,1.002468301026065,0.15895950666642464,0.16102307382165165
10.55734,1.8,4.770485e-07,2.700635e-06,1.000003,2.164841180576624e-06,1.8,0.026944356617141445,3.837284370537303e-05,1.002468301026065,1.8,0.0025580801695857048,-9.326232669754295e-10,1.0009484661759636,3.837284370536893e-05,1.002468301026065,0.0,0.0,0.0,-9.326232669754295e-10,1.0009484661759636,0.0,0.0,1.8,0.016051970630664172,0.05758093997218973,0.9441791617817923,3.837284370537469e-05,1.002468301026065,0.00010091187207679837,1.022165346057298,0.002888029914654201,0.1697985688146136,6.537804556025089,0.2664110522815427,13.83428402100829,0.1697985688146136,0.0,0.0966124834669291,0.0,0.0,0.0,0.0,-2.450257249979132e-09,1.002491880919479,0.0,0.0,0.0,0.0,0.0,0.0,3.837284370537469e-05,1.002468301026065,0.05754256712848436,0.0582891392442726,1.8,0.016051349905441225,0.057576004168871334,0.9441841705696032,3.837284370537642e-05,1.002468301026065,0.00010095090948422843,1.0220973102492827,0.0028858494717777443,0.1697975012181919,6.537777334430099,0.2664111156271828,13.83422448559683,0.12307774569098025,7.058017226737842,0.1367766678799434,7.068760131083774,0.1230777456909803,0.0,0.013698922188963117,0.0,0.0,0.0,0.0,-2.450257249979132e-09,1.002491880919479,0.0,0.0,0.0,0.0,0.0,0.0,3.837284370537642e-05,1.002468301026065,0.05753763132516596,0.058284130456461594
10.57348,1.8,7.562238e-07,2.432024e-06,1.000003,1.0231675751391197e-06,1.8,0.007335215493477174,0.00011512343163062676,1.002421141239236,1.8,0.0006962739939301517,-9.326315108010978e-10,1.00094847455983,0.00011512343163064174,1.002421141239236,0.0,0.0,0.0,-9.326315108010978e-10,1.00094847455983,0.0,0.0,1.8,0.007372293844337401,0.002287213154470717,1.0002092644702663,0.00011512343163063803,1.002421141239236,0.00010091187207679616,0.2669839151275317,0.002888029914654163,0.1697985688146137,6.53780455602509,0.2664110522815427,13.8342840210083,0.1697985688146137,0.14955787561226305,0.096612483466929,0.0,9.306784287527444,0.0,0.14955787561226305,0.0005739302938474508,1.002139225042857,0.0,0.0,0.0,0.0,0.0,0.0,0.00011512343163063803,1.002421141239236,0.0021720897228400798,0.0022118767689695805,1.8,0.0073723195604548245,0.0022874658970505075,1.0002090088973854,0.00011512343163064116,1.002421141239236,0.00010095090948422675,0.26695161884515817,0.002885849471777695,0.169797501218192,6.5377773344301,0.2664111156271828,13.83422448559683,0.1230777456909802,7.058017226737847,0.13677666787994278,7.068760131083779,0.1230777456909802,0.10840647102736066,0.013698922188962626,0.0,9.306793120311466,0.0,0.10840647102736066,0.00041601056905537706,1.002236259616254,0.0,0.0,0.0,0.0,0.0,0.0,0.00011512343163064116,1.002421141239236,0.002172342465419867,0.002212132341850628
10.60682,1.8,7.650134e-07,2.274681e-06,1.000003,9.661114442076749e-08,1.8,0.0005533862046105478,0.00023024809532200247,1.0023504023075198,1.8,0.07903423051582036,0.00023024931351851535,1.002350401558993,0.00023024931351851535,1.002350401558993,0.0,0.0,0.0,0.00023024931351851535,1.002350401558993,0.0,0.0,1.8,0.48588344375271203,0.9971626746404306,0.004155572847893239,0.00023024931351853294,1.002350401558993,0.00010091187207679302,18.418975676434844,0.0028880299146540737,0.1697985688146137,6.537804556025092,0.2664110522815427,13.8342840210083,0.1697985688146137,0.14955787561225814,0.09661248346692897,0.0,9.306784287527101,1.2900357124729005,1.4395935880851585,1.0013114934786775,-9.845790514165998e-09,0.9960589036556028,0.0,0.0,0.0,0.0,0.0,1.0013114934786775,-9.845790514165998e-09,0.004148818838246865,0.0041555826936837525,1.8,0.485939259434541,0.9971772671807098,0.004155533563297209,0.0002302493135185253,1.002350401558993,0.00010095090948422352,18.421352062086623,0.002885849471777604,0.169797501218192,6.537777334430102,0.2664111156271828,13.83422448559684,0.12307774569098,7.058017226737856,0.13677666787994183,7.068760131083788,0.12307774569098,0.10840647102735754,0.013698922188961817,0.0,9.306793120311193,1.2900268796888095,1.3984333507161675,1.0013261074025686,-9.84593421134131e-09,0.99605893680862,0.0,0.0,0.0,0.0,9.185162931855792e-20,1.0013261074025686,-9.84593421134131e-09,0.004148840221858616,0.004155543409231419
10.64015,1.8,3.742227e-06,1.874854e-05,1.000034,1.9763931473551076e-06,1.8,0.00013248125014157596,0.0003452065222945466,1.0022797655207962,1.8,0.005473392206698394,0.00034124407306542517,1.0022822002677607,0.00034124407306542517,1.0022822002677607,0.0,0.0,0.0,0.00034124407306542517,1.0022822002677607,0.0,0.0,1.8,1.0051424421621462,1.0012971794290262,4.250764803372066e-06,0.0003411090385461267,1.002282283240404,0.0001009118720767896,13.756855480016224,0.00288802991465397,0.1697985688146139,6.537804556025095,0.2664110522815427,13.8342840210083,0.1697985688146139,0.14955787561225303,0.09661248346692886,0.0,9.30678428752685,1.3233657124731468,1.4729235880853997,1.0012996596770662,-9.84567415364042e-09,0.9999959592967598,0.0,0.0,0.0,0.0,0.0,1.0012996596770662,-9.84567415364042e-09,2.480248040273441e-06,4.260610477525708e-06,1.8,1.0052939158382739,1.0013117933145441,4.250740851605446e-06,0.00034110902876624663,1.002282283246413,0.0001009509094842203,13.761690944959302,0.002885849471777511,0.1697975012181921,6.537777334430104,0.2664111156271828,13.83422448559684,0.1230777456909798,7.058017226737867,0.13677666787994075,7.068760131083797,0.1230777456909798,0.1084064710273539,0.013698922188960952,0.0,9.306793120310905,1.3233568796890967,1.431763350716451,1.0013142736009568,-9.84581785081573e-09,0.9999959593151317,0.0,0.0,0.0,0.0,0.0,1.0013142736009568,-9.84581785081573e-09,2.4802864132063897e-06,4.260586669456262e-06
10.67348,1.8,-1.868816e-05,-0.0001201076,0.999766,-8.536111045008891e-06,1.8,0.0001427633823749472,0.0004989365864894276,1.0021853053055385,1.8,0.0005048405623324425,0.000498738535505399,1.0021854269989665,0.000498738535505399,1.0021854269989665,0.0,0.0,0.0,0.000498738535505399,1.0021854269989665,0.0,0.0,1.8,1.2650739565350486,1.0012895965891029,-5.3060073175992845e-09,0.0004988781654071941,1.002185341202668,0.00010091187207678605,6.561273138694304,0.002888029914653886,0.16979856881461394,6.537804556025097,0.2664110522815427,13.83428402100831,0.16979856881461394,0.14955787561224973,0.09661248346692876,0.0,9.306784287526524,1.3566957124734762,1.5062535880857257,1.001287825875455,-9.845557793114842e-09,0.9999999956947372,0.0,0.0,0.0,0.0,0.0,1.001287825875455,-9.845557793114842e-09,1.7707136478284307e-06,4.5395504755155575e-09,1.8,1.2653123658175145,1.001304210512931,-5.306153940538914e-09,0.0004988781647446355,1.0021853412030743,0.00010095090948421645,6.564650816371335,0.0028858494717774043,0.1697975012181923,6.537777334430107,0.2664111156271828,13.83422448559685,0.12307774569097964,7.058017226737878,0.1367766678799396,7.068760131083808,0.1230777456909796,0.10840647102734992,0.013698922188959971,0.0,9.306793120310571,1.3566868796894316,1.4650933507167812,1.0013024397993462,-9.845701490290154e-09,0.9999999956947345,0.0,0.0,0.0,0.0,0.0,1.0013024397993462,-9.845701490290154e-09,1.7707135844226457e-06,4.5395475497512405e-09
10.69973,1.8,-2.437748e-05,-3.440117e-05,0.9987219,-6.436367794745555e-05,1.8,0.00017234679006129357,0.0005793441406198334,1.0021358984773339,1.8,0.00021582879297625358,0.0005752163778401263,1.0021384348020452,0.0005752163778401263,1.0021384348020452,0.0,0.0,0.0,0.0005752163778401263,1.0021384348020452,0.0,0.0,1.8,1.35361920473565,1.0012802810526802,-9.825691321338666e-09,0.0005756269591821906,1.002138182518263,0.00010091187207678382,3.135454731916923,0.0028880299146538052,0.169798568814614,6.537804556025098,0.2664110522815427,13.83428402100831,0.169798568814614,0.14955787561224612,0.09661248346692872,0.0,9.30678428752632,1.3829457124736848,1.5325035880859308,1.001278505824682,-9.845466150036641e-09,0.999999999981228,0.0,0.0,0.0,0.0,0.0,1.001278505824682,-9.845466150036641e-09,1.7752279978978992e-06,1.9774828697974253e-11,1.8,1.3538914447510564,1.0012948949765696,-9.825834940981699e-09,0.0005756269591821844,1.002138182518263,0.00010095090948421402,3.138021567158427,0.0028858494717773366,0.1697975012181923,6.537777334430109,0.2664111156271828,13.83422448559685,0.1230777456909795,7.058017226737884,0.1367766678799388,7.068760131083815,0.1230777456909795,0.10840647102734692,0.013698922188959326,0.0,9.306793120310369,1.3829368796896353,1.4913433507169833,1.0012931197485724,-9.845609847211953e-09,0.9999999999812273,0.0,0.0,0.0,0.0,0.0,1.0012931197485724,-9.845609847211953e-09,1.7752279969658777e-06,1.9774906230252814e-11
10.71953,1.8,0.000356797,0.002580601,1.003089,0.00014896775454551546,1.8,0.00019650994347767995,0.0006019045170852863,1.0021220361399412,1.8,0.00020741944144766055,0.0006376459064869246,1.0021000746625026,0.0006376459064869246,1.0021000746625026,0.0,0.0,0.0,0.0006376459064869246,1.0021000746625026,0.0,0.0,1.8,1.3861463186719547,1.0012732510909512,-9.845073629393628e-09,0.000652377547107447,1.002091022731435,0.00010091187207678204,1.7139256971103083,0.002888029914653753,0.1697985688146141,6.5378045560251,0.2664110522815427,13.83428402100832,0.1697985688146141,0.14955787561224335,0.09661248346692863,0.0,9.306784287526154,1.4027457124738487,1.5523035880860918,1.0012714758435268,-9.84539702497194e-09,0.999999999999676,0.0,0.0,0.0,0.0,0.0,1.0012714758435268,-9.84539702497194e-09,1.7752474245424848e-06,3.233955783118347e-13,1.8,1.386425945794665,1.0012878650148416,-9.845217324275984e-09,0.000652377547107443,1.002091022731435,0.00010095090948421224,1.7157056669710555,0.002885849471777277,0.1697975012181924,6.53777733443011,0.2664111156271828,13.83422448559686,0.1230777456909794,7.05801722673789,0.13677666787993822,7.068760131083821,0.1230777456909794,0.10840647102734415,0.01369892218895881,0.0,9.306793120310193,1.4027368796898108,1.5111433507171546,1.0012860897674178,-9.845540722147253e-09,0.9999999999996764,0.0,0.0,0.0,0.0,0.0,1.0012860897674178,-9.845540722147253e-09,1.7752474237934536e-06,3.2339787126903906e-13
10.727649999999999,1.8,0.0007722233,0.004977633,1.010519,0.0004784700297458406,1.8,0.00020685153382372714,0.0006907528583301115,1.002067442827415,1.8,0.00021226471015866163,0.0006907527226331247,1.0020674429107943,0.0006907527226331247,1.0020674429107943,0.0,0.0,0.0,0.0006907527226331247,1.0020674429107943,0.0,0.0,1.8,1.3945629432846705,1.0012703680888522,-9.845317387359863e-09,0.0006907528410700743,1.00206744283802,0.00010091187207678135,1.3282473221120448,0.0028880299146537324,0.1697985688146141,6.5378045560251,0.2664110522815427,13.83428402100832,0.1697985688146141,0.14955787561224185,0.09661248346692863,0.0,9.306784287526078,1.4108657124739183,1.5604235880861603,1.0012685928411544,-9.845368676713086e-09,0.9999999999999354,0.0,0.0,0.0,0.0,0.0,1.0012685928411544,-9.845368676713086e-09,1.775247698223397e-06,5.128935322329561e-14,1.8,1.3948251478457856,1.0012849820127427,-9.84546108400813e-09,0.0006907528410700648,1.00206744283802,0.00010095090948421136,1.3280468122817648,0.0028858494717772577,0.1697975012181924,6.537777334430111,0.2664111156271828,13.83422448559686,0.1230777456909794,7.058017226737892,0.136776667879938,7.068760131083822,0.1230777456909794,0.10840647102734326,0.0136989221889586,0.0,9.306793120310127,1.4108568796898715,1.5192633507172155,1.0012832067650452,-9.845512373888396e-09,0.9999999999999337,0.0,0.0,0.0,0.0,0.0,1.0012832067650452,-9.845512373888396e-09,1.7752476977998268e-06,5.128988026637901e-14
10.733450000000001,1.8,0.001136543,0.005991846,1.017299,0.0008715588309417785,1.8,0.0002447186738536176,0.0012832521619377056,1.003104037042904,1.8,0.0002580395054248427,0.0012753438001586895,1.0030894189991029,0.0012753438001586895,1.0030894189991029,0.0,0.0,0.0,0.0012753438001586895,1.0030894189991029,0.0,0.0,1.8,1.3993279410695023,1.001268308801489,-9.845341557905835e-09,0.001280895519493524,1.003099680957101,0.00010091187207678073,1.101701806287247,0.0028880299146537107,0.1697985688146141,6.537804556025101,0.2664110522815427,13.83428402100832,0.1697985688146141,0.1495578756122409,0.09661248346692863,0.0,9.306784287526021,1.4166657124739812,1.566223588086222,1.0012665335537445,-9.84534842795676e-09,0.9999999999999797,0.0,0.0,0.0,0.0,0.0,1.0012665335537445,-9.84534842795676e-09,1.775247744033679e-06,6.870050923152143e-15,1.8,1.399612013827313,1.0012829227253766,-9.845485254904675e-09,0.001280895492532153,1.0030996809072643,0.00010095090948421063,1.1033371962658192,0.002885849471777239,0.1697975012181924,6.537777334430111,0.2664111156271828,13.83422448559686,0.12307774569097936,7.058017226737895,0.1367766678799378,7.068760131083824,0.12307774569097936,0.10840647102734312,0.01369892218895844,0.0,9.306793120310068,1.4166568796899353,1.5250633507172793,1.0012811474776357,-9.84549212513207e-09,0.9999999999999765,0.0,0.0,0.0,0.0,0.0,1.0012811474776357,-9.84549212513207e-09,1.7752477407595953e-06,6.870227395833918e-15
10.73809,1.8,0.001399387,0.006531709,1.022895,0.0011833028295379308,1.8,0.000295624690143855,0.001280823691441074,1.0030995481880587,1.8,0.00030489722825424715,0.0012808232108567441,1.003099547299733,0.0012808232108567441,1.003099547299733,0.0,0.0,0.0,0.0012808232108567441,1.003099547299733,0.0,0.0,1.8,1.402626520300266,1.0012666613715726,-9.845337389261434e-09,0.0012808232108575393,1.003099547299734,0.0001009118720767802,0.9551537264995071,0.002888029914653696,0.1697985688146141,6.537804556025101,0.2664110522815427,13.83428402100832,0.1697985688146141,0.1495578756122402,0.09661248346692863,0.0,9.306784287525973,1.4213057124740232,1.5708635880862631,1.0012648861238176,-9.845332228951698e-09,0.9999999999999893,0.0,0.0,0.0,0.0,0.0,1.0012648861238176,-9.845332228951698e-09,1.775247754942524e-06,5.0610638534589235e-15,1.8,1.4028938367542332,1.001281275295461,-9.84548108635104e-09,0.0012808232108575063,1.003099547299734,0.0001009509094842101,0.9551168215529574,0.002885849471777224,0.1697975012181924,6.537777334430112,0.2664111156271828,13.83422448559686,0.1230777456909793,7.058017226737896,0.1367766678799376,7.068760131083825,0.1230777456909793,0.1084064710273426,0.01369892218895828,0.0,9.306793120310022,1.4212968796899752,1.5297033507173172,1.001279500047709,-9.845475926127009e-09,0.9999999999999872,0.0,0.0,0.0,0.0,0.0,1.001279500047709,-9.845475926127009e-09,1.7752477524999487e-06,5.060863777516956e-15
10.7418,1.8,0.001500979,0.004907972,1.026817,0.0014045900220440802,1.8,0.0003698157444581012,0.0034770060247927507,1.0081617636263578,1.8,0.0003929123256918148,0.0035717731361585995,1.0084522033012011,0.0035717731361585995,1.0084522033012011,0.0,0.0,0.0,0.0035717731361585995,1.0084522033012011,0.0,0.0,1.8,1.4048506328740054,1.0012653441377353,-9.845328340320678e-09,0.0035239168152238994,1.008305534545647,0.0001009118720767798,0.8445267564868225,0.002888029914653689,0.1697985688146141,6.537804556025102,0.2664110522815427,13.83428402100832,0.1697985688146141,0.1495578756122397,0.09661248346692858,0.0,9.30678428752593,1.425015712474074,1.574573588086314,1.0012635688899751,-9.845319276729979e-09,0.9999999999999921,0.0,0.0,0.0,0.0,0.0,1.0012635688899751,-9.845319276729979e-09,1.7752477607967596e-06,9.063590699118191e-15,1.8,1.405106721002201,1.001279958061626,-9.84547203745992e-09,0.003523917311794149,1.008305536067522,0.00010095090948421,0.8430983841149123,0.002885849471777221,0.1697975012181924,6.537777334430111,0.2664111156271828,13.83422448559686,0.1230777456909793,7.058017226737896,0.1367766678799376,7.068760131083826,0.1230777456909793,0.1084064710273422,0.01369892218895828,0.0,9.306793120310017,1.4250068796899866,1.5334133507173286,1.0012781828138662,-9.845462973905289e-09,0.999999999999992,0.0,0.0,0.0,0.0,0.0,1.0012781828138662,-9.845462973905289e-09,1.775247760793519e-06,9.063554630451347e-15
10.751900000000001,1.8,0.0003844653,-0.007480551,1.022357,0.0013946670284022266,1.8,0.0008317504730441487,0.005823086468518224,1.0183329439225526,1.8,0.0008299302639183862,0.005886596466301488,1.0186964349950312,0.005886596466301488,1.0186964349950312,0.0,0.0,0.0,0.005886596466301488,1.0186964349950312,0.0,0.0,1.8,1.4098038840380598,1.0012617581372467,-9.845296048688013e-09,0.005853420670459291,1.0185065577153596,0.0001009118720767788,0.6109388590324486,0.0028880299146536626,0.1697985688146141,6.537804556025102,0.2664110522815427,13.83428402100832,0.1697985688146141,0.1495578756122388,0.09661248346692858,0.0,9.306784287525844,1.43511571247416,1.5846735880863991,1.0012599828894868,-9.845284015964653e-09,0.9999999999999941,0.0,0.0,0.0,0.0,0.0,1.0012599828894868,-9.845284015964653e-09,1.775247759936415e-06,1.2032723360600737e-14,1.8,1.4100628426853747,1.001276372061136,-9.845439745858072e-09,0.005853421215410323,1.0185065608343151,0.00010095090948420888,0.6095433009634674,0.0028858494717771918,0.16979750121819243,6.537777334430112,0.2664111156271828,13.83422448559686,0.12307774569097928,7.058017226737899,0.1367766678799373,7.068760131083828,0.1230777456909792,0.10840647102734097,0.013698922188957994,0.0,9.306793120309933,1.4351068796900692,1.5435133507174092,1.0012745968133776,-9.845427713139963e-09,0.9999999999999917,0.0,0.0,0.0,0.0,0.0,1.0012745968133776,-9.845427713139963e-09,1.775247758509437e-06,1.2032718108909903e-14
10.76154,1.8,-0.003017475,-0.02849131,0.9884478,-0.0007470516235467935,1.8,0.001338707686754929,0.003733285745374794,1.0290086249701238,1.8,0.0012508092444231875,0.003741625626763926,1.0289961397304943,0.003741625626763926,1.0289961397304943,0.0,0.0,0.0,0.003741625626763926,1.0289961397304943,0.0,0.0,1.8,1.4132514684796225,1.0012583354595572,-9.845262759159131e-09,0.0036999930137902623,1.0290584659345636,0.0001009118720767776,0.4489164825590182,0.0028880299146536352,0.1697985688146142,6.537804556025103,0.2664110522815427,13.83428402100832,0.1697985688146142,0.1495578756122377,0.09661248346692852,0.0,9.306784287525774,1.4447557124742259,1.5943135880864638,1.0012565602117933,-9.84525036113517e-09,0.9999999999999953,0.0,0.0,0.0,0.0,0.0,1.0012565602117933,-9.84525036113517e-09,1.775247764174957e-06,1.2398023960420979e-14,1.8,1.4135090915722333,1.0012729493834427,-9.845406456333614e-09,0.0037000060221719436,1.0290584464603338,0.0001009509094842078,0.4471079558870608,0.0028858494717771627,0.1697975012181925,6.537777334430113,0.2664111156271828,13.83422448559686,0.1230777456909792,7.058017226737903,0.1367766678799369,7.068760131083831,0.1230777456909792,0.10840647102734,0.01369892218895771,0.0,9.306793120309846,1.4447468796901557,1.553153350717496,1.0012711741356837,-9.845394058310484e-09,0.9999999999999927,0.0,0.0,0.0,0.0,0.0,1.0012711741356837,-9.845394058310484e-09,1.7752477586937043e-06,1.239802313126507e-14
10.768040000000001,1.8,-0.007037343,-0.05079243,0.929804,-0.003641963780627754,1.8,0.0012642604296436352,0.0037326320592486143,1.029009603572522,1.8,0.0012121974750520703,0.0037326343210368944,1.0290096001865066,0.0037326343210368944,1.0290096001865066,0.0,0.0,0.0,0.0037326343210368944,1.0290096001865066,0.0,0.0,1.8,1.4150720763877038,1.0012560276374594,-9.845240109189143e-09,0.0037326338439694602,1.0290096009007013,0.000100911872076777,0.3681777090501545,0.0028880299146536196,0.1697985688146142,6.537804556025104,0.2664110522815427,13.83428402100832,0.1697985688146142,0.14955787561223693,0.0966124834669285,0.0,9.306784287525733,1.4512557124742655,1.6008135880865024,1.0012542523896963,-9.845227668563427e-09,0.9999999999999947,0.0,0.0,0.0,0.0,0.0,1.0012542523896963,-9.845227668563427e-09,1.775247762149473e-06,1.2440625715331472e-14,1.8,1.4153449187439056,1.0012706415613468,-9.845383806364185e-09,0.003732633843969711,1.0290096009007008,0.00010095090948420691,0.3679721884333941,0.0028858494717771362,0.1697975012181925,6.537777334430113,0.2664111156271828,13.83422448559686,0.1230777456909792,7.058017226737904,0.1367766678799366,7.068760131083834,0.1230777456909792,0.10840647102733901,0.013698922188957493,0.0,9.306793120309779,1.4512468796902196,1.5596533507175587,1.0012688663135878,-9.845371365738736e-09,0.9999999999999927,0.0,0.0,0.0,0.0,0.0,1.0012688663135878,-9.845371365738736e-09,1.775247759461251e-06,1.24406254483428e-14
10.77231,1.8,-0.01069603,-0.06752744,0.8600828,-0.006408243033175158,1.8,0.00083454624923749,-0.00852760694988346,1.0225472591684155,1.8,0.0006398187333241244,-0.008680633598962382,1.0223347461917054,-0.008680633598962382,1.0223347461917054,0.0,0.0,0.0,-0.008680633598962382,1.0223347461917054,0.0,0.0,1.8,1.416011303618227,1.001254511575867,-9.845225210802354e-09,-0.008609417215430279,1.0224336466495405,0.0001009118720767768,0.31662939633467735,0.0028880299146536136,0.1697985688146142,6.537804556025104,0.2664110522815427,13.83428402100832,0.1697985688146142,0.1495578756122365,0.09661248346692852,0.0,9.306784287525728,1.455525712474273,1.6050835880865093,1.001252736328104,-9.845212761289373e-09,0.9999999999999941,0.0,0.0,0.0,0.0,0.0,1.001252736328104,-9.845212761289373e-09,1.775247763413395e-06,1.2449512980504463e-14,1.8,1.4162818068150846,1.0012691254997554,-9.845368907977578e-09,-0.00860942286762067,1.0224336388001638,0.00010095090948420657,0.31601410034976246,0.0028858494717771267,0.1697975012181925,6.537777334430114,0.2664111156271828,13.834224485596868,0.12307774569097918,7.058017226737905,0.1367766678799365,7.068760131083835,0.12307774569097918,0.1084064710273386,0.013698922188957378,0.0,9.30679312030974,1.455516879690257,1.5639233507175956,1.0012673502519953,-9.845356458464685e-09,0.9999999999999913,0.0,0.0,0.0,0.0,0.0,1.0012673502519953,-9.845356458464685e-09,1.7752477603047845e-06,1.244951289388087e-14
10.775540000000001,1.8,-0.01369317,-0.07047681,0.7789324,-0.009377412170214495,1.8,9.782721057326757e-06,-0.008626446468963014,1.0224099975833083,1.8,-0.00013140347956889473,-0.008631902356947262,1.0224024208180644,-0.008631902356947262,1.0224024208180644,0.0,0.0,0.0,-0.008631902356947262,1.0224024208180644,0.0,0.0,1.8,1.4166451582631885,1.0012533647658102,-9.845213937325604e-09,-0.00862464678583534,1.0224124968605315,0.00010091187207677658,0.28351062951790706,0.0028880299146536036,0.1697985688146142,6.537804556025104,0.2664110522815427,13.834284021008326,0.1697985688146142,0.14955787561223605,0.09661248346692852,0.0,9.306784287525707,1.4587557124742943,1.6083135880865302,1.0012515895180472,-9.845201484826799e-09,0.9999999999999942,0.0,0.0,0.0,0.0,0.0,1.0012515895180472,-9.845201484826799e-09,1.7752477626617265e-06,1.245249880527195e-14,1.8,1.4169187389843652,1.001267978689698,-9.84535763450086e-09,-0.008624646793994963,1.0224124968491999,0.00010095090948420618,0.2831292923978238,0.0028858494717771146,0.1697975012181925,6.537777334430115,0.2664111156271828,13.83422448559686,0.1230777456909791,7.058017226737906,0.1367766678799364,7.068760131083836,0.1230777456909791,0.10840647102733829,0.013698922188957297,0.0,9.306793120309706,1.4587468796902983,1.5671533507176363,1.001266203441938,-9.84534518200211e-09,0.9999999999999921,0.0,0.0,0.0,0.0,0.0,1.001266203441938,-9.84534518200211e-09,1.77524776034943e-06,1.2452498748754838e-14
10.77678,1.8,-0.01480913,-0.07195511,0.7555623,-0.01058432161290419,1.8,-0.0002484639878343318,-0.008622939967738585,1.0224148671731312,1.8,-0.00038437594429167004,-0.008625319497946744,1.0224115626438175,-0.008625319497946744,1.0224115626438175,0.0,0.0,0.0,-0.008625319497946744,1.0224115626438175,0.0,0.0,1.8,1.4168893148227464,1.0012529245043638,-9.845209609065414e-09,-0.008624692790487337,1.0224124329724074,0.00010091187207677644,0.27305376419955035,0.0028880299146535997,0.1697985688146142,6.537804556025104,0.2664110522815427,13.83428402100833,0.1697985688146142,0.14955787561223585,0.09661248346692852,0.0,9.306784287525696,1.4599957124743035,1.6095535880865395,1.0012511492566007,-9.845197155782342e-09,0.9999999999999942,0.0,0.0,0.0,0.0,0.0,1.0012511492566007,-9.845197155782342e-09,1.7752477625180149e-06,1.2453283070458551e-14,1.8,1.4171567155589535,1.0012675384282521,-9.845353306240684e-09,-0.008624692790473764,1.0224124329724265,0.00010095090948420605,0.27210761804864636,0.0028858494717771107,0.1697975012181925,6.537777334430115,0.2664111156271828,13.83422448559686,0.1230777456909791,7.058017226737906,0.13677666787993636,7.068760131083837,0.1230777456909791,0.10840647102733815,0.013698922188957253,0.0,9.306793120309694,1.4599868796903082,1.5683933507176466,1.001265763180492,-9.845340852957654e-09,0.9999999999999925,0.0,0.0,0.0,0.0,0.0,1.001265763180492,-9.845340852957654e-09,1.7752477602975796e-06,1.245328303002733e-14
10.77924,1.8,-0.01697677,-0.07480521,0.7148663,-0.01306814790322515,1.8,-0.0007049700585013712,-0.0162477816793887,1.0101831446987692,1.8,-0.0008135207173823104,-0.015229048128557632,1.013240754571345,-0.015229048128557632,1.013240754571345,0.0,0.0,0.0,-0.015229048128557632,1.013240754571345,0.0,0.0,1.8,1.417370328315289,1.0012520510824616,-9.845201021822806e-09,-0.00862469279048408,1.0224124329724118,0.00010091187207677617,0.2557413067224653,0.0028880299146535927,0.1697985688146142,6.537804556025104,0.2664110522815427,13.83428402100833,0.1697985688146142,0.14955787561223552,0.09661248346692851,0.0,9.306784287525671,1.4624557124743283,1.6120135880865636,1.0012502758347,-9.845188567516729e-09,0.9999999999999941,0.0,0.0,0.0,0.0,0.0,1.0012502758347,-9.845188567516729e-09,1.7752477619309586e-06,1.2454306076662132e-14,1.8,1.4176591905926426,1.0012666650063513,-9.845344718998088e-09,-0.008624692790479668,1.022412432972418,0.00010095090948420578,0.25685170180358874,0.002885849471777103,0.16979750121819256,6.537777334430114,0.2664111156271828,13.83422448559686,0.1230777456909791,7.058017226737908,0.1367766678799363,7.068760131083837,0.1230777456909791,0.10840647102733787,0.01369892218895715,0.0,9.306793120309669,1.462446879690329,1.570853350717668,1.0012648897585905,-9.845332264692037e-09,0.9999999999999929,0.0,0.0,0.0,0.0,0.0,1.0012648897585905,-9.845332264692037e-09,1.7752477604052957e-06,1.2454306050062395e-14
10.7809,1.8,-0.01823722,-0.06571281,0.6529408,-0.014712625401069832,1.8,-0.0009636133649402305,-0.012257697779280199,1.0172644619166786,1.8,-0.0011141202891266611,-0.03295555698681529,0.9726880292597787,-0.03295555698681529,0.9726880292597787,0.0,0.0,0.0,-0.03295555698681529,0.9726880292597787,0.0,0.0,1.8,1.4176348428974337,1.001251461700203,-9.845195226944718e-09,0.004292140053699216,1.0262677137952476,0.0001009118720767761,0.24082103397526727,0.0028880299146535836,0.1697985688146142,6.537804556025105,0.2664110522815427,13.83428402100833,0.1697985688146142,0.14955787561223544,0.0966124834669285,0.0,9.306784287525655,1.4641157124743436,1.6136735880865798,1.0012496864524416,-9.845182772183021e-09,0.999999999999995,0.0,0.0,0.0,0.0,0.0,1.0012496864524416,-9.845182772183021e-09,1.775247761459653e-06,1.2454761696484267e-14,1.8,1.4179171223407854,1.0012660756240954,-9.84533892412003e-09,0.004291655519312446,1.026269894865473,0.0001009509094842058,0.24105474361862028,0.002885849471777105,0.1697975012181925,6.537777334430114,0.2664111156271828,13.83422448559687,0.1230777456909791,7.058017226737908,0.1367766678799363,7.068760131083837,0.1230777456909791,0.108406471027338,0.01369892218895719,0.0,9.306793120309688,1.464106879690311,1.5725133507176496,1.001264300376332,-9.845326469358333e-09,0.9999999999999942,0.0,0.0,0.0,0.0,0.0,1.001264300376332,-9.845326469358333e-09,1.77524776323601e-06,1.2454761696262703e-14
10.78251,1.8,-0.01907447,-0.05420264,0.5932228,-0.016277651586452814,1.8,-0.0020295338683377286,-0.03268803607941504,0.9765742652374053,1.8,-0.0022546799711363817,-0.032723397844730544,0.9764972093152082,-0.032723397844730544,0.9764972093152082,0.0,0.0,0.0,-0.032723397844730544,0.9764972093152082,0.0,0.0,1.8,1.4178825646536504,1.0012508900704236,-9.845189606460055e-09,-0.03273645083295539,0.9764687658810043,0.0001009118720767761,0.2278477961610995,0.0028880299146535836,0.1697985688146142,6.537804556025105,0.2664110522815427,13.83428402100833,0.1697985688146142,0.1495578756122354,0.0966124834669285,0.0,9.306784287525637,1.4657257124743628,1.6152835880865986,1.0012491148226605,-9.845177151407558e-09,0.9999999999999948,0.0,0.0,0.0,0.0,0.0,1.0012491148226605,-9.845177151407558e-09,1.7752477625817702e-06,1.2455052496212408e-14,1.8,1.4181628852519976,1.0012655039943146,-9.845333303635348e-09,-0.03273645480459644,0.9764687572265023,0.00010095090948420545,0.22805687305006062,0.0028858494717770968,0.1697975012181925,6.537777334430115,0.2664111156271828,13.83422448559687,0.1230777456909791,7.058017226737908,0.1367766678799362,7.068760131083838,0.1230777456909791,0.10840647102733765,0.013698922188957107,0.0,9.306793120309681,1.4657168796903182,1.5741233507176553,1.0012637287465516,-9.84532084858287e-09,0.9999999999999913,0.0,0.0,0.0,0.0,0.0,1.0012637287465516,-9.84532084858287e-09,1.77524776323601e-06,1.2455052478768816e-14
10.78421,1.8,-0.0196529,-0.04955773,0.5586381,-0.017930163707664832,1.8,-0.0030893922280769703,-0.032894331753166015,0.9761247315887226,1.8,-0.003284755719099919,-0.032708155969095966,0.9765304224982198,-0.032708155969095966,0.9765304224982198,0.0,0.0,0.0,-0.032708155969095966,0.9765304224982198,0.0,0.0,1.8,1.4181363005725807,1.0012502864861825,-9.845183671703545e-09,-0.032749584894858526,0.9764401457812124,0.00010091187207677593,0.2155480243519583,0.0028880299146535784,0.1697985688146142,6.537804556025105,0.2664110522815427,13.83428402100833,0.1697985688146142,0.14955787561223513,0.09661248346692847,0.0,9.30678428752562,1.4674257124743801,1.616983588086615,1.0012485112384202,-9.845171216427256e-09,0.9999999999999946,0.0,0.0,0.0,0.0,0.0,1.0012485112384202,-9.845171216427256e-09,1.775247762347831e-06,1.245527628831877e-14,1.8,1.4184236952235414,1.0012649004100735,-9.845327368878835e-09,-0.03274958497311405,0.9764401456106877,0.00010095090948420522,0.21636149818606262,0.0028858494717770894,0.1697975012181925,6.537777334430115,0.2664111156271828,13.83422448559687,0.1230777456909791,7.05801722673791,0.1367766678799361,7.068760131083838,0.1230777456909791,0.10840647102733733,0.013698922188957052,0.0,9.306793120309662,1.46741687969034,1.5758233507176767,1.0012631251623105,-9.845314913602566e-09,0.9999999999999917,0.0,0.0,0.0,0.0,0.0,1.0012631251623105,-9.845314913602566e-09,1.7752477628394702e-06,1.2455276269811724e-14
10.78586,1.8,-0.02006799,-0.04563732,0.5303718,-0.01944010923791816,1.8,-0.004003203098178995,-0.03279969020135665,0.9763309625839164,1.8,-0.004167931885288084,-0.03275702657211458,0.9764239298118302,-0.03275702657211458,0.9764239298118302,0.0,0.0,0.0,-0.03275702657211458,0.9764239298118302,0.0,0.0,1.8,1.4183451275748842,1.001249700654419,-9.845177911435402e-09,-0.03274944603423788,0.9764404483688545,0.00010091187207677575,0.20222259241313226,0.0028880299146535737,0.1697985688146142,6.537804556025105,0.2664110522815427,13.83428402100833,0.1697985688146142,0.14955787561223496,0.09661248346692847,0.0,9.306784287525605,1.4690757124743952,1.6186335880866303,1.0012479254066569,-9.845165456005198e-09,0.9999999999999946,0.0,0.0,0.0,0.0,0.0,1.0012479254066569,-9.845165456005198e-09,1.775247762347831e-06,1.245543020369339e-14,1.8,1.418615730092633,1.0012643145783102,-9.845321608610692e-09,-0.032749446038290025,0.9764404483600246,0.00010095090948420506,0.20143483827393577,0.0028858494717770846,0.1697975012181925,6.537777334430115,0.2664111156271828,13.83422448559687,0.1230777456909791,7.05801722673791,0.13677666787993603,7.068760131083839,0.1230777456909791,0.10840647102733715,0.013698922188956983,0.0,9.306793120309642,1.46906687969036,1.577473350717697,1.001262539330548,-9.84530915318051e-09,0.9999999999999921,0.0,0.0,0.0,0.0,0.0,1.001262539330548,-9.84530915318051e-09,1.7752477622947884e-06,1.2455430183621939e-14
10.786859999999999,1.8,-0.02007513,-0.02544829,0.4584581,-0.019917631542750558,1.8,-0.00451043309589115,-0.032750488883031295,0.976438175923608,1.8,-0.004668606159692037,-0.0327497611052827,0.9764397618055649,-0.0327497611052827,0.9764397618055649,0.0,0.0,0.0,-0.0327497611052827,0.9764397618055649,0.0,0.0,1.8,1.4184985116155113,1.0012493456048654,-9.845174420346392e-09,-0.03274948464241054,0.9764403642387687,0.00010091187207677564,0.19731694256836343,0.0028880299146535706,0.1697985688146142,6.537804556025105,0.2664110522815427,13.83428402100833,0.1697985688146142,0.14955787561223483,0.09661248346692847,0.0,9.306784287525595,1.4700757124744022,1.619633588086637,1.0012475703571033,-9.845161964840313e-09,0.9999999999999946,0.0,0.0,0.0,0.0,0.0,1.0012475703571033,-9.845161964840313e-09,1.7752477622859168e-06,1.2455506078279771e-14,1.8,1.4187662341655352,1.0012639595287567,-9.845318117521686e-09,-0.03274948464239316,0.9764403642388066,0.00010095090948420495,0.19629173066608072,0.0028858494717770816,0.16979750121819254,6.537777334430115,0.2664111156271828,13.83422448559687,0.1230777456909791,7.05801722673791,0.136776667879936,7.06876013108384,0.1230777456909791,0.10840647102733704,0.013698922188956946,0.0,9.306793120309631,1.470066879690369,1.5784733507177058,1.0012621842809948,-9.845305662015626e-09,0.9999999999999925,0.0,0.0,0.0,0.0,0.0,1.0012621842809948,-9.845305662015626e-09,1.7752477620638828e-06,1.245550606050331e-14
10.78782,1.8,-0.0196791,-0.004187734,0.3894447,-0.02037605295539037,1.8,-0.00495410607868545,-0.03274582259633316,0.97644834411011,1.8,-0.005094912925422148,-0.03274943621691663,0.9764404697615293,-0.03274943621691663,0.9764404697615293,0.0,0.0,0.0,-0.03274943621691663,0.9764404697615293,0.0,0.0,1.8,1.4186746534254429,1.0012490047572942,-9.845171068887044e-09,-0.03274948464240529,0.9764403642387801,0.00010091187207677554,0.19584955261338247,0.002888029914653568,0.1697985688146142,6.537804556025105,0.2664110522815427,13.83428402100833,0.1697985688146142,0.14955787561223466,0.09661248346692847,0.0,9.306784287525588,1.471035712474409,1.620593588086643,1.001247229509532,-9.845158613322026e-09,0.9999999999999947,0.0,0.0,0.0,0.0,0.0,1.001247229509532,-9.845158613322026e-09,1.7752477621652767e-06,1.2455565018034542e-14,1.8,1.418947128753777,1.0012636186811854,-9.84531476606234e-09,-0.032749484642401,0.9764403642387894,0.00010095090948420484,0.19533996222224287,0.002885849471777079,0.16979750121819256,6.537777334430116,0.2664111156271828,13.83422448559687,0.1230777456909791,7.05801722673791,0.136776667879936,7.06876013108384,0.1230777456909791,0.10840647102733693,0.013698922188956918,0.0,9.306793120309623,1.471026879690376,1.5794333507177123,1.0012618434334235,-9.845302310497337e-09,0.9999999999999926,0.0,0.0,0.0,0.0,0.0,1.0012618434334235,-9.845302310497337e-09,1.7752477619432388e-06,1.2455565002736207e-14
10.788739999999999,1.8,-0.0190584,0.001753084,0.3709192,-0.020815373475835904,1.8,-0.005342991386929163,-0.032749474365162276,0.9764403866336585,1.8,-0.005472563014900337,-0.032749484642392065,0.976440364238809,-0.032749484642392065,0.976440364238809,0.0,0.0,0.0,-0.032749484642392065,0.976440364238809,0.0,0.0,1.8,1.4187923016291144,1.0012486781117051,-9.845167857060368e-09,-0.03274948464240521,0.9764403642387802,0.00010091187207677543,0.19008724812357353,0.002888029914653565,0.1697985688146142,6.537804556025105,0.2664110522815427,13.83428402100833,0.1697985688146142,0.1495578756122345,0.09661248346692847,0.0,9.306784287525579,1.471955712474418,1.6215135880866525,1.0012469028639432,-9.845155401450332e-09,0.9999999999999947,0.0,0.0,0.0,0.0,0.0,1.0012469028639432,-9.845155401450332e-09,1.7752477618974148e-06,1.2455610036091266e-14,1.8,1.4190739122194924,1.0012632920355962,-9.845311554235667e-09,-0.0327494846424019,0.9764403642387874,0.00010095090948420473,0.19044439432278615,0.002885849471777076,0.1697975012181926,6.537777334430116,0.2664111156271828,13.83422448559687,0.12307774569097907,7.058017226737911,0.13677666787993598,7.06876013108384,0.12307774569097907,0.10840647102733683,0.0136989221889569,0.0,9.306793120309614,1.4719468796903847,1.580353350717721,1.0012615167878343,-9.845299098625644e-09,0.9999999999999928,0.0,0.0,0.0,0.0,0.0,1.0012615167878343,-9.845299098625644e-09,1.7752477617515017e-06,1.2455610023189535e-14
10.78951,1.8,-0.01846355,0.006445236,0.3561893,-0.02118306565055755,1.8,-0.0056855426968330115,-0.006033711510991418,1.0244423689228224,1.8,-0.005892340346874326,-0.03230833042874212,0.965684812884409,-0.03230833042874212,0.965684812884409,0.0,0.0,0.0,-0.03230833042874212,0.965684812884409,0.0,0.0,1.8,1.4188685580689127,1.0012484047235488,-9.845165168896108e-09,-0.03274948464240728,0.9764403642387757,0.00010091187207677535,0.18337315540913948,0.0028880299146535624,0.1697985688146142,6.537804556025105,0.2664110522815427,13.83428402100833,0.1697985688146142,0.14955787561223435,0.09661248346692847,0.0,9.30678428752557,1.4727257124744297,1.6222835880866644,1.0012466294757876,-9.845152713253373e-09,0.9999999999999948,0.0,0.0,0.0,0.0,0.0,1.0012466294757876,-9.845152713253373e-09,1.7752477616071235e-06,1.2455642736040999e-14,1.8,1.4191597985990965,1.00126301864744,-9.845308866071406e-09,-0.032749484642399775,0.9764403642387921,0.00010095090948420464,0.1846171003381309,0.0028858494717770734,0.1697975012181926,6.537777334430115,0.2664111156271828,13.83422448559687,0.12307774569097903,7.0580172267379115,0.13677666787993592,7.06876013108384,0.12307774569097903,0.10840647102733675,0.013698922188956887,0.0,9.306793120309605,1.4727168796903956,1.5811233507177325,1.0012612433996781,-9.845296410428683e-09,0.9999999999999929,0.0,0.0,0.0,0.0,0.0,1.0012612433996781,-9.845296410428683e-09,1.775247761557969e-06,1.2455642724015447e-14
10.79027,1.8,-0.01782316,0.01077232,0.3428086,-0.021545982602230205,1.8,-0.005882459620041645,-0.03274672634537405,0.976446374773592,1.8,-0.006038898708660242,-0.02544167658949134,0.9923646226498688,-0.02544167658949134,0.9923646226498688,0.0,0.0,0.0,-0.02544167658949134,0.9923646226498688,0.0,0.0,1.8,1.4189479313423594,1.001248134885889,-9.845162515639157e-09,-0.041217222100835935,0.9504226861538556,0.0001009118720767754,0.17743300631755698,0.002888029914653561,0.1697985688146142,6.537804556025105,0.2664110522815427,13.83428402100833,0.1697985688146142,0.14955787561223421,0.09661248346692847,0.0,9.306784287525566,1.4734857124744338,1.623043588086668,1.0012463596381271,-9.84515005996806e-09,0.9999999999999956,0.0,0.0,0.0,0.0,0.0,1.0012463596381271,-9.84515005996806e-09,1.7752477620731896e-06,1.2455671096787895e-14,1.8,1.4192425774202775,1.0012627488097794,-9.845306212814475e-09,-0.041217227253268963,0.9504226700065861,0.0001009509094842047,0.17891601514023758,0.002885849471777077,0.1697975012181926,6.537777334430115,0.2664111156271828,13.83422448559687,0.1230777456909791,7.058017226737912,0.136776667879936,7.06876013108384,0.123077745690979,0.108406471027337,0.01369892218895692,0.0,9.306793120309617,1.4734768796903803,1.5818833507177172,1.0012609735620182,-9.845293757143371e-09,0.9999999999999939,0.0,0.0,0.0,0.0,0.0,1.0012609735620182,-9.845293757143371e-09,1.775247761459653e-06,1.2455671104667041e-14
10.7927,1.8,-0.01493279,0.04117745,0.2876887,-0.021352709251559243,1.8,-0.008042126484508243,-0.0636886624834541,0.8405245708429906,1.8,-0.008055636345910678,-0.06354819733791361,0.841544418391027,-0.06354819733791361,0.841544418391027,0.0,0.0,0.0,-0.06354819733791361,0.841544418391027,0.0,0.0,1.8,1.419222713523928,1.0012472721154753,-9.845154032167326e-09,-0.06367173278769848,0.8406474889422738,0.0001009118720767754,0.16341545053029014,0.002888029914653552,0.1697985688146142,6.537804556025105,0.2664110522815427,13.83428402100833,0.1697985688146142,0.14955787561223374,0.09661248346692847,0.0,9.306784287525547,1.4759157124744533,1.6254735880866868,1.0012454968677122,-9.845141576437392e-09,0.9999999999999942,0.0,0.0,0.0,0.0,0.0,1.0012454968677122,-9.845141576437392e-09,1.7752477627323466e-06,1.245572993364384e-14,1.8,1.4195090137562019,1.0012618860393625,-9.845297729342635e-09,-0.06367173315371455,0.8406474862848138,0.00010095090948420453,0.16420652153043536,0.002885849471777065,0.1697975012181926,6.537777334430115,0.2664111156271828,13.83422448559687,0.123077745690979,7.058017226737912,0.13677666787993584,7.068760131083841,0.123077745690979,0.10840647102733646,0.01369892218895681,0.0,9.306793120309566,1.475906879690435,1.584313350717772,1.0012601107916035,-9.845285273612703e-09,0.9999999999999913,0.0,0.0,0.0,0.0,0.0,1.0012601107916035,-9.845285273612703e-09,1.775247758914299e-06,1.2455729930164959e-14
10.79461,1.8,-0.01078776,0.1000465,0.2208361,-0.020697821476091165,1.8,-0.009932152452618621,-0.06379540981346238,0.8397495315807637,1.8,-0.009923329479678191,-0.06362709212246319,0.8409716026062564,-0.06362709212246319,0.8409716026062564,0.0,0.0,0.0,-0.06362709212246319,0.8409716026062564,0.0,0.0,1.8,1.4194206562276375,1.001246593970828,-9.845147364072413e-09,-0.06367674397338877,0.8406111052157693,0.00010091187207677517,0.15306135647947744,0.0028880299146535476,0.1697985688146142,6.537804556025105,0.2664110522815427,13.83428402100833,0.1697985688146142,0.14955787561223347,0.09661248346692847,0.0,9.306784287525529,1.4778257124744703,1.627383588086704,1.001244818723066,-9.845134908312464e-09,0.9999999999999942,0.0,0.0,0.0,0.0,0.0,1.001244818723066,-9.845134908312464e-09,1.7752477625429324e-06,1.2455759949277528e-14,1.8,1.419701840183927,1.0012612078947154,-9.845291061247717e-09,-0.06367674400282292,0.8406111050020605,0.00010095090948420437,0.15329446441804992,0.0028858494717770573,0.1697975012181926,6.537777334430115,0.2664111156271828,13.83422448559687,0.123077745690979,7.058017226737912,0.1367766678799358,7.068760131083843,0.123077745690979,0.10840647102733617,0.013698922188956734,0.0,9.306793120309539,1.4778168796904627,1.5862233507177996,1.001259432646957,-9.845278605487774e-09,0.9999999999999918,0.0,0.0,0.0,0.0,0.0,1.001259432646957,-9.845278605487774e-09,1.7752477586269388e-06,1.245575994242884e-14
10.795169999999999,1.8,-0.009189895,0.1055075,0.21457,-0.020505812494802718,1.8,-0.01045855026417159,-0.06376286888504246,0.8399857950746874,1.8,-0.01044134489656569,-0.06366748261412045,0.8406783473383955,-0.06366748261412045,0.8406783473383955,0.0,0.0,0.0,-0.06366748261412045,0.8406783473383955,0.0,0.0,1.8,1.4194675609319425,1.0012463951430783,-9.845145409026483e-09,-0.06367678336477009,0.8406108192145442,0.00010091187207677512,0.14946789882395012,0.002888029914653546,0.1697985688146142,6.537804556025105,0.2664110522815427,13.83428402100833,0.1697985688146142,0.14955787561223338,0.09661248346692847,0.0,9.306784287525524,1.4783857124744737,1.6279435880867072,1.001244619895316,-9.845132953260129e-09,0.9999999999999942,0.0,0.0,0.0,0.0,0.0,1.001244619895316,-9.845132953260129e-09,1.7752477624807598e-06,1.2455766354236271e-14,1.8,1.419742884381912,1.0012610090669656,-9.845289106201784e-09,-0.06367678338269568,0.8406108190843944,0.00010095090948420428,0.14915889206210173,0.002885849471777055,0.1697975012181926,6.537777334430115,0.2664111156271828,13.83422448559687,0.123077745690979,7.058017226737912,0.13677666787993575,7.068760131083843,0.123077745690979,0.10840647102733611,0.013698922188956724,0.0,9.306793120309534,1.478376879690468,1.5867833507178049,1.0012592338192072,-9.845276650435439e-09,0.9999999999999919,0.0,0.0,0.0,0.0,0.0,1.0012592338192072,-9.845276650435439e-09,1.7752477587512837e-06,1.2455766345534702e-14
10.79636,1.8,-0.005572124,0.116725,0.2024077,-0.01927526268920992,1.8,-0.011458556809935462,-0.06370347605497154,0.8404170168691454,1.8,-0.01146580569549675,-0.06369380051831691,0.8404872661277444,-0.06369380051831691,0.8404872661277444,0.0,0.0,0.0,-0.06369380051831691,0.8404872661277444,0.0,0.0,1.8,1.4195672334285911,1.0012459726341103,-9.845141254553882e-09,-0.06367686707145541,0.8406102114619406,0.000100911872076775,0.1418318013059246,0.002888029914653543,0.1697985688146142,6.537804556025105,0.2664110522815427,13.83428402100833,0.1697985688146142,0.1495578756122332,0.09661248346692847,0.0,9.306784287525515,1.4795757124744855,1.6291335880867186,1.0012441973863473,-9.845128798773918e-09,0.9999999999999942,0.0,0.0,0.0,0.0,0.0,1.0012441973863473,-9.845128798773918e-09,1.775247762348643e-06,1.2455779964773605e-14,1.8,1.4198301033026302,1.0012605865579973,-9.845284951729182e-09,-0.0636768670649253,0.8406102115093539,0.0001009509094842041,0.14037080080567735,0.002885849471777051,0.1697975012181926,6.537777334430116,0.2664111156271828,13.83422448559687,0.123077745690979,7.058017226737912,0.1367766678799357,7.068760131083843,0.123077745690979,0.108406471027336,0.0136989221889567,0.0,9.30679312030952,1.4795668796904842,1.587973350717821,1.0012588113102385,-9.84527249594923e-09,0.9999999999999923,0.0,0.0,0.0,0.0,0.0,1.0012588113102385,-9.84527249594923e-09,1.7752477590155167e-06,1.2455779952134658e-14
10.79758,1.8,-0.001654135,0.127395,0.1909863,-0.016849982450885093,1.8,-0.012438896550675283,-0.06367179278704571,0.8406470533168607,1.8,-0.012441479571785402,-0.06367612886907956,0.8406155711821771,-0.06367612886907956,0.8406155711821771,0.0,0.0,0.0,-0.06367612886907956,0.8406155711821771,0.0,0.0,1.8,1.419744364255293,1.001245539473655,-9.845136995342274e-09,-0.06367686758600981,0.8406102077260168,0.00010091187207677493,0.1419811877093506,0.0028880299146535385,0.16979856881461428,6.537804556025105,0.2664110522815427,13.83428402100833,0.16979856881461428,0.149557875612233,0.09661248346692845,0.0,9.306784287525504,1.4807957124744928,1.6303535880867257,1.001243764225893,-9.845124539552759e-09,0.9999999999999942,0.0,0.0,0.0,0.0,0.0,1.001243764225893,-9.845124539552759e-09,1.7752477618906474e-06,1.2455789515647268e-14,1.8,1.4200132363098912,1.0012601533975423,-9.845280692517574e-09,-0.06367686758600284,0.8406102077260684,0.00010095090948420396,0.14119095162122655,0.0028858494717770473,0.1697975012181926,6.537777334430116,0.2664111156271828,13.83422448559687,0.123077745690979,7.058017226737913,0.13677666787993562,7.068760131083843,0.123077745690979,0.10840647102733579,0.013698922188956653,0.0,9.306793120309509,1.4807868796904904,1.589193350717826,1.0012583781497832,-9.845268236728071e-09,0.9999999999999926,0.0,0.0,0.0,0.0,0.0,1.0012583781497832,-9.845268236728071e-09,1.7752477591695492e-06,1.2455789503581211e-14
10.79802,1.8,-0.0002002361,0.1309143,0.1868734,-0.015975291217392225,1.8,-0.012769390024573965,-0.06367538153216588,0.8406209972237478,1.8,-0.012756803919531039,-0.06367633289089566,0.8406140898812597,-0.06367633289089566,0.8406140898812597,0.0,0.0,0.0,-0.06367633289089566,0.8406140898812597,0.0,0.0,1.8,1.4198084105518,1.0012453832518515,-9.845135459233161e-09,-0.06367686758600757,0.8406102077260329,0.0001009118720767749,0.1420524212562616,0.0028880299146535372,0.1697985688146143,6.537804556025105,0.2664110522815427,13.83428402100833,0.1697985688146143,0.14955787561223294,0.09661248346692844,0.0,9.3067842875255,1.4812357124744948,1.6307935880867277,1.0012436080040896,-9.84512300344021e-09,0.9999999999999942,0.0,0.0,0.0,0.0,0.0,1.0012436080040896,-9.84512300344021e-09,1.7752477617247668e-06,1.245579295064619e-14,1.8,1.4200794908166838,1.0012599971757388,-9.845279156408461e-09,-0.06367686758600613,0.8406102077260442,0.00010095090948420392,0.1415084073668137,0.0028858494717770465,0.1697975012181926,6.537777334430116,0.2664111156271828,13.83422448559687,0.123077745690979,7.058017226737914,0.1367766678799356,7.068760131083843,0.123077745690979,0.10840647102733571,0.013698922188956636,0.0,9.306793120309505,1.481226879690492,1.589633350717827,1.0012582219279798,-9.845266700615522e-09,0.9999999999999927,0.0,0.0,0.0,0.0,0.0,1.0012582219279798,-9.845266700615522e-09,1.7752477592248444e-06,1.2455792938672175e-14
10.79837,1.8,0.0009919546,0.1362023,0.1830396,-0.015279514099838111,1.8,-0.013019475255131772,-0.06367647558200211,0.8406130538721169,1.8,-0.013007630105238865,-0.06367649518097668,0.8406129115737119,-0.06367649518097668,0.8406129115737119,0.0,0.0,0.0,-0.06367649518097668,0.8406129115737119,0.0,0.0,1.8,1.419839947183572,1.0012452589845078,-9.845134237327617e-09,-0.06367686758600762,0.8406102077260328,0.00010091187207677487,0.14039496434656956,0.0028880299146535364,0.16979856881461428,6.537804556025105,0.2664110522815427,13.83428402100833,0.16979856881461428,0.14955787561223288,0.09661248346692844,0.0,9.306784287525497,1.4815857124744993,1.631143588086732,1.0012434837367459,-9.8451217815325e-09,0.9999999999999942,0.0,0.0,0.0,0.0,0.0,1.0012434837367459,-9.8451217815325e-09,1.775247761681698e-06,1.2455795115289165e-14,1.8,1.4201145730060323,1.0012598729083952,-9.845277934502917e-09,-0.06367686758600641,0.8406102077260421,0.00010095090948420388,0.14019158289935046,0.002885849471777045,0.1697975012181926,6.537777334430116,0.2664111156271828,13.83422448559687,0.123077745690979,7.058017226737914,0.1367766678799356,7.068760131083843,0.123077745690979,0.10840647102733567,0.013698922188956627,0.0,9.306793120309502,1.4815768796904962,1.5899833507178311,1.0012580976606362,-9.845265478707812e-09,0.9999999999999927,0.0,0.0,0.0,0.0,0.0,1.0012580976606362,-9.845265478707812e-09,1.775247759268829e-06,1.245579510414926e-14
10.79861,1.8,0.001865546,0.1445027,0.1795113,-0.014802409790659861,1.8,-0.013186324788044875,-0.0636765882680222,0.8406122357149799,1.8,-0.013179625204009329,-0.06367660646560365,0.8406121035913934,-0.06367660646560365,0.8406121035913934,0.0,0.0,0.0,-0.06367660646560365,0.8406121035913934,0.0,0.0,1.8,1.4198551230999565,1.001245173772615,-9.84513339944934e-09,-0.06367686758600824,0.8406102077260282,0.00010091187207677484,0.1386888648398426,0.0028880299146535355,0.16979856881461428,6.537804556025105,0.2664110522815427,13.83428402100833,0.16979856881461428,0.14955787561223283,0.09661248346692845,0.0,9.306784287525495,1.481825712474502,1.6313835880867347,1.001243398524853,-9.845120943652929e-09,0.9999999999999942,0.0,0.0,0.0,0.0,0.0,1.001243398524853,-9.845120943652929e-09,1.775247761681698e-06,1.245579641096965e-14,1.8,1.4201327710065477,1.0012597876965024,-9.84527709662464e-09,-0.06367686758600583,0.8406102077260463,0.00010095090948420385,0.138766843670888,0.0028858494717770443,0.1697975012181926,6.537777334430116,0.2664111156271828,13.83422448559687,0.123077745690979,7.058017226737914,0.1367766678799356,7.0687601310838435,0.123077745690979,0.10840647102733564,0.013698922188956622,0.0,9.3067931203095,1.4818168796904987,1.5902233507178336,1.0012580124487434,-9.84526464082824e-09,0.9999999999999928,0.0,0.0,0.0,0.0,0.0,1.0012580124487434,-9.84526464082824e-09,1.7752477592989898e-06,1.2455796400538613e-14
10.79876,1.8,0.002434545,0.1615961,0.1749844,-0.014504219597423897,1.8,-0.013290605746115411,-0.06367665869678475,0.8406117243667693,1.8,-0.01328712214074071,-0.0636766760184955,0.8406115986024443,-0.0636766760184955,0.8406115986024443,0.0,0.0,0.0,-0.0636766760184955,0.8406115986024443,0.0,0.0,1.8,1.4198646080476969,1.001245120515182,-9.845132875775418e-09,-0.06367686758600864,0.8406102077260255,0.00010091187207677483,0.13762255264813983,0.002888029914653535,0.16979856881461428,6.537804556025105,0.2664110522815427,13.83428402100833,0.16979856881461428,0.1495578756122328,0.09661248346692845,0.0,9.306784287525494,1.4819757124745034,1.631533588086736,1.00124334526742,-9.845120419978197e-09,0.9999999999999942,0.0,0.0,0.0,0.0,0.0,1.00124334526742,-9.845120419978197e-09,1.775247761681698e-06,1.2455797220769954e-14,1.8,1.4201441447568697,1.0012597344390695,-9.845276572950718e-09,-0.06367686758600546,0.840610207726049,0.00010095090948420384,0.13787638165310032,0.002885849471777044,0.1697975012181926,6.537777334430116,0.2664111156271828,13.83422448559687,0.123077745690979,7.058017226737914,0.1367766678799356,7.0687601310838435,0.123077745690979,0.10840647102733562,0.01369892218895662,0.0,9.306793120309498,1.4819668796905001,1.590373350717835,1.0012579591913104,-9.845264117153507e-09,0.9999999999999928,0.0,0.0,0.0,0.0,0.0,1.0012579591913104,-9.845264117153507e-09,1.7752477593178403e-06,1.2455797210781957e-14
10.799019999999999,1.8,0.003667862,0.208681,0.1635933,-0.013987356595815598,1.8,-0.013471359406770758,-0.06367678077330652,0.840610838029871,1.8,-0.01347345016440818,-0.06367679657684139,0.8406107232882658,-0.06367679657684139,0.8406107232882658,0.0,0.0,0.0,-0.06367679657684139,0.8406107232882658,0.0,0.0,1.8,1.4198810486237798,1.001245028202298,-9.84513196807395e-09,-0.06367686758600932,0.8406102077260207,0.00010091187207677479,0.13577427818252422,0.002888029914653534,0.16979856881461425,6.537804556025105,0.2664110522815427,13.83428402100833,0.16979856881461425,0.14955787561223274,0.09661248346692845,0.0,9.30678428752549,1.4822357124745056,1.631793588086738,1.001243252954536,-9.845119512275327e-09,0.9999999999999941,0.0,0.0,0.0,0.0,0.0,1.001243252954536,-9.845119512275327e-09,1.775247761681698e-06,1.2455798624423812e-14,1.8,1.4201638592574277,1.001259642126186,-9.845275665249252e-09,-0.06367686758600483,0.8406102077260535,0.0001009509094842038,0.13633291415560372,0.002885849471777043,0.1697975012181926,6.537777334430116,0.2664111156271828,13.83422448559687,0.123077745690979,7.058017226737914,0.1367766678799356,7.0687601310838435,0.123077745690979,0.1084064710273356,0.013698922188956615,0.0,9.306793120309495,1.482226879690502,1.590633350717837,1.0012578668784269,-9.845263209450637e-09,0.9999999999999929,0.0,0.0,0.0,0.0,0.0,1.0012578668784269,-9.845263209450637e-09,1.7752477593505146e-06,1.2455798615203758e-14
10.79912,1.8,0.004163664,0.2201446,0.1606781,-0.013788563133654758,1.8,-0.013540880045485683,-0.0636768277258149,0.840610497131064,1.8,-0.01354511478889704,-0.06367684294543596,0.8406103866289665,-0.06367684294543596,0.8406103866289665,0.0,0.0,0.0,-0.06367684294543596,0.8406103866289665,0.0,0.0,1.8,1.4198873719222735,1.0012449926973428,-9.845131618958002e-09,-0.06367686758600959,0.8406102077260188,0.00010091187207677479,0.1350634033880431,0.002888029914653534,0.16979856881461425,6.537804556025105,0.2664110522815427,13.83428402100833,0.16979856881461425,0.14955787561223274,0.09661248346692845,0.0,9.30678428752549,1.4823357124745085,1.6318935880867407,1.0012432174495807,-9.845119163158838e-09,0.9999999999999941,0.0,0.0,0.0,0.0,0.0,1.0012432174495807,-9.845119163158838e-09,1.775247761681698e-06,1.2455799164290681e-14,1.8,1.4201714417576425,1.0012596066212305,-9.845275316133304e-09,-0.06367686758600458,0.8406102077260553,0.0001009509094842038,0.13573927281040138,0.0028858494717770426,0.1697975012181926,6.537777334430116,0.2664111156271828,13.83422448559687,0.123077745690979,7.058017226737914,0.1367766678799356,7.0687601310838435,0.123077745690979,0.10840647102733558,0.013698922188956613,0.0,9.306793120309495,1.4823268796905047,1.5907333507178396,1.0012578313734715,-9.84526286033415e-09,0.9999999999999929,0.0,0.0,0.0,0.0,0.0,1.0012578313734715,-9.84526286033415e-09,1.7752477593630816e-06,1.2455799155365987e-14
10.799309999999998,1.8,0.005248599,0.2230195,0.1590604,-0.013410855555558694,1.8,-0.013658572495909887,-0.05333098768365181,0.6121840904332437,1.8,-0.013668574777202853,-0.042602982802297726,0.5828617332962703,-0.042602982802297726,0.5828617332962703,0.0,0.0,0.0,-0.042602982802297726,0.5828617332962703,0.0,0.0,1.8,1.419899386189411,1.0012449252379276,-9.8451309556377e-09,-0.0636768675860101,0.8406102077260152,0.00010091187207677476,0.133712741278563,0.0028880299146535338,0.16979856881461422,6.537804556025105,0.2664110522815427,13.83428402100833,0.16979856881461422,0.14955787561223272,0.09661248346692845,0.0,9.306784287525488,1.4825257124745088,1.632083588086741,1.0012431499901655,-9.84511849983751e-09,0.9999999999999941,0.0,0.0,0.0,0.0,0.0,1.0012431499901655,-9.84511849983751e-09,1.775247761681698e-06,1.2455800190037733e-14,1.8,1.4201858485080503,1.0012595391618155,-9.845274652813002e-09,-0.0636768675860041,0.8406102077260587,0.00010095090948420377,0.1346113542545454,0.002885849471777042,0.1697975012181926,6.537777334430116,0.2664111156271828,13.83422448559687,0.123077745690979,7.058017226737914,0.1367766678799356,7.0687601310838435,0.123077745690979,0.10840647102733557,0.01369892218895661,0.0,9.306793120309493,1.4825168796905048,1.5909233507178397,1.0012577639140565,-9.845262197012822e-09,0.9999999999999929,0.0,0.0,0.0,0.0,0.0,1.0012577639140565,-9.845262197012822e-09,1.775247759386959e-06,1.2455800181674225e-14
10.799529999999999,1.8,0.006476217,0.2262266,0.1572381,-0.012973509938810494,1.8,-0.013698201802090226,-0.02432623872161859,0.9941245922176581,1.8,-0.013404761586933319,-0.04575461885961883,0.9348424991301982,-0.04575461885961883,0.9348424991301982,0.0,0.0,0.0,-0.04575461885961883,0.9348424991301982,0.0,0.0,1.8,1.4199132974460968,1.0012448471270259,-9.845130187582614e-09,-0.06367686758601067,0.8406102077260111,0.00010091187207677474,0.1321488167307247,0.002888029914653533,0.16979856881461422,6.537804556025105,0.2664110522815427,13.83428402100833,0.16979856881461422,0.14955787561223266,0.09661248346692847,0.0,9.306784287525486,1.482745712474512,1.6323035880867443,1.0012430718792638,-9.845117731781236e-09,0.9999999999999941,0.0,0.0,0.0,0.0,0.0,1.0012430718792638,-9.845117731781236e-09,1.775247761681698e-06,1.2455801377744844e-14,1.8,1.4202025300085228,1.0012594610509138,-9.845273884757916e-09,-0.06367686758600358,0.8406102077260625,0.00010095090948420374,0.1333053432951171,0.0028858494717770413,0.1697975012181926,6.537777334430116,0.2664111156271828,13.83422448559687,0.123077745690979,7.058017226737914,0.1367766678799356,7.068760131083844,0.123077745690979,0.10840647102733554,0.013698922188956606,0.0,9.306793120309491,1.4827368796905078,1.5911433507178427,1.0012576858031548,-9.845261428956546e-09,0.9999999999999929,0.0,0.0,0.0,0.0,0.0,1.0012576858031548,-9.845261428956546e-09,1.7752477594146064e-06,1.2455801370031132e-14
10.79971,1.8,0.007496933,0.2288037,0.1556922,-0.012615681706925924,1.8,-0.013700387384231967,-0.06100263923935939,0.8488665665816921,1.8,-0.013360311781866358,-0.06343891981373317,0.8423378281345054,-0.06343891981373317,0.8423378281345054,0.0,0.0,0.0,-0.06343891981373317,0.8423378281345054,0.0,0.0,1.8,1.419924679383385,1.0012447832181062,-9.845129559173907e-09,-0.06367686758601115,0.8406102077260078,0.00010091187207677472,0.13086924210067633,0.0028880299146535325,0.1697985688146142,6.537804556025105,0.2664110522815427,13.83428402100833,0.1697985688146142,0.14955787561223263,0.09661248346692847,0.0,9.306784287525485,1.4829257124745145,1.6324835880867465,1.001243007970344,-9.845117103371557e-09,0.9999999999999941,0.0,0.0,0.0,0.0,0.0,1.001243007970344,-9.845117103371557e-09,1.775247761681698e-06,1.2455802349505207e-14,1.8,1.4202161785089091,1.0012593971419943,-9.845273256349208e-09,-0.06367686758600313,0.8406102077260658,0.00010095090948420373,0.13223678887376764,0.002885849471777041,0.1697975012181926,6.537777334430116,0.2664111156271828,13.83422448559687,0.123077745690979,7.058017226737914,0.1367766678799356,7.068760131083844,0.123077745690979,0.10840647102733553,0.013698922188956603,0.0,9.30679312030949,1.4829168796905101,1.591323350717845,1.0012576218942353,-9.845260800546868e-09,0.999999999999993,0.0,0.0,0.0,0.0,0.0,1.0012576218942353,-9.845260800546868e-09,1.775247759437227e-06,1.2455802342323146e-14
10.80028,1.8,0.01081778,0.2368637,0.1505718,-0.01148255897262361,1.8,-0.014066862232216636,-0.06367726185345395,0.8406073451462318,1.8,-0.013698471478832531,-0.056323182941078256,0.890084450173248,-0.056323182941078256,0.890084450173248,0.0,0.0,0.0,-0.056323182941078256,0.890084450173248,0.0,0.0,1.8,1.4199651940515399,1.0012445808398607,-9.845127569212525e-09,-0.06852608290273562,0.8054024675308926,0.0001009118720767745,0.12748274548676045,0.002888029914653534,0.1697985688146143,6.537804556025105,0.2664110522815427,13.83428402100833,0.1697985688146143,0.1495578756122326,0.09661248346692844,0.0,9.306784287525483,1.4834957124745178,1.6330535880867507,1.0012428055920986,-9.845115113407572e-09,0.9999999999999956,0.0,0.0,0.0,0.0,0.0,1.0012428055920986,-9.845115113407572e-09,1.7752477621186958e-06,1.2455804952583028e-14,1.8,1.4202574467428144,1.001259194763752,-9.845271266387824e-09,-0.06852608596746344,0.8054024452794281,0.000100950909484204,0.12884853637595628,0.002885849471777046,0.1697975012181926,6.537777334430116,0.2664111156271828,13.83422448559687,0.123077745690979,7.058017226737913,0.1367766678799356,7.068760131083843,0.123077745690979,0.1084064710273358,0.01369892218895666,0.0,9.306793120309491,1.483486879690506,1.591893350717841,1.00125741951599,-9.845258810582884e-09,0.999999999999994,0.0,0.0,0.0,0.0,0.0,1.00125741951599,-9.845258810582884e-09,1.775247762576967e-06,1.245580494110806e-14
10.80212,1.8,0.02190131,0.2579432,0.1298798,-0.007691242449438667,1.8,-0.015055537340243109,-0.04829996716119186,0.5826611562072329,1.8,-0.014159404349223607,-0.04569504647449766,0.5705933392742575,-0.04569504647449766,0.5705933392742575,0.0,0.0,0.0,-0.04569504647449766,0.5705933392742575,0.0,0.0,1.8,1.4201177328872798,1.0012439275486802,-9.84512114547511e-09,-0.046743472996225166,0.5754503851707078,0.0001009118720767744,0.1198885577342888,0.002888029914653525,0.1697985688146143,6.537804556025105,0.2664110522815427,13.83428402100833,0.1697985688146143,0.1495578756122326,0.09661248346692844,0.0,9.306784287525456,1.4853357124745463,1.6348935880867783,1.0012421523009212,-9.845108689664186e-09,0.9999999999999949,0.0,0.0,0.0,0.0,0.0,1.0012421523009212,-9.845108689664186e-09,1.7752477594867236e-06,1.2455810924525684e-14,1.8,1.4203785011425685,1.0012585414725743,-9.845264842650425e-09,-0.04674343461935809,0.5754502073821814,0.00010095090948420372,0.11827451633450974,0.002885849471777043,0.1697975012181926,6.537777334430117,0.2664111156271828,13.83422448559687,0.123077745690979,7.058017226737914,0.1367766678799356,7.068760131083843,0.123077745690979,0.10840647102733542,0.01369892218895662,0.0,9.306793120309473,1.4853268796905237,1.5937333507178588,1.0012567662248113,-9.845252386839498e-09,0.9999999999999913,0.0,0.0,0.0,0.0,0.0,1.0012567662248113,-9.845252386839498e-09,1.775247763013965e-06,1.2455810926639596e-14
10.80277,1.8,0.02600959,0.2638669,0.1209579,-0.004663366292133065,1.8,-0.01532979074287701,-0.046534144614367876,0.5744806295063464,1.8,-0.014457934707205144,-0.04692914609518596,0.5763105529981123,-0.04692914609518596,0.5763105529981123,0.0,0.0,0.0,-0.04692914609518596,0.5763105529981123,0.0,0.0,1.8,1.4201646771399035,1.0012436967664706,-9.845118876219565e-09,-0.04668101859427352,0.5751610526419803,0.0001009118720767744,0.11689677580193938,0.0028880299146535242,0.1697985688146143,6.537804556025105,0.2664110522815427,13.83428402100833,0.1697985688146143,0.14955787561223252,0.09661248346692844,0.0,9.306784287525451,1.4859857124745495,1.6355435880867815,1.001241921518711,-9.845106420407011e-09,0.9999999999999947,0.0,0.0,0.0,0.0,0.0,1.001241921518711,-9.845106420407011e-09,1.7752477598284839e-06,1.2455812552934553e-14,1.8,1.4204519835280849,1.0012583106903648,-9.845262573394875e-09,-0.04668102125877037,0.575161064985797,0.00010095090948420362,0.11792912792405827,0.0028858494717770413,0.1697975012181926,6.537777334430116,0.2664111156271828,13.83422448559687,0.123077745690979,7.058017226737915,0.1367766678799356,7.068760131083844,0.123077745690979,0.10840647102733532,0.013698922188956603,0.0,9.306793120309466,1.4859768796905362,1.5943833507178702,1.0012565354426017,-9.845250117582325e-09,0.9999999999999913,0.0,0.0,0.0,0.0,0.0,1.0012565354426017,-9.845250117582325e-09,1.775247763013965e-06,1.2455812550346589e-14
10.8033,1.8,0.02933565,0.2677308,0.1130166,-0.0021944826561796265,1.8,-0.015544387068108956,-0.046111272972281105,0.5725215919091886,1.8,-0.014699623806925572,-0.04716046882422031,0.5773822018819661,-0.04716046882422031,0.5773822018819661,0.0,0.0,0.0,-0.04716046882422031,0.5773822018819661,0.0,0.0,1.8,1.420204637926602,1.0012435085902076,-9.845117025903306e-09,-0.04666840749315989,0.5751026291896503,0.00010091187207677437,0.1148105624423948,0.002888029914653523,0.1697985688146143,6.537804556025105,0.2664110522815427,13.83428402100833,0.1697985688146143,0.1495578756122324,0.09661248346692844,0.0,9.306784287525446,1.4865157124745536,1.6360735880867856,1.0012417333424475,-9.845104570089624e-09,0.9999999999999946,0.0,0.0,0.0,0.0,0.0,1.0012417333424475,-9.845104570089624e-09,1.7752477600270153e-06,1.2455813682481445e-14,1.8,1.4204944310179046,1.0012581225141013,-9.845260723078614e-09,-0.046668409241907315,0.5751026372910741,0.00010095090948420353,0.11607416766275001,0.00288584947177704,0.1697975012181926,6.537777334430116,0.2664111156271828,13.83422448559687,0.123077745690979,7.058017226737915,0.13677666787993556,7.0687601310838435,0.123077745690979,0.10840647102733525,0.013698922188956589,0.0,9.306793120309461,1.4865068796905423,1.5949133507178765,1.0012563472663387,-9.845248267264934e-09,0.9999999999999915,0.0,0.0,0.0,0.0,0.0,1.0012563472663387,-9.845248267264934e-09,1.7752477628923115e-06,1.2455813678580944e-14
10.80372,1.8,0.03201502,0.2701145,0.1060743,-0.00023800883145946514,1.8,-0.015706492007699746,-0.04607423256252791,0.5723499947905865,1.8,-0.014884946270115301,-0.04721354166975188,0.5776280724711393,-0.04721354166975188,0.5776280724711393,0.0,0.0,0.0,-0.04721354166975188,0.5776280724711393,0.0,0.0,1.8,1.4202366199561272,1.0012433594693952,-9.845115559614902e-09,-0.04667035671200887,0.5751116593364617,0.00010091187207677434,0.1132328536795727,0.0028880299146535225,0.1697985688146143,6.537804556025105,0.2664110522815427,13.83428402100833,0.1697985688146143,0.14955787561223233,0.09661248346692844,0.0,9.306784287525442,1.4869357124745577,1.6364935880867897,1.0012415842216351,-9.845103103800372e-09,0.9999999999999946,0.0,0.0,0.0,0.0,0.0,1.0012415842216351,-9.845103103800372e-09,1.775247760153889e-06,1.2455814530400747e-14,1.8,1.420523278015893,1.001257973393289,-9.845259256790209e-09,-0.046670357549189294,0.5751116632148677,0.00010095090948420343,0.11416805613003579,0.0028858494717770387,0.1697975012181926,6.537777334430116,0.2664111156271828,13.83422448559687,0.123077745690979,7.058017226737914,0.13677666787993553,7.0687601310838435,0.123077745690979,0.1084064710273352,0.013698922188956577,0.0,9.306793120309456,1.4869268796905468,1.5953333507178813,1.0012561981455264,-9.845246800975682e-09,0.9999999999999916,0.0,0.0,0.0,0.0,0.0,1.0012561981455264,-9.845246800975682e-09,1.775247762765441e-06,1.245581452600693e-14
10.80406,1.8,0.03416687,0.2716565,0.1001395,0.0013458033123592526,1.8,-0.015834891202518794,-0.046150265591959255,0.5727022330313601,1.8,-0.01502777712554931,-0.04710554127156563,0.5771277389904858,-0.04710554127156563,0.5771277389904858,0.0,0.0,0.0,-0.04710554127156563,0.5771277389904858,0.0,0.0,1.8,1.4202625101705046,1.0012432387525472,-9.845114372619529e-09,-0.04667193465107709,0.575118969455309,0.00010091187207677432,0.11195566087157574,0.0028880299146535216,0.1697985688146143,6.537804556025105,0.2664110522815427,13.83428402100833,0.1697985688146143,0.14955787561223224,0.09661248346692844,0.0,9.306784287525439,1.4872757124745606,1.6368335880867926,1.001241463504787,-9.845101916804312e-09,0.9999999999999946,0.0,0.0,0.0,0.0,0.0,1.001241463504787,-9.845101916804312e-09,1.7752477602565961e-06,1.2455815216811611e-14,1.8,1.4205466303475978,1.0012578526764406,-9.845258069794834e-09,-0.04667193475032232,0.5751189699150817,0.00010095090948420336,0.112625013460698,0.002885849471777038,0.1697975012181926,6.537777334430116,0.2664111156271828,13.83422448559687,0.123077745690979,7.058017226737914,0.13677666787993553,7.068760131083843,0.123077745690979,0.10840647102733514,0.013698922188956568,0.0,9.306793120309452,1.48726687969055,1.5956733507178846,1.0012560774286785,-9.84524561397962e-09,0.9999999999999916,0.0,0.0,0.0,0.0,0.0,1.0012560774286785,-9.84524561397962e-09,1.7752477626627362e-06,1.2455815212018442e-14
10.80432,1.8,0.03589227,0.272673,0.09523685,0.002556953775284804,1.8,-0.015933078822086735,-0.04620840849681878,0.5729715916860707,1.8,-0.01513700072088168,-0.047022952731775786,0.5767451310346902,-0.047022952731775786,0.5767451310346902,0.0,0.0,0.0,-0.047022952731775786,0.5767451310346902,0.0,0.0,1.8,1.4202823085697345,1.0012431464396634,-9.845113464917184e-09,-0.04667314131036456,0.5751245595461923,0.0001009118720767743,0.11097898401839729,0.002888029914653521,0.1697985688146143,6.537804556025105,0.2664110522815427,13.83428402100833,0.1697985688146143,0.1495578756122322,0.09661248346692844,0.0,9.306784287525435,1.4875357124745638,1.6370935880867958,1.0012413711919033,-9.845101009101442e-09,0.9999999999999946,0.0,0.0,0.0,0.0,0.0,1.0012413711919033,-9.845101009101442e-09,1.775247760335137e-06,1.2455815741714037e-14,1.8,1.4205644880130193,1.0012577603635566,-9.845257162092487e-09,-0.0466731408453064,0.5751245573917159,0.00010095090948420331,0.1114450396547286,0.002885849471777037,0.1697975012181926,6.537777334430116,0.2664111156271828,13.83422448559687,0.123077745690979,7.058017226737914,0.1367766678799355,7.068760131083843,0.123077745690979,0.1084064710273351,0.013698922188956561,0.0,9.306793120309448,1.4875268796905534,1.5959333507178883,1.0012559851157947,-9.84524470627675e-09,0.9999999999999917,0.0,0.0,0.0,0.0,0.0,1.0012559851157947,-9.84524470627675e-09,1.7752477625841971e-06,1.2455815736615481e-14
10.804540000000001,1.8,0.03734466,0.3009326,0.1097348,0.003581773397759634,1.8,-0.016016160654028787,-0.04625760633939219,0.5731995105477486,1.8,-0.01522942068616286,-0.04695307012118442,0.5764213858413249,-0.04695307012118442,0.5764213858413249,0.0,0.0,0.0,-0.04695307012118442,0.5764213858413249,0.0,0.0,1.8,1.4202953839165882,1.0012430683287619,-9.845112696861256e-09,-0.046673322894231095,0.5751254007698314,0.00010091187207677429,0.10992758518676772,0.0028880299146535207,0.1697985688146143,6.537804556025105,0.2664110522815427,13.83428402100833,0.1697985688146143,0.14955787561223216,0.09661248346692844,0.0,9.306784287525433,1.4877557124745666,1.6373135880867986,1.0012412930810017,-9.845100241045167e-09,0.9999999999999946,0.0,0.0,0.0,0.0,0.0,1.0012412930810017,-9.845100241045167e-09,1.7752477603877738e-06,1.2455816088066267e-14,1.8,1.4205754159287283,1.0012576822526549,-9.84525639403656e-09,-0.04667332279763589,0.5751254003223332,0.00010095090948420328,0.11019120330078937,0.0028858494717770365,0.1697975012181926,6.537777334430116,0.2664111156271828,13.83422448559687,0.123077745690979,7.058017226737914,0.1367766678799355,7.068760131083843,0.123077745690979,0.10840647102733508,0.013698922188956554,0.0,9.306793120309447,1.4877468796905562,1.596153350717891,1.001255907004893,-9.845243938220477e-09,0.9999999999999918,0.0,0.0,0.0,0.0,0.0,1.001255907004893,-9.845243938220477e-09,1.7752477625507146e-06,1.2455816082537357e-14
10.804780000000001,1.8,0.03917221,0.348874,0.1369407,0.004699758440455686,1.8,-0.01610679537978345,-0.04631127671310845,0.573448149305942,1.8,-0.015330242466469263,-0.0468768345459941,0.5760682092667456,-0.0468768345459941,0.5760682092667456,0.0,0.0,0.0,-0.0468768345459941,0.5760682092667456,0.0,0.0,1.8,1.4203085488108735,1.001242983116869,-9.845111858982032e-09,-0.04667327007344628,0.5751251560669642,0.00010091187207677426,0.1087133567955091,0.0028880299146535203,0.1697985688146143,6.537804556025105,0.2664110522815427,13.83428402100833,0.1697985688146143,0.14955787561223213,0.09661248346692844,0.0,9.306784287525431,1.487995712474569,1.637553588086801,1.0012412078691089,-9.845099403165595e-09,0.9999999999999946,0.0,0.0,0.0,0.0,0.0,1.0012412078691089,-9.845099403165595e-09,1.7752477604410644e-06,1.2455816436673263e-14,1.8,1.4205860839532118,1.001257597040762,-9.845255556157335e-09,-0.046673269992283266,0.5751251556909583,0.00010095090948420325,0.10874684741791615,0.0028858494717770356,0.1697975012181926,6.537777334430116,0.2664111156271828,13.83422448559687,0.123077745690979,7.058017226737914,0.1367766678799355,7.0687601310838435,0.123077745690979,0.10840647102733506,0.013698922188956545,0.0,9.306793120309445,1.4879868796905587,1.5963933507178936,1.001255821793,-9.845243100340905e-09,0.9999999999999918,0.0,0.0,0.0,0.0,0.0,1.001255821793,-9.845243100340905e-09,1.7752477625240692e-06,1.2455816430548786e-14
10.80509,1.8,0.04194795,0.4247169,0.1800073,0.006143822453934295,1.8,-0.016223865233882914,-0.04638060094582512,0.5737693077019409,1.8,-0.01546047059936469,-0.04677836359470686,0.5756120228579155,-0.04677836359470686,0.5756120228579155,0.0,0.0,0.0,-0.04677836359470686,0.5756120228579155,0.0,0.0,1.8,1.4203255534659922,1.0012428730515077,-9.845110776721368e-09,-0.046673201846599226,0.5751248399924274,0.00010091187207677423,0.10714497845680417,0.0028880299146535194,0.1697985688146143,6.5378045560251055,0.2664110522815427,13.83428402100833,0.1697985688146143,0.14955787561223208,0.09661248346692844,0.0,9.306784287525428,1.488305712474571,1.637863588086803,1.0012410978037476,-9.845098320904482e-09,0.9999999999999946,0.0,0.0,0.0,0.0,0.0,1.0012410978037476,-9.845098320904482e-09,1.7752477605098984e-06,1.2455816886957302e-14,1.8,1.4205998634848365,1.0012574869754005,-9.845254473896671e-09,-0.04667320178536946,0.5751248397087659,0.00010095090948420323,0.1068812210692098,0.0028858494717770343,0.1697975012181926,6.537777334430116,0.2664111156271828,13.83422448559687,0.123077745690979,7.058017226737915,0.1367766678799355,7.0687601310838435,0.123077745690979,0.10840647102733503,0.013698922188956535,0.0,9.306793120309441,1.4882968796905607,1.5967033507178956,1.0012557117276384,-9.845242018079792e-09,0.9999999999999919,0.0,0.0,0.0,0.0,0.0,1.0012557117276384,-9.845242018079792e-09,1.7752477624896522e-06,1.2455816880063546e-14
10.80518,1.8,0.0429008,0.4483147,0.1934077,0.00656306684494635,1.8,-0.016257853256040997,-0.04640072733596877,0.5738625472362636,1.8,-0.015498278766979685,-0.04674977525401042,0.5754795816424478,-0.04674977525401042,0.5754795816424478,0.0,0.0,0.0,-0.04674977525401042,0.5754795816424478,0.0,0.0,1.8,1.4203304903013492,1.0012428410970478,-9.84511046251666e-09,-0.046673182038804925,0.5751247482288521,0.00010091187207677422,0.10668964281008106,0.002888029914653519,0.1697985688146143,6.5378045560251055,0.2664110522815427,13.83428402100833,0.1697985688146143,0.14955787561223208,0.09661248346692844,0.0,9.306784287525428,1.4883957124745724,1.6379535880868044,1.0012410658492876,-9.845098006699641e-09,0.9999999999999946,0.0,0.0,0.0,0.0,0.0,1.0012410658492876,-9.845098006699641e-09,1.7752477605298822e-06,1.2455817017684925e-14,1.8,1.420603863994018,1.0012574550209408,-9.845254159691963e-09,-0.046673181983362226,0.5751247479720004,0.00010095090948420321,0.10633958761313102,0.002885849471777034,0.1697975012181926,6.537777334430116,0.2664111156271828,13.83422448559687,0.123077745690979,7.058017226737915,0.1367766678799355,7.0687601310838435,0.123077745690979,0.10840647102733501,0.013698922188956532,0.0,9.306793120309441,1.488386879690562,1.5967933507178969,1.0012556797731786,-9.845241703874952e-09,0.9999999999999919,0.0,0.0,0.0,0.0,0.0,1.0012556797731786,-9.845241703874952e-09,1.7752477624796601e-06,1.2455817010567832e-14
10.805250000000001,1.8,0.04369211,0.4590675,0.1986546,0.00688914581573718,1.8,-0.016284288384386468,-0.04641638119496956,0.573935066874071,1.8,-0.015527685119569456,-0.046727539877912935,0.5753765718081942,-0.046727539877912935,0.5753765718081942,0.0,0.0,0.0,-0.046727539877912935,0.5753765718081942,0.0,0.0,1.8,1.4203343300621825,1.0012428162435791,-9.845110218135219e-09,-0.04667316663274269,0.5751246768571825,0.00010091187207677421,0.10633549286262575,0.002888029914653519,0.1697985688146143,6.5378045560251055,0.2664110522815427,13.83428402100833,0.1697985688146143,0.14955787561223208,0.09661248346692844,0.0,9.306784287525426,1.488465712474574,1.638023588086806,1.001241040995819,-9.8450977623181e-09,0.9999999999999946,0.0,0.0,0.0,0.0,0.0,1.001241040995819,-9.8450977623181e-09,1.7752477605454255e-06,1.2455817119361966e-14,1.8,1.420606975501159,1.001257430167472,-9.845253915310522e-09,-0.04667316658180104,0.5751246766211827,0.00010095090948420321,0.10591831714728721,0.002885849471777034,0.1697975012181926,6.537777334430116,0.2664111156271828,13.83422448559687,0.123077745690979,7.058017226737915,0.1367766678799355,7.0687601310838435,0.123077745690979,0.10840647102733501,0.013698922188956528,0.0,9.30679312030944,1.4884568796905635,1.5968633507178984,1.00125565491971,-9.84524145949341e-09,0.999999999999992,0.0,0.0,0.0,0.0,0.0,1.00125565491971,-9.84524145949341e-09,1.7752477624718886e-06,1.2455817112071164e-14
10.8054,1.8,0.04527096,0.4622275,0.1968533,0.0075878864674211784,1.8,-0.016337601539834063,-0.046441303665825794,0.5740505252131086,1.8,-0.015590698732260865,-0.046679892643419055,0.5751558364490825,-0.046679892643419055,0.5751558364490825,0.0,0.0,0.0,-0.046679892643419055,0.5751558364490825,0.0,0.0,1.8,1.4203425581211109,1.0012427629861462,-9.845109694460704e-09,-0.04667313361975218,0.5751245239178905,0.0001009118720767742,0.10557660011809024,0.0028880299146535186,0.1697985688146143,6.5378045560251055,0.2664110522815427,13.83428402100833,0.1697985688146143,0.14955787561223205,0.09661248346692844,0.0,9.306784287525424,1.4886157124745751,1.6381735880868071,1.001240987738386,-9.845097238643368e-09,0.9999999999999946,0.0,0.0,0.0,0.0,0.0,1.001240987738386,-9.845097238643368e-09,1.775247760578732e-06,1.245581733724134e-14,1.8,1.420613643016461,1.001257376910039,-9.845253391636007e-09,-0.04667313357845565,0.5751245237265735,0.0001009509094842032,0.10501559472049278,0.0028858494717770335,0.1697975012181926,6.537777334430116,0.2664111156271828,13.83422448559687,0.123077745690979,7.058017226737915,0.1367766678799355,7.068760131083844,0.123077745690979,0.108406471027335,0.013698922188956523,0.0,9.306793120309438,1.4886068796905647,1.5970133507178996,1.001255601662277,-9.845240935818678e-09,0.999999999999992,0.0,0.0,0.0,0.0,0.0,1.001255601662277,-9.845240935818678e-09,1.775247762455235e-06,1.2455817329578307e-14
10.80546,1.8,0.04593038,0.463543,0.1961033,0.007867382728093125,1.8,-0.01635832226008131,-0.0464497091351433,0.5740894652336158,1.8,-0.015615904177337278,-0.046660833749621614,0.5750675423054384,-0.046660833749621614,0.5750675423054384,0.0,0.0,0.0,-0.046660833749621614,0.5750675423054384,0.0,0.0,1.8,1.420345849344682,1.001242741683173,-9.845109484990899e-09,-0.04667312041455597,0.5751244627421737,0.0001009118720767742,0.10527304302027783,0.002888029914653518,0.1697985688146143,6.5378045560251055,0.2664110522815427,13.83428402100833,0.1697985688146143,0.14955787561223205,0.09661248346692844,0.0,9.306784287525424,1.4886757124745753,1.6382335880868073,1.001240966435413,-9.845097029173475e-09,0.9999999999999946,0.0,0.0,0.0,0.0,0.0,1.001240966435413,-9.845097029173475e-09,1.7752477605920548e-06,1.245581742439309e-14,1.8,1.4206163100225822,1.0012573556070656,-9.845253182166202e-09,-0.046673120377117495,0.5751244625687298,0.00010095090948420319,0.10465450574977714,0.002885849471777033,0.1697975012181926,6.537777334430116,0.2664111156271828,13.83422448559687,0.123077745690979,7.058017226737915,0.1367766678799355,7.068760131083844,0.123077745690979,0.10840647102733499,0.013698922188956521,0.0,9.306793120309438,1.4886668796905649,1.5970733507178998,1.0012555803593037,-9.845240726348785e-09,0.999999999999992,0.0,0.0,0.0,0.0,0.0,1.0012555803593037,-9.845240726348785e-09,1.7752477624485738e-06,1.2455817416581164e-14
10.805589999999999,1.8,0.04734956,0.4663659,0.1944942,0.008472957959547623,1.8,-0.01640321715395024,-0.046467920985331194,0.5741738352780479,1.8,-0.015668832359495184,-0.04663380946570939,0.5749423468963561,-0.04663380946570939,0.5749423468963561,0.0,0.0,0.0,-0.04663380946570939,0.5749423468963561,0.0,0.0,1.8,1.4203529803290866,1.001242695526731,-9.845109031139652e-09,-0.04667309180329753,0.5751243301947873,0.00010091187207677418,0.10461533597501911,0.002888029914653518,0.1697985688146143,6.5378045560251055,0.2664110522815427,13.83428402100833,0.1697985688146143,0.14955787561223202,0.09661248346692844,0.0,9.306784287525423,1.4888057124745753,1.6383635880868073,1.001240920278971,-9.84509657532204e-09,0.9999999999999946,0.0,0.0,0.0,0.0,0.0,1.001240920278971,-9.84509657532204e-09,1.7752477606209205e-06,1.245581761322188e-14,1.8,1.420622088535844,1.0012573094506239,-9.845252728314956e-09,-0.04667309177421816,0.5751243300600685,0.00010095090948420317,0.10387214631322839,0.0028858494717770326,0.1697975012181926,6.537777334430116,0.2664111156271828,13.83422448559687,0.123077745690979,7.058017226737915,0.1367766678799355,7.068760131083844,0.123077745690979,0.10840647102733497,0.013698922188956518,0.0,9.306793120309436,1.4887968796905648,1.5972033507178998,1.0012555342028617,-9.84524027249735e-09,0.9999999999999921,0.0,0.0,0.0,0.0,0.0,1.0012555342028617,-9.84524027249735e-09,1.7752477624341408e-06,1.2455817605087353e-14
10.80601,1.8,0.05192581,0.4744709,0.1883037,0.010429431784276058,1.8,-0.0165482621956828,-0.0465267592705545,0.5744464154216017,1.8,-0.015828713080375083,-0.04664073435178207,0.574974427818372,-0.04664073435178207,0.574974427818372,0.0,0.0,0.0,-0.04664073435178207,0.574974427818372,0.0,0.0,1.8,1.4203760188940862,1.001242546405919,-9.84510756485101e-09,-0.04667299936692411,0.5751239019647696,0.00010091187207677414,0.10249043629030528,0.002888029914653517,0.1697985688146143,6.537804556025106,0.2664110522815427,13.83428402100833,0.1697985688146143,0.14955787561223197,0.09661248346692844,0.0,9.306784287525419,1.4892257124745816,1.6387835880868136,1.0012407711581588,-9.845095109032788e-09,0.9999999999999946,0.0,0.0,0.0,0.0,0.0,1.0012407711581588,-9.845095109032788e-09,1.7752477607141792e-06,1.2455818223284124e-14,1.8,1.4206407575786903,1.0012571603298113,-9.845251262026314e-09,-0.046672999364851066,0.5751239019551626,0.00010095090948420315,0.1013445235181869,0.0028858494717770313,0.1697975012181926,6.537777334430116,0.2664111156271828,13.83422448559687,0.123077745690979,7.058017226737916,0.1367766678799355,7.068760131083844,0.123077745690979,0.10840647102733494,0.013698922188956502,0.0,9.306793120309433,1.4892168796905711,1.597623350717906,1.0012553850820491,-9.8452388062081e-09,0.9999999999999922,0.0,0.0,0.0,0.0,0.0,1.0012553850820491,-9.8452388062081e-09,1.7752477623875114e-06,1.2455818214107353e-14
10.80686,1.8,0.06126397,0.4878385,0.1731765,0.015146931707873306,1.8,-0.01684180573252114,-0.0466458367525535,0.5749980657121248,1.8,-0.016152281205963837,-0.04665474900216719,0.5750393534938801,-0.04665474900216719,0.5750393534938801,0.0,0.0,0.0,-0.04665474900216719,0.5750393534938801,0.0,0.0,1.8,1.4204539851877744,1.001242244613799,-9.845104597361868e-09,-0.04667292072665401,0.5751235376479638,0.00010091187207677405,0.10139785655846242,0.0028880299146535147,0.1697985688146143,6.5378045560251055,0.2664110522815427,13.83428402100833,0.1697985688146143,0.14955787561223183,0.09661248346692843,0.0,9.30678428752541,1.4900757124745905,1.6396335880868225,1.0012404693660384,-9.845092141542636e-09,0.9999999999999946,0.0,0.0,0.0,0.0,0.0,1.0012404693660384,-9.845092141542636e-09,1.775247760793519e-06,1.2455819230809015e-14,1.8,1.4207175039392064,1.0012568585376909,-9.84524829453717e-09,-0.04667292072670449,0.5751235376481956,0.00010095090948420305,0.10018819119816587,0.0028858494717770287,0.1697975012181926,6.537777334430116,0.2664111156271828,13.83422448559687,0.123077745690979,7.058017226737916,0.13677666787993548,7.068760131083845,0.123077745690979,0.10840647102733485,0.013698922188956476,0.0,9.306793120309424,1.4900668796905778,1.5984733507179127,1.0012550832899287,-9.84523583871795e-09,0.9999999999999925,0.0,0.0,0.0,0.0,0.0,1.0012550832899287,-9.84523583871795e-09,1.775247762285927e-06,1.245581922034083e-14
10.808309999999999,1.8,0.07760441,0.4967837,0.1356255,0.025133941932576735,1.8,-0.017310894030743092,-0.04668891668960217,0.5751976421508397,1.8,-0.016672033055846636,-0.046668195755209224,0.5751016482711778,-0.046668195755209224,0.5751016482711778,0.0,0.0,0.0,-0.046668195755209224,0.5751016482711778,0.0,0.0,1.8,1.42061155907458,1.001241729791947,-9.84509953517417e-09,-0.04667292072667308,0.5751235376480506,0.00010091187207677388,0.1022126713395704,0.0028880299146535108,0.1697985688146143,6.537804556025105,0.2664110522815427,13.83428402100833,0.1697985688146143,0.14955787561223158,0.09661248346692841,0.0,9.306784287525398,1.4915257124746044,1.6410835880868362,1.001239954544186,-9.845087079353555e-09,0.9999999999999947,0.0,0.0,0.0,0.0,0.0,1.001239954544186,-9.845087079353555e-09,1.7752477608376933e-06,1.2455820614722793e-14,1.8,1.4208837845173514,1.0012563437158382,-9.84524323234947e-09,-0.046672920726675476,0.5751235376480635,0.00010095090948420289,0.10193374375495327,0.0028858494717770244,0.1697975012181926,6.537777334430117,0.2664111156271828,13.83422448559687,0.12307774569097898,7.058017226737915,0.1367766678799354,7.068760131083844,0.12307774569097898,0.10840647102733468,0.013698922188956434,0.0,9.30679312030941,1.4915168796905864,1.5999233507179211,1.0012545684680765,-9.845230776528867e-09,0.9999999999999927,0.0,0.0,0.0,0.0,0.0,1.0012545684680765,-9.845230776528867e-09,1.7752477620374598e-06,1.2455820603277567e-14
10.81033,1.8,0.09996337,0.4804441,0.06477937,0.039046880314604376,1.8,-0.017617684304799753,-0.04662563476550723,0.5749044759600067,1.8,-0.015946745354344753,-0.061240977675104974,0.6828715137876786,-0.061240977675104974,0.6828715137876786,0.0,0.0,0.0,-0.061240977675104974,0.6828715137876786,0.0,0.0,1.8,1.4206921425922803,1.0012410125918505,-9.845092483022435e-09,-0.05018712931723858,0.5914038129561836,0.0001009118720767736,0.09096383179869502,0.002888029914653505,0.1697985688146143,6.537804556025106,0.2664110522815427,13.83428402100833,0.1697985688146143,0.1495578756122312,0.09661248346692841,0.0,9.306784287525367,1.493545712474634,1.6431035880868659,1.0012392373440884,-9.845080027200492e-09,0.9999999999999952,0.0,0.0,0.0,0.0,0.0,1.0012392373440884,-9.845080027200492e-09,1.775247762498298e-06,1.245582194364718e-14,1.8,1.4209820618852476,1.0012556265157404,-9.845236180197772e-09,-0.050187117381741295,0.5914037576626028,0.0001009509094842028,0.09224886841101665,0.002885849471777027,0.1697975012181926,6.537777334430117,0.2664111156271828,13.83422448559687,0.123077745690979,7.058017226737915,0.1367766678799354,7.068760131083845,0.123077745690979,0.1084064710273347,0.01369892218895646,0.0,9.306793120309417,1.4935368796905824,1.6019433507179173,1.0012538512679794,-9.845223724375802e-09,0.9999999999999942,0.0,0.0,0.0,0.0,0.0,1.0012538512679794,-9.845223724375802e-09,1.775247761495442e-06,1.2455821969583645e-14
10.81058,1.8,0.1027353,0.4984186,0.07410548,0.040768778629206304,1.8,-0.01769085307315708,-0.04589463788743147,0.5715179864794417,1.8,-0.015935087167869927,-0.038881748264002154,0.8969930556512519,-0.038881748264002154,0.8969930556512519,0.0,0.0,0.0,-0.038881748264002154,0.8969930556512519,0.0,0.0,1.8,1.4207052363272967,1.001240923829462,-9.845091610231333e-09,-0.053080143238764727,0.6055626660880078,0.0001009118720767736,0.09001278660328456,0.002888029914653504,0.1697985688146143,6.537804556025106,0.2664110522815427,13.83428402100833,0.1697985688146143,0.1495578756122313,0.09661248346692841,0.0,9.306784287525375,1.4937957124746295,1.6433535880868604,1.0012391485817,-9.845079154409269e-09,0.9999999999999953,0.0,0.0,0.0,0.0,0.0,1.0012391485817,-9.845079154409269e-09,1.7752477623379134e-06,1.2455822064518953e-14,1.8,1.4209919964409223,1.001255537753351,-9.845235307406668e-09,-0.05307878640291416,0.6055559588203304,0.0001009509094842028,0.0909551393131171,0.002885849471777028,0.1697975012181926,6.537777334430117,0.2664111156271828,13.83422448559687,0.123077745690979,7.058017226737915,0.1367766678799354,7.068760131083845,0.123077745690979,0.1084064710273347,0.01369892218895646,0.0,9.30679312030942,1.4937868796905795,1.6021933507179147,1.0012537625055908,-9.84522285158458e-09,0.9999999999999942,0.0,0.0,0.0,0.0,0.0,1.0012537625055908,-9.84522285158458e-09,1.7752477603295953e-06,1.2455822087679985e-14
10.81077,1.8,0.1049828,0.5777605,0.138715,0.04207742134830622,1.8,-0.017728895268028483,-0.039835149346462935,0.5434461918972161,1.8,-0.015919245340927694,-0.05460933823812248,0.6991350710585311,-0.05460933823812248,0.6991350710585311,0.0,0.0,0.0,-0.05460933823812248,0.6991350710585311,0.0,0.0,1.8,1.4207210884536843,1.001240856370047,-9.845090946910091e-09,-0.06616196874726989,0.7546485625192366,0.0001009118720767736,0.08988802501302298,0.0028880299146535017,0.1697985688146143,6.537804556025106,0.2664110522815427,13.83428402100833,0.1697985688146143,0.14955787561223122,0.09661248346692841,0.0,9.306784287525376,1.4939857124746223,1.6435435880868539,1.0012390811222844,-9.845078491087941e-09,0.9999999999999952,0.0,0.0,0.0,0.0,0.0,1.0012390811222844,-9.845078491087941e-09,1.7752477619803408e-06,1.2455822150041067e-14,1.8,1.4210070432196393,1.0012554702939358,-9.845234644085426e-09,-0.06616325813964813,0.7546279010370494,0.0001009509094842028,0.09073318458688119,0.002885849471777028,0.1697975012181926,6.537777334430117,0.2664111156271828,13.83422448559687,0.123077745690979,7.058017226737915,0.1367766678799354,7.068760131083845,0.123077745690979,0.1084064710273347,0.01369892218895648,0.0,9.30679312030942,1.49397687969058,1.6023833507179148,1.0012536950461757,-9.845222188263253e-09,0.9999999999999941,0.0,0.0,0.0,0.0,0.0,1.0012536950461757,-9.845222188263253e-09,1.775247759905341e-06,1.2455822174283972e-14
10.810830000000001,1.8,0.1057683,0.603374,0.1595725,0.04249067694382047,1.8,-0.01773648065523326,-0.03682173747827119,0.5294859577316435,1.8,-0.01589309622525517,0.0035864149230206976,0.4136657604921491,0.0035864149230206976,0.4136657604921491,0.0,0.0,0.0,0.0035864149230206976,0.4136657604921491,0.0,0.0,1.8,1.4207256773359063,1.0012408350670736,-9.845090737440225e-09,-0.06737123135139181,0.8114782657351451,0.0001009118720767736,0.08980737349035044,0.002888029914653501,0.1697985688146143,6.537804556025106,0.2664110522815427,13.83428402100833,0.1697985688146143,0.1495578756122312,0.09661248346692841,0.0,9.306784287525376,1.4940457124746214,1.6436035880868534,1.0012390598193115,-9.845078281618048e-09,0.9999999999999952,0.0,0.0,0.0,0.0,0.0,1.0012390598193115,-9.845078281618048e-09,1.7752477618811469e-06,1.2455822176806903e-14,1.8,1.4210107048476013,1.0012554489909626,-9.845234434615562e-09,-0.06737516292465959,0.8114530994553684,0.0001009509094842028,0.09055555748082711,0.002885849471777028,0.1697975012181926,6.537777334430117,0.2664111156271828,13.83422448559687,0.123077745690979,7.058017226737915,0.1367766678799354,7.068760131083845,0.123077745690979,0.1084064710273347,0.013698922188956478,0.0,9.30679312030942,1.4940368796905812,1.602443350717916,1.0012536737432027,-9.84522197879336e-09,0.9999999999999941,0.0,0.0,0.0,0.0,0.0,1.0012536737432027,-9.84522197879336e-09,1.7752477599166293e-06,1.245582220145137e-14
10.810970000000001,1.8,0.1076865,0.6542591,0.2002748,0.04345494,1.8,-0.017711823930987546,-0.02063271431087903,0.46826518649017534,1.8,-0.015540947979613721,0.12077039333710429,0.22053424176245096,0.12077039333710429,0.22053424176245096,0.0,0.0,0.0,0.12077039333710429,0.22053424176245096,0.0,0.0,1.8,1.420740927457083,1.0012407853601355,-9.845090248677202e-09,-0.04377602111578585,0.9408744739432409,0.0001009118720767736,0.09007207105433741,0.0028880299146535,0.1697985688146143,6.537804556025106,0.2664110522815427,13.83428402100833,0.1697985688146143,0.1495578756122312,0.09661248346692841,0.0,9.306784287525373,1.4941857124746278,1.6437435880868598,1.0012390101123745,-9.845077792854964e-09,0.9999999999999949,0.0,0.0,0.0,0.0,0.0,1.0012390101123745,-9.845077792854964e-09,1.7752477614709644e-06,1.2455822237928877e-14,1.8,1.421009848606235,1.0012553992840254,-9.845233945852535e-09,-0.04378501786933706,0.9408413469896821,0.0001009509094842028,0.08921403200362234,0.002885849471777027,0.1697975012181926,6.537777334430117,0.2664111156271828,13.83422448559687,0.123077745690979,7.058017226737915,0.1367766678799354,7.068760131083845,0.123077745690979,0.1084064710273347,0.01369892218895646,0.0,9.306793120309418,1.4941768796905797,1.6025833507179146,1.0012536240362644,-9.845221490030276e-09,0.999999999999994,0.0,0.0,0.0,0.0,0.0,1.0012536240362644,-9.845221490030276e-09,1.775247760121712e-06,1.2455822259514982e-14
10.81115,1.8,0.1102603,0.6772735,0.2144026,0.045296652765942365,1.8,-0.017551445791550734,0.02457749089662165,0.35291097890852713,1.8,-0.015041379549707011,0.07137754536674486,0.25968919719159567,0.07137754536674486,0.25968919719159567,0.0,0.0,0.0,0.07137754536674486,0.25968919719159567,0.0,0.0,1.8,1.420754023219281,1.0012407214512153,-9.845089620267598e-09,0.05945822721570889,0.28616305618858234,0.0001009118720767735,0.08976204838284985,0.0028880299146534965,0.1697985688146143,6.537804556025106,0.2664110522815427,13.83428402100833,0.1697985688146143,0.1495578756122312,0.09661248346692841,0.0,9.30678428752537,1.4943657124746295,1.6439235880868603,1.0012389462034545,-9.845077164445285e-09,0.9999999999999944,0.0,0.0,0.0,0.0,0.0,1.0012389462034545,-9.845077164445285e-09,1.775247761015564e-06,1.2455822313398882e-14,1.8,1.4210164077324337,1.0012553353751061,-9.84523331744293e-09,0.05946249541485841,0.2861495537466977,0.0001009509094842028,0.08827545590689732,0.0028858494717770287,0.1697975012181926,6.537777334430117,0.2664111156271828,13.83422448559687,0.123077745690979,7.058017226737915,0.1367766678799354,7.068760131083844,0.123077745690979,0.1084064710273348,0.01369892218895648,0.0,9.306793120309418,1.4943568796905842,1.602763350717919,1.0012535601273451,-9.845220861620595e-09,0.9999999999999941,0.0,0.0,0.0,0.0,0.0,1.0012535601273451,-9.845220861620595e-09,1.775247760793519e-06,1.2455822333993003e-14
10.8113,1.8,0.1125732,0.697412,0.226765,0.04683141340423676,1.8,-0.01724688909909469,0.09257853709450864,0.23866159696260397,1.8,-0.014701613063378333,0.06277903012829081,0.27589376244706015,0.06277903012829081,0.27589376244706015,0.0,0.0,0.0,0.06277903012829081,0.27589376244706015,0.0,0.0,1.8,1.4207640105921848,1.0012406681937824,-9.845089096592924e-09,0.07071766263894476,0.26093279709542133,0.0001009118720767735,0.08941724943124961,0.002888029914653499,0.1697985688146143,6.537804556025106,0.2664110522815427,13.83428402100833,0.1697985688146143,0.1495578756122312,0.09661248346692841,0.0,9.306784287525378,1.494515712474619,1.64407358808685,1.0012388929460214,-9.845076640770554e-09,0.9999999999999946,0.0,0.0,0.0,0.0,0.0,1.0012388929460214,-9.845076640770554e-09,1.775247761015564e-06,1.2455822371213955e-14,1.8,1.4210209748554128,1.0012552821176735,-9.845232793768256e-09,0.07071935414034958,0.2609296093305425,0.0001009509094842028,0.08741358218592553,0.002885849471777027,0.1697975012181926,6.537777334430117,0.2664111156271828,13.83422448559687,0.123077745690979,7.058017226737915,0.1367766678799354,7.068760131083845,0.123077745690979,0.1084064710273347,0.01369892218895646,0.0,9.306793120309413,1.4945068796905823,1.6029133507179172,1.0012535068699124,-9.845220337945864e-09,0.999999999999994,0.0,0.0,0.0,0.0,0.0,1.0012535068699124,-9.845220337945864e-09,1.775247761306077e-06,1.2455822391227644e-14
10.811449999999999,1.8,0.1147015,0.7035425,0.2275114,0.04836617404253115,1.8,-0.016846967213169646,0.0811552051531722,0.24619131933266653,1.8,-0.014383828040772807,0.07012261526975387,0.2620542097645558,0.07012261526975387,0.2620542097645558,0.0,0.0,0.0,0.07012261526975387,0.2620542097645558,0.0,0.0,1.8,1.4207757244760468,1.0012406149363495,-9.845088572918252e-09,0.07439795471136382,0.253997002787588,0.0001009118720767735,0.08924712357160282,0.002888029914653499,0.1697985688146143,6.537804556025106,0.2664110522815427,13.83428402100833,0.1697985688146143,0.1495578756122311,0.09661248346692841,0.0,9.30678428752538,1.4946657124746223,1.6442235880868534,1.0012388396885885,-9.84507611709582e-09,0.9999999999999942,0.0,0.0,0.0,0.0,0.0,1.0012388396885885,-9.84507611709582e-09,1.775247761234478e-06,1.245582243148535e-14,1.8,1.421026803120176,1.0012552288602412,-9.845232270093587e-09,0.07439744241960117,0.253997968240934,0.0001009509094842028,0.08669121117847547,0.002885849471777027,0.1697975012181926,6.537777334430117,0.2664111156271828,13.83422448559687,0.123077745690979,7.058017226737915,0.1367766678799354,7.068760131083845,0.123077745690979,0.1084064710273346,0.01369892218895646,0.0,9.306793120309411,1.494656879690593,1.603063350717928,1.001253453612479,-9.845219814271132e-09,0.9999999999999936,0.0,0.0,0.0,0.0,0.0,1.001253453612479,-9.845219814271132e-09,1.7752477614576334e-06,1.2455822454666343e-14
10.81164,1.8,0.1176308,0.7041126,0.2217685,0.05031020418439252,1.8,-0.01639090720535633,0.07082351021700932,0.2607333191694878,1.8,-0.013951897992213452,0.07573924001190588,0.25146924717210395,0.07573924001190588,0.25146924717210395,0.0,0.0,0.0,0.07573924001190588,0.25146924717210395,0.0,0.0,1.8,1.4207787481852554,1.0012405474769352,-9.845087909597002e-09,0.07462894634599684,0.2535616812334518,0.0001009118720767736,0.0878688454641466,0.002888029914653498,0.1697985688146143,6.537804556025106,0.2664110522815427,13.83428402100833,0.1697985688146143,0.1495578756122311,0.09661248346692841,0.0,9.30678428752538,1.494855712474626,1.644413588086857,1.0012387722291733,-9.845075453774493e-09,0.9999999999999941,0.0,0.0,0.0,0.0,0.0,1.0012387722291733,-9.845075453774493e-09,1.7752477620905925e-06,1.2455822510100085e-14,1.8,1.4210339289443181,1.0012551614008254,-9.845231606772329e-09,0.07462877246336219,0.253562008928689,0.0001009509094842026,0.08576541823017989,0.002885849471777026,0.1697975012181926,6.537777334430117,0.2664111156271828,13.83422448559687,0.123077745690979,7.058017226737916,0.1367766678799354,7.068760131083845,0.123077745690979,0.10840647102733449,0.01369892218895646,0.0,9.306793120309399,1.494846879690603,1.6032533507179378,1.0012533861530644,-9.845219150949805e-09,0.9999999999999922,0.0,0.0,0.0,0.0,0.0,1.0012533861530644,-9.845219150949805e-09,1.775247761681698e-06,1.2455822524455016e-14
10.811879999999999,1.8,0.1211752,0.7045636,0.2147069,0.05276582120564901,1.8,-0.015838792240885104,0.06890722514492399,0.26434470620987005,1.8,-0.013394411276296338,0.07654941216986763,0.24994241524382688,0.07654941216986763,0.24994241524382688,0.0,0.0,0.0,0.07654941216986763,0.24994241524382688,0.0,0.0,1.8,1.4207904876547977,1.001240462265043,-9.845087071717516e-09,0.07390273946165424,0.25493027412652036,0.00010091187207677357,0.08694807202857996,0.002888029914653498,0.1697985688146143,6.537804556025106,0.2664110522815427,13.83428402100833,0.1697985688146143,0.1495578756122311,0.09661248346692841,0.0,9.306784287525378,1.4950957124746245,1.6446535880868554,1.001238687017281,-9.84507461589492e-09,0.9999999999999941,0.0,0.0,0.0,0.0,0.0,1.001238687017281,-9.84507461589492e-09,1.775247761903742e-06,1.2455822597149644e-14,1.8,1.4210480644358254,1.001255076188933,-9.84523076889284e-09,0.07390277827310775,0.25493020098334257,0.00010095090948420258,0.08513033521131,0.0028858494717770244,0.1697975012181926,6.537777334430117,0.2664111156271828,13.83422448559687,0.123077745690979,7.058017226737917,0.1367766678799354,7.068760131083845,0.12307774569097897,0.10840647102733438,0.013698922188956448,0.0,9.306793120309392,1.4950868796906078,1.6034933507179427,1.001253300941171,-9.845218313070231e-09,0.9999999999999917,0.0,0.0,0.0,0.0,0.0,1.001253300941171,-9.845218313070231e-09,1.775247761630145e-06,1.2455822607950035e-14
10.812149999999999,1.8,0.1253563,0.7048111,0.2062402,0.05552839035458982,1.8,-0.01522863218862772,0.07016802160554912,0.2619686380221094,1.8,-0.012775733753948814,0.07575819649516216,0.2514335222171066,0.07575819649516216,0.2514335222171066,0.0,0.0,0.0,0.07575819649516216,0.2514335222171066,0.0,0.0,1.8,1.4208006299386473,1.0012403664016636,-9.845086129103093e-09,0.0738192391321922,0.25508763693859793,0.0001009118720767735,0.08562844485706061,0.002888029914653498,0.1697985688146143,6.537804556025106,0.2664110522815427,13.83428402100833,0.1697985688146143,0.1495578756122311,0.09661248346692841,0.0,9.306784287525375,1.4953657124746262,1.6449235880868571,1.0012385911539015,-9.8450736732804e-09,0.9999999999999941,0.0,0.0,0.0,0.0,0.0,1.0012385911539015,-9.8450736732804e-09,1.775247761903742e-06,1.245582269194808e-14,1.8,1.4210601818115165,1.0012549803255537,-9.845229826278413e-09,0.07381931786755515,0.2550874885557336,0.0001009509094842025,0.08405531682271014,0.002885849471777023,0.1697975012181926,6.537777334430117,0.2664111156271828,13.83422448559687,0.123077745690979,7.058017226737917,0.1367766678799354,7.068760131083845,0.1230777456909789,0.1084064710273343,0.013698922188956412,0.0,9.306793120309386,1.4953568796906096,1.6037633507179447,1.0012532050777918,-9.845217370455714e-09,0.9999999999999913,0.0,0.0,0.0,0.0,0.0,1.0012532050777918,-9.845217370455714e-09,1.775247761467025e-06,1.2455822700315482e-14
10.81304,1.8,0.1386703,0.7008147,0.1768343,0.06463463680850987,1.8,-0.01320386537141964,0.07549058470640478,0.2519378572765662,1.8,-0.010803445392348454,0.07320179855666985,0.2562512513324742,0.07320179855666985,0.2562512513324742,0.0,0.0,0.0,0.07320179855666985,0.2562512513324742,0.0,0.0,1.8,1.4208458446223147,1.0012400504075614,-9.845083021966615e-09,0.07397618334548171,0.25479186346199373,0.00010091187207677349,0.08268005584413365,0.0028880299146534978,0.1697985688146143,6.537804556025106,0.2664110522815427,13.83428402100833,0.1697985688146143,0.14955787561223097,0.09661248346692841,0.0,9.306784287525367,1.4962557124746299,1.64581358808686,1.0012382751597984,-9.845070566143654e-09,0.9999999999999942,0.0,0.0,0.0,0.0,0.0,1.0012382751597984,-9.845070566143654e-09,1.775247762347831e-06,1.2455822960834497e-14,1.8,1.4211362044745042,1.0012546643314513,-9.845226719141933e-09,0.07397617886733288,0.2547918719014106,0.00010095090948420239,0.08416536740268031,0.0028858494717770205,0.1697975012181926,6.537777334430118,0.2664111156271828,13.83422448559687,0.12307774569097892,7.058017226737916,0.1367766678799354,7.068760131083845,0.1230777456909789,0.10840647102733418,0.013698922188956414,0.0,9.306793120309372,1.4962468796906307,1.6046533507179659,1.0012528890836894,-9.845214263318967e-09,0.9999999999999913,0.0,0.0,0.0,0.0,0.0,1.0012528890836894,-9.845214263318967e-09,1.775247761459653e-06,1.2455822967275479e-14
10.81438,1.8,0.1583518,0.6848511,0.1281113,0.07834516517729491,1.8,-0.010217295959840852,0.07523500521034174,0.25241951655227324,1.8,-0.007945723588392916,0.07298356199301155,0.2566625349714346,0.07298356199301155,0.2566625349714346,0.0,0.0,0.0,0.07298356199301155,0.2566625349714346,0.0,0.0,1.8,1.420918338762873,1.0012395746411602,-9.845078343806011e-09,0.0739642625806742,0.2548143290628394,0.0001009118720767733,0.07905308504351921,0.002888029914653495,0.1697985688146143,6.537804556025106,0.2664110522815427,13.83428402100833,0.1697985688146143,0.1495578756122308,0.09661248346692841,0.0,9.306784287525359,1.49759571247464,1.6471535880868708,1.0012377993933972,-9.845065887982711e-09,0.9999999999999942,0.0,0.0,0.0,0.0,0.0,1.0012377993933972,-9.845065887982711e-09,1.775247762347831e-06,1.2455823300724489e-14,1.8,1.42119872392612,1.0012541885650494,-9.845222040981325e-09,0.07396426278760614,0.25481432867286086,0.0001009509094842022,0.07949215626688542,0.002885849471777016,0.1697975012181926,6.537777334430118,0.2664111156271828,13.83422448559687,0.123077745690979,7.058017226737917,0.1367766678799353,7.068760131083845,0.1230777456909789,0.108406471027334,0.01369892218895635,0.0,9.306793120309354,1.4975868796906475,1.6059933507179807,1.0012524133172884,-9.84520958515802e-09,0.9999999999999917,0.0,0.0,0.0,0.0,0.0,1.0012524133172884,-9.84520958515802e-09,1.7752477614610507e-06,1.2455823305628612e-14
10.81645,1.8,0.188142,0.6553555,0.05676754,0.10311554165483247,1.8,-0.005830050569538172,0.07412589312315446,0.25450972383737236,1.8,-0.0036898495251044454,0.07414538424821365,0.25447299130865414,0.07414538424821365,0.25447299130865414,0.0,0.0,0.0,0.07414538424821365,0.25447299130865414,0.0,0.0,1.8,1.4209945329974454,1.0012388396885843,-9.845071117095075e-09,0.07396510937117035,0.25481273322082776,0.00010091187207677319,0.07119854625639246,0.0028880299146534895,0.1697985688146143,6.537804556025106,0.2664110522815427,13.83428402100833,0.1697985688146143,0.14955787561223047,0.09661248346692841,0.0,9.306784287525343,1.4996657124746586,1.6492235880868886,1.0012370644408224,-9.8450586612714e-09,0.9999999999999942,0.0,0.0,0.0,0.0,0.0,1.0012370644408224,-9.8450586612714e-09,1.775247762347831e-06,1.2455823674161105e-14,1.8,1.4212547437509504,1.0012534536124746,-9.845214814270385e-09,0.07396510937104166,0.25481273322107073,0.00010095090948420198,0.06978211250177754,0.0028858494717770087,0.1697975012181926,6.537777334430117,0.2664111156271828,13.83422448559687,0.1230777456909789,7.058017226737917,0.1367766678799353,7.068760131083846,0.1230777456909789,0.10840647102733368,0.013698922188956327,0.0,9.306793120309333,1.4996568796906706,1.6080633507180038,1.0012516783647127,-9.845202358446712e-09,0.9999999999999923,0.0,0.0,0.0,0.0,0.0,1.0012516783647127,-9.845202358446712e-09,1.7752477616713188e-06,1.2455823672650065e-14
10.8167,1.8,0.19173,0.6750792,0.06921521,0.10639161198581759,1.8,-0.005314432924975911,0.07406106605947685,0.254631895439626,1.8,-0.0031989691422009445,0.07412135242916033,0.2545182811254725,0.07412135242916033,0.2545182811254725,0.0,0.0,0.0,0.07412135242916033,0.2545182811254725,0.0,0.0,1.8,1.4210193131461275,1.001238750926196,-9.845070244303885e-09,0.07396510937116281,0.2548127332208422,0.00010091187207677316,0.07179944024965038,0.002888029914653489,0.1697985688146143,6.537804556025106,0.2664110522815427,13.83428402100833,0.1697985688146143,0.14955787561223044,0.09661248346692841,0.0,9.306784287525339,1.4999157124746625,1.6494735880868925,1.001236975678434,-9.84505778848018e-09,0.9999999999999942,0.0,0.0,0.0,0.0,0.0,1.001236975678434,-9.84505778848018e-09,1.775247762347831e-06,1.2455823704824718e-14,1.8,1.4212808063172868,1.0012533648500863,-9.845213941479195e-09,0.07396510937105322,0.25481273322104914,0.00010095090948420195,0.07052534798373059,0.0028858494717770083,0.1697975012181926,6.537777334430117,0.2664111156271828,13.83422448559687,0.1230777456909789,7.058017226737917,0.13677666787993528,7.068760131083846,0.1230777456909789,0.10840647102733365,0.013698922188956316,0.0,9.30679312030933,1.4999068796906734,1.6083133507180065,1.0012515896023246,-9.845201485655492e-09,0.9999999999999925,0.0,0.0,0.0,0.0,0.0,1.0012515896023246,-9.845201485655492e-09,1.775247761639901e-06,1.2455823703782661e-14
10.81688,1.8,0.1944912,0.752411,0.1337361,0.10875038262409614,1.8,-0.004943188220895921,0.07401439057362959,0.25471985899324745,1.8,-0.0028461947073000855,0.07409791011750035,0.25456245997013344,0.07409791011750035,0.25456245997013344,0.0,0.0,0.0,0.07409791011750035,0.25456245997013344,0.0,0.0,1.8,1.4210371548531784,1.0012386870172765,-9.845069615894228e-09,0.07396510937115738,0.2548127332208526,0.00010091187207677315,0.07223208392479044,0.0028880299146534887,0.1697985688146143,6.537804556025106,0.2664110522815427,13.83428402100833,0.1697985688146143,0.1495578756122304,0.09661248346692841,0.0,9.306784287525337,1.500095712474663,1.649653588086893,1.0012369117695146,-9.845057160070501e-09,0.9999999999999942,0.0,0.0,0.0,0.0,0.0,1.0012369117695146,-9.845057160070501e-09,1.775247762347831e-06,1.2455823726902521e-14,1.8,1.421299571365049,1.0012533009411666,-9.84521331306954e-09,0.07396510937106154,0.2548127332210336,0.00010095090948420194,0.0710604775307298,0.002885849471777008,0.1697975012181926,6.537777334430117,0.2664111156271828,13.83422448559687,0.1230777456909789,7.058017226737918,0.13677666787993528,7.068760131083847,0.1230777456909789,0.10840647102733364,0.01369892218895631,0.0,9.306793120309328,1.5000868796906732,1.6084933507180064,1.0012515256934051,-9.845200857245813e-09,0.9999999999999925,0.0,0.0,0.0,0.0,0.0,1.0012515256934051,-9.845200857245813e-09,1.7752477616172802e-06,1.2455823726198131e-14
10.816939999999999,1.8,0.1954587,0.7782529,0.1552971,0.10953663950352233,1.8,-0.00481943998620259,0.07399883207834716,0.2547491801777879,1.8,-0.0027286032289997987,0.07409009601361369,0.25457718625168707,0.07409009601361369,0.25457718625168707,0.0,0.0,0.0,0.07409009601361369,0.25457718625168707,0.0,0.0,1.8,1.4210431020888619,1.0012386657143033,-9.845069406424342e-09,0.07396510937115557,0.25481273322085607,0.00010091187207677314,0.07237629848317045,0.0028880299146534882,0.1697985688146143,6.537804556025106,0.2664110522815427,13.83428402100833,0.1697985688146143,0.14955787561223038,0.09661248346692841,0.0,9.306784287525337,1.5001557124746632,1.6497135880868932,1.0012368904665414,-9.845056950600608e-09,0.9999999999999942,0.0,0.0,0.0,0.0,0.0,1.0012368904665414,-9.845056950600608e-09,1.775247762347831e-06,1.2455823734261789e-14,1.8,1.4213058263809697,1.0012532796381934,-9.845213103599653e-09,0.07396510937106432,0.2548127332210284,0.00010095090948420193,0.07123885404639621,0.0028858494717770074,0.1697975012181926,6.537777334430117,0.2664111156271828,13.83422448559687,0.1230777456909789,7.058017226737918,0.13677666787993528,7.068760131083847,0.1230777456909789,0.10840647102733363,0.013698922188956308,0.0,9.306793120309328,1.500146879690673,1.608553350718006,1.001251504390432,-9.84520064777592e-09,0.9999999999999925,0.0,0.0,0.0,0.0,0.0,1.001251504390432,-9.84520064777592e-09,1.7752477616097402e-06,1.2455823733669954e-14
10.817079999999999,1.8,0.197754,0.8342547,0.2018351,0.1113712388888656,1.8,-0.004530694105249043,0.07396252892268787,0.25481759627504963,1.8,-0.0024542231129634764,0.07407186310454467,0.25461154757531257,0.07407186310454467,0.25461154757531257,0.0,0.0,0.0,0.07407186310454467,0.25461154757531257,0.0,0.0,1.8,1.421056978972124,1.0012386160073656,-9.845068917661276e-09,0.07396510937115135,0.2548127332208642,0.00010091187207677312,0.07271279911939335,0.0028880299146534882,0.1697985688146143,6.537804556025106,0.2664110522815427,13.83428402100833,0.1697985688146143,0.14955787561223038,0.09661248346692841,0.0,9.306784287525335,1.5002957124746648,1.6498535880868948,1.0012368407596037,-9.845056461837524e-09,0.9999999999999942,0.0,0.0,0.0,0.0,0.0,1.0012368407596037,-9.845056461837524e-09,1.775247762347831e-06,1.2455823751433413e-14,1.8,1.421320421418118,1.001253229931256,-9.845212614836588e-09,0.0739651093710708,0.2548127332210163,0.00010095090948420191,0.07165506591628801,0.002885849471777007,0.1697975012181926,6.537777334430117,0.2664111156271828,13.83422448559687,0.1230777456909789,7.058017226737918,0.13677666787993525,7.068760131083847,0.1230777456909789,0.10840647102733361,0.0136989221889563,0.0,9.306793120309326,1.5002868796906739,1.608693350718007,1.0012514546834945,-9.845200159012836e-09,0.9999999999999925,0.0,0.0,0.0,0.0,0.0,1.0012514546834945,-9.845200159012836e-09,1.7752477615921462e-06,1.2455823751104207e-14
10.81714,1.8,0.1987893,0.8346864,0.2006945,0.11215749576831507,1.8,-0.0044069458705520495,0.07394697042740499,0.254846917459591,1.8,-0.002336631634659708,0.07406404900065777,0.25462627385686665,0.07406404900065777,0.25462627385686665,0.0,0.0,0.0,0.07406404900065777,0.25462627385686665,0.0,0.0,1.8,1.4210629262078076,1.0012385947043925,-9.84506870819139e-09,0.07396510937114954,0.25481273322086767,0.00010091187207677311,0.07285701367777765,0.002888029914653488,0.1697985688146143,6.537804556025106,0.2664110522815427,13.83428402100833,0.1697985688146143,0.14955787561223036,0.09661248346692841,0.0,9.306784287525335,1.5003557124746667,1.6499135880868967,1.0012368194566306,-9.845056252367631e-09,0.9999999999999942,0.0,0.0,0.0,0.0,0.0,1.0012368194566306,-9.845056252367631e-09,1.775247762347831e-06,1.245582375879268e-14,1.8,1.4213266764340389,1.0012532086282828,-9.845212405366701e-09,0.07396510937107358,0.2548127332210111,0.00010095090948420191,0.0718334424319597,0.002885849471777007,0.1697975012181926,6.537777334430117,0.2664111156271828,13.83422448559687,0.1230777456909789,7.058017226737918,0.13677666787993525,7.068760131083847,0.1230777456909789,0.10840647102733361,0.013698922188956299,0.0,9.306793120309326,1.5003468796906756,1.6087533507180087,1.0012514333805214,-9.845199949542943e-09,0.9999999999999925,0.0,0.0,0.0,0.0,0.0,1.0012514333805214,-9.845199949542943e-09,1.775247761584606e-06,1.2455823758576031e-14
10.81723,1.8,0.200231,0.8352876,0.1991063,0.113336881087466,1.8,-0.004221323518510222,0.07392363268448111,0.2548908992364022,1.8,-0.002160244417207538,0.07405232784482767,0.2546483632791974,0.07405232784482767,0.2546483632791974,0.0,0.0,0.0,0.07405232784482767,0.2546483632791974,0.0,0.0,1.8,1.421071847061333,1.0012385627499327,-9.845068393986561e-09,0.07396510937114682,0.25481273322087283,0.00010091187207677311,0.07307333551534981,0.002888029914653488,0.1697985688146143,6.537804556025106,0.2664110522815427,13.83428402100833,0.1697985688146143,0.14955787561223036,0.09661248346692841,0.0,9.306784287525335,1.5004457124746677,1.6500035880868977,1.0012367875021708,-9.845055938162791e-09,0.9999999999999942,0.0,0.0,0.0,0.0,0.0,1.0012367875021708,-9.845055938162791e-09,1.775247762347831e-06,1.245582376983158e-14,1.8,1.42133605895792,1.001253176673823,-9.845212091161873e-09,0.07396510937107774,0.2548127332210033,0.0001009509094842019,0.07210100720546195,0.0028858494717770066,0.1697975012181926,6.537777334430117,0.2664111156271828,13.83422448559687,0.1230777456909789,7.058017226737918,0.13677666787993525,7.068760131083847,0.1230777456909789,0.1084064710273336,0.013698922188956296,0.0,9.306793120309324,1.5004368796906762,1.6088433507180093,1.0012514014260616,-9.845199635338103e-09,0.9999999999999925,0.0,0.0,0.0,0.0,0.0,1.0012514014260616,-9.845199635338103e-09,1.7752477615732955e-06,1.2455823769783766e-14
10.81732,1.8,0.2016877,0.8358949,0.197502,0.11451626640661691,1.8,-0.004035701166468394,0.07390029494155725,0.2549348810132133,1.8,-0.0019838571997553675,0.07404060668899756,0.25467045270152805,0.07404060668899756,0.25467045270152805,0.0,0.0,0.0,0.07404060668899756,0.25467045270152805,0.0,0.0,1.8,1.4210807679148587,1.001238530795473,-9.845068079781732e-09,0.07396510937114412,0.25481273322087805,0.0001009118720767731,0.07328965735292198,0.0028880299146534874,0.1697985688146143,6.537804556025106,0.2664110522815427,13.83428402100833,0.1697985688146143,0.14955787561223033,0.09661248346692841,0.0,9.306784287525334,1.500535712474669,1.650093588086899,1.001236755547711,-9.845055623957952e-09,0.9999999999999942,0.0,0.0,0.0,0.0,0.0,1.001236755547711,-9.845055623957952e-09,1.775247762347831e-06,1.2455823780870482e-14,1.8,1.421345441481801,1.001253144719363,-9.845211776957046e-09,0.07396510937108189,0.2548127332209955,0.00010095090948420189,0.07236857197896421,0.0028858494717770066,0.1697975012181926,6.537777334430117,0.2664111156271828,13.83422448559687,0.1230777456909789,7.058017226737918,0.13677666787993525,7.068760131083847,0.1230777456909789,0.10840647102733358,0.013698922188956292,0.0,9.306793120309324,1.500526879690677,1.6089333507180101,1.0012513694716016,-9.845199321133264e-09,0.9999999999999926,0.0,0.0,0.0,0.0,0.0,1.0012513694716016,-9.845199321133264e-09,1.775247761561985e-06,1.24558237809915e-14
10.81759,1.8,0.2063516,0.8377496,0.1922741,0.11805442236404638,1.8,-0.003504502992599579,0.07390306262949443,0.25492966509179654,1.8,-0.001454695547402338,0.07400544322150748,0.25473672096851974,0.07400544322150748,0.25473672096851974,0.0,0.0,0.0,0.07400544322150748,0.25473672096851974,0.0,0.0,1.8,1.421107530475435,1.0012384349320935,-9.845067137167248e-09,0.07396510937113597,0.25481273322089365,0.00010091187207677307,0.07393862286563421,0.0028880299146534865,0.1697985688146143,6.537804556025106,0.2664110522815427,13.83428402100833,0.1697985688146143,0.14955787561223027,0.09661248346692841,0.0,9.306784287525332,1.5008057124746705,1.6503635880869005,1.0012366596843316,-9.845054681343433e-09,0.9999999999999942,0.0,0.0,0.0,0.0,0.0,1.0012366596843316,-9.845054681343433e-09,1.775247762347831e-06,1.2455823813987186e-14,1.8,1.4213735890534442,1.0012530488559837,-9.84521083434256e-09,0.07396510937109438,0.2548127332209722,0.00010095090948420186,0.07317126629946567,0.0028858494717770057,0.1697975012181926,6.537777334430117,0.2664111156271828,13.83422448559687,0.1230777456909789,7.058017226737918,0.13677666787993523,7.068760131083847,0.1230777456909789,0.10840647102733356,0.013698922188956282,0.0,9.30679312030932,1.5007968796906774,1.6092033507180106,1.0012512736082224,-9.845198378518745e-09,0.9999999999999926,0.0,0.0,0.0,0.0,0.0,1.0012512736082224,-9.845198378518745e-09,1.775247761528054e-06,1.2455823814614704e-14
10.81849,1.8,0.2213053,0.8426321,0.1746626,0.12984827555555556,1.8,-0.00174278435407522,0.07393764201543211,0.2548644975715467,1.8,0.00026172661543947097,0.07397051292653813,0.25480254980390915,0.07397051292653813,0.25480254980390915,0.0,0.0,0.0,0.07397051292653813,0.25480254980390915,0.0,0.0,1.8,1.4211683815716094,1.0012381153874954,-9.845063995118948e-09,0.07396510937112492,0.2548127332209149,0.00010091187207677296,0.07347138598839578,0.0028880299146534843,0.1697985688146143,6.537804556025106,0.2664110522815427,13.83428402100833,0.1697985688146143,0.14955787561223013,0.09661248346692841,0.0,9.306784287525323,1.5017057124746804,1.6512635880869104,1.0012363401397335,-9.845051539295038e-09,0.9999999999999942,0.0,0.0,0.0,0.0,0.0,1.0012363401397335,-9.845051539295038e-09,1.7752477622584164e-06,1.2455823910719304e-14,1.8,1.4214417545541977,1.0012527293113858,-9.845207692294262e-09,0.07396510937111402,0.2548127332209355,0.00010095090948420176,0.07343420325002367,0.002885849471777003,0.16979750121819262,6.537777334430117,0.2664111156271828,13.83422448559687,0.1230777456909789,7.058017226737919,0.13677666787993517,7.068760131083848,0.1230777456909789,0.10840647102733346,0.013698922188956242,0.0,9.306793120309312,1.5016968796906864,1.6101033507180196,1.0012509540636247,-9.84519523647035e-09,0.9999999999999928,0.0,0.0,0.0,0.0,0.0,1.0012509540636247,-9.84519523647035e-09,1.775247761370248e-06,1.2455823912370488e-14
10.821340000000001,1.8,0.2698004,0.8590447,0.1165709,0.1709903067307865,1.8,0.0055665623386342514,0.39111017249820984,0.19552770106949144,1.8,0.009727998445809748,0.3302753482375368,0.18502090199358648,0.3302753482375368,0.18502090199358648,0.0,0.0,0.0,0.3302753482375368,0.18502090199358648,0.0,0.0,1.8,1.421267917045608,1.0012371034962675,-9.845054045299251e-09,0.3455468267611282,0.18765844321096287,0.0001009118720767724,0.06431851013968436,0.002888029914653476,0.1697985688146143,6.537804556025106,0.2664110522815427,13.83428402100833,0.1697985688146143,0.14955787561222958,0.09661248346692841,0.0,9.306784287525305,1.5045557124746938,1.6541135880869229,1.0012353282485065,-9.845041589475119e-09,0.999999999999995,0.0,0.0,0.0,0.0,0.0,1.0012353282485065,-9.845041589475119e-09,1.775247760571474e-06,1.2455824132278964e-14,1.8,1.421519976262372,1.0012517174201594,-9.845197742474585e-09,0.3455516266181894,0.18765927219558393,0.0001009509094842019,0.06196715669333219,0.002885849471777002,0.1697975012181926,6.537777334430118,0.2664111156271828,13.83422448559687,0.1230777456909789,7.058017226737919,0.1367766678799351,7.068760131083847,0.1230777456909789,0.1084064710273335,0.01369892218895623,0.0,9.306793120309312,1.5045468796906938,1.6129533507180267,1.0012499421723973,-9.84518528665043e-09,0.9999999999999942,0.0,0.0,0.0,0.0,0.0,1.0012499421723973,-9.84518528665043e-09,1.775247761596759e-06,1.2455824155436981e-14
10.82197,1.8,0.2807808,0.8634774,0.1032524,0.18089118076923327,1.8,0.011175271617194485,0.34181835530489924,0.18701449788972727,1.8,0.015275288211394103,0.36114176602286285,0.19035184942056882,0.36114176602286285,0.19035184942056882,0.0,0.0,0.0,0.36114176602286285,0.19035184942056882,0.0,0.0,1.8,1.4212828152493342,1.0012368798150477,-9.845051845865418e-09,0.3546203695842416,0.18922553726453595,0.0001009118720767723,0.06184050330444589,0.002888029914653476,0.1697985688146143,6.537804556025106,0.2664110522815427,13.83428402100833,0.1697985688146143,0.14955787561222947,0.09661248346692841,0.0,9.3067842875253,1.5051857124747015,1.654743588086931,1.0012351045672883,-9.845039390041243e-09,0.9999999999999951,0.0,0.0,0.0,0.0,0.0,1.0012351045672883,-9.845039390041243e-09,1.775247759779095e-06,1.2455824174914612e-14,1.8,1.4215400500046174,1.0012514937389378,-9.845195543040728e-09,0.3546205011133804,0.18922555998096927,0.0001009509094842018,0.06013605304082412,0.0028858494717769944,0.1697975012181926,6.537777334430118,0.2664111156271828,13.83422448559687,0.1230777456909789,7.058017226737919,0.13677666787993506,7.068760131083848,0.1230777456909789,0.10840647102733325,0.013698922188956136,0.0,9.306793120309287,1.5051768796907123,1.6135833507180453,1.0012497184911788,-9.845183087216554e-09,0.9999999999999916,0.0,0.0,0.0,0.0,0.0,1.0012497184911788,-9.845183087216554e-09,1.7752477593655177e-06,1.2455824174124098e-14
10.82248,1.8,0.2896193,0.868533,0.09872059,0.18890617403846538,1.8,0.015563733860683902,0.35003307338137174,0.18843326408727343,1.8,0.019746664188044865,0.3554156939467039,0.18936289795190742,0.3554156939467039,0.18936289795190742,0.0,0.0,0.0,0.3554156939467039,0.18936289795190742,0.0,0.0,1.8,1.4212977179003468,1.001236698739776,-9.845050065371344e-09,0.35464716072873825,0.18923016437040283,0.00010091187207677226,0.060230328913602006,0.0028880299146534743,0.1697985688146143,6.537804556025107,0.2664110522815427,13.83428402100833,0.1697985688146143,0.14955787561222936,0.09661248346692841,0.0,9.306784287525296,1.5056957124747032,1.6552535880869328,1.0012349234920161,-9.845037609547152e-09,0.9999999999999948,0.0,0.0,0.0,0.0,0.0,1.0012349234920161,-9.845037609547152e-09,1.775247760127385e-06,1.245582419256477e-14,1.8,1.4215701204590696,1.0012513126636655,-9.845193762546652e-09,0.35464722482384053,0.18923017544028534,0.00010095090948420176,0.060066268234871045,0.0028858494717769927,0.16979750121819265,6.537777334430118,0.2664111156271828,13.83422448559687,0.1230777456909789,7.058017226737919,0.136776667879935,7.068760131083848,0.1230777456909789,0.10840647102733315,0.013698922188956134,0.0,9.306793120309278,1.5056868796907201,1.614093350718053,1.0012495374159065,-9.845181306722463e-09,0.9999999999999913,0.0,0.0,0.0,0.0,0.0,1.0012495374159065,-9.845181306722463e-09,1.7752477589211642e-06,1.2455824188763041e-14
10.82366,1.8,0.3100332,0.8983613,0.1388824,0.20745066826922512,1.8,0.0257616818617987,0.36088616044907634,0.1903077037122661,1.8,0.029750230179263717,0.35155933650204585,0.18869686540676073,0.35155933650204585,0.18869686540676073,0.0,0.0,0.0,0.35155933650204585,0.18869686540676073,0.0,0.0,1.8,1.4213414737425336,1.0012362797813035,-9.845045945796813e-09,0.3548618955744433,0.18926725128412095,0.00010091187207677215,0.05767995576414236,0.002888029914653471,0.1697985688146143,6.537804556025107,0.2664110522815427,13.83428402100833,0.1697985688146143,0.1495578756122292,0.09661248346692841,0.0,9.306784287525286,1.5068757124747125,1.6564335880869416,1.0012345045335436,-9.845033489972588e-09,0.9999999999999946,0.0,0.0,0.0,0.0,0.0,1.0012345045335436,-9.845033489972588e-09,1.775247760127385e-06,1.245582422467618e-14,1.8,1.4216263034006633,1.001250893705193,-9.845189642972121e-09,0.35486189084794023,0.18926725046780532,0.0001009509094842016,0.05871530246299008,0.002885849471776988,0.16979750121819265,6.537777334430118,0.2664111156271828,13.83422448559687,0.1230777456909789,7.0580172267379195,0.136776667879935,7.068760131083849,0.1230777456909789,0.108406471027333,0.013698922188956108,0.0,9.306793120309264,1.5068668796907385,1.6152733507180723,1.001249118457434,-9.8451771871479e-09,0.9999999999999916,0.0,0.0,0.0,0.0,0.0,1.001249118457434,-9.8451771871479e-09,1.7752477591407173e-06,1.2455824221490126e-14
10.82385,1.8,0.313309,0.9021142,0.137057,0.21043664615383828,1.8,0.02736978986450312,0.3603604930132581,0.19021691554617848,1.8,0.031321414499621565,0.35177217748764633,0.18873362523138418,0.35177217748764633,0.18873362523138418,0.0,0.0,0.0,0.35177217748764633,0.18873362523138418,0.0,0.0,1.8,1.4213488235929428,1.0012362123218883,-9.84504528247549e-09,0.35485758730444694,0.18926650720163582,0.00010091187207677213,0.057315362088603335,0.0028880299146534704,0.1697985688146143,6.537804556025107,0.2664110522815427,13.83428402100833,0.1697985688146143,0.14955787561222916,0.09661248346692841,0.0,9.306784287525284,1.5070657124747147,1.6566235880869438,1.0012344370741284,-9.84503282665126e-09,0.9999999999999946,0.0,0.0,0.0,0.0,0.0,1.0012344370741284,-9.84503282665126e-09,1.775247760127385e-06,1.2455824229166276e-14,1.8,1.4216322500640557,1.0012508262457778,-9.845188979650798e-09,0.35485758459272204,0.18926650673329307,0.00010095090948420157,0.058202649028139326,0.002885849471776987,0.16979750121819262,6.537777334430118,0.2664111156271828,13.83422448559687,0.1230777456909789,7.0580172267379195,0.136776667879935,7.068760131083849,0.1230777456909789,0.10840647102733297,0.013698922188956101,0.0,9.306793120309262,1.5070568796907409,1.6154633507180745,1.0012490509980188,-9.84517652382657e-09,0.9999999999999916,0.0,0.0,0.0,0.0,0.0,1.0012490509980188,-9.84517652382657e-09,1.775247759226808e-06,1.2455824226835348e-14
10.824019999999999,1.8,0.3162489,0.9054702,0.1354246,0.21318131382485936,1.8,0.028808623340598367,0.3598901589917394,0.19013568402915318,1.8,0.03272721099677534,0.3519626141589719,0.1887665156007839,0.3519626141589719,0.1887665156007839,0.0,0.0,0.0,0.3519626141589719,0.1887665156007839,0.0,0.0,1.8,1.4213553997748878,1.0012361519634645,-9.845044688977463e-09,0.35485373253655544,0.1892658414436228,0.00010091187207677212,0.056989146694701974,0.00288802991465347,0.1697985688146143,6.537804556025107,0.2664110522815427,13.83428402100833,0.1697985688146143,0.14955787561222916,0.09661248346692841,0.0,9.306784287525282,1.5072357124747153,1.6567935880869444,1.0012343767157044,-9.84503223315323e-09,0.9999999999999946,0.0,0.0,0.0,0.0,0.0,1.0012343767157044,-9.84503223315323e-09,1.775247760127385e-06,1.245582423318373e-14,1.8,1.4216375707628806,1.0012507658873537,-9.845188386152772e-09,0.35485373162752687,0.18926584128662421,0.00010095090948420155,0.05774395911274932,0.002885849471776986,0.16979750121819262,6.537777334430118,0.2664111156271828,13.83422448559687,0.1230777456909789,7.05801722673792,0.136776667879935,7.06876013108385,0.1230777456909789,0.10840647102733295,0.013698922188956094,0.0,9.306793120309258,1.5072268796907418,1.6156333507180756,1.0012489906395947,-9.84517593032854e-09,0.9999999999999916,0.0,0.0,0.0,0.0,0.0,1.0012489906395947,-9.84517593032854e-09,1.7752477593038365e-06,1.2455824231617916e-14
10.82457,1.8,0.325713,0.9166071,0.1301431,0.22227106497695054,1.8,0.03346367282211749,0.3583684900985793,0.18987287617995177,1.8,0.037275376134659505,0.35257873280150037,0.18887292561943084,0.35257873280150037,0.18887292561943084,0.0,0.0,0.0,0.35257873280150037,0.18887292561943084,0.0,0.0,1.8,1.4213727835364263,1.0012359566862101,-9.84504276883679e-09,0.35484607507694593,0.1892645189216869,0.00010091187207677208,0.05564982808846448,0.0028880299146534687,0.1697985688146143,6.537804556025107,0.2664110522815427,13.83428402100833,0.1697985688146143,0.14955787561222905,0.09661248346692841,0.0,9.306784287525277,1.5077857124747214,1.6573435880869505,1.00123418143845,-9.845030313012545e-09,0.9999999999999946,0.0,0.0,0.0,0.0,0.0,1.00123418143845,-9.845030313012545e-09,1.77524776017239e-06,1.2455824245582935e-14,1.8,1.4216502975184908,1.0012505706100994,-9.8451864660121e-09,0.35484607553947095,0.18926451900156968,0.00010095090948420148,0.05594010654127646,0.0028858494717769845,0.1697975012181926,6.537777334430118,0.2664111156271828,13.83422448559687,0.1230777456909789,7.05801722673792,0.136776667879935,7.06876013108385,0.1230777456909789,0.10840647102733288,0.013698922188956077,0.0,9.306793120309253,1.5077768796907485,1.6161833507180825,1.0012487953623403,-9.845174010187853e-09,0.9999999999999918,0.0,0.0,0.0,0.0,0.0,1.0012487953623403,-9.845174010187853e-09,1.7752477594837432e-06,1.245582424524582e-14
10.82615,1.8,0.3538474,0.9526508,0.1147078,0.24841754009219394,1.8,0.04646506597954099,0.3552491501153184,0.18933413412140468,1.8,0.05002026089530717,0.3544375033897622,0.1891939543942555,0.3544375033897622,0.1891939543942555,0.0,0.0,0.0,0.3544375033897622,0.1891939543942555,0.0,0.0,1.8,1.4214035628851127,1.0012353957079156,-9.845037252796307e-09,0.35484777405862655,0.18926481235327602,0.00010091187207677193,0.05040471939727445,0.002888029914653464,0.1697985688146144,6.537804556025107,0.2664110522815427,13.83428402100833,0.1697985688146144,0.14955787561222875,0.09661248346692836,0.0,9.306784287525263,1.5093657124747357,1.6589235880869648,1.0012336204601555,-9.845024796972027e-09,0.9999999999999946,0.0,0.0,0.0,0.0,0.0,1.0012336204601555,-9.845024796972027e-09,1.7752477605232205e-06,1.2455824278256569e-14,1.8,1.4216647525160817,1.0012500096318058,-9.845180949971615e-09,0.35484777402477424,0.18926481234742917,0.00010095090948420133,0.04918243432916192,0.0028858494717769797,0.1697975012181926,6.537777334430118,0.2664111156271828,13.83422448559687,0.1230777456909789,7.05801722673792,0.1367766678799349,7.06876013108385,0.1230777456909789,0.10840647102733263,0.013698922188956053,0.0,9.306793120309235,1.509356879690766,1.6177633507181,1.0012482343840456,-9.845168494147339e-09,0.9999999999999922,0.0,0.0,0.0,0.0,0.0,1.0012482343840456,-9.845168494147339e-09,1.7752477596591586e-06,1.2455824275305563e-14
10.82727,1.8,0.3746056,0.9822859,0.103533,0.2676913981567022,1.8,0.055335799570160576,0.3547341767860472,0.18924519293737305,1.8,0.05887880471487559,0.3552654971078725,0.1893369574149435,0.3552654971078725,0.1893369574149435,0.0,0.0,0.0,0.3552654971078725,0.1893369574149435,0.0,0.0,1.8,1.4214848022557185,1.001234998052416,-9.845033342691654e-09,0.35484800773859543,0.18926485271220714,0.0001009118720767718,0.05247677260870859,0.00288802991465346,0.16979856881461433,6.537804556025107,0.2664110522815427,13.83428402100833,0.16979856881461433,0.14955787561222858,0.09661248346692837,0.0,9.306784287525252,1.5104857124747497,1.6600435880869782,1.0012332228046554,-9.845020886867358e-09,0.9999999999999947,0.0,0.0,0.0,0.0,0.0,1.0012332228046554,-9.845020886867358e-09,1.775247760684912e-06,1.2455824295428212e-14,1.8,1.421748397848876,1.0012496119763064,-9.84517703986696e-09,0.3548480077384278,0.18926485271217822,0.00010095090948420125,0.05155957208840652,0.0028858494717769762,0.1697975012181926,6.537777334430118,0.2664111156271828,13.83422448559687,0.1230777456909789,7.05801722673792,0.13677666787993484,7.06876013108385,0.1230777456909789,0.1084064710273325,0.013698922188955999,0.0,9.306793120309225,1.510476879690775,1.6188833507181086,1.0012478367285464,-9.84516458404267e-09,0.9999999999999926,0.0,0.0,0.0,0.0,0.0,1.0012478367285464,-9.84516458404267e-09,1.775247759683296e-06,1.245582429127339e-14
10.82817,1.8,0.3917347,1.00819,0.09434355,0.28317931981567324,1.8,0.062328087996515805,0.35466634603262637,0.18923347786946548,1.8,0.06580887463451789,0.3548388973094432,0.18926327924750566,0.3548388973094432,0.18926327924750566,0.0,0.0,0.0,0.3548388973094432,0.18926327924750566,0.0,0.0,1.8,1.421558756645293,1.0012346785078183,-9.84503020064327e-09,0.35484800773852987,0.18926485271219584,0.0001009118720767717,0.05499608253548291,0.002888029914653457,0.1697985688146143,6.537804556025107,0.2664110522815427,13.83428402100833,0.1697985688146143,0.1495578756122285,0.09661248346692838,0.0,9.306784287525243,1.511385712474761,1.660943588086989,1.0012329032600575,-9.845017744818962e-09,0.9999999999999947,0.0,0.0,0.0,0.0,0.0,1.0012329032600575,-9.845017744818962e-09,1.7752477607890254e-06,1.245582430790077e-14,1.8,1.4218272715121636,1.0012492924317087,-9.845173897818576e-09,0.3548480077385255,0.18926485271219534,0.0001009509094842012,0.054613408162599665,0.002885849471776974,0.1697975012181926,6.537777334430118,0.2664111156271828,13.83422448559687,0.1230777456909789,7.05801722673792,0.1367766678799348,7.06876013108385,0.1230777456909789,0.1084064710273324,0.01369892218895595,0.0,9.306793120309216,1.5113768796907814,1.6197833507181145,1.0012475171839488,-9.845161441994274e-09,0.9999999999999927,0.0,0.0,0.0,0.0,0.0,1.0012475171839488,-9.845161441994274e-09,1.7752477596922719e-06,1.2455824302937256e-14
10.82889,1.8,0.4050263,0.9472203,0.09493402,0.29573684164036923,1.8,0.0678276356499632,0.3547927322502887,0.18925530606755894,1.8,0.07123618544635328,0.3548454362818093,0.189264408595205,0.3548454362818093,0.189264408595205,0.0,0.0,0.0,0.3548454362818093,0.189264408595205,0.0,0.0,1.8,1.42156334758063,1.00123442287214,-9.845027687004561e-09,0.3548480077385581,0.18926485271220064,0.00010091187207677162,0.05187132231007186,0.002888029914653455,0.1697985688146143,6.537804556025107,0.2664110522815427,13.83428402100833,0.1697985688146143,0.14955787561222836,0.09661248346692838,0.0,9.306784287525236,1.5121057124747654,1.6616635880869934,1.0012326476243794,-9.845015231180247e-09,0.9999999999999947,0.0,0.0,0.0,0.0,0.0,1.0012326476243794,-9.845015231180247e-09,1.7752477606985449e-06,1.2455824314642083e-14,1.8,1.421841031387356,1.0012490367960303,-9.845171384179868e-09,0.35484800773849867,0.1892648527121906,0.00010095090948420111,0.052338576488113214,0.0028858494717769714,0.1697975012181926,6.537777334430118,0.2664111156271828,13.83422448559687,0.1230777456909789,7.058017226737921,0.1367766678799348,7.06876013108385,0.1230777456909789,0.10840647102733232,0.013698922188955933,0.0,9.306793120309209,1.5120968796907888,1.620503350718121,1.0012472615482704,-9.845158928355559e-09,0.9999999999999928,0.0,0.0,0.0,0.0,0.0,1.0012472615482704,-9.845158928355559e-09,1.7752477598732375e-06,1.245582430967875e-14
10.82944,1.8,0.4145665,0.9193054,0.09470893,0.3053499914826468,1.8,0.07274496206667722,0.17308866729591157,0.2175101481066145,1.8,0.0773953999438771,0.8645936213973706,0.16433218791723425,0.8645936213973706,0.16433218791723425,0.0,0.0,0.0,0.8645936213973706,0.16433218791723425,0.0,0.0,1.8,1.4215668545451237,1.0012342275948856,-9.84502576686388e-09,0.3548480077385797,0.1892648527122043,0.00010091187207677155,0.04948435269343424,0.002888029914653453,0.1697985688146143,6.537804556025108,0.2664110522815427,13.83428402100833,0.1697985688146143,0.14955787561222827,0.09661248346692838,0.0,9.30678428752523,1.5126557124747697,1.6622135880869977,1.0012324523471254,-9.84501331103956e-09,0.9999999999999948,0.0,0.0,0.0,0.0,0.0,1.0012324523471254,-9.84501331103956e-09,1.7752477606294276e-06,1.2455824319791697e-14,1.8,1.4218515424031282,1.001248841518776,-9.845169464039187e-09,0.3548480077384782,0.18926485271218696,0.00010095090948420106,0.05060085784787747,0.0028858494717769697,0.1697975012181926,6.537777334430118,0.2664111156271828,13.83422448559687,0.1230777456909789,7.058017226737921,0.1367766678799348,7.068760131083851,0.1230777456909789,0.10840647102733225,0.013698922188955921,0.0,9.306793120309203,1.5126468796907955,1.621053350718127,1.001247066271016,-9.845157008214872e-09,0.9999999999999929,0.0,0.0,0.0,0.0,0.0,1.001247066271016,-9.845157008214872e-09,1.775247760011475e-06,1.24558243148285e-14
10.82991,1.8,0.4223797,0.9281297,0.09175416,0.31356486498422154,1.8,0.07479037360256101,0.3400634313566978,0.18671140449640652,1.8,0.08012051880322558,0.35427699173020033,0.18916623238179214,0.35427699173020033,0.18916623238179214,0.0,0.0,0.0,0.35427699173020033,0.18916623238179214,0.0,0.0,1.8,1.421570060800418,1.0012340607215953,-9.845024126016388e-09,0.5347631897666173,0.2204445553193412,0.0001009118720767715,0.047467547773450164,0.0028880299146534514,0.1697985688146144,6.537804556025107,0.2664110522815427,13.83428402100833,0.1697985688146144,0.1495578756122282,0.09661248346692836,0.0,9.306784287525227,1.5131257124747708,1.662683588086999,1.0012322854738354,-9.845011670192064e-09,0.9999999999999944,0.0,0.0,0.0,0.0,0.0,1.0012322854738354,-9.845011670192064e-09,1.7752477606278231e-06,1.2455824323689738e-14,1.8,1.4218604862164728,1.0012486746454856,-9.845167823191696e-09,0.534763241549989,0.22044456430658216,0.0001009509094842009,0.04911345881489213,0.0028858494717769675,0.1697975012181927,6.537777334430118,0.2664111156271828,13.83422448559687,0.12307774569097887,7.058017226737921,0.1367766678799348,7.068760131083851,0.12307774569097887,0.1084064710273322,0.013698922188955902,0.0,9.306793120309202,1.5131168796908012,1.6215233507181321,1.0012468993977257,-9.845155367367375e-09,0.999999999999993,0.0,0.0,0.0,0.0,0.0,1.0012468993977257,-9.845155367367375e-09,1.7752477599616898e-06,1.2455824319566321e-14
10.83048,1.8,0.4321232,0.9397267,0.08811075,0.3235275839116593,1.8,0.0789282794821707,0.35492025098055074,0.18927732986221193,1.8,0.08258226150339987,0.11022114855975156,0.3320165878518516,0.11022114855975156,0.3320165878518516,0.0,0.0,0.0,0.11022114855975156,0.3320165878518516,0.0,0.0,1.8,1.4215807367734614,1.0012338583433493,-9.84502213605244e-09,0.3418227088510267,0.18701524979186535,0.0001009118720767715,0.04587451149646335,0.002888029914653447,0.1697985688146144,6.537804556025107,0.2664110522815427,13.83428402100833,0.1697985688146144,0.14955787561222814,0.09661248346692836,0.0,9.306784287525236,1.5136957124747628,1.6632535880869908,1.0012320830955894,-9.845009680228082e-09,0.9999999999999954,0.0,0.0,0.0,0.0,0.0,1.0012320830955894,-9.845009680228082e-09,1.7752477600265608e-06,1.2455824359226759e-14,1.8,1.4218661478884156,1.0012484722672423,-9.845165833227762e-09,0.3418235331204451,0.18701539215166144,0.0001009509094842013,0.04693211507112641,0.002885849471776972,0.1697975012181926,6.537777334430118,0.2664111156271828,13.83422448559687,0.1230777456909789,7.058017226737922,0.1367766678799348,7.068760131083851,0.1230777456909789,0.1084064710273326,0.01369892218895595,0.0,9.30679312030922,1.513686879690779,1.6220933507181128,1.0012466970194802,-9.845153377403392e-09,0.9999999999999941,0.0,0.0,0.0,0.0,0.0,1.0012466970194802,-9.845153377403392e-09,1.775247762226612e-06,1.2455824370807292e-14
10.83095,1.8,0.4402622,0.9494126,0.08504303,0.33174245741323405,1.8,0.08284884083196517,0.4670464198157513,0.2086904553055102,1.8,0.08424651380691488,0.7849592257589808,0.2231871887344361,0.7849592257589808,0.2231871887344361,0.0,0.0,0.0,0.7849592257589808,0.2231871887344361,0.0,0.0,1.8,1.4216058158357898,1.0012336914700597,-9.845020495204943e-09,-0.0009317143814066703,0.42663226235365537,0.0001009118720767714,0.04622517369645795,0.002888029914653445,0.1697985688146144,6.537804556025107,0.2664110522815427,13.83428402100833,0.1697985688146144,0.1495578756122281,0.09661248346692836,0.0,9.306784287525224,1.5141657124747738,1.6637235880870018,1.0012319162222996,-9.845008039380586e-09,0.9999999999999949,0.0,0.0,0.0,0.0,0.0,1.0012319162222996,-9.845008039380586e-09,1.775247759905341e-06,1.24558243571968e-14,1.8,1.4218752885542154,1.0012483053939527,-9.845164192380281e-09,-0.0009043365898707689,0.42654947642889474,0.00010095090948420121,0.045659332078231904,0.002885849471776969,0.1697975012181926,6.537777334430118,0.2664111156271828,13.83422448559687,0.1230777456909789,7.058017226737921,0.1367766678799348,7.068760131083851,0.1230777456909788,0.1084064710273325,0.013698922188955924,0.0,9.306793120309226,1.5141568796907696,1.6225633507181028,1.0012465301461906,-9.845151736555897e-09,0.999999999999994,0.0,0.0,0.0,0.0,0.0,1.0012465301461906,-9.845151736555897e-09,1.7752477623828015e-06,1.245582438366658e-14
10.83245,1.8,0.466904,0.9817115,0.07489607,0.35845586719241795,1.8,0.10610359084031432,0.7308210566972663,0.23858168534814939,1.8,0.10866622003486998,0.7350686154551168,0.2373786137691444,0.7350686154551168,0.2373786137691444,0.0,0.0,0.0,0.7350686154551168,0.2373786137691444,0.0,0.0,1.8,1.4216398924242863,1.0012331588957286,-9.845015258457634e-09,0.7340677802426584,0.2376620886939234,0.0001009118720767713,0.042905684578642606,0.0028880299146534423,0.1697985688146144,6.537804556025107,0.2664110522815427,13.83428402100833,0.1697985688146144,0.14955787561222786,0.09661248346692836,0.0,9.306784287525208,1.5156657124747908,1.6652235880870183,1.0012313836479696,-9.845002802633259e-09,0.9999999999999941,0.0,0.0,0.0,0.0,0.0,1.0012313836479696,-9.845002802633259e-09,1.7752477595482015e-06,1.245582437539477e-14,1.8,1.4219103192150273,1.0012477728196219,-9.845158955632944e-09,0.7340678223913382,0.23766207675580045,0.00010095090948420076,0.042643025038291725,0.0028858494717769623,0.1697975012181927,6.537777334430118,0.2664111156271828,13.83422448559687,0.1230777456909788,7.058017226737923,0.1367766678799347,7.0687601310838515,0.1230777456909788,0.10840647102733215,0.013698922188955858,0.0,9.306793120309212,1.5156568796907839,1.6240633507181148,1.0012459975718602,-9.84514649980857e-09,0.9999999999999913,0.0,0.0,0.0,0.0,0.0,1.0012459975718602,-9.84514649980857e-09,1.775247761324544e-06,1.2455824373451603e-14
10.83339,1.8,0.4839171,1.004232,0.06847992,0.37534698517349474,1.8,0.12095018046556184,0.7367549080847343,0.2369009910092877,1.8,0.12340281970740728,0.7324265946959215,0.2381269353975749,0.7324265946959215,0.2381269353975749,0.0,0.0,0.0,0.7324265946959215,0.2381269353975749,0.0,0.0,1.8,1.4216635659685204,1.0012328251491491,-9.845011976762642e-09,0.7342066970211096,0.23762274213333898,0.00010091187207677127,0.04133001872299096,0.0028880299146534396,0.1697985688146144,6.537804556025107,0.2664110522815427,13.83428402100833,0.1697985688146144,0.1495578756122277,0.09661248346692836,0.0,9.3067842875252,1.5166057124747963,1.6661635880870231,1.0012310499013894,-9.844999520938267e-09,0.9999999999999942,0.0,0.0,0.0,0.0,0.0,1.0012310499013894,-9.844999520938267e-09,1.7752477598321574e-06,1.2455824374285667e-14,1.8,1.4219497390359814,1.001247439073042,-9.845155673937949e-09,0.7342066925826527,0.2376227433904803,0.00010095090948420064,0.04260597277341612,0.0028858494717769593,0.1697975012181927,6.537777334430118,0.2664111156271828,13.83422448559687,0.1230777456909788,7.058017226737922,0.13677666787993467,7.0687601310838515,0.1230777456909788,0.10840647102733203,0.013698922188955846,0.0,9.306793120309203,1.5165968796907972,1.6250033507181285,1.0012456638252805,-9.84514321811358e-09,0.9999999999999915,0.0,0.0,0.0,0.0,0.0,1.0012456638252805,-9.84514321811358e-09,1.775247761534073e-06,1.2455824369322743e-14
10.834060000000001,1.8,0.4964684,1.020902,0.06368038,0.3873863990536477,1.8,0.1312557094649672,0.7373318993305308,0.23673756495476417,1.8,0.13370720239284614,0.7320381778599185,0.23823694994542272,0.7320381778599185,0.23823694994542272,0.0,0.0,0.0,0.7320381778599185,0.23823694994542272,0.0,0.0,1.8,1.4216820174908569,1.0012325872659489,-9.84500963768217e-09,0.7341978123913637,0.23762525860130246,0.00010091187207677121,0.04041901376139404,0.002888029914653438,0.1697985688146144,6.537804556025107,0.2664110522815427,13.83428402100833,0.1697985688146144,0.14955787561222755,0.09661248346692836,0.0,9.306784287525195,1.5172757124748049,1.666833588087032,1.0012308120181883,-9.844997181857797e-09,0.9999999999999942,0.0,0.0,0.0,0.0,0.0,1.0012308120181883,-9.844997181857797e-09,1.775247760034551e-06,1.2455824372777715e-14,1.8,1.4219632574838381,1.0012472011898415,-9.845153334857476e-09,0.734197812107818,0.2376252586816135,0.00010095090948420054,0.04117235890995597,0.002885849471776957,0.1697975012181927,6.537777334430118,0.2664111156271828,13.83422448559687,0.1230777456909788,7.058017226737922,0.13677666787993462,7.068760131083851,0.1230777456909788,0.10840647102733195,0.013698922188955815,0.0,9.306793120309196,1.5172668796908062,1.625673350718138,1.0012454259420798,-9.845140879033107e-09,0.9999999999999916,0.0,0.0,0.0,0.0,0.0,1.0012454259420798,-9.845140879033107e-09,1.7752477616352678e-06,1.2455824367814824e-14
10.8346,1.8,0.5066237,1.027491,0.05996761,0.3970898072555272,1.8,0.13945801622475648,0.7364807271354971,0.2369786495718496,1.8,0.1418122958211087,0.732551256436323,0.23809162641059753,0.732551256436323,0.23809162641059753,0.0,0.0,0.0,0.732551256436323,0.23809162641059753,0.0,0.0,1.8,1.4216925653773795,1.0012323955391904,-9.845007752453131e-09,0.7341938835191274,0.23762637140863357,0.00010091187207677117,0.03935159623076939,0.002888029914653436,0.1697985688146144,6.537804556025107,0.2664110522815427,13.83428402100833,0.1697985688146144,0.14955787561222747,0.09661248346692836,0.0,9.30678428752519,1.5178157124748095,1.6673735880870366,1.0012306202914294,-9.84499529662876e-09,0.9999999999999942,0.0,0.0,0.0,0.0,0.0,1.0012306202914294,-9.84499529662876e-09,1.7752477602048848e-06,1.2455824372278523e-14,1.8,1.4219691453564336,1.0012470094630828,-9.845151449628436e-09,0.734193883784105,0.23762637133358172,0.00010095090948420048,0.03964243622353583,0.002885849471776955,0.1697975012181927,6.537777334430118,0.2664111156271828,13.83422448559687,0.1230777456909788,7.058017226737922,0.1367766678799346,7.068760131083851,0.1230777456909788,0.10840647102733186,0.013698922188955793,0.0,9.306793120309191,1.5178068796908113,1.6262133507181433,1.0012452342153209,-9.845138993804071e-09,0.9999999999999918,0.0,0.0,0.0,0.0,0.0,1.0012452342153209,-9.845138993804071e-09,1.7752477616558753e-06,1.2455824366930566e-14
10.83484,1.8,0.5110353,0.9855345,0.05981291,0.4013594296529989,1.8,0.14310348589577696,0.7361024283821485,0.23708579829055432,1.8,0.14541455956700616,0.7327792913591695,0.23802703817289741,0.7327792913591695,0.23802703817289741,0.0,0.0,0.0,0.7327792913591695,0.23802703817289741,0.0,0.0,1.8,1.4216947154662636,1.0012323103272978,-9.84500691457356e-09,0.7341940344430455,0.23762632866119046,0.00010091187207677114,0.03868161701503871,0.0028880299146534357,0.1697985688146144,6.537804556025107,0.2664110522815427,13.83428402100833,0.1697985688146144,0.14955787561222741,0.09661248346692836,0.0,9.306784287525186,1.5180557124748117,1.6676135880870389,1.0012305350795367,-9.844994458749187e-09,0.9999999999999942,0.0,0.0,0.0,0.0,0.0,1.0012305350795367,-9.844994458749187e-09,1.7752477602848207e-06,1.2455824372477046e-14,1.8,1.4219688206612715,1.0012469242511899,-9.845150611748865e-09,0.734194034663929,0.23762632859862776,0.00010095090948420045,0.03874250027746809,0.0028858494717769545,0.1697975012181927,6.537777334430118,0.2664111156271828,13.83422448559687,0.1230777456909788,7.058017226737922,0.1367766678799346,7.0687601310838515,0.1230777456909788,0.10840647102733184,0.013698922188955786,0.0,9.306793120309187,1.5180468796908138,1.6264533507181458,1.0012451490034282,-9.845138155924498e-09,0.9999999999999918,0.0,0.0,0.0,0.0,0.0,1.0012451490034282,-9.845138155924498e-09,1.7752477616292297e-06,1.2455824366732043e-14
10.83491,1.8,0.5121195,0.9717807,0.05987169,0.40260419085175286,1.8,0.14416674788317255,0.7359920912457536,0.23711705000017697,1.8,0.1464652198262407,0.7328458015450008,0.23800819993690128,0.7328458015450008,0.23800819993690128,0.0,0.0,0.0,0.7328458015450008,0.23800819993690128,0.0,0.0,1.8,1.4216953425755214,1.0012322854738291,-9.845006670192018e-09,0.7341940784625217,0.23762631619318622,0.00010091187207677114,0.038486206410447914,0.0028880299146534353,0.1697985688146144,6.537804556025107,0.2664110522815427,13.83428402100833,0.1697985688146144,0.14955787561222741,0.09661248346692836,0.0,9.306784287525186,1.5181257124748133,1.6676835880870404,1.0012305102260681,-9.844994214367645e-09,0.9999999999999942,0.0,0.0,0.0,0.0,0.0,1.0012305102260681,-9.844994214367645e-09,1.7752477603081355e-06,1.2455824372534948e-14,1.8,1.4219687259585159,1.001246899397721,-9.845150367367323e-09,0.7341940786705443,0.23762631613426619,0.00010095090948420045,0.03848001895986139,0.002885849471776954,0.1697975012181927,6.537777334430118,0.2664111156271828,13.83422448559687,0.1230777456909788,7.058017226737923,0.1367766678799346,7.0687601310838515,0.1230777456909788,0.10840647102733182,0.013698922188955784,0.0,9.306793120309187,1.5181168796908153,1.6265233507181474,1.0012451241499594,-9.845137911542957e-09,0.9999999999999919,0.0,0.0,0.0,0.0,0.0,1.0012451241499594,-9.845137911542957e-09,1.7752477616214582e-06,1.2455824366674141e-14
10.83498,1.8,0.5134462,0.9547425,0.05994451,0.40384895205047516,1.8,0.14523000987054113,0.7358817541093615,0.2371483017097988,1.8,0.14751588008544855,0.7329123117308303,0.23798936170090562,0.7329123117308303,0.23798936170090562,0.0,0.0,0.0,0.7329123117308303,0.23798936170090562,0.0,0.0,1.8,1.4216959696847793,1.0012322606203603,-9.845006425810475e-09,0.7341941224819979,0.23762630372518198,0.00010091187207677113,0.03829079580586207,0.0028880299146534353,0.1697985688146144,6.537804556025107,0.2664110522815427,13.83428402100833,0.1697985688146144,0.14955787561222741,0.09661248346692836,0.0,9.306784287525186,1.518195712474813,1.6677535880870402,1.0012304853725993,-9.844993969986103e-09,0.9999999999999942,0.0,0.0,0.0,0.0,0.0,1.0012304853725993,-9.844993969986103e-09,1.7752477603314501e-06,1.245582437259285e-14,1.8,1.4219686312557602,1.0012468745442524,-9.84515012298578e-09,0.7341941226771596,0.23762630366990461,0.00010095090948420044,0.03821753764226135,0.002885849471776954,0.1697975012181927,6.537777334430118,0.2664111156271828,13.83422448559687,0.1230777456909788,7.058017226737923,0.1367766678799346,7.0687601310838515,0.1230777456909788,0.10840647102733181,0.013698922188955782,0.0,9.306793120309186,1.5181868796908151,1.6265933507181471,1.0012450992964907,-9.845137667161415e-09,0.9999999999999919,0.0,0.0,0.0,0.0,0.0,1.0012450992964907,-9.845137667161415e-09,1.7752477616136867e-06,1.2455824366616238e-14
10.835040000000001,1.8,0.5143787,0.9425087,0.05999679,0.4049158902208447,1.8,0.1461413772883165,0.7357871794210222,0.23717508888947558,1.8,0.14841644602194293,0.7329693204615432,0.23797321464148022,0.7329693204615432,0.23797321464148022,0.0,0.0,0.0,0.7329693204615432,0.23797321464148022,0.0,0.0,1.8,1.4216965072070002,1.0012322393173871,-9.845006216340583e-09,0.7341941602129773,0.2376262930383212,0.00010091187207677113,0.03812330100192568,0.002888029914653435,0.1697985688146144,6.537804556025107,0.2664110522815427,13.83428402100833,0.1697985688146144,0.1495578756122274,0.09661248346692836,0.0,9.306784287525184,1.5182557124748148,1.667813588087042,1.0012304640696261,-9.84499376051621e-09,0.9999999999999942,0.0,0.0,0.0,0.0,0.0,1.0012304640696261,-9.84499376051621e-09,1.7752477603514342e-06,1.2455824372642481e-14,1.8,1.4219685500819699,1.001246853241279,-9.845149913515888e-09,0.7341941603971156,0.2376262929861661,0.00010095090948420044,0.03799255365573942,0.002885849471776954,0.1697975012181927,6.537777334430118,0.2664111156271828,13.83422448559687,0.1230777456909788,7.058017226737923,0.1367766678799346,7.0687601310838515,0.1230777456909788,0.10840647102733181,0.01369892218895578,0.0,9.306793120309186,1.518246879690817,1.626653350718149,1.0012450779935176,-9.845137457691522e-09,0.9999999999999919,0.0,0.0,0.0,0.0,0.0,1.0012450779935176,-9.845137457691522e-09,1.7752477616070252e-06,1.2455824366566606e-14
10.83508,1.8,0.5151151,0.9375325,0.05990735,0.4056271823343823,1.8,0.14674895556679743,0.7357241296287998,0.23719294700925905,1.8,0.1490168233129036,0.7330073262820161,0.23796244993519727,0.7330073262820161,0.23796244993519727,0.0,0.0,0.0,0.7330073262820161,0.23796244993519727,0.0,0.0,1.8,1.4216968655551476,1.001232225115405,-9.845006076693988e-09,0.7341941853669638,0.23762628591374735,0.00010091187207677113,0.03801163779930803,0.002888029914653435,0.1697985688146144,6.537804556025107,0.2664110522815427,13.83428402100833,0.1697985688146144,0.1495578756122274,0.09661248346692836,0.0,9.306784287525184,1.5182957124748138,1.6678535880870409,1.001230449867644,-9.844993620869616e-09,0.9999999999999942,0.0,0.0,0.0,0.0,0.0,1.001230449867644,-9.844993620869616e-09,1.775247760364757e-06,1.2455824372675569e-14,1.8,1.4219684959661094,1.001246839039297,-9.845149773869293e-09,0.7341941855437529,0.2376262858636738,0.00010095090948420044,0.03784256433140035,0.0028858494717769537,0.1697975012181927,6.537777334430118,0.2664111156271828,13.83422448559687,0.1230777456909788,7.058017226737923,0.1367766678799346,7.0687601310838515,0.1230777456909788,0.1084064710273318,0.013698922188955779,0.0,9.306793120309186,1.518286879690816,1.626693350718148,1.0012450637915353,-9.845137318044926e-09,0.9999999999999919,0.0,0.0,0.0,0.0,0.0,1.0012450637915353,-9.845137318044926e-09,1.7752477616025844e-06,1.245582436653352e-14
10.83517,1.8,0.5165987,0.9386445,0.05942178,0.40722758958990496,1.8,0.14811600669343347,0.7355822675962937,0.23723312777877342,1.8,0.1503676722176185,0.7330928393780838,0.23793822934605965,0.7330928393780838,0.23793822934605965,0.0,0.0,0.0,0.7330928393780838,0.23793822934605965,0.0,0.0,1.8,1.4216976718384793,1.0012321931609454,-9.845005762489148e-09,0.7341942419634331,0.23762626988345617,0.00010091187207677112,0.03776039559340841,0.0028880299146534344,0.1697985688146144,6.537804556025107,0.2664110522815427,13.83428402100833,0.1697985688146144,0.1495578756122274,0.09661248346692836,0.0,9.306784287525184,1.5183857124748148,1.667943588087042,1.0012304179131843,-9.844993306664776e-09,0.9999999999999942,0.0,0.0,0.0,0.0,0.0,1.0012304179131843,-9.844993306664776e-09,1.775247760394733e-06,1.2455824372750015e-14,1.8,1.4219683742054237,1.0012468070848373,-9.845149459664453e-09,0.7341942421236869,0.23762626983806606,0.00010095090948420042,0.03750508835162411,0.0028858494717769537,0.1697975012181927,6.537777334430118,0.2664111156271828,13.83422448559687,0.1230777456909788,7.058017226737923,0.1367766678799346,7.0687601310838515,0.1230777456909788,0.10840647102733178,0.013698922188955775,0.0,9.306793120309184,1.5183768796908172,1.6267833507181493,1.0012450318370756,-9.845137003840087e-09,0.9999999999999919,0.0,0.0,0.0,0.0,0.0,1.0012450318370756,-9.845137003840087e-09,1.7752477615925924e-06,1.2455824366459074e-14
10.83521,1.8,0.5173223,0.9391865,0.05918515,0.40793888170347414,1.8,0.14872358497194138,0.7355192178040685,0.23725098589855767,1.8,0.15096804950860582,0.7331308451985585,0.23792746463977624,0.7331308451985585,0.23792746463977624,0.0,0.0,0.0,0.7331308451985585,0.23792746463977624,0.0,0.0,1.8,1.4216980301866264,1.001232178958963,-9.845005622842553e-09,0.7341942671174194,0.23762626275888232,0.00010091187207677112,0.0376487323907858,0.0028880299146534344,0.1697985688146144,6.537804556025107,0.2664110522815427,13.83428402100833,0.1697985688146144,0.14955787561222736,0.09661248346692836,0.0,9.306784287525183,1.5184257124748155,1.6679835880870426,1.001230403711202,-9.84499316701818e-09,0.9999999999999942,0.0,0.0,0.0,0.0,0.0,1.001230403711202,-9.84499316701818e-09,1.7752477604080556e-06,1.2455824372783102e-14,1.8,1.4219683200895634,1.001246792882855,-9.845149320017858e-09,0.7341942672703242,0.23762626271557372,0.00010095090948420042,0.03735509902727838,0.0028858494717769537,0.1697975012181927,6.537777334430118,0.2664111156271828,13.83422448559687,0.1230777456909788,7.058017226737923,0.1367766678799346,7.0687601310838515,0.1230777456909788,0.10840647102733178,0.013698922188955775,0.0,9.306793120309184,1.5184168796908177,1.6268233507181498,1.0012450176350935,-9.84513686419349e-09,0.999999999999992,0.0,0.0,0.0,0.0,0.0,1.0012450176350935,-9.84513686419349e-09,1.7752477615881514e-06,1.2455824366425987e-14
10.83531,1.8,0.5188895,0.9403594,0.058673,0.4097171119873812,1.8,0.15024253066819765,0.7353615933235068,0.23729563119801791,1.8,0.15246899273606088,0.7332258597497445,0.2379005528740679,0.7332258597497445,0.2379005528740679,0.0,0.0,0.0,0.7332258597497445,0.2379005528740679,0.0,0.0,1.8,1.421698926056995,1.001232143454008,-9.845005273726065e-09,0.7341943300023853,0.2376262449474477,0.0001009118720767711,0.03736957438423176,0.002888029914653434,0.1697985688146144,6.537804556025107,0.2664110522815427,13.83428402100833,0.1697985688146144,0.14955787561222736,0.09661248346692836,0.0,9.306784287525183,1.5185257124748162,1.6680835880870433,1.001230368206247,-9.844992817901691e-09,0.9999999999999942,0.0,0.0,0.0,0.0,0.0,1.001230368206247,-9.844992817901691e-09,1.7752477604413624e-06,1.245582437286582e-14,1.8,1.4219681847999126,1.0012467573778996,-9.84514897090137e-09,0.7341943301369175,0.2376262449093429,0.00010095090948420041,0.03698012571641737,0.0028858494717769532,0.1697975012181927,6.537777334430118,0.2664111156271828,13.83422448559687,0.1230777456909788,7.058017226737923,0.1367766678799346,7.0687601310838515,0.1230777456909788,0.10840647102733177,0.013698922188955772,0.0,9.306793120309182,1.5185168796908186,1.6269233507181506,1.0012449821301381,-9.845136515077003e-09,0.999999999999992,0.0,0.0,0.0,0.0,0.0,1.0012449821301381,-9.845136515077003e-09,1.7752477615770491e-06,1.2455824366343269e-14
10.83561,1.8,0.5239162,0.9441231,0.05702738,0.41505180283913407,1.8,0.15479839427283534,0.7348902272262534,0.23742914015863298,1.8,0.15697182241845267,0.7335109034033039,0.23781981757694237,0.7335109034033039,0.23781981757694237,0.0,0.0,0.0,0.7335109034033039,0.23781981757694237,0.0,0.0,1.8,1.4217016136681,1.001232036939142,-9.8450042263766e-09,0.734194518657283,0.2376261915131438,0.00010091187207677108,0.036532100364564696,0.002888029914653433,0.1697985688146144,6.537804556025107,0.2664110522815427,13.83428402100833,0.1697985688146144,0.1495578756122273,0.09661248346692836,0.0,9.30678428752518,1.5188257124748201,1.6683835880870472,1.001230261691381,-9.844991770552227e-09,0.9999999999999942,0.0,0.0,0.0,0.0,0.0,1.001230261691381,-9.844991770552227e-09,1.7752477605412824e-06,1.2455824373113974e-14,1.8,1.42196777893096,1.0012466508630335,-9.845147923551904e-09,0.7341945187366974,0.23762619149065045,0.00010095090948420038,0.0358552057838277,0.0028858494717769524,0.1697975012181927,6.537777334430118,0.2664111156271828,13.83422448559687,0.1230777456909788,7.058017226737923,0.1367766678799346,7.068760131083852,0.1230777456909788,0.10840647102733171,0.013698922188955763,0.0,9.30679312030918,1.518816879690823,1.627223350718155,1.0012448756152723,-9.845135467727538e-09,0.9999999999999921,0.0,0.0,0.0,0.0,0.0,1.0012448756152723,-9.845135467727538e-09,1.7752477615437425e-06,1.2455824366095115e-14
10.83658,1.8,0.5401207,0.9562781,0.05168891,0.4323006365930518,1.8,0.16885827878392504,0.7344047201765573,0.2375666543794348,1.8,0.17105837632940837,0.7340550666997772,0.2376656896569661,0.7340550666997772,0.2376656896569661,0.0,0.0,0.0,0.7340550666997772,0.2376656896569661,0.0,0.0,1.8,1.4217244441504662,1.0012316925410756,-9.845000839946663e-09,0.7341949948946481,0.2376260566244533,0.00010091187207677097,0.03518199528484452,0.0028880299146534305,0.1697985688146144,6.537804556025107,0.2664110522815427,13.83428402100833,0.1697985688146144,0.14955787561222716,0.09661248346692836,0.0,9.30678428752517,1.519795712474829,1.6693535880870558,1.0012299172933146,-9.844988384122289e-09,0.9999999999999942,0.0,0.0,0.0,0.0,0.0,1.0012299172933146,-9.844988384122289e-09,1.7752477608202466e-06,1.2455824373541274e-14,1.8,1.421983894882943,1.0012463064649666,-9.845144537121966e-09,0.7341949948944724,0.23762605662450292,0.00010095090948420026,0.03389968642168538,0.0028858494717769498,0.1697975012181927,6.537777334430118,0.2664111156271828,13.83422448559687,0.1230777456909788,7.058017226737924,0.1367766678799346,7.068760131083853,0.1230777456909788,0.10840647102733157,0.013698922188955737,0.0,9.30679312030917,1.5197868796908316,1.6281933507181636,1.0012445312172056,-9.8451320812976e-09,0.9999999999999923,0.0,0.0,0.0,0.0,0.0,1.0012445312172056,-9.8451320812976e-09,1.775247761459653e-06,1.2455824365070497e-14
10.83966,1.8,0.593246,0.9957482,0.03330163,0.4872821189873462,1.8,0.2103712176027098,0.562308750259221,0.22321115716655238,1.8,0.21356982240561992,0.20477418467281197,0.19006612736217626,0.20477418467281197,0.19006612736217626,0.0,0.0,0.0,0.20477418467281197,0.19006612736217626,0.0,0.0,1.8,1.4218372311332548,1.0012305989884516,-9.844990087158818e-09,0.7341949948945778,0.237626056624473,0.00010091187207677063,0.03485721601340021,0.002888029914653422,0.1697985688146144,6.537804556025108,0.2664110522815427,13.83428402100833,0.1697985688146144,0.14955787561222664,0.09661248346692836,0.0,9.30678428752514,1.5228757124748604,1.6724335880870866,1.0012288237406906,-9.844977631334448e-09,0.9999999999999941,0.0,0.0,0.0,0.0,0.0,1.0012288237406906,-9.844977631334448e-09,1.775247761015564e-06,1.2455824370657492e-14,1.8,1.4221242045212983,1.0012452129123421,-9.84513378433412e-09,0.7341949948945433,0.23762605662448275,0.00010095090948419991,0.03625956708439254,0.0028858494717769407,0.1697975012181927,6.537777334430119,0.2664111156271828,13.834224485596879,0.1230777456909788,7.058017226737924,0.1367766678799345,7.068760131083854,0.1230777456909788,0.10840647102733122,0.013698922188955675,0.0,9.306793120309136,1.522866879690865,1.631273350718196,1.0012434376645811,-9.84512132850976e-09,0.999999999999993,0.0,0.0,0.0,0.0,0.0,1.0012434376645811,-9.84512132850976e-09,1.7752477612679158e-06,1.2455824360731328e-14
10.84155,1.8,0.6252004,0.9699665,0.03491011,0.5206714069016156,1.8,0.23788108082096726,0.8751553903264615,0.15090224716083814,1.8,0.23602953282879882,0.8752966422005142,0.1508355544562605,0.8752966422005142,0.1508355544562605,0.0,0.0,0.0,0.8752966422005142,0.1508355544562605,0.0,0.0,1.8,1.4218780573885603,1.0012299279447934,-9.844983488857208e-09,0.8755662428528106,0.15047518720778813,0.0001009118720767704,0.032622167130243365,0.002888029914653421,0.1697985688146144,6.537804556025108,0.2664110522815427,13.83428402100833,0.1697985688146144,0.1495578756122262,0.09661248346692836,0.0,9.30678428752513,1.5247657124748717,1.6743235880870977,1.0012281526970348,-9.844971033032816e-09,0.9999999999999953,0.0,0.0,0.0,0.0,0.0,1.0012281526970348,-9.844971033032816e-09,1.77524775916151e-06,1.2455824391400642e-14,1.8,1.4221305834060776,1.0012445418686882,-9.845127186032537e-09,0.8755660570980132,0.15047543550075285,0.0001009509094841999,0.030540902726706776,0.0028858494717769424,0.1697975012181927,6.537777334430118,0.2664111156271828,13.83422448559688,0.1230777456909788,7.058017226737924,0.1367766678799345,7.068760131083854,0.1230777456909788,0.10840647102733117,0.013698922188955671,0.0,9.306793120309122,1.5247568796908784,1.6331633507182097,1.0012427666209252,-9.845114730208128e-09,0.9999999999999927,0.0,0.0,0.0,0.0,0.0,1.0012427666209252,-9.845114730208128e-09,1.7752477629365194e-06,1.245582440794332e-14
10.841959999999998,1.8,0.632039,0.9735355,0.03344989,0.5277177656387446,1.8,0.24505415059857977,0.8716911057042539,0.15565496885810493,1.8,0.24326502361232438,0.8764103563296995,0.1493468855939981,0.8764103563296995,0.1493468855939981,0.0,0.0,0.0,0.8764103563296995,0.1493468855939981,0.0,0.0,1.8,1.4218803108345934,1.0012297823744767,-9.844982057479609e-09,0.8750536871031761,0.15116030537649863,0.0001009118720767704,0.03153652218471273,0.0028880299146534206,0.1697985688146144,6.537804556025108,0.2664110522815427,13.83428402100833,0.1697985688146144,0.14955787561222617,0.09661248346692836,0.0,9.306784287525124,1.5251757124748764,1.6747335880871024,1.0012280071267177,-9.844969601655215e-09,0.9999999999999951,0.0,0.0,0.0,0.0,0.0,1.0012280071267177,-9.844969601655215e-09,1.7752477586952116e-06,1.245582439359274e-14,1.8,1.4221362996406262,1.0012443962983704,-9.845125754654933e-09,0.875053712916874,0.15116027087208872,0.0001009509094841998,0.029877328393483383,0.002885849471776939,0.1697975012181927,6.537777334430119,0.2664111156271828,13.83422448559688,0.1230777456909788,7.058017226737924,0.13677666787993445,7.068760131083853,0.1230777456909788,0.10840647102733106,0.013698922188955647,0.0,9.306793120309106,1.525166879690891,1.6335733507182228,1.0012426210506087,-9.845113298830527e-09,0.9999999999999916,0.0,0.0,0.0,0.0,0.0,1.0012426210506087,-9.845113298830527e-09,1.775247761604088e-06,1.2455824407737797e-14
10.842270000000001,1.8,0.637112,0.976193,0.03236101,0.5330455002937066,1.8,0.2504324746779927,0.8727521592035273,0.1542366899082649,1.8,0.24869004701630565,0.8758733906249803,0.1500646318304612,0.8758733906249803,0.1500646318304612,0.0,0.0,0.0,0.8758733906249803,0.1500646318304612,0.0,0.0,1.8,1.4218820327449657,1.0012296723091152,-9.844980975218495e-09,0.8750339317805274,0.15118671173421672,0.00010091187207677039,0.030744817429338503,0.0028880299146534197,0.1697985688146144,6.537804556025108,0.2664110522815427,13.83428402100833,0.1697985688146144,0.1495578756122261,0.09661248346692836,0.0,9.30678428752512,1.5254857124748813,1.6750435880871073,1.0012278970613562,-9.844968519394101e-09,0.9999999999999949,0.0,0.0,0.0,0.0,0.0,1.0012278970613562,-9.844968519394101e-09,1.7752477586382247e-06,1.245582439383545e-14,1.8,1.42214418943983,1.0012442862330082,-9.845124672393818e-09,0.8750339560062264,0.15118667935243846,0.00010095090948419978,0.02973219720913348,0.0028858494717769376,0.1697975012181927,6.537777334430118,0.2664111156271828,13.83422448559688,0.1230777456909788,7.058017226737925,0.13677666787993448,7.068760131083853,0.1230777456909788,0.10840647102733099,0.013698922188955664,0.0,9.3067931203091,1.5254768796908962,1.633883350718228,1.0012425109852474,-9.845112216569413e-09,0.9999999999999913,0.0,0.0,0.0,0.0,0.0,1.0012425109852474,-9.845112216569413e-09,1.7752477611073573e-06,1.2455824406099798e-14
10.84326,1.8,0.6533796,0.9847505,0.02884672,0.550059878707801,1.8,0.267448991711963,0.8755563777867418,0.15048837355094025,1.8,0.2657635683137929,0.8745218130913469,0.15187124569709598,0.8745218130913469,0.15187124569709598,0.0,0.0,0.0,0.8745218130913469,0.15187124569709598,0.0,0.0,1.8,1.4218981271740223,1.0012293208100578,-9.844977518965257e-09,0.8751027283062354,0.15109475344530765,0.00010091187207677025,0.02938808129043669,0.002888029914653417,0.1697985688146144,6.537804556025109,0.2664110522815427,13.83428402100833,0.1697985688146144,0.14955787561222603,0.09661248346692836,0.0,9.306784287525112,1.5264757124748862,1.6760335880871122,1.0012275455622985,-9.844965063140864e-09,0.9999999999999946,0.0,0.0,0.0,0.0,0.0,1.0012275455622985,-9.844965063140864e-09,1.7752477591267529e-06,1.2455824394022334e-14,1.8,1.4221848053644437,1.0012439347339495,-9.845121216140577e-09,0.8751027264947908,0.15109475586661292,0.00010095090948419965,0.030789115916341533,0.0028858494717769337,0.1697975012181927,6.537777334430118,0.2664111156271828,13.83422448559688,0.1230777456909788,7.058017226737926,0.13677666787993437,7.068760131083854,0.1230777456909788,0.10840647102733085,0.01369892218895561,0.0,9.306793120309086,1.5264668796909153,1.6348733507182474,1.0012421594861896,-9.845108760316177e-09,0.9999999999999915,0.0,0.0,0.0,0.0,0.0,1.0012421594861896,-9.845108760316177e-09,1.7752477601850744e-06,1.245582439982364e-14
10.84642,1.8,0.7057853,1.013422,0.01727718,0.6043683997063239,1.8,0.3200821703275801,0.8751420283109246,0.15104222228696626,1.8,0.3182877409104701,0.874967694159467,0.1512752496106781,0.874967694159467,0.1512752496106781,0.0,0.0,0.0,0.874967694159467,0.1512752496106781,0.0,0.0,1.8,1.421926305676642,1.0012281988534701,-9.844966486884218e-09,0.87509809106836,0.15110095190454562,0.0001009118720767699,0.023709664831647596,0.002888029914653409,0.1697985688146144,6.537804556025108,0.2664110522815427,13.83428402100833,0.1697985688146144,0.1495578756122256,0.09661248346692833,0.0,9.306784287525083,1.5296357124749158,1.6791935880871418,1.0012264236057102,-9.844954031059833e-09,0.9999999999999946,0.0,0.0,0.0,0.0,0.0,1.0012264236057102,-9.844954031059833e-09,1.775247760127385e-06,1.2455824385222283e-14,1.8,1.422184520981039,1.0012428127773603,-9.845110184059527e-09,0.8750980910682932,0.15110095190463524,0.0001009509094841993,0.022357550025769817,0.002885849471776922,0.1697975012181927,6.537777334430118,0.2664111156271828,13.83422448559688,0.1230777456909788,7.058017226737927,0.1367766678799343,7.068760131083855,0.1230777456909788,0.1084064710273305,0.013698922188955479,0.0,9.306793120309054,1.5296268796909478,1.6380333507182778,1.0012410375296013,-9.845097728235145e-09,0.9999999999999923,0.0,0.0,0.0,0.0,0.0,1.0012410375296013,-9.845097728235145e-09,1.77524775991195e-06,1.2455824381766014e-14
10.84818,1.8,0.7341176,0.9816641,0.01877435,0.6341311085164791,1.8,0.3480742668101476,0.875039501772843,0.15117926648960123,1.8,0.3463554499285028,0.8751479909758201,0.15103425216848346,0.8751479909758201,0.15103425216848346,0.0,0.0,0.0,0.8751479909758201,0.15103425216848346,0.0,0.0,1.8,1.422043124571944,1.0012275739662568,-9.844960342434017e-09,0.8750980910683333,0.1511009519045814,0.0001009118720767697,0.030317259452932323,0.002888029914653404,0.1697985688146144,6.537804556025108,0.2664110522815427,13.83428402100833,0.1697985688146144,0.1495578756122253,0.09661248346692833,0.0,9.306784287525067,1.5313957124749358,1.6809535880871616,1.001225798718497,-9.844947886609635e-09,0.9999999999999947,0.0,0.0,0.0,0.0,0.0,1.001225798718497,-9.844947886609635e-09,1.7752477601446364e-06,1.2455824381840845e-14,1.8,1.4223108387380887,1.0012421878901472,-9.845104039609322e-09,0.8750980910683329,0.15110095190458186,0.0001009509094841991,0.029993408800782818,0.002885849471776917,0.1697975012181927,6.537777334430119,0.2664111156271828,13.83422448559688,0.1230777456909788,7.058017226737928,0.1367766678799342,7.068760131083856,0.1230777456909788,0.1084064710273303,0.013698922188955439,0.0,9.306793120309036,1.5313868796909584,1.6397933507182885,1.0012404126423873,-9.845091583784948e-09,0.9999999999999927,0.0,0.0,0.0,0.0,0.0,1.0012404126423873,-9.845091583784948e-09,1.775247760127385e-06,1.2455824373569206e-14
10.84985,1.8,0.7598494,0.9884696,0.01497952,0.6609482346153929,1.8,0.3728707858708428,0.8775306222509565,0.14743486925933244,1.8,0.3717385690920818,0.8751580200249964,0.1510208466339424,0.8751580200249964,0.1510208466339424,0.0,0.0,0.0,0.8751580200249964,0.1510208466339424,0.0,0.0,1.8,1.4220271309380574,1.0012269810335026,-9.844954512188657e-09,0.8750980910683333,0.1511009519045814,0.0001009118720767695,0.024410846605377567,0.002888029914653398,0.1697985688146144,6.537804556025109,0.2664110522815427,13.83428402100834,0.1697985688146144,0.149557875612225,0.09661248346692833,0.0,9.306784287525051,1.533065712474949,1.6826235880871738,1.0012252057857427,-9.844942056364282e-09,0.9999999999999948,0.0,0.0,0.0,0.0,0.0,1.0012252057857427,-9.844942056364282e-09,1.7752477607742292e-06,1.2455824375586398e-14,1.8,1.4223161742224244,1.001241594957393,-9.84509820936396e-09,0.8750980910683199,0.15110095190459946,0.0001009509094841989,0.02605683975509842,0.002885849471776911,0.1697975012181927,6.537777334430119,0.2664111156271828,13.83422448559688,0.1230777456909787,7.058017226737928,0.1367766678799341,7.068760131083856,0.1230777456909787,0.1084064710273301,0.013698922188955402,0.0,9.306793120309019,1.5330568796909814,1.6414633507183105,1.001239819709633,-9.845085753539593e-09,0.999999999999993,0.0,0.0,0.0,0.0,0.0,1.001239819709633,-9.845085753539593e-09,1.775247760127385e-06,1.2455824367314593e-14
10.8512,1.8,0.7803999,0.9939954,0.01189042,0.6826267497252902,1.8,0.39372998132394277,0.9120634667402769,0.0908566371092156,1.8,0.3888475384296831,0.9184613788109899,0.08083366360080894,0.9184613788109899,0.08083366360080894,0.0,0.0,0.0,0.9184613788109899,0.08083366360080894,0.0,0.0,1.8,1.4220541065410608,1.0012265017166049,-9.844949799116087e-09,0.9241716636601967,0.07307794351245737,0.0001009118720767693,0.02391439689839658,0.0028880299146533937,0.1697985688146144,6.537804556025109,0.2664110522815427,13.83428402100834,0.1697985688146144,0.14955787561222475,0.0966124834669283,0.0,9.306784287525037,1.534415712474964,1.683973588087189,1.0012247264688459,-9.844937343291688e-09,0.9999999999999946,0.0,0.0,0.0,0.0,0.0,1.0012247264688459,-9.844937343291688e-09,1.775247759683296e-06,1.2455824397797277e-14,1.8,1.4223136957391964,1.0012411156404983,-9.845093496291387e-09,0.9241705763142603,0.07307942034784161,0.000100950909484199,0.022517872022024175,0.00288584947177691,0.1697975012181927,6.537777334430119,0.2664111156271828,13.83422448559688,0.1230777456909787,7.058017226737928,0.1367766678799341,7.068760131083857,0.1230777456909787,0.1084064710273302,0.0136989221889554,0.0,9.306793120309026,1.5344068796909758,1.6428133507183054,1.0012393403927362,-9.845081040467e-09,0.999999999999994,0.0,0.0,0.0,0.0,0.0,1.0012393403927362,-9.845081040467e-09,1.775247761903742e-06,1.24558243869753e-14
10.85268,1.8,0.8028419,0.9979371,0.009133424,0.7063928255494516,1.8,0.419388742528043,0.9211485133882473,0.07718399214460583,1.8,0.4146603026910479,0.9213998045994347,0.07684268792842412,0.9213998045994347,0.07684268792842412,0.0,0.0,0.0,0.9213998045994347,0.07684268792842412,0.0,0.0,1.8,1.4220609547353988,1.0012259762432665,-9.844944632192062e-09,0.9214342726350909,0.0767958733747541,0.00010091187207676933,0.02125468586859392,0.0028880299146533963,0.1697985688146144,6.537804556025109,0.2664110522815427,13.83428402100834,0.1697985688146144,0.1495578756122247,0.0966124834669283,0.0,9.306784287525025,1.5358957124749721,1.685453588087197,1.0012242009955064,-9.84493217636766e-09,0.9999999999999942,0.0,0.0,0.0,0.0,0.0,1.0012242009955064,-9.84493217636766e-09,1.7752477599961536e-06,1.245582440118794e-14,1.8,1.4223405615437592,1.0012405901671575,-9.845088329367348e-09,0.9214342739410275,0.07679587160102852,0.00010095090948419873,0.02202247492088867,0.0028858494717768977,0.16979750121819276,6.537777334430119,0.2664111156271828,13.83422448559688,0.1230777456909787,7.058017226737928,0.136776667879934,7.068760131083858,0.1230777456909787,0.10840647102732982,0.013698922188955272,0.0,9.306793120309022,1.5358868796909786,1.644293350718308,1.0012388149193976,-9.845075873542971e-09,0.9999999999999913,0.0,0.0,0.0,0.0,0.0,1.0012388149193976,-9.845075873542971e-09,1.775247760283798e-06,1.2455824377350755e-14
10.856050000000002,1.8,0.8517158,0.9938426,0.008271565,0.758887749353735,1.8,0.4759735324358471,0.9215646483555863,0.07661879681532127,1.8,0.47136720688929595,0.9213197129542698,0.07695146855806316,0.9213197129542698,0.07695146855806316,0.0,0.0,0.0,0.9213197129542698,0.07695146855806316,0.0,0.0,1.8,1.4220766274320218,1.0012247797262726,-9.844932866966388e-09,0.9214449554982029,0.07678136388911087,0.00010091187207676903,0.01638033680438543,0.002888029914653388,0.1697985688146144,6.53780455602511,0.2664110522815427,13.83428402100834,0.1697985688146144,0.14955787561222417,0.0966124834669283,0.0,9.30678428752499,1.5392657124750095,1.6888235880872335,1.0012230044785118,-9.844920411142003e-09,0.9999999999999942,0.0,0.0,0.0,0.0,0.0,1.0012230044785118,-9.844920411142003e-09,1.77524776034943e-06,1.245582438524144e-14,1.8,1.4223375601048969,1.001239393650164,-9.845076564141677e-09,0.9214449554979114,0.07678136388950688,0.00010095090948419832,0.015318948251809579,0.0028858494717768864,0.1697975012181927,6.537777334430119,0.2664111156271828,13.83422448559688,0.1230777456909787,7.05801722673793,0.1367766678799338,7.068760131083859,0.1230777456909787,0.10840647102732934,0.01369892218895514,0.0,9.306793120308999,1.5392568796910053,1.6476633507183345,1.001237618402403,-9.845064108317311e-09,0.9999999999999922,0.0,0.0,0.0,0.0,0.0,1.001237618402403,-9.845064108317311e-09,1.7752477609803244e-06,1.2455824365731155e-14
10.86064,1.8,0.9137665,0.9931798,0.005254685,0.8252998714453759,1.8,0.5482125524604254,0.9225072379431662,0.07533856978768329,1.8,0.5421787860814541,0.7014656678617592,0.2285102693873315,0.7014656678617592,0.2285102693873315,0.0,0.0,0.0,0.7014656678617592,0.2285102693873315,0.0,0.0,1.8,1.4221648141781218,1.0012231500488231,-9.844916842519576e-09,0.9123366950656845,0.08915222108308003,0.0001009118720767686,0.016346825988856867,0.002888029914653373,0.1697985688146144,6.537804556025109,0.2664110522815427,13.83428402100834,0.1697985688146144,0.1495578756122235,0.0966124834669283,0.0,9.306784287524932,1.5438557124750718,1.6934135880872947,1.0012213748010623,-9.844904386695184e-09,0.9999999999999953,0.0,0.0,0.0,0.0,0.0,1.0012213748010623,-9.844904386695184e-09,1.7752477606498708e-06,1.2455824390819152e-14,1.8,1.4224482521919928,1.0012377639727172,-9.845060539694895e-09,0.9123384148221447,0.08914988530648092,0.000100950909484198,0.017357069334097905,0.0028858494717768786,0.1697975012181928,6.53777733443012,0.2664111156271828,13.83422448559688,0.1230777456909787,7.058017226737931,0.1367766678799338,7.068760131083859,0.1230777456909787,0.1084064710273291,0.013698922188955081,0.0,9.306793120308956,1.5438468796910434,1.6522533507183728,1.0012359887249533,-9.845048083870496e-09,0.9999999999999942,0.0,0.0,0.0,0.0,0.0,1.0012359887249533,-9.845048083870496e-09,1.775247763758495e-06,1.2455824399675056e-14
10.86419,1.8,0.9586037,0.9973496,0.002232458,0.8756547375000259,1.8,0.6078674941233421,0.9660971671742898,0.033066547663418946,1.8,0.6016583763941928,0.9654074221442002,0.033892367799166434,0.9654074221442002,0.033892367799166434,0.0,0.0,0.0,0.9654074221442002,0.033892367799166434,0.0,0.0,1.8,1.4221978188019715,1.0012218896229093,-9.844904448884231e-09,0.965622823329293,0.03363447157932649,0.00010091187207676803,0.01410606922074881,0.0028880299146533603,0.1697985688146144,6.53780455602511,0.2664110522815427,13.83428402100834,0.1697985688146144,0.14955787561222303,0.09661248346692827,0.0,9.306784287524904,1.5474057124750933,1.6969635880873166,1.0012201143751482,-9.844891993059847e-09,0.9999999999999946,0.0,0.0,0.0,0.0,0.0,1.0012201143751482,-9.844891993059847e-09,1.775247761459653e-06,1.2455824384664276e-14,1.8,1.422477153035959,1.0012365035468007,-9.845048146059521e-09,0.9656228233806046,0.033634471517892034,0.00010095090948419752,0.014809742036560755,0.002885849471776864,0.1697975012181928,6.53777733443012,0.2664111156271828,13.83422448559688,0.1230777456909787,7.058017226737933,0.1367766678799336,7.06876013108386,0.1230777456909787,0.10840647102732832,0.013698922188954929,0.0,9.306793120308928,1.5473968796910724,1.6558033507184005,1.0012347282990386,-9.845035690235159e-09,0.9999999999999917,0.0,0.0,0.0,0.0,0.0,1.0012347282990386,-9.845035690235159e-09,1.7752477613179943e-06,1.2455824361503726e-14
10.86703,1.8,0.9923555,0.9940606,0.002165423,0.9123350305769345,1.8,0.6540367029551675,0.965617842594821,0.033640434929025784,1.8,0.6481322921503351,0.9656236489457926,0.03363348308256308,0.9656236489457926,0.03363348308256308,0.0,0.0,0.0,0.9656236489457926,0.03363348308256308,0.0,0.0,1.8,1.42222368007653,1.0012208812821783,-9.844894533975957e-09,0.9656227159619912,0.03363460012839291,0.00010091187207676772,0.01303544312684041,0.002888029914653352,0.16979856881461444,6.53780455602511,0.2664110522815427,13.83428402100834,0.16979856881461444,0.14955787561222258,0.09661248346692826,0.0,9.306784287524875,1.5502457124751248,1.6998035880873468,1.0012191060344169,-9.844882078151576e-09,0.9999999999999946,0.0,0.0,0.0,0.0,0.0,1.0012191060344169,-9.844882078151576e-09,1.7752477615429309e-06,1.2455824379323958e-14,1.8,1.422484603025339,1.0012354952060687,-9.845038231151245e-09,0.965622715961979,0.03363460012840755,0.00010095090948419722,0.012055743409260635,0.002885849471776854,0.1697975012181928,6.537777334430121,0.2664111156271828,13.83422448559688,0.12307774569097865,7.058017226737933,0.1367766678799335,7.068760131083862,0.12307774569097865,0.10840647102732799,0.013698922188954864,0.0,9.306793120308898,1.5502368796911008,1.6586433507184288,1.0012337199583077,-9.845025775326888e-09,0.9999999999999925,0.0,0.0,0.0,0.0,0.0,1.0012337199583077,-9.845025775326888e-09,1.775247760404938e-06,1.2455824358230765e-14
10.871550000000001,1.8,1.042019,0.9969954,0.00135406,0.9675303506743927,1.8,0.7238468627997869,0.9849058045044607,0.013278060565209993,1.8,0.7168726680320656,0.9849457460046981,0.013253281245267423,0.9849457460046981,0.013253281245267423,0.0,0.0,0.0,0.9849457460046981,0.013253281245267423,0.0,0.0,1.8,1.422276966775252,1.0012192764581977,-9.844878753910693e-09,0.9850053922796929,0.013198570373843069,0.0001009118720767673,0.012218358199272333,0.002888029914653336,0.1697985688146145,6.53780455602511,0.2664110522815427,13.83428402100834,0.1697985688146145,0.1495578756122221,0.09661248346692825,0.0,9.306784287524822,1.5547657124751793,1.7043235880874013,1.0012175012104358,-9.844866298086301e-09,0.9999999999999942,0.0,0.0,0.0,0.0,0.0,1.0012175012104358,-9.844866298086301e-09,1.7752477618315686e-06,1.2455824390842332e-14,1.8,1.422528762843891,1.0012338903820883,-9.845022451086012e-09,0.9850053511834178,0.013198608069625826,0.0001009509094841967,0.010176960896730293,0.002885849471776847,0.1697975012181928,6.537777334430121,0.2664111156271828,13.83422448559688,0.1230777456909786,7.058017226737934,0.1367766678799334,7.068760131083863,0.1230777456909786,0.1084064710273278,0.01369892218895478,0.0,9.306793120308877,1.554756879691124,1.663163350718452,1.0012321151343269,-9.845009995261613e-09,0.9999999999999927,0.0,0.0,0.0,0.0,0.0,1.0012321151343269,-9.845009995261613e-09,1.7752477615345255e-06,1.245582439855583e-14
10.87585,1.8,1.085094,1.000446,0.0003688304,1.0156589533632279,1.8,0.789730090059897,0.9849828161157428,0.013219278483498423,1.8,0.7832541049461338,0.9848453340002599,0.01334538470461583,0.9848453340002599,0.01334538470461583,0.0,0.0,0.0,0.9848453340002599,0.01334538470461583,0.0,0.0,1.8,1.4222667477484543,1.0012177497451196,-9.844863741901684e-09,0.9849017938212403,0.013293596625535108,0.00010091187207676685,0.007084447019927951,0.0028880299146533247,0.1697985688146145,6.537804556025111,0.2664110522815427,13.83428402100834,0.1697985688146145,0.14955787561222147,0.09661248346692823,0.0,9.306784287524787,1.559065712475212,1.7086235880874334,1.0012159744973566,-9.844851286077302e-09,0.9999999999999942,0.0,0.0,0.0,0.0,0.0,1.0012159744973566,-9.844851286077302e-09,1.7752477625124422e-06,1.2455824382497416e-14,1.8,1.4225294045386068,1.0012323636690077,-9.845007439076989e-09,0.9849017938239394,0.013293596623059515,0.00010095090948419606,0.006234011397655451,0.0028858494717768335,0.1697975012181928,6.537777334430122,0.2664111156271828,13.83422448559688,0.1230777456909786,7.058017226737936,0.1367766678799333,7.068760131083864,0.1230777456909786,0.10840647102732716,0.013698922188954663,0.0,9.30679312030882,1.559056879691182,1.6674633507185088,1.0012305884212476,-9.844994983252612e-09,0.9999999999999921,0.0,0.0,0.0,0.0,0.0,1.0012305884212476,-9.844994983252612e-09,1.775247760242273e-06,1.2455824377477122e-14
10.88194,1.8,1.13936,0.9979071,-0.0007006373,1.0773863970149258,1.8,0.8755819395771536,0.9915884663399561,0.005009146905679132,1.8,0.8687777843003727,0.9917824598674121,0.004649439288200834,0.9917824598674121,0.004649439288200834,0.0,0.0,0.0,0.9917824598674121,0.004649439288200834,0.0,0.0,1.8,1.4223377942290532,1.0012155874933408,-9.844842480707527e-09,0.9917257826025964,0.004754531680505976,0.00010091187207676616,0.008160196561278596,0.0028880299146533117,0.1697985688146145,6.537804556025111,0.2664110522815427,13.83428402100834,0.1697985688146145,0.14955787561222036,0.09661248346692825,0.0,9.306784287524769,1.565155712475232,1.714713588087453,1.0012138122455778,-9.84483002488316e-09,0.9999999999999951,0.0,0.0,0.0,0.0,0.0,1.0012138122455778,-9.84483002488316e-09,1.7752477637679223e-06,1.245582436712296e-14,1.8,1.4225928076276144,1.0012302014172294,-9.84498617788288e-09,0.9917257836103438,0.004754529811915743,0.00010095090948419546,0.006528587410079427,0.002885849471776815,0.1697975012181928,6.537777334430121,0.2664111156271828,13.83422448559688,0.1230777456909786,7.058017226737938,0.1367766678799331,7.068760131083866,0.1230777456909786,0.10840647102732676,0.013698922188954502,0.0,9.306793120308791,1.5651468796912116,1.6735533507185376,1.0012284261694684,-9.84497372205847e-09,0.9999999999999916,0.0,0.0,0.0,0.0,0.0,1.0012284261694684,-9.84497372205847e-09,1.775247761015564e-06,1.2455824409828196e-14
10.889809999999999,1.8,1.198245,1.000005,1.199511e-06,1.1444434342857113,1.8,0.9755780952235137,0.9921005195870041,0.0040596850554150835,1.8,0.969676553092276,0.9917375279280798,0.004732753206236536,0.9917375279280798,0.004732753206236536,0.0,0.0,0.0,0.9917375279280798,0.004732753206236536,0.0,0.0,1.8,1.422377380261365,1.0012127932533548,-9.844815005239892e-09,0.9917274928922754,0.004751360418898952,0.00010091187207676532,0.006566845087633185,0.0028880299146532926,0.1697985688146145,6.537804556025112,0.2664110522815427,13.83428402100834,0.1697985688146145,0.1495578756122193,0.09661248346692819,0.0,9.306784287524698,1.5730257124753007,1.7225835880875198,1.0012110180055926,-9.844802549415523e-09,0.9999999999999948,0.0,0.0,0.0,0.0,0.0,1.0012110180055926,-9.844802549415523e-09,1.7752477621372435e-06,1.2455824368862689e-14,1.8,1.422665303313216,1.001227407177244,-9.844958702415203e-09,0.9917274928922748,0.0047513604188999525,0.00010095090948419451,0.008201259341120795,0.0028858494717767863,0.1697975012181929,6.537777334430122,0.2664111156271828,13.83422448559688,0.1230777456909785,7.058017226737941,0.1367766678799328,7.068760131083869,0.1230777456909785,0.10840647102732572,0.013698922188954231,0.0,9.30679312030871,1.5730168796912876,1.6814233507186136,1.001225631929484,-9.844946246590835e-09,0.999999999999993,0.0,0.0,0.0,0.0,0.0,1.001225631929484,-9.844946246590835e-09,1.77524776034943e-06,1.2455824369033412e-14
10.89767,1.8,1.245876,1.000005,1.199511e-06,1.2012233013698634,1.8,1.0615751688612587,0.9962239358275055,0.0012193159848275918,1.8,1.0562449247137577,0.9962268022828923,0.0012151799999571063,0.9962268022828923,0.0012151799999571063,0.0,0.0,0.0,0.9962268022828923,0.0012151799999571063,0.0,0.0,1.8,1.4224253972823995,1.001210002563866,-9.844787564683912e-09,0.9962254212284921,0.0012171727119772726,0.00010091187207676456,0.007369214890677019,0.0028880299146532705,0.16979856881461453,6.537804556025113,0.2664110522815427,13.834284021008344,0.16979856881461453,0.14955787561221817,0.09661248346692818,0.0,9.306784287524632,1.5808857124753697,1.730443588087588,1.0012082273161043,-9.844775108859537e-09,0.9999999999999942,0.0,0.0,0.0,0.0,0.0,1.0012082273161043,-9.844775108859537e-09,1.775247761681698e-06,1.245582437539477e-14,1.8,1.422689384206089,1.0012246164877556,-9.844931261859211e-09,0.9962254212284917,0.0012171727119777503,0.00010095090948419396,0.0068010115284588115,0.002885849471776764,0.1697975012181929,6.537777334430123,0.2664111156271828,13.83422448559688,0.1230777456909785,7.058017226737943,0.13677666787993253,7.068760131083871,0.1230777456909785,0.10840647102732466,0.01369892218895403,0.0,9.306793120308653,1.5808768796913517,1.689283350718676,1.001222841239995,-9.844918806034847e-09,0.9999999999999926,0.0,0.0,0.0,0.0,0.0,1.001222841239995,-9.844918806034847e-09,1.775247760793519e-06,1.2455824363464043e-14
10.90903,1.8,1.298805,1.003236,1.202656e-06,1.263141076246335,1.8,1.1617534563978449,0.9975131010846515,0.0002421960232233904,1.8,1.15751650888639,0.9975133633123414,0.00024216687838299285,0.9975133633123414,0.00024216687838299285,0.0,0.0,0.0,0.9975133633123414,0.00024216687838299285,0.0,0.0,1.8,1.4224547411247992,1.001205969200941,-9.844747905050828e-09,0.9975132536008413,0.0002421790720768023,0.0001009118720767635,0.005659382451868198,0.0028880299146532384,0.1697985688146146,6.537804556025113,0.2664110522815427,13.83428402100835,0.1697985688146146,0.14955787561221634,0.09661248346692808,0.0,9.306784287524547,1.5922457124754543,1.74180358808767,1.0012041939531786,-9.844735449226454e-09,0.9999999999999948,0.0,0.0,0.0,0.0,0.0,1.0012041939531786,-9.844735449226454e-09,1.775247762344741e-06,1.2455824372901716e-14,1.8,1.4227325859274906,1.0012205831248309,-9.844891602226132e-09,0.9975132536008412,0.00024217907207681422,0.00010095090948419285,0.00638028365631994,0.002885849471776737,0.1697975012181929,6.537777334430124,0.2664111156271828,13.83422448559689,0.1230777456909784,7.058017226737946,0.13677666787993226,7.068760131083874,0.1230777456909784,0.10840647102732305,0.013698922188953789,0.0,9.306793120308521,1.59223687969148,1.7006433507188026,1.0012188078770698,-9.844879146401768e-09,0.9999999999999929,0.0,0.0,0.0,0.0,0.0,1.0012188078770698,-9.844879146401768e-09,1.7752477613470882e-06,1.2455824364606947e-14
10.92417,1.8,1.346562,0.9983581,1.197907e-06,1.3215610224609378,1.8,1.257150949601153,0.9999930093608599,-9.832825998623297e-09,1.8,1.2542270437863552,0.9999415546514533,-9.832320049881985e-09,0.9999415546514533,-9.832320049881985e-09,0.0,0.0,0.0,0.9999415546514533,-9.832320049881985e-09,0.0,0.0,1.8,1.4224467559536311,1.0012005937507054,-9.844695048814492e-09,0.9999578913829569,-9.832480687243207e-09,0.00010091187207676212,0.0011118563807838231,0.0028880299146532003,0.1697985688146146,6.537804556025113,0.2664110522815427,13.83428402100835,0.1697985688146146,0.14955787561221454,0.09661248346692808,0.0,9.306784287524465,1.6073857124755335,1.7569435880877475,1.0011988185029423,-9.844682592990115e-09,0.9999999999999946,0.0,0.0,0.0,0.0,0.0,1.0011988185029423,-9.844682592990115e-09,1.7752477630437676e-06,1.2455824375616815e-14,1.8,1.4227258261534599,1.0012152076745926,-9.8448387459898e-09,0.9999578913859005,-9.832480687272151e-09,0.00010095090948419123,0.0018556610997537998,0.0028858494717766887,0.1697975012181929,6.537777334430125,0.2664111156271828,13.83422448559689,0.12307774569097832,7.05801722673795,0.1367766678799317,7.068760131083879,0.12307774569097832,0.10840647102732152,0.013698922188953333,0.0,9.306793120308381,1.6073768796916186,1.7157833507189397,1.0012134324268327,-9.844826290165427e-09,0.9999999999999917,0.0,0.0,0.0,0.0,0.0,1.0012134324268327,-9.844826290165427e-09,1.775247759905341e-06,1.2455824374851146e-14
10.930819999999999,1.8,1.361103,1.000005,1.199511e-06,1.3399776121979232,1.8,1.2880229729397394,1.0001483056967702,-9.834353011147323e-09,1.8,1.2855850728452445,1.0004646431374111,2.3102501712977868e-05,1.0004646431374111,2.3102501712977868e-05,0.0,0.0,0.0,1.0004646431374111,2.3102501712977868e-05,0.0,0.0,1.8,1.422460687122896,1.001198232671173,-9.844671832568018e-09,0.9989425139097292,8.332642144705401e-05,0.0001009118720767615,0.0013462052723548913,0.002888029914653183,0.1697985688146146,6.537804556025114,0.2664110522815427,13.83428402100835,0.1697985688146146,0.1495578756122136,0.09661248346692802,0.0,9.30678428752441,1.6140357124755924,1.7635935880878064,1.0011964574234131,-9.844659376743637e-09,0.9999999999999952,0.0,0.0,0.0,0.0,0.0,1.0011964574234131,-9.844659376743637e-09,1.77524776034943e-06,1.2455824380382824e-14,1.8,1.4227432996334803,1.001212846595064,-9.844815529743344e-09,0.9989426625083169,8.330990571554136e-05,0.0001009509094841905,0.0023330478771126633,0.002885849471776678,0.169797501218193,6.537777334430125,0.2664111156271828,13.83422448559689,0.1230777456909783,7.058017226737952,0.1367766678799316,7.068760131083879,0.1230777456909783,0.1084064710273208,0.01369892218895323,0.0,9.306793120308345,1.61402687969165,1.722433350718971,1.001211071347303,-9.844803073918949e-09,0.9999999999999941,0.0,0.0,0.0,0.0,0.0,1.001211071347303,-9.844803073918949e-09,1.775247760793519e-06,1.245582439524711e-14
10.94523,1.8,1.384175,1.0,0.0,1.3680586935483885,1.8,1.3374562922805586,1.0016805607044972,-9.849419513348307e-09,1.8,1.3358622783307896,1.001680620464232,-9.849420100959484e-09,1.001680620464232,-9.849420100959484e-09,0.0,0.0,0.0,1.001680620464232,-9.849420100959484e-09,0.0,0.0,1.8,1.4224492415585697,1.0011931164071117,-9.844621524882051e-09,1.0016806007290204,-9.849419906905227e-09,0.00010091187207676022,0.0013095462554166897,0.0028880299146531478,0.16979856881461464,6.537804556025115,0.2664110522815427,13.83428402100835,0.16979856881461464,0.14955787561221145,0.09661248346692801,0.0,9.3067842875243,1.6284457124756966,1.7780035880879081,1.0011913411593498,-9.844609069057662e-09,0.9999999999999946,0.0,0.0,0.0,0.0,0.0,1.0011913411593498,-9.844609069057662e-09,1.7752477620300095e-06,1.2455824389083997e-14,1.8,1.4227179888561665,1.0012077303310019,-9.84476522205733e-09,1.001680600729018,-9.849419906905204e-09,0.00010095090948418871,0.002219666500729773,0.0028858494717766323,0.169797501218193,6.537777334430126,0.2664111156271828,13.83422448559689,0.1230777456909782,7.058017226737955,0.13677666787993106,7.0687601310838835,0.1230777456909782,0.10840647102731918,0.01369892218895281,0.0,9.30679312030818,1.62843687969182,1.7368433507191392,1.001205955083241,-9.844752766232972e-09,0.999999999999992,0.0,0.0,0.0,0.0,0.0,1.001205955083241,-9.844752766232972e-09,1.7752477611418415e-06,1.2455824356483282e-14
10.96006,1.8,1.398906,1.0,0.0,1.3877953505376344,1.8,1.3701220137880583,1.0016771770813486,-9.849386242538054e-09,1.8,1.3689956293153576,1.0016771496864478,-9.849385973166878e-09,1.0016771496864478,-9.849385973166878e-09,0.0,0.0,0.0,1.0016771496864478,-9.849385973166878e-09,0.0,0.0,1.8,1.4224782876326443,1.0011878510222363,-9.844569750906803e-09,1.00168074742753,-9.849421349376225e-09,0.0001009118720767588,0.00047701222984416336,0.002888029914653107,0.1697985688146147,6.537804556025116,0.2664110522815427,13.83428402100835,0.1697985688146147,0.1495578756122088,0.09661248346692797,0.0,9.30678428752418,1.6432757124758193,1.7928335880880282,1.0011860757744744,-9.844557295082435e-09,0.9999999999999948,0.0,0.0,0.0,0.0,0.0,1.0011860757744744,-9.844557295082435e-09,1.775247761777133e-06,1.2455824367834016e-14,1.8,1.4227688107553724,1.0012024649461266,-9.84471344808212e-09,1.0016807474275424,-9.849421349376348e-09,0.00010095090948418737,0.0023595573033781095,0.0028858494717765915,0.169797501218193,6.537777334430127,0.2664111156271828,13.83422448559689,0.1230777456909782,7.05801722673796,0.1367766678799306,7.068760131083887,0.1230777456909782,0.1084064710273178,0.01369892218895241,0.0,9.306793120308027,1.6432668796919736,1.7516733507192905,1.0012006896983656,-9.844700992257745e-09,0.9999999999999932,0.0,0.0,0.0,0.0,0.0,1.0012006896983656,-9.844700992257745e-09,1.7752477608889545e-06,1.2455824373979804e-14
10.98175,1.8,1.411036,1.0,0.0,1.404550274403017,1.8,1.396972504330649,1.001666528737255,-9.849281538491462e-09,1.8,1.3963655918723856,1.0016663411056594,-9.84927969352973e-09,1.0016663411056594,-9.84927969352973e-09,0.0,0.0,0.0,1.0016663411056594,-9.84927969352973e-09,0.0,0.0,1.8,1.4224855835285533,1.0011801499974278,-9.844494027540501e-09,1.0016663948650182,-9.849280222139842e-09,0.0001009118720767563,0.0005117892275629984,0.002888029914653041,0.1697985688146148,6.537804556025118,0.2664110522815427,13.83428402100836,0.1697985688146148,0.1495578756122053,0.09661248346692788,0.0,9.30678428752396,1.664965712476037,1.8145235880882429,1.001178374749664,-9.844481571716104e-09,0.9999999999999952,0.0,0.0,0.0,0.0,0.0,1.001178374749664,-9.844481571716104e-09,1.7752477640163183e-06,1.2455824396499624e-14,1.8,1.4227387686741453,1.001194763921315,-9.844637724715838e-09,1.001666394863523,-9.849280222125142e-09,0.00010095090948418443,0.0012976880877916277,0.0028858494717765365,0.1697975012181931,6.537777334430129,0.2664111156271827,13.8342244855969,0.1230777456909781,7.058017226737967,0.13677666787993,7.068760131083894,0.1230777456909781,0.1084064710273156,0.013698922188951915,0.0,9.306793120307821,1.6649568796921752,1.7733633507194912,1.0011929886735549,-9.844625268891414e-09,0.9999999999999919,0.0,0.0,0.0,0.0,0.0,1.0011929886735549,-9.844625268891414e-09,1.7752477604573743e-06,1.245582442292326e-14
11.00595,1.8,1.417361,1.0,0.0,1.413821841356674,1.8,1.411325616883839,1.001659284754272,-9.849210309169309e-09,1.8,1.4109881654468197,1.0016593084185625,-9.849210541857791e-09,1.0016593084185625,-9.849210541857791e-09,0.0,0.0,0.0,1.0016593084185625,-9.849210541857791e-09,0.0,0.0,1.8,1.4224463202708493,1.0011715577982372,-9.844409541350307e-09,1.0016592977486714,-9.849210436941873e-09,0.00010091187207675374,0.0030548027235315005,0.0028880299146529665,0.1697985688146148,6.537804556025121,0.2664110522815427,13.83428402100836,0.1697985688146148,0.14955787561220196,0.09661248346692786,0.0,9.306784287523765,1.6891657124762405,1.8387235880884425,1.0011697825504742,-9.844397085525915e-09,0.9999999999999946,0.0,0.0,0.0,0.0,0.0,1.0011697825504742,-9.844397085525915e-09,1.7752477623941623e-06,1.2455824391664802e-14,1.8,1.4227076598294928,1.0011861717221264,-9.844553238525596e-09,1.0016592977486711,-9.849210436941872e-09,0.00010095090948418157,0.003983794675335305,0.0028858494717764645,0.1697975012181932,6.537777334430131,0.2664111156271827,13.8342244855969,0.12307774569097792,7.058017226737974,0.13677666787992923,7.0687601310839,0.12307774569097792,0.10840647102731306,0.013698922188951244,0.0,9.306793120307598,1.6891568796924001,1.7975633507197142,1.0011843964743654,-9.844540782701225e-09,0.9999999999999922,0.0,0.0,0.0,0.0,0.0,1.0011843964743654,-9.844540782701225e-09,1.775247761015564e-06,1.2455824369813148e-14
11.03543,1.8,1.420505,1.0,0.0,1.4188194523160762,1.8,1.418747165173754,1.0016486137510832,-9.849105382318217e-09,1.8,1.4185509743312295,1.0016486631403991,-9.849105867958161e-09,1.0016486631403991,-9.849105867958161e-09,0.0,0.0,0.0,1.0016486631403991,-9.849105867958161e-09,0.0,0.0,1.8,1.4224532733170756,1.0011610909374036,-9.844306621809512e-09,1.0016486462672378,-9.84910570204615e-09,0.0001009118720767509,0.002373778921283355,0.00288802991465287,0.1697985688146149,6.537804556025121,0.2664110522815427,13.83428402100837,0.1697985688146149,0.14955787561219774,0.09661248346692775,0.0,9.306784287523504,1.7186457124765,1.8682035880886978,1.0011593156896437,-9.844294165985142e-09,0.9999999999999942,0.0,0.0,0.0,0.0,0.0,1.0011593156896437,-9.844294165985142e-09,1.775247760127385e-06,1.245582437120702e-14,1.8,1.4227199517300426,1.0011757048612948,-9.84445031898482e-09,1.0016486462672365,-9.849105702046132e-09,0.00010095090948417879,0.002802860722821839,0.002885849471776388,0.1697975012181933,6.537777334430134,0.2664111156271827,13.83422448559691,0.1230777456909778,7.058017226737982,0.13677666787992834,7.068760131083907,0.1230777456909778,0.10840647102730944,0.01369892218895053,0.0,9.306793120307336,1.718636879692661,1.827043350719971,1.0011739296135342,-9.844437863160452e-09,0.999999999999992,0.0,0.0,0.0,0.0,0.0,1.0011739296135342,-9.844437863160452e-09,1.775247760467401e-06,1.2455824369449185e-14
11.06967,1.8,1.421679,1.0,0.0,1.4210838456913828,1.8,1.4218320131756057,1.0016394169248146,-9.849014950893608e-09,1.8,1.421614099939715,1.0016374621517117,-9.848995729815452e-09,1.0016374621517117,-9.848995729815452e-09,0.0,0.0,0.0,1.0016374621517117,-9.848995729815452e-09,0.0,0.0,1.8,1.4224836387748903,1.0011489340407003,-9.844187084323904e-09,1.001637994771329,-9.849000967008086e-09,0.00010091187207674743,0.0006380780819178703,0.002888029914652765,0.169798568814615,6.537804556025124,0.2664110522815427,13.83428402100837,0.169798568814615,0.14955787561219344,0.09661248346692763,0.0,9.306784287523266,1.7528857124767387,1.9024435880889317,1.0011471587929393,-9.844174628499517e-09,0.9999999999999948,0.0,0.0,0.0,0.0,0.0,1.0011471587929393,-9.844174628499517e-09,1.775247761015564e-06,1.245582438719174e-14,1.8,1.4227696037149846,1.0011635479645906,-9.84433078149919e-09,1.001637994771329,-9.849000967008086e-09,0.00010095090948417523,0.0021182419108287318,0.0028858494717762945,0.1697975012181934,6.537777334430135,0.2664111156271827,13.83422448559691,0.12307774569097761,7.058017226737991,0.13677666787992732,7.068760131083916,0.12307774569097761,0.10840647102730615,0.013698922188949685,0.0,9.306793120307029,1.7528768796929755,1.8612833507202826,1.0011617727168296,-9.844318325674828e-09,0.999999999999993,0.0,0.0,0.0,0.0,0.0,1.0011617727168296,-9.844318325674828e-09,1.7752477607644682e-06,1.2455824362376326e-14
11.11368,1.8,1.422042,1.0,0.0,1.4219607678571429,1.8,1.4228463965570621,1.001620196325447,-9.848825956763248e-09,1.8,1.4227202890512336,1.0016202842364652,-9.848826821183032e-09,1.0016202842364652,-9.848826821183032e-09,0.0,0.0,0.0,1.0016202842364652,-9.848826821183032e-09,0.0,0.0,1.8,1.422463073417279,1.0011333083098628,-9.844033438157365e-09,1.001620242169563,-9.848826407543611e-09,0.00010091187207674315,0.0008960988099139393,0.0028880299146526347,0.1697985688146151,6.537804556025127,0.2664110522815427,13.83428402100838,0.1697985688146151,0.149557875612187,0.09661248346692752,0.0,9.306784287522875,1.7968957124771259,1.9464535880893128,1.001131533062099,-9.844020982332983e-09,0.9999999999999942,0.0,0.0,0.0,0.0,0.0,1.001131533062099,-9.844020982332983e-09,1.775247764005956e-06,1.2455824382570799e-14,1.8,1.4227456896026565,1.0011479222337485,-9.844177135332683e-09,1.0016202421696048,-9.848826407544021e-09,0.0001009509094841713,0.0005225823364043904,0.002885849471776179,0.1697975012181935,6.537777334430139,0.2664111156271827,13.83422448559692,0.1230777456909774,7.058017226738002,0.13677666787992604,7.068760131083929,0.1230777456909774,0.108406471027301,0.013698922188948599,0.0,9.306793120306649,1.796886879693356,1.9052933507206569,1.0011461469859895,-9.844164679508291e-09,0.9999999999999916,0.0,0.0,0.0,0.0,0.0,1.0011461469859895,-9.844164679508291e-09,1.775247759031559e-06,1.2455824390843048e-14
11.1703,1.8,1.422103,1.0,0.0,1.4221987634836428,1.8,1.4231502946420291,1.0016024879858574,-9.848651832524096e-09,1.8,1.4229801745753308,1.0016036632041883,-9.848663388322233e-09,1.0016036632041883,-9.848663388322233e-09,0.0,0.0,0.0,1.0016036632041883,-9.848663388322233e-09,0.0,0.0,1.8,1.4224610076976048,1.0011132054041527,-9.843835768401654e-09,1.0016021423895227,-9.848648434311716e-09,0.0001009118720767369,0.00047206303195432455,0.002888029914652478,0.1697985688146153,6.537804556025131,0.2664110522815427,13.83428402100839,0.1697985688146153,0.1495578756121793,0.09661248346692736,0.0,9.306784287522406,1.8535157124775967,2.0030735880897765,1.0011114301563917,-9.84382331257726e-09,0.9999999999999954,0.0,0.0,0.0,0.0,0.0,1.0011114301563917,-9.84382331257726e-09,1.7752477608722762e-06,1.245582439359274e-14,1.8,1.4227480279871296,1.0011278193280457,-9.843979465576959e-09,1.0016021423890473,-9.848648434307044e-09,0.0001009509094841648,0.0010198879612928248,0.00288584947177602,0.1697975012181936,6.537777334430143,0.2664111156271827,13.83422448559693,0.1230777456909772,7.058017226738018,0.1367766678799243,7.068760131083944,0.12307774569097717,0.1084064710272945,0.01369892218894714,0.0,9.306793120306187,1.8535068796938114,1.9619133507211055,1.0011260440802825,-9.84396700975257e-09,0.9999999999999941,0.0,0.0,0.0,0.0,0.0,1.0011260440802825,-9.84396700975257e-09,1.7752477633935236e-06,1.2455824389322435e-14
11.25256,1.8,1.422105,1.0,0.0,1.422233,1.8,1.423153732582194,1.0015705829468722,-9.84833811363418e-09,1.8,1.4230260666835302,1.0015705311205634,-9.848337604031541e-09,1.0015705311205634,-9.848337604031541e-09,0.0,0.0,0.0,1.0015705311205634,-9.848337604031541e-09,0.0,0.0,1.8,1.4224485789466725,1.0010839990279,-9.843548585178294e-09,1.0015705368005685,-9.848337659882432e-09,0.00010091187207672905,0.000746931864962432,0.002888029914652244,0.1697985688146155,6.537804556025137,0.2664110522815426,13.8342840210084,0.1697985688146155,0.14955787561216716,0.09661248346692708,0.0,9.306784287521639,1.9357757124783592,2.085333588090527,1.0010822237801382,-9.843536129353917e-09,0.9999999999999942,0.0,0.0,0.0,0.0,0.0,1.0010822237801382,-9.843536129353917e-09,1.7752477611357428e-06,1.2455824377808086e-14,1.8,1.4227222897346354,1.0010986129517905,-9.843692282353635e-09,1.001570536800173,-9.848337659878542e-09,0.000100950909484156,0.0013258309886582304,0.0028858494717757892,0.1697975012181939,6.5377773344301495,0.2664111156271827,13.83422448559694,0.1230777456909767,7.058017226738042,0.1367766678799217,7.068760131083966,0.1230777456909767,0.10840647102728454,0.013698922188944983,0.0,9.306793120305462,1.9357668796945369,2.0441733507218216,1.001096837704029,-9.843679826529227e-09,0.9999999999999913,0.0,0.0,0.0,0.0,0.0,1.001096837704029,-9.843679826529227e-09,1.7752477612193253e-06,1.2455824408968625e-14
11.38222,1.8,1.422105,1.0,0.0,1.422233,1.8,1.4231422892785384,1.001524496494974,-9.847884950403875e-09,1.8,1.423011706960834,1.0015243380739522,-9.847883392666643e-09,1.0015243380739522,-9.847883392666643e-09,0.0,0.0,0.0,1.0015243380739522,-9.847883392666643e-09,0.0,0.0,1.8,1.422435016707562,1.001037963302822,-9.843095920739481e-09,1.0015243821053927,-9.847883825623158e-09,0.00010091187207671608,0.0005549471751010836,0.002888029914651863,0.1697985688146159,6.537804556025146,0.2664110522815426,13.83428402100842,0.1697985688146159,0.14955787561214828,0.09661248346692675,0.0,9.30678428752055,2.065435712479448,2.214993588091596,1.001036188055059,-9.843083464915077e-09,0.9999999999999949,0.0,0.0,0.0,0.0,0.0,1.001036188055059,-9.843083464915077e-09,1.7752477630314367e-06,1.245582440299821e-14,1.8,1.4226939793425128,1.0010525772267151,-9.843239617914766e-09,1.001524382104162,-9.847883825611058e-09,0.00010095090948414269,0.0018499201090242032,0.0028858494717754176,0.1697975012181943,6.537777334430158,0.2664111156271827,13.83422448559696,0.1230777456909761,7.058017226738079,0.1367766678799176,7.068760131084003,0.1230777456909761,0.10840647102726998,0.013698922188941549,0.0,9.30679312030431,2.065426879695693,2.173833350722962,1.0010508019789501,-9.843227162090389e-09,0.9999999999999913,0.0,0.0,0.0,0.0,0.0,1.0010508019789501,-9.843227162090389e-09,1.775247764328774e-06,1.245582437831325e-14
11.64212,1.8,1.422105,1.0,0.0,1.422233,1.8,1.423111394592968,1.0014322041964236,-9.846977449947202e-09,1.8,1.4229799337236952,1.0014320144240159,-9.846975583935091e-09,1.0014320144240159,-9.846975583935091e-09,0.0,0.0,0.0,1.0014320144240159,-9.846975583935091e-09,0.0,0.0,1.8,1.4224048270056986,1.000945685923918,-9.842188566986193e-09,1.0014320692147143,-9.846976122686266e-09,0.0001009118720766909,0.00048656908525932354,0.002888029914651175,0.1697985688146166,6.537804556025163,0.2664110522815425,13.83428402100846,0.1697985688146166,0.1495578756121132,0.096612483466926,0.0,9.306784287518445,2.325335712481556,2.4748935880936687,1.0009439106761602,-9.842176111161773e-09,0.9999999999999949,0.0,0.0,0.0,0.0,0.0,1.0009439106761602,-9.842176111161773e-09,1.775247758128984e-06,1.2455824420252305e-14,1.8,1.4226609817191047,1.0009602998478107,-9.842332264161493e-09,1.001432069212982,-9.846976122669236e-09,0.00010095090948411671,0.001892947692710509,0.0028858494717746903,0.169797501218195,6.537777334430176,0.2664111156271826,13.834224485597,0.1230777456909748,7.058017226738154,0.1367766678799096,7.068760131084074,0.1230777456909748,0.10840647102724012,0.013698922188934795,0.0,9.306793120301972,2.325326879698024,2.433733350725265,1.0009585246000505,-9.842319808337081e-09,0.9999999999999913,0.0,0.0,0.0,0.0,0.0,1.0009585246000505,-9.842319808337081e-09,1.7752477599563342e-06,1.2455824412170648e-14
12.473790000000001,1.8,1.422105,1.0,0.0,1.422233,1.8,1.422993306360831,1.001137322382982,-9.844077908115825e-09,1.8,1.4228757282426991,1.0011374152687786,-9.84407882145209e-09,1.0011374152687786,-9.84407882145209e-09,0.0,0.0,0.0,1.0011374152687786,-9.84407882145209e-09,0.0,0.0,1.8,1.422298826273821,1.0006504018619409,-9.839285069887229e-09,1.0011373748001386,-9.84407842352821e-09,0.00010091187207661104,0.0008941190410072398,0.002888029914648756,0.1697985688146187,6.537804556025219,0.2664110522815424,13.83428402100858,0.1697985688146187,0.14955787561199738,0.0966124834669237,0.0,9.306784287511432,3.157005712488568,3.306563588100565,1.0006486266141787,-9.83927261406284e-09,0.9999999999999942,0.0,0.0,0.0,0.0,0.0,1.0006486266141787,-9.83927261406284e-09,1.775247761903742e-06,1.2455824387919635e-14,1.8,1.4225807074375294,1.000665015785831,-9.839428767062506e-09,1.0011373748001697,-9.844078423528513e-09,0.00010095090948402828,0.00048287798443299296,0.002885849471772383,0.1697975012181974,6.537777334430238,0.2664111156271825,13.83422448559714,0.1230777456909706,7.05801722673839,0.13677666787988405,7.068760131084302,0.1230777456909706,0.10840647102714432,0.013698922188913418,0.0,9.306793120294595,3.156996879705408,3.265403350732553,1.0006632405380689,-9.839416311238149e-09,0.9999999999999916,0.0,0.0,0.0,0.0,0.0,1.0006632405380689,-9.839416311238149e-09,1.775247761721283e-06,1.2455824357491734e-14
13.57379,1.8,1.422105,1.0,0.0,1.422233,1.8,1.422860554394711,1.0007467678743707,-9.840237626743648e-09,1.8,1.4227429454513085,1.0007468607601677,-9.840238540079912e-09,1.0007468607601677,-9.840238540079912e-09,0.0,0.0,0.0,1.0007468607601677,-9.840238540079912e-09,0.0,0.0,1.8,1.4221658632099259,1.0002598473533248,-9.835444788515005e-09,1.0007468202915273,-9.840238142156033e-09,0.00010091187207650344,0.0008941110094794116,0.0028880299146457535,0.1697985688146217,6.537804556025295,0.2664110522815423,13.83428402100874,0.1697985688146217,0.14955787561184877,0.09661248346692058,0.0,9.306784287501998,4.257005712498005,4.406563588109854,1.0002580721055638,-9.83543233269063e-09,0.9999999999999942,0.0,0.0,0.0,0.0,0.0,1.0002580721055638,-9.83543233269063e-09,1.775247761324806e-06,1.245582437539477e-14,1.8,1.4224478005034171,1.000274461277215,-9.835588485690327e-09,1.0007468202915581,-9.840238142156336e-09,0.00010095090948391148,0.00048284957835531686,0.002885849471769222,0.1697975012182006,6.53777733443032,0.2664111156271823,13.83422448559731,0.1230777456909649,7.058017226738713,0.13677666787984905,7.068760131084613,0.1230777456909649,0.10840647102702188,0.013698922188884109,0.0,9.306793120284613,4.256996879715385,4.365403350742407,1.000272686029454,-9.835576029865937e-09,0.9999999999999916,0.0,0.0,0.0,0.0,0.0,1.000272686029454,-9.835576029865937e-09,1.77524776052385e-06,1.2455824390224127e-14
14.67379,1.8,1.422105,1.0,0.0,1.422233,1.8,1.4227277235700928,1.0003562133657586,-9.83639734537147e-09,1.8,1.4226100837909643,1.0003563062515557,-9.836398258707735e-09,1.0003563062515557,-9.836398258707735e-09,0.0,0.0,0.0,1.0003563062515557,-9.836398258707735e-09,0.0,0.0,1.8,1.4220328211631015,0.9998692928447084,-9.83160450714281e-09,1.0003562657829157,-9.836397860783856e-09,0.00010091187207639535,0.0008941029996784393,0.0028880299146427186,0.16979856881462466,6.537804556025369,0.2664110522815421,13.83428402100891,0.16979856881462466,0.1495578756116948,0.09661248346691746,0.0,9.306784287492318,5.357005712507681,5.506563588119376,0.9998675175969491,-9.83159205131842e-09,0.9999999999999942,0.0,0.0,0.0,0.0,0.0,0.9998675175969491,-9.83159205131842e-09,1.7752477593066303e-06,1.2455824390578682e-14,1.8,1.4223148146058173,0.999883906768599,-9.831748204318114e-09,1.0003562657829468,-9.836397860784159e-09,0.00010095090948379878,0.0004828211605471363,0.002885849471766039,0.1697975012182037,6.537777334430398,0.2664111156271821,13.83422448559749,0.1230777456909592,7.058017226739038,0.13677666787981385,7.068760131084925,0.1230777456909592,0.10840647102689968,0.013698922188854618,0.0,9.306793120274754,5.356996879725244,5.465403350752144,0.9998821315208393,-9.831735748493727e-09,0.9999999999999916,0.0,0.0,0.0,0.0,0.0,0.9998821315208393,-9.831735748493727e-09,1.775247759726901e-06,1.2455824388569763e-14
15.773789999999998,1.8,1.422105,1.0,0.0,1.422233,1.8,1.4225948140640492,0.9999656588571474,-9.832557063999292e-09,1.8,1.4224066364749341,0.9999657517429446,-9.83255797733556e-09,0.9999657517429446,-9.83255797733556e-09,0.0,0.0,0.0,0.9999657517429446,-9.83255797733556e-09,0.0,0.0,1.8,1.4220666098086174,0.9999682701022495,-9.832577740097536e-09,0.9999657108223524,-9.83255757496768e-09,0.00010091187207628088,0.0008936211245147143,0.002888029914639454,0.1697985688146278,6.537804556025449,0.2664110522815418,13.83428402100908,0.1697985688146278,0.14955787561153963,0.09661248346691409,0.0,9.306784287482289,0.0,0.14955787561153963,0.0005739302938446746,1.002139225042859,5.2082477502757674e-55,0.0,0.0,0.0,0.0,0.0,0.9999657108223524,-9.83255757496768e-09,2.559279897119679e-06,2.0165129854577538e-14,1.8,1.4223436058412686,0.999968270085067,-9.832577739928565e-09,0.9999657108225679,-9.832557574969803e-09,0.00010095090948372528,0.000482849486965325,0.002885849471763994,0.1697975012182057,6.53777733443045,0.266411115627182,13.8342244855976,0.1230777456909555,7.058017226739246,0.13677666787979115,7.068760131085127,0.1230777456909555,0.10840647102681487,0.01369892218883566,0.0,9.306793120267697,0.0,0.10840647102681487,0.00041601056905328244,1.002236259616255,2.5794036616891573e-51,0.0,0.0,0.0,0.0,0.0,0.9999657108225679,-9.832557574969803e-09,2.559262499045982e-06,2.0164958760731182e-14
16.87379,1.8,1.422105,1.0,0.0,1.422233,1.8,1.4224978765418896,0.9996923232193372,-9.829869383444876e-09,1.8,1.4222901810627633,0.9996923232193372,-9.829869383444876e-09,0.9996923232193372,-9.829869383444876e-09,0.0,0.0,0.0,0.9996923232193372,-9.829869383444876e-09,0.0,0.0,1.8,1.4219689225583545,0.9996923232193285,-9.829864383444811e-09,0.9996923232193372,-9.829869383444876e-09,0.00010091187207616128,0.0007730462946907496,0.002888029914636042,0.169798568814631,6.537804556025533,0.2664110522815417,13.834284021009266,0.169798568814631,0.14955787561137562,0.0966124834669107,0.0,9.30678428747241,0.0,0.14955787561137562,0.0005739302938440453,1.002139225042859,1.5998425298546916e-153,0.0,0.0,0.0,0.0,0.0,0.9996923232193372,-9.829869383444876e-09,8.675463967753225e-15,5.000000063809909e-15,1.8,1.4222459569646568,0.9996923232193331,-9.82986438344482e-09,0.9996923232193372,-9.829869383444876e-09,0.00010095090948365837,0.0004568463285512349,0.002885849471762119,0.1697975012182075,6.537777334430496,0.2664111156271819,13.8342244855977,0.1230777456909521,7.058017226739437,0.1367766678797704,7.068760131085312,0.1230777456909521,0.10840647102674288,0.013698922188818269,0.0,9.306793120261661,0.0,0.10840647102674288,0.0004160105690530061,1.002236259616255,7.924710913330533e-150,0.0,0.0,0.0,0.0,0.0,0.9996923232193372,-9.829869383444876e-09,4.088032502200624e-15,5.000000055892843e-15
17.973789999999997,1.8,1.422105,1.0,0.0,1.422233,1.8,1.4224978764870455,0.9996923232193372,-9.829869383444876e-09,1.8,1.422290181006764,0.9996923232193372,-9.829869383444876e-09,0.9996923232193372,-9.829869383444876e-09,0.0,0.0,0.0,0.9996923232193372,-9.829869383444876e-09,0.0,0.0,1.8,1.4219689224867433,0.9996923232193285,-9.829864383444811e-09,0.9996923232193372,-9.829869383444876e-09,0.00010091187207604417,0.0007730426686916407,0.0028880299146328203,0.16979856881463426,6.537804556025614,0.2664110522815415,13.83428402100944,0.16979856881463426,0.1495578756112142,0.09661248346690725,0.0,9.30678428746239,0.0,0.1495578756112142,0.0005739302938434259,1.00213922504286,4.914313289483988e-252,0.0,0.0,0.0,0.0,0.0,0.9996923232193372,-9.829869383444876e-09,8.675463967851959e-15,5.000000063809909e-15,1.8,1.4222459568929158,0.9996923232193331,-9.82986438344482e-09,0.9996923232193372,-9.829869383444876e-09,0.00010095090948359283,0.00045684563566770185,0.0028858494717601824,0.1697975012182093,6.537777334430542,0.2664111156271818,13.8342244855978,0.12307774569094865,7.058017226739635,0.136776667879749,7.068760131085502,0.1230777456909487,0.10840647102667167,0.013698922188800325,0.0,9.306793120255534,0.0,0.10840647102667167,0.0004160105690527329,1.002236259616255,2.4347117123232858e-248,0.0,0.0,0.0,0.0,0.0,0.9996923232193372,-9.829869383444876e-09,4.088032502166504e-15,5.000000055892843e-15
19.07379,1.8,1.422105,1.0,0.0,1.422233,1.8,1.4224978764870477,0.9996923232193372,-9.829869383444876e-09,1.8,1.422290181006762,0.9996923232193372,-9.829869383444876e-09,0.9996923232193372,-9.829869383444876e-09,0.0,0.0,0.0,0.9996923232193372,-9.829869383444876e-09,0.0,0.0,1.8,1.4219689224867433,0.9996923232193285,-9.829864383444811e-09,0.9996923232193372,-9.829869383444876e-09,0.00010091187207592827,0.0007730426686988669,0.002888029914629571,0.1697985688146374,6.537804556025695,0.2664110522815413,13.83428402100962,0.1697985688146374,0.14955787561105602,0.09661248346690393,0.0,9.306784287452153,0.0,0.14955787561105602,0.0005739302938428187,1.00213922504286,4.288442536606e-312,0.0,0.0,0.0,0.0,0.0,0.9996923232193372,-9.829869383444876e-09,8.675463967942108e-15,5.000000063809909e-15,1.8,1.4222459568929169,0.9996923232193331,-9.82986438344482e-09,0.9996923232193372,-9.829869383444876e-09,0.00010095090948352758,0.0004568456357762512,0.00288584947175834,0.1697975012182111,6.537777334430587,0.2664111156271817,13.8342244855979,0.1230777456909453,7.058017226739824,0.1367766678797286,7.068760131085684,0.12307774569094534,0.10840647102660098,0.013698922188783276,0.0,9.306793120249507,0.0,0.10840647102660098,0.00041601056905246175,1.002236259616256,4.24675537138e-312,0.0,0.0,0.0,0.0,0.0,0.9996923232193372,-9.829869383444876e-09,4.088032502130283e-15,5.000000055892843e-15
20.173789999999997,1.8,1.422105,1.0,0.0,1.422233,1.8,1.42249787648705,0.9996923232193372,-9.829869383444876e-09,1.8,1.42229018100676,0.9996923232193372,-9.829869383444876e-09,0.9996923232193372,-9.829869383444876e-09,0.0,0.0,0.0,0.9996923232193372,-9.829869383444876e-09,0.0,0.0,1.8,1.4219689224867433,0.9996923232193285,-9.829864383444811e-09,0.9996923232193372,-9.829869383444876e-09,0.00010091187207581178,0.0007730426687066092,0.002888029914626283,0.1697985688146406,6.537804556025777,0.2664110522815412,13.8342840210098,0.1697985688146406,0.14955787561088962,0.09661248346690056,0.0,9.30678428744218,0.0,0.14955787561088962,0.0005739302938421801,1.00213922504286,4.28844253665e-312,0.0,0.0,0.0,0.0,0.0,0.9996923232193372,-9.829869383444876e-09,8.675463968038698e-15,5.000000063809909e-15,1.8,1.4222459568929182,0.9996923232193331,-9.82986438344482e-09,0.9996923232193372,-9.829869383444876e-09,0.00010095090948346245,0.00045684563583360733,0.002885849471756532,0.1697975012182129,6.537777334430633,0.2664111156271816,13.834224485598,0.1230777456909421,7.0580172267400085,0.1367766678797086,7.068760131085861,0.1230777456909421,0.10840647102652838,0.013698922188766513,0.0,9.306793120243297,0.0,0.10840647102652838,0.0004160105690521829,1.002236259616256,4.246755371423e-312,0.0,0.0,0.0,0.0,0.0,0.9996923232193372,-9.829869383444876e-09,4.088032502095042e-15,5.000000055892843e-15
21.273789999999998,1.8,1.422105,1.0,0.0,1.422233,1.8,1.4224978764870524,0.9996923232193372,-9.829869383444876e-09,1.8,1.422290181006758,0.9996923232193372,-9.829869383444876e-09,0.9996923232193372,-9.829869383444876e-09,0.0,0.0,0.0,0.9996923232193372,-9.829869383444876e-09,0.0,0.0,1.8,1.4219689224867433,0.9996923232193285,-9.829864383444811e-09,0.9996923232193372,-9.829869383444876e-09,0.00010091187207569148,0.0007730426687139029,0.002888029914622906,0.1697985688146439,6.537804556025861,0.2664110522815409,13.83428402100998,0.1697985688146439,0.14955787561072972,0.09661248346689705,0.0,9.306784287431924,0.0,0.14955787561072972,0.0005739302938415664,1.002139225042861,4.28844253669e-312,0.0,0.0,0.0,0.0,0.0,0.9996923232193372,-9.829869383444876e-09,8.67546396812969e-15,5.000000063809909e-15,1.8,1.4222459568929193,0.9996923232193331,-9.82986438344482e-09,0.9996923232193372,-9.829869383444876e-09,0.00010095090948339567,0.0004568456359395542,0.002885849471754612,0.1697975012182147,6.53777733443068,0.2664111156271814,13.8342244855981,0.1230777456909386,7.058017226740204,0.13677666787968734,7.068760131086051,0.1230777456909386,0.10840647102645337,0.013698922188748722,0.0,9.306793120237183,0.0,0.10840647102645337,0.0004160105690518952,1.002236259616256,4.24675537147e-312,0.0,0.0,0.0,0.0,0.0,0.9996923232193372,-9.829869383444876e-09,4.088032502059943e-15,5.000000055892843e-15
22.0,1.8,1.422105,1.0,0.0,1.422233,1.8,1.422551329502413,0.9996923232193372,-9.829869383444876e-09,1.8,1.422281656349938,0.9996923232193372,-9.829869383444876e-09,0.9996923232193372,-9.829869383444876e-09,0.0,0.0,0.0,0.9996923232193372,-9.829869383444876e-09,0.0,0.0,1.8,1.421976711370663,0.9996923232193307,-9.829864383444813e-09,0.9996923232193372,-9.829869383444876e-09,0.0001009118720756117,4.797453692617637e-05,0.002888029914620656,0.1697985688146461,6.537804556025916,0.2664110522815408,13.8342840210101,0.1697985688146461,0.149557875610623,0.09661248346689477,0.0,9.306784287425165,0.0,0.149557875610623,0.0005739302938411571,1.002139225042861,4.9241818965e-312,0.0,0.0,0.0,0.0,0.0,0.9996923232193372,-9.829869383444876e-09,6.550315845288424e-15,5.000000062805222e-15,1.8,1.422262009541194,0.9996923232193339,-9.829864383444818e-09,0.9996923232193372,-9.829869383444876e-09,0.0001009509094833495,0.00180168730489072,0.002885849471753368,0.169797501218216,6.537777334430712,0.2664111156271814,13.83422448559817,0.1230777456909364,7.058017226740331,0.1367766678796736,7.068760131086172,0.1230777456909364,0.1084064710264045,0.01369892218873718,0.0,9.306793120233037,0.0,0.1084064710264045,0.0004160105690517076,1.002236259616256,4.92418194251e-312,0.0,0.0,0.0,0.0,0.0,0.9996923232193372,-9.829869383444876e-09,3.33066907387547e-15,5.000000057842138e-15
