time_ns,input_v,hspice_native_pad_v,hspice_native_ku,hspice_native_kd,hspice_transistor_pad_v,voltage_matching_pad_v,voltage_matching_ku,voltage_matching_kd,voltage_matching_padsamp,voltage_matching_padstartcmd,voltage_matching_padstart_latch,voltage_matching_padstartspan,voltage_matching_padmatch_ambiguous,voltage_matching_padarg,voltage_matching_padmapactive,voltage_matching_kupadmatch,voltage_matching_kdpadmatch,voltage_matching_pmsample,voltage_matching_pmlatchpulse,voltage_matching_pmelapsed,voltage_matching_delayed_pad_v,voltage_matching_delayed_ku,voltage_matching_delayed_kd,voltage_matching_delayed_padsamp,voltage_matching_delayed_padstartcmd,voltage_matching_delayed_padstart_latch,voltage_matching_delayed_padstartspan,voltage_matching_delayed_padmatch_ambiguous,voltage_matching_delayed_padarg,voltage_matching_delayed_padmapactive,voltage_matching_delayed_kupadmatch,voltage_matching_delayed_kdpadmatch,voltage_matching_delayed_pmsample,voltage_matching_delayed_pmlatchpulse,voltage_matching_delayed_hreverse_sample,voltage_matching_delayed_pmsample_delay,voltage_matching_delayed_pmelapsed,gate_state_pad_v,gate_state_ku,gate_state_kd,gate_state_gup,gate_state_gdn,hybrid_pad_v,hybrid_ku,hybrid_kd,hybrid_gup,hybrid_gdn,hybrid_hhybridactive
0.0,0.0,1.370752e-09,0.0,1.0,6.234929e-09,1.522407514265419e-06,0.0,1.0,0.0,7.80851414218689,0.0,6.119999999998844,1.0,0.0,0.0,-0.3906541545551124,0.7653595159656846,0.0,0.0,0.0,1.522407514265419e-06,0.0,1.0,0.0,7.80851414218689,0.0,6.119999999998844,1.0,0.0,0.0,-0.3906541545551124,0.7653595159656846,0.0,0.0,0.0,0.00165,0.0,0.2223532030423355,0.3116053227543925,0.7870689260106465,0.0,1.0,1.522407514265419e-06,0.0,1.0,0.0,1.0,0.0
0.001,0.0,1.370752e-09,0.0,1.0,6.234912e-09,1.5223772954711565e-06,0.0,1.0,0.0,7.80851414218689,0.0,6.119999999998844,1.0,0.0,0.0,-0.3906541545551124,0.7653595159656846,0.0,0.0,0.0,1.5223772954711565e-06,0.0,1.0,0.0,7.80851414218689,0.0,6.119999999998844,1.0,0.0,0.0,-0.3906541545551124,0.7653595159656846,0.0,0.0,0.0,0.00165,0.0,0.22234878295003135,0.31160532275439207,0.7870689260106442,0.0,0.9999999999999997,1.5223772954711565e-06,0.0,1.0,0.0,0.9999999999999997,0.0
0.002,0.0,1.370752e-09,0.0,1.0,6.234896e-09,1.5223539914272662e-06,0.0,1.0,0.0,7.80851414218689,0.0,6.119999999998844,1.0,0.0,0.0,-0.3906541545551124,0.7653595159656846,0.0,0.0,0.0,1.5223539914272662e-06,0.0,1.0,0.0,7.80851414218689,0.0,6.119999999998844,1.0,0.0,0.0,-0.3906541545551124,0.7653595159656846,0.0,0.0,0.0,0.00165,0.0,0.2223453580259728,0.31160532275439196,0.7870689260106405,0.0,0.9999999999999996,1.5223539914272662e-06,0.0,1.0,0.0,0.9999999999999996,0.0
0.0052,0.0,1.370752e-09,0.0,1.0,6.234848e-09,1.5224042826030702e-06,0.0,1.0,0.0,7.80851414218689,0.0,6.119999999998844,1.0,0.0,0.0,-0.3906541545551124,0.7653595159656846,0.0,0.0,0.0,1.5224042826030702e-06,0.0,1.0,0.0,7.80851414218689,0.0,6.119999999998844,1.0,0.0,0.0,-0.3906541545551124,0.7653595159656846,0.0,0.0,0.0,0.00165,0.0,0.2223526726867042,0.31160532275439207,0.7870689260106313,0.0,0.9999999999999997,1.5224042826030702e-06,0.0,1.0,0.0,0.9999999999999997,0.0
0.01544,0.0,1.370752e-09,0.0,1.0,6.234734e-09,1.5219282141427584e-06,0.0,1.0,0.0,7.80851414218689,0.0,6.119999999998844,1.0,0.0,0.0,-0.3906541545551124,0.7653595159656846,0.0,0.0,0.0,1.5219282141427584e-06,0.0,1.0,0.0,7.80851414218689,0.0,6.119999999998844,1.0,0.0,0.0,-0.3906541545551124,0.7653595159656846,0.0,0.0,0.0,0.00165,0.0,0.2222820106253868,0.3116053227543926,0.7870689260106416,0.0,0.9999999999999996,1.5219282141427584e-06,0.0,1.0,0.0,0.9999999999999996,0.0
0.048208,0.0,1.370752e-09,0.0,1.0,6.234607e-09,1.5207277554760938e-06,0.0,1.0,0.0,7.80851414218689,0.0,6.119999999998844,1.0,0.0,0.0,-0.3906541545551124,0.7653595159656846,0.0,0.0,0.0,1.5207277554760938e-06,0.0,1.0,0.0,7.80851414218689,0.0,6.119999999998844,1.0,0.0,0.0,-0.3906541545551124,0.7653595159656846,0.0,0.0,0.0,0.00165,0.0,0.2220916688511975,0.3116053227543926,0.7870689260106593,0.0,0.9999999999999996,1.5207277554760938e-06,0.0,1.0,0.0,0.9999999999999996,0.0
0.1530656,0.0,1.370752e-09,0.0,1.0,6.23478e-09,1.5195153250480418e-06,0.0,1.0,0.0,7.80851414218689,0.0,6.119999999998844,1.0,0.0,0.0,-0.3906541545551124,0.7653595159656846,0.0,0.0,0.0,1.5195153250480418e-06,0.0,1.0,0.0,7.80851414218689,0.0,6.119999999998844,1.0,0.0,0.0,-0.3906541545551124,0.7653595159656846,0.0,0.0,0.0,0.00165,0.0,0.2218586743771839,0.3116053227543926,0.7870689260106593,0.0,0.9999999999999996,1.5195153250480418e-06,0.0,1.0,0.0,0.9999999999999996,0.0
0.4886099,0.0,1.370752e-09,0.0,1.0,6.234997e-09,1.5193198719131758e-06,0.0,1.0,0.0,7.80851414218689,0.0,6.119999999998844,1.0,0.0,0.0,-0.3906541545551124,0.7653595159656846,0.0,0.0,0.0,1.5193198719131758e-06,0.0,1.0,0.0,7.80851414218689,0.0,6.119999999998844,1.0,0.0,0.0,-0.3906541545551124,0.7653595159656846,0.0,0.0,0.0,0.00165,0.0,0.2218007679046738,0.3116053227543926,0.7870689260106593,0.0,0.9999999999999996,1.5193198719131758e-06,0.0,1.0,0.0,0.9999999999999996,0.0
1.562352,0.0,1.370752e-09,0.0,1.0,6.234874e-09,1.519319517237514e-06,0.0,1.0,0.0,7.80851414218689,0.0,6.119999999998844,1.0,0.0,0.0,-0.3906541545551124,0.7653595159656846,0.0,0.0,0.0,1.519319517237514e-06,0.0,1.0,0.0,7.80851414218689,0.0,6.119999999998844,1.0,0.0,0.0,-0.3906541545551124,0.7653595159656846,0.0,0.0,0.0,0.00165,0.0,0.22180043030656868,0.3116053227543926,0.7870689260106593,0.0,0.9999999999999996,1.519319517237514e-06,0.0,1.0,0.0,0.9999999999999996,0.0
2.662352,0.0,1.370752e-09,0.0,1.0,6.234975e-09,1.519319517237514e-06,0.0,1.0,0.0,7.80851414218689,0.0,6.119999999998844,1.0,0.0,0.0,-0.3906541545551124,0.7653595159656846,0.0,0.0,0.0,1.519319517237514e-06,0.0,1.0,0.0,7.80851414218689,0.0,6.119999999998844,1.0,0.0,0.0,-0.3906541545551124,0.7653595159656846,0.0,0.0,0.0,0.00165,0.0,0.2218004303065464,0.3116053227543926,0.7870689260106593,0.0,0.9999999999999996,1.519319517237514e-06,0.0,1.0,0.0,0.9999999999999996,0.0
3.762352,0.0,1.370752e-09,0.0,1.0,6.234891e-09,1.519319517237514e-06,0.0,1.0,0.0,7.80851414218689,0.0,6.119999999998844,1.0,0.0,0.0,-0.3906541545551124,0.7653595159656846,0.0,0.0,0.0,1.519319517237514e-06,0.0,1.0,0.0,7.80851414218689,0.0,6.119999999998844,1.0,0.0,0.0,-0.3906541545551124,0.7653595159656846,0.0,0.0,0.0,0.00165,0.0,0.2218004303065464,0.3116053227543926,0.7870689260106593,0.0,0.9999999999999996,1.519319517237514e-06,0.0,1.0,0.0,0.9999999999999996,0.0
4.862352,0.0,1.370752e-09,0.0,1.0,6.234961e-09,1.519319517237514e-06,0.0,1.0,0.0,7.80851414218689,0.0,6.119999999998844,1.0,0.0,0.0,-0.3906541545551124,0.7653595159656846,0.0,0.0,0.0,1.519319517237514e-06,0.0,1.0,0.0,7.80851414218689,0.0,6.119999999998844,1.0,0.0,0.0,-0.3906541545551124,0.7653595159656846,0.0,0.0,0.0,0.00165,0.0,0.2218004303065464,0.3116053227543926,0.7870689260106593,0.0,0.9999999999999996,1.519319517237514e-06,0.0,1.0,0.0,0.9999999999999996,0.0
5.0,0.0,1.370752e-09,0.0,1.0,6.234923e-09,1.519420544520183e-06,0.0,1.0,0.0,7.80851414218689,0.0,6.119999999998844,1.0,0.0,0.0,-0.3906541545551124,0.7653595159656846,0.0,0.0,0.0,1.519420544520183e-06,0.0,1.0,0.0,7.80851414218689,0.0,6.119999999998844,1.0,0.0,0.0,-0.3906541545551124,0.7653595159656846,0.0,0.0,0.0,0.00165,0.0,0.2218152815188401,0.3116053227543925,0.7870689260106583,0.0,0.9999999999999997,1.519420544520183e-06,0.0,1.0,0.0,0.9999999999999997,0.0
5.0003,0.0198,1.370752e-09,0.0,1.0,0.000283739637335488,1.5194222855411305e-06,0.0,1.0,0.0,7.80851414218689,0.0,6.119999999998844,1.0,0.0,0.0,-0.3906541545551124,0.7653595159656846,0.0,0.0,0.0,1.5194222855411305e-06,0.0,1.0,0.0,7.80851414218689,0.0,6.119999999998844,1.0,0.0,0.0,-0.3906541545551124,0.7653595159656846,0.0,0.0,0.0,0.00165,0.0,0.22181555066670092,0.3116053227543925,0.787068926010658,0.0,0.9999999999999997,1.5194222855411305e-06,0.0,1.0,0.0,0.9999999999999997,0.0
5.001259999999999,0.08316,1.370752e-09,0.0,1.0,0.0011916865250541056,1.5194637153794926e-06,0.0,1.0,0.0,7.80851414218689,0.0,6.119999999998844,1.0,0.0,0.0,-0.3906541545551124,0.7653595159656846,0.0,0.0,0.0,1.5194637153794926e-06,0.0,1.0,0.0,7.80851414218689,0.0,6.119999999998844,1.0,0.0,0.0,-0.3906541545551124,0.7653595159656846,0.0,0.0,0.0,0.00165,0.0,0.22182165716388147,0.3116053227543925,0.7870689260106575,0.0,0.9999999999999997,1.5194637153794926e-06,0.0,1.0,0.0,0.9999999999999997,0.0
5.004332,0.285912,1.370752e-09,0.0,1.0,0.003951077446024728,1.5196294243461538e-06,0.0,1.0,0.0,7.80851414218689,0.0,6.119999999998844,1.0,0.0,0.0,-0.3906541545551124,0.7653595159656846,0.0,0.0,0.0,1.5196294243461538e-06,0.0,1.0,0.0,7.80851414218689,0.0,6.119999999998844,1.0,0.0,0.0,-0.3906541545551124,0.7653595159656846,0.0,0.0,0.0,0.00165,0.0,0.22184621059107804,0.3116053227543925,0.7870689260106524,0.0,0.9999999999999997,1.5196294243461538e-06,0.0,1.0,0.0,0.9999999999999997,0.0
5.010221,0.6746,1.370752e-09,0.0,1.0,0.008201543145212126,1.5196464005436952e-06,0.0,1.0,0.0,7.80851414218689,0.0,6.119999999998844,1.0,0.0,0.0,-0.3906541545551124,0.7653595159656846,0.0,0.0,0.0,1.5196464005436952e-06,0.0,1.0,0.0,7.80851414218689,0.0,6.119999999998844,1.0,0.0,0.0,-0.3906541545551124,0.7653595159656846,0.0,0.0,0.0,0.00165,0.0,0.22184955627307149,0.3116053227543926,0.7870689260106373,0.0,0.9999999999999996,1.5196464005436952e-06,0.0,1.0,0.0,0.9999999999999996,0.0
5.011221,0.7406,1.370752e-09,0.0,1.0,0.008810261112894454,1.5196413588880716e-06,0.0,1.0,0.0,7.80851414218689,0.0,6.119999999998844,1.0,0.0,0.0,-0.3906541545551124,0.7653595159656846,0.0,0.0,0.0,1.5196413588880716e-06,0.0,1.0,0.0,7.80851414218689,0.0,6.119999999998844,1.0,0.0,0.0,-0.3906541545551124,0.7653595159656846,0.0,0.0,0.0,0.00165,0.0,0.22184896158849218,0.3116053227543926,0.7870689260106392,0.0,0.9999999999999996,1.5196413588880716e-06,0.0,1.0,0.0,0.9999999999999996,0.0
5.012220999999999,0.8066,1.370752e-09,0.0,1.0,0.009377266463348893,1.5196358143599072e-06,0.0,1.0,0.0,7.80851414218689,0.0,6.119999999998844,1.0,0.0,0.0,-0.3906541545551124,0.7653595159656846,0.0,0.0,0.0,1.5196358143599072e-06,0.0,1.0,0.0,7.80851414218689,0.0,6.119999999998844,1.0,0.0,0.0,-0.3906541545551124,0.7653595159656846,0.0,0.0,0.0,0.00165,0.0,0.22184828675698984,0.3116053227543926,0.7870689260106418,0.0,0.9999999999999996,1.5196358143599072e-06,0.0,1.0,0.0,0.9999999999999996,0.0
5.012321,0.8132,2.847726e-05,0.02516318,0.9838392,0.009433966998394739,1.5196352599070907e-06,0.0,1.0,0.0,7.80851414218689,0.0,6.119999999998844,1.0,0.0,0.0,-0.3906541545551124,0.7653595159656846,0.0,0.0,0.0,1.5196352599070907e-06,0.0,1.0,0.0,7.80851414218689,0.0,6.119999999998844,1.0,0.0,0.0,-0.3906541545551124,0.7653595159656846,0.0,0.0,0.0,0.00165,0.0,0.2218482192738396,0.3116053227543926,0.7870689260106422,0.0,0.9999999999999996,1.5196352599070907e-06,0.0,1.0,0.0,0.9999999999999996,0.0
5.0124070000000005,0.8188722,5.819382e-05,0.03597493,0.9768939,0.009482729458534116,1.5196347830776686e-06,0.0,1.0,0.0,7.80851414218689,0.0,6.119999999998844,1.0,0.0,0.0,-0.3906541545551124,0.7653595159656846,0.0,0.0,0.0,1.5196347830776686e-06,0.0,1.0,0.0,7.80851414218689,0.0,6.119999999998844,1.0,0.0,0.0,-0.3906541545551124,0.7653595159656846,0.0,0.0,0.0,0.00165,0.0,0.2218481612383304,0.3116053227543926,0.7870689260106424,0.0,0.9999999999999996,1.5196347830776686e-06,0.0,1.0,0.0,0.9999999999999996,0.0
5.012627,0.8333805,0.0001818292,0.06362923,0.9591293,0.009607470635633972,1.5196335632814723e-06,0.0,1.0,0.0,7.80851414218689,0.0,6.119999999998844,1.0,0.0,0.0,-0.3906541545551124,0.7653595159656846,0.0,0.0,0.0,1.5196335632814723e-06,0.0,1.0,0.0,7.80851414218689,0.0,6.119999999998844,1.0,0.0,0.0,-0.3906541545551124,0.7653595159656846,0.0,0.0,0.0,0.00165,0.0,0.22184801277539987,0.3116053227543926,0.7870689260106429,0.0,0.9999999999999996,1.5196335632814723e-06,0.0,1.0,0.0,0.9999999999999996,0.0
5.012796000000001,0.8445622,0.0003237403,0.08494279,0.9454378,0.009703294539861126,1.5196326262562124e-06,0.0,1.0,0.0,7.80851414218689,0.0,6.119999999998844,1.0,0.0,0.0,-0.3906541545551124,0.7653595159656846,0.0,0.0,0.0,1.5196326262562124e-06,0.0,1.0,0.0,7.80851414218689,0.0,6.119999999998844,1.0,0.0,0.0,-0.3906541545551124,0.7653595159656846,0.0,0.0,0.0,0.00165,0.0,0.22184789872887598,0.3116053227543926,0.7870689260106434,0.0,0.9999999999999996,1.5196326262562124e-06,0.0,1.0,0.0,0.9999999999999996,0.0
5.013338999999999,0.8803438,0.001048873,0.1531462,0.901625,0.009979608199286647,1.5196295903954473e-06,0.0,1.0,0.0,7.80851414218689,0.0,6.119999999998844,1.0,0.0,0.0,-0.3906541545551124,0.7653595159656846,0.0,0.0,0.0,1.5196295903954473e-06,0.0,1.0,0.0,7.80851414218689,0.0,6.119999999998844,1.0,0.0,0.0,-0.3906541545551124,0.7653595159656846,0.0,0.0,0.0,0.00165,0.0,0.2218475254891709,0.3116053227543926,0.7870689260106447,0.0,0.9999999999999996,1.5196295903954473e-06,0.0,1.0,0.0,0.9999999999999996,0.0
5.015073,0.9948448,0.006107501,0.3713971,0.7614242,0.010843008154569045,1.519619855647143e-06,0.0,1.0,0.0,7.80851414218689,0.0,6.119999999998844,1.0,0.0,0.0,-0.3906541545551124,0.7653595159656846,0.0,0.0,0.0,1.519619855647143e-06,0.0,1.0,0.0,7.80851414218689,0.0,6.119999999998844,1.0,0.0,0.0,-0.3906541545551124,0.7653595159656846,0.0,0.0,0.0,0.00165,0.0,0.22184632105565213,0.3116053227543926,0.7870689260106488,0.0,0.9999999999999996,1.519619855647143e-06,0.0,1.0,0.0,0.9999999999999996,0.0
5.016461,1.086446,0.01312597,0.5459978,0.6492636,0.011492132044444296,1.5196122139886367e-06,0.0,1.0,0.0,7.80851414218689,0.0,6.119999999998844,1.0,0.0,0.0,-0.3906541545551124,0.7653595159656846,0.0,0.0,0.0,1.5196122139886367e-06,0.0,1.0,0.0,7.80851414218689,0.0,6.119999999998844,1.0,0.0,0.0,-0.3906541545551124,0.7653595159656846,0.0,0.0,0.0,0.00165,0.0,0.22184536675765243,0.3116053227543926,0.7870689260106513,0.0,0.9999999999999996,1.5196122139886367e-06,0.0,1.0,0.0,0.9999999999999996,0.0
5.0175719999999995,1.159726,0.02061923,0.6856783,0.5595351,0.011950688943790647,1.5196061954669576e-06,0.0,1.0,0.0,7.80851414218689,0.0,6.119999999998844,1.0,0.0,0.0,-0.3906541545551124,0.7653595159656846,0.0,0.0,0.0,1.5196061954669576e-06,0.0,1.0,0.0,7.80851414218689,0.0,6.119999999998844,1.0,0.0,0.0,-0.3906541545551124,0.7653595159656846,0.0,0.0,0.0,0.00165,0.0,0.22184461216935203,0.3116053227543926,0.7870689260106529,0.0,0.9999999999999996,1.5196061954669576e-06,0.0,1.0,0.0,0.9999999999999996,0.0
5.018016,1.189038,0.02408179,0.7415505,0.5236436,0.012133946606536068,1.5196038271712195e-06,0.0,1.0,0.0,7.80851414218689,0.0,6.119999999998844,1.0,0.0,0.0,-0.3906541545551124,0.7653595159656846,0.0,0.0,0.0,1.5196038271712195e-06,0.0,1.0,0.0,7.80851414218689,0.0,6.119999999998844,1.0,0.0,0.0,-0.3906541545551124,0.7653595159656846,0.0,0.0,0.0,0.00165,0.0,0.2218443140938636,0.3116053227543926,0.7870689260106535,0.0,0.9999999999999996,1.5196038271712195e-06,0.0,1.0,0.0,0.9999999999999996,0.0
5.018371,1.212488,0.02690185,0.7175062,0.5442998,0.012280470188235366,1.519601933601429e-06,0.0,1.0,0.0,7.80851414218689,0.0,6.119999999998844,1.0,0.0,0.0,-0.3906541545551124,0.7653595159656846,0.0,0.0,0.0,1.519601933601429e-06,0.0,1.0,0.0,7.80851414218689,0.0,6.119999999998844,1.0,0.0,0.0,-0.3906541545551124,0.7653595159656846,0.0,0.0,0.0,0.00165,0.0,0.2218440757677411,0.3116053227543926,0.7870689260106539,0.0,0.9999999999999996,1.519601933601429e-06,0.0,1.0,0.0,0.9999999999999996,0.0
5.018771,1.238888,0.0298784,0.6628125,0.5873939,0.012445567181699401,1.519599800001665e-06,0.0,1.0,0.0,7.80851414218689,0.0,6.119999999998844,1.0,0.0,0.0,-0.3906541545551124,0.7653595159656846,0.0,0.0,0.0,1.519599800001665e-06,0.0,1.0,0.0,7.80851414218689,0.0,6.119999999998844,1.0,0.0,0.0,-0.3906541545551124,0.7653595159656846,0.0,0.0,0.0,0.00165,0.0,0.22184380723126504,0.3116053227543926,0.7870689260106544,0.0,0.9999999999999996,1.519599800001665e-06,0.0,1.0,0.0,0.9999999999999996,0.0
5.019172,1.26537,0.0325931,0.6079473,0.6306233,0.012611076917647155,1.5195976931039265e-06,0.0,1.0,0.0,7.80851414218689,0.0,6.119999999998844,1.0,0.0,0.0,-0.3906541545551124,0.7653595159656846,0.0,0.0,0.0,1.5195976931039265e-06,0.0,1.0,0.0,7.80851414218689,0.0,6.119999999998844,1.0,0.0,0.0,-0.3906541545551124,0.7653595159656846,0.0,0.0,0.0,0.00165,0.0,0.22184354124836425,0.3116053227543926,0.7870689260106548,0.0,0.9999999999999996,1.5195976931039265e-06,0.0,1.0,0.0,0.9999999999999996,0.0
5.01964,1.296265,0.03541743,0.543939,0.6810565,0.01280424039999997,1.519595283959992e-06,0.0,1.0,0.0,7.80851414218689,0.0,6.119999999998844,1.0,0.0,0.0,-0.3906541545551124,0.7653595159656846,0.0,0.0,0.0,1.519595283959992e-06,0.0,1.0,0.0,7.80851414218689,0.0,6.119999999998844,1.0,0.0,0.0,-0.3906541545551124,0.7653595159656846,0.0,0.0,0.0,0.00165,0.0,0.22184323583546003,0.3116053227543926,0.7870689260106553,0.0,0.9999999999999996,1.519595283959992e-06,0.0,1.0,0.0,0.9999999999999996,0.0
5.021138,1.39513,0.04199047,0.3391126,0.8424429,0.013304358236402036,1.5195875983762155e-06,0.0,1.0,0.0,7.285937790922608,0.0,5.728566085753133,0.9309999999992296,0.0,0.0,-0.32069764174511206,0.7521084200616371,0.0,0.0,0.0,1.5195875983762155e-06,0.0,1.0,0.0,7.285937790922608,0.0,5.728566085753133,0.9309999999992296,0.0,0.0,-0.32069764174511206,0.7521084200616371,0.0,0.0,0.0,0.00165,0.0,0.22191453392792113,0.32632012074450467,0.7832453347626707,0.0,0.9999999999999997,1.5196047879933637e-06,0.0,1.0,0.0,0.9999999999999996,0.0
5.022337,1.474222,0.04456778,0.1752515,0.971552,0.013693893489522055,1.5195816498358638e-06,0.0,1.0,0.0,2.7455823912177646,0.0,2.327629396074448,0.3314999999988554,0.0,0.0,0.2871129296918887,0.6369775215921779,0.0,0.0,0.0,1.5195816498358638e-06,0.0,1.0,0.0,2.7455823912177646,0.0,2.327629396074448,0.3314999999988554,0.0,0.0,0.2871129296918887,0.6369775215921779,0.0,0.0,0.0,0.00165,0.0,0.2231783763225092,0.4579926131597913,0.7490135101909456,0.0,0.9999999999999996,1.519692917471126e-06,0.0,1.0,0.0,0.9999999999999997,0.0
5.023337,1.540222,0.04492462,0.03851411,1.07929,0.014018776936661008,1.5195767499208475e-06,0.0,1.0,0.0,0.2349438340934611,0.0,0.4470447211388549,0.0,0.0,0.0,0.6232083499263246,0.5733146477932285,0.0,0.0,0.0,1.5195767499208475e-06,0.0,1.0,0.0,0.2349438340934611,0.0,0.4470447211388549,0.0,0.0,0.0,0.6232083499263246,0.5733146477932285,0.0,0.0,0.0,0.00165,0.0,0.22549394869787273,0.5568839963086256,0.7233663709687768,0.0005272601200484843,0.9999999999999998,1.5197639429629211e-06,0.0,1.0,0.0005923312895484186,0.9999999999999984,0.0
5.024337,1.606222,0.04383636,-0.07185277,1.16207,0.014327512984014197,1.519571970676395e-06,0.0,1.0,0.0,0.2349438340934611,0.0,0.4470447211388549,0.0,0.0,0.0,0.6232083499263246,0.5733146477932285,0.0,0.0,0.0,1.519571970676395e-06,0.0,1.0,0.0,0.2349438340934611,0.0,0.4470447211388549,0.0,0.0,0.0,0.6232083499263246,0.5733146477932285,0.0,0.0,0.0,0.00165,0.0,0.22889677482232104,0.6473439842921135,0.7023396974898815,0.005192820932672211,0.9999924697683746,1.519813497554374e-06,0.0,1.0,0.005302079472187441,0.9999923621703078,0.0
5.025337,1.672222,0.04197854,-0.09848996,1.165604,0.014588555977859961,1.5195672507763203e-06,0.0,1.0,0.0,0.2349438340934611,0.0,0.4470447211388549,0.0,0.0,0.0,0.6232083499263246,0.5733146477932285,0.0,0.0,0.0,1.5195672507763203e-06,0.0,1.0,0.0,0.2349438340934611,0.0,0.4470447211388549,0.0,0.0,0.0,0.6232083499263246,0.5733146477932285,0.0,0.0,0.0,0.00165,0.0,0.23339877467158476,0.7465485642685655,0.6853663590257001,0.014633802735884441,0.9999092539949264,1.519848476607519e-06,0.0,1.0,0.014853474178447755,0.9999120741947488,0.0
5.026283,1.734701,0.03997808,-0.1237061,1.168951,0.014813018133411461,1.5195628961979566e-06,0.0,1.0,0.0,0.2349438340934611,0.0,0.4470447211388549,0.0,0.0,0.0,0.6232083499263246,0.5733146477932285,0.0,0.0,0.0,1.5195628961979566e-06,0.0,1.0,0.0,0.2349438340934611,0.0,0.4470447211388549,0.0,0.0,0.0,0.6232083499263246,0.5733146477932285,0.0,0.0,0.0,0.00165,0.0,0.23857514151597187,0.8300245182385627,0.6725779980410748,0.027494845098080395,0.9997426181648217,1.519909220994055e-06,0.0,1.0,0.028158999479724448,0.9997419068750315,0.0
5.027113,1.789451,0.0380356,-0.1458026,1.171883,0.015003743294324202,1.5195590947796956e-06,0.0,1.0,0.0,0.2349438340934611,0.0,0.4470447211388549,0.0,0.0,0.0,0.6232083499263246,0.5733146477932285,0.0,0.0,0.0,1.5195590947796956e-06,0.0,1.0,0.0,0.2349438340934611,0.0,0.4470447211388549,0.0,0.0,0.0,0.6232083499263246,0.5733146477932285,0.0,0.0,0.0,0.00165,0.0,0.24372018562565315,0.8852350957176081,0.6640272438887754,0.042006654917898956,0.9995199249548748,1.5199740773293865e-06,0.0,1.0,0.042527648212752865,0.9995286965159635,0.0
5.0297670000000005,1.964649,0.03067512,-0.2165114,1.181266,0.015497013420674341,1.5195474543955803e-06,0.0,1.0,0.0,0.2349438340934611,0.0,0.4470447211388549,0.0,0.0,0.0,0.6232083499263246,0.5733146477932285,0.0,0.0,0.0,1.5195474543955803e-06,0.0,1.0,0.0,0.2349438340934611,0.0,0.4470447211388549,0.0,0.0,0.0,0.6232083499263246,0.5733146477932285,0.0,0.0,0.0,0.00165,0.0,0.2617871609607014,0.9534194252515709,0.6526957305537808,0.10757673219387998,0.998312957218398,1.5200458074193877e-06,0.0,1.0,0.10620078634516666,0.9983977436480279,0.0
5.030829,2.034728,0.02748023,-0.2070959,1.166326,0.015627826572934992,1.5195429200836693e-06,0.0,1.0,0.0,0.2349438340934611,0.0,0.4470447211388549,0.0,0.0,0.0,0.6232083499263246,0.5733146477932285,0.0,0.0,0.0,1.5195429200836693e-06,0.0,1.0,0.0,0.2349438340934611,0.0,0.4470447211388549,0.0,0.0,0.0,0.6232083499263246,0.5733146477932285,0.0,0.0,0.0,0.00165,0.0,0.26898287032943,0.9335067766023586,0.6567536279644457,0.13881671399330017,0.9976940986066601,1.520065120867032e-06,0.0,1.0,0.13942159894414827,0.9977358481805092,0.0
5.032398000000001,2.13825,0.02331169,-0.1694024,1.132464,0.01582109007189659,1.51966642190596e-06,0.0,1.0,0.0,0.2349438340934611,0.0,0.4470447211388549,0.0,0.0,0.0,0.6232083499263246,0.5733146477932285,0.0,0.0,0.0,1.51966642190596e-06,0.0,1.0,0.0,0.2349438340934611,0.0,0.4470447211388549,0.0,0.0,0.0,0.6232083499263246,0.5733146477932285,0.0,0.0,0.0,0.00165,0.0,0.2765783825983532,0.6595476980785785,0.7508391819835075,0.19417458454688968,0.9965158458482952,-0.0011393019599016771,-0.08906139700719155,1.170681128437546,0.19471857688412963,0.9965732943329001,0.0
5.034643,2.286411,0.01873721,-0.1154556,1.084,0.016097620699792342,0.018170680062769506,1.0,0.0,0.0,0.2349438340934611,0.0,0.4470447211388549,0.0,0.0,0.0,0.6232083499263246,0.5733146477932285,0.0,0.0,0.0,0.018170680062769506,1.0,0.0,0.0,0.2349438340934611,0.0,0.4470447211388549,0.0,0.0,0.0,0.6232083499263246,0.5733146477932285,0.0,0.0,0.0,0.00165,0.0,0.27978907670916997,0.4035606267856096,0.8789686511861116,0.27886917312931336,0.9944187766393778,-0.003295419132751027,-0.08906139700717594,1.170681128437543,0.2793867537443079,0.9944922049546622,0.0
5.036543,2.411806,0.0160031,-0.07835363,1.050147,0.016288771654618506,0.019031540475285984,-0.08906139700719559,1.170681128437547,0.0,0.2349438340934611,0.0,0.4470447211388549,0.0,0.0,0.0,0.6232083499263246,0.5733146477932285,0.0,0.0,0.0,0.019031540475285984,-0.08906139700719559,1.170681128437547,0.0,0.2349438340934611,0.0,0.4470447211388549,0.0,0.0,0.0,0.6232083499263246,0.5733146477932285,0.0,0.0,0.0,0.00165,0.0,0.2774872260804272,0.2469026890408957,0.9665572298337899,0.3439069353576952,0.9925330748789687,-0.005042890512458274,-0.08906139700720868,1.1706811284375496,0.34445891936789136,0.9926112748398517,0.0
5.040036,2.642397,0.01234736,-0.05808127,1.028049,0.016526016589389177,0.01431126845023269,-0.08906139700718327,1.1706811284375445,0.0,0.2349438340934611,0.0,0.4470447211388549,0.0,0.0,0.0,0.6232083499263246,0.5733146477932285,0.0,0.0,0.0,0.01431126845023269,-0.08906139700718327,1.1706811284375445,0.0,0.2349438340934611,0.0,0.4470447211388549,0.0,0.0,0.0,0.6232083499263246,0.5733146477932285,0.0,0.0,0.0,0.00165,0.0,0.2653726755679312,0.057818958004237926,1.0981786131446267,0.44837825231764655,0.9890758019774433,-0.008080860208970692,-0.08906139700719559,1.170681128437547,0.4494357333973539,0.9891625692129633,0.0
5.043526,2.872688,0.009619405,-0.04298547,1.012853,0.016612394239999998,0.013170918006827723,-0.010018402391608318,0.9999004544066191,0.0,0.2349438340934611,0.0,0.4470447211388549,0.0,0.0,0.0,0.6232083499263246,0.5733146477932285,0.0,0.0,0.0,0.013170918006827723,-0.010018402391608318,0.9999004544066191,0.0,0.2349438340934611,0.0,0.4470447211388549,0.0,0.0,0.0,0.6232083499263246,0.5733146477932285,0.0,0.0,0.0,0.00165,0.0,0.24803453807496084,-0.018674388785033712,1.1372649488189017,0.5362888537025706,0.9856333131922095,-0.00991876230080385,-0.04423564454407458,1.040683001046676,0.5378263354604179,0.9857285368247604,0.0
5.046663,3.07974,0.007704816,-0.03581565,1.007732,0.016561500281690143,0.014152478921196972,-0.04423564454407535,1.0406830010466774,0.0,0.2349438340934611,0.0,0.4470447211388549,0.0,0.0,0.0,0.6232083499263246,0.5733146477932285,0.0,0.0,0.0,0.014152478921196972,-0.04423564454407535,1.0406830010466774,0.0,0.2349438340934611,0.0,0.4470447211388549,0.0,0.0,0.0,0.6232083499263246,0.5733146477932285,0.0,0.0,0.0,0.00165,0.0,0.2321345227082923,-0.036251789954457894,1.0958954388148472,0.6031391714404523,0.9825493157602652,-0.010853970131925298,-0.04423564454407245,1.040683001046672,0.6048614201762452,0.9826523327364718,0.0
5.05,3.3,0.006075951,-0.0273813,1.006025,0.01643773,0.01164942441947626,-0.04423564454407458,1.040683001046676,0.0,0.2349438340934611,0.0,0.4470447211388549,0.0,0.0,0.0,0.6232083499263246,0.5733146477932285,0.0,0.0,0.0,0.01164942441947626,-0.04423564454407458,1.040683001046676,0.0,0.2349438340934611,0.0,0.4470447211388549,0.0,0.0,0.0,0.6232083499263246,0.5733146477932285,0.0,0.0,0.0,0.00165,0.0,0.21621829527339317,-0.03968805724060913,1.0606306821677958,0.6636605176039698,0.9792792818325936,-0.01179168108322791,-0.04423564454407183,1.040683001046671,0.6660099240979815,0.9793900466206116,0.0
5.050193,3.3,0.005995564,-0.02686153,1.006079,0.016321570150375865,0.011509768766895842,-0.044235644544077246,1.0406830010466808,0.0,0.2349438340934611,0.0,0.4470447211388549,0.0,0.0,0.0,0.6232083499263246,0.5733146477932285,0.0,0.0,0.0,0.011509768766895842,-0.044235644544077246,1.0406830010466808,0.0,0.2349438340934611,0.0,0.4470447211388549,0.0,0.0,0.0,0.6232083499263246,0.5733146477932285,0.0,0.0,0.0,0.00165,0.0,0.2153378129239702,-0.0396120295475438,1.0587822810164382,0.6668420342286567,0.9790905075760397,-0.011843883698562352,-0.04423564454407458,1.040683001046676,0.6692058073773163,0.9792017340364908,0.0
5.0504929999999995,3.3,0.005871806,-0.02605013,1.006165,0.016141188085106735,0.011293715198101122,-0.04423564454407532,1.0406830010466774,0.0,0.2349438340934611,0.0,0.4470447211388549,0.0,0.0,0.0,0.6232083499263246,0.5733146477932285,0.0,0.0,0.0,0.011293715198101122,-0.04423564454407532,1.0406830010466774,0.0,0.2349438340934611,0.0,0.4470447211388549,0.0,0.0,0.0,0.6232083499263246,0.5733146477932285,0.0,0.0,0.0,0.00165,0.0,0.21397445979296262,-0.039470891509198816,1.0559285290013143,0.6717450998281208,0.9787971266816367,-0.01192465710890317,-0.04423564454407458,1.040683001046676,0.6741166302542765,0.9789090879126526,0.0
5.051455000000001,3.3,0.00549885,-0.02345367,1.006439,0.015566536236161962,0.010608800757619271,-0.04423564454407458,1.040683001046676,0.0,0.2349438340934611,0.0,0.4470447211388549,0.0,0.0,0.0,0.6232083499263246,0.5733146477932285,0.0,0.0,0.0,0.010608800757619271,-0.04423564454407458,1.040683001046676,0.0,0.2349438340934611,0.0,0.4470447211388549,0.0,0.0,0.0,0.6232083499263246,0.5733146477932285,0.0,0.0,0.0,0.00165,0.0,0.20967624310186023,-0.03884206720218323,1.0470019564454014,0.6869398259878848,0.9778570004241991,-0.012141663790039083,-0.026450363595638345,1.0099223377973114,0.6894273858694295,0.9779711986029046,0.0
5.054532999999999,3.3,0.004519085,-0.01604572,1.00701,0.013771211147248432,0.011538458961415754,-0.08620035157741282,1.1280102904790716,0.0,0.2349438340934611,0.0,0.4470447211388549,0.0,0.0,0.0,0.6232083499263246,0.5733146477932285,0.0,0.0,0.0,0.011538458961415754,-0.08620035157741282,1.1280102904790716,0.0,0.2349438340934611,0.0,0.4470447211388549,0.0,0.0,0.0,0.6232083499263246,0.5733146477932285,0.0,0.0,0.0,0.00165,0.0,0.19655877046502945,-0.03633933921920384,1.0318653172634047,0.7309774495131682,0.9748550056234284,-0.012283316471401429,-0.024700026555400986,1.007227082509719,0.7335954552374222,0.9749766431933294,0.0
5.062396,3.3,0.002781586,-0.01081233,1.003194,0.009729553629897178,0.010313789629517931,-0.02470002655540038,1.0072270825097183,0.0,0.2349438340934611,0.0,0.4470447211388549,0.0,0.0,0.0,0.6232083499263246,0.5733146477932285,0.0,0.0,0.0,0.010313789629517931,-0.02470002655540038,1.0072270825097183,0.0,0.2349438340934611,0.0,0.4470447211388549,0.0,0.0,0.0,0.6232083499263246,0.5733146477932285,0.0,0.0,0.0,0.00165,0.0,0.1669587992556588,-0.025922670231628954,1.0118774033022089,0.8175790506452493,0.9672271627386178,-0.012455025529517801,-0.011911186963553592,1.005815603630653,0.8204318827381016,0.9673676975440182,0.0
5.07276,3.3,0.001169337,-0.01007492,1.004673,0.005555465030519884,0.01178210560902142,-0.011801132741962926,1.005751003533991,0.0,0.2349438340934611,0.0,0.4470447211388549,0.0,0.0,0.0,0.6232083499263246,0.5733146477932285,0.0,0.0,0.0,0.01178210560902142,-0.011801132741962926,1.005751003533991,0.0,0.2349438340934611,0.0,0.4470447211388549,0.0,0.0,0.0,0.6232083499263246,0.5733146477932285,0.0,0.0,0.0,0.00165,0.0,0.1355343791793426,-0.014641698110211737,1.0061700765031945,0.8900413668579576,0.9572645827158457,-0.011447434576551698,-0.010049916954482775,1.0022989272269593,0.8931369245761479,0.9574297287552669,0.0
5.083767000000001,3.3,-0.0001591814,-0.009543352,0.9979695,0.0023117551165913264,0.015243652886981951,-0.010135713725188992,1.0015065447927263,0.0,0.2349438340934611,0.0,0.4470447211388549,0.0,0.0,0.0,0.6232083499263246,0.5733146477932285,0.0,0.0,0.0,0.015243652886981951,-0.010135713725188992,1.0015065447927263,0.0,0.2349438340934611,0.0,0.4470447211388549,0.0,0.0,0.0,0.6232083499263246,0.5733146477932285,0.0,0.0,0.0,0.00165,0.0,0.10887272991676299,-0.011603887024023084,1.0032213878384868,0.935170156881023,0.9467962366333251,-0.010405114693996098,-0.009750059915720609,1.0015097422345756,0.9383983768988375,0.9469873726951713,0.0
5.098489,3.3,-0.001525531,-0.009652656,0.9996587,-0.0007091777631770557,0.015524170501030405,-0.009597011671916567,0.9990544163559351,0.0,0.2349438340934611,0.0,0.4470447211388549,0.0,0.0,0.0,0.6232083499263246,0.5733146477932285,0.0,0.0,0.0,0.015524170501030405,-0.009597011671916567,0.9990544163559351,0.0,0.2349438340934611,0.0,0.4470447211388549,0.0,0.0,0.0,0.6232083499263246,0.5733146477932285,0.0,0.0,0.0,0.00165,0.0,0.08102301666774654,-0.01026753114533016,0.999640217833088,0.9671494638170323,0.9329738599482917,-0.009269804275512583,-0.009597010512618664,0.999054397694215,0.970540258222084,0.933198633484695,0.0
5.113696,3.3,-0.002637056,-0.01021828,0.9992487,-0.0028654574725465146,0.016499557259020265,-0.011564562113069705,1.0010253390893313,0.0,0.2349438340934611,0.0,0.4470447211388549,0.0,0.0,0.0,0.6232083499263246,0.5733146477932285,0.0,0.0,0.0,0.016499557259020265,-0.011564562113069705,1.0010253390893313,0.0,0.2349438340934611,0.0,0.4470447211388549,0.0,0.0,0.0,0.6232083499263246,0.5733146477932285,0.0,0.0,0.0,0.00165,0.0,0.056124123172535435,-0.06329706891044548,0.9990241349479193,0.9828282606861041,0.9189071232687264,-0.008410037551170877,-0.010068874332438449,0.999581416052707,0.9862412976603319,0.9191670971981573,0.0
5.133269,3.3,-0.003795425,-0.01101693,1.002707,-0.004725913784331251,0.01495799809413975,0.6232083499263246,0.5733146477932285,0.0,0.2349438340934611,0.0,0.4470447211388549,0.0,0.0,0.0,0.6232083499263246,0.5733146477932285,0.0,0.0,0.0,0.01495799809413975,0.6232083499263246,0.5733146477932285,0.0,0.2349438340934611,0.0,0.4470447211388549,0.0,0.0,0.0,0.6232083499263246,0.5733146477932285,0.0,0.0,0.0,0.00165,0.0,0.02031498057419751,-0.10215997687149493,1.0007018597463146,0.9913938052665802,0.901113937572378,-0.007700502079298304,-0.010642572053514232,1.001705148282556,0.994838817944537,0.9014178354208058,0.0
5.161766,3.3,-0.005184336,-0.01264563,0.9994111,-0.006484872466172643,0.011732903235503727,-0.01159126573085201,1.001008352464064,0.0,0.2349438340934611,0.0,0.4470447211388549,0.0,0.0,0.0,0.6232083499263246,0.5733146477932285,0.0,0.0,0.0,0.011732903235503727,-0.01159126573085201,1.001008352464064,0.0,0.2349438340934611,0.0,0.4470447211388549,0.0,0.0,0.0,0.6232083499263246,0.5733146477932285,0.0,0.0,0.0,0.00165,0.0,-0.01174991145825868,-0.09335588707339795,1.0017018848280317,0.9953036919052141,0.8758224886521083,-0.007264938452084655,-0.012077588511657621,1.0031395691738214,0.9987621595732551,0.8761886601185002,0.0
5.188568,3.3,-0.00611729,-0.01243654,0.9993368,-0.0071603456468284435,0.009200220125264027,-0.012091247432817519,1.0025472483308595,0.0,0.2349438340934611,0.0,0.4470447211388549,0.0,0.0,0.0,0.6232083499263246,0.5733146477932285,0.0,0.0,0.0,0.009200220125264027,-0.012091247432817519,1.0025472483308595,0.0,0.2349438340934611,0.0,0.4470447211388549,0.0,0.0,0.0,0.6232083499263246,0.5733146477932285,0.0,0.0,0.0,0.00165,0.0,-0.02898361724201764,-0.08780286518315832,1.003255660256217,0.9962154018918267,0.8526838002429284,-0.007233469387149079,-0.01209124721387088,1.002547257825508,0.9996765186310816,0.8531069272452331,0.0
5.22136,3.3,-0.006540306,-0.0110615,1.000489,-0.007464814117218894,0.005105149512670358,-0.01211290483290412,1.0016080724380123,0.0,0.2349438340934611,0.0,0.4470447211388549,0.0,0.0,0.0,0.6232083499263246,0.5733146477932285,0.0,0.0,0.0,0.005105149512670358,-0.01211290483290412,1.0016080724380123,0.0,0.2349438340934611,0.0,0.4470447211388549,0.0,0.0,0.0,0.6232083499263246,0.5733146477932285,0.0,0.0,0.0,0.00165,0.0,-0.03967127512565493,-0.08857677822651804,1.0019542179311876,0.9964757950545289,0.8252030441129415,-0.007219558997877838,-0.012116953653849608,1.0014324948058293,0.9999374322687726,0.8256941570712415,0.0
5.280014,3.3,-0.006740569,-0.01181922,1.000827,-0.007511229179439617,0.0002744262612524159,-0.012204580279870293,1.002434853090303,0.0,0.2349438340934611,0.0,0.4470447211388549,0.0,0.0,0.0,0.6232083499263246,0.5733146477932285,0.0,0.0,0.0,0.0002744262612524159,-0.012204580279870293,1.002434853090303,0.0,0.2349438340934611,0.0,0.4470447211388549,0.0,0.0,0.0,0.6232083499263246,0.5733146477932285,0.0,0.0,0.0,0.00165,0.0,-0.0515905395415147,-0.09878229797387462,1.002690391789298,0.9965348969165843,0.7782396203606341,-0.007250071136367886,-0.012204593565534312,1.002434864359715,0.9999966834832363,0.7788468547624877,0.0
5.337778,3.3,-0.007349157,-0.01368742,1.0021,-0.008939131433122409,-0.004093078354248587,-0.01141350110876305,1.005605831115421,0.0,0.2349438340934611,0.0,0.4470447211388549,0.0,0.0,0.0,0.6232083499263246,0.5733146477932285,0.0,0.0,0.0,-0.004093078354248587,-0.01141350110876305,1.005605831115421,0.0,0.2349438340934611,0.0,0.4470447211388549,0.0,0.0,0.0,0.6232083499263246,0.5733146477932285,0.0,0.0,0.0,0.00165,0.0,-0.05623619409331593,-0.09801921774899496,1.0057054618187447,0.9965380200232432,0.7346018673027329,-0.00702179424601151,-0.011413562422594361,1.0056082749442843,0.9999998161403199,0.7353169365481159,0.0
5.423413,3.3,-0.0101631,-0.02153962,1.004537,-0.013121635204659145,-0.009096718834534435,-0.013348849955814519,1.0025258935480441,0.0,0.2349438340934611,0.0,0.4470447211388549,0.0,0.0,0.0,0.6232083499263246,0.5733146477932285,0.0,0.0,0.0,-0.009096718834534435,-0.013348849955814519,1.0025258935480441,0.0,0.2349438340934611,0.0,0.4470447211388549,0.0,0.0,0.0,0.6232083499263246,0.5733146477932285,0.0,0.0,0.0,0.00165,0.0,-0.06092800196569042,-0.10723670670007346,1.001920341695085,0.9965382007255928,0.674370461748706,-0.010039570746296687,-0.021012101979675735,1.00344403696268,0.9999999974592855,0.6752342958823118,0.0
5.449203,3.3,-0.01132202,-0.02255298,1.007295,-0.012344126833976855,-0.010261692325564061,-0.021712621385963953,1.0057869641473005,0.0,0.2349438340934611,0.0,0.4470447211388549,0.0,0.0,0.0,0.6232083499263246,0.5733146477932285,0.0,0.0,0.0,-0.010261692325564061,-0.021712621385963953,1.0057869641473005,0.0,0.2349438340934611,0.0,0.4470447211388549,0.0,0.0,0.0,0.6232083499263246,0.5733146477932285,0.0,0.0,0.0,0.00165,0.0,-0.0621849031002305,-0.10820776933125972,1.0058849677781552,0.9965382025467119,0.6572179283762246,-0.011074410155705318,-0.02171255275147308,1.005786826935308,0.9999999992873361,0.6581240680428639,0.0
5.4698340000000005,3.3,-0.01208996,-0.02348087,1.009135,-0.011412524485342815,-0.010990471760504996,-0.02262192585351888,1.0076766323851543,0.0,0.2349438340934611,0.0,0.4470447211388549,0.0,0.0,0.0,0.6232083499263246,0.5733146477932285,0.0,0.0,0.0,-0.010990471760504996,-0.02262192585351888,1.0076766323851543,0.0,0.2349438340934611,0.0,0.4470447211388549,0.0,0.0,0.0,0.6232083499263246,0.5733146477932285,0.0,0.0,0.0,0.00165,0.0,-0.06297287318091223,-0.10911343044903861,1.0078917744302551,0.996538202991364,0.6438111175484554,-0.011783370317963443,-0.02262188310310236,1.007676504702931,0.9999999997336321,0.644750292224869,0.0
5.48634,3.3,-0.01216605,-0.01820652,1.006075,-0.010200079350893291,-0.011404574986123506,-0.022146274839990234,1.0099280129223993,0.0,0.2349438340934611,0.0,0.4470447211388549,0.0,0.0,0.0,0.6232083499263246,0.5733146477932285,0.0,0.0,0.0,-0.011404574986123506,-0.022146274839990234,1.0099280129223993,0.0,0.2349438340934611,0.0,0.4470447211388549,0.0,0.0,0.0,0.6232083499263246,0.5733146477932285,0.0,0.0,0.0,0.00165,0.0,-0.0635000122286099,-0.10908917438893045,1.0102756196450193,0.9965382031293728,0.6332823158815323,-0.012238120410443436,-0.022143373839624184,1.009928043642152,0.9999999998721997,0.6342472800270529,0.0
5.519303,3.3,-0.01063899,-0.01196893,1.002339,-0.007778788367804721,-0.01089614664067987,-0.014972947594817517,1.0039103260618962,0.0,0.2349438340934611,0.0,0.4470447211388549,0.0,0.0,0.0,0.6232083499263246,0.5733146477932285,0.0,0.0,0.0,-0.01089614664067987,-0.014972947594817517,1.0039103260618962,0.0,0.2349438340934611,0.0,0.4470447211388549,0.0,0.0,0.0,0.6232083499263246,0.5733146477932285,0.0,0.0,0.0,0.00165,0.0,-0.06302803336035721,-0.10201641495951683,1.0041579647885126,0.9965382032162615,0.6127678150035073,-0.011317263246125813,-0.01497319514874906,1.003910387483772,0.9999999999593117,0.6137837572942326,0.0
5.5455309999999995,3.3,-0.008833415,-0.008628637,1.006354,-0.005503415683204969,-0.009545872669613162,-0.009731024556109498,1.0039041692533073,0.0,0.2349438340934611,0.0,0.4470447211388549,0.0,0.0,0.0,0.6232083499263246,0.5733146477932285,0.0,0.0,0.0,-0.009545872669613162,-0.009731024556109498,1.0039041692533073,0.0,0.2349438340934611,0.0,0.4470447211388549,0.0,0.0,0.0,0.6232083499263246,0.5733146477932285,0.0,0.0,0.0,0.00165,0.0,-0.061567916594169846,-0.09726401952341224,1.0033756048390954,0.9965382032312997,0.5969208122888048,-0.009649682325276156,-0.009695103590458234,1.003983861718552,0.9999999999744335,0.5979760523544189,0.0
5.591462,3.3,-0.006478127,-0.008112963,1.006867,-0.0012687072218397857,-0.0072446407714639085,-0.008817787119620474,1.006364857755129,0.0,0.2349438340934611,0.0,0.4470447211388549,0.0,0.0,0.0,0.6232083499263246,0.5733146477932285,0.0,0.0,0.0,-0.0072446407714639085,-0.008817787119620474,1.006364857755129,0.0,0.2349438340934611,0.0,0.4470447211388549,0.0,0.0,0.0,0.6232083499263246,0.5733146477932285,0.0,0.0,0.0,0.00165,0.0,-0.05900403991996001,-0.09549081260537357,1.0073404087035667,0.9965382032362329,0.5701501445115804,-0.0072502537440800215,-0.00837565219851452,1.0070220593545105,0.99999999997944,0.5712711803875522,0.0
5.625324,3.3,-0.004608541,-0.0008012837,1.002507,0.0018337440897903835,-0.005765520095211265,-0.0030674741140840744,1.003853486236698,0.0,0.2349438340934611,0.0,0.4470447211388549,0.0,0.0,0.0,0.6232083499263246,0.5733146477932285,0.0,0.0,0.0,-0.005765520095211265,-0.0030674741140840744,1.003853486236698,0.0,0.2349438340934611,0.0,0.4470447211388549,0.0,0.0,0.0,0.6232083499263246,0.5733146477932285,0.0,0.0,0.0,0.00165,0.0,-0.05743219036476421,-0.09088499415002986,1.0049782366562716,0.9965382032366503,0.5511856603030494,-0.0055682085807550715,-0.003117039076605823,1.003833129519769,0.9999999999798941,0.5523538560011372,0.0
5.668322,3.3,-0.0009186052,0.006657288,1.000571,0.005700020420282091,-0.0026036848357162043,0.0038806465274516173,1.0018368659252357,0.0,0.2349438340934611,0.0,0.4470447211388549,0.0,0.0,0.0,0.6232083499263246,0.5733146477932285,0.0,0.0,0.0,-0.0026036848357162043,0.0038806465274516173,1.0018368659252357,0.0,0.2349438340934611,0.0,0.4470447211388549,0.0,0.0,0.0,0.6232083499263246,0.5733146477932285,0.0,0.0,0.0,0.00165,0.0,-0.05417583145951754,-0.08326089339329337,1.0020298554386977,0.996538203236694,0.5280111334209695,-0.0021237051020914547,0.003880798988216347,1.001836825977562,0.9999999999799846,0.5292360886611519,0.0
5.714709999999999,3.3,0.002804706,0.01059831,0.998532,0.009606125172370413,0.0012263245998279002,-6.826320924126824e-05,1.002183485312922,0.0,0.2349438340934611,0.0,0.4470447211388549,0.0,0.0,0.0,0.6232083499263246,0.5733146477932285,0.0,0.0,0.0,0.0012263245998279002,-6.826320924126824e-05,1.002183485312922,0.0,0.2349438340934611,0.0,0.4470447211388549,0.0,0.0,0.0,0.6232083499263246,0.5733146477932285,0.0,0.0,0.0,0.00165,0.0,-0.05013816800910576,-0.07722260029871691,1.0013516590404155,0.9965382032366578,0.504100601138606,0.001909959870662718,0.00973463582631619,1.0005483076618138,0.9999999999799949,0.5053848567488024,0.0
5.779394,3.3,0.007110319,0.01741329,0.9824814,0.01110070847295357,0.005265172266364753,0.015421446889742282,0.9868005726671337,0.0,0.2349438340934611,0.0,0.4470447211388549,0.0,0.0,0.0,0.6232083499263246,0.5733146477932285,0.0,0.0,0.0,0.005265172266364753,0.015421446889742282,0.9868005726671337,0.0,0.2349438340934611,0.0,0.4470447211388549,0.0,0.0,0.0,0.6232083499263246,0.5733146477932285,0.0,0.0,0.0,0.00165,0.0,-0.046156947031458305,-0.07148424465209906,0.9873351855673888,0.9965382032365864,0.47255617748791484,0.006061214359992455,0.015421290303243029,0.9868008635334689,0.9999999999799953,0.4739183763211051,0.0
5.831978,3.3,0.008536229,0.01278976,0.9637934,0.012279728144414167,0.008395861195479628,0.01614929938040874,0.9735146773015445,0.0,0.2349438340934611,0.0,0.4470447211388549,0.0,0.0,0.0,0.6232083499263246,0.5733146477932285,0.0,0.0,0.0,0.008395861195479628,0.01614929938040874,0.9735146773015445,0.0,0.2349438340934611,0.0,0.4470447211388549,0.0,0.0,0.0,0.6232083499263246,0.5733146477932285,0.0,0.0,0.0,0.00165,0.0,-0.043324367041481564,-0.0700249872238094,0.9732616563251689,0.9965382032365298,0.4483730089865063,0.00902015829191852,0.014193381017988439,0.9691804866339583,0.9999999999799954,0.44979486195192603,0.0
5.846318,3.3,0.008250213,0.01065947,0.9478266,0.0137734716321526,0.008543267679913103,0.012741165813181037,0.9647436863499999,0.0,0.2349438340934611,0.0,0.4470447211388549,0.0,0.0,0.0,0.6232083499263246,0.5733146477932285,0.0,0.0,0.0,0.008543267679913103,0.012741165813181037,0.9647436863499999,0.0,0.2349438340934611,0.0,0.4470447211388549,0.0,0.0,0.0,0.6232083499263246,0.5733146477932285,0.0,0.0,0.0,0.00165,0.0,-0.04342678181304365,-0.07311887096576772,0.9671796760789763,0.9965382032365138,0.44199581517903125,0.008880566801815827,0.012740268411179563,0.9647404922598088,0.9999999999799949,0.4434332218060969,0.0
5.889318,3.3,0.009449716,0.02193257,0.8896111,0.020975439292325655,0.00916273330964748,0.018919601098384198,0.9198377709068836,0.0,0.2349438340934611,0.0,0.4470447211388549,0.0,0.0,0.0,0.6232083499263246,0.5733146477932285,0.0,0.0,0.0,0.00916273330964748,0.018919601098384198,0.9198377709068836,0.0,0.2349438340934611,0.0,0.4470447211388549,0.0,0.0,0.0,0.6232083499263246,0.5733146477932285,0.0,0.0,0.0,0.00165,0.0,-0.04420823329078148,-0.06816532597927988,0.9211156481108052,0.9965382032364662,0.4234109733622565,0.009314356442610734,0.018919364561880037,0.9198390084222864,0.9999999999799953,0.42489450498896,0.0
5.921881,3.3,0.01295211,0.03064286,0.8368737,0.028074108127373792,0.011658158266438852,0.026074109103407003,0.8660389605362097,0.0,0.2349438340934611,0.0,0.4470447211388549,0.0,0.0,0.0,0.6232083499263246,0.5733146477932285,0.0,0.0,0.0,0.011658158266438852,0.026074109103407003,0.8660389605362097,0.0,0.2349438340934611,0.0,0.4470447211388549,0.0,0.0,0.0,0.6232083499263246,0.5733146477932285,0.0,0.0,0.0,0.00165,0.0,-0.04304208641442226,-0.06091740960227259,0.8629904260669996,0.996538203236428,0.40985889403263187,0.011944319208737609,0.028515802542333216,0.8523158684766744,0.9999999999799956,0.41137584683989137,0.0
5.956378,3.3,0.01814378,0.03985762,0.7403826,0.036751151961756455,0.01569010665556893,0.03609166091610792,0.7685142768591064,0.0,0.2349438340934611,0.0,0.4470447211388549,0.0,0.0,0.0,0.6232083499263246,0.5733146477932285,0.0,0.0,0.0,0.01569010665556893,0.03609166091610792,0.7685142768591064,0.0,0.2349438340934611,0.0,0.4470447211388549,0.0,0.0,0.0,0.6232083499263246,0.5733146477932285,0.0,0.0,0.0,0.00165,0.0,-0.04092734521727322,-0.05208895193308177,0.7788520144217383,0.9965382032363894,0.3959750193260365,0.016272582198609373,0.036094955553038696,0.7684864247418722,0.9999999999799949,0.39752610607584904,0.0
5.970828,3.3,0.02064244,0.04254301,0.6873703,0.04059146483825639,0.017884881224317573,0.038676660834824496,0.7491253576508563,0.0,0.2349438340934611,0.0,0.4470447211388549,0.0,0.0,0.0,0.6232083499263246,0.5733146477932285,0.0,0.0,0.0,0.017884881224317573,0.038676660834824496,0.7491253576508563,0.0,0.2349438340934611,0.0,0.4470447211388549,0.0,0.0,0.0,0.6232083499263246,0.5733146477932285,0.0,0.0,0.0,0.00165,0.0,-0.03981789776982723,-0.048403638733878075,0.7493007704559287,0.9965382032363735,0.39029983387748984,0.018514740981360783,0.03867664934126222,0.7491254586155329,0.9999999999799957,0.39186511975778354,0.0
5.982388,3.3,0.02269699,0.04452479,0.6438633,0.043663715139456376,0.0196993028632586,0.04075905538803954,0.7187228563143652,0.0,0.2349438340934611,0.0,0.4470447211388549,0.0,0.0,0.0,0.6232083499263246,0.5733146477932285,0.0,0.0,0.0,0.0196993028632586,0.04075905538803954,0.7187228563143652,0.0,0.2349438340934611,0.0,0.4470447211388549,0.0,0.0,0.0,0.6232083499263246,0.5733146477932285,0.0,0.0,0.0,0.00165,0.0,-0.03889273627630901,-0.046001683113782575,0.7144623750373315,0.9965382032363622,0.38581840016713814,0.02043720166728331,0.04232093827075671,0.6718680281522688,0.9999999999799951,0.3873947271799379,0.0
5.998162,3.3,0.02560657,0.04783782,0.6023976,0.04794699279381843,0.022200194089534317,0.04433596618677655,0.6449022262802502,0.0,0.2349438340934611,0.0,0.4470447211388549,0.0,0.0,0.0,0.6232083499263246,0.5733146477932285,0.0,0.0,0.0,0.022200194089534317,0.04433596618677655,0.6449022262802502,0.0,0.2349438340934611,0.0,0.4470447211388549,0.0,0.0,0.0,0.6232083499263246,0.5733146477932285,0.0,0.0,0.0,0.00165,0.0,-0.03782097100322342,-0.042886484534800845,0.6539175474985129,0.996538203236343,0.37978645019129414,0.023172432764463617,0.04433628208101421,0.6448979193031276,0.9999999999799951,0.3813775227019456,0.0
6.015726,3.3,0.02902793,0.05075422,0.5317036,0.053470474371695685,0.0251277017536082,0.04812561690165511,0.5798324982685539,0.0,0.2349438340934611,0.0,0.4470447211388549,0.0,0.0,0.0,0.6232083499263246,0.5733146477932285,0.0,0.0,0.0,0.0251277017536082,0.04812561690165511,0.5798324982685539,0.0,0.2349438340934611,0.0,0.4470447211388549,0.0,0.0,0.0,0.6232083499263246,0.5733146477932285,0.0,0.0,0.0,0.00165,0.0,-0.036683278235943535,-0.039340041723659694,0.6006431935373706,0.9965382032363238,0.37318063553061653,0.026385545805396097,0.048118752589191766,0.5800705943100374,0.9999999999799949,0.3747882118677719,0.0
6.029990000000001,3.3,0.03192978,0.05351179,0.5017245,0.05795618043106966,0.027813158290849366,0.05002946846108516,0.5402823721643905,0.0,0.2349438340934611,0.0,0.4470447211388549,0.0,0.0,0.0,0.6232083499263246,0.5733146477932285,0.0,0.0,0.0,0.027813158290849366,0.05002946846108516,0.5402823721643905,0.0,0.2349438340934611,0.0,0.4470447211388549,0.0,0.0,0.0,0.6232083499263246,0.5733146477932285,0.0,0.0,0.0,0.00165,0.0,-0.035849397669194184,-0.0369722790706121,0.5462322244792772,0.9965382032363066,0.36790062521942934,0.02912305883529071,0.05002931787093426,0.5402844322683236,0.9999999999799954,0.3695211794966903,0.0
6.044312,3.3,0.03496374,0.05638169,0.4638045,0.06256678312122264,0.03051728388018378,0.05177273291185064,0.5222321484037038,0.0,0.2349438340934611,0.0,0.4470447211388549,0.0,0.0,0.0,0.6232083499263246,0.5733146477932285,0.0,0.0,0.0,0.03051728388018378,0.05177273291185064,0.5222321484037038,0.0,0.2349438340934611,0.0,0.4470447211388549,0.0,0.0,0.0,0.6232083499263246,0.5733146477932285,0.0,0.0,0.0,0.00165,0.0,-0.03504206573416938,-0.03411014843741877,0.5125687917135494,0.996538203236289,0.36267435890567945,0.032009052984201515,0.05411326321984887,0.494027654815587,0.9999999999799949,0.364307749168091,0.0
6.059714,3.3,0.0383355,0.05860262,0.4249554,0.06867497587955532,0.03361258804313086,0.05584437809749589,0.46917199551309074,0.0,0.2349438340934611,0.0,0.4470447211388549,0.0,0.0,0.0,0.6232083499263246,0.5733146477932285,0.0,0.0,0.0,0.03361258804313086,0.05584437809749589,0.46917199551309074,0.0,0.2349438340934611,0.0,0.4470447211388549,0.0,0.0,0.0,0.6232083499263246,0.5733146477932285,0.0,0.0,0.0,0.00165,0.0,-0.034060321044919864,-0.031163963533054735,0.4730603908988507,0.9965382032362725,0.3571367304942123,0.03526042285384396,0.05584422818517662,0.4691750733948306,0.9999999999799954,0.3587838276872314,0.0
6.082122,3.3,0.04336602,0.06182108,0.3699875,0.07756163886674673,0.03831859503544814,0.0587596324396005,0.41880818381083096,0.0,0.2349438340934611,0.0,0.4470447211388549,0.0,0.0,0.0,0.6232083499263246,0.5733146477932285,0.0,0.0,0.0,0.03831859503544814,0.0587596324396005,0.41880818381083096,0.0,0.2349438340934611,0.0,0.4470447211388549,0.0,0.0,0.0,0.6232083499263246,0.5733146477932285,0.0,0.0,0.0,0.00165,0.0,-0.03264555456744331,-0.028010081649648647,0.4166704501448138,0.9965382032362473,0.34923083174476804,0.0401227050921319,0.05996163089753297,0.39301883676067895,0.9999999999799953,0.35089750033913036,0.0
6.12812,3.3,0.05496965,0.07127159,0.2727557,0.09782248899742223,0.04903333395882488,0.0687464273773986,0.30571407283141755,0.0,0.2349438340934611,0.0,0.4470447211388549,0.0,0.0,0.0,0.6232083499263246,0.5733146477932285,0.0,0.0,0.0,0.04903333395882488,0.0687464273773986,0.30571407283141755,0.0,0.2349438340934611,0.0,0.4470447211388549,0.0,0.0,0.0,0.6232083499263246,0.5733146477932285,0.0,0.0,0.0,0.00165,0.0,-0.029191474895593005,-0.01838261293997131,0.3125062444969075,0.9965382032361962,0.33354634883563994,0.0514702858259246,0.06874670990793805,0.3057100799730267,0.9999999999799951,0.33525163340543007,0.0
6.168121,3.3,0.06618933,0.07734697,0.2139267,0.11927389434587912,0.05958757120708047,0.07525181523137668,0.24041977793671107,0.0,0.2349438340934611,0.0,0.4470447211388549,0.0,0.0,0.0,0.6232083499263246,0.5733146477932285,0.0,0.0,0.0,0.05958757120708047,0.07525181523137668,0.24041977793671107,0.0,0.2349438340934611,0.0,0.4470447211388549,0.0,0.0,0.0,0.6232083499263246,0.5733146477932285,0.0,0.0,0.0,0.00165,0.0,-0.025556626753713813,-0.012097178165024794,0.2423673115303064,0.9965382032361523,0.32048039746158546,0.06233993107205037,0.07525222807877242,0.24041855721946806,0.9999999999799951,0.32221793489888856,0.0
6.2169300000000005,3.3,0.08333557,0.09816899,0.1656349,0.15379293454036647,0.07493360008574644,0.09323519705940563,0.178605195212835,0.0,0.2349438340934611,0.0,0.4470447211388549,0.0,0.0,0.0,0.6232083499263246,0.5733146477932285,0.0,0.0,0.0,0.07493360008574644,0.09323519705940563,0.178605195212835,0.0,0.2349438340934611,0.0,0.4470447211388549,0.0,0.0,0.0,0.6232083499263246,0.5733146477932285,0.0,0.0,0.0,0.00165,0.0,-0.01889155813225335,0.00466018114859419,0.17765076824598444,0.996538203236102,0.30522866426006284,0.07834518550958391,0.09323892035250915,0.17860401537757534,0.999999999979995,0.30700396172032035,0.0
6.260376,3.3,0.1021513,0.1104609,0.1275796,0.1935595746726284,0.09260349831555628,0.10392686916400921,0.13364921520388678,0.0,0.2349438340934611,0.0,0.4470447211388549,0.0,0.0,0.0,0.6232083499263246,0.5733146477932285,0.0,0.0,0.0,0.09260349831555628,0.10392686916400921,0.13364921520388678,0.0,0.2349438340934611,0.0,0.4470447211388549,0.0,0.0,0.0,0.6232083499263246,0.5733146477932285,0.0,0.0,0.0,0.00165,0.0,-0.00832077602969577,0.016869281912853397,0.13543675459111462,0.9965382032360561,0.2922642968265467,0.09623216999145384,0.1039267683560535,0.1336497927855638,0.9999999999799956,0.2940716663746704,0.0
6.301863999999999,3.3,0.1214982,0.121717,0.08811337,0.2404577445078803,0.11108587830964774,0.1153948184480279,0.10776129183828044,0.0,0.2349438340934611,0.0,0.4470447211388549,0.0,0.0,0.0,0.6232083499263246,0.5733146477932285,0.0,0.0,0.0,0.11108587830964774,0.1153948184480279,0.10776129183828044,0.0,0.2349438340934611,0.0,0.4470447211388549,0.0,0.0,0.0,0.6232083499263246,0.5733146477932285,0.0,0.0,0.0,0.00165,0.0,0.0035913756585757256,0.02850445407758577,0.10746551411527826,0.9965382032360124,0.28039860245496595,0.11465990920247732,0.11770670823387601,0.09705573355218658,0.9999999999799956,0.2822352209211619,0.0
6.315583,3.3,0.1294702,0.1425021,0.07768118,0.2609627164347892,0.11750709709368685,0.12868124794450406,0.08893015432145007,0.0,0.2349438340934611,0.0,0.4470447211388549,0.0,0.0,0.0,0.6232083499263246,0.5733146477932285,0.0,0.0,0.0,0.11750709709368685,0.12868124794450406,0.08893015432145007,0.0,0.2349438340934611,0.0,0.4470447211388549,0.0,0.0,0.0,0.6232083499263246,0.5733146477932285,0.0,0.0,0.0,0.00165,0.0,0.007818179047990636,0.03626686025549114,0.09408172128672702,0.996538203235996,0.27658201673344407,0.12140162458734842,0.1286859786477182,0.08892851503600263,0.9999999999799949,0.2784280627443723,0.0
6.323201,3.3,0.1347683,0.148836,0.0763442,0.2723488871570853,0.12198531106044438,0.06309135750817932,0.3873840389164772,0.0,0.2349438340934611,0.0,0.4470447211388549,0.0,0.0,0.0,0.6232083499263246,0.5733146477932285,0.0,0.0,0.0,0.12198531106044438,0.06309135750817932,0.3873840389164772,0.0,0.2349438340934611,0.0,0.4470447211388549,0.0,0.0,0.0,0.6232083499263246,0.5733146477932285,0.0,0.0,0.0,0.00165,0.0,0.010702782821213615,0.043774716544874956,0.087327247106015,0.9965382032359883,0.27448501149393056,0.125854517876287,0.1416549476958023,0.08177693252114392,0.999999999979995,0.2763362590379885,0.0
6.344259,3.3,0.1503063,0.162177,0.0709098,0.30382302512900883,0.13589274092046433,0.1472704214400759,0.08310422122074942,0.0,0.2349438340934611,0.0,0.4470447211388549,0.0,0.0,0.0,0.6232083499263246,0.5733146477932285,0.0,0.0,0.0,0.13589274092046433,0.1472704214400759,0.08310422122074942,0.0,0.2349438340934611,0.0,0.4470447211388549,0.0,0.0,0.0,0.6232083499263246,0.5733146477932285,0.0,0.0,0.0,0.00165,0.0,0.021468334995683992,0.06401270268611625,0.0828474652707021,0.996538203235966,0.2687710713313383,0.1404706041760324,0.1551588541857178,0.07957031744499099,0.9999999999799949,0.27063635525928237,0.0
6.362955,3.3,0.1648217,0.1714554,0.05762999,0.33401119565735127,0.14957296636841813,0.35224430141146806,0.026135155475804004,0.0,0.2349438340934611,0.0,0.4470447211388549,0.0,0.0,0.0,0.6232083499263246,0.5733146477932285,0.0,0.0,0.0,0.14957296636841813,0.35224430141146806,0.026135155475804004,0.0,0.2349438340934611,0.0,0.4470447211388549,0.0,0.0,0.0,0.6232083499263246,0.5733146477932285,0.0,0.0,0.0,0.00165,0.0,0.032512569381295375,0.07420395920647728,0.07155617674238168,0.9965382032359432,0.26379772697535236,0.15428419756917297,0.1656628425314469,0.06524903748262635,0.999999999979995,0.2656753355982924,0.0
6.370602,3.3,0.1709213,0.1754636,0.05208275,0.3479215901198784,0.15513709395588793,0.1656645585654524,0.0652466132346154,0.0,0.2349438340934611,0.0,0.4470447211388549,0.0,0.0,0.0,0.6232083499263246,0.5733146477932285,0.0,0.0,0.0,0.15513709395588793,0.1656645585654524,0.0652466132346154,0.0,0.2349438340934611,0.0,0.4470447211388549,0.0,0.0,0.0,0.6232083499263246,0.5733146477932285,0.0,0.0,0.0,0.00165,0.0,0.037246532566772295,0.07811057845366726,0.06620680561940742,0.9965382032359358,0.2617901865270053,0.1601011993398056,0.1656644472788591,0.0652467704496249,0.9999999999799956,0.2636727987197069,0.0
6.395072,3.3,0.1911631,0.1921511,0.05366564,0.39243412477373735,0.17416247687602207,0.19399010870737018,0.052713904632133615,0.0,0.2349438340934611,0.0,0.4470447211388549,0.0,0.0,0.0,0.6232083499263246,0.5733146477932285,0.0,0.0,0.0,0.17416247687602207,0.19399010870737018,0.052713904632133615,0.0,0.2349438340934611,0.0,0.4470447211388549,0.0,0.0,0.0,0.6232083499263246,0.5733146477932285,0.0,0.0,0.0,0.00165,0.0,0.05311706784341726,0.09360849743236722,0.05911525727022675,0.9965382032359081,0.25546826954460067,0.17959948766930592,0.1848781086471993,0.06087999433308038,0.9999999999799949,0.2573664943171983,0.0
6.415344999999999,3.3,0.2108046,0.2237567,0.0467301,0.4292120509815749,0.19111747273197666,0.19782233550723516,0.051715665750709724,0.0,0.2349438340934611,0.0,0.4470447211388549,0.0,0.0,0.0,0.6232083499263246,0.5733146477932285,0.0,0.0,0.0,0.19111747273197666,0.19782233550723516,0.051715665750709724,0.0,0.2349438340934611,0.0,0.4470447211388549,0.0,0.0,0.0,0.6232083499263246,0.5733146477932285,0.0,0.0,0.0,0.00165,0.0,0.06746874984809759,0.1065026876896506,0.053368171527604945,0.9965382032358885,0.25034637571722584,0.19658829197054709,0.1976175817709353,0.05177956117084574,0.9999999999799949,0.25225728512487516,0.0
6.434906,3.3,0.2346806,0.2597297,0.03877989,0.4645756187259283,0.21083053805094656,0.13060600949800366,0.0972571615944092,0.0,0.2349438340934611,0.0,0.4470447211388549,0.0,0.0,0.0,0.6232083499263246,0.5733146477932285,0.0,0.0,0.0,0.21083053805094656,0.13060600949800366,0.0972571615944092,0.0,0.2349438340934611,0.0,0.4470447211388549,0.0,0.0,0.0,0.6232083499263246,0.5733146477932285,0.0,0.0,0.0,0.00165,0.0,0.08487308172019058,0.14794503676352752,0.04679456413278521,0.9965382032358687,0.24550178572051662,0.21817432749719176,0.24476075661691163,0.0435336505542839,0.9999999999799949,0.24742462062333292,0.0
6.464276,3.3,0.2761288,0.2941225,0.03600416,0.5162099838923502,0.24814201697871918,0.2641830180647132,0.034630392353440696,0.0,0.2349438340934611,0.0,0.4470447211388549,0.0,0.0,0.0,0.6232083499263246,0.5733146477932285,0.0,0.0,0.0,0.24814201697871918,0.2641830180647132,0.034630392353440696,0.0,0.2349438340934611,0.0,0.4470447211388549,0.0,0.0,0.0,0.6232083499263246,0.5733146477932285,0.0,0.0,0.0,0.00165,0.0,0.11979100432748983,0.18266126587351542,0.03367727026369133,0.9965382032358403,0.23840326496504294,0.25717945724254293,0.277971654452519,0.03322355421200929,0.9999999999799949,0.2403435573066231,0.0
6.487069999999999,3.3,0.3106081,0.3217753,0.03406091,0.5540236141003173,0.2791627900569183,0.30371148010657106,0.03696720542810854,0.0,0.2349438340934611,0.0,0.4470447211388549,0.0,0.0,0.0,0.6232083499263246,0.5733146477932285,0.0,0.0,0.0,0.2791627900569183,0.30371148010657106,0.03696720542810854,0.0,0.2349438340934611,0.0,0.4470447211388549,0.0,0.0,0.0,0.6232083499263246,0.5733146477932285,0.0,0.0,0.0,0.00165,0.0,0.1499769175962302,0.2123197302217707,0.037814593900992545,0.9965382032358153,0.23303596256589457,0.2900262601680719,0.3037202013179098,0.03696548886663885,0.999999999979995,0.2349895618065987,0.0
6.503906,3.3,0.3372118,0.3406287,0.03023617,0.5814591,0.30363459343181104,0.3289272818766955,0.032425218936868797,0.0,0.2349438340934611,0.0,0.4470447211388549,0.0,0.0,0.0,0.6232083499263246,0.5733146477932285,0.0,0.0,0.0,0.30363459343181104,0.3289272818766955,0.032425218936868797,0.0,0.2349438340934611,0.0,0.4470447211388549,0.0,0.0,0.0,0.6232083499263246,0.5733146477932285,0.0,0.0,0.0,0.00165,0.0,0.1737935085649439,0.23114802966167775,0.03488996305658775,0.9965382032357971,0.2291492164857072,0.31552171871599655,0.3266955853620094,0.03334362779283223,0.9999999999799951,0.2311123780433078,0.0
6.504258,3.276761,0.3377772,0.3410401,0.03019732,0.5818363708206682,0.3041453968390899,0.3125041122655283,0.03548878259565999,0.0,0.2349438340934611,0.0,0.4470447211388549,0.0,0.0,0.0,0.6232083499263246,0.5733146477932285,0.0,0.0,0.0,0.3041453968390899,0.3125041122655283,0.03548878259565999,0.0,0.2349438340934611,0.0,0.4470447211388549,0.0,0.0,0.0,0.6232083499263246,0.5733146477932285,0.0,0.0,0.0,0.00165,0.0,0.17430622521617448,0.23172417226672287,0.03481202363124512,0.9965382032357964,0.22906865558380138,0.3160786029984738,0.32664231437212804,0.03336555037439776,0.9999999999799954,0.23103201586987726,0.0
6.5049209999999995,3.232981,0.3388429,0.3418152,0.03012412,0.5825418803191487,0.3047006251449727,0.18550521330737832,0.05745658985856414,0.0,0.2349438340934611,0.0,0.4470447211388549,0.0,0.0,0.0,0.6232083499263246,0.5733146477932285,0.0,0.0,0.0,0.3047006251449727,0.18550521330737832,0.05745658985856414,0.0,0.2349438340934611,0.0,0.4470447211388549,0.0,0.0,0.0,0.6232083499263246,0.5733146477932285,0.0,0.0,0.0,0.00165,0.0,0.1752747289822461,0.23274058213379017,0.034662731763130096,0.9965382032357955,0.22891699577175376,0.3171206205962669,0.3266363719096076,0.0333679958727749,0.9999999999799956,0.2308807329882964,0.0
6.507044,3.092886,0.3422616,0.3442956,0.0298899,0.5847597722627739,0.3081115930553507,0.32662817130764477,0.033371370662051605,0.0,0.2349438340934611,0.0,0.4470447211388549,0.0,0.0,0.0,0.6232083499263246,0.5733146477932285,0.0,0.0,0.0,0.3081115930553507,0.32662817130764477,0.033371370662051605,0.0,0.2349438340934611,0.0,0.4470447211388549,0.0,0.0,0.0,0.6232083499263246,0.5733146477932285,0.0,0.0,0.0,0.00165,0.0,0.17838449670666623,0.23535608422115448,0.03421540281918115,0.9965382032357925,0.22843208764998935,0.320428103448575,0.32663637190960787,0.033367995872774836,0.9999999999799959,0.23039704179379839,0.0
6.513837,2.64458,0.3532734,0.3517469,0.02874413,0.5888347819333517,0.31834941939323474,0.34068309074478825,0.02624176567354899,0.0,0.2349438340934611,0.0,0.4470447211388549,0.0,0.0,0.0,0.6232083499263246,0.5733146477932285,0.0,0.0,0.0,0.31834941939323474,0.34068309074478825,0.02624176567354899,0.0,0.2349438340934611,0.0,0.4470447211388549,0.0,0.0,0.0,0.6232083499263246,0.5733146477932285,0.0,0.0,0.0,0.00165,0.0,0.1883574096697966,0.24234230069599974,0.03286523863896687,0.9965382032357845,0.22688707375814163,0.3310339658580328,0.3377956188744426,0.031072015049536713,0.9999999999799957,0.22885586008764933,0.0
6.53515,1.237894,0.385572,0.3483522,0.02284523,0.6091336349030468,0.35018224880183796,0.3427962399975863,0.026060371080578862,0.24689156428559902,0.5466568458808052,0.0,0.0,0.0,0.0,0.0,-0.3906541545551124,0.7653595159656846,1.0,0.0,0.0,0.36961088156346167,1.0,0.0,0.0,7.80851414218689,0.0,6.119999999998844,1.0,0.0,0.0,-0.3906541545551124,0.7653595159656846,0.0,0.0,0.0,0.00165,0.0,0.21940786480612595,0.10850060795107423,-0.2793398152509646,0.9949499209159394,0.22210735657834452,0.36267010061608523,-0.08004121702352426,-0.7592919669298496,0.9982054892400671,0.22408790547347385,1.0
6.548976000000001,0.3254,0.4049491,0.358414,0.01993674,0.6448413019083984,0.48520860618480743,1.987611354567587,-0.2229619255684291,0.35831981322501094,0.48399015128503503,0.0,0.0,0.0,0.0,0.0,-0.3906541545551124,0.7653595159656846,0.0,0.0,0.0,0.562417983154537,1.9876113545675531,-0.22296192556848876,0.0,7.80851414218689,0.0,6.119999999998844,1.0,0.0,0.0,-0.3906541545551124,0.7653595159656846,0.0,0.0,0.0,0.00165,0.0,0.29769066068993777,1.555660960780624,-0.5096986038093146,0.6236622739902022,0.42793548837357825,0.5259626770474094,1.961514933416364,-0.4799254022562642,0.625101911434502,0.43536080254167203,1.0
6.549976,0.2594,0.4063505,0.3593163,0.02004037,0.6480867599236634,0.5055877237291452,1.987611354567587,-0.2229619255684291,0.3583245109283691,0.4839877552662876,0.0,0.0,0.0,0.0,0.0,-0.3906541545551124,0.7653595159656846,0.0,0.0,0.0,0.582445257858962,1.9876113545675762,-0.22296192556844832,0.0,7.80851414218689,0.0,6.119999999998844,1.0,0.0,0.0,-0.3906541545551124,0.7653595159656846,0.0,0.0,0.0,0.00165,0.0,0.3153899719577633,1.6157241612363917,-0.504804849198698,0.5933466710782597,0.45492586782124744,0.5465356022194168,1.860122994163537,-0.49567057150103333,0.5949761827674486,0.4625696639062079,1.0
6.550976,0.1934,0.4077521,0.3602186,0.020144,0.6513322179389313,0.5259043414849631,1.987611354567542,-0.22296192556850924,0.35832730362938087,0.48398633087579934,0.0,0.0,0.0,0.0,0.0,-0.3906541545551124,0.7653595159656846,0.0,0.0,0.0,0.6024101701485418,1.987611354567587,-0.2229619255684291,0.0,7.80851414218689,0.0,6.119999999998844,1.0,0.0,0.0,-0.3906541545551124,0.7653595159656846,0.0,0.0,0.0,0.00165,0.0,0.3334778399297278,1.6512610997574102,-0.5026601113297984,0.5640820412422254,0.4809947559224838,0.5661553128552437,1.7211804472874601,-0.5098088241987421,0.5657430534760485,0.4889733474615298,1.0
6.550999,0.1918891,0.4077969,0.3601454,-0.09685473,0.6514068634732814,0.5263704487653638,1.98761135456754,-0.2229619255685126,0.35832733204953415,0.4839863163803715,0.0,0.0,0.0,0.0,0.0,-0.3906541545551124,0.7653595159656846,0.0,0.0,0.0,0.6028680631992189,1.987611354567587,-0.2229619255684291,0.0,7.80851414218689,0.0,6.119999999998844,1.0,0.0,0.0,-0.3906541545551124,0.7653595159656846,0.0,0.0,0.0,0.00165,0.0,0.3338938608930767,1.6520784493433815,-0.5026107823588144,0.5634089547560067,0.4815943403488032,0.5665805828798445,1.716964459257777,-0.5100897959622642,0.5650947077244195,0.4895589670192297,1.0
6.551017,0.1906754,0.4078329,0.3600865,-0.09682949,0.6514652817175557,0.5267352283761144,1.9876113545675387,-0.2229619255685152,0.35832735429139323,0.4839863050361236,0.0,0.0,0.0,0.0,0.0,-0.3906541545551124,0.7653595159656846,0.0,0.0,0.0,0.6032264142823598,1.987611354567587,-0.2229619255684291,0.0,7.80851414218689,0.0,6.119999999998844,1.0,0.0,0.0,-0.3906541545551124,0.7653595159656846,0.0,0.0,0.0,0.00165,0.0,0.33421944251656927,1.6527181142367542,-0.5025721770771745,0.5628821914189627,0.4820635803346215,0.5669134028990994,1.7136649903649606,-0.5103096869076309,0.5645873067014023,0.49001727797743255,1.0
6.5510269999999995,0.1900101,0.4078526,0.3600543,-0.09681566,0.6514977362977071,0.5269378837154143,1.9876113545675378,-0.22296192556851668,0.3583273666479816,0.48398629873376364,0.0,0.0,0.0,0.0,0.0,-0.3906541545551124,0.7653595159656846,0.0,0.0,0.0,0.6034254982174322,1.987611354567587,-0.2229619255684291,0.0,7.80851414218689,0.0,6.119999999998844,1.0,0.0,0.0,-0.3906541545551124,0.7653595159656846,0.0,0.0,0.0,0.00165,0.0,0.334400321196282,1.653073483621951,-0.5025507296984864,0.5625895451206135,0.4823242692156239,0.5670983029097911,1.711831952091228,-0.5104318485439421,0.5643054172441789,0.4902718951764266,1.0
6.551042000000001,0.1890212,0.4078818,0.3600063,-0.0967951,0.65154641816794,0.5272418667244002,1.9876113545675365,-0.22296192556851885,0.35832738518286417,0.48398628928022375,0.0,0.0,0.0,0.0,0.0,-0.3906541545551124,0.7653595159656846,0.0,0.0,0.0,0.6037241241200761,1.987611354567587,-0.2229619255684291,0.0,7.80851414218689,0.0,6.119999999998844,1.0,0.0,0.0,-0.3906541545551124,0.7653595159656846,0.0,0.0,0.0,0.00165,0.0,0.3346716392158832,1.653606537699809,-0.5025185586304503,0.5621505756730377,0.4827153025371738,0.5673756529258616,1.7090823946803033,-0.5106150909984305,0.5638825830582938,0.4906538209749629,1.0
6.55109,0.1858567,0.4079755,0.3598529,-0.09672931,0.6517095952468007,0.5282146123530687,1.9876113545675327,-0.22296192556852584,0.35832744449448845,0.4839862590288961,0.0,0.0,0.0,0.0,0.0,-0.3906541545551124,0.7653595159656846,0.0,0.0,0.0,0.604679727008452,1.987611354567587,-0.2229619255684291,0.0,7.80851414218689,0.0,6.119999999998844,1.0,0.0,0.0,-0.3906541545551124,0.7653595159656846,0.0,0.0,0.0,0.00165,0.0,0.33554070621348137,1.6542630047326314,-0.502426012185437,0.560790632362165,0.48392700080651185,0.5682631729772081,1.7002838109661258,-0.5112014668527414,0.5625295136635813,0.49187598353017054,1.0
6.551243,0.1757302,0.4082742,0.359362,-0.09651878,0.6522318650822679,0.5313152390444763,1.98761135456752,-0.22296192556854813,0.3583276335502907,0.48398616260278915,0.0,0.0,0.0,0.0,0.0,-0.3906541545551124,0.7653595159656846,0.0,0.0,0.0,0.6077257112151763,1.987611354567587,-0.2229619255684291,0.0,7.80851414218689,0.0,6.119999999998844,1.0,0.0,0.0,-0.3906541545551124,0.7653595159656846,0.0,0.0,0.0,0.00165,0.0,0.33831464952016393,1.6516703775477513,-0.5021774603830442,0.5566556601273653,0.4876124390552562,0.5710921431408997,1.672238325376941,-0.5130705398883738,0.5582166049678978,0.4957716266749287,1.0
6.551734,0.1433256,0.4092218,0.3577908,-0.09584586,0.6539111202200828,0.5412454987068226,1.987611354567504,-0.22296192556857636,0.3583280769538735,0.48398593644902504,0.0,0.0,0.0,0.0,0.0,-0.3906541545551124,0.7653595159656846,0.0,0.0,0.0,0.6174681386851211,1.987611354567587,-0.2229619255684291,0.0,7.80851414218689,0.0,6.119999999998844,1.0,0.0,0.0,-0.3906541545551124,0.7653595159656846,0.0,0.0,0.0,0.00165,0.0,0.34721665058930595,1.6433502471701438,-0.5013798202851706,0.5433859126287832,0.4994395644155845,0.5798928862185337,1.583468293958138,-0.5118960370178739,0.5445653155578869,0.508102254423862,1.0
6.553306,0.03963094,0.4121704,0.3524136,-0.09492732,0.6593887311475404,0.5606714260178027,0.3419883937228658,0.026145857052004617,0.3583284525006609,0.4839857449049716,0.055733484924873976,0.0,0.0,0.055733484924873976,0.0,0.821746568283334,-0.13183261477884156,0.0,1.0,0.0,0.6441292706274623,0.9384224579809614,-0.39949726465033214,0.0,7.80851414218689,0.0,6.119999999998844,1.0,0.0,0.0,-0.3906541545551124,0.7653595159656846,0.0,0.0,0.0,0.00165,0.0,0.37559659472101564,1.591197939487703,-0.49644253270350547,0.5018909708292765,0.5364278406881526,0.6042348634969407,1.283952722602311,-0.43030222166566184,0.5033036513309103,0.5453730212543011,1.0
6.5539060000000005,0.0,0.4132638,0.3503585,-0.09457627,0.6614966,0.5607670905050324,0.3419883937228658,0.0261458570520046,0.3583284525006608,0.4839857449049716,0.1042231757973574,0.0,0.0,0.1042231757973574,0.0,0.576510490866752,-0.1101442538478817,0.0,1.0,0.0,0.6496745355194471,0.9384224579810455,-0.399497264650168,0.0,7.80851414218689,0.0,6.119999999998844,1.0,0.0,0.0,-0.3906541545551124,0.7653595159656846,0.0,0.0,0.0,0.00165,0.0,0.3860911479665717,1.549559774897757,-0.4898275450157231,0.4870421432363344,0.549666455528639,0.6118649371777082,1.182199717066838,-0.3967693204958867,0.4884283366282511,0.5588096799458848,1.0
6.553966,0.0,0.4133721,0.350153,-0.09454116,0.6618150571428558,0.5607764592925979,0.3419883937228658,0.0261458570520046,0.3583284525006608,0.4839857449049716,0.1087339639948967,0.0,0.0,0.1087339639948967,0.0,0.5578198947391425,-0.10822658514654411,0.0,1.0,0.0,0.6502282456924325,0.9384224579809932,-0.39949726465026986,0.0,7.80851414218689,0.0,6.119999999998844,1.0,0.0,0.0,-0.3906541545551124,0.7653595159656846,0.0,0.0,0.0,0.00165,0.0,0.3871200474568614,1.5449753121070218,-0.48895562850967705,0.48558608325080643,0.5509646197919381,0.6125786382785623,1.1726994674194187,-0.39335976690936786,0.486967363196887,0.56012935631893,1.0
6.554096,0.0,0.4136061,0.349708,-0.09446514,0.6625016696969716,0.5607961454445166,0.3419883937228658,0.026145857052004593,0.3583284525006608,0.4839857449049716,0.11833622380569454,0.0,0.0,0.11833622380569454,0.0,0.5154942340536585,-0.10825227031523321,0.0,1.0,0.0,0.651429772310148,0.9384224579809571,-0.3994972646503404,0.0,7.80851414218689,0.0,6.119999999998844,1.0,0.0,0.0,-0.3906541545551124,0.7653595159656846,0.0,0.0,0.0,0.00165,0.0,0.389341001282514,1.5348826021192015,-0.48698510996639127,0.4824434367775702,0.5537664764354056,0.6140988352161745,1.1522131454270328,-0.3860074114222945,0.4838169226034249,0.5629751041789665,1.0
6.554495999999999,0.0,0.414321,0.3483378,-0.09423108,0.6646034041825072,0.560855842575454,0.34198839372286555,0.026145857052004565,0.3583284525006606,0.4839857449049717,0.14623351144205476,0.0,0.0,0.14623351144205476,0.0,0.39231303228531744,-0.10349984657805651,0.0,1.0,0.0,0.6551238594851583,0.938422457980996,-0.39949726465026447,0.0,7.80851414218689,0.0,6.119999999998844,1.0,0.0,0.0,-0.3906541545551124,0.7653595159656846,0.0,0.0,0.0,0.00165,0.0,0.39604534001658553,1.5020554642376092,-0.4800108942751402,0.47291844317622544,0.5622585759535002,0.6185522987041866,1.0900027028121582,-0.3636806467993959,0.47425003676496025,0.5716167351173574,1.0
6.555777999999999,0.0,0.4165542,0.3439533,-0.09348211,0.6712020919239874,0.5610451592549959,0.341988393722865,0.026145857052004527,0.3583284525006601,0.4839857449049719,0.22208455374701913,0.0,0.0,0.22208455374701913,0.0,0.20733724178441731,-0.07767125174636309,0.0,1.0,0.0,0.6669177486045714,0.9384224579809716,-0.3994972646503121,0.0,7.80851414218689,0.0,6.119999999998844,1.0,0.0,0.0,-0.3906541545551124,0.7653595159656846,0.0,0.0,0.0,0.00165,0.0,0.4162929799655564,1.386812233875466,-0.45080244424104665,0.44365330203450415,0.5883501935847706,0.6306909549263753,0.9453250211426948,-0.2954835513188052,0.44502798699655716,0.5980125940860636,1.0
6.559877,0.0,0.4231822,0.3314155,-0.09116791,0.6910779889211413,0.5616449943786787,0.3419883937228635,0.0261458570520044,0.3583284525006584,0.4839857449049728,0.3700408884887059,0.0,0.0,0.3700408884887059,0.0,0.052687730406315365,-0.05238251432734876,0.0,1.0,0.0,0.7043463739590442,0.9384224579809871,-0.3994972646502818,0.0,7.80851414218689,0.0,6.119999999998844,1.0,0.0,0.0,-0.3906541545551124,0.7653595159656846,0.0,0.0,0.0,0.00165,0.0,0.47039811592075403,1.1441192896959744,-0.32677309234786023,0.3614805862837441,0.6616120674540664,0.6648226709935124,0.9908049015016185,-0.183173665780774,0.36265246964917996,0.6724212189295767,1.0
6.568726000000001,0.0,0.4353396,0.3119859,-0.08843927,0.727450520107601,0.6045289659762437,0.9609414926287854,-0.15560389016228263,0.3583284525006545,0.4839857449049748,0.42622339690294253,0.0,0.0,0.42622339690294253,0.0,0.030439684915720366,-0.04276183723103218,0.0,0.0,0.0,0.7734047324821129,0.9609414926287937,-0.15560389016228793,0.0,7.80851414218689,0.0,6.119999999998844,1.0,0.0,0.0,-0.3906541545551124,0.7653595159656846,0.0,0.0,0.0,0.00165,0.0,0.5606323855183638,1.0173973577327662,-0.19047650706928865,0.2321692831832636,0.7769008015681514,0.7354997702670182,0.9557828848655953,-0.157077279680368,0.2327725569368235,0.789739883636324,1.0
6.573552,0.0,0.4408169,0.2989877,-0.08754,0.7438086404620272,0.6355989736712511,0.3419883937228593,0.026145857052004055,0.3583284525006531,0.4839857449049755,0.4262233969029418,0.0,0.0,1.2131008723556314,0.15736519074579375,-0.00025944527415790056,0.000941260514996794,0.0,0.0,0.7868774754526897,0.8065377149663673,0.9083362357895189,-0.1362379998670973,0.0,7.80851414218689,0.0,6.119999999998844,1.0,0.0,0.0,-0.3906541545551124,0.7653595159656846,0.0,0.0,0.0,0.00165,0.0,0.6019951017369568,0.9620000121854537,-0.16644143721044916,0.18213365037683804,0.8215105505115022,0.7684844685473783,0.9133320804440161,-0.13889313534349482,0.18257891431637954,0.8350790820236821,1.0
6.584737,0.0,0.4501521,0.2666414,-0.08624192,0.7724959948453601,0.6285568165999055,0.07259417502696143,-0.011278058730355953,0.3583284525006484,0.483985744904978,0.42622339690293587,0.0,0.0,1.2242858723557124,0.913560882752566,-0.0002649512193418114,0.0008616257584920902,0.0,0.0,0.7980624754527768,0.8715574107624953,0.8418965014598564,-0.13961042170447763,0.0,7.80851414218689,0.0,6.119999999998844,1.0,0.0,0.0,-0.3906541545551124,0.7653595159656846,0.0,0.0,0.0,0.00165,0.0,0.6843408676994205,0.8990857152484437,-0.14036575073831478,0.10404266129348748,0.8911333217718038,0.8365368585092875,0.8632837278393942,-0.1428673610692736,0.10429472201919458,0.9057920715549588,1.0
6.604561,0.0,0.45718,0.221725,-0.08670164,0.7991511871981123,0.5592105525534253,0.0008423475754374412,0.0005446535376209898,0.35832845250064027,0.48398574490498203,0.42622339690292593,0.0,0.0,1.2441098723558255,0.9985487695933777,-0.00027470981186087084,0.000720483209279146,0.0,1.1780379534650959e-29,0.8178864754528997,0.9582638970857242,0.76934632714655,-0.12042920007167733,0.0,7.80851414218689,0.0,6.119999999998844,1.0,0.0,0.0,-0.3906541545551124,0.7653595159656846,0.0,0.0,0.0,0.00165,0.0,0.7981134935894388,0.7953959240707401,-0.1300531338172803,0.03853611506288175,0.9495363121526547,0.9272660829619803,0.786108142066152,-0.12018031953340244,0.0386396164660824,0.9650973879338729,1.0
6.622094,0.0,0.4551356,0.1870547,-0.08194806,0.7990592620289411,0.5011916397104393,-0.00025581747240136556,0.0005906424437643552,0.358328452500633,0.48398574490498575,0.42622339690291794,0.0,0.0,1.261642872355934,0.9999610906721969,-0.0002833406332206745,0.0005956520795701198,0.0,0.0,0.835419475453016,1.0116882305735149,0.7070836718464959,-0.1281566647523363,0.0,7.80851414218689,0.0,6.119999999998844,1.0,0.0,0.0,-0.3906541545551124,0.7653595159656846,0.0,0.0,0.0,0.00165,0.0,0.8719879693058087,0.7113473170017188,-0.12449427688236113,0.016014062604120652,0.9696160643117032,0.9841165488876771,0.6813406512291154,-0.1264680483477006,0.016062423224247117,0.9854910431854321,1.0
6.649689,0.0,0.4408009,0.1496119,-0.06986801,0.7690426915918365,0.42175472708370154,-0.0002968506306293813,0.00039916724881575123,0.3583284525006217,0.4839857449049916,0.42622339690290384,0.0,0.0,1.2892378723561013,0.9999998662293739,-0.00029692459006911814,0.00039918170802388033,0.0,1.6667989268357325e-69,0.8630144754531975,1.0482763892882867,0.5525960367695653,-0.1076903340059898,0.0,7.80851414218689,0.0,6.119999999998844,1.0,0.0,0.0,-0.3906541545551124,0.7653595159656846,0.0,0.0,0.0,0.00165,0.0,0.98030637040658,0.5666042831926513,-0.5941195417350852,0.004017896643591348,0.9803113612784177,1.0000897727341105,0.5403074867437763,-0.011234311502038526,0.004033669132722848,0.9963564444521278,1.0
6.658250000000001,0.0,0.4340416,0.135056,-0.06760174,0.7540634110509912,0.3997843614987003,-0.0003011272066623321,0.0003382267733590063,0.35832845250061834,0.4839857449049932,0.4262233969028991,0.0,0.0,1.297798872356149,0.999999977154974,-0.00030113884100513793,0.00033822925827550076,0.0,0.0,0.87157547545325,1.0500328793905591,0.5090165856756879,-0.1084307328085772,0.0,7.80851414218689,0.0,6.119999999998844,1.0,0.0,0.0,-0.3906541545551124,0.7653595159656846,0.0,0.0,0.0,0.00165,0.0,1.0343901258603052,0.5274273778275698,-0.7441219284456598,0.002619021064183574,0.9815585422352741,0.9996874661991604,0.5071964983155914,-0.06366551755578273,0.002626782934715738,0.9976272646020472,1.0
6.684806999999999,0.0,0.4075416,0.09796356,-0.06516442,0.6969415137084669,0.3385918631498558,-0.0003142117942038139,0.0001491492105998287,0.3583284525006076,0.4839857449049988,0.42622339690288574,0.0,0.0,1.3243558723563147,0.9999999999049506,-0.0003142118303881487,0.00014914921996586332,0.0,0.0,0.8981324754534292,1.0321576839056952,0.3795804487760223,-0.09810271035546912,0.0,7.80851414218689,0.0,6.119999999998844,1.0,0.0,0.0,-0.3906541545551124,0.7653595159656846,0.0,0.0,0.0,0.00165,0.0,1.2281544371765167,0.40391460581637545,-0.9406047464845506,0.0006916755174655848,0.9832768856666235,0.9829022165352556,0.3821637337157517,-0.09521318531034571,0.0006945132273892001,0.9993726561501499,1.0
6.708517,0.0,0.3794887,0.07727682,-0.06180709,0.6371523728155347,0.2919398743407027,-0.00032923710106473657,0.0014818012913849227,0.35832845250059797,0.4839857449050037,0.4262233969028741,0.0,0.0,1.3480658723564496,0.9999999999992678,-0.000329237101302032,0.0014818012914518924,0.0,0.0,0.9218424754535758,0.9944782258745367,0.32384443625289766,-0.09004349607335643,0.0,7.80851414218689,0.0,6.119999999998844,1.0,0.0,0.0,-0.3906541545551124,0.7653595159656846,0.0,0.0,0.0,0.00165,0.0,1.399389181749577,0.33263468162000354,-0.9804968822257665,0.00021096825910197958,0.9837054648392651,0.950530787911366,0.3235428587346595,-0.08597972682364331,0.00021195536900352974,0.9998085437512977,1.0
6.743315,0.0,0.3361333,0.05641296,-0.05101369,0.5445483713701427,0.23490385550237852,0.0006624255774202962,-0.0008105082688326491,0.3583284525005839,0.4839857449050108,0.4262233969028561,0.0,0.0,1.3828638723566493,0.9999999999999938,0.0006624255774189035,-0.0008105082688321312,0.0,0.0,0.9566404754537936,0.9203835653419499,0.21956737449400135,-0.08624410844142504,0.0,7.80851414218689,0.0,6.119999999998844,1.0,0.0,0.0,-0.3906541545551124,0.7653595159656846,0.0,0.0,0.0,0.00165,0.0,1.6216878565805741,0.24737538168887255,-0.9957042212107412,3.6871418738395134e-05,0.9838606825492238,0.8843109277868382,0.21674946134640735,-0.0861565136581924,3.706090957227082e-05,0.9999665234112528,1.0
6.778911,0.0,0.2921211,0.03863235,-0.05177597,0.4527676690034766,0.18857234135594764,0.0013165338599613096,-0.0012230417550448292,0.35832845250056844,0.4839857449050187,0.42622339690283884,0.0,0.0,1.4184598723568655,0.999999999999995,0.0013165338599604272,-0.00122304175504448,0.0,0.0,0.9922364754540273,0.828852077496819,0.17355971315321955,-0.07350485889259468,0.0,7.80851414218689,0.0,6.119999999998844,1.0,0.0,0.0,-0.3906541545551124,0.7653595159656846,0.0,0.0,0.0,0.00165,0.0,1.8040067072457733,0.178568467560586,-0.9858984746780544,6.198973594653539e-06,0.9838880288622512,0.7997043083906967,0.17354756456905868,-0.07337566435286086,6.240672650386624e-06,0.9999943628897827,1.0
6.812277,0.0,0.2541748,0.03430562,-0.04469302,0.3756758668795493,0.15374383225363095,0.0018388396764835294,-0.0018488374354132789,0.35832845250055484,0.4839857449050257,0.4262233969028232,0.0,0.0,1.4518258723570723,0.9999999999999949,0.0018388396764828746,-0.0018488374354129501,0.0,0.0,1.0256024754542499,0.7393648916962866,0.13244304925615394,-0.06780952449538889,0.0,7.80851414218689,0.0,6.119999999998844,1.0,0.0,0.0,-0.3906541545551124,0.7653595159656846,0.0,0.0,0.0,0.00165,0.0,1.9367263419294043,0.1345106347009135,-0.9798138990568098,1.1653316036223105e-06,0.9838925166541066,0.7154915526021016,0.13243421294710161,-0.06776611909540134,1.1724745326262072e-06,0.9999989409205463,1.0
6.846653,0.0,0.2200691,0.03102589,-0.03960993,0.30555548747374944,0.12500173131685013,0.0030221086517074713,-0.0019890630563729754,0.3583284525005407,0.4839857449050329,0.42622339690280575,0.0,0.0,1.4862018723572983,0.9999999999999948,0.003022108651707026,-0.0019890630563726415,0.0,0.0,1.059978475454492,0.6474031413922441,0.08874720305673632,-0.0639183893048555,0.0,7.80851414218689,0.0,6.119999999998844,1.0,0.0,0.0,-0.3906541545551124,0.7653595159656846,0.0,0.0,0.0,0.00165,0.0,2.0427382358658353,0.09295954039927831,-0.9765185538529031,2.0816706737470278e-07,0.9838933700233417,0.6280200845519455,0.0887473747310167,-0.06391573996651585,2.0976738493994745e-07,0.9999998105201217,1.0
6.88701,0.0,0.1799324,-0.001614281,-0.03314436,0.22956628061672074,0.09874500663247206,0.004052119627395872,-0.003717784905519776,0.3583284525005243,0.48398574490504126,0.4262233969027857,0.0,0.0,1.5265588723575603,0.9999999999999948,0.004052119627395524,-0.003717784905519498,0.0,0.0,1.1003354754547736,0.547195744856131,0.07189107878390237,-0.05309251300882389,0.0,7.80851414218689,0.0,6.119999999998844,1.0,0.0,0.0,-0.3906541545551124,0.7653595159656846,0.0,0.0,0.0,0.00165,0.0,2.1354071503888408,0.06962805743634526,-0.9653081017261954,2.7562596248486717e-08,0.9838935310429964,0.5320106356953256,0.0718910871172955,-0.05309211983936258,2.779784630871667e-08,0.9999999748905991,1.0
6.917678,0.0,0.1497217,-0.001635814,-0.02914641,0.18124971930926206,0.0830631047234476,0.00487421790810641,-0.002660289796219282,0.3583284525005119,0.48398574490504753,0.42622339690276995,0.0,0.0,1.5572268723577427,0.9999999999999949,0.0048742179081062015,-0.0026602897962190045,0.0,0.0,1.1310034754549727,0.4780961778775556,0.04493936008248188,-0.05242260522333024,0.0,7.80851414218689,0.0,6.119999999998844,1.0,0.0,0.0,-0.3906541545551124,0.7653595159656846,0.0,0.0,0.0,0.00165,0.0,2.1880126133771167,0.04800045310409873,-0.9645114763400412,5.934158417053881e-09,0.9838935503260352,0.4655159950686521,0.04493935424232523,-0.05242249835581009,5.980307272110032e-09,0.9999999945980697,1.0
6.943482,0.0,0.1266211,-0.01183497,-0.02244528,0.14775934155251078,0.0723631284337351,0.006957264058890908,-0.004481241615011205,0.35832845250050177,0.4839857449050528,0.42622339690275957,0.0,0.0,1.5830308723579025,0.9999999999999954,0.006957264058890732,-0.004481241615011012,0.0,0.0,1.1568074754551436,0.4259618222837801,0.039104381166229656,-0.0459693005797265,0.0,7.80851414218689,0.0,6.119999999998844,1.0,0.0,0.0,-0.3906541545551124,0.7653595159656846,0.0,0.0,0.0,0.00165,0.0,2.224089551776052,0.045330564069175946,-0.9621520412580885,1.6266134811714065e-09,0.9838935541664691,0.4152018492488513,0.03869100315374834,-0.045808039659428625,1.6409229162306103e-09,0.9999999985177744,1.0
6.970993,0.0,0.1066796,0.00735664,-0.01790682,0.11824889103799259,0.06328145293822607,0.008403199581884718,-0.005497067974015782,0.3583284525004904,0.4839857449050585,0.42622339690274597,0.0,0.0,1.6105418723580636,0.999999999999995,0.008403199581884582,-0.005497067974015581,0.0,0.0,1.1843184754553173,0.37378215471080206,0.035188867645135034,-0.04254664918741131,0.0,7.80851414218689,0.0,6.119999999998844,1.0,0.0,0.0,-0.3906541545551124,0.7653595159656846,0.0,0.0,0.0,0.00165,0.0,2.253007281939779,0.03479564092532627,-0.9547804906276013,4.1004782569851187e-10,0.9838935552511076,0.36470073396698177,0.03518886512984369,-0.0425466356289326,4.138678606728407e-10,0.9999999996261542,1.0
6.993521,0.0,0.094543,0.006985305,0.005014202,0.09907363396298498,0.05720828216669165,0.009485367448969972,-0.005566819327861396,0.35832845250048107,0.4839857449050633,0.42622339690273464,0.0,0.0,1.6330698723581896,0.9999999999999954,0.009485367448969908,-0.005566819327861205,0.0,0.0,1.2068464754554546,0.33610959892675646,0.02591038581030422,-0.04038462007267044,0.0,7.80851414218689,0.0,6.119999999998844,1.0,0.0,0.0,-0.3906541545551124,0.7653595159656846,0.0,0.0,0.0,0.00165,0.0,2.2720980088056164,0.03083667989733728,-0.9523133680072852,1.325854884796794e-10,0.9838935554984859,0.32822027390720987,0.025741653805325358,-0.04030609783816462,1.3387233819704204e-10,0.9999999998790712,1.0
7.014804,0.0,0.08348944,0.00111407,0.01126004,0.08254836497493116,0.05287534065390915,0.01880087656447592,-0.013889571034777467,0.3583284525004731,0.4839857449050673,0.42622339690272376,0.0,0.0,1.654352872358322,0.9999999999999948,0.018800876564475887,-0.013889571034777323,0.0,0.0,1.228129475455599,0.3021428030095258,0.011550112926376832,-0.03552294722675175,0.0,7.80851414218689,0.0,6.119999999998844,1.0,0.0,0.0,-0.3906541545551124,0.7653595159656846,0.0,0.0,0.0,0.00165,0.0,2.286494173068533,0.01838375209210008,-0.9498328895975389,4.565951436397268e-11,0.9838935555759841,0.2952349781318859,0.011550113064652994,-0.03552294693819234,4.6121519929743515e-11,0.9999999999583361,1.0
7.036231,0.0,0.07290714,-0.0011886,-0.002528639,0.0692640969216056,0.05186997692385147,0.026432167491690924,-0.016707327727408933,0.35832845250046447,0.48398574490507174,0.4262233969027133,0.0,0.0,1.6757798723584438,0.9999999999999947,0.026432167491691097,-0.016707327727408884,0.0,0.0,1.249556475455731,0.2670610933009116,-0.005805259779869545,-0.03182376498764226,0.0,7.80851414218689,0.0,6.119999999998844,1.0,0.0,0.0,-0.3906541545551124,0.7653595159656846,0.0,0.0,0.0,0.00165,0.0,2.2957006557734756,-0.0028696608466842093,-0.9447106513543458,1.5629140717253543e-11,0.9838935556027596,0.2610300083370512,-0.005805259779105495,-0.031823764753248815,1.5774473419894277e-11,0.9999999999857472,1.0
7.044037,0.0,0.06934395,-0.001253452,-0.001765096,0.06442454885494836,0.05184312809907414,0.028190886709545497,-0.017579041096916766,0.35832845250046136,0.4839857449050733,0.42622339690270983,0.0,0.0,1.6835858723584916,0.9999999999999953,0.028190886709545622,-0.01757904109691671,0.0,0.0,1.2573624754557815,0.2546770159122066,0.0016050023693884455,-0.030899700727045305,0.0,7.80851414218689,0.0,6.119999999998844,1.0,0.0,0.0,-0.3906541545551124,0.7653595159656846,0.0,0.0,0.0,0.00165,0.0,2.297916364765515,-0.003613510300229438,-0.9437504807596706,1.0562284140685646e-11,0.9838935556072765,0.248935414617927,0.0016050024106784868,-0.030899700687540867,1.0664906123985285e-11,0.9999999999903624,1.0
7.0645739999999995,0.0,0.06105489,0.001816797,0.0002121887,0.05494719056230482,0.05251036463072919,0.032763714407549334,-0.02050246085745441,0.358328452500453,0.4839857449050776,0.42622339690269956,0.0,0.0,1.7041228723586248,0.9999999999999949,0.03276371440754953,-0.02050246085745438,0.0,0.0,1.2778994754559259,0.22559611872094448,-0.004658289227119339,-0.025592366298841686,0.0,7.80851414218689,0.0,6.119999999998844,1.0,0.0,0.0,-0.3906541545551124,0.7653595159656846,0.0,0.0,0.0,0.00165,0.0,2.3032878104224292,-0.0017713429773939342,-0.9401687451250813,3.776813486982965e-12,0.9838935556133273,0.22055509522101086,-0.004658289215447287,-0.02559236627600009,3.8130475905569296e-12,0.999999999996552,1.0
7.085625,0.0,0.0538685,0.001227093,-0.001803326,0.04531691826871319,0.053834334817679734,0.03139580248072118,-0.013800534384094829,0.3583284525004441,0.4839857449050821,0.4262233969026898,0.0,0.0,1.7251738723587584,0.9999999999999947,0.0313958024807214,-0.013800534384094761,0.0,0.0,1.298950475456069,0.1972908528462196,-0.011622631477923938,-0.021267927493748954,0.0,7.80851414218689,0.0,6.119999999998844,1.0,0.0,0.0,-0.3906541545551124,0.7653595159656846,0.0,0.0,0.0,0.00165,0.0,2.3058987081384004,-0.009639502378829507,-0.934871694115087,1.3163684187376321e-12,0.9838935556155197,0.1928869491126429,-0.01162263147577708,-0.02126792748036282,1.329244571122521e-12,0.9999999999987952,1.0
7.114248,0.0,0.04530706,0.0005126756,-0.001243692,0.0360871380863668,0.05474270189494501,0.034026356549019636,-0.0023832493554014223,0.3583284525004315,0.4839857449050885,0.4262233969026748,0.0,0.0,1.7537968723589217,0.9999999999999949,0.03402635654901975,-0.002383249355401321,0.0,0.0,1.3275734754562478,0.16663694373800128,0.00742387619599609,-0.007786002964411882,0.0,7.80851414218689,0.0,6.119999999998844,1.0,0.0,0.0,-0.3906541545551124,0.7653595159656846,0.0,0.0,0.0,0.00165,0.0,2.2913652607568875,0.006988420013370446,-0.3445467458304662,3.1370422367817283e-13,0.9838935556164171,0.16296117081828604,0.007423876197039931,-0.0077860029626563455,3.1683926118717447e-13,0.9999999999997125,1.0
7.147454000000001,0.0,0.03699878,0.0005918659,-0.001684949,0.027256067303767194,0.056414247039291675,0.034629378087392304,0.04213736125381186,0.35832845250041734,0.48398574490509577,0.42622339690266,0.0,0.0,1.7870028723591351,0.9999999999999949,0.034629378087392415,0.042137361253812046,0.0,0.0,1.3607794754564757,0.13716363571713405,0.0020008062342482197,0.00815264423088024,0.0,7.80851414218689,0.0,6.119999999998844,1.0,0.0,0.0,-0.3906541545551124,0.7653595159656846,0.0,0.0,0.0,0.00165,0.0,1.772385718818663,0.0029514455629325235,0.29842797553126743,5.954077982423324e-14,0.9838935556169421,0.13422292329055388,0.0020008062341866583,0.008152644231673492,6.011608671568003e-14,0.9999999999999418,1.0
7.192683,0.0,0.0280226,0.0001726802,-6.999392e-05,0.01833846689088752,0.056264303699362056,0.03513522251576006,0.07273269449386624,0.35832845250039813,0.48398574490510554,0.42622339690263833,0.0,0.0,1.8322318723594087,0.9999999999999949,0.035135222515760234,0.07273269449386668,0.0,0.0,1.4060084754567708,0.10335894752859771,-2.6055709202782107e-05,-0.0016783945250081727,0.0,7.80851414218689,0.0,6.119999999998844,1.0,0.0,0.0,-0.3906541545551124,0.7653595159656846,0.0,0.0,0.0,0.00165,0.0,1.1866484683792653,-0.00018158368657432428,0.290993233195982,6.167340865699824e-15,0.983893555617628,0.10118467867755501,-0.0001440459679495734,-0.001786976991821994,6.232706783774015e-15,0.9999999999999916,1.0
7.253445,0.0,0.01919941,0.0002249772,-0.0007836051,0.010825153434438467,0.05505079699771375,0.03898539194695563,0.1888060328432696,0.3583284525003738,0.483985744905118,0.4262233969026086,0.0,0.0,1.8929938723597877,0.9999999999999954,0.03898539194695576,0.18880603284327002,0.0,0.0,1.4667704754571798,0.07132224618889915,0.0005778075343908815,-0.0012309020050324403,0.0,7.80851414218689,0.0,6.119999999998844,1.0,0.0,0.0,-0.3906541545551124,0.7653595159656846,0.0,0.0,0.0,0.00165,0.0,0.6767672960889917,0.0007124903506403135,0.2910676006207576,2.9377840974328544e-16,0.9838935556184993,0.06987399377883333,0.0005673789591107859,-0.0012017560893379535,2.972140190357277e-16,0.9999999999999951,1.0
7.315601,0.0,0.01302106,-1.993037e-05,-0.0003913887,0.00610464675007318,0.05227698068516773,0.0438015610721352,0.34432635308607124,0.3583284525003479,0.4839857449051313,0.4262233969025798,0.0,0.0,1.9551498723601715,0.9999999999999947,0.04380156107213544,0.34432635308607273,0.0,0.0,1.5289264754575915,0.0486615286106936,0.00036450154824705527,-0.001490854463684423,0.0,7.80851414218689,0.0,6.119999999998844,1.0,0.0,0.0,-0.3906541545551124,0.7653595159656846,0.0,0.0,0.0,0.00165,0.0,0.3735647180440305,0.0004401123833255479,0.2917514094978869,1.3062168990406494e-17,0.9838935556193431,0.04770711555224545,0.0003645015482470759,-0.001490854464173525,1.3225017304829079e-17,0.9999999999999933,1.0
7.3956159999999995,0.0,0.007804087,-7.013638e-06,5.854663e-07,0.0029529667122640078,0.04681298861060523,0.0464731629366191,0.5453422340066311,0.35832845250031614,0.4839857449051475,0.42622339690254246,0.0,0.0,2.0351648723606397,0.9999999999999947,0.04647316293661935,0.545342234006634,0.0,0.0,1.6089414754580975,0.029643879395158865,0.00021686494253536333,0.0004916653113785091,0.0,7.80851414218689,0.0,6.119999999998844,1.0,0.0,0.0,-0.3906541545551124,0.7653595159656846,0.0,0.0,0.0,0.00165,0.0,0.1708366617184525,0.00023501744310085008,0.2926550309323514,2.371278127371641e-19,0.9838935556203544,0.02908703505903578,0.0002168649425352553,0.000491665310896571,2.404271104028223e-19,0.9999999999999933,1.0
7.518416,0.0,0.00342825,-8.698871e-05,5.85404e-07,0.0008379267848901789,0.03446276808997899,0.040989621630555896,0.8274489482339925,0.3583284525002649,0.48398574490517354,0.4262233969024827,0.0,0.0,2.1579648723613376,0.999999999999995,0.04098962163055609,0.827448948233996,0.0,0.0,1.7317414754588545,0.013699866298450186,-0.000144698682695876,0.00260088780251955,0.0,7.80851414218689,0.0,6.119999999998844,1.0,0.0,0.0,-0.3906541545551124,0.7653595159656846,0.0,0.0,0.0,0.00165,0.0,0.05052887279499315,-0.00014287817638541475,0.29528051492589785,5.046260902092526e-22,0.9838935556217486,0.013457363902645562,-0.0001446986826958985,0.0026008878020295284,5.129163381113398e-22,0.9999999999999933,1.0
7.656986999999999,0.0,0.001186824,-0.0002222893,5.852986e-07,-0.00012113017504653559,0.02100133373625344,0.026591329360991164,0.9514706566322374,0.3583284525002087,0.4839857449052022,0.4262233969024166,0.0,0.0,2.2965358723621656,0.9999999999999949,0.026591329360991307,0.9514706566322425,0.0,0.0,1.870312475459749,0.005544882246958086,-0.00021361529653064664,0.0016041183871796046,0.0,7.80851414218689,0.0,6.119999999998844,1.0,0.0,0.0,-0.3906541545551124,0.7653595159656846,0.0,0.0,0.0,0.00165,0.0,0.012576622851877101,-0.0002112088196436028,0.29429447439968653,4.871230075227778e-25,0.9838935556231242,0.005450404699523819,-0.0002136152965306337,0.0016041183866841767,4.9683957928179915e-25,0.9999999999999932,1.0
7.816458000000001,0.0,0.001081225,0.001354673,-0.0009437305,0.0034868205451370113,0.010816491124808772,0.01333423290886149,0.9834535858584871,0.3583284525001438,0.4839857449052354,0.42622339690233785,0.0,0.0,2.4560068723630932,0.9999999999999949,0.013334232908861543,0.9834535858584922,0.0,0.0,2.0297834754607544,0.001746818969002485,-0.0002923771409132415,0.0004649533410768139,0.0,7.80851414218689,0.0,6.119999999998844,1.0,0.0,0.0,-0.3906541545551124,0.7653595159656846,0.0,0.0,0.0,0.00165,0.0,0.0023460079143632286,-0.0002896793277636467,0.29315952308090387,1.6513715414382492e-28,0.9838935556244963,0.0017148168719664679,-0.0002923771409132359,0.0004649533405813629,1.6880243073474995e-28,0.9999999999999932,1.0
8.024877,0.0,0.007876364,0.009280792,-0.006241197,0.04534876161243138,0.004046444888003893,0.004930411746091198,0.9975818802789741,0.3583284525000588,0.4839857449052787,0.4262233969022375,0.0,0.0,2.664425872364318,0.9999999999999948,0.004930411746091212,0.9975818802789791,0.0,0.0,2.23820247546208,0.0019070129537826818,0.003136601432383373,-0.00127111313383683,0.0,7.80851414218689,0.0,6.119999999998844,1.0,0.0,0.0,-0.3906541545551124,0.7653595159656846,0.0,0.0,0.0,0.00165,0.0,0.0014854023786180506,0.0028809601132353865,0.29007673825272984,4.81534834203262e-33,0.9838935556259906,0.0018985800616304585,0.003136601432386412,-0.0012711131342931904,4.940997537940535e-33,0.999999999999994,1.0
8.079198,0.0,0.01554598,0.02818828,-0.01778094,0.05422456416909962,0.003072451923920343,0.003790350628392178,0.9973530844389069,0.35832845250003664,0.48398574490528995,0.4262233969022135,0.0,0.0,2.718746872364636,0.9999999999999951,0.003790350628392178,0.9973530844389119,0.0,0.0,2.292523475462422,0.003337758201411828,0.00438889560910913,-0.003605773297995274,0.0,7.80851414218689,0.0,6.119999999998844,1.0,0.0,0.0,-0.3906541545551124,0.7653595159656846,0.0,0.0,0.0,0.00165,0.0,0.002621089191611595,0.0043119300226125605,0.28913082399923395,3.1690166391639714e-34,0.9838935556263363,0.003332520610826804,0.0043888956091090725,-0.003605773298472715,3.255644916800174e-34,0.9999999999999934,1.0
8.102257,0.0,0.02104975,0.0333247,-0.02084941,0.056095627367177006,0.0027573578208241307,0.0034139263741064757,0.9973073722111903,0.35832845250002754,0.4839857449052946,0.4262233969022022,0.0,0.0,2.741805872364782,0.9999999999999949,0.0034139263741064657,0.9973073722111954,0.0,0.0,2.31558247546258,0.00405295045291777,0.005019446300246816,-0.0031594583309659473,0.0,7.80851414218689,0.0,6.119999999998844,1.0,0.0,0.0,-0.3906541545551124,0.7653595159656846,0.0,0.0,0.0,0.00165,0.0,0.0031701090854172036,0.004960586890707763,0.28938690036553244,9.97945263523067e-35,0.9838935556264714,0.0040489703365391705,0.005019446300246625,-0.003159458331375242,1.024974505590875e-34,0.9999999999999943,1.0
8.120703,0.0,0.02568477,0.03590373,-0.01435338,0.056438208575671306,0.0025270398520916117,0.0031110885252871295,1.000078739483498,0.35832845250002027,0.4839857449052983,0.42622339690219435,0.0,0.0,2.7602518723649054,0.9999999999999951,0.003111088525287109,1.0000787394835031,0.0,0.0,2.3340284754627105,0.004815426327017925,0.006654821195340472,-0.004490322316346221,0.0,7.80851414218689,0.0,6.119999999998844,1.0,0.0,0.0,-0.3906541545551124,0.7653595159656846,0.0,0.0,0.0,0.00165,0.0,0.0037306629211959455,0.00644336137736169,0.28818995946019293,3.9589301221680934e-35,0.9838935556265793,0.004812285935590102,0.006654821195340312,-0.00449032231679876,4.069430255140141e-35,0.9999999999999938,1.0
8.156692999999999,0.0,0.03355263,0.03491033,-0.00106885,0.05568286307867196,0.002112420875644628,0.0025127984074517855,0.9989971844558442,0.35832845250000506,0.4839857449053061,0.4262233969021777,0.0,0.0,2.7962418723651328,0.9999999999999949,0.002512798407451751,0.9989971844558492,0.0,0.0,2.370018475462956,0.006764753922688973,0.008839237296728251,-0.005948013791463811,0.0,7.80851414218689,0.0,6.119999999998844,1.0,0.0,0.0,-0.3906541545551124,0.7653595159656846,0.0,0.0,0.0,0.00165,0.0,0.005258469147586527,0.008598509209939233,0.2869624135567539,6.524410340081219e-36,0.9838935556267908,0.006763248893917255,0.008839237296728381,-0.005948013791958346,6.714788630311628e-36,0.9999999999999932,1.0
8.183933,0.0,0.03829622,0.03726225,0.04339112,0.05355684980807429,0.0018190266863674664,0.0021291307949915786,1.0010115051765027,0.35832845249999373,0.4839857449053119,0.4262233969021634,0.0,0.0,2.8234818723652966,0.9999999999999956,0.00212913079499152,1.0010115051765076,0.0,0.0,2.397258475463133,0.008443344444044001,0.01431667546589252,-0.012439783546578806,0.0,7.80851414218689,0.0,6.119999999998844,1.0,0.0,0.0,-0.3906541545551124,0.7653595159656846,0.0,0.0,0.0,0.00165,0.0,0.006527148392175645,0.010644120793373731,0.2837613344508131,1.66598578549411e-36,0.98389355562694,0.0084466546860289,0.014304872541290982,-0.012432245628657971,1.7140263974272458e-36,0.9999999999999939,1.0
8.208958,0.0,0.04156078,0.03438615,0.05940175,0.05142192204943597,0.0016085064020040336,0.001985811637390959,0.9997162334686746,0.3583284524999842,0.48398574490531665,0.426223396902151,0.0,0.0,2.848506872365448,0.999999999999995,0.001985811637390843,0.9997162334686795,0.0,0.0,2.422283475463297,0.012660717576366103,0.02513702900714532,-0.01591307582606842,0.0,7.80851414218689,0.0,6.119999999998844,1.0,0.0,0.0,-0.3906541545551124,0.7653595159656846,0.0,0.0,0.0,0.00165,0.0,0.009647424227482207,0.024174770854351647,0.27731786168450184,4.756690213107056e-37,0.9838935556270768,0.012659826901210059,0.02513702900714496,-0.015913075826422596,4.900478184589252e-37,0.9999999999999951,1.0
8.229894,0.0,0.04350289,0.03521265,0.07415401,0.04901913043916491,0.001458194209698281,0.0018096441695236464,0.9993088602525495,0.35832845249997564,0.48398574490532104,0.4262233969021414,0.0,0.0,2.8694428723655685,0.9999999999999951,0.0018096441695235111,0.9993088602525544,0.0,0.0,2.4432194754634264,0.017348157754508077,0.02964073320848157,-0.017993338201601854,0.0,7.80851414218689,0.0,6.119999999998844,1.0,0.0,0.0,-0.3906541545551124,0.7653595159656846,0.0,0.0,0.0,0.00165,0.0,0.013599087516722971,0.029029387263402883,0.2748760406393242,1.667800432471139e-37,0.9838935556271889,0.01734855498200203,0.029640733208479816,-0.017993338201941884,1.7156643455907073e-37,0.9999999999999953,1.0
8.255522,0.0,0.0454423,0.03778274,0.1393741,0.04594051969598662,0.0012939038732424045,0.0016013590354703728,1.0016337823098314,0.3583284524999653,0.4839857449053263,0.42622339690212824,0.0,0.0,2.895070872365723,0.9999999999999949,0.0016013590354702091,1.0016337823098362,0.0,0.0,2.468847475463595,0.02369372911056556,0.034098331270314856,-0.014330342844009776,0.0,7.80851414218689,0.0,6.119999999998844,1.0,0.0,0.0,-0.3906541545551124,0.7653595159656846,0.0,0.0,0.0,0.00165,0.0,0.018815615707533363,0.03392694907552026,0.2750878126834216,4.6167441966657134e-38,0.983893555627319,0.02369341037569704,0.03409833127028683,-0.014330342844494174,4.755126609032155e-38,0.9999999999999933,1.0
8.275062,0.0,0.04651518,0.03817481,0.165992,0.043353749770329235,0.0011778314535657436,0.001435629959088584,1.0003774728868815,0.3583284524999574,0.48398574490533036,0.4262233969021192,0.0,0.0,2.9146108723658477,0.999999999999995,0.0014356299590884312,1.0003774728868868,0.0,0.0,2.4883874754637287,0.027753682720509227,0.03227721087286001,-0.006090939276203642,0.0,7.80851414218689,0.0,6.119999999998844,1.0,0.0,0.0,-0.3906541545551124,0.7653595159656846,0.0,0.0,0.0,0.00165,0.0,0.022163629976365156,0.031664506804075045,0.28256081956829926,1.7331883738653905e-38,0.9838935556274181,0.027760749666157467,0.03227721087287215,-0.006090939276644396,1.786944026159127e-38,0.9999999999999934,1.0
8.292147,0.0,0.04718648,0.03887403,0.1895619,0.041069818065323394,0.001080654586792613,0.0012907230363668688,0.9992790058197839,0.3583284524999507,0.4839857449053338,0.4262233969021112,0.0,0.0,2.9316958723659536,0.9999999999999952,0.001290723036366713,0.9992790058197888,0.0,0.0,2.5054724754638427,0.031018344102318806,0.03350718256791824,-0.0030648540045960216,0.0,7.80851414218689,0.0,6.119999999998844,1.0,0.0,0.0,-0.3906541545551124,0.7653595159656846,0.0,0.0,0.0,0.00165,0.0,0.024523445383001944,0.033311628340771726,0.28903938863565853,7.368297357453657e-39,0.9838935556275034,0.031027740399106895,0.033507182567917904,-0.003064854004904603,7.593298411546124e-39,0.9999999999999958,1.0
8.315577000000001,0.0,0.04778647,0.04231137,0.2724035,0.03786969231134994,0.0009530921257217052,0.001125900659278471,1.0010883119056624,0.3583284524999414,0.4839857449053385,0.42622339690209976,0.0,0.0,2.955125872366091,0.9999999999999949,0.0011259006592782863,1.0010883119056673,0.0,0.0,2.5289024754639917,0.035621179035835046,0.03786159188593258,0.03777751646103307,0.0,7.80851414218689,0.0,6.119999999998844,1.0,0.0,0.0,-0.3906541545551124,0.7653595159656846,0.0,0.0,0.0,0.00165,0.0,0.027792289340363055,0.03753281705690393,0.3232323861170879,2.278394302001568e-39,0.9838935556276195,0.03563294537685942,0.037861591885914155,0.03777751646057088,2.3490525269131175e-39,0.9999999999999933,1.0
8.33253,0.0,0.04795598,0.04292642,0.3070174,0.03560177521223618,0.0008732123200298787,0.0010577878101855032,1.0008317258547426,0.3583284524999348,0.48398574490534196,0.42622339690209154,0.0,0.0,2.9720788723661844,0.9999999999999952,0.0010577878101853458,1.0008317258547468,0.0,0.0,2.5458554754640934,0.0381690933969833,0.03354621920422348,0.04388220258021325,0.0,7.80851414218689,0.0,6.119999999998844,1.0,0.0,0.0,-0.3906541545551124,0.7653595159656846,0.0,0.0,0.0,0.00165,0.0,0.0297001863571959,0.03410518696248379,0.3355280447609888,9.736823139332336e-40,0.9838935556277022,0.03818741822578161,0.03354621920422326,0.04388220257990902,1.004448448794766e-39,0.9999999999999959,1.0
8.347756,0.0,0.04791768,0.04352413,0.33494,0.033649093312746424,0.0008106647797973316,0.0009966136085521853,1.0006012781928937,0.3583284524999283,0.4839857449053451,0.42622339690208355,0.0,0.0,2.9873048723662787,0.9999999999999949,0.0009966136085520175,1.0006012781928986,0.0,0.0,2.5610814754641953,0.0399264839812329,0.03430949644548524,0.05766817219076298,0.0,7.80851414218689,0.0,6.119999999998844,1.0,0.0,0.0,-0.3906541545551124,0.7653595159656846,0.0,0.0,0.0,0.00165,0.0,0.030723678669510538,0.03418000105994883,0.34745898798345903,4.5460661061183436e-40,0.9838935556277747,0.03994922820202628,0.03430949644548556,0.057668172190395384,4.688050198926535e-40,0.9999999999999948,1.0
8.369966,0.0,0.04760228,0.04456842,0.3834835,0.030800737540536666,0.0007303248457791352,0.0009073794683790582,1.000265126704016,0.35832845249991946,0.4839857449053497,0.42622339690207284,0.0,0.0,3.009514872366412,0.9999999999999951,0.000907379468378896,1.00026512670402,0.0,0.0,2.5832914754643386,0.04220347152133036,0.03505839726175478,0.07127438533881802,0.0,7.80851414218689,0.0,6.119999999998844,1.0,0.0,0.0,-0.3906541545551124,0.7653595159656846,0.0,0.0,0.0,0.00165,0.0,0.031965660711824544,0.0349512751436274,0.36202391575594756,1.4939023507603926e-40,0.9838935556278756,0.0422302525374213,0.03505839726175455,0.07127438533847356,1.5404480610954215e-40,0.9999999999999953,1.0
8.394807,0.0,0.04689165,0.04650338,0.459833,0.027877270201639465,0.0006510779110534415,0.0008075746383007095,0.9998891546583061,0.3583284524999096,0.4839857449053548,0.4262233969020602,0.0,0.0,3.0343558723665613,0.999999999999995,0.0008075746383005254,0.9998891546583103,0.0,0.0,2.6081324754645014,0.044389737520638385,0.03735669730922681,0.13921171564959853,0.0,7.80851414218689,0.0,6.119999999998844,1.0,0.0,0.0,-0.3906541545551124,0.7653595159656846,0.0,0.0,0.0,0.00165,0.0,0.03317896871567811,0.03750386382144766,0.4186694931322648,4.29907600492847e-41,0.9838935556279864,0.044421847430340056,0.03735669730922963,0.13921171564928433,4.4403449273532425e-41,0.9999999999999936,1.0
8.402289999999999,0.0,0.0466066,0.04713336,0.4847254,0.027017899157636943,0.0006287413568897906,0.0007775098444729186,0.9997758983957542,0.3583284524999066,0.48398574490535634,0.4262233969020566,0.0,0.0,3.0418388723666037,0.9999999999999949,0.0007775098444727334,0.9997758983957585,0.0,0.0,2.6156154754645478,0.044884927508948964,0.037356697309229685,0.1392117156497553,0.0,7.80851414218689,0.0,6.119999999998844,1.0,0.0,0.0,-0.3906541545551124,0.7653595159656846,0.0,0.0,0.0,0.00165,0.0,0.03346547218224916,0.03738741780230734,0.429097298305712,2.9559654448189607e-41,0.9838935556280204,0.04491651600899372,0.03735669730922957,0.13921171564934223,3.052649794272277e-41,0.9999999999999943,1.0
8.408276,0.0,0.04636107,0.04692779,0.4891749,0.02633044825968138,0.0006113066856555102,0.0007534596165090986,0.9996852994397694,0.3583284524999035,0.48398574490535784,0.426223396902054,0.0,0.0,3.047824872366643,0.999999999999995,0.0007534596165089037,0.9996852994397736,0.0,0.0,2.621601475464589,0.04524208409374366,0.03777942165760465,0.1530786995542749,0.0,7.80851414218689,0.0,6.119999999998844,1.0,0.0,0.0,-0.3906541545551124,0.7653595159656846,0.0,0.0,0.0,0.00165,0.0,0.03366019032969025,0.03764841066379447,0.44032802702841956,2.1911762078162087e-41,0.9838935556280473,0.04527660505519702,0.037779421657604874,0.15307869955391828,2.2624252765181766e-41,0.9999999999999949,1.0
8.419865,0.0,0.04578477,0.04635143,0.517369,0.025033130330737497,0.0005783227934610203,0.0007068979573255264,0.9995098982869278,0.35832845249989886,0.4839857449053602,0.4262233969020483,0.0,0.0,3.059413872366719,0.9999999999999951,0.0007068979573253434,0.999509898286932,0.0,0.0,2.633190475464672,0.045863488216318395,0.03816870881158359,0.1661315268728663,0.0,7.80851414218689,0.0,6.119999999998844,1.0,0.0,0.0,-0.3906541545551124,0.7653595159656846,0.0,0.0,0.0,0.00165,0.0,0.033980979377226314,0.03806473978396513,0.45520861576946364,1.2262704312219586e-41,0.9838935556280964,0.045898951704755574,0.038168708811583255,0.16613152687238603,1.265888636309788e-41,0.9999999999999936,1.0
8.428475,0.0,0.04526884,0.04642354,0.5389647,0.024177275481311943,0.0005544965753021039,0.0006751154259218344,1.0035341709219723,0.35832845249989564,0.48398574490536184,0.42622339690204425,0.0,0.0,3.0680238723667728,0.999999999999995,0.0006751154259216421,1.0035341709219763,0.0,0.0,2.6418004754647284,0.046262886434752466,0.03862659980989874,0.1806669046465643,0.0,7.80851414218689,0.0,6.119999999998844,1.0,0.0,0.0,-0.3906541545551124,0.7653595159656846,0.0,0.0,0.0,0.00165,0.0,0.034183249633487886,0.03846484973067308,0.4681402857189548,7.962445893256958e-42,0.9838935556281336,0.04630004702247701,0.03862659980989883,0.18066690464620846,8.229254153850694e-42,0.999999999999995,1.0
8.441672,0.0,0.04440265,0.04648823,0.5723977,0.022865461724300585,0.0005206286809354948,0.000651486830509431,1.0043624895617114,0.35832845249988987,0.4839857449053648,0.42622339690203837,0.0,0.0,3.0812208723668535,0.999999999999995,0.0006514868305092316,1.0043624895617147,0.0,0.0,2.6549974754648153,0.04679547703481521,0.04069151146603091,0.22306755048269108,0.0,7.80851414218689,0.0,6.119999999998844,1.0,0.0,0.0,-0.3906541545551124,0.7653595159656846,0.0,0.0,0.0,0.00165,0.0,0.034466551854116886,0.04034888027783348,0.5085718244996132,4.1111131657136616e-42,0.9838935556281886,0.04683160495140114,0.04069151146603091,0.22306755048226204,4.246644228174819e-42,0.9999999999999941,1.0
8.483566999999999,0.0,0.04114485,0.0454517,0.6688478,0.018893409991238834,0.0004391194978570619,0.0005834386727270432,1.0037729761227354,0.35832845249987366,0.4839857449053731,0.4262233969020186,0.0,0.0,3.123115872367085,0.9999999999999956,0.0005834386727268476,1.0037729761227385,0.0,0.0,2.696892475465066,0.04752836846803457,0.04352235669805323,0.33275621696754776,0.0,7.80851414218689,0.0,6.119999999998844,1.0,0.0,0.0,-0.3906541545551124,0.7653595159656846,0.0,0.0,0.0,0.00165,0.0,0.03502552189151784,0.04309785849298823,0.6063909203789305,5.034192119239479e-43,0.9838935556283636,0.047568870611466904,0.043527635690596915,0.33295776863571414,5.207799745232587e-43,0.999999999999994,1.0
8.514948,0.0,0.03815468,0.04348112,0.7501264,0.016333716274032614,0.0003934024517071092,0.0005324679306487898,1.0033314074097992,0.35832845249986117,0.4839857449053795,0.4262233969020022,0.0,0.0,3.154496872367264,0.999999999999995,0.0005324679306485708,1.0033314074098012,0.0,0.0,2.7282734754652633,0.04722357777959815,0.04483358573435948,0.3958181605631781,0.0,7.80851414218689,0.0,6.119999999998844,1.0,0.0,0.0,-0.3906541545551124,0.7653595159656846,0.0,0.0,0.0,0.00165,0.0,0.034943127831696376,0.044517615484593064,0.6727786293216759,1.045201326367755e-43,0.983893555628492,0.047264953047444325,0.04483358573436399,0.3958181605629505,1.082179022684267e-43,0.9999999999999934,1.0
8.547837999999999,0.0,0.03476535,0.04124195,0.8094226,0.013879397247868134,0.0003526598302944198,0.0004790461879715216,1.0028686052375124,0.358328452499848,0.48398574490538615,0.4262233969019859,0.0,0.0,3.1873868723674774,0.999999999999995,0.00047904618797128666,1.0028686052375155,0.0,0.0,2.7611634754654912,0.0462349280822801,0.0465014821511865,0.4826725310279372,0.0,7.80851414218689,0.0,6.119999999998844,1.0,0.0,0.0,-0.3906541545551124,0.7653595159656846,0.0,0.0,0.0,0.00165,0.0,0.03451626540873653,0.0465749248286793,0.7680852540571053,2.0140677981870467e-44,0.9838935556286225,0.04627515417591991,0.04650148215118614,0.482672531027581,2.0841643481014707e-44,0.9999999999999949,1.0
8.575457,0.0,0.03193176,0.03834886,0.8459951,0.012096572277951205,0.00032158359424606285,0.00043418589271450114,1.0024799724252185,0.3583284524998367,0.4839857449053919,0.4262233969019727,0.0,0.0,3.2150058723676436,0.999999999999995,0.00043418589271427145,1.0024799724252205,0.0,0.0,2.788782475465671,0.044758777272578605,0.04647928051360194,0.5569565385618074,0.0,7.80851414218689,0.0,6.119999999998844,1.0,0.0,0.0,-0.3906541545551124,0.7653595159656846,0.0,0.0,0.0,0.00165,0.0,0.0337279321030753,0.046422513795386935,0.832496288118455,5.045102811824684e-45,0.9838935556287308,0.04479785058039197,0.04647928051360179,0.5569565385614391,5.227026573023294e-45,0.9999999999999933,1.0
8.586183,0.0,0.03082626,0.03707262,0.8567352,0.011404201785633308,0.00031001529364873984,0.00041676413497793234,1.0023290446021735,0.35832845249983275,0.4839857449053939,0.42622339690196737,0.0,0.0,3.22573187236771,0.9999999999999947,0.00041676413497768384,1.0023290446021755,0.0,0.0,2.7995084754657436,0.04406052649995654,0.04651351052257931,0.581985078694174,0.0,7.80851414218689,0.0,6.119999999998844,1.0,0.0,0.0,-0.3906541545551124,0.7653595159656846,0.0,0.0,0.0,0.00165,0.0,0.03332259617318438,0.04648987849864994,0.8600390094993126,2.948411393904369e-45,0.9838935556287696,0.04409846140589599,0.04651351052257934,0.5819850786937789,3.0539251627024017e-45,0.9999999999999943,1.0
8.594764,0.0,0.02994078,0.03623224,0.8721622,0.010894057993647628,0.0003008870148115673,0.00040282640393767217,1.0022082995294959,0.3583284524998295,0.48398574490539564,0.4262233969019641,0.0,0.0,3.234312872367764,0.999999999999995,0.00040282640393743977,1.0022082995294979,0.0,0.0,2.8080894754658,0.043469351594677956,0.046288647995184444,0.6039765071882742,0.0,7.80851414218689,0.0,6.119999999998844,1.0,0.0,0.0,-0.3906541545551124,0.7653595159656846,0.0,0.0,0.0,0.00165,0.0,0.032972146180053064,0.04643604894864352,0.879465653463929,1.916630307696758e-45,0.9838935556287999,0.04350706229706118,0.046288647995178685,0.6039765071880508,1.9866407110100652e-45,0.9999999999999936,1.0
8.614477,0.0,0.02792957,0.03452849,0.9082803,0.009908198378622796,0.00028032910374747194,0.00037080746768358236,1.0019309137215826,0.3583284524998213,0.48398574490539975,0.42622339690195477,0.0,0.0,3.2540258723678854,0.9999999999999949,0.00037080746768335126,1.0019309137215837,0.0,0.0,2.8278024754659303,0.041978808750951745,0.04569417342452389,0.6479408924154683,0.0,7.80851414218689,0.0,6.119999999998844,1.0,0.0,0.0,-0.3906541545551124,0.7653595159656846,0.0,0.0,0.0,0.00165,0.0,0.03205900248740491,0.045834268791919104,0.9195279221440361,7.138444834796446e-46,0.9838935556288718,0.04201497805434497,0.0456941734245265,0.6479408924148766,7.40122659300041e-46,0.9999999999999937,1.0
8.631342,0.0,0.02628739,0.03333899,0.93493,0.009064769047349423,0.00026306014409512366,0.0003434144092994977,1.0016936027262768,0.3583284524998142,0.4839857449054035,0.4262233969019472,0.0,0.0,3.2708908723679904,0.9999999999999952,0.00034341440929927763,1.001693602726278,0.0,0.0,2.8446674754660424,0.04053673675563788,0.04498838885937517,0.6723152683622143,0.0,7.80851414218689,0.0,6.119999999998844,1.0,0.0,0.0,-0.3906541545551124,0.7653595159656846,0.0,0.0,0.0,0.00165,0.0,0.03114886739225998,0.04511427577226039,0.9601584782170546,3.0680897013929926e-46,0.9838935556289323,0.04056916091907891,0.0449883888593749,0.6723152683618958,3.1795987221566543e-46,0.9999999999999956,1.0
8.639197000000001,0.0,0.02555719,0.03189925,0.9182812,0.008671935522466319,0.0002551001231897412,0.00033065588729493003,1.0015830733537225,0.3583284524998112,0.4839857449054049,0.4262233969019437,0.0,0.0,3.278745872368042,0.9999999999999951,0.0003306558872947144,1.0015830733537239,0.0,0.0,2.8525224754660994,0.039794773680553404,0.04468339967404601,0.7018333486375932,0.0,7.80851414218689,0.0,6.119999999998844,1.0,0.0,0.0,-0.3906541545551124,0.7653595159656846,0.0,0.0,0.0,0.00165,0.0,0.03067417362638153,0.044790652008028516,0.9855419458352292,2.069961581000786e-46,0.9838935556289603,0.0398287941233122,0.04468339967404602,0.7018333486371076,2.1482328554494622e-46,0.9999999999999934,1.0
8.652811999999999,0.0,0.02432013,0.03022617,0.9212557,0.008028472394158626,0.00024137280621387285,0.0003085416572386631,1.0013914937983661,0.35832845249980555,0.4839857449054078,0.4262233969019375,0.0,0.0,3.292360872368116,0.999999999999995,0.0003085416572384526,1.001391493798367,0.0,0.0,2.866137475466179,0.03848520676637309,0.043573923682795494,0.7283459130287648,0.0,7.80851414218689,0.0,6.119999999998844,1.0,0.0,0.0,-0.3906541545551124,0.7653595159656846,0.0,0.0,0.0,0.00165,0.0,0.02979578003261036,0.044068805959907746,1.0139760864697873,1.0454539663100087e-46,0.9838935556290076,0.03851728727648155,0.043762338040780925,0.7266040167369485,1.0848460675019745e-46,0.9999999999999958,1.0
8.662707000000001,0.0,0.02343445,0.02914149,0.9309482,0.007652064930199258,0.00023145772424614322,0.0002924696552991089,1.0012522591527362,0.3583284524998018,0.4839857449054097,0.42622339690193317,0.0,0.0,3.3022558723681845,0.9999999999999949,0.0002924696552988991,1.0012522591527375,0.0,0.0,2.8760324754662503,0.037479255478813575,0.042679097869958285,0.738482931648003,0.0,7.80851414218689,0.0,6.119999999998844,1.0,0.0,0.0,-0.3906541545551124,0.7653595159656846,0.0,0.0,0.0,0.00165,0.0,0.029108675919079743,0.04297721925466606,1.0262229474541218,6.367883127157716e-47,0.9838935556290417,0.0375099614153929,0.0428005962762232,0.7357104032299099,6.608971185156701e-47,0.9999999999999944,1.0
8.677629999999999,0.0,0.02211182,0.02745361,0.9432775,0.007084391500723394,0.00021658690031914706,0.0002682308998727537,1.001042274451702,0.3583284524997953,0.4839857449054131,0.4262233969019267,0.0,0.0,3.3171788723682747,0.999999999999995,0.00026823089987254583,1.0010422744517031,0.0,0.0,2.890955475466348,0.035953238405153326,0.04191834462648846,0.7791280213266049,0.0,7.80851414218689,0.0,6.119999999998844,1.0,0.0,0.0,-0.3906541545551124,0.7653595159656846,0.0,0.0,0.0,0.00165,0.0,0.028052364185633758,0.04209284631234106,1.0617866248552859,3.019412232052668e-47,0.9838935556290901,0.035983857012414334,0.0419183446264882,0.7791280213261219,3.1331800818539256e-47,0.9999999999999932,1.0
8.695889,0.0,0.02060088,0.02628556,0.9566022,0.006389816070260243,0.0001984610893340046,0.00023857363019978348,1.0007853481864615,0.3583284524997873,0.48398574490541707,0.4262233969019178,0.0,0.0,3.3354378723683857,0.9999999999999949,0.00023857363019957138,1.0007853481864624,0.0,0.0,2.9092144754664675,0.03410636418233929,0.0409216794944037,0.8344077621495115,0.0,7.80851414218689,0.0,6.119999999998844,1.0,0.0,0.0,-0.3906541545551124,0.7653595159656846,0.0,0.0,0.0,0.00165,0.0,0.026770332080746077,0.04121639863765691,1.1091970029837412,1.209295884155313e-47,0.9838935556291503,0.034134675593932816,0.04092167949440355,0.8344077621490343,1.2548356696250139e-47,0.9999999999999932,1.0
8.736870000000001,0.0,0.01755374,0.02202775,0.9616125,0.005119297850225655,0.00015800632065298377,0.00017201004136859272,1.0002086958355199,0.3583284524997706,0.4839857449054257,0.4262233969018975,0.0,0.0,3.376418872368637,0.9999999999999949,0.0001720100413684065,1.000208695835521,0.0,0.0,2.9501954754667397,0.029908340750304224,0.03616040586383814,0.8737887459048148,0.0,7.80851414218689,0.0,6.119999999998844,1.0,0.0,0.0,-0.3906541545551124,0.7653595159656846,0.0,0.0,0.0,0.00165,0.0,0.023757414167283913,0.03666393785899803,1.158030907848904,1.5504714083377274e-48,0.9838935556292854,0.02993264017446671,0.03616040586383765,0.873788745904329,1.6129953066607993e-48,0.9999999999999932,1.0
8.766758000000001,0.0,0.01545419,0.0190519,0.975218,0.00428552845473981,0.0001297121614401082,0.0001417526033066165,1.0042077129446758,0.3583284524997591,0.4839857449054315,0.4262233969018825,0.0,0.0,3.406306872368813,0.9999999999999948,0.00014175260330643867,1.0042077129446758,0.0,0.0,2.9800834754669303,0.026930373932377065,0.0338324763373523,0.9245149053887521,0.0,7.80851414218689,0.0,6.119999999998844,1.0,0.0,0.0,-0.3906541545551124,0.7653595159656846,0.0,0.0,0.0,0.00165,0.0,0.021527953080168766,0.03427806408263776,1.2099929609121238,3.4685006250354085e-49,0.9838935556293797,0.02695186617833941,0.033832476337351765,0.924514905388352,3.6100329671850154e-49,0.9999999999999946,1.0
8.794252,0.0,0.01373965,0.01747731,0.975547,0.0037037229177880856,0.0001122522021512927,0.00014027431306298365,1.004171836039483,0.3583284524997485,0.4839857449054369,0.42622339690187,0.0,0.0,3.433800872368981,0.9999999999999949,0.00014027431306283015,1.004171836039484,0.0,0.0,3.007577475467111,0.02440581616863172,0.02994827802122497,0.925283080907894,0.0,7.80851414218689,0.0,6.119999999998844,1.0,0.0,0.0,-0.3906541545551124,0.7653595159656846,0.0,0.0,0.0,0.00165,0.0,0.01960426726316805,0.03088255964795273,1.2102850222562391,8.746497717380212e-50,0.9838935556294685,0.024425283316641875,0.029948278021277495,0.9252830809070206,9.099540948987452e-50,0.9999999999999939,1.0
8.825201000000002,0.0,0.01209083,0.01526012,0.9813614,0.0030930617395889984,0.00010046531747895959,0.0001386102552776591,1.0041314507067267,0.3583284524997364,0.48398574490544305,0.42622339690185507,0.0,0.0,3.4647498723691794,0.9999999999999948,0.0001386102552775152,1.0041314507067267,0.0,0.0,3.038526475467324,0.021687173784459907,0.027284836910450822,0.9514213929507508,0.0,7.80851414218689,0.0,6.119999999998844,1.0,0.0,0.0,-0.3906541545551124,0.7653595159656846,0.0,0.0,0.0,0.00165,0.0,0.017487227018597156,0.027772076590742864,1.2379995878085026,1.8558641118620512e-50,0.9838935556295597,0.02170431124394545,0.027284836910442378,0.9514213929503439,1.9322137798233104e-50,0.9999999999999941,1.0
8.855511,0.0,0.0105818,0.01303924,0.983162,0.0026074099193678377,9.355026633277692e-05,0.00013698055507818785,1.0040918992047123,0.35832845249972445,0.4839857449054492,0.4262233969018405,0.0,0.0,3.495059872369356,0.9999999999999949,0.00013698055507806222,1.0040918992047128,0.0,0.0,3.0688364754675157,0.019325538705486804,0.024145590182473163,0.9532712017651003,0.0,7.80851414218689,0.0,6.119999999998844,1.0,0.0,0.0,-0.3906541545551124,0.7653595159656846,0.0,0.0,0.0,0.00165,0.0,0.015631626621786396,0.024808212672473517,1.2438257502232608,4.0665879271019685e-51,0.9838935556296464,0.01934069835606627,0.024145590182468986,0.9532712017646388,4.234326028470163e-51,0.9999999999999933,1.0
8.894630999999999,0.0,0.008854547,0.01104017,0.9892336,0.002080490585978958,8.825895525732594e-05,0.00013487716108929914,1.0040408515386354,0.3583284524997077,0.4839857449054577,0.42622339690182215,0.0,0.0,3.5341798723695765,0.999999999999995,0.0001348771610891943,1.0040408515386354,0.0,0.0,3.1079564754677547,0.016491424813978705,0.020176741232308087,0.9704866392075026,0.0,7.80851414218689,0.0,6.119999999998844,1.0,0.0,0.0,-0.3906541545551124,0.7653595159656846,0.0,0.0,0.0,0.00165,0.0,0.013378588525613034,0.02098192507141446,1.2597491274783887,5.7249645435060924e-52,0.983893555629754,0.01650432759874653,0.020176741232294695,0.9704866392070763,5.965240327955483e-52,0.9999999999999936,1.0
8.937648000000001,0.0,0.007272273,0.008972732,0.9894372,0.001632214179071334,8.481937847131766e-05,0.00013256423421762712,1.003984718679441,0.35832845249969086,0.4839857449054663,0.426223396901801,0.0,0.0,3.577196872369833,0.999999999999995,0.0001325642342175388,1.0039847186794417,0.0,0.0,3.1509734754680325,0.013748774491336775,0.01739451509915517,0.9766761502979114,0.0,7.80851414218689,0.0,6.119999999998844,1.0,0.0,0.0,-0.3906541545551124,0.7653595159656846,0.0,0.0,0.0,0.00165,0.0,0.011155303948521591,0.017699454759881217,1.268225299262963,6.640800514867284e-53,0.9838935556298706,0.013759719274927256,0.017394515099154694,0.976676150297418,6.923305896542864e-53,0.9999999999999932,1.0
8.982247,0.0,0.005825526,0.0068567,0.9936373,0.0012397651810087187,8.243628166248183e-05,0.00013016624678127193,1.0039265214693345,0.3583284524996729,0.4839857449054755,0.42622339690177957,0.0,0.0,3.62179587237011,0.9999999999999949,0.00013016624678119997,1.0039265214693345,0.0,0.0,3.1955724754683312,0.011386926518495785,0.014490157865259114,0.9811719510734649,0.0,7.80851414218689,0.0,6.119999999998844,1.0,0.0,0.0,-0.3906541545551124,0.7653595159656846,0.0,0.0,0.0,0.00165,0.0,0.00925190274901577,0.014608200444198745,1.2736972168282434,7.103932627716208e-54,0.9838935556299891,0.011395360536432232,0.01449015786525935,0.9811719510730541,7.41353467207712e-54,0.9999999999999943,1.0
9.03001,0.0,0.004594772,0.005782616,0.9960306,0.0009603768475775867,8.046866544924683e-05,0.00012759813821555007,1.0038641955574008,0.35832845249965395,0.4839857449054852,0.426223396901757,0.0,0.0,3.669558872370409,0.9999999999999951,0.00012759813821549548,1.0038641955574008,0.0,0.0,3.243335475468653,0.009091620173011251,0.01122913593162725,0.987272938004478,0.0,7.80851414218689,0.0,6.119999999998844,1.0,0.0,0.0,-0.3906541545551124,0.7653595159656846,0.0,0.0,0.0,0.00165,0.0,0.007384446984588128,0.011345571813,1.2797820076920594,6.493554587366475e-55,0.983893555630104,0.00909870854979813,0.011229135931627495,0.9872729380041384,6.775798480927066e-55,0.9999999999999953,1.0
9.089295,0.0,0.003448698,0.004078754,0.9946758,0.000669991639467132,7.835768530929183e-05,0.00012441051774953347,1.0037868345941234,0.3583284524996289,0.48398574490549795,0.4262233969017281,0.0,0.0,3.728843872370771,0.9999999999999951,0.00012441051774949097,1.0037868345941234,0.0,0.0,3.3026204754690434,0.006942137568218172,0.008618305944712301,0.9917912247575997,0.0,7.80851414218689,0.0,6.119999999998844,1.0,0.0,0.0,-0.3906541545551124,0.7653595159656846,0.0,0.0,0.0,0.00165,0.0,0.005637891041375448,0.008759937551537238,1.2841411754416443,3.3295373320883417e-56,0.983893555630236,0.006947678166863054,0.008618305944712369,0.9917912247572507,3.483061827033831e-56,0.9999999999999952,1.0
9.11319,0.0,0.003061617,0.003802319,0.9954098,0.0005928452522846821,7.754874408816165e-05,0.00012312573760218522,1.0037556540220134,0.3583284524996197,0.4839857449055026,0.4262233969017171,0.0,0.0,3.7527388723709265,0.9999999999999949,0.00012312573760214847,1.0037556540220138,0.0,0.0,3.3265154754692094,0.00618158287174049,0.0072213781578288425,0.9934298897830002,0.0,7.80851414218689,0.0,6.119999999998844,1.0,0.0,0.0,-0.3906541545551124,0.7653595159656846,0.0,0.0,0.0,0.00165,0.0,0.0050199755734833115,0.007681373971495588,1.2851653727572856,1.0046222255617139e-56,0.983893555630289,0.00618668709154567,0.00721432909373542,0.9934760942009627,1.0512153506363166e-56,0.9999999999999956,1.0
9.187833999999999,0.0,0.002132281,0.002579539,0.9991141,0.00037786223549965306,7.509204117121073e-05,0.00011911229841748413,1.003658251108243,0.3583284524995914,0.48398574490551705,0.426223396901681,0.0,0.0,3.827382872371366,0.999999999999995,0.00011911229841745776,1.0036582511082441,0.0,0.0,3.401159475469684,0.004331126497116383,0.005337410212922056,0.9960470875389345,0.0,7.80851414218689,0.0,6.119999999998844,1.0,0.0,0.0,-0.3906541545551124,0.7653595159656846,0.0,0.0,0.0,0.00165,0.0,0.0035147372455729144,0.0054562500462495556,1.2886821545439373,2.3903710732181816e-58,0.9838935556304458,0.0043346634021439855,0.005337410212921855,0.9960470875385616,2.502432918407141e-58,0.9999999999999949,1.0
9.268926,0.0,0.001428568,0.001777417,0.9980122,0.00023364559091544504,7.245430696247423e-05,0.00011475216484525168,1.003552434202887,0.35832845249955814,0.4839857449055341,0.4262233969016424,0.0,0.0,3.90847487237187,0.999999999999995,0.0001147521648452345,1.003552434202887,0.0,0.0,3.482251475470227,0.0028952527859927727,0.003610579610176158,0.9992697313701786,0.0,7.80851414218689,0.0,6.119999999998844,1.0,0.0,0.0,-0.3906541545551124,0.7653595159656846,0.0,0.0,0.0,0.00165,0.0,0.0023436083848785614,0.0036618839887203125,1.2914800014023198,4.107128661720232e-60,0.9838935556306092,0.002897630600314654,0.0036105796101761536,0.9992697313698236,4.3135856579448086e-60,0.9999999999999951,1.0
9.344087,0.0,0.0009794604,0.00115243,1.001784,0.00015737709699603232,7.001682594724761e-05,0.0001107109277389725,1.003454356656107,0.3583284524995277,0.4839857449055495,0.4262233969016062,0.0,0.0,3.983635872372322,0.9999999999999952,0.00011071092773896241,1.003454356656107,0.0,0.0,3.5574124754707164,0.002000788774489654,0.002283038869432443,0.9981768675367193,0.0,7.80851414218689,0.0,6.119999999998844,1.0,0.0,0.0,-0.3906541545551124,0.7653595159656846,0.0,0.0,0.0,0.00165,0.0,0.0016239072233317033,0.0024294666873856457,1.2913550978404051,9.50580263047954e-62,0.9838935556307508,0.002002467701083093,0.002283038869451358,0.998176867536348,9.98876361646312e-62,0.9999999999999939,1.0
9.419592,0.0,0.0006675671,0.0008456058,0.9987622,9.768865241299658e-05,6.757319806740025e-05,0.00010665119453013854,1.0033558302239194,0.35832845249949646,0.4839857449055655,0.42622339690156874,0.0,0.0,4.059140872372763,0.9999999999999951,0.00010665119453013051,1.0033558302239194,0.0,0.0,3.6329174754711944,0.0013757054423309835,0.0017291830762805878,1.002602752574171,0.0,7.80851414218689,0.0,6.119999999998844,1.0,0.0,0.0,-0.3906541545551124,0.7653595159656846,0.0,0.0,0.0,0.00165,0.0,0.0011137742083604408,0.0017512116663876743,1.294437310560776,2.165717591179388e-63,0.9838935556308763,0.0013768216667593691,0.0017291830762806468,1.0026027525736976,2.2778264138258368e-63,0.9999999999999934,1.0
9.48992,0.0,0.0004771182,0.0005698693,0.9995031,7.006515422008103e-05,6.529567587956398e-05,0.00010286981691129166,1.0032640592561302,0.35832845249946854,0.48398574490557966,0.4262233969015371,0.0,0.0,4.1294688723731925,0.9999999999999951,0.00010286981691128656,1.0032640592561302,0.0,0.0,3.703245475471655,0.0009677246095061525,0.0011464951128230406,1.001165892708354,0.0,7.80851414218689,0.0,6.119999999998844,1.0,0.0,0.0,-0.3906541545551124,0.7653595159656846,0.0,0.0,0.0,0.00165,0.0,0.0007855787537481176,0.0011670128345479271,1.2936770226861936,6.387956826421185e-65,0.9838935556309829,0.0009685317567423618,0.0011464951128230998,1.0011658927080134,6.7226554851535495e-65,0.9999999999999953,1.0
9.562194,0.0,0.0003297808,0.0004053663,0.9993663,4.451394606142699e-05,6.295578592375282e-05,9.898380727040414e-05,1.0031697489540317,0.35832845249943945,0.4839857449055945,0.426223396901503,0.0,0.0,4.201742872373616,0.9999999999999949,9.898380727040025e-05,1.0031697489540317,0.0,0.0,3.7755194754721133,0.0006814765980215165,0.0008652528880557581,1.000106432815454,0.0,7.80851414218689,0.0,6.119999999998844,1.0,0.0,0.0,-0.3906541545551124,0.7653595159656846,0.0,0.0,0.0,0.00165,0.0,0.0005516666743886751,0.0008718205266835825,1.292786723726819,1.7081222983423272e-66,0.9838935556310844,0.0006819954133009334,0.0008652528880557579,1.000106432815042,1.8013204023276893e-66,0.9999999999999943,1.0
9.654697,0.0,0.0002147381,0.0002759643,0.9992587,2.753854386077434e-05,5.9960650972224796e-05,9.401013001702125e-05,1.00304904184117,0.3583284524994012,0.4839857449056141,0.4262233969014579,0.0,0.0,4.2942458723741534,0.999999999999995,9.401013001701869e-05,1.00304904184117,0.0,0.0,3.868022475472697,0.00044898855215387795,0.0005884996435939919,1.0038168202242945,0.0,7.80851414218689,0.0,6.119999999998844,1.0,0.0,0.0,-0.3906541545551124,0.7653595159656846,0.0,0.0,0.0,0.00165,0.0,0.000364236379707217,0.0006011388906056289,1.2965817571131255,1.6579450980796806e-68,0.9838935556312096,0.00044933178507138857,0.000588499643593754,1.003816820223824,1.7516140195302843e-68,0.9999999999999936,1.0
9.802111,0.0,0.0001110718,0.0001394282,1.00359,1.2663044953705294e-05,5.518609705213665e-05,8.608401239240058e-05,1.0028566813951791,0.3583284524993404,0.48398574490564505,0.42622339690138855,0.0,0.0,4.441659872375053,0.9999999999999949,8.608401239239913e-05,1.0028566813951791,0.0,0.0,4.015436475473664,0.00026963854730491135,0.0003611039617825304,1.001846850503414,0.0,7.80851414218689,0.0,6.119999999998844,1.0,0.0,0.0,-0.3906541545551124,0.7653595159656846,0.0,0.0,0.0,0.00165,0.0,0.0002213810617390811,0.0003638106901200243,1.2945258495825829,1.0285552295335161e-71,0.9838935556313809,0.00026982045240772634,0.0003611039617825404,1.0018468505029998,1.0893310393199394e-71,0.9999999999999942,1.0
9.929357,0.0,6.264864e-05,8.137274e-05,1.000068,7.0638489458336075e-06,5.106486487306475e-05,7.924228254813703e-05,1.002690638161087,0.3583284524992898,0.4839857449056708,0.4262233969013275,0.0,0.0,4.5689058723757965,0.9999999999999951,7.924228254813669e-05,1.002690638161087,0.0,0.0,4.142682475474468,0.00014293041153102664,0.0001499508286721199,1.000017592905456,0.0,7.80851414218689,0.0,6.119999999998844,1.0,0.0,0.0,-0.3906541545551124,0.7653595159656846,0.0,0.0,0.0,0.00165,0.0,0.00011640810521781703,0.0001548276754107145,1.2927153921119947,1.7522301655321185e-74,0.983893555631516,0.00014305619759733652,0.000149950828672122,1.0000175929051083,1.8609092482829975e-74,0.9999999999999952,1.0
10.029620000000001,0.0,3.693383e-05,3.818582e-05,1.000032,4.197341260321245e-06,4.781572422274183e-05,7.385136763234124e-05,1.002559805028574,0.3583284524992504,0.48398574490569096,0.4262233969012798,0.0,0.0,4.669168872376393,0.9999999999999951,7.38513676323409e-05,1.002559805028574,0.0,0.0,4.242945475475114,9.405146298507942e-05,0.0001372526129800628,1.004098501829332,0.0,7.80851414218689,0.0,6.119999999998844,1.0,0.0,0.0,-0.3906541545551124,0.7653595159656846,0.0,0.0,0.0,0.00165,0.0,7.628577389866144e-05,0.00013740591619589961,1.296757772572264,1.153639102328692e-76,0.9838935556316082,9.411691858941477e-05,0.0001372526129800322,1.0040985018289872,1.2267723644741958e-76,0.9999999999999952,1.0
10.13936,0.0,1.99408e-05,2.861722e-05,1.000024,1.8633004635731644e-06,4.4259686081721875e-05,6.795089584454857e-05,1.0024166053640713,0.3583284524992058,0.4839857449057137,0.4262233969012271,0.0,0.0,4.778908872377051,0.9999999999999951,6.795089584454828e-05,1.0024166053640713,0.0,0.0,4.352685475475823,8.334353346669804e-05,0.00013133816157990527,1.003954962890976,0.0,7.80851414218689,0.0,6.119999999998844,1.0,0.0,0.0,-0.3906541545551124,0.7653595159656846,0.0,0.0,0.0,0.00165,0.0,6.918221020268999e-05,0.00013149950713362376,1.2966144288235895,4.722352257787608e-79,0.9838935556317007,8.339000652752602e-05,0.000131338161579897,1.0039549628904991,5.034336108315509e-79,0.9999999999999934,1.0
10.28377,0.0,1.039822e-05,9.929902e-06,1.000008,1.204159776210719e-06,3.957779586119506e-05,6.018629651089495e-05,1.0022281648359972,0.35832845249914563,0.48398574490574436,0.42622339690115857,0.0,0.0,4.9233188723779175,0.9999999999999957,6.018629651089468e-05,1.0022281648359972,0.0,0.0,4.497095475476757,7.771491560032327e-05,0.00012327300057969024,1.003759227975036,0.0,7.80851414218689,0.0,6.119999999998844,1.0,0.0,0.0,-0.3906541545551124,0.7653595159656846,0.0,0.0,0.0,0.00165,0.0,6.490656919362773e-05,0.000123775542303165,1.2964269744627348,3.400245315029116e-82,0.9838935556318017,7.775505676170557e-05,0.00012327806990359194,1.0037593510029772,3.6341495592027745e-82,0.9999999999999939,1.0
10.74586,0.0,-3.285686e-07,2.754626e-06,1.000002,5.881329695300636e-08,2.4592534423926355e-05,3.534076153348121e-05,1.0016251838539487,0.3583284524989584,0.48398574490583995,0.42622339690093475,0.0,0.0,5.385408872380734,0.9999999999999947,3.534076153348089e-05,1.0016251838539487,0.0,0.0,4.959185475479799,6.269747920210238e-05,9.853984017903179e-05,1.00315897423282,0.0,7.80851414218689,0.0,6.119999999998844,1.0,0.0,0.0,-0.3906541545551124,0.7653595159656846,0.0,0.0,0.0,0.00165,0.0,5.237973290082095e-05,9.887428015683942e-05,1.2958226410294806,3.0020406254816227e-92,0.983893555632055,6.273023945477432e-05,9.853984017903919e-05,1.0031589742324065,3.233103747406506e-92,0.9999999999999943,1.0
11.84586,0.0,3.16877e-06,2.494732e-06,1.000002,-5.475402217693837e-09,2.7117670270775814e-05,3.940660434697486e-05,1.001723858561286,0.3583284524985184,0.48398574490606433,0.42622339690040584,0.0,0.0,0.42622339690040584,3.754142913377457e-44,0.0304396849163097,-0.04276183723141459,0.0,0.0,0.0,2.7077114373159718e-05,3.939532617745663e-05,1.001723584849259,0.0,7.80851414218689,0.0,6.119999999998844,1.0,0.0,0.0,-0.3906541545551124,0.7653595159656846,0.0,0.0,0.0,0.00165,0.0,2.2560245778091825e-05,3.9729766155576094e-05,1.2943872516478137,3.4884044655733084e-116,0.9838935556322929,2.7092302409558055e-05,3.9395326177456394e-05,1.001723584849259,3.8325252408269345e-116,0.9999999999999943,0.0
12.55115,0.0,3.329198e-07,2.602017e-06,1.000002,7.21729334363636e-08,4.262764080824203e-06,2.2955855764604e-06,1.000823204235935,0.3583284524982304,0.48398574490621127,0.4262233969000629,0.0,0.0,0.4262233969000629,2.6741327765064188e-107,0.030439684916389362,-0.04276183723146628,0.0,0.0,0.0,4.251367853040613e-06,2.2955855764604e-06,1.000823204235935,0.0,7.80851414218689,0.0,6.119999999998844,1.0,0.0,0.0,-0.3906541545551124,0.7653595159656846,0.0,0.0,0.0,0.00165,0.0,3.4389071600851356e-06,2.309268291926128e-06,1.2934790865158847,1.570575749866388e-131,0.9838935556322934,4.25507942339873e-06,2.2955855764604e-06,1.000823204235935,1.748335271906357e-131,0.9999999999999956,0.0
13.651150000000001,0.0,1.161802e-06,0.0,1.0,-2.0569907309090692e-08,2.9097222264690854e-06,2.2955855764604e-06,1.000823204235935,0.35832845249778866,0.4839857449064364,0.4262233968995364,0.0,0.0,0.4262233968995364,8.916067863808133e-206,0.03043968491651167,-0.04276183723154565,0.0,0.0,0.0,2.9072694034215083e-06,2.2955855764604e-06,1.000823204235935,0.0,7.80851414218689,0.0,6.119999999998844,1.0,0.0,0.0,-0.3906541545551124,0.7653595159656846,0.0,0.0,0.0,0.00165,0.0,2.4327871996336726e-06,2.295585576450222e-06,1.2934787544474793,1.8250264213113124e-155,0.9838935556322934,2.9085850303623722e-06,2.2955855764604e-06,1.000823204235935,2.0724788260759848e-155,0.9999999999999956,0.0
14.75115,0.0,-9.564899e-07,0.0,1.0,6.107509500909074e-08,2.9097222250040805e-06,2.2955855764604e-06,1.000823204235935,0.3583284524973453,0.48398574490666263,0.4262233968990152,0.0,0.0,0.4262233968990152,2.9727867381983434e-304,0.030439684916632768,-0.042761837231624224,0.0,0.0,0.0,2.9072694019939775e-06,2.2955855764604e-06,1.000823204235935,0.0,7.80851414218689,0.0,6.119999999998844,1.0,0.0,0.0,-0.3906541545551124,0.7653595159656846,0.0,0.0,0.0,0.00165,0.0,2.4327871996147397e-06,2.295585576450222e-06,1.2934787544474793,2.1207009205184893e-179,0.9838935556322934,2.908585028917718e-06,2.2955855764604e-06,1.000823204235935,2.4567190021007296e-179,0.9999999999999956,0.0
15.851149999999999,0.0,7.805077e-07,0.0,1.0,-1.2493590990909192e-08,2.9097222253273146e-06,2.2955855764604e-06,1.000823204235935,0.35832845249700207,0.48398574490683777,0.4262233968985984,0.0,0.0,0.4262233968985984,3.923985732195e-312,0.03043968491672958,-0.04276183723168705,0.0,0.0,0.0,2.9072694019674895e-06,2.2955855764604e-06,1.000823204235935,0.0,7.80851414218689,0.0,6.119999999998844,1.0,0.0,0.0,-0.3906541545551124,0.7653595159656846,0.0,0.0,0.0,0.00165,0.0,2.4327871944986523e-06,2.295585576450221e-06,1.2934787544474684,2.46427796421183e-203,0.9838935556322921,2.908585028473889e-06,2.2955855764604e-06,1.000823204235935,2.91219778908075e-203,1.000000000000005,0.0
16.95115,0.0,-6.49583e-07,0.0,1.0,5.281247847272727e-08,2.9097222253273138e-06,2.2955855764604e-06,1.000823204235935,0.3583284524966734,0.48398574490700536,0.4262233968981985,0.0,0.0,0.4262233968981985,3.92398573216e-312,0.030439684916822494,-0.04276183723174735,0.0,0.0,0.0,2.907269401967473e-06,2.2955855764604e-06,1.000823204235935,0.0,7.80851414218689,0.0,6.119999999998844,1.0,0.0,0.0,-0.3906541545551124,0.7653595159656846,0.0,0.0,0.0,0.00165,0.0,2.4327871944986476e-06,2.295585576450221e-06,1.2934787544474684,2.8635182953492316e-227,0.9838935556322921,2.9085850284738847e-06,2.2955855764604e-06,1.000823204235935,3.4521229149359987e-227,1.000000000000005,0.0
18.05115,0.0,5.308602e-07,0.0,1.0,-5.909056999999997e-09,2.909722225327313e-06,2.2955855764604e-06,1.000823204235935,0.3583284524963378,0.48398574490717655,0.4262233968978021,0.0,0.0,0.4262233968978021,3.92398573212e-312,0.030439684916914584,-0.042761837231807084,0.0,0.0,0.0,2.9072694019674573e-06,2.2955855764604e-06,1.000823204235935,0.0,7.80851414218689,0.0,6.119999999998844,1.0,0.0,0.0,-0.3906541545551124,0.7653595159656846,0.0,0.0,0.0,0.00165,0.0,2.4327871944986485e-06,2.295585576450221e-06,1.2934787544474684,3.3274399831859614e-251,0.9838935556322921,2.9085850284738805e-06,2.2955855764604e-06,1.000823204235935,4.092150836907454e-251,1.000000000000005,0.0
19.151149999999998,0.0,-4.410127e-07,0.0,1.0,4.645065335363654e-08,2.9097222253273116e-06,2.2955855764604e-06,1.000823204235935,0.3583284524960069,0.48398574490734536,0.4262233968974058,0.0,0.0,0.4262233968974058,3.92398573208e-312,0.03043968491700665,-0.04276183723186683,0.0,0.0,0.0,2.9072694019674395e-06,2.2955855764604e-06,1.000823204235935,0.0,7.80851414218689,0.0,6.119999999998844,1.0,0.0,0.0,-0.3906541545551124,0.7653595159656846,0.0,0.0,0.0,0.00165,0.0,2.4327871944986468e-06,2.295585576450221e-06,1.2934787544474684,3.866522124089029e-275,0.9838935556322921,2.9085850284738763e-06,2.2955855764604e-06,1.000823204235935,4.850840739057985e-275,1.000000000000005,0.0
20.25115,0.0,3.612027e-07,0.0,1.0,-6.24447526363634e-10,2.909722225327311e-06,2.2955855764604e-06,1.000823204235935,0.35832845249567513,0.48398574490751456,0.4262233968970116,0.0,0.0,0.4262233968970116,3.92398573204e-312,0.030439684917098246,-0.042761837231926274,0.0,0.0,0.0,2.907269401967425e-06,2.2955855764604e-06,1.000823204235935,0.0,7.80851414218689,0.0,6.119999999998844,1.0,0.0,0.0,-0.3906541545551124,0.7653595159656846,0.0,0.0,0.0,0.00165,0.0,2.432787194498642e-06,2.295585576450221e-06,1.2934787544474684,4.492941544134889e-299,0.9838935556322921,2.908585028473872e-06,2.2955855764604e-06,1.000823204235935,5.750192701468068e-299,1.000000000000005,0.0
21.351149999999997,0.0,-2.992708e-07,0.0,1.0,3.888219212785634e-08,2.90972222532731e-06,2.2955855764604e-06,1.000823204235935,0.3583284524953376,0.48398574490768675,0.4262233968966153,0.0,0.0,0.4262233968966153,3.923985732e-312,0.030439684917190304,-0.04276183723198602,0.0,0.0,0.0,2.9072694019674073e-06,2.2955855764604e-06,1.000823204235935,0.0,7.80851414218689,0.0,6.119999999998844,1.0,0.0,0.0,-0.3906541545551124,0.7653595159656846,0.0,0.0,0.0,0.00165,0.0,2.432787194498643e-06,2.295585576450221e-06,1.2934787544474684,2.769192904846e-311,0.9838935556322921,2.908585028473868e-06,2.2955855764604e-06,1.000823204235935,3.2812843637695e-311,1.000000000000005,0.0
22.0,0.0,2.147128e-07,0.0,1.0,-2.425939e-09,2.909843901317118e-06,2.2955855764604e-06,1.000823204235935,0.3583284524951409,0.483985744907787,0.4262233968963792,0.0,0.0,0.4262233968963792,3.71222096462e-312,0.03043968491724518,-0.04276183723202161,0.0,0.0,0.0,2.907260186260756e-06,2.2955855764604e-06,1.000823204235935,0.0,7.80851414218689,0.0,6.119999999998844,1.0,0.0,0.0,-0.3906541545551124,0.7653595159656846,0.0,0.0,0.0,0.00165,0.0,2.43278957593446e-06,2.29558557645022e-06,1.293478754447467,2.8071416155616e-311,0.9838935556322919,2.908820265678608e-06,2.2955855764604e-06,1.000823204235935,3.231770024426e-311,1.000000000000004,0.0
