tx_rmse_v,tx_maxabs_v,rx_rmse_v,rx_maxabs_v,hspice_tx_low_v,hspice_tx_active_v,hspice_tx_threshold_v,hspice_rx_low_v,hspice_rx_active_v,hspice_rx_threshold_v,ngspice_tx_low_v,ngspice_tx_active_v,ngspice_tx_threshold_v,ngspice_rx_low_v,ngspice_rx_active_v,ngspice_rx_threshold_v,hspice_tx_swing_v,hspice_rx_swing_v,ngspice_tx_swing_v,ngspice_rx_swing_v,threshold_v,tx_active_rmse_v,tx_active_maxabs_v,rx_active_rmse_v,rx_active_maxabs_v,hspice_tx_rise_threshold_crossing_count,hspice_tx_fall_threshold_crossing_count,hspice_rx_rise_threshold_crossing_count,hspice_rx_fall_threshold_crossing_count,hspice_tx_rise50_ns,hspice_rx_rise50_ns,hspice_tx_fall50_ns,hspice_rx_fall50_ns,hspice_rx_minus_tx_rise50_ps,hspice_rx_minus_tx_fall50_ps,ngspice_tx_rise_threshold_crossing_count,ngspice_tx_fall_threshold_crossing_count,ngspice_rx_rise_threshold_crossing_count,ngspice_rx_fall_threshold_crossing_count,ngspice_tx_rise50_ns,ngspice_rx_rise50_ns,ngspice_tx_fall50_ns,ngspice_rx_fall50_ns,ngspice_rx_minus_tx_rise50_ps,ngspice_rx_minus_tx_fall50_ps,rx_minus_tx_rise50_ps_delta_ps,rx_minus_tx_fall50_ps_delta_ps,correlation_status,channel_id,candidate_id,candidate,preprocessing_mode,passivity_enforced,source_family,validation_split,independent_trust_class,case,edge_ps,amplitude_v,hspice_tr0,hspice_lis,ngspice_model_copy,ngspice_raw,ngspice_log,hspice_threshold_delay_confidence,hspice_threshold_delay_confidence_reasons,hspice_audit_class,hspice_audit_reason,rx_shape_hspice_audit_class,rx_shape_hspice_audit_reason,rx_timing_hspice_audit_class,rx_timing_hspice_audit_reason,rx_hspice_audit_class,rx_hspice_audit_reason,reflection_hspice_audit_class,reflection_hspice_audit_reason,overlay_plot
0.005219483075786746,0.0412880031643318,0.023282249751111313,0.19666711928883485,5.024248e-90,0.78339905,0.391699525,8.024863e-90,1.0223795,0.51118975,0.0,0.7494581466891982,0.3747290733445991,0.0,0.7477346002328695,0.37386730011643476,0.78339905,1.0223795,0.7494581466891982,0.7477346002328695,0.51118975,0.00817599378505233,0.0412880031643318,0.04715127710963358,0.19666711928883485,1,1,1,3,1.0025867699175792,1.3840772256317164,9.00232105774671,9.050898067201201,381.4904557141372,48.5770094544909,1,1,1,3,1.0022611512720305,1.3816014750194812,9.002063830269035,9.0033111963293,379.3403237474508,1.2473660602638947,-2.1501319666864447,-47.329643394227006,ok,Clarity_example_acf20e4a,raw_vector_3r3c_lin,vector_3r3c,raw,False,skrf_tests,calibration,WARN,audit_amp1p5_edge5_r50,5.0,1.5,results/sparam_vector_fit_campaign_v2_phase1_overnight_2026-06-18/channels/Clarity_example_acf20e4a/vf_hspice_audit/raw_vector_3r3c_lin/audit_amp1p5_edge5_r50_hspice.tr0,results/sparam_vector_fit_campaign_v2_phase1_overnight_2026-06-18/channels/Clarity_example_acf20e4a/vf_hspice_audit/raw_vector_3r3c_lin/audit_amp1p5_edge5_r50_hspice.lis,results/sparam_vector_fit_campaign_v2_phase1_overnight_2026-06-18/channels/Clarity_example_acf20e4a/vf_hspice_audit/raw_vector_3r3c_lin/ngspice/model.sp,results/sparam_vector_fit_campaign_v2_phase1_overnight_2026-06-18/channels/Clarity_example_acf20e4a/vf_hspice_audit/raw_vector_3r3c_lin/ngspice/audit_amp1p5_edge5_r50.raw,results/sparam_vector_fit_campaign_v2_phase1_overnight_2026-06-18/channels/Clarity_example_acf20e4a/vf_hspice_audit/raw_vector_3r3c_lin/ngspice/audit_amp1p5_edge5_r50.log,low,hspice_rx_fall_threshold_ambiguous;ngspice_rx_fall_threshold_ambiguous,FAIL,rx_active_rmse;rx_active_maxabs,FAIL,rx_active_rmse;rx_active_maxabs,WARN,rx_timing_threshold_confidence_low,FAIL,rx_active_rmse;rx_active_maxabs,PASS,reflection/TX thresholds passed,results/sparam_vector_fit_campaign_v2_phase1_overnight_2026-06-18/plots/hspice_overlays/Clarity_example_acf20e4a_raw_vector_3r3c_lin_audit_amp1p5_edge5_r50.png
0.004650889611795459,0.02053560172787031,0.012044062662261977,0.09833911188892541,5.024248e-90,0.78306435,0.391532175,8.024863e-90,0.88142995,0.440714975,0.0,0.7494400125993672,0.3747200062996836,0.0,0.7477345247779452,0.3738672623889726,0.78306435,0.88142995,0.7494400125993672,0.7477345247779452,0.440714975,0.006649356387560488,0.02053560172787031,0.023348112314136974,0.09833911188892541,1,1,1,1,1.0255066621420925,1.387711281791487,9.02292949437862,9.353125071668451,362.2046196493945,330.19557728983216,1,1,1,1,1.0235280285128878,1.391728042401773,9.021422901345764,9.368376637563355,368.2000138888851,346.9537362175901,5.995394239490622,16.75815892775796,ok,Clarity_example_acf20e4a,raw_vector_3r3c_lin,vector_3r3c,raw,False,skrf_tests,calibration,WARN,audit_amp1p5_edge50_r50,50.0,1.5,results/sparam_vector_fit_campaign_v2_phase1_overnight_2026-06-18/channels/Clarity_example_acf20e4a/vf_hspice_audit/raw_vector_3r3c_lin/audit_amp1p5_edge50_r50_hspice.tr0,results/sparam_vector_fit_campaign_v2_phase1_overnight_2026-06-18/channels/Clarity_example_acf20e4a/vf_hspice_audit/raw_vector_3r3c_lin/audit_amp1p5_edge50_r50_hspice.lis,results/sparam_vector_fit_campaign_v2_phase1_overnight_2026-06-18/channels/Clarity_example_acf20e4a/vf_hspice_audit/raw_vector_3r3c_lin/ngspice/model.sp,results/sparam_vector_fit_campaign_v2_phase1_overnight_2026-06-18/channels/Clarity_example_acf20e4a/vf_hspice_audit/raw_vector_3r3c_lin/ngspice/audit_amp1p5_edge50_r50.raw,results/sparam_vector_fit_campaign_v2_phase1_overnight_2026-06-18/channels/Clarity_example_acf20e4a/vf_hspice_audit/raw_vector_3r3c_lin/ngspice/audit_amp1p5_edge50_r50.log,high,,FAIL,rx_active_rmse;rx_active_maxabs,FAIL,rx_active_rmse;rx_active_maxabs,PASS,rx timing thresholds passed,FAIL,rx_active_rmse;rx_active_maxabs,PASS,reflection/TX thresholds passed,results/sparam_vector_fit_campaign_v2_phase1_overnight_2026-06-18/plots/hspice_overlays/Clarity_example_acf20e4a_raw_vector_3r3c_lin_audit_amp1p5_edge50_r50.png
0.00377537502735838,0.006588246931834275,0.004733943765574022,0.019634684163285898,5.024248e-90,0.7799969,0.38999845,8.024863e-90,0.7456798,0.3728399,0.0,0.7494302646285413,0.37471513231427067,0.0,0.7477312225004616,0.3738656112502308,0.7799969,0.7456798,0.7494302646285413,0.7477312225004616,0.3728399,0.0038107116586001723,0.006588246931834275,0.006424750303628422,0.019634684163285898,1,1,1,1,1.2496141029903063,1.6221884617790072,9.225959991130342,9.618808111264999,372.57435878870075,392.8481201346566,1,1,1,1,1.2484988799623316,1.6053258147566714,9.22907313239376,9.606926094018025,356.8269347943397,377.85296162426533,-15.747423994361043,-14.995158510391263,ok,Clarity_example_acf20e4a,raw_vector_3r3c_lin,vector_3r3c,raw,False,skrf_tests,calibration,WARN,audit_amp1p5_edge500_r50,500.0,1.5,results/sparam_vector_fit_campaign_v2_phase1_overnight_2026-06-18/channels/Clarity_example_acf20e4a/vf_hspice_audit/raw_vector_3r3c_lin/audit_amp1p5_edge500_r50_hspice.tr0,results/sparam_vector_fit_campaign_v2_phase1_overnight_2026-06-18/channels/Clarity_example_acf20e4a/vf_hspice_audit/raw_vector_3r3c_lin/audit_amp1p5_edge500_r50_hspice.lis,results/sparam_vector_fit_campaign_v2_phase1_overnight_2026-06-18/channels/Clarity_example_acf20e4a/vf_hspice_audit/raw_vector_3r3c_lin/ngspice/model.sp,results/sparam_vector_fit_campaign_v2_phase1_overnight_2026-06-18/channels/Clarity_example_acf20e4a/vf_hspice_audit/raw_vector_3r3c_lin/ngspice/audit_amp1p5_edge500_r50.raw,results/sparam_vector_fit_campaign_v2_phase1_overnight_2026-06-18/channels/Clarity_example_acf20e4a/vf_hspice_audit/raw_vector_3r3c_lin/ngspice/audit_amp1p5_edge500_r50.log,high,,PASS,thresholds passed,PASS,rx shape thresholds passed,PASS,rx timing thresholds passed,PASS,rx shape and timing thresholds passed,PASS,reflection/TX thresholds passed,results/sparam_vector_fit_campaign_v2_phase1_overnight_2026-06-18/plots/hspice_overlays/Clarity_example_acf20e4a_raw_vector_3r3c_lin_audit_amp1p5_edge500_r50.png
0.0029140997233130807,0.10259915710610831,0.0013526525665238207,0.05202931078016004,1.078149e-79,0.7834442,0.3917221,7.863326e-80,0.7131999,0.35659995,0.0,0.7853387496833985,0.3926693748416992,0.0,0.7138449321886355,0.35692246609431777,0.7834442,0.7131999,0.7853387496833985,0.7138449321886355,0.35659995,0.006072908723134936,0.10259915710610831,0.002785001479561865,0.05202931078016004,1,1,1,1,1.003129950041007,1.0109763419206572,9.003135472211019,9.011004158479608,7.846391879650251,7.868686268588723,3,3,1,1,1.002073906270361,1.011694482408221,9.002052150138192,9.011667190141848,9.620576137860128,9.615040003654943,1.7741842582098775,1.7463537350662204,ok,ntwk2_e1c16499,raw_vector_12r12c_lin_enforced_s2000_original_pdc1,vector_12r12c,raw,True,skrf_tests,calibration,WARN,audit_amp1p5_edge5_r50,5.0,1.5,results/sparam_vector_fit_campaign_v2_phase1_overnight_2026-06-18/channels/ntwk2_e1c16499/vf_hspice_audit/raw_vector_12r12c_lin_enforced_s2000_original_pdc1/audit_amp1p5_edge5_r50_hspice.tr0,results/sparam_vector_fit_campaign_v2_phase1_overnight_2026-06-18/channels/ntwk2_e1c16499/vf_hspice_audit/raw_vector_12r12c_lin_enforced_s2000_original_pdc1/audit_amp1p5_edge5_r50_hspice.lis,results/sparam_vector_fit_campaign_v2_phase1_overnight_2026-06-18/channels/ntwk2_e1c16499/vf_hspice_audit/raw_vector_12r12c_lin_enforced_s2000_original_pdc1/ngspice/model.sp,results/sparam_vector_fit_campaign_v2_phase1_overnight_2026-06-18/channels/ntwk2_e1c16499/vf_hspice_audit/raw_vector_12r12c_lin_enforced_s2000_original_pdc1/ngspice/audit_amp1p5_edge5_r50.raw,results/sparam_vector_fit_campaign_v2_phase1_overnight_2026-06-18/channels/ntwk2_e1c16499/vf_hspice_audit/raw_vector_12r12c_lin_enforced_s2000_original_pdc1/ngspice/audit_amp1p5_edge5_r50.log,low,ngspice_tx_fall_threshold_ambiguous;ngspice_tx_rise_threshold_ambiguous,WARN,voltage_pass_threshold_delay_confidence_low,PASS,rx shape thresholds passed,WARN,rx_timing_threshold_confidence_low,WARN,rx_timing_threshold_confidence_low,PASS,reflection/TX thresholds passed,results/sparam_vector_fit_campaign_v2_phase1_overnight_2026-06-18/plots/hspice_overlays/ntwk2_e1c16499_raw_vector_12r12c_lin_enforced_s2000_original_pdc1_audit_amp1p5_edge5_r50.png
0.0009653582498732064,0.010903646477603217,0.00035864748932351473,0.0072292772939278604,1.078149e-79,0.7834398499999999,0.39171992499999997,7.863326e-80,0.7131978,0.3565989,0.0,0.7853387190832208,0.3926693595416104,0.0,0.7138448818024973,0.35692244090124864,0.7834398499999999,0.7131978,0.7853387190832208,0.7138448818024973,0.3565989,0.001995559690269802,0.010903646477603217,0.0007341900024847365,0.0072292772939278604,1,1,1,1,1.0290117586131153,1.0344354080864722,9.02901021998928,9.034434328658426,5.423649473356741,5.424108669145881,1,1,1,1,1.028942472516282,1.034406077063782,9.02906365028328,9.03444928183176,5.463604547499874,5.385631548479513,0.03995507414313337,-0.03847712066636788,ok,ntwk2_e1c16499,raw_vector_12r12c_lin_enforced_s2000_original_pdc1,vector_12r12c,raw,True,skrf_tests,calibration,WARN,audit_amp1p5_edge50_r50,50.0,1.5,results/sparam_vector_fit_campaign_v2_phase1_overnight_2026-06-18/channels/ntwk2_e1c16499/vf_hspice_audit/raw_vector_12r12c_lin_enforced_s2000_original_pdc1/audit_amp1p5_edge50_r50_hspice.tr0,results/sparam_vector_fit_campaign_v2_phase1_overnight_2026-06-18/channels/ntwk2_e1c16499/vf_hspice_audit/raw_vector_12r12c_lin_enforced_s2000_original_pdc1/audit_amp1p5_edge50_r50_hspice.lis,results/sparam_vector_fit_campaign_v2_phase1_overnight_2026-06-18/channels/ntwk2_e1c16499/vf_hspice_audit/raw_vector_12r12c_lin_enforced_s2000_original_pdc1/ngspice/model.sp,results/sparam_vector_fit_campaign_v2_phase1_overnight_2026-06-18/channels/ntwk2_e1c16499/vf_hspice_audit/raw_vector_12r12c_lin_enforced_s2000_original_pdc1/ngspice/audit_amp1p5_edge50_r50.raw,results/sparam_vector_fit_campaign_v2_phase1_overnight_2026-06-18/channels/ntwk2_e1c16499/vf_hspice_audit/raw_vector_12r12c_lin_enforced_s2000_original_pdc1/ngspice/audit_amp1p5_edge50_r50.log,high,,PASS,thresholds passed,PASS,rx shape thresholds passed,PASS,rx timing thresholds passed,PASS,rx shape and timing thresholds passed,PASS,reflection/TX thresholds passed,results/sparam_vector_fit_campaign_v2_phase1_overnight_2026-06-18/plots/hspice_overlays/ntwk2_e1c16499_raw_vector_12r12c_lin_enforced_s2000_original_pdc1_audit_amp1p5_edge50_r50.png
0.0009021053165037416,0.0020367942671603023,0.0003100180283857568,0.0008877172409401668,1.078149e-79,0.7834253,0.39171265,7.863326e-80,0.7131901,0.35659505,0.0,0.7853383249520064,0.3926691624760032,0.0,0.7138443816155202,0.3569221908077601,0.7834253,0.7131901,0.7853383249520064,0.7138443816155202,0.35659505,0.0018290214774386647,0.0020367942671603023,0.0006276384396807285,0.0008877172409401668,1,1,1,1,1.2535566152863415,1.2591847141139678,9.253554763163205,9.259183621595978,5.628098827626293,5.628858432772325,1,1,1,1,1.253324961502952,1.259166497627616,9.25454287508312,9.259624718065243,5.84153612466409,5.081842982123083,0.2134372970377969,-0.5470154506492415,ok,ntwk2_e1c16499,raw_vector_12r12c_lin_enforced_s2000_original_pdc1,vector_12r12c,raw,True,skrf_tests,calibration,WARN,audit_amp1p5_edge500_r50,500.0,1.5,results/sparam_vector_fit_campaign_v2_phase1_overnight_2026-06-18/channels/ntwk2_e1c16499/vf_hspice_audit/raw_vector_12r12c_lin_enforced_s2000_original_pdc1/audit_amp1p5_edge500_r50_hspice.tr0,results/sparam_vector_fit_campaign_v2_phase1_overnight_2026-06-18/channels/ntwk2_e1c16499/vf_hspice_audit/raw_vector_12r12c_lin_enforced_s2000_original_pdc1/audit_amp1p5_edge500_r50_hspice.lis,results/sparam_vector_fit_campaign_v2_phase1_overnight_2026-06-18/channels/ntwk2_e1c16499/vf_hspice_audit/raw_vector_12r12c_lin_enforced_s2000_original_pdc1/ngspice/model.sp,results/sparam_vector_fit_campaign_v2_phase1_overnight_2026-06-18/channels/ntwk2_e1c16499/vf_hspice_audit/raw_vector_12r12c_lin_enforced_s2000_original_pdc1/ngspice/audit_amp1p5_edge500_r50.raw,results/sparam_vector_fit_campaign_v2_phase1_overnight_2026-06-18/channels/ntwk2_e1c16499/vf_hspice_audit/raw_vector_12r12c_lin_enforced_s2000_original_pdc1/ngspice/audit_amp1p5_edge500_r50.log,high,,PASS,thresholds passed,PASS,rx shape thresholds passed,PASS,rx timing thresholds passed,PASS,rx shape and timing thresholds passed,PASS,reflection/TX thresholds passed,results/sparam_vector_fit_campaign_v2_phase1_overnight_2026-06-18/plots/hspice_overlays/ntwk2_e1c16499_raw_vector_12r12c_lin_enforced_s2000_original_pdc1_audit_amp1p5_edge500_r50.png
0.00020048139613715592,0.004024671566527749,0.0009927807043275767,0.019332108356578392,1.403059e-91,0.8181955,0.40909775,0.0,0.6815702,0.3407851,0.0,0.8181818180847027,0.40909090904235135,0.0,0.6818181815808727,0.34090909079043635,0.8181955,0.6815702,0.8181818180847027,0.6818181815808727,0.3407851,0.0004131693067637842,0.004024671566527749,0.0020656137782337053,0.019332108356578392,3,3,1,1,1.0026716289328865,1.0323043165349797,9.002634034374003,9.032344467869079,29.632687602093174,29.710433495077087,3,3,1,1,1.0022639540043932,1.0330356061269392,9.002343743969169,9.032901821942426,30.77165212254607,30.558077973257443,1.1389645204528946,0.8476444781803565,ok,ntwk3_ad74ab42,raw_auto_fit_high_order,auto_fit_high_order,raw,False,skrf_tests,calibration,FAIL,audit_amp1p5_edge5_r50,5.0,1.5,results/sparam_vector_fit_campaign_v2_phase1_overnight_2026-06-18/channels/ntwk3_ad74ab42/vf_hspice_audit/raw_auto_fit_high_order/audit_amp1p5_edge5_r50_hspice.tr0,results/sparam_vector_fit_campaign_v2_phase1_overnight_2026-06-18/channels/ntwk3_ad74ab42/vf_hspice_audit/raw_auto_fit_high_order/audit_amp1p5_edge5_r50_hspice.lis,results/sparam_vector_fit_campaign_v2_phase1_overnight_2026-06-18/channels/ntwk3_ad74ab42/vf_hspice_audit/raw_auto_fit_high_order/ngspice/model.sp,results/sparam_vector_fit_campaign_v2_phase1_overnight_2026-06-18/channels/ntwk3_ad74ab42/vf_hspice_audit/raw_auto_fit_high_order/ngspice/audit_amp1p5_edge5_r50.raw,results/sparam_vector_fit_campaign_v2_phase1_overnight_2026-06-18/channels/ntwk3_ad74ab42/vf_hspice_audit/raw_auto_fit_high_order/ngspice/audit_amp1p5_edge5_r50.log,low,hspice_tx_fall_threshold_ambiguous;hspice_tx_rise_threshold_ambiguous;ngspice_tx_fall_threshold_ambiguous;ngspice_tx_rise_threshold_ambiguous,WARN,voltage_pass_threshold_delay_confidence_low,PASS,rx shape thresholds passed,WARN,rx_timing_threshold_confidence_low,WARN,rx_timing_threshold_confidence_low,PASS,reflection/TX thresholds passed,results/sparam_vector_fit_campaign_v2_phase1_overnight_2026-06-18/plots/hspice_overlays/ntwk3_ad74ab42_raw_auto_fit_high_order_audit_amp1p5_edge5_r50.png
8.687744133438083e-05,0.0017061946402709277,0.00036762743969487473,0.007379814204474866,1.403059e-91,0.81819595,0.409097975,0.0,0.6815653,0.34078265,0.0,0.8181818180847027,0.40909090904235135,0.0,0.6818181815808727,0.34090909079043635,0.81819595,0.6815653,0.8181818180847027,0.6818181815808727,0.34078265,0.00018026270101301976,0.0017061946402709277,0.0007637451281774009,0.007379814204474866,1,1,1,1,1.046993956328257,1.0589316445181878,9.047081407267525,9.058941610605284,11.937688189930617,11.86020333775862,1,1,1,1,1.0470637304272632,1.059237793786922,9.047029375494587,9.059241204326332,12.174063359658849,12.211828831745924,0.23637516972823214,0.3516254939873047,ok,ntwk3_ad74ab42,raw_auto_fit_high_order,auto_fit_high_order,raw,False,skrf_tests,calibration,FAIL,audit_amp1p5_edge50_r50,50.0,1.5,results/sparam_vector_fit_campaign_v2_phase1_overnight_2026-06-18/channels/ntwk3_ad74ab42/vf_hspice_audit/raw_auto_fit_high_order/audit_amp1p5_edge50_r50_hspice.tr0,results/sparam_vector_fit_campaign_v2_phase1_overnight_2026-06-18/channels/ntwk3_ad74ab42/vf_hspice_audit/raw_auto_fit_high_order/audit_amp1p5_edge50_r50_hspice.lis,results/sparam_vector_fit_campaign_v2_phase1_overnight_2026-06-18/channels/ntwk3_ad74ab42/vf_hspice_audit/raw_auto_fit_high_order/ngspice/model.sp,results/sparam_vector_fit_campaign_v2_phase1_overnight_2026-06-18/channels/ntwk3_ad74ab42/vf_hspice_audit/raw_auto_fit_high_order/ngspice/audit_amp1p5_edge50_r50.raw,results/sparam_vector_fit_campaign_v2_phase1_overnight_2026-06-18/channels/ntwk3_ad74ab42/vf_hspice_audit/raw_auto_fit_high_order/ngspice/audit_amp1p5_edge50_r50.log,high,,PASS,thresholds passed,PASS,rx shape thresholds passed,PASS,rx timing thresholds passed,PASS,rx shape and timing thresholds passed,PASS,reflection/TX thresholds passed,results/sparam_vector_fit_campaign_v2_phase1_overnight_2026-06-18/plots/hspice_overlays/ntwk3_ad74ab42_raw_auto_fit_high_order_audit_amp1p5_edge50_r50.png
1.7206983231009347e-05,0.0002053206307986999,0.00014034580811241403,0.0010072704439466618,1.403059e-91,0.8181941,0.40909705,0.0,0.68155035,0.340775175,0.0,0.8181818180847027,0.40909090904235135,0.0,0.6818181815808727,0.34090909079043635,0.8181941,0.68155035,0.8181818180847027,0.6818181815808727,0.340775175,3.379243517663624e-05,0.0002053206307986999,0.00028418940792192276,0.0010072704439466618,1,1,1,1,1.278474490687894,1.2895713101739033,9.2784658448357,9.289539420380738,11.096819486009398,11.073575545036695,1,1,1,1,1.2784587248788124,1.289502940195727,9.278451364248424,9.289699549218708,11.044215316914663,11.248184970284383,-0.0526041690947352,0.17460942524768797,ok,ntwk3_ad74ab42,raw_auto_fit_high_order,auto_fit_high_order,raw,False,skrf_tests,calibration,FAIL,audit_amp1p5_edge500_r50,500.0,1.5,results/sparam_vector_fit_campaign_v2_phase1_overnight_2026-06-18/channels/ntwk3_ad74ab42/vf_hspice_audit/raw_auto_fit_high_order/audit_amp1p5_edge500_r50_hspice.tr0,results/sparam_vector_fit_campaign_v2_phase1_overnight_2026-06-18/channels/ntwk3_ad74ab42/vf_hspice_audit/raw_auto_fit_high_order/audit_amp1p5_edge500_r50_hspice.lis,results/sparam_vector_fit_campaign_v2_phase1_overnight_2026-06-18/channels/ntwk3_ad74ab42/vf_hspice_audit/raw_auto_fit_high_order/ngspice/model.sp,results/sparam_vector_fit_campaign_v2_phase1_overnight_2026-06-18/channels/ntwk3_ad74ab42/vf_hspice_audit/raw_auto_fit_high_order/ngspice/audit_amp1p5_edge500_r50.raw,results/sparam_vector_fit_campaign_v2_phase1_overnight_2026-06-18/channels/ntwk3_ad74ab42/vf_hspice_audit/raw_auto_fit_high_order/ngspice/audit_amp1p5_edge500_r50.log,high,,PASS,thresholds passed,PASS,rx shape thresholds passed,PASS,rx timing thresholds passed,PASS,rx shape and timing thresholds passed,PASS,reflection/TX thresholds passed,results/sparam_vector_fit_campaign_v2_phase1_overnight_2026-06-18/plots/hspice_overlays/ntwk3_ad74ab42_raw_auto_fit_high_order_audit_amp1p5_edge500_r50.png
0.0029140997233130807,0.10259915710610831,0.0013526525665238207,0.05202931078016004,1.078149e-79,0.7834442,0.3917221,7.863326e-80,0.7131999,0.35659995,0.0,0.7853387496833985,0.3926693748416992,0.0,0.7138449321886355,0.35692246609431777,0.7834442,0.7131999,0.7853387496833985,0.7138449321886355,0.35659995,0.006072908723134936,0.10259915710610831,0.002785001479561865,0.05202931078016004,1,1,1,1,1.003129950041007,1.0109763419206572,9.003135472211019,9.011004158479608,7.846391879650251,7.868686268588723,3,3,1,1,1.002073906270361,1.011694482408221,9.002052150138192,9.011667190141848,9.620576137860128,9.615040003654943,1.7741842582098775,1.7463537350662204,ok,ntwk2_24638a5f,raw_vector_12r12c_lin_enforced_s2000_original_pdc1,vector_12r12c,raw,True,skrf_tests,calibration,WARN,audit_amp1p5_edge5_r50,5.0,1.5,results/sparam_vector_fit_campaign_v2_phase1_overnight_2026-06-18/channels/ntwk2_24638a5f/vf_hspice_audit/raw_vector_12r12c_lin_enforced_s2000_original_pdc1/audit_amp1p5_edge5_r50_hspice.tr0,results/sparam_vector_fit_campaign_v2_phase1_overnight_2026-06-18/channels/ntwk2_24638a5f/vf_hspice_audit/raw_vector_12r12c_lin_enforced_s2000_original_pdc1/audit_amp1p5_edge5_r50_hspice.lis,results/sparam_vector_fit_campaign_v2_phase1_overnight_2026-06-18/channels/ntwk2_24638a5f/vf_hspice_audit/raw_vector_12r12c_lin_enforced_s2000_original_pdc1/ngspice/model.sp,results/sparam_vector_fit_campaign_v2_phase1_overnight_2026-06-18/channels/ntwk2_24638a5f/vf_hspice_audit/raw_vector_12r12c_lin_enforced_s2000_original_pdc1/ngspice/audit_amp1p5_edge5_r50.raw,results/sparam_vector_fit_campaign_v2_phase1_overnight_2026-06-18/channels/ntwk2_24638a5f/vf_hspice_audit/raw_vector_12r12c_lin_enforced_s2000_original_pdc1/ngspice/audit_amp1p5_edge5_r50.log,low,ngspice_tx_fall_threshold_ambiguous;ngspice_tx_rise_threshold_ambiguous,WARN,voltage_pass_threshold_delay_confidence_low,PASS,rx shape thresholds passed,WARN,rx_timing_threshold_confidence_low,WARN,rx_timing_threshold_confidence_low,PASS,reflection/TX thresholds passed,results/sparam_vector_fit_campaign_v2_phase1_overnight_2026-06-18/plots/hspice_overlays/ntwk2_24638a5f_raw_vector_12r12c_lin_enforced_s2000_original_pdc1_audit_amp1p5_edge5_r50.png
0.0009653582498732064,0.010903646477603217,0.00035864748932351473,0.0072292772939278604,1.078149e-79,0.7834398499999999,0.39171992499999997,7.863326e-80,0.7131978,0.3565989,0.0,0.7853387190832208,0.3926693595416104,0.0,0.7138448818024973,0.35692244090124864,0.7834398499999999,0.7131978,0.7853387190832208,0.7138448818024973,0.3565989,0.001995559690269802,0.010903646477603217,0.0007341900024847365,0.0072292772939278604,1,1,1,1,1.0290117586131153,1.0344354080864722,9.02901021998928,9.034434328658426,5.423649473356741,5.424108669145881,1,1,1,1,1.028942472516282,1.034406077063782,9.02906365028328,9.03444928183176,5.463604547499874,5.385631548479513,0.03995507414313337,-0.03847712066636788,ok,ntwk2_24638a5f,raw_vector_12r12c_lin_enforced_s2000_original_pdc1,vector_12r12c,raw,True,skrf_tests,calibration,WARN,audit_amp1p5_edge50_r50,50.0,1.5,results/sparam_vector_fit_campaign_v2_phase1_overnight_2026-06-18/channels/ntwk2_24638a5f/vf_hspice_audit/raw_vector_12r12c_lin_enforced_s2000_original_pdc1/audit_amp1p5_edge50_r50_hspice.tr0,results/sparam_vector_fit_campaign_v2_phase1_overnight_2026-06-18/channels/ntwk2_24638a5f/vf_hspice_audit/raw_vector_12r12c_lin_enforced_s2000_original_pdc1/audit_amp1p5_edge50_r50_hspice.lis,results/sparam_vector_fit_campaign_v2_phase1_overnight_2026-06-18/channels/ntwk2_24638a5f/vf_hspice_audit/raw_vector_12r12c_lin_enforced_s2000_original_pdc1/ngspice/model.sp,results/sparam_vector_fit_campaign_v2_phase1_overnight_2026-06-18/channels/ntwk2_24638a5f/vf_hspice_audit/raw_vector_12r12c_lin_enforced_s2000_original_pdc1/ngspice/audit_amp1p5_edge50_r50.raw,results/sparam_vector_fit_campaign_v2_phase1_overnight_2026-06-18/channels/ntwk2_24638a5f/vf_hspice_audit/raw_vector_12r12c_lin_enforced_s2000_original_pdc1/ngspice/audit_amp1p5_edge50_r50.log,high,,PASS,thresholds passed,PASS,rx shape thresholds passed,PASS,rx timing thresholds passed,PASS,rx shape and timing thresholds passed,PASS,reflection/TX thresholds passed,results/sparam_vector_fit_campaign_v2_phase1_overnight_2026-06-18/plots/hspice_overlays/ntwk2_24638a5f_raw_vector_12r12c_lin_enforced_s2000_original_pdc1_audit_amp1p5_edge50_r50.png
0.0009021053165037416,0.0020367942671603023,0.0003100180283857568,0.0008877172409401668,1.078149e-79,0.7834253,0.39171265,7.863326e-80,0.7131901,0.35659505,0.0,0.7853383249520064,0.3926691624760032,0.0,0.7138443816155202,0.3569221908077601,0.7834253,0.7131901,0.7853383249520064,0.7138443816155202,0.35659505,0.0018290214774386647,0.0020367942671603023,0.0006276384396807285,0.0008877172409401668,1,1,1,1,1.2535566152863415,1.2591847141139678,9.253554763163205,9.259183621595978,5.628098827626293,5.628858432772325,1,1,1,1,1.253324961502952,1.259166497627616,9.25454287508312,9.259624718065243,5.84153612466409,5.081842982123083,0.2134372970377969,-0.5470154506492415,ok,ntwk2_24638a5f,raw_vector_12r12c_lin_enforced_s2000_original_pdc1,vector_12r12c,raw,True,skrf_tests,calibration,WARN,audit_amp1p5_edge500_r50,500.0,1.5,results/sparam_vector_fit_campaign_v2_phase1_overnight_2026-06-18/channels/ntwk2_24638a5f/vf_hspice_audit/raw_vector_12r12c_lin_enforced_s2000_original_pdc1/audit_amp1p5_edge500_r50_hspice.tr0,results/sparam_vector_fit_campaign_v2_phase1_overnight_2026-06-18/channels/ntwk2_24638a5f/vf_hspice_audit/raw_vector_12r12c_lin_enforced_s2000_original_pdc1/audit_amp1p5_edge500_r50_hspice.lis,results/sparam_vector_fit_campaign_v2_phase1_overnight_2026-06-18/channels/ntwk2_24638a5f/vf_hspice_audit/raw_vector_12r12c_lin_enforced_s2000_original_pdc1/ngspice/model.sp,results/sparam_vector_fit_campaign_v2_phase1_overnight_2026-06-18/channels/ntwk2_24638a5f/vf_hspice_audit/raw_vector_12r12c_lin_enforced_s2000_original_pdc1/ngspice/audit_amp1p5_edge500_r50.raw,results/sparam_vector_fit_campaign_v2_phase1_overnight_2026-06-18/channels/ntwk2_24638a5f/vf_hspice_audit/raw_vector_12r12c_lin_enforced_s2000_original_pdc1/ngspice/audit_amp1p5_edge500_r50.log,high,,PASS,thresholds passed,PASS,rx shape thresholds passed,PASS,rx timing thresholds passed,PASS,rx shape and timing thresholds passed,PASS,reflection/TX thresholds passed,results/sparam_vector_fit_campaign_v2_phase1_overnight_2026-06-18/plots/hspice_overlays/ntwk2_24638a5f_raw_vector_12r12c_lin_enforced_s2000_original_pdc1_audit_amp1p5_edge500_r50.png
0.00020048139613715592,0.004024671566527749,0.0009927807043275767,0.019332108356578392,1.403059e-91,0.8181955,0.40909775,0.0,0.6815702,0.3407851,0.0,0.8181818180847027,0.40909090904235135,0.0,0.6818181815808727,0.34090909079043635,0.8181955,0.6815702,0.8181818180847027,0.6818181815808727,0.3407851,0.0004131693067637842,0.004024671566527749,0.0020656137782337053,0.019332108356578392,3,3,1,1,1.0026716289328865,1.0323043165349797,9.002634034374003,9.032344467869079,29.632687602093174,29.710433495077087,3,3,1,1,1.0022639540043932,1.0330356061269392,9.002343743969169,9.032901821942426,30.77165212254607,30.558077973257443,1.1389645204528946,0.8476444781803565,ok,ntwk3_8f8a2430,raw_auto_fit_high_order,auto_fit_high_order,raw,False,skrf_tests,holdout,FAIL,audit_amp1p5_edge5_r50,5.0,1.5,results/sparam_vector_fit_campaign_v2_phase1_overnight_2026-06-18/channels/ntwk3_8f8a2430/vf_hspice_audit/raw_auto_fit_high_order/audit_amp1p5_edge5_r50_hspice.tr0,results/sparam_vector_fit_campaign_v2_phase1_overnight_2026-06-18/channels/ntwk3_8f8a2430/vf_hspice_audit/raw_auto_fit_high_order/audit_amp1p5_edge5_r50_hspice.lis,results/sparam_vector_fit_campaign_v2_phase1_overnight_2026-06-18/channels/ntwk3_8f8a2430/vf_hspice_audit/raw_auto_fit_high_order/ngspice/model.sp,results/sparam_vector_fit_campaign_v2_phase1_overnight_2026-06-18/channels/ntwk3_8f8a2430/vf_hspice_audit/raw_auto_fit_high_order/ngspice/audit_amp1p5_edge5_r50.raw,results/sparam_vector_fit_campaign_v2_phase1_overnight_2026-06-18/channels/ntwk3_8f8a2430/vf_hspice_audit/raw_auto_fit_high_order/ngspice/audit_amp1p5_edge5_r50.log,low,hspice_tx_fall_threshold_ambiguous;hspice_tx_rise_threshold_ambiguous;ngspice_tx_fall_threshold_ambiguous;ngspice_tx_rise_threshold_ambiguous,WARN,voltage_pass_threshold_delay_confidence_low,PASS,rx shape thresholds passed,WARN,rx_timing_threshold_confidence_low,WARN,rx_timing_threshold_confidence_low,PASS,reflection/TX thresholds passed,results/sparam_vector_fit_campaign_v2_phase1_overnight_2026-06-18/plots/hspice_overlays/ntwk3_8f8a2430_raw_auto_fit_high_order_audit_amp1p5_edge5_r50.png
8.687744133438083e-05,0.0017061946402709277,0.00036762743969487473,0.007379814204474866,1.403059e-91,0.81819595,0.409097975,0.0,0.6815653,0.34078265,0.0,0.8181818180847027,0.40909090904235135,0.0,0.6818181815808727,0.34090909079043635,0.81819595,0.6815653,0.8181818180847027,0.6818181815808727,0.34078265,0.00018026270101301976,0.0017061946402709277,0.0007637451281774009,0.007379814204474866,1,1,1,1,1.046993956328257,1.0589316445181878,9.047081407267525,9.058941610605284,11.937688189930617,11.86020333775862,1,1,1,1,1.0470637304272632,1.059237793786922,9.047029375494587,9.059241204326332,12.174063359658849,12.211828831745924,0.23637516972823214,0.3516254939873047,ok,ntwk3_8f8a2430,raw_auto_fit_high_order,auto_fit_high_order,raw,False,skrf_tests,holdout,FAIL,audit_amp1p5_edge50_r50,50.0,1.5,results/sparam_vector_fit_campaign_v2_phase1_overnight_2026-06-18/channels/ntwk3_8f8a2430/vf_hspice_audit/raw_auto_fit_high_order/audit_amp1p5_edge50_r50_hspice.tr0,results/sparam_vector_fit_campaign_v2_phase1_overnight_2026-06-18/channels/ntwk3_8f8a2430/vf_hspice_audit/raw_auto_fit_high_order/audit_amp1p5_edge50_r50_hspice.lis,results/sparam_vector_fit_campaign_v2_phase1_overnight_2026-06-18/channels/ntwk3_8f8a2430/vf_hspice_audit/raw_auto_fit_high_order/ngspice/model.sp,results/sparam_vector_fit_campaign_v2_phase1_overnight_2026-06-18/channels/ntwk3_8f8a2430/vf_hspice_audit/raw_auto_fit_high_order/ngspice/audit_amp1p5_edge50_r50.raw,results/sparam_vector_fit_campaign_v2_phase1_overnight_2026-06-18/channels/ntwk3_8f8a2430/vf_hspice_audit/raw_auto_fit_high_order/ngspice/audit_amp1p5_edge50_r50.log,high,,PASS,thresholds passed,PASS,rx shape thresholds passed,PASS,rx timing thresholds passed,PASS,rx shape and timing thresholds passed,PASS,reflection/TX thresholds passed,results/sparam_vector_fit_campaign_v2_phase1_overnight_2026-06-18/plots/hspice_overlays/ntwk3_8f8a2430_raw_auto_fit_high_order_audit_amp1p5_edge50_r50.png
1.7206983231009347e-05,0.0002053206307986999,0.00014034580811241403,0.0010072704439466618,1.403059e-91,0.8181941,0.40909705,0.0,0.68155035,0.340775175,0.0,0.8181818180847027,0.40909090904235135,0.0,0.6818181815808727,0.34090909079043635,0.8181941,0.68155035,0.8181818180847027,0.6818181815808727,0.340775175,3.379243517663624e-05,0.0002053206307986999,0.00028418940792192276,0.0010072704439466618,1,1,1,1,1.278474490687894,1.2895713101739033,9.2784658448357,9.289539420380738,11.096819486009398,11.073575545036695,1,1,1,1,1.2784587248788124,1.289502940195727,9.278451364248424,9.289699549218708,11.044215316914663,11.248184970284383,-0.0526041690947352,0.17460942524768797,ok,ntwk3_8f8a2430,raw_auto_fit_high_order,auto_fit_high_order,raw,False,skrf_tests,holdout,FAIL,audit_amp1p5_edge500_r50,500.0,1.5,results/sparam_vector_fit_campaign_v2_phase1_overnight_2026-06-18/channels/ntwk3_8f8a2430/vf_hspice_audit/raw_auto_fit_high_order/audit_amp1p5_edge500_r50_hspice.tr0,results/sparam_vector_fit_campaign_v2_phase1_overnight_2026-06-18/channels/ntwk3_8f8a2430/vf_hspice_audit/raw_auto_fit_high_order/audit_amp1p5_edge500_r50_hspice.lis,results/sparam_vector_fit_campaign_v2_phase1_overnight_2026-06-18/channels/ntwk3_8f8a2430/vf_hspice_audit/raw_auto_fit_high_order/ngspice/model.sp,results/sparam_vector_fit_campaign_v2_phase1_overnight_2026-06-18/channels/ntwk3_8f8a2430/vf_hspice_audit/raw_auto_fit_high_order/ngspice/audit_amp1p5_edge500_r50.raw,results/sparam_vector_fit_campaign_v2_phase1_overnight_2026-06-18/channels/ntwk3_8f8a2430/vf_hspice_audit/raw_auto_fit_high_order/ngspice/audit_amp1p5_edge500_r50.log,high,,PASS,thresholds passed,PASS,rx shape thresholds passed,PASS,rx timing thresholds passed,PASS,rx shape and timing thresholds passed,PASS,reflection/TX thresholds passed,results/sparam_vector_fit_campaign_v2_phase1_overnight_2026-06-18/plots/hspice_overlays/ntwk3_8f8a2430_raw_auto_fit_high_order_audit_amp1p5_edge500_r50.png
0.002975450539444853,0.02659558469523582,0.01778460809499339,0.18437255147055823,6.925187e-74,0.8073872,0.4036936,5.173062e-74,1.060011,0.5300055,0.0,0.7499147498299263,0.37495737491496317,0.0,0.7481810667415557,0.37409053337077786,0.8073872,1.060011,0.7499147498299263,0.7481810667415557,0.5300055,0.005993640466458068,0.02659558469523582,0.03644323717966242,0.18437255147055823,1,1,1,3,1.0025595464729102,1.3875245688035736,9.002197323593958,9.050524641754345,384.96502233066315,48.32731816038799,1,1,1,3,1.0025532906284267,1.3886504632245709,9.002187964760067,9.003140927736029,386.09717259614416,0.9529629759626146,1.132150265481016,-47.374355184425376,ok,Clarity_example_Fitted_55b55a71,raw_auto_fit_default,auto_fit_default,raw,False,repo_local,calibration,WARN,audit_amp1p5_edge5_r50,5.0,1.5,results/sparam_vector_fit_campaign_v2_phase1_overnight_2026-06-18/channels/Clarity_example_Fitted_55b55a71/vf_hspice_audit/raw_auto_fit_default/audit_amp1p5_edge5_r50_hspice.tr0,results/sparam_vector_fit_campaign_v2_phase1_overnight_2026-06-18/channels/Clarity_example_Fitted_55b55a71/vf_hspice_audit/raw_auto_fit_default/audit_amp1p5_edge5_r50_hspice.lis,results/sparam_vector_fit_campaign_v2_phase1_overnight_2026-06-18/channels/Clarity_example_Fitted_55b55a71/vf_hspice_audit/raw_auto_fit_default/ngspice/model.sp,results/sparam_vector_fit_campaign_v2_phase1_overnight_2026-06-18/channels/Clarity_example_Fitted_55b55a71/vf_hspice_audit/raw_auto_fit_default/ngspice/audit_amp1p5_edge5_r50.raw,results/sparam_vector_fit_campaign_v2_phase1_overnight_2026-06-18/channels/Clarity_example_Fitted_55b55a71/vf_hspice_audit/raw_auto_fit_default/ngspice/audit_amp1p5_edge5_r50.log,low,hspice_rx_fall_threshold_ambiguous;ngspice_rx_fall_threshold_ambiguous,FAIL,rx_active_rmse;rx_active_maxabs,FAIL,rx_active_rmse;rx_active_maxabs,WARN,rx_timing_threshold_confidence_low,FAIL,rx_active_rmse;rx_active_maxabs,PASS,reflection/TX thresholds passed,results/sparam_vector_fit_campaign_v2_phase1_overnight_2026-06-18/plots/hspice_overlays/Clarity_example_Fitted_55b55a71_raw_auto_fit_default_audit_amp1p5_edge5_r50.png
0.0026577901864763944,0.02530901746738423,0.02137586519788116,0.1562207123363185,6.925187e-74,0.8020333,0.40101665,5.173062e-74,0.8805108,0.4402554,0.0,0.749909089611082,0.374954544805541,0.0,0.7481808743666616,0.3740904371833308,0.8020333,0.8805108,0.749909089611082,0.7481808743666616,0.4402554,0.005336385581980265,0.02530901746738423,0.04351635251838372,0.1562207123363185,1,1,1,1,1.024308322519907,1.3862364444794908,9.02106742915731,9.354168031987438,361.92812195958373,333.10060283012837,1,1,1,1,1.0247122699757247,1.3932718099183732,9.021551403536373,9.36840262062255,368.5595399426483,346.85121708617686,6.63141798306458,13.750614256048493,ok,Clarity_example_Fitted_55b55a71,raw_auto_fit_default,auto_fit_default,raw,False,repo_local,calibration,WARN,audit_amp1p5_edge50_r50,50.0,1.5,results/sparam_vector_fit_campaign_v2_phase1_overnight_2026-06-18/channels/Clarity_example_Fitted_55b55a71/vf_hspice_audit/raw_auto_fit_default/audit_amp1p5_edge50_r50_hspice.tr0,results/sparam_vector_fit_campaign_v2_phase1_overnight_2026-06-18/channels/Clarity_example_Fitted_55b55a71/vf_hspice_audit/raw_auto_fit_default/audit_amp1p5_edge50_r50_hspice.lis,results/sparam_vector_fit_campaign_v2_phase1_overnight_2026-06-18/channels/Clarity_example_Fitted_55b55a71/vf_hspice_audit/raw_auto_fit_default/ngspice/model.sp,results/sparam_vector_fit_campaign_v2_phase1_overnight_2026-06-18/channels/Clarity_example_Fitted_55b55a71/vf_hspice_audit/raw_auto_fit_default/ngspice/audit_amp1p5_edge50_r50.raw,results/sparam_vector_fit_campaign_v2_phase1_overnight_2026-06-18/channels/Clarity_example_Fitted_55b55a71/vf_hspice_audit/raw_auto_fit_default/ngspice/audit_amp1p5_edge50_r50.log,high,,FAIL,rx_active_rmse;rx_active_maxabs,FAIL,rx_active_rmse;rx_active_maxabs,PASS,rx timing thresholds passed,FAIL,rx_active_rmse;rx_active_maxabs,PASS,reflection/TX thresholds passed,results/sparam_vector_fit_campaign_v2_phase1_overnight_2026-06-18/plots/hspice_overlays/Clarity_example_Fitted_55b55a71_raw_auto_fit_default_audit_amp1p5_edge50_r50.png
0.0005693552328981263,0.0021272690446341724,0.002204601746759942,0.010324088973146739,6.925187e-74,0.78028445,0.390142225,5.173062e-74,0.74821135,0.374105675,0.0,0.7499081764739459,0.37495408823697296,0.0,0.7481653616656772,0.3740826808328386,0.78028445,0.74821135,0.7499081764739459,0.7481653616656772,0.374105675,0.0011130467028052946,0.0021272690446341724,0.0041704767135726925,0.010324088973146739,1,1,1,1,1.2482094240484112,1.6231668632277125,9.228566485648262,9.620668978969316,374.9574391793013,392.1024933210549,1,1,1,1,1.2486872436858927,1.6071934596862547,9.229748005471945,9.60720295227795,358.5062160003621,377.4549468060051,-16.451223178939188,-14.647546515049783,ok,Clarity_example_Fitted_55b55a71,raw_auto_fit_default,auto_fit_default,raw,False,repo_local,calibration,WARN,audit_amp1p5_edge500_r50,500.0,1.5,results/sparam_vector_fit_campaign_v2_phase1_overnight_2026-06-18/channels/Clarity_example_Fitted_55b55a71/vf_hspice_audit/raw_auto_fit_default/audit_amp1p5_edge500_r50_hspice.tr0,results/sparam_vector_fit_campaign_v2_phase1_overnight_2026-06-18/channels/Clarity_example_Fitted_55b55a71/vf_hspice_audit/raw_auto_fit_default/audit_amp1p5_edge500_r50_hspice.lis,results/sparam_vector_fit_campaign_v2_phase1_overnight_2026-06-18/channels/Clarity_example_Fitted_55b55a71/vf_hspice_audit/raw_auto_fit_default/ngspice/model.sp,results/sparam_vector_fit_campaign_v2_phase1_overnight_2026-06-18/channels/Clarity_example_Fitted_55b55a71/vf_hspice_audit/raw_auto_fit_default/ngspice/audit_amp1p5_edge500_r50.raw,results/sparam_vector_fit_campaign_v2_phase1_overnight_2026-06-18/channels/Clarity_example_Fitted_55b55a71/vf_hspice_audit/raw_auto_fit_default/ngspice/audit_amp1p5_edge500_r50.log,high,,PASS,thresholds passed,PASS,rx shape thresholds passed,PASS,rx timing thresholds passed,PASS,rx shape and timing thresholds passed,PASS,reflection/TX thresholds passed,results/sparam_vector_fit_campaign_v2_phase1_overnight_2026-06-18/plots/hspice_overlays/Clarity_example_Fitted_55b55a71_raw_auto_fit_default_audit_amp1p5_edge500_r50.png
0.005219483075786746,0.0412880031643318,0.023282249751111313,0.19666711928883485,5.024248e-90,0.78339905,0.391699525,8.024863e-90,1.0223795,0.51118975,0.0,0.7494581466891982,0.3747290733445991,0.0,0.7477346002328695,0.37386730011643476,0.78339905,1.0223795,0.7494581466891982,0.7477346002328695,0.51118975,0.00817599378505233,0.0412880031643318,0.04715127710963358,0.19666711928883485,1,1,1,3,1.0025867699175792,1.3840772256317164,9.00232105774671,9.050898067201201,381.4904557141372,48.5770094544909,1,1,1,3,1.0022611512720305,1.3816014750194812,9.002063830269035,9.0033111963293,379.3403237474508,1.2473660602638947,-2.1501319666864447,-47.329643394227006,ok,Clarity_example_acf20e4a,raw_vector_3r3c_lin_enforced_s200_original_pdc1,vector_3r3c,raw,True,skrf_tests,calibration,PASS,audit_amp1p5_edge5_r50,5.0,1.5,results/sparam_vector_fit_campaign_v2_phase1_overnight_2026-06-18/channels/Clarity_example_acf20e4a/vf_hspice_audit/raw_vector_3r3c_lin_enforced_s200_original_pdc1/audit_amp1p5_edge5_r50_hspice.tr0,results/sparam_vector_fit_campaign_v2_phase1_overnight_2026-06-18/channels/Clarity_example_acf20e4a/vf_hspice_audit/raw_vector_3r3c_lin_enforced_s200_original_pdc1/audit_amp1p5_edge5_r50_hspice.lis,results/sparam_vector_fit_campaign_v2_phase1_overnight_2026-06-18/channels/Clarity_example_acf20e4a/vf_hspice_audit/raw_vector_3r3c_lin_enforced_s200_original_pdc1/ngspice/model.sp,results/sparam_vector_fit_campaign_v2_phase1_overnight_2026-06-18/channels/Clarity_example_acf20e4a/vf_hspice_audit/raw_vector_3r3c_lin_enforced_s200_original_pdc1/ngspice/audit_amp1p5_edge5_r50.raw,results/sparam_vector_fit_campaign_v2_phase1_overnight_2026-06-18/channels/Clarity_example_acf20e4a/vf_hspice_audit/raw_vector_3r3c_lin_enforced_s200_original_pdc1/ngspice/audit_amp1p5_edge5_r50.log,low,hspice_rx_fall_threshold_ambiguous;ngspice_rx_fall_threshold_ambiguous,FAIL,rx_active_rmse;rx_active_maxabs,FAIL,rx_active_rmse;rx_active_maxabs,WARN,rx_timing_threshold_confidence_low,FAIL,rx_active_rmse;rx_active_maxabs,PASS,reflection/TX thresholds passed,results/sparam_vector_fit_campaign_v2_phase1_overnight_2026-06-18/plots/hspice_overlays/Clarity_example_acf20e4a_raw_vector_3r3c_lin_enforced_s200_original_pdc1_audit_amp1p5_edge5_r50.png
0.004650889611795459,0.02053560172787031,0.012044062662261977,0.09833911188892541,5.024248e-90,0.78306435,0.391532175,8.024863e-90,0.88142995,0.440714975,0.0,0.7494400125993672,0.3747200062996836,0.0,0.7477345247779452,0.3738672623889726,0.78306435,0.88142995,0.7494400125993672,0.7477345247779452,0.440714975,0.006649356387560488,0.02053560172787031,0.023348112314136974,0.09833911188892541,1,1,1,1,1.0255066621420925,1.387711281791487,9.02292949437862,9.353125071668451,362.2046196493945,330.19557728983216,1,1,1,1,1.0235280285128878,1.391728042401773,9.021422901345764,9.368376637563355,368.2000138888851,346.9537362175901,5.995394239490622,16.75815892775796,ok,Clarity_example_acf20e4a,raw_vector_3r3c_lin_enforced_s200_original_pdc1,vector_3r3c,raw,True,skrf_tests,calibration,PASS,audit_amp1p5_edge50_r50,50.0,1.5,results/sparam_vector_fit_campaign_v2_phase1_overnight_2026-06-18/channels/Clarity_example_acf20e4a/vf_hspice_audit/raw_vector_3r3c_lin_enforced_s200_original_pdc1/audit_amp1p5_edge50_r50_hspice.tr0,results/sparam_vector_fit_campaign_v2_phase1_overnight_2026-06-18/channels/Clarity_example_acf20e4a/vf_hspice_audit/raw_vector_3r3c_lin_enforced_s200_original_pdc1/audit_amp1p5_edge50_r50_hspice.lis,results/sparam_vector_fit_campaign_v2_phase1_overnight_2026-06-18/channels/Clarity_example_acf20e4a/vf_hspice_audit/raw_vector_3r3c_lin_enforced_s200_original_pdc1/ngspice/model.sp,results/sparam_vector_fit_campaign_v2_phase1_overnight_2026-06-18/channels/Clarity_example_acf20e4a/vf_hspice_audit/raw_vector_3r3c_lin_enforced_s200_original_pdc1/ngspice/audit_amp1p5_edge50_r50.raw,results/sparam_vector_fit_campaign_v2_phase1_overnight_2026-06-18/channels/Clarity_example_acf20e4a/vf_hspice_audit/raw_vector_3r3c_lin_enforced_s200_original_pdc1/ngspice/audit_amp1p5_edge50_r50.log,high,,FAIL,rx_active_rmse;rx_active_maxabs,FAIL,rx_active_rmse;rx_active_maxabs,PASS,rx timing thresholds passed,FAIL,rx_active_rmse;rx_active_maxabs,PASS,reflection/TX thresholds passed,results/sparam_vector_fit_campaign_v2_phase1_overnight_2026-06-18/plots/hspice_overlays/Clarity_example_acf20e4a_raw_vector_3r3c_lin_enforced_s200_original_pdc1_audit_amp1p5_edge50_r50.png
0.00377537502735838,0.006588246931834275,0.004733943765574022,0.019634684163285898,5.024248e-90,0.7799969,0.38999845,8.024863e-90,0.7456798,0.3728399,0.0,0.7494302646285413,0.37471513231427067,0.0,0.7477312225004616,0.3738656112502308,0.7799969,0.7456798,0.7494302646285413,0.7477312225004616,0.3728399,0.0038107116586001723,0.006588246931834275,0.006424750303628422,0.019634684163285898,1,1,1,1,1.2496141029903063,1.6221884617790072,9.225959991130342,9.618808111264999,372.57435878870075,392.8481201346566,1,1,1,1,1.2484988799623316,1.6053258147566714,9.22907313239376,9.606926094018025,356.8269347943397,377.85296162426533,-15.747423994361043,-14.995158510391263,ok,Clarity_example_acf20e4a,raw_vector_3r3c_lin_enforced_s200_original_pdc1,vector_3r3c,raw,True,skrf_tests,calibration,PASS,audit_amp1p5_edge500_r50,500.0,1.5,results/sparam_vector_fit_campaign_v2_phase1_overnight_2026-06-18/channels/Clarity_example_acf20e4a/vf_hspice_audit/raw_vector_3r3c_lin_enforced_s200_original_pdc1/audit_amp1p5_edge500_r50_hspice.tr0,results/sparam_vector_fit_campaign_v2_phase1_overnight_2026-06-18/channels/Clarity_example_acf20e4a/vf_hspice_audit/raw_vector_3r3c_lin_enforced_s200_original_pdc1/audit_amp1p5_edge500_r50_hspice.lis,results/sparam_vector_fit_campaign_v2_phase1_overnight_2026-06-18/channels/Clarity_example_acf20e4a/vf_hspice_audit/raw_vector_3r3c_lin_enforced_s200_original_pdc1/ngspice/model.sp,results/sparam_vector_fit_campaign_v2_phase1_overnight_2026-06-18/channels/Clarity_example_acf20e4a/vf_hspice_audit/raw_vector_3r3c_lin_enforced_s200_original_pdc1/ngspice/audit_amp1p5_edge500_r50.raw,results/sparam_vector_fit_campaign_v2_phase1_overnight_2026-06-18/channels/Clarity_example_acf20e4a/vf_hspice_audit/raw_vector_3r3c_lin_enforced_s200_original_pdc1/ngspice/audit_amp1p5_edge500_r50.log,high,,PASS,thresholds passed,PASS,rx shape thresholds passed,PASS,rx timing thresholds passed,PASS,rx shape and timing thresholds passed,PASS,reflection/TX thresholds passed,results/sparam_vector_fit_campaign_v2_phase1_overnight_2026-06-18/plots/hspice_overlays/Clarity_example_acf20e4a_raw_vector_3r3c_lin_enforced_s200_original_pdc1_audit_amp1p5_edge500_r50.png
0.005219483075786746,0.0412880031643318,0.023282249751111313,0.19666711928883485,5.024248e-90,0.78339905,0.391699525,8.024863e-90,1.0223795,0.51118975,0.0,0.7494581466891982,0.3747290733445991,0.0,0.7477346002328695,0.37386730011643476,0.78339905,1.0223795,0.7494581466891982,0.7477346002328695,0.51118975,0.00817599378505233,0.0412880031643318,0.04715127710963358,0.19666711928883485,1,1,1,3,1.0025867699175792,1.3840772256317164,9.00232105774671,9.050898067201201,381.4904557141372,48.5770094544909,1,1,1,3,1.0022611512720305,1.3816014750194812,9.002063830269035,9.0033111963293,379.3403237474508,1.2473660602638947,-2.1501319666864447,-47.329643394227006,ok,Clarity_example_acf20e4a,raw_vector_3r3c_lin_enforced_s200_original_pdc0,vector_3r3c,raw,True,skrf_tests,calibration,PASS,audit_amp1p5_edge5_r50,5.0,1.5,results/sparam_vector_fit_campaign_v2_phase1_overnight_2026-06-18/channels/Clarity_example_acf20e4a/vf_hspice_audit/raw_vector_3r3c_lin_enforced_s200_original_pdc0/audit_amp1p5_edge5_r50_hspice.tr0,results/sparam_vector_fit_campaign_v2_phase1_overnight_2026-06-18/channels/Clarity_example_acf20e4a/vf_hspice_audit/raw_vector_3r3c_lin_enforced_s200_original_pdc0/audit_amp1p5_edge5_r50_hspice.lis,results/sparam_vector_fit_campaign_v2_phase1_overnight_2026-06-18/channels/Clarity_example_acf20e4a/vf_hspice_audit/raw_vector_3r3c_lin_enforced_s200_original_pdc0/ngspice/model.sp,results/sparam_vector_fit_campaign_v2_phase1_overnight_2026-06-18/channels/Clarity_example_acf20e4a/vf_hspice_audit/raw_vector_3r3c_lin_enforced_s200_original_pdc0/ngspice/audit_amp1p5_edge5_r50.raw,results/sparam_vector_fit_campaign_v2_phase1_overnight_2026-06-18/channels/Clarity_example_acf20e4a/vf_hspice_audit/raw_vector_3r3c_lin_enforced_s200_original_pdc0/ngspice/audit_amp1p5_edge5_r50.log,low,hspice_rx_fall_threshold_ambiguous;ngspice_rx_fall_threshold_ambiguous,FAIL,rx_active_rmse;rx_active_maxabs,FAIL,rx_active_rmse;rx_active_maxabs,WARN,rx_timing_threshold_confidence_low,FAIL,rx_active_rmse;rx_active_maxabs,PASS,reflection/TX thresholds passed,results/sparam_vector_fit_campaign_v2_phase1_overnight_2026-06-18/plots/hspice_overlays/Clarity_example_acf20e4a_raw_vector_3r3c_lin_enforced_s200_original_pdc0_audit_amp1p5_edge5_r50.png
0.004650889611795459,0.02053560172787031,0.012044062662261977,0.09833911188892541,5.024248e-90,0.78306435,0.391532175,8.024863e-90,0.88142995,0.440714975,0.0,0.7494400125993672,0.3747200062996836,0.0,0.7477345247779452,0.3738672623889726,0.78306435,0.88142995,0.7494400125993672,0.7477345247779452,0.440714975,0.006649356387560488,0.02053560172787031,0.023348112314136974,0.09833911188892541,1,1,1,1,1.0255066621420925,1.387711281791487,9.02292949437862,9.353125071668451,362.2046196493945,330.19557728983216,1,1,1,1,1.0235280285128878,1.391728042401773,9.021422901345764,9.368376637563355,368.2000138888851,346.9537362175901,5.995394239490622,16.75815892775796,ok,Clarity_example_acf20e4a,raw_vector_3r3c_lin_enforced_s200_original_pdc0,vector_3r3c,raw,True,skrf_tests,calibration,PASS,audit_amp1p5_edge50_r50,50.0,1.5,results/sparam_vector_fit_campaign_v2_phase1_overnight_2026-06-18/channels/Clarity_example_acf20e4a/vf_hspice_audit/raw_vector_3r3c_lin_enforced_s200_original_pdc0/audit_amp1p5_edge50_r50_hspice.tr0,results/sparam_vector_fit_campaign_v2_phase1_overnight_2026-06-18/channels/Clarity_example_acf20e4a/vf_hspice_audit/raw_vector_3r3c_lin_enforced_s200_original_pdc0/audit_amp1p5_edge50_r50_hspice.lis,results/sparam_vector_fit_campaign_v2_phase1_overnight_2026-06-18/channels/Clarity_example_acf20e4a/vf_hspice_audit/raw_vector_3r3c_lin_enforced_s200_original_pdc0/ngspice/model.sp,results/sparam_vector_fit_campaign_v2_phase1_overnight_2026-06-18/channels/Clarity_example_acf20e4a/vf_hspice_audit/raw_vector_3r3c_lin_enforced_s200_original_pdc0/ngspice/audit_amp1p5_edge50_r50.raw,results/sparam_vector_fit_campaign_v2_phase1_overnight_2026-06-18/channels/Clarity_example_acf20e4a/vf_hspice_audit/raw_vector_3r3c_lin_enforced_s200_original_pdc0/ngspice/audit_amp1p5_edge50_r50.log,high,,FAIL,rx_active_rmse;rx_active_maxabs,FAIL,rx_active_rmse;rx_active_maxabs,PASS,rx timing thresholds passed,FAIL,rx_active_rmse;rx_active_maxabs,PASS,reflection/TX thresholds passed,results/sparam_vector_fit_campaign_v2_phase1_overnight_2026-06-18/plots/hspice_overlays/Clarity_example_acf20e4a_raw_vector_3r3c_lin_enforced_s200_original_pdc0_audit_amp1p5_edge50_r50.png
0.00377537502735838,0.006588246931834275,0.004733943765574022,0.019634684163285898,5.024248e-90,0.7799969,0.38999845,8.024863e-90,0.7456798,0.3728399,0.0,0.7494302646285413,0.37471513231427067,0.0,0.7477312225004616,0.3738656112502308,0.7799969,0.7456798,0.7494302646285413,0.7477312225004616,0.3728399,0.0038107116586001723,0.006588246931834275,0.006424750303628422,0.019634684163285898,1,1,1,1,1.2496141029903063,1.6221884617790072,9.225959991130342,9.618808111264999,372.57435878870075,392.8481201346566,1,1,1,1,1.2484988799623316,1.6053258147566714,9.22907313239376,9.606926094018025,356.8269347943397,377.85296162426533,-15.747423994361043,-14.995158510391263,ok,Clarity_example_acf20e4a,raw_vector_3r3c_lin_enforced_s200_original_pdc0,vector_3r3c,raw,True,skrf_tests,calibration,PASS,audit_amp1p5_edge500_r50,500.0,1.5,results/sparam_vector_fit_campaign_v2_phase1_overnight_2026-06-18/channels/Clarity_example_acf20e4a/vf_hspice_audit/raw_vector_3r3c_lin_enforced_s200_original_pdc0/audit_amp1p5_edge500_r50_hspice.tr0,results/sparam_vector_fit_campaign_v2_phase1_overnight_2026-06-18/channels/Clarity_example_acf20e4a/vf_hspice_audit/raw_vector_3r3c_lin_enforced_s200_original_pdc0/audit_amp1p5_edge500_r50_hspice.lis,results/sparam_vector_fit_campaign_v2_phase1_overnight_2026-06-18/channels/Clarity_example_acf20e4a/vf_hspice_audit/raw_vector_3r3c_lin_enforced_s200_original_pdc0/ngspice/model.sp,results/sparam_vector_fit_campaign_v2_phase1_overnight_2026-06-18/channels/Clarity_example_acf20e4a/vf_hspice_audit/raw_vector_3r3c_lin_enforced_s200_original_pdc0/ngspice/audit_amp1p5_edge500_r50.raw,results/sparam_vector_fit_campaign_v2_phase1_overnight_2026-06-18/channels/Clarity_example_acf20e4a/vf_hspice_audit/raw_vector_3r3c_lin_enforced_s200_original_pdc0/ngspice/audit_amp1p5_edge500_r50.log,high,,PASS,thresholds passed,PASS,rx shape thresholds passed,PASS,rx timing thresholds passed,PASS,rx shape and timing thresholds passed,PASS,reflection/TX thresholds passed,results/sparam_vector_fit_campaign_v2_phase1_overnight_2026-06-18/plots/hspice_overlays/Clarity_example_acf20e4a_raw_vector_3r3c_lin_enforced_s200_original_pdc0_audit_amp1p5_edge500_r50.png
0.0029140997233130807,0.10259915710610831,0.0013526525665238207,0.05202931078016004,1.078149e-79,0.7834442,0.3917221,7.863326e-80,0.7131999,0.35659995,0.0,0.7853387496833985,0.3926693748416992,0.0,0.7138449321886355,0.35692246609431777,0.7834442,0.7131999,0.7853387496833985,0.7138449321886355,0.35659995,0.006072908723134936,0.10259915710610831,0.002785001479561865,0.05202931078016004,1,1,1,1,1.003129950041007,1.0109763419206572,9.003135472211019,9.011004158479608,7.846391879650251,7.868686268588723,3,3,1,1,1.002073906270361,1.011694482408221,9.002052150138192,9.011667190141848,9.620576137860128,9.615040003654943,1.7741842582098775,1.7463537350662204,ok,ntwk2_e1c16499,raw_vector_12r12c_lin_enforced_s2000_original_pdc0,vector_12r12c,raw,True,skrf_tests,calibration,PASS,audit_amp1p5_edge5_r50,5.0,1.5,results/sparam_vector_fit_campaign_v2_phase1_overnight_2026-06-18/channels/ntwk2_e1c16499/vf_hspice_audit/raw_vector_12r12c_lin_enforced_s2000_original_pdc0/audit_amp1p5_edge5_r50_hspice.tr0,results/sparam_vector_fit_campaign_v2_phase1_overnight_2026-06-18/channels/ntwk2_e1c16499/vf_hspice_audit/raw_vector_12r12c_lin_enforced_s2000_original_pdc0/audit_amp1p5_edge5_r50_hspice.lis,results/sparam_vector_fit_campaign_v2_phase1_overnight_2026-06-18/channels/ntwk2_e1c16499/vf_hspice_audit/raw_vector_12r12c_lin_enforced_s2000_original_pdc0/ngspice/model.sp,results/sparam_vector_fit_campaign_v2_phase1_overnight_2026-06-18/channels/ntwk2_e1c16499/vf_hspice_audit/raw_vector_12r12c_lin_enforced_s2000_original_pdc0/ngspice/audit_amp1p5_edge5_r50.raw,results/sparam_vector_fit_campaign_v2_phase1_overnight_2026-06-18/channels/ntwk2_e1c16499/vf_hspice_audit/raw_vector_12r12c_lin_enforced_s2000_original_pdc0/ngspice/audit_amp1p5_edge5_r50.log,low,ngspice_tx_fall_threshold_ambiguous;ngspice_tx_rise_threshold_ambiguous,WARN,voltage_pass_threshold_delay_confidence_low,PASS,rx shape thresholds passed,WARN,rx_timing_threshold_confidence_low,WARN,rx_timing_threshold_confidence_low,PASS,reflection/TX thresholds passed,results/sparam_vector_fit_campaign_v2_phase1_overnight_2026-06-18/plots/hspice_overlays/ntwk2_e1c16499_raw_vector_12r12c_lin_enforced_s2000_original_pdc0_audit_amp1p5_edge5_r50.png
0.0009653582498732064,0.010903646477603217,0.00035864748932351473,0.0072292772939278604,1.078149e-79,0.7834398499999999,0.39171992499999997,7.863326e-80,0.7131978,0.3565989,0.0,0.7853387190832208,0.3926693595416104,0.0,0.7138448818024973,0.35692244090124864,0.7834398499999999,0.7131978,0.7853387190832208,0.7138448818024973,0.3565989,0.001995559690269802,0.010903646477603217,0.0007341900024847365,0.0072292772939278604,1,1,1,1,1.0290117586131153,1.0344354080864722,9.02901021998928,9.034434328658426,5.423649473356741,5.424108669145881,1,1,1,1,1.028942472516282,1.034406077063782,9.02906365028328,9.03444928183176,5.463604547499874,5.385631548479513,0.03995507414313337,-0.03847712066636788,ok,ntwk2_e1c16499,raw_vector_12r12c_lin_enforced_s2000_original_pdc0,vector_12r12c,raw,True,skrf_tests,calibration,PASS,audit_amp1p5_edge50_r50,50.0,1.5,results/sparam_vector_fit_campaign_v2_phase1_overnight_2026-06-18/channels/ntwk2_e1c16499/vf_hspice_audit/raw_vector_12r12c_lin_enforced_s2000_original_pdc0/audit_amp1p5_edge50_r50_hspice.tr0,results/sparam_vector_fit_campaign_v2_phase1_overnight_2026-06-18/channels/ntwk2_e1c16499/vf_hspice_audit/raw_vector_12r12c_lin_enforced_s2000_original_pdc0/audit_amp1p5_edge50_r50_hspice.lis,results/sparam_vector_fit_campaign_v2_phase1_overnight_2026-06-18/channels/ntwk2_e1c16499/vf_hspice_audit/raw_vector_12r12c_lin_enforced_s2000_original_pdc0/ngspice/model.sp,results/sparam_vector_fit_campaign_v2_phase1_overnight_2026-06-18/channels/ntwk2_e1c16499/vf_hspice_audit/raw_vector_12r12c_lin_enforced_s2000_original_pdc0/ngspice/audit_amp1p5_edge50_r50.raw,results/sparam_vector_fit_campaign_v2_phase1_overnight_2026-06-18/channels/ntwk2_e1c16499/vf_hspice_audit/raw_vector_12r12c_lin_enforced_s2000_original_pdc0/ngspice/audit_amp1p5_edge50_r50.log,high,,PASS,thresholds passed,PASS,rx shape thresholds passed,PASS,rx timing thresholds passed,PASS,rx shape and timing thresholds passed,PASS,reflection/TX thresholds passed,results/sparam_vector_fit_campaign_v2_phase1_overnight_2026-06-18/plots/hspice_overlays/ntwk2_e1c16499_raw_vector_12r12c_lin_enforced_s2000_original_pdc0_audit_amp1p5_edge50_r50.png
0.0009021053165037416,0.0020367942671603023,0.0003100180283857568,0.0008877172409401668,1.078149e-79,0.7834253,0.39171265,7.863326e-80,0.7131901,0.35659505,0.0,0.7853383249520064,0.3926691624760032,0.0,0.7138443816155202,0.3569221908077601,0.7834253,0.7131901,0.7853383249520064,0.7138443816155202,0.35659505,0.0018290214774386647,0.0020367942671603023,0.0006276384396807285,0.0008877172409401668,1,1,1,1,1.2535566152863415,1.2591847141139678,9.253554763163205,9.259183621595978,5.628098827626293,5.628858432772325,1,1,1,1,1.253324961502952,1.259166497627616,9.25454287508312,9.259624718065243,5.84153612466409,5.081842982123083,0.2134372970377969,-0.5470154506492415,ok,ntwk2_e1c16499,raw_vector_12r12c_lin_enforced_s2000_original_pdc0,vector_12r12c,raw,True,skrf_tests,calibration,PASS,audit_amp1p5_edge500_r50,500.0,1.5,results/sparam_vector_fit_campaign_v2_phase1_overnight_2026-06-18/channels/ntwk2_e1c16499/vf_hspice_audit/raw_vector_12r12c_lin_enforced_s2000_original_pdc0/audit_amp1p5_edge500_r50_hspice.tr0,results/sparam_vector_fit_campaign_v2_phase1_overnight_2026-06-18/channels/ntwk2_e1c16499/vf_hspice_audit/raw_vector_12r12c_lin_enforced_s2000_original_pdc0/audit_amp1p5_edge500_r50_hspice.lis,results/sparam_vector_fit_campaign_v2_phase1_overnight_2026-06-18/channels/ntwk2_e1c16499/vf_hspice_audit/raw_vector_12r12c_lin_enforced_s2000_original_pdc0/ngspice/model.sp,results/sparam_vector_fit_campaign_v2_phase1_overnight_2026-06-18/channels/ntwk2_e1c16499/vf_hspice_audit/raw_vector_12r12c_lin_enforced_s2000_original_pdc0/ngspice/audit_amp1p5_edge500_r50.raw,results/sparam_vector_fit_campaign_v2_phase1_overnight_2026-06-18/channels/ntwk2_e1c16499/vf_hspice_audit/raw_vector_12r12c_lin_enforced_s2000_original_pdc0/ngspice/audit_amp1p5_edge500_r50.log,high,,PASS,thresholds passed,PASS,rx shape thresholds passed,PASS,rx timing thresholds passed,PASS,rx shape and timing thresholds passed,PASS,reflection/TX thresholds passed,results/sparam_vector_fit_campaign_v2_phase1_overnight_2026-06-18/plots/hspice_overlays/ntwk2_e1c16499_raw_vector_12r12c_lin_enforced_s2000_original_pdc0_audit_amp1p5_edge500_r50.png
0.0029142373997088676,0.10259807628278647,0.0013528153381754714,0.05202966457478064,1.078149e-79,0.7834442,0.3917221,7.863326e-80,0.7131999,0.35659995,0.0,0.7853406118705638,0.3926703059352819,0.0,0.7138468995476313,0.3569234497738156,0.7834442,0.7131999,0.7853406118705638,0.7138468995476313,0.35659995,0.006073187053749113,0.10259807628278647,0.002785349301911984,0.05202966457478064,1,1,1,1,1.003129950041007,1.0109763419206572,9.003135472211019,9.011004158479608,7.846391879650251,7.868686268588723,3,3,1,1,1.0020739031841064,1.0116944887889021,9.002052165540157,9.011667210222907,9.620585604795828,9.615044682749318,1.7741937251455768,1.7463584141605946,ok,ntwk2_e1c16499,raw_vector_12r12c_lin_enforced_s200_original_pdc1,vector_12r12c,raw,True,skrf_tests,calibration,PASS,audit_amp1p5_edge5_r50,5.0,1.5,results/sparam_vector_fit_campaign_v2_phase1_overnight_2026-06-18/channels/ntwk2_e1c16499/vf_hspice_audit/raw_vector_12r12c_lin_enforced_s200_original_pdc1/audit_amp1p5_edge5_r50_hspice.tr0,results/sparam_vector_fit_campaign_v2_phase1_overnight_2026-06-18/channels/ntwk2_e1c16499/vf_hspice_audit/raw_vector_12r12c_lin_enforced_s200_original_pdc1/audit_amp1p5_edge5_r50_hspice.lis,results/sparam_vector_fit_campaign_v2_phase1_overnight_2026-06-18/channels/ntwk2_e1c16499/vf_hspice_audit/raw_vector_12r12c_lin_enforced_s200_original_pdc1/ngspice/model.sp,results/sparam_vector_fit_campaign_v2_phase1_overnight_2026-06-18/channels/ntwk2_e1c16499/vf_hspice_audit/raw_vector_12r12c_lin_enforced_s200_original_pdc1/ngspice/audit_amp1p5_edge5_r50.raw,results/sparam_vector_fit_campaign_v2_phase1_overnight_2026-06-18/channels/ntwk2_e1c16499/vf_hspice_audit/raw_vector_12r12c_lin_enforced_s200_original_pdc1/ngspice/audit_amp1p5_edge5_r50.log,low,ngspice_tx_fall_threshold_ambiguous;ngspice_tx_rise_threshold_ambiguous,WARN,voltage_pass_threshold_delay_confidence_low,PASS,rx shape thresholds passed,WARN,rx_timing_threshold_confidence_low,WARN,rx_timing_threshold_confidence_low,PASS,reflection/TX thresholds passed,results/sparam_vector_fit_campaign_v2_phase1_overnight_2026-06-18/plots/hspice_overlays/ntwk2_e1c16499_raw_vector_12r12c_lin_enforced_s200_original_pdc1_audit_amp1p5_edge5_r50.png
0.0009657893151582798,0.010903660030458805,0.0003592570149851551,0.007229954802176919,1.078149e-79,0.7834398499999999,0.39171992499999997,7.863326e-80,0.7131978,0.3565989,0.0,0.7853405756495444,0.3926702878247722,0.0,0.7138468541576355,0.35692342707881775,0.7834398499999999,0.7131978,0.7853405756495444,0.7138468541576355,0.3565989,0.0019964388871247496,0.010903660030458805,0.0007354725125148775,0.007229954802176919,1,1,1,1,1.0290117586131153,1.0344354080864722,9.02901021998928,9.034434328658426,5.423649473356741,5.424108669145881,1,1,1,1,1.0289424399463403,1.034406098925067,9.029063729786557,9.034449357063917,5.463658978726697,5.385627277360545,0.04000950536995607,-0.038481391785336605,ok,ntwk2_e1c16499,raw_vector_12r12c_lin_enforced_s200_original_pdc1,vector_12r12c,raw,True,skrf_tests,calibration,PASS,audit_amp1p5_edge50_r50,50.0,1.5,results/sparam_vector_fit_campaign_v2_phase1_overnight_2026-06-18/channels/ntwk2_e1c16499/vf_hspice_audit/raw_vector_12r12c_lin_enforced_s200_original_pdc1/audit_amp1p5_edge50_r50_hspice.tr0,results/sparam_vector_fit_campaign_v2_phase1_overnight_2026-06-18/channels/ntwk2_e1c16499/vf_hspice_audit/raw_vector_12r12c_lin_enforced_s200_original_pdc1/audit_amp1p5_edge50_r50_hspice.lis,results/sparam_vector_fit_campaign_v2_phase1_overnight_2026-06-18/channels/ntwk2_e1c16499/vf_hspice_audit/raw_vector_12r12c_lin_enforced_s200_original_pdc1/ngspice/model.sp,results/sparam_vector_fit_campaign_v2_phase1_overnight_2026-06-18/channels/ntwk2_e1c16499/vf_hspice_audit/raw_vector_12r12c_lin_enforced_s200_original_pdc1/ngspice/audit_amp1p5_edge50_r50.raw,results/sparam_vector_fit_campaign_v2_phase1_overnight_2026-06-18/channels/ntwk2_e1c16499/vf_hspice_audit/raw_vector_12r12c_lin_enforced_s200_original_pdc1/ngspice/audit_amp1p5_edge50_r50.log,high,,PASS,thresholds passed,PASS,rx shape thresholds passed,PASS,rx timing thresholds passed,PASS,rx shape and timing thresholds passed,PASS,reflection/TX thresholds passed,results/sparam_vector_fit_campaign_v2_phase1_overnight_2026-06-18/plots/hspice_overlays/ntwk2_e1c16499_raw_vector_12r12c_lin_enforced_s200_original_pdc1_audit_amp1p5_edge50_r50.png
0.0009025981855150069,0.0020728309627805475,0.0003107191235971852,0.0008871362599679466,1.078149e-79,0.7834253,0.39171265,7.863326e-80,0.7131901,0.35659505,0.0,0.7853394126371656,0.3926697063185828,0.0,0.7138458792917297,0.35692293964586486,0.7834253,0.7131901,0.7853394126371656,0.7138458792917297,0.35659505,0.0018300212671318367,0.0020728309627805475,0.0006290716667706645,0.0008871362599679466,1,1,1,1,1.2535566152863415,1.2591847141139678,9.253554763163205,9.259183621595978,5.628098827626293,5.628858432772325,1,1,1,1,1.2533249926881584,1.259166414837965,9.254543625143095,9.25962560474433,5.841422149806813,5.081979601235125,0.21332332218051953,-0.5468788315371995,ok,ntwk2_e1c16499,raw_vector_12r12c_lin_enforced_s200_original_pdc1,vector_12r12c,raw,True,skrf_tests,calibration,PASS,audit_amp1p5_edge500_r50,500.0,1.5,results/sparam_vector_fit_campaign_v2_phase1_overnight_2026-06-18/channels/ntwk2_e1c16499/vf_hspice_audit/raw_vector_12r12c_lin_enforced_s200_original_pdc1/audit_amp1p5_edge500_r50_hspice.tr0,results/sparam_vector_fit_campaign_v2_phase1_overnight_2026-06-18/channels/ntwk2_e1c16499/vf_hspice_audit/raw_vector_12r12c_lin_enforced_s200_original_pdc1/audit_amp1p5_edge500_r50_hspice.lis,results/sparam_vector_fit_campaign_v2_phase1_overnight_2026-06-18/channels/ntwk2_e1c16499/vf_hspice_audit/raw_vector_12r12c_lin_enforced_s200_original_pdc1/ngspice/model.sp,results/sparam_vector_fit_campaign_v2_phase1_overnight_2026-06-18/channels/ntwk2_e1c16499/vf_hspice_audit/raw_vector_12r12c_lin_enforced_s200_original_pdc1/ngspice/audit_amp1p5_edge500_r50.raw,results/sparam_vector_fit_campaign_v2_phase1_overnight_2026-06-18/channels/ntwk2_e1c16499/vf_hspice_audit/raw_vector_12r12c_lin_enforced_s200_original_pdc1/ngspice/audit_amp1p5_edge500_r50.log,high,,PASS,thresholds passed,PASS,rx shape thresholds passed,PASS,rx timing thresholds passed,PASS,rx shape and timing thresholds passed,PASS,reflection/TX thresholds passed,results/sparam_vector_fit_campaign_v2_phase1_overnight_2026-06-18/plots/hspice_overlays/ntwk2_e1c16499_raw_vector_12r12c_lin_enforced_s200_original_pdc1_audit_amp1p5_edge500_r50.png
0.00020048139613715592,0.004024671566527749,0.0009927807043275767,0.019332108356578392,1.403059e-91,0.8181955,0.40909775,0.0,0.6815702,0.3407851,0.0,0.8181818180847027,0.40909090904235135,0.0,0.6818181815808727,0.34090909079043635,0.8181955,0.6815702,0.8181818180847027,0.6818181815808727,0.3407851,0.0004131693067637842,0.004024671566527749,0.0020656137782337053,0.019332108356578392,3,3,1,1,1.0026716289328865,1.0323043165349797,9.002634034374003,9.032344467869079,29.632687602093174,29.710433495077087,3,3,1,1,1.0022639540043932,1.0330356061269392,9.002343743969169,9.032901821942426,30.77165212254607,30.558077973257443,1.1389645204528946,0.8476444781803565,ok,ntwk3_ad74ab42,raw_auto_fit_high_order_enforced_s200_original_pdc1,auto_fit_high_order,raw,True,skrf_tests,calibration,PASS,audit_amp1p5_edge5_r50,5.0,1.5,results/sparam_vector_fit_campaign_v2_phase1_overnight_2026-06-18/channels/ntwk3_ad74ab42/vf_hspice_audit/raw_auto_fit_high_order_enforced_s200_original_pdc1/audit_amp1p5_edge5_r50_hspice.tr0,results/sparam_vector_fit_campaign_v2_phase1_overnight_2026-06-18/channels/ntwk3_ad74ab42/vf_hspice_audit/raw_auto_fit_high_order_enforced_s200_original_pdc1/audit_amp1p5_edge5_r50_hspice.lis,results/sparam_vector_fit_campaign_v2_phase1_overnight_2026-06-18/channels/ntwk3_ad74ab42/vf_hspice_audit/raw_auto_fit_high_order_enforced_s200_original_pdc1/ngspice/model.sp,results/sparam_vector_fit_campaign_v2_phase1_overnight_2026-06-18/channels/ntwk3_ad74ab42/vf_hspice_audit/raw_auto_fit_high_order_enforced_s200_original_pdc1/ngspice/audit_amp1p5_edge5_r50.raw,results/sparam_vector_fit_campaign_v2_phase1_overnight_2026-06-18/channels/ntwk3_ad74ab42/vf_hspice_audit/raw_auto_fit_high_order_enforced_s200_original_pdc1/ngspice/audit_amp1p5_edge5_r50.log,low,hspice_tx_fall_threshold_ambiguous;hspice_tx_rise_threshold_ambiguous;ngspice_tx_fall_threshold_ambiguous;ngspice_tx_rise_threshold_ambiguous,WARN,voltage_pass_threshold_delay_confidence_low,PASS,rx shape thresholds passed,WARN,rx_timing_threshold_confidence_low,WARN,rx_timing_threshold_confidence_low,PASS,reflection/TX thresholds passed,results/sparam_vector_fit_campaign_v2_phase1_overnight_2026-06-18/plots/hspice_overlays/ntwk3_ad74ab42_raw_auto_fit_high_order_enforced_s200_original_pdc1_audit_amp1p5_edge5_r50.png
8.687744133438083e-05,0.0017061946402709277,0.00036762743969487473,0.007379814204474866,1.403059e-91,0.81819595,0.409097975,0.0,0.6815653,0.34078265,0.0,0.8181818180847027,0.40909090904235135,0.0,0.6818181815808727,0.34090909079043635,0.81819595,0.6815653,0.8181818180847027,0.6818181815808727,0.34078265,0.00018026270101301976,0.0017061946402709277,0.0007637451281774009,0.007379814204474866,1,1,1,1,1.046993956328257,1.0589316445181878,9.047081407267525,9.058941610605284,11.937688189930617,11.86020333775862,1,1,1,1,1.0470637304272632,1.059237793786922,9.047029375494587,9.059241204326332,12.174063359658849,12.211828831745924,0.23637516972823214,0.3516254939873047,ok,ntwk3_ad74ab42,raw_auto_fit_high_order_enforced_s200_original_pdc1,auto_fit_high_order,raw,True,skrf_tests,calibration,PASS,audit_amp1p5_edge50_r50,50.0,1.5,results/sparam_vector_fit_campaign_v2_phase1_overnight_2026-06-18/channels/ntwk3_ad74ab42/vf_hspice_audit/raw_auto_fit_high_order_enforced_s200_original_pdc1/audit_amp1p5_edge50_r50_hspice.tr0,results/sparam_vector_fit_campaign_v2_phase1_overnight_2026-06-18/channels/ntwk3_ad74ab42/vf_hspice_audit/raw_auto_fit_high_order_enforced_s200_original_pdc1/audit_amp1p5_edge50_r50_hspice.lis,results/sparam_vector_fit_campaign_v2_phase1_overnight_2026-06-18/channels/ntwk3_ad74ab42/vf_hspice_audit/raw_auto_fit_high_order_enforced_s200_original_pdc1/ngspice/model.sp,results/sparam_vector_fit_campaign_v2_phase1_overnight_2026-06-18/channels/ntwk3_ad74ab42/vf_hspice_audit/raw_auto_fit_high_order_enforced_s200_original_pdc1/ngspice/audit_amp1p5_edge50_r50.raw,results/sparam_vector_fit_campaign_v2_phase1_overnight_2026-06-18/channels/ntwk3_ad74ab42/vf_hspice_audit/raw_auto_fit_high_order_enforced_s200_original_pdc1/ngspice/audit_amp1p5_edge50_r50.log,high,,PASS,thresholds passed,PASS,rx shape thresholds passed,PASS,rx timing thresholds passed,PASS,rx shape and timing thresholds passed,PASS,reflection/TX thresholds passed,results/sparam_vector_fit_campaign_v2_phase1_overnight_2026-06-18/plots/hspice_overlays/ntwk3_ad74ab42_raw_auto_fit_high_order_enforced_s200_original_pdc1_audit_amp1p5_edge50_r50.png
1.7206983231009347e-05,0.0002053206307986999,0.00014034580811241403,0.0010072704439466618,1.403059e-91,0.8181941,0.40909705,0.0,0.68155035,0.340775175,0.0,0.8181818180847027,0.40909090904235135,0.0,0.6818181815808727,0.34090909079043635,0.8181941,0.68155035,0.8181818180847027,0.6818181815808727,0.340775175,3.379243517663624e-05,0.0002053206307986999,0.00028418940792192276,0.0010072704439466618,1,1,1,1,1.278474490687894,1.2895713101739033,9.2784658448357,9.289539420380738,11.096819486009398,11.073575545036695,1,1,1,1,1.2784587248788124,1.289502940195727,9.278451364248424,9.289699549218708,11.044215316914663,11.248184970284383,-0.0526041690947352,0.17460942524768797,ok,ntwk3_ad74ab42,raw_auto_fit_high_order_enforced_s200_original_pdc1,auto_fit_high_order,raw,True,skrf_tests,calibration,PASS,audit_amp1p5_edge500_r50,500.0,1.5,results/sparam_vector_fit_campaign_v2_phase1_overnight_2026-06-18/channels/ntwk3_ad74ab42/vf_hspice_audit/raw_auto_fit_high_order_enforced_s200_original_pdc1/audit_amp1p5_edge500_r50_hspice.tr0,results/sparam_vector_fit_campaign_v2_phase1_overnight_2026-06-18/channels/ntwk3_ad74ab42/vf_hspice_audit/raw_auto_fit_high_order_enforced_s200_original_pdc1/audit_amp1p5_edge500_r50_hspice.lis,results/sparam_vector_fit_campaign_v2_phase1_overnight_2026-06-18/channels/ntwk3_ad74ab42/vf_hspice_audit/raw_auto_fit_high_order_enforced_s200_original_pdc1/ngspice/model.sp,results/sparam_vector_fit_campaign_v2_phase1_overnight_2026-06-18/channels/ntwk3_ad74ab42/vf_hspice_audit/raw_auto_fit_high_order_enforced_s200_original_pdc1/ngspice/audit_amp1p5_edge500_r50.raw,results/sparam_vector_fit_campaign_v2_phase1_overnight_2026-06-18/channels/ntwk3_ad74ab42/vf_hspice_audit/raw_auto_fit_high_order_enforced_s200_original_pdc1/ngspice/audit_amp1p5_edge500_r50.log,high,,PASS,thresholds passed,PASS,rx shape thresholds passed,PASS,rx timing thresholds passed,PASS,rx shape and timing thresholds passed,PASS,reflection/TX thresholds passed,results/sparam_vector_fit_campaign_v2_phase1_overnight_2026-06-18/plots/hspice_overlays/ntwk3_ad74ab42_raw_auto_fit_high_order_enforced_s200_original_pdc1_audit_amp1p5_edge500_r50.png
0.00020048139613715592,0.004024671566527749,0.0009927807043275767,0.019332108356578392,1.403059e-91,0.8181955,0.40909775,0.0,0.6815702,0.3407851,0.0,0.8181818180847027,0.40909090904235135,0.0,0.6818181815808727,0.34090909079043635,0.8181955,0.6815702,0.8181818180847027,0.6818181815808727,0.3407851,0.0004131693067637842,0.004024671566527749,0.0020656137782337053,0.019332108356578392,3,3,1,1,1.0026716289328865,1.0323043165349797,9.002634034374003,9.032344467869079,29.632687602093174,29.710433495077087,3,3,1,1,1.0022639540043932,1.0330356061269392,9.002343743969169,9.032901821942426,30.77165212254607,30.558077973257443,1.1389645204528946,0.8476444781803565,ok,ntwk3_ad74ab42,raw_auto_fit_high_order_enforced_s200_original_pdc0,auto_fit_high_order,raw,True,skrf_tests,calibration,PASS,audit_amp1p5_edge5_r50,5.0,1.5,results/sparam_vector_fit_campaign_v2_phase1_overnight_2026-06-18/channels/ntwk3_ad74ab42/vf_hspice_audit/raw_auto_fit_high_order_enforced_s200_original_pdc0/audit_amp1p5_edge5_r50_hspice.tr0,results/sparam_vector_fit_campaign_v2_phase1_overnight_2026-06-18/channels/ntwk3_ad74ab42/vf_hspice_audit/raw_auto_fit_high_order_enforced_s200_original_pdc0/audit_amp1p5_edge5_r50_hspice.lis,results/sparam_vector_fit_campaign_v2_phase1_overnight_2026-06-18/channels/ntwk3_ad74ab42/vf_hspice_audit/raw_auto_fit_high_order_enforced_s200_original_pdc0/ngspice/model.sp,results/sparam_vector_fit_campaign_v2_phase1_overnight_2026-06-18/channels/ntwk3_ad74ab42/vf_hspice_audit/raw_auto_fit_high_order_enforced_s200_original_pdc0/ngspice/audit_amp1p5_edge5_r50.raw,results/sparam_vector_fit_campaign_v2_phase1_overnight_2026-06-18/channels/ntwk3_ad74ab42/vf_hspice_audit/raw_auto_fit_high_order_enforced_s200_original_pdc0/ngspice/audit_amp1p5_edge5_r50.log,low,hspice_tx_fall_threshold_ambiguous;hspice_tx_rise_threshold_ambiguous;ngspice_tx_fall_threshold_ambiguous;ngspice_tx_rise_threshold_ambiguous,WARN,voltage_pass_threshold_delay_confidence_low,PASS,rx shape thresholds passed,WARN,rx_timing_threshold_confidence_low,WARN,rx_timing_threshold_confidence_low,PASS,reflection/TX thresholds passed,results/sparam_vector_fit_campaign_v2_phase1_overnight_2026-06-18/plots/hspice_overlays/ntwk3_ad74ab42_raw_auto_fit_high_order_enforced_s200_original_pdc0_audit_amp1p5_edge5_r50.png
8.687744133438083e-05,0.0017061946402709277,0.00036762743969487473,0.007379814204474866,1.403059e-91,0.81819595,0.409097975,0.0,0.6815653,0.34078265,0.0,0.8181818180847027,0.40909090904235135,0.0,0.6818181815808727,0.34090909079043635,0.81819595,0.6815653,0.8181818180847027,0.6818181815808727,0.34078265,0.00018026270101301976,0.0017061946402709277,0.0007637451281774009,0.007379814204474866,1,1,1,1,1.046993956328257,1.0589316445181878,9.047081407267525,9.058941610605284,11.937688189930617,11.86020333775862,1,1,1,1,1.0470637304272632,1.059237793786922,9.047029375494587,9.059241204326332,12.174063359658849,12.211828831745924,0.23637516972823214,0.3516254939873047,ok,ntwk3_ad74ab42,raw_auto_fit_high_order_enforced_s200_original_pdc0,auto_fit_high_order,raw,True,skrf_tests,calibration,PASS,audit_amp1p5_edge50_r50,50.0,1.5,results/sparam_vector_fit_campaign_v2_phase1_overnight_2026-06-18/channels/ntwk3_ad74ab42/vf_hspice_audit/raw_auto_fit_high_order_enforced_s200_original_pdc0/audit_amp1p5_edge50_r50_hspice.tr0,results/sparam_vector_fit_campaign_v2_phase1_overnight_2026-06-18/channels/ntwk3_ad74ab42/vf_hspice_audit/raw_auto_fit_high_order_enforced_s200_original_pdc0/audit_amp1p5_edge50_r50_hspice.lis,results/sparam_vector_fit_campaign_v2_phase1_overnight_2026-06-18/channels/ntwk3_ad74ab42/vf_hspice_audit/raw_auto_fit_high_order_enforced_s200_original_pdc0/ngspice/model.sp,results/sparam_vector_fit_campaign_v2_phase1_overnight_2026-06-18/channels/ntwk3_ad74ab42/vf_hspice_audit/raw_auto_fit_high_order_enforced_s200_original_pdc0/ngspice/audit_amp1p5_edge50_r50.raw,results/sparam_vector_fit_campaign_v2_phase1_overnight_2026-06-18/channels/ntwk3_ad74ab42/vf_hspice_audit/raw_auto_fit_high_order_enforced_s200_original_pdc0/ngspice/audit_amp1p5_edge50_r50.log,high,,PASS,thresholds passed,PASS,rx shape thresholds passed,PASS,rx timing thresholds passed,PASS,rx shape and timing thresholds passed,PASS,reflection/TX thresholds passed,results/sparam_vector_fit_campaign_v2_phase1_overnight_2026-06-18/plots/hspice_overlays/ntwk3_ad74ab42_raw_auto_fit_high_order_enforced_s200_original_pdc0_audit_amp1p5_edge50_r50.png
1.7206983231009347e-05,0.0002053206307986999,0.00014034580811241403,0.0010072704439466618,1.403059e-91,0.8181941,0.40909705,0.0,0.68155035,0.340775175,0.0,0.8181818180847027,0.40909090904235135,0.0,0.6818181815808727,0.34090909079043635,0.8181941,0.68155035,0.8181818180847027,0.6818181815808727,0.340775175,3.379243517663624e-05,0.0002053206307986999,0.00028418940792192276,0.0010072704439466618,1,1,1,1,1.278474490687894,1.2895713101739033,9.2784658448357,9.289539420380738,11.096819486009398,11.073575545036695,1,1,1,1,1.2784587248788124,1.289502940195727,9.278451364248424,9.289699549218708,11.044215316914663,11.248184970284383,-0.0526041690947352,0.17460942524768797,ok,ntwk3_ad74ab42,raw_auto_fit_high_order_enforced_s200_original_pdc0,auto_fit_high_order,raw,True,skrf_tests,calibration,PASS,audit_amp1p5_edge500_r50,500.0,1.5,results/sparam_vector_fit_campaign_v2_phase1_overnight_2026-06-18/channels/ntwk3_ad74ab42/vf_hspice_audit/raw_auto_fit_high_order_enforced_s200_original_pdc0/audit_amp1p5_edge500_r50_hspice.tr0,results/sparam_vector_fit_campaign_v2_phase1_overnight_2026-06-18/channels/ntwk3_ad74ab42/vf_hspice_audit/raw_auto_fit_high_order_enforced_s200_original_pdc0/audit_amp1p5_edge500_r50_hspice.lis,results/sparam_vector_fit_campaign_v2_phase1_overnight_2026-06-18/channels/ntwk3_ad74ab42/vf_hspice_audit/raw_auto_fit_high_order_enforced_s200_original_pdc0/ngspice/model.sp,results/sparam_vector_fit_campaign_v2_phase1_overnight_2026-06-18/channels/ntwk3_ad74ab42/vf_hspice_audit/raw_auto_fit_high_order_enforced_s200_original_pdc0/ngspice/audit_amp1p5_edge500_r50.raw,results/sparam_vector_fit_campaign_v2_phase1_overnight_2026-06-18/channels/ntwk3_ad74ab42/vf_hspice_audit/raw_auto_fit_high_order_enforced_s200_original_pdc0/ngspice/audit_amp1p5_edge500_r50.log,high,,PASS,thresholds passed,PASS,rx shape thresholds passed,PASS,rx timing thresholds passed,PASS,rx shape and timing thresholds passed,PASS,reflection/TX thresholds passed,results/sparam_vector_fit_campaign_v2_phase1_overnight_2026-06-18/plots/hspice_overlays/ntwk3_ad74ab42_raw_auto_fit_high_order_enforced_s200_original_pdc0_audit_amp1p5_edge500_r50.png
0.0029140997233130807,0.10259915710610831,0.0013526525665238207,0.05202931078016004,1.078149e-79,0.7834442,0.3917221,7.863326e-80,0.7131999,0.35659995,0.0,0.7853387496833985,0.3926693748416992,0.0,0.7138449321886355,0.35692246609431777,0.7834442,0.7131999,0.7853387496833985,0.7138449321886355,0.35659995,0.006072908723134936,0.10259915710610831,0.002785001479561865,0.05202931078016004,1,1,1,1,1.003129950041007,1.0109763419206572,9.003135472211019,9.011004158479608,7.846391879650251,7.868686268588723,3,3,1,1,1.002073906270361,1.011694482408221,9.002052150138192,9.011667190141848,9.620576137860128,9.615040003654943,1.7741842582098775,1.7463537350662204,ok,ntwk2_24638a5f,raw_vector_12r12c_lin_enforced_s2000_original_pdc0,vector_12r12c,raw,True,skrf_tests,calibration,PASS,audit_amp1p5_edge5_r50,5.0,1.5,results/sparam_vector_fit_campaign_v2_phase1_overnight_2026-06-18/channels/ntwk2_24638a5f/vf_hspice_audit/raw_vector_12r12c_lin_enforced_s2000_original_pdc0/audit_amp1p5_edge5_r50_hspice.tr0,results/sparam_vector_fit_campaign_v2_phase1_overnight_2026-06-18/channels/ntwk2_24638a5f/vf_hspice_audit/raw_vector_12r12c_lin_enforced_s2000_original_pdc0/audit_amp1p5_edge5_r50_hspice.lis,results/sparam_vector_fit_campaign_v2_phase1_overnight_2026-06-18/channels/ntwk2_24638a5f/vf_hspice_audit/raw_vector_12r12c_lin_enforced_s2000_original_pdc0/ngspice/model.sp,results/sparam_vector_fit_campaign_v2_phase1_overnight_2026-06-18/channels/ntwk2_24638a5f/vf_hspice_audit/raw_vector_12r12c_lin_enforced_s2000_original_pdc0/ngspice/audit_amp1p5_edge5_r50.raw,results/sparam_vector_fit_campaign_v2_phase1_overnight_2026-06-18/channels/ntwk2_24638a5f/vf_hspice_audit/raw_vector_12r12c_lin_enforced_s2000_original_pdc0/ngspice/audit_amp1p5_edge5_r50.log,low,ngspice_tx_fall_threshold_ambiguous;ngspice_tx_rise_threshold_ambiguous,WARN,voltage_pass_threshold_delay_confidence_low,PASS,rx shape thresholds passed,WARN,rx_timing_threshold_confidence_low,WARN,rx_timing_threshold_confidence_low,PASS,reflection/TX thresholds passed,results/sparam_vector_fit_campaign_v2_phase1_overnight_2026-06-18/plots/hspice_overlays/ntwk2_24638a5f_raw_vector_12r12c_lin_enforced_s2000_original_pdc0_audit_amp1p5_edge5_r50.png
0.0009653582498732064,0.010903646477603217,0.00035864748932351473,0.0072292772939278604,1.078149e-79,0.7834398499999999,0.39171992499999997,7.863326e-80,0.7131978,0.3565989,0.0,0.7853387190832208,0.3926693595416104,0.0,0.7138448818024973,0.35692244090124864,0.7834398499999999,0.7131978,0.7853387190832208,0.7138448818024973,0.3565989,0.001995559690269802,0.010903646477603217,0.0007341900024847365,0.0072292772939278604,1,1,1,1,1.0290117586131153,1.0344354080864722,9.02901021998928,9.034434328658426,5.423649473356741,5.424108669145881,1,1,1,1,1.028942472516282,1.034406077063782,9.02906365028328,9.03444928183176,5.463604547499874,5.385631548479513,0.03995507414313337,-0.03847712066636788,ok,ntwk2_24638a5f,raw_vector_12r12c_lin_enforced_s2000_original_pdc0,vector_12r12c,raw,True,skrf_tests,calibration,PASS,audit_amp1p5_edge50_r50,50.0,1.5,results/sparam_vector_fit_campaign_v2_phase1_overnight_2026-06-18/channels/ntwk2_24638a5f/vf_hspice_audit/raw_vector_12r12c_lin_enforced_s2000_original_pdc0/audit_amp1p5_edge50_r50_hspice.tr0,results/sparam_vector_fit_campaign_v2_phase1_overnight_2026-06-18/channels/ntwk2_24638a5f/vf_hspice_audit/raw_vector_12r12c_lin_enforced_s2000_original_pdc0/audit_amp1p5_edge50_r50_hspice.lis,results/sparam_vector_fit_campaign_v2_phase1_overnight_2026-06-18/channels/ntwk2_24638a5f/vf_hspice_audit/raw_vector_12r12c_lin_enforced_s2000_original_pdc0/ngspice/model.sp,results/sparam_vector_fit_campaign_v2_phase1_overnight_2026-06-18/channels/ntwk2_24638a5f/vf_hspice_audit/raw_vector_12r12c_lin_enforced_s2000_original_pdc0/ngspice/audit_amp1p5_edge50_r50.raw,results/sparam_vector_fit_campaign_v2_phase1_overnight_2026-06-18/channels/ntwk2_24638a5f/vf_hspice_audit/raw_vector_12r12c_lin_enforced_s2000_original_pdc0/ngspice/audit_amp1p5_edge50_r50.log,high,,PASS,thresholds passed,PASS,rx shape thresholds passed,PASS,rx timing thresholds passed,PASS,rx shape and timing thresholds passed,PASS,reflection/TX thresholds passed,results/sparam_vector_fit_campaign_v2_phase1_overnight_2026-06-18/plots/hspice_overlays/ntwk2_24638a5f_raw_vector_12r12c_lin_enforced_s2000_original_pdc0_audit_amp1p5_edge50_r50.png
0.0009021053165037416,0.0020367942671603023,0.0003100180283857568,0.0008877172409401668,1.078149e-79,0.7834253,0.39171265,7.863326e-80,0.7131901,0.35659505,0.0,0.7853383249520064,0.3926691624760032,0.0,0.7138443816155202,0.3569221908077601,0.7834253,0.7131901,0.7853383249520064,0.7138443816155202,0.35659505,0.0018290214774386647,0.0020367942671603023,0.0006276384396807285,0.0008877172409401668,1,1,1,1,1.2535566152863415,1.2591847141139678,9.253554763163205,9.259183621595978,5.628098827626293,5.628858432772325,1,1,1,1,1.253324961502952,1.259166497627616,9.25454287508312,9.259624718065243,5.84153612466409,5.081842982123083,0.2134372970377969,-0.5470154506492415,ok,ntwk2_24638a5f,raw_vector_12r12c_lin_enforced_s2000_original_pdc0,vector_12r12c,raw,True,skrf_tests,calibration,PASS,audit_amp1p5_edge500_r50,500.0,1.5,results/sparam_vector_fit_campaign_v2_phase1_overnight_2026-06-18/channels/ntwk2_24638a5f/vf_hspice_audit/raw_vector_12r12c_lin_enforced_s2000_original_pdc0/audit_amp1p5_edge500_r50_hspice.tr0,results/sparam_vector_fit_campaign_v2_phase1_overnight_2026-06-18/channels/ntwk2_24638a5f/vf_hspice_audit/raw_vector_12r12c_lin_enforced_s2000_original_pdc0/audit_amp1p5_edge500_r50_hspice.lis,results/sparam_vector_fit_campaign_v2_phase1_overnight_2026-06-18/channels/ntwk2_24638a5f/vf_hspice_audit/raw_vector_12r12c_lin_enforced_s2000_original_pdc0/ngspice/model.sp,results/sparam_vector_fit_campaign_v2_phase1_overnight_2026-06-18/channels/ntwk2_24638a5f/vf_hspice_audit/raw_vector_12r12c_lin_enforced_s2000_original_pdc0/ngspice/audit_amp1p5_edge500_r50.raw,results/sparam_vector_fit_campaign_v2_phase1_overnight_2026-06-18/channels/ntwk2_24638a5f/vf_hspice_audit/raw_vector_12r12c_lin_enforced_s2000_original_pdc0/ngspice/audit_amp1p5_edge500_r50.log,high,,PASS,thresholds passed,PASS,rx shape thresholds passed,PASS,rx timing thresholds passed,PASS,rx shape and timing thresholds passed,PASS,reflection/TX thresholds passed,results/sparam_vector_fit_campaign_v2_phase1_overnight_2026-06-18/plots/hspice_overlays/ntwk2_24638a5f_raw_vector_12r12c_lin_enforced_s2000_original_pdc0_audit_amp1p5_edge500_r50.png
0.0029142373997088676,0.10259807628278647,0.0013528153381754714,0.05202966457478064,1.078149e-79,0.7834442,0.3917221,7.863326e-80,0.7131999,0.35659995,0.0,0.7853406118705638,0.3926703059352819,0.0,0.7138468995476313,0.3569234497738156,0.7834442,0.7131999,0.7853406118705638,0.7138468995476313,0.35659995,0.006073187053749113,0.10259807628278647,0.002785349301911984,0.05202966457478064,1,1,1,1,1.003129950041007,1.0109763419206572,9.003135472211019,9.011004158479608,7.846391879650251,7.868686268588723,3,3,1,1,1.0020739031841064,1.0116944887889021,9.002052165540157,9.011667210222907,9.620585604795828,9.615044682749318,1.7741937251455768,1.7463584141605946,ok,ntwk2_24638a5f,raw_vector_12r12c_lin_enforced_s200_original_pdc1,vector_12r12c,raw,True,skrf_tests,calibration,PASS,audit_amp1p5_edge5_r50,5.0,1.5,results/sparam_vector_fit_campaign_v2_phase1_overnight_2026-06-18/channels/ntwk2_24638a5f/vf_hspice_audit/raw_vector_12r12c_lin_enforced_s200_original_pdc1/audit_amp1p5_edge5_r50_hspice.tr0,results/sparam_vector_fit_campaign_v2_phase1_overnight_2026-06-18/channels/ntwk2_24638a5f/vf_hspice_audit/raw_vector_12r12c_lin_enforced_s200_original_pdc1/audit_amp1p5_edge5_r50_hspice.lis,results/sparam_vector_fit_campaign_v2_phase1_overnight_2026-06-18/channels/ntwk2_24638a5f/vf_hspice_audit/raw_vector_12r12c_lin_enforced_s200_original_pdc1/ngspice/model.sp,results/sparam_vector_fit_campaign_v2_phase1_overnight_2026-06-18/channels/ntwk2_24638a5f/vf_hspice_audit/raw_vector_12r12c_lin_enforced_s200_original_pdc1/ngspice/audit_amp1p5_edge5_r50.raw,results/sparam_vector_fit_campaign_v2_phase1_overnight_2026-06-18/channels/ntwk2_24638a5f/vf_hspice_audit/raw_vector_12r12c_lin_enforced_s200_original_pdc1/ngspice/audit_amp1p5_edge5_r50.log,low,ngspice_tx_fall_threshold_ambiguous;ngspice_tx_rise_threshold_ambiguous,WARN,voltage_pass_threshold_delay_confidence_low,PASS,rx shape thresholds passed,WARN,rx_timing_threshold_confidence_low,WARN,rx_timing_threshold_confidence_low,PASS,reflection/TX thresholds passed,results/sparam_vector_fit_campaign_v2_phase1_overnight_2026-06-18/plots/hspice_overlays/ntwk2_24638a5f_raw_vector_12r12c_lin_enforced_s200_original_pdc1_audit_amp1p5_edge5_r50.png
0.0009657893151582798,0.010903660030458805,0.0003592570149851551,0.007229954802176919,1.078149e-79,0.7834398499999999,0.39171992499999997,7.863326e-80,0.7131978,0.3565989,0.0,0.7853405756495444,0.3926702878247722,0.0,0.7138468541576355,0.35692342707881775,0.7834398499999999,0.7131978,0.7853405756495444,0.7138468541576355,0.3565989,0.0019964388871247496,0.010903660030458805,0.0007354725125148775,0.007229954802176919,1,1,1,1,1.0290117586131153,1.0344354080864722,9.02901021998928,9.034434328658426,5.423649473356741,5.424108669145881,1,1,1,1,1.0289424399463403,1.034406098925067,9.029063729786557,9.034449357063917,5.463658978726697,5.385627277360545,0.04000950536995607,-0.038481391785336605,ok,ntwk2_24638a5f,raw_vector_12r12c_lin_enforced_s200_original_pdc1,vector_12r12c,raw,True,skrf_tests,calibration,PASS,audit_amp1p5_edge50_r50,50.0,1.5,results/sparam_vector_fit_campaign_v2_phase1_overnight_2026-06-18/channels/ntwk2_24638a5f/vf_hspice_audit/raw_vector_12r12c_lin_enforced_s200_original_pdc1/audit_amp1p5_edge50_r50_hspice.tr0,results/sparam_vector_fit_campaign_v2_phase1_overnight_2026-06-18/channels/ntwk2_24638a5f/vf_hspice_audit/raw_vector_12r12c_lin_enforced_s200_original_pdc1/audit_amp1p5_edge50_r50_hspice.lis,results/sparam_vector_fit_campaign_v2_phase1_overnight_2026-06-18/channels/ntwk2_24638a5f/vf_hspice_audit/raw_vector_12r12c_lin_enforced_s200_original_pdc1/ngspice/model.sp,results/sparam_vector_fit_campaign_v2_phase1_overnight_2026-06-18/channels/ntwk2_24638a5f/vf_hspice_audit/raw_vector_12r12c_lin_enforced_s200_original_pdc1/ngspice/audit_amp1p5_edge50_r50.raw,results/sparam_vector_fit_campaign_v2_phase1_overnight_2026-06-18/channels/ntwk2_24638a5f/vf_hspice_audit/raw_vector_12r12c_lin_enforced_s200_original_pdc1/ngspice/audit_amp1p5_edge50_r50.log,high,,PASS,thresholds passed,PASS,rx shape thresholds passed,PASS,rx timing thresholds passed,PASS,rx shape and timing thresholds passed,PASS,reflection/TX thresholds passed,results/sparam_vector_fit_campaign_v2_phase1_overnight_2026-06-18/plots/hspice_overlays/ntwk2_24638a5f_raw_vector_12r12c_lin_enforced_s200_original_pdc1_audit_amp1p5_edge50_r50.png
0.0009025981855150069,0.0020728309627805475,0.0003107191235971852,0.0008871362599679466,1.078149e-79,0.7834253,0.39171265,7.863326e-80,0.7131901,0.35659505,0.0,0.7853394126371656,0.3926697063185828,0.0,0.7138458792917297,0.35692293964586486,0.7834253,0.7131901,0.7853394126371656,0.7138458792917297,0.35659505,0.0018300212671318367,0.0020728309627805475,0.0006290716667706645,0.0008871362599679466,1,1,1,1,1.2535566152863415,1.2591847141139678,9.253554763163205,9.259183621595978,5.628098827626293,5.628858432772325,1,1,1,1,1.2533249926881584,1.259166414837965,9.254543625143095,9.25962560474433,5.841422149806813,5.081979601235125,0.21332332218051953,-0.5468788315371995,ok,ntwk2_24638a5f,raw_vector_12r12c_lin_enforced_s200_original_pdc1,vector_12r12c,raw,True,skrf_tests,calibration,PASS,audit_amp1p5_edge500_r50,500.0,1.5,results/sparam_vector_fit_campaign_v2_phase1_overnight_2026-06-18/channels/ntwk2_24638a5f/vf_hspice_audit/raw_vector_12r12c_lin_enforced_s200_original_pdc1/audit_amp1p5_edge500_r50_hspice.tr0,results/sparam_vector_fit_campaign_v2_phase1_overnight_2026-06-18/channels/ntwk2_24638a5f/vf_hspice_audit/raw_vector_12r12c_lin_enforced_s200_original_pdc1/audit_amp1p5_edge500_r50_hspice.lis,results/sparam_vector_fit_campaign_v2_phase1_overnight_2026-06-18/channels/ntwk2_24638a5f/vf_hspice_audit/raw_vector_12r12c_lin_enforced_s200_original_pdc1/ngspice/model.sp,results/sparam_vector_fit_campaign_v2_phase1_overnight_2026-06-18/channels/ntwk2_24638a5f/vf_hspice_audit/raw_vector_12r12c_lin_enforced_s200_original_pdc1/ngspice/audit_amp1p5_edge500_r50.raw,results/sparam_vector_fit_campaign_v2_phase1_overnight_2026-06-18/channels/ntwk2_24638a5f/vf_hspice_audit/raw_vector_12r12c_lin_enforced_s200_original_pdc1/ngspice/audit_amp1p5_edge500_r50.log,high,,PASS,thresholds passed,PASS,rx shape thresholds passed,PASS,rx timing thresholds passed,PASS,rx shape and timing thresholds passed,PASS,reflection/TX thresholds passed,results/sparam_vector_fit_campaign_v2_phase1_overnight_2026-06-18/plots/hspice_overlays/ntwk2_24638a5f_raw_vector_12r12c_lin_enforced_s200_original_pdc1_audit_amp1p5_edge500_r50.png
0.00020048139613715592,0.004024671566527749,0.0009927807043275767,0.019332108356578392,1.403059e-91,0.8181955,0.40909775,0.0,0.6815702,0.3407851,0.0,0.8181818180847027,0.40909090904235135,0.0,0.6818181815808727,0.34090909079043635,0.8181955,0.6815702,0.8181818180847027,0.6818181815808727,0.3407851,0.0004131693067637842,0.004024671566527749,0.0020656137782337053,0.019332108356578392,3,3,1,1,1.0026716289328865,1.0323043165349797,9.002634034374003,9.032344467869079,29.632687602093174,29.710433495077087,3,3,1,1,1.0022639540043932,1.0330356061269392,9.002343743969169,9.032901821942426,30.77165212254607,30.558077973257443,1.1389645204528946,0.8476444781803565,ok,ntwk3_8f8a2430,raw_auto_fit_high_order_enforced_s200_original_pdc1,auto_fit_high_order,raw,True,skrf_tests,holdout,PASS,audit_amp1p5_edge5_r50,5.0,1.5,results/sparam_vector_fit_campaign_v2_phase1_overnight_2026-06-18/channels/ntwk3_8f8a2430/vf_hspice_audit/raw_auto_fit_high_order_enforced_s200_original_pdc1/audit_amp1p5_edge5_r50_hspice.tr0,results/sparam_vector_fit_campaign_v2_phase1_overnight_2026-06-18/channels/ntwk3_8f8a2430/vf_hspice_audit/raw_auto_fit_high_order_enforced_s200_original_pdc1/audit_amp1p5_edge5_r50_hspice.lis,results/sparam_vector_fit_campaign_v2_phase1_overnight_2026-06-18/channels/ntwk3_8f8a2430/vf_hspice_audit/raw_auto_fit_high_order_enforced_s200_original_pdc1/ngspice/model.sp,results/sparam_vector_fit_campaign_v2_phase1_overnight_2026-06-18/channels/ntwk3_8f8a2430/vf_hspice_audit/raw_auto_fit_high_order_enforced_s200_original_pdc1/ngspice/audit_amp1p5_edge5_r50.raw,results/sparam_vector_fit_campaign_v2_phase1_overnight_2026-06-18/channels/ntwk3_8f8a2430/vf_hspice_audit/raw_auto_fit_high_order_enforced_s200_original_pdc1/ngspice/audit_amp1p5_edge5_r50.log,low,hspice_tx_fall_threshold_ambiguous;hspice_tx_rise_threshold_ambiguous;ngspice_tx_fall_threshold_ambiguous;ngspice_tx_rise_threshold_ambiguous,WARN,voltage_pass_threshold_delay_confidence_low,PASS,rx shape thresholds passed,WARN,rx_timing_threshold_confidence_low,WARN,rx_timing_threshold_confidence_low,PASS,reflection/TX thresholds passed,results/sparam_vector_fit_campaign_v2_phase1_overnight_2026-06-18/plots/hspice_overlays/ntwk3_8f8a2430_raw_auto_fit_high_order_enforced_s200_original_pdc1_audit_amp1p5_edge5_r50.png
8.687744133438083e-05,0.0017061946402709277,0.00036762743969487473,0.007379814204474866,1.403059e-91,0.81819595,0.409097975,0.0,0.6815653,0.34078265,0.0,0.8181818180847027,0.40909090904235135,0.0,0.6818181815808727,0.34090909079043635,0.81819595,0.6815653,0.8181818180847027,0.6818181815808727,0.34078265,0.00018026270101301976,0.0017061946402709277,0.0007637451281774009,0.007379814204474866,1,1,1,1,1.046993956328257,1.0589316445181878,9.047081407267525,9.058941610605284,11.937688189930617,11.86020333775862,1,1,1,1,1.0470637304272632,1.059237793786922,9.047029375494587,9.059241204326332,12.174063359658849,12.211828831745924,0.23637516972823214,0.3516254939873047,ok,ntwk3_8f8a2430,raw_auto_fit_high_order_enforced_s200_original_pdc1,auto_fit_high_order,raw,True,skrf_tests,holdout,PASS,audit_amp1p5_edge50_r50,50.0,1.5,results/sparam_vector_fit_campaign_v2_phase1_overnight_2026-06-18/channels/ntwk3_8f8a2430/vf_hspice_audit/raw_auto_fit_high_order_enforced_s200_original_pdc1/audit_amp1p5_edge50_r50_hspice.tr0,results/sparam_vector_fit_campaign_v2_phase1_overnight_2026-06-18/channels/ntwk3_8f8a2430/vf_hspice_audit/raw_auto_fit_high_order_enforced_s200_original_pdc1/audit_amp1p5_edge50_r50_hspice.lis,results/sparam_vector_fit_campaign_v2_phase1_overnight_2026-06-18/channels/ntwk3_8f8a2430/vf_hspice_audit/raw_auto_fit_high_order_enforced_s200_original_pdc1/ngspice/model.sp,results/sparam_vector_fit_campaign_v2_phase1_overnight_2026-06-18/channels/ntwk3_8f8a2430/vf_hspice_audit/raw_auto_fit_high_order_enforced_s200_original_pdc1/ngspice/audit_amp1p5_edge50_r50.raw,results/sparam_vector_fit_campaign_v2_phase1_overnight_2026-06-18/channels/ntwk3_8f8a2430/vf_hspice_audit/raw_auto_fit_high_order_enforced_s200_original_pdc1/ngspice/audit_amp1p5_edge50_r50.log,high,,PASS,thresholds passed,PASS,rx shape thresholds passed,PASS,rx timing thresholds passed,PASS,rx shape and timing thresholds passed,PASS,reflection/TX thresholds passed,results/sparam_vector_fit_campaign_v2_phase1_overnight_2026-06-18/plots/hspice_overlays/ntwk3_8f8a2430_raw_auto_fit_high_order_enforced_s200_original_pdc1_audit_amp1p5_edge50_r50.png
1.7206983231009347e-05,0.0002053206307986999,0.00014034580811241403,0.0010072704439466618,1.403059e-91,0.8181941,0.40909705,0.0,0.68155035,0.340775175,0.0,0.8181818180847027,0.40909090904235135,0.0,0.6818181815808727,0.34090909079043635,0.8181941,0.68155035,0.8181818180847027,0.6818181815808727,0.340775175,3.379243517663624e-05,0.0002053206307986999,0.00028418940792192276,0.0010072704439466618,1,1,1,1,1.278474490687894,1.2895713101739033,9.2784658448357,9.289539420380738,11.096819486009398,11.073575545036695,1,1,1,1,1.2784587248788124,1.289502940195727,9.278451364248424,9.289699549218708,11.044215316914663,11.248184970284383,-0.0526041690947352,0.17460942524768797,ok,ntwk3_8f8a2430,raw_auto_fit_high_order_enforced_s200_original_pdc1,auto_fit_high_order,raw,True,skrf_tests,holdout,PASS,audit_amp1p5_edge500_r50,500.0,1.5,results/sparam_vector_fit_campaign_v2_phase1_overnight_2026-06-18/channels/ntwk3_8f8a2430/vf_hspice_audit/raw_auto_fit_high_order_enforced_s200_original_pdc1/audit_amp1p5_edge500_r50_hspice.tr0,results/sparam_vector_fit_campaign_v2_phase1_overnight_2026-06-18/channels/ntwk3_8f8a2430/vf_hspice_audit/raw_auto_fit_high_order_enforced_s200_original_pdc1/audit_amp1p5_edge500_r50_hspice.lis,results/sparam_vector_fit_campaign_v2_phase1_overnight_2026-06-18/channels/ntwk3_8f8a2430/vf_hspice_audit/raw_auto_fit_high_order_enforced_s200_original_pdc1/ngspice/model.sp,results/sparam_vector_fit_campaign_v2_phase1_overnight_2026-06-18/channels/ntwk3_8f8a2430/vf_hspice_audit/raw_auto_fit_high_order_enforced_s200_original_pdc1/ngspice/audit_amp1p5_edge500_r50.raw,results/sparam_vector_fit_campaign_v2_phase1_overnight_2026-06-18/channels/ntwk3_8f8a2430/vf_hspice_audit/raw_auto_fit_high_order_enforced_s200_original_pdc1/ngspice/audit_amp1p5_edge500_r50.log,high,,PASS,thresholds passed,PASS,rx shape thresholds passed,PASS,rx timing thresholds passed,PASS,rx shape and timing thresholds passed,PASS,reflection/TX thresholds passed,results/sparam_vector_fit_campaign_v2_phase1_overnight_2026-06-18/plots/hspice_overlays/ntwk3_8f8a2430_raw_auto_fit_high_order_enforced_s200_original_pdc1_audit_amp1p5_edge500_r50.png
0.00020048139613715592,0.004024671566527749,0.0009927807043275767,0.019332108356578392,1.403059e-91,0.8181955,0.40909775,0.0,0.6815702,0.3407851,0.0,0.8181818180847027,0.40909090904235135,0.0,0.6818181815808727,0.34090909079043635,0.8181955,0.6815702,0.8181818180847027,0.6818181815808727,0.3407851,0.0004131693067637842,0.004024671566527749,0.0020656137782337053,0.019332108356578392,3,3,1,1,1.0026716289328865,1.0323043165349797,9.002634034374003,9.032344467869079,29.632687602093174,29.710433495077087,3,3,1,1,1.0022639540043932,1.0330356061269392,9.002343743969169,9.032901821942426,30.77165212254607,30.558077973257443,1.1389645204528946,0.8476444781803565,ok,ntwk3_8f8a2430,raw_auto_fit_high_order_enforced_s200_original_pdc0,auto_fit_high_order,raw,True,skrf_tests,holdout,PASS,audit_amp1p5_edge5_r50,5.0,1.5,results/sparam_vector_fit_campaign_v2_phase1_overnight_2026-06-18/channels/ntwk3_8f8a2430/vf_hspice_audit/raw_auto_fit_high_order_enforced_s200_original_pdc0/audit_amp1p5_edge5_r50_hspice.tr0,results/sparam_vector_fit_campaign_v2_phase1_overnight_2026-06-18/channels/ntwk3_8f8a2430/vf_hspice_audit/raw_auto_fit_high_order_enforced_s200_original_pdc0/audit_amp1p5_edge5_r50_hspice.lis,results/sparam_vector_fit_campaign_v2_phase1_overnight_2026-06-18/channels/ntwk3_8f8a2430/vf_hspice_audit/raw_auto_fit_high_order_enforced_s200_original_pdc0/ngspice/model.sp,results/sparam_vector_fit_campaign_v2_phase1_overnight_2026-06-18/channels/ntwk3_8f8a2430/vf_hspice_audit/raw_auto_fit_high_order_enforced_s200_original_pdc0/ngspice/audit_amp1p5_edge5_r50.raw,results/sparam_vector_fit_campaign_v2_phase1_overnight_2026-06-18/channels/ntwk3_8f8a2430/vf_hspice_audit/raw_auto_fit_high_order_enforced_s200_original_pdc0/ngspice/audit_amp1p5_edge5_r50.log,low,hspice_tx_fall_threshold_ambiguous;hspice_tx_rise_threshold_ambiguous;ngspice_tx_fall_threshold_ambiguous;ngspice_tx_rise_threshold_ambiguous,WARN,voltage_pass_threshold_delay_confidence_low,PASS,rx shape thresholds passed,WARN,rx_timing_threshold_confidence_low,WARN,rx_timing_threshold_confidence_low,PASS,reflection/TX thresholds passed,results/sparam_vector_fit_campaign_v2_phase1_overnight_2026-06-18/plots/hspice_overlays/ntwk3_8f8a2430_raw_auto_fit_high_order_enforced_s200_original_pdc0_audit_amp1p5_edge5_r50.png
8.687744133438083e-05,0.0017061946402709277,0.00036762743969487473,0.007379814204474866,1.403059e-91,0.81819595,0.409097975,0.0,0.6815653,0.34078265,0.0,0.8181818180847027,0.40909090904235135,0.0,0.6818181815808727,0.34090909079043635,0.81819595,0.6815653,0.8181818180847027,0.6818181815808727,0.34078265,0.00018026270101301976,0.0017061946402709277,0.0007637451281774009,0.007379814204474866,1,1,1,1,1.046993956328257,1.0589316445181878,9.047081407267525,9.058941610605284,11.937688189930617,11.86020333775862,1,1,1,1,1.0470637304272632,1.059237793786922,9.047029375494587,9.059241204326332,12.174063359658849,12.211828831745924,0.23637516972823214,0.3516254939873047,ok,ntwk3_8f8a2430,raw_auto_fit_high_order_enforced_s200_original_pdc0,auto_fit_high_order,raw,True,skrf_tests,holdout,PASS,audit_amp1p5_edge50_r50,50.0,1.5,results/sparam_vector_fit_campaign_v2_phase1_overnight_2026-06-18/channels/ntwk3_8f8a2430/vf_hspice_audit/raw_auto_fit_high_order_enforced_s200_original_pdc0/audit_amp1p5_edge50_r50_hspice.tr0,results/sparam_vector_fit_campaign_v2_phase1_overnight_2026-06-18/channels/ntwk3_8f8a2430/vf_hspice_audit/raw_auto_fit_high_order_enforced_s200_original_pdc0/audit_amp1p5_edge50_r50_hspice.lis,results/sparam_vector_fit_campaign_v2_phase1_overnight_2026-06-18/channels/ntwk3_8f8a2430/vf_hspice_audit/raw_auto_fit_high_order_enforced_s200_original_pdc0/ngspice/model.sp,results/sparam_vector_fit_campaign_v2_phase1_overnight_2026-06-18/channels/ntwk3_8f8a2430/vf_hspice_audit/raw_auto_fit_high_order_enforced_s200_original_pdc0/ngspice/audit_amp1p5_edge50_r50.raw,results/sparam_vector_fit_campaign_v2_phase1_overnight_2026-06-18/channels/ntwk3_8f8a2430/vf_hspice_audit/raw_auto_fit_high_order_enforced_s200_original_pdc0/ngspice/audit_amp1p5_edge50_r50.log,high,,PASS,thresholds passed,PASS,rx shape thresholds passed,PASS,rx timing thresholds passed,PASS,rx shape and timing thresholds passed,PASS,reflection/TX thresholds passed,results/sparam_vector_fit_campaign_v2_phase1_overnight_2026-06-18/plots/hspice_overlays/ntwk3_8f8a2430_raw_auto_fit_high_order_enforced_s200_original_pdc0_audit_amp1p5_edge50_r50.png
1.7206983231009347e-05,0.0002053206307986999,0.00014034580811241403,0.0010072704439466618,1.403059e-91,0.8181941,0.40909705,0.0,0.68155035,0.340775175,0.0,0.8181818180847027,0.40909090904235135,0.0,0.6818181815808727,0.34090909079043635,0.8181941,0.68155035,0.8181818180847027,0.6818181815808727,0.340775175,3.379243517663624e-05,0.0002053206307986999,0.00028418940792192276,0.0010072704439466618,1,1,1,1,1.278474490687894,1.2895713101739033,9.2784658448357,9.289539420380738,11.096819486009398,11.073575545036695,1,1,1,1,1.2784587248788124,1.289502940195727,9.278451364248424,9.289699549218708,11.044215316914663,11.248184970284383,-0.0526041690947352,0.17460942524768797,ok,ntwk3_8f8a2430,raw_auto_fit_high_order_enforced_s200_original_pdc0,auto_fit_high_order,raw,True,skrf_tests,holdout,PASS,audit_amp1p5_edge500_r50,500.0,1.5,results/sparam_vector_fit_campaign_v2_phase1_overnight_2026-06-18/channels/ntwk3_8f8a2430/vf_hspice_audit/raw_auto_fit_high_order_enforced_s200_original_pdc0/audit_amp1p5_edge500_r50_hspice.tr0,results/sparam_vector_fit_campaign_v2_phase1_overnight_2026-06-18/channels/ntwk3_8f8a2430/vf_hspice_audit/raw_auto_fit_high_order_enforced_s200_original_pdc0/audit_amp1p5_edge500_r50_hspice.lis,results/sparam_vector_fit_campaign_v2_phase1_overnight_2026-06-18/channels/ntwk3_8f8a2430/vf_hspice_audit/raw_auto_fit_high_order_enforced_s200_original_pdc0/ngspice/model.sp,results/sparam_vector_fit_campaign_v2_phase1_overnight_2026-06-18/channels/ntwk3_8f8a2430/vf_hspice_audit/raw_auto_fit_high_order_enforced_s200_original_pdc0/ngspice/audit_amp1p5_edge500_r50.raw,results/sparam_vector_fit_campaign_v2_phase1_overnight_2026-06-18/channels/ntwk3_8f8a2430/vf_hspice_audit/raw_auto_fit_high_order_enforced_s200_original_pdc0/ngspice/audit_amp1p5_edge500_r50.log,high,,PASS,thresholds passed,PASS,rx shape thresholds passed,PASS,rx timing thresholds passed,PASS,rx shape and timing thresholds passed,PASS,reflection/TX thresholds passed,results/sparam_vector_fit_campaign_v2_phase1_overnight_2026-06-18/plots/hspice_overlays/ntwk3_8f8a2430_raw_auto_fit_high_order_enforced_s200_original_pdc0_audit_amp1p5_edge500_r50.png
0.002975450539444853,0.02659558469523582,0.01778460809499339,0.18437255147055823,6.925187e-74,0.8073872,0.4036936,5.173062e-74,1.060011,0.5300055,0.0,0.7499147498299263,0.37495737491496317,0.0,0.7481810667415557,0.37409053337077786,0.8073872,1.060011,0.7499147498299263,0.7481810667415557,0.5300055,0.005993640466458068,0.02659558469523582,0.03644323717966242,0.18437255147055823,1,1,1,3,1.0025595464729102,1.3875245688035736,9.002197323593958,9.050524641754345,384.96502233066315,48.32731816038799,1,1,1,3,1.0025532906284267,1.3886504632245709,9.002187964760067,9.003140927736029,386.09717259614416,0.9529629759626146,1.132150265481016,-47.374355184425376,ok,Clarity_example_Fitted_55b55a71,raw_auto_fit_default_enforced_s200_original_pdc1,auto_fit_default,raw,True,repo_local,calibration,PASS,audit_amp1p5_edge5_r50,5.0,1.5,results/sparam_vector_fit_campaign_v2_phase1_overnight_2026-06-18/channels/Clarity_example_Fitted_55b55a71/vf_hspice_audit/raw_auto_fit_default_enforced_s200_original_pdc1/audit_amp1p5_edge5_r50_hspice.tr0,results/sparam_vector_fit_campaign_v2_phase1_overnight_2026-06-18/channels/Clarity_example_Fitted_55b55a71/vf_hspice_audit/raw_auto_fit_default_enforced_s200_original_pdc1/audit_amp1p5_edge5_r50_hspice.lis,results/sparam_vector_fit_campaign_v2_phase1_overnight_2026-06-18/channels/Clarity_example_Fitted_55b55a71/vf_hspice_audit/raw_auto_fit_default_enforced_s200_original_pdc1/ngspice/model.sp,results/sparam_vector_fit_campaign_v2_phase1_overnight_2026-06-18/channels/Clarity_example_Fitted_55b55a71/vf_hspice_audit/raw_auto_fit_default_enforced_s200_original_pdc1/ngspice/audit_amp1p5_edge5_r50.raw,results/sparam_vector_fit_campaign_v2_phase1_overnight_2026-06-18/channels/Clarity_example_Fitted_55b55a71/vf_hspice_audit/raw_auto_fit_default_enforced_s200_original_pdc1/ngspice/audit_amp1p5_edge5_r50.log,low,hspice_rx_fall_threshold_ambiguous;ngspice_rx_fall_threshold_ambiguous,FAIL,rx_active_rmse;rx_active_maxabs,FAIL,rx_active_rmse;rx_active_maxabs,WARN,rx_timing_threshold_confidence_low,FAIL,rx_active_rmse;rx_active_maxabs,PASS,reflection/TX thresholds passed,results/sparam_vector_fit_campaign_v2_phase1_overnight_2026-06-18/plots/hspice_overlays/Clarity_example_Fitted_55b55a71_raw_auto_fit_default_enforced_s200_original_pdc1_audit_amp1p5_edge5_r50.png
0.0026577901864763944,0.02530901746738423,0.02137586519788116,0.1562207123363185,6.925187e-74,0.8020333,0.40101665,5.173062e-74,0.8805108,0.4402554,0.0,0.749909089611082,0.374954544805541,0.0,0.7481808743666616,0.3740904371833308,0.8020333,0.8805108,0.749909089611082,0.7481808743666616,0.4402554,0.005336385581980265,0.02530901746738423,0.04351635251838372,0.1562207123363185,1,1,1,1,1.024308322519907,1.3862364444794908,9.02106742915731,9.354168031987438,361.92812195958373,333.10060283012837,1,1,1,1,1.0247122699757247,1.3932718099183732,9.021551403536373,9.36840262062255,368.5595399426483,346.85121708617686,6.63141798306458,13.750614256048493,ok,Clarity_example_Fitted_55b55a71,raw_auto_fit_default_enforced_s200_original_pdc1,auto_fit_default,raw,True,repo_local,calibration,PASS,audit_amp1p5_edge50_r50,50.0,1.5,results/sparam_vector_fit_campaign_v2_phase1_overnight_2026-06-18/channels/Clarity_example_Fitted_55b55a71/vf_hspice_audit/raw_auto_fit_default_enforced_s200_original_pdc1/audit_amp1p5_edge50_r50_hspice.tr0,results/sparam_vector_fit_campaign_v2_phase1_overnight_2026-06-18/channels/Clarity_example_Fitted_55b55a71/vf_hspice_audit/raw_auto_fit_default_enforced_s200_original_pdc1/audit_amp1p5_edge50_r50_hspice.lis,results/sparam_vector_fit_campaign_v2_phase1_overnight_2026-06-18/channels/Clarity_example_Fitted_55b55a71/vf_hspice_audit/raw_auto_fit_default_enforced_s200_original_pdc1/ngspice/model.sp,results/sparam_vector_fit_campaign_v2_phase1_overnight_2026-06-18/channels/Clarity_example_Fitted_55b55a71/vf_hspice_audit/raw_auto_fit_default_enforced_s200_original_pdc1/ngspice/audit_amp1p5_edge50_r50.raw,results/sparam_vector_fit_campaign_v2_phase1_overnight_2026-06-18/channels/Clarity_example_Fitted_55b55a71/vf_hspice_audit/raw_auto_fit_default_enforced_s200_original_pdc1/ngspice/audit_amp1p5_edge50_r50.log,high,,FAIL,rx_active_rmse;rx_active_maxabs,FAIL,rx_active_rmse;rx_active_maxabs,PASS,rx timing thresholds passed,FAIL,rx_active_rmse;rx_active_maxabs,PASS,reflection/TX thresholds passed,results/sparam_vector_fit_campaign_v2_phase1_overnight_2026-06-18/plots/hspice_overlays/Clarity_example_Fitted_55b55a71_raw_auto_fit_default_enforced_s200_original_pdc1_audit_amp1p5_edge50_r50.png
0.0005693552328981263,0.0021272690446341724,0.002204601746759942,0.010324088973146739,6.925187e-74,0.78028445,0.390142225,5.173062e-74,0.74821135,0.374105675,0.0,0.7499081764739459,0.37495408823697296,0.0,0.7481653616656772,0.3740826808328386,0.78028445,0.74821135,0.7499081764739459,0.7481653616656772,0.374105675,0.0011130467028052946,0.0021272690446341724,0.0041704767135726925,0.010324088973146739,1,1,1,1,1.2482094240484112,1.6231668632277125,9.228566485648262,9.620668978969316,374.9574391793013,392.1024933210549,1,1,1,1,1.2486872436858927,1.6071934596862547,9.229748005471945,9.60720295227795,358.5062160003621,377.4549468060051,-16.451223178939188,-14.647546515049783,ok,Clarity_example_Fitted_55b55a71,raw_auto_fit_default_enforced_s200_original_pdc1,auto_fit_default,raw,True,repo_local,calibration,PASS,audit_amp1p5_edge500_r50,500.0,1.5,results/sparam_vector_fit_campaign_v2_phase1_overnight_2026-06-18/channels/Clarity_example_Fitted_55b55a71/vf_hspice_audit/raw_auto_fit_default_enforced_s200_original_pdc1/audit_amp1p5_edge500_r50_hspice.tr0,results/sparam_vector_fit_campaign_v2_phase1_overnight_2026-06-18/channels/Clarity_example_Fitted_55b55a71/vf_hspice_audit/raw_auto_fit_default_enforced_s200_original_pdc1/audit_amp1p5_edge500_r50_hspice.lis,results/sparam_vector_fit_campaign_v2_phase1_overnight_2026-06-18/channels/Clarity_example_Fitted_55b55a71/vf_hspice_audit/raw_auto_fit_default_enforced_s200_original_pdc1/ngspice/model.sp,results/sparam_vector_fit_campaign_v2_phase1_overnight_2026-06-18/channels/Clarity_example_Fitted_55b55a71/vf_hspice_audit/raw_auto_fit_default_enforced_s200_original_pdc1/ngspice/audit_amp1p5_edge500_r50.raw,results/sparam_vector_fit_campaign_v2_phase1_overnight_2026-06-18/channels/Clarity_example_Fitted_55b55a71/vf_hspice_audit/raw_auto_fit_default_enforced_s200_original_pdc1/ngspice/audit_amp1p5_edge500_r50.log,high,,PASS,thresholds passed,PASS,rx shape thresholds passed,PASS,rx timing thresholds passed,PASS,rx shape and timing thresholds passed,PASS,reflection/TX thresholds passed,results/sparam_vector_fit_campaign_v2_phase1_overnight_2026-06-18/plots/hspice_overlays/Clarity_example_Fitted_55b55a71_raw_auto_fit_default_enforced_s200_original_pdc1_audit_amp1p5_edge500_r50.png
0.002975450539444853,0.02659558469523582,0.01778460809499339,0.18437255147055823,6.925187e-74,0.8073872,0.4036936,5.173062e-74,1.060011,0.5300055,0.0,0.7499147498299263,0.37495737491496317,0.0,0.7481810667415557,0.37409053337077786,0.8073872,1.060011,0.7499147498299263,0.7481810667415557,0.5300055,0.005993640466458068,0.02659558469523582,0.03644323717966242,0.18437255147055823,1,1,1,3,1.0025595464729102,1.3875245688035736,9.002197323593958,9.050524641754345,384.96502233066315,48.32731816038799,1,1,1,3,1.0025532906284267,1.3886504632245709,9.002187964760067,9.003140927736029,386.09717259614416,0.9529629759626146,1.132150265481016,-47.374355184425376,ok,Clarity_example_Fitted_55b55a71,raw_auto_fit_default_enforced_s200_original_pdc0,auto_fit_default,raw,True,repo_local,calibration,PASS,audit_amp1p5_edge5_r50,5.0,1.5,results/sparam_vector_fit_campaign_v2_phase1_overnight_2026-06-18/channels/Clarity_example_Fitted_55b55a71/vf_hspice_audit/raw_auto_fit_default_enforced_s200_original_pdc0/audit_amp1p5_edge5_r50_hspice.tr0,results/sparam_vector_fit_campaign_v2_phase1_overnight_2026-06-18/channels/Clarity_example_Fitted_55b55a71/vf_hspice_audit/raw_auto_fit_default_enforced_s200_original_pdc0/audit_amp1p5_edge5_r50_hspice.lis,results/sparam_vector_fit_campaign_v2_phase1_overnight_2026-06-18/channels/Clarity_example_Fitted_55b55a71/vf_hspice_audit/raw_auto_fit_default_enforced_s200_original_pdc0/ngspice/model.sp,results/sparam_vector_fit_campaign_v2_phase1_overnight_2026-06-18/channels/Clarity_example_Fitted_55b55a71/vf_hspice_audit/raw_auto_fit_default_enforced_s200_original_pdc0/ngspice/audit_amp1p5_edge5_r50.raw,results/sparam_vector_fit_campaign_v2_phase1_overnight_2026-06-18/channels/Clarity_example_Fitted_55b55a71/vf_hspice_audit/raw_auto_fit_default_enforced_s200_original_pdc0/ngspice/audit_amp1p5_edge5_r50.log,low,hspice_rx_fall_threshold_ambiguous;ngspice_rx_fall_threshold_ambiguous,FAIL,rx_active_rmse;rx_active_maxabs,FAIL,rx_active_rmse;rx_active_maxabs,WARN,rx_timing_threshold_confidence_low,FAIL,rx_active_rmse;rx_active_maxabs,PASS,reflection/TX thresholds passed,results/sparam_vector_fit_campaign_v2_phase1_overnight_2026-06-18/plots/hspice_overlays/Clarity_example_Fitted_55b55a71_raw_auto_fit_default_enforced_s200_original_pdc0_audit_amp1p5_edge5_r50.png
0.0026577901864763944,0.02530901746738423,0.02137586519788116,0.1562207123363185,6.925187e-74,0.8020333,0.40101665,5.173062e-74,0.8805108,0.4402554,0.0,0.749909089611082,0.374954544805541,0.0,0.7481808743666616,0.3740904371833308,0.8020333,0.8805108,0.749909089611082,0.7481808743666616,0.4402554,0.005336385581980265,0.02530901746738423,0.04351635251838372,0.1562207123363185,1,1,1,1,1.024308322519907,1.3862364444794908,9.02106742915731,9.354168031987438,361.92812195958373,333.10060283012837,1,1,1,1,1.0247122699757247,1.3932718099183732,9.021551403536373,9.36840262062255,368.5595399426483,346.85121708617686,6.63141798306458,13.750614256048493,ok,Clarity_example_Fitted_55b55a71,raw_auto_fit_default_enforced_s200_original_pdc0,auto_fit_default,raw,True,repo_local,calibration,PASS,audit_amp1p5_edge50_r50,50.0,1.5,results/sparam_vector_fit_campaign_v2_phase1_overnight_2026-06-18/channels/Clarity_example_Fitted_55b55a71/vf_hspice_audit/raw_auto_fit_default_enforced_s200_original_pdc0/audit_amp1p5_edge50_r50_hspice.tr0,results/sparam_vector_fit_campaign_v2_phase1_overnight_2026-06-18/channels/Clarity_example_Fitted_55b55a71/vf_hspice_audit/raw_auto_fit_default_enforced_s200_original_pdc0/audit_amp1p5_edge50_r50_hspice.lis,results/sparam_vector_fit_campaign_v2_phase1_overnight_2026-06-18/channels/Clarity_example_Fitted_55b55a71/vf_hspice_audit/raw_auto_fit_default_enforced_s200_original_pdc0/ngspice/model.sp,results/sparam_vector_fit_campaign_v2_phase1_overnight_2026-06-18/channels/Clarity_example_Fitted_55b55a71/vf_hspice_audit/raw_auto_fit_default_enforced_s200_original_pdc0/ngspice/audit_amp1p5_edge50_r50.raw,results/sparam_vector_fit_campaign_v2_phase1_overnight_2026-06-18/channels/Clarity_example_Fitted_55b55a71/vf_hspice_audit/raw_auto_fit_default_enforced_s200_original_pdc0/ngspice/audit_amp1p5_edge50_r50.log,high,,FAIL,rx_active_rmse;rx_active_maxabs,FAIL,rx_active_rmse;rx_active_maxabs,PASS,rx timing thresholds passed,FAIL,rx_active_rmse;rx_active_maxabs,PASS,reflection/TX thresholds passed,results/sparam_vector_fit_campaign_v2_phase1_overnight_2026-06-18/plots/hspice_overlays/Clarity_example_Fitted_55b55a71_raw_auto_fit_default_enforced_s200_original_pdc0_audit_amp1p5_edge50_r50.png
0.0005693552328981263,0.0021272690446341724,0.002204601746759942,0.010324088973146739,6.925187e-74,0.78028445,0.390142225,5.173062e-74,0.74821135,0.374105675,0.0,0.7499081764739459,0.37495408823697296,0.0,0.7481653616656772,0.3740826808328386,0.78028445,0.74821135,0.7499081764739459,0.7481653616656772,0.374105675,0.0011130467028052946,0.0021272690446341724,0.0041704767135726925,0.010324088973146739,1,1,1,1,1.2482094240484112,1.6231668632277125,9.228566485648262,9.620668978969316,374.9574391793013,392.1024933210549,1,1,1,1,1.2486872436858927,1.6071934596862547,9.229748005471945,9.60720295227795,358.5062160003621,377.4549468060051,-16.451223178939188,-14.647546515049783,ok,Clarity_example_Fitted_55b55a71,raw_auto_fit_default_enforced_s200_original_pdc0,auto_fit_default,raw,True,repo_local,calibration,PASS,audit_amp1p5_edge500_r50,500.0,1.5,results/sparam_vector_fit_campaign_v2_phase1_overnight_2026-06-18/channels/Clarity_example_Fitted_55b55a71/vf_hspice_audit/raw_auto_fit_default_enforced_s200_original_pdc0/audit_amp1p5_edge500_r50_hspice.tr0,results/sparam_vector_fit_campaign_v2_phase1_overnight_2026-06-18/channels/Clarity_example_Fitted_55b55a71/vf_hspice_audit/raw_auto_fit_default_enforced_s200_original_pdc0/audit_amp1p5_edge500_r50_hspice.lis,results/sparam_vector_fit_campaign_v2_phase1_overnight_2026-06-18/channels/Clarity_example_Fitted_55b55a71/vf_hspice_audit/raw_auto_fit_default_enforced_s200_original_pdc0/ngspice/model.sp,results/sparam_vector_fit_campaign_v2_phase1_overnight_2026-06-18/channels/Clarity_example_Fitted_55b55a71/vf_hspice_audit/raw_auto_fit_default_enforced_s200_original_pdc0/ngspice/audit_amp1p5_edge500_r50.raw,results/sparam_vector_fit_campaign_v2_phase1_overnight_2026-06-18/channels/Clarity_example_Fitted_55b55a71/vf_hspice_audit/raw_auto_fit_default_enforced_s200_original_pdc0/ngspice/audit_amp1p5_edge500_r50.log,high,,PASS,thresholds passed,PASS,rx shape thresholds passed,PASS,rx timing thresholds passed,PASS,rx shape and timing thresholds passed,PASS,reflection/TX thresholds passed,results/sparam_vector_fit_campaign_v2_phase1_overnight_2026-06-18/plots/hspice_overlays/Clarity_example_Fitted_55b55a71_raw_auto_fit_default_enforced_s200_original_pdc0_audit_amp1p5_edge500_r50.png
