time_ns,hspice_transistor_pad_v,hspice_native_pad_v,hspice_native_ku,hspice_native_kd,gate_state_pad_v,gate_state_ku,gate_state_kd,gate_state_gup,gate_state_gdn,gate_state_guptarget,gate_state_gdntarget,hybrid_pad_v,hybrid_ku,hybrid_kd,hybrid_gup,hybrid_gdn,hybrid_guptarget,hybrid_gdntarget,hybrid_kugate,hybrid_kdgate,hybrid_kuleg,hybrid_kdleg,hybrid_kutarget,hybrid_kdtarget,hybrid_hfall_after_rise,hybrid_hrise_after_fall,hybrid_hreverseraw,hybrid_hsettled,hybrid_hhybridactive,hybrid_kures,hybrid_kdres,hybrid_guprate,hybrid_gdnrate,hybrid_v3revedge,hybrid_v3activate,hybrid_v3kuvissamp,hybrid_v3kdvissamp,hybrid_v3kugatesamp,hybrid_v3kdgatesamp,hybrid_v3alignerrku,hybrid_v3alignerrkd,hybrid_v3gatealigned,hybrid_v3kuanchor,hybrid_v3kdanchor,hybrid_v3dir,hybrid_v3trku,hybrid_v3trkd,hybrid_v3tfku,hybrid_v3tfkd,hybrid_v3kustart,hybrid_v3kdstart,hybrid_v3t0,hybrid_v3elapsed,hybrid_v3kuarg,hybrid_v3kdarg,hybrid_v3kuprogress,hybrid_v3kdprogress,hybrid_v3kureplay,hybrid_v3kdreplay,hybrid_v3enderrku,hybrid_v3enderrkd,hybrid_v3done,hybrid_hv3active,hybrid_hv3pending,hybrid_v3prehold
0.0,6.234929e-09,1.370752e-09,0.0,1.0,0.2223532030423355,0.3116053227543925,0.7870689260106465,0.0,1.0,0.0,1.0,1.522407514265419e-06,0.0,1.0,0.0,1.0,0.0,1.0,0.3116053227559505,0.7870689260145818,0.0,1.0,0.0,1.0,0.0,0.0,0.0,0.9999999999999999,0.0,0.0,-1.53860411918619e-20,0.0,0.0,0.0,0.0,0.0,1.0,0.0,1.0,0.0,0.0,1.0,0.0,1.0,0.0,0.620554248630239,0.3440646434540682,0.6297890051632884,2.925791852116912,0.0,0.0,0.0,0.0,0.0,0.0,0.0,0.0,0.0,1.0,0.0,0.0,0.0,0.0,0.0,0.0
0.001,6.234912e-09,1.370752e-09,0.0,1.0,0.22234878295003135,0.31160532275439207,0.7870689260106442,0.0,0.9999999999999997,0.0,1.0,1.5223772954711565e-06,0.0,1.0,0.0,0.9999999999999997,0.0,1.0,0.3116053227559505,0.7870689260145669,0.0,1.0,0.0,1.0,0.0,0.0,0.0,0.9999999999999998,0.0,0.0,-5.854691731421721e-18,0.0,1.203898092327904e-14,0.0,0.0,0.0,1.0,0.0,1.0,0.0,0.0,1.0,0.0,1.0,0.0,0.620554248630239,0.3440646434540682,0.6297890051632884,2.925791852116912,0.0,0.0,0.0,0.0,0.0,0.0,0.0,0.0,0.0,1.0,0.0,0.0,0.0,0.0,0.0,0.0
0.002,6.234896e-09,1.370752e-09,0.0,1.0,0.2223453580259728,0.31160532275439196,0.7870689260106405,0.0,0.9999999999999996,0.0,1.0,1.5223539914272662e-06,0.0,1.0,0.0,0.9999999999999996,0.0,1.0,0.3116053227559505,0.7870689260145554,0.0,1.0,0.0,1.0,0.0,0.0,0.0,0.9999999999999997,0.0,0.0,-1.040834085586084e-17,0.0,2.131628207280301e-14,0.0,0.0,0.0,1.0,0.0,1.0,0.0,0.0,1.0,0.0,1.0,0.0,0.620554248630239,0.3440646434540682,0.6297890051632884,2.925791852116912,0.0,0.0,0.0,0.0,0.0,0.0,0.0,0.0,0.0,1.0,0.0,0.0,0.0,0.0,0.0,0.0
0.0052,6.234848e-09,1.370752e-09,0.0,1.0,0.2223526726867042,0.31160532275439207,0.7870689260106313,0.0,0.9999999999999997,0.0,1.0,1.5224042826030702e-06,0.0,1.0,0.0,0.9999999999999997,0.0,1.0,0.3116053227559505,0.7870689260145554,0.0,1.0,0.0,1.0,0.0,0.0,0.0,0.9999999999999997,0.0,0.0,-4.57966997657877e-18,0.0,1.6484591469634323e-14,0.0,0.0,0.0,1.0,0.0,1.0,0.0,0.0,1.0,0.0,1.0,0.0,0.620554248630239,0.34406464345407045,0.6297890051632884,2.925791852116911,0.0,0.0,0.0,0.0,0.0,0.0,0.0,0.0,0.0,1.0,0.0,0.0,0.0,0.0,0.0,0.0
0.01544,6.234734e-09,1.370752e-09,0.0,1.0,0.2222820106253868,0.3116053227543926,0.7870689260106416,0.0,0.9999999999999996,0.0,0.999999999999999,1.5219282141427584e-06,0.0,1.0,0.0,0.9999999999999996,0.0,0.999999999999999,0.3116053227559505,0.7870689260145944,0.0,1.0,0.0,1.0,0.0,0.0,0.0,0.9999999999999997,0.0,0.0,2.40692882291782e-19,0.0,-6.039613253960852e-16,0.0,0.0,0.0,0.999999999999999,0.0,0.999999999999999,0.0,0.0,1.0,0.0,0.999999999999999,0.0,0.620554248630239,0.3440646434541037,0.6297890051632884,2.92579185211688,0.0,0.0,0.0,0.0,0.0,0.0,0.0,0.0,0.0,0.999999999999999,0.0,1.0480505352461481e-15,0.0,0.0,0.0,0.0
0.048208,6.234607e-09,1.370752e-09,0.0,1.0,0.2220916688511975,0.3116053227543926,0.7870689260106593,0.0,0.9999999999999996,0.0,0.9999999999999989,1.5207277554760938e-06,0.0,1.0,0.0,0.9999999999999996,0.0,0.9999999999999989,0.3116053227559505,0.7870689260145944,0.0,1.0,0.0,1.0,0.0,0.0,0.0,0.9999999999999997,0.0,0.0,2.710505431213761e-19,0.0,-6.661338147750939e-16,0.0,0.0,0.0,0.9999999999999989,0.0,0.9999999999999989,0.0,0.0,1.0,0.0,0.9999999999999989,0.0,0.620554248630239,0.3440646434541037,0.6297890051632884,2.925791852116877,0.0,0.0,0.0,0.0,0.0,0.0,0.0,0.0,0.0,0.9999999999999989,0.0,1.110223024625157e-15,0.0,0.0,0.0,0.0
0.1530656,6.23478e-09,1.370752e-09,0.0,1.0,0.2218586743771839,0.3116053227543926,0.7870689260106593,0.0,0.9999999999999996,0.0,0.9999999999999989,1.5195153250480418e-06,0.0,1.0,0.0,0.9999999999999996,0.0,0.9999999999999989,0.3116053227559505,0.7870689260145944,0.0,1.0,0.0,1.0,0.0,0.0,0.0,0.9999999999999997,0.0,0.0,2.710505431213761e-19,0.0,-6.661338147750939e-16,0.0,0.0,0.0,0.9999999999999989,0.0,0.9999999999999989,0.0,0.0,1.0,0.0,0.9999999999999989,0.0,0.620554248630239,0.3440646434541037,0.6297890051632884,2.925791852116877,0.0,0.0,0.0,0.0,0.0,0.0,0.0,0.0,0.0,0.9999999999999989,0.0,1.110223024625157e-15,0.0,0.0,0.0,0.0
0.4886099,6.234997e-09,1.370752e-09,0.0,1.0,0.2218007679046738,0.3116053227543926,0.7870689260106593,0.0,0.9999999999999996,0.0,0.9999999999999989,1.5193198719131758e-06,0.0,1.0,0.0,0.9999999999999996,0.0,0.9999999999999989,0.3116053227559505,0.7870689260145944,0.0,1.0,0.0,1.0,0.0,0.0,0.0,0.9999999999999997,0.0,0.0,2.710505431213761e-19,0.0,-6.661338147750939e-16,0.0,0.0,0.0,0.9999999999999989,0.0,0.9999999999999989,0.0,0.0,1.0,0.0,0.9999999999999989,0.0,0.620554248630239,0.3440646434541037,0.6297890051632884,2.925791852116877,0.0,0.0,0.0,0.0,0.0,0.0,0.0,0.0,0.0,0.9999999999999989,0.0,1.110223024625157e-15,0.0,0.0,0.0,0.0
1.562352,6.234874e-09,1.370752e-09,0.0,1.0,0.22180043030656868,0.3116053227543926,0.7870689260106593,0.0,0.9999999999999996,0.0,0.9999999999999989,1.519319517237514e-06,0.0,1.0,0.0,0.9999999999999996,0.0,0.9999999999999989,0.3116053227559505,0.7870689260145944,0.0,1.0,0.0,1.0,0.0,0.0,0.0,0.9999999999999997,0.0,0.0,2.710505431213761e-19,0.0,-6.661338147750939e-16,0.0,0.0,0.0,0.9999999999999989,0.0,0.9999999999999989,0.0,0.0,1.0,0.0,0.9999999999999989,0.0,0.620554248630239,0.3440646434541037,0.6297890051632884,2.925791852116877,0.0,0.0,0.0,0.0,0.0,0.0,0.0,0.0,0.0,0.9999999999999989,0.0,1.110223024625157e-15,0.0,0.0,0.0,0.0
2.662352,6.234975e-09,1.370752e-09,0.0,1.0,0.2218004303065464,0.3116053227543926,0.7870689260106593,0.0,0.9999999999999996,0.0,0.9999999999999989,1.519319517237514e-06,0.0,1.0,0.0,0.9999999999999996,0.0,0.9999999999999989,0.3116053227559505,0.7870689260145944,0.0,1.0,0.0,1.0,0.0,0.0,0.0,0.9999999999999997,0.0,0.0,2.710505431213761e-19,0.0,-6.661338147750939e-16,0.0,0.0,0.0,0.9999999999999989,0.0,0.9999999999999989,0.0,0.0,1.0,0.0,0.9999999999999989,0.0,0.620554248630239,0.3440646434541037,0.6297890051632884,2.925791852116877,0.0,0.0,0.0,0.0,0.0,0.0,0.0,0.0,0.0,0.9999999999999989,0.0,1.110223024625157e-15,0.0,0.0,0.0,0.0
3.762352,6.234891e-09,1.370752e-09,0.0,1.0,0.2218004303065464,0.3116053227543926,0.7870689260106593,0.0,0.9999999999999996,0.0,0.9999999999999989,1.519319517237514e-06,0.0,1.0,0.0,0.9999999999999996,0.0,0.9999999999999989,0.3116053227559505,0.7870689260145944,0.0,1.0,0.0,1.0,0.0,0.0,0.0,0.9999999999999997,0.0,0.0,2.710505431213761e-19,0.0,-6.661338147750939e-16,0.0,0.0,0.0,0.9999999999999989,0.0,0.9999999999999989,0.0,0.0,1.0,0.0,0.9999999999999989,0.0,0.620554248630239,0.3440646434541037,0.6297890051632884,2.925791852116877,0.0,0.0,0.0,0.0,0.0,0.0,0.0,0.0,0.0,0.9999999999999989,0.0,1.110223024625157e-15,0.0,0.0,0.0,0.0
4.862352,6.234961e-09,1.370752e-09,0.0,1.0,0.2218004303065464,0.3116053227543926,0.7870689260106593,0.0,0.9999999999999996,0.0,0.9999999999999989,1.519319517237514e-06,0.0,1.0,0.0,0.9999999999999996,0.0,0.9999999999999989,0.3116053227559505,0.7870689260145944,0.0,1.0,0.0,1.0,0.0,0.0,0.0,0.9999999999999997,0.0,0.0,2.710505431213761e-19,0.0,-6.661338147750939e-16,0.0,0.0,0.0,0.9999999999999989,0.0,0.9999999999999989,0.0,0.0,1.0,0.0,0.9999999999999989,0.0,0.620554248630239,0.3440646434541037,0.6297890051632884,2.925791852116877,0.0,0.0,0.0,0.0,0.0,0.0,0.0,0.0,0.0,0.9999999999999989,0.0,1.110223024625157e-15,0.0,0.0,0.0,0.0
5.0,6.234923e-09,1.370752e-09,0.0,1.0,0.2218152815188401,0.3116053227543925,0.7870689260106583,0.0,0.9999999999999997,0.0,0.9999999999999991,1.519420544520183e-06,0.0,1.0,0.0,0.9999999999999997,0.0,0.9999999999999991,0.3116053227559505,0.7870689260145909,0.0,1.0,0.0,1.0,0.0,0.0,0.0,0.9999999999999998,0.0,0.0,2.168404344971009e-19,0.0,-5.551115123125783e-16,0.0,0.0,0.0,0.9999999999999991,0.0,0.9999999999999991,0.0,0.0,1.0,0.0,0.9999999999999991,0.0,0.620554248630239,0.3440646434540966,0.6297890051632884,2.925791852116888,0.0,0.0,0.0,0.0,0.0,0.0,0.0,0.0,0.0,0.9999999999999991,0.0,8.881784197001252e-16,0.0,0.0,0.0,0.0
5.0003,0.000283739637335488,1.370752e-09,0.0,1.0,0.22181555066670092,0.3116053227543925,0.787068926010658,0.0,0.9999999999999997,0.0,0.9999999999999992,1.5194222855411305e-06,0.0,1.0,0.0,0.9999999999999997,0.0,0.9999999999999992,0.3116053227559505,0.7870689260145909,0.0,1.0,0.0,1.0,0.0,0.0,0.0,0.9999999999999997,0.0,0.0,2.1684043449722126e-19,0.0,-4.718447854658764e-16,0.0,0.0,0.0,0.9999999999999992,0.0,0.9999999999999992,0.0,0.0,1.0,0.0,0.9999999999999992,0.0,0.620554248630239,0.3440646434540948,0.6297890051632884,2.9257918521168866,0.0,0.0,0.0,0.0,0.0,0.0,0.0,0.0,0.0,0.9999999999999992,0.0,8.049116928534234e-16,0.0,0.0,0.0,0.0
5.001259999999999,0.0011916865250541056,1.370752e-09,0.0,1.0,0.22182165716388147,0.3116053227543925,0.7870689260106575,0.0,0.9999999999999997,0.0,0.9999999999999996,1.5194637153794926e-06,0.0,1.0,0.0,0.9999999999999997,0.0,0.9999999999999996,0.3116053227559505,0.7870689260145909,0.0,1.0,0.0,1.0,0.0,0.0,0.0,0.9999999999999997,0.0,0.0,5.421010862427522e-20,0.0,-1.3045120539368703e-16,0.0,0.0,0.0,0.9999999999999996,0.0,0.9999999999999996,0.0,0.0,1.0,0.0,0.9999999999999996,0.0,0.620554248630239,0.3440646434540778,0.6297890051632884,2.9257918521168977,0.0,0.0,0.0,0.0,0.0,0.0,0.0,0.0,0.0,0.9999999999999996,0.0,4.63518112781234e-16,0.0,0.0,0.0,0.0
5.004332,0.003951077446024728,1.370752e-09,0.0,1.0,0.22184621059107804,0.3116053227543925,0.7870689260106524,0.0,0.9999999999999997,0.0,0.9999999999999999,1.5196294243461538e-06,0.0,1.0,0.0,0.9999999999999997,0.0,0.9999999999999999,0.3116053227559505,0.7870689260145685,0.0,1.0,0.0,1.0,0.0,0.0,0.0,0.9999999999999997,0.0,0.0,-4.6575156925625934e-18,0.0,9.538592138368188e-15,0.0,0.0,0.0,0.9999999999999999,0.0,0.9999999999999999,0.0,0.0,1.0,0.0,0.9999999999999999,0.0,0.620554248630239,0.3440646434540753,0.6297890051632884,2.9257918521169075,0.0,0.0,0.0,0.0,0.0,0.0,0.0,0.0,0.0,0.9999999999999999,0.0,1.4810375148500627e-16,0.0,0.0,0.0,0.0
5.010221,0.008201543145212126,1.370752e-09,0.0,1.0,0.22184955627307149,0.3116053227543926,0.7870689260106373,0.0,0.9999999999999996,0.0,0.9999999999999992,1.5196464005436952e-06,0.0,1.0,0.0,0.9999999999999996,0.0,0.9999999999999992,0.3116053227559505,0.7870689260145792,0.0,1.0,0.0,1.0,0.0,0.0,0.0,0.9999999999999997,0.0,0.0,2.7688897182023542e-18,0.0,-5.738465258531781e-15,0.0,0.0,0.0,0.9999999999999992,0.0,0.9999999999999992,0.0,0.0,1.0,0.0,0.9999999999999992,0.0,0.620554248630239,0.34406464345409105,0.6297890051632884,2.9257918521168893,0.0,0.0,0.0,0.0,0.0,0.0,0.0,0.0,0.0,0.9999999999999992,0.0,7.339129304284557e-16,0.0,0.0,0.0,0.0
5.011221,0.008810261112894454,1.370752e-09,0.0,1.0,0.22184896158849218,0.3116053227543926,0.7870689260106392,0.0,0.9999999999999996,0.0,0.9999999999999992,1.5196413588880716e-06,0.0,1.0,0.0,0.9999999999999996,0.0,0.9999999999999992,0.3116053227559505,0.7870689260145944,0.0,1.0,0.0,1.0,0.0,0.0,0.0,0.9999999999999997,0.0,0.0,1.204006512545541e-19,0.0,-3.576028362318426e-16,0.0,0.0,0.0,0.9999999999999992,0.0,0.9999999999999992,0.0,0.0,1.0,0.0,0.9999999999999992,0.0,0.620554248630239,0.3440646434540974,0.6297890051632884,2.925791852116887,0.0,0.0,0.0,0.0,0.0,0.0,0.0,0.0,0.0,0.9999999999999992,0.0,8.016920460819051e-16,0.0,0.0,0.0,0.0
5.012220999999999,0.009377266463348893,1.370752e-09,0.0,1.0,0.22184828675698984,0.3116053227543926,0.7870689260106418,0.0,0.9999999999999996,0.0,0.9999999999999991,1.5196358143599072e-06,0.0,1.0,0.0,0.9999999999999996,0.0,0.9999999999999991,0.3116053227559505,0.7870689260145944,0.0,1.0,0.0,1.0,0.0,0.0,0.0,0.9999999999999997,0.0,0.0,1.7461075987880528e-19,0.0,-4.68625138694309e-16,0.0,0.0,0.0,0.9999999999999991,0.0,0.9999999999999991,0.0,0.0,1.0,0.0,0.9999999999999991,0.0,0.620554248630239,0.3440646434541009,0.6297890051632884,2.925791852116883,0.0,0.0,0.0,0.0,0.0,0.0,0.0,0.0,0.0,0.9999999999999991,0.0,9.127143485443716e-16,0.0,0.0,0.0,0.0
5.012321,0.009433966998394739,2.847726e-05,0.02516318,0.9838392,0.2218482192738396,0.3116053227543926,0.7870689260106422,0.0,0.9999999999999996,0.0,0.9999999999999991,1.5196352599070907e-06,0.0,1.0,0.0,0.9999999999999996,0.0,0.9999999999999991,0.3116053227559505,0.7870689260145944,0.0,1.0,0.0,1.0,0.0,0.0,0.0,0.9999999999999997,0.0,0.0,1.8003177074126891e-19,0.0,-4.797273689406344e-16,0.0,0.0,0.0,0.9999999999999991,0.0,0.9999999999999991,0.0,0.0,1.0,0.0,0.9999999999999991,0.0,0.620554248630239,0.3440646434541013,0.6297890051632884,2.9257918521168826,0.0,0.0,0.0,0.0,0.0,0.0,0.0,0.0,0.0,0.9999999999999991,0.0,9.23816578790697e-16,0.0,0.0,0.0,0.0
5.0124070000000005,0.009482729458534116,5.819382e-05,0.03597493,0.9768939,0.2218481612383304,0.3116053227543926,0.7870689260106424,0.0,0.9999999999999996,0.0,0.9999999999999991,1.5196347830776686e-06,0.0,1.0,0.0,0.9999999999999996,0.0,0.9999999999999991,0.3116053227559505,0.7870689260145944,0.0,1.0,0.0,1.0,0.0,0.0,0.0,0.9999999999999997,0.0,0.0,1.8469384008298282e-19,0.0,-4.892752869524646e-16,0.0,0.0,0.0,0.9999999999999991,0.0,0.9999999999999991,0.0,0.0,1.0,0.0,0.9999999999999991,0.0,0.620554248630239,0.3440646434541016,0.6297890051632884,2.925791852116882,0.0,0.0,0.0,0.0,0.0,0.0,0.0,0.0,0.0,0.9999999999999991,0.0,9.33364496802527e-16,0.0,0.0,0.0,0.0
5.012627,0.009607470635633972,0.0001818292,0.06362923,0.9591293,0.22184801277539987,0.3116053227543926,0.7870689260106429,0.0,0.9999999999999996,0.0,0.999999999999999,1.5196335632814723e-06,0.0,1.0,0.0,0.9999999999999996,0.0,0.999999999999999,0.3116053227559505,0.7870689260145944,0.0,1.0,0.0,1.0,0.0,0.0,0.0,0.9999999999999997,0.0,0.0,1.9662006398030655e-19,0.0,-5.137001934941835e-16,0.0,0.0,0.0,0.999999999999999,0.0,0.999999999999999,0.0,0.0,1.0,0.0,0.999999999999999,0.0,0.620554248630239,0.34406464345410237,0.6297890051632884,2.9257918521168813,0.0,0.0,0.0,0.0,0.0,0.0,0.0,0.0,0.0,0.999999999999999,0.0,9.57789403344246e-16,0.0,0.0,0.0,0.0
5.012796000000001,0.009703294539861126,0.0003237403,0.08494279,0.9454378,0.22184789872887598,0.3116053227543926,0.7870689260106434,0.0,0.9999999999999996,0.0,0.999999999999999,1.5196326262562124e-06,0.0,1.0,0.0,0.9999999999999996,0.0,0.999999999999999,0.3116053227559505,0.7870689260145944,0.0,1.0,0.0,1.0,0.0,0.0,0.0,0.9999999999999997,0.0,0.0,2.057815723378388e-19,0.0,-5.324629626104095e-16,0.0,0.0,0.0,0.999999999999999,0.0,0.999999999999999,0.0,0.0,1.0,0.0,0.999999999999999,0.0,0.620554248630239,0.344064643454103,0.6297890051632884,2.925791852116881,0.0,0.0,0.0,0.0,0.0,0.0,0.0,0.0,0.0,0.999999999999999,0.0,9.76552172460472e-16,0.0,0.0,0.0,0.0
5.013338999999999,0.009979608199286647,0.001048873,0.1531462,0.901625,0.2218475254891709,0.3116053227543926,0.7870689260106447,0.0,0.9999999999999996,0.0,0.999999999999999,1.5196295903954473e-06,0.0,1.0,0.0,0.9999999999999996,0.0,0.999999999999999,0.3116053227559505,0.7870689260145944,0.0,1.0,0.0,1.0,0.0,0.0,0.0,0.9999999999999997,0.0,0.0,2.26029047908925e-19,0.0,-5.73929792579994e-16,0.0,0.0,0.0,0.999999999999999,0.0,0.999999999999999,0.0,0.0,1.0,0.0,0.999999999999999,0.0,0.620554248630239,0.3440646434541037,0.6297890051632884,2.92579185211688,0.0,0.0,0.0,0.0,0.0,0.0,0.0,0.0,0.0,0.999999999999999,0.0,1.0180190024300567e-15,0.0,0.0,0.0,0.0
5.015073,0.010843008154569045,0.006107501,0.3713971,0.7614242,0.22184632105565213,0.3116053227543926,0.7870689260106488,0.0,0.9999999999999996,0.0,0.9999999999999989,1.519619855647143e-06,0.0,1.0,0.0,0.9999999999999996,0.0,0.9999999999999989,0.3116053227559505,0.7870689260145944,0.0,1.0,0.0,1.0,0.0,0.0,0.0,0.9999999999999997,0.0,0.0,2.710505431213761e-19,0.0,-6.661338147750939e-16,0.0,0.0,0.0,0.9999999999999989,0.0,0.9999999999999989,0.0,0.0,1.0,0.0,0.9999999999999989,0.0,0.620554248630239,0.3440646434541037,0.6297890051632884,2.92579185211688,0.0,0.0,0.0,0.0,0.0,0.0,0.0,0.0,0.0,0.9999999999999989,0.0,1.110223024625157e-15,0.0,0.0,0.0,0.0
5.016461,0.011492132044444296,0.01312597,0.5459978,0.6492636,0.22184536675765243,0.3116053227543926,0.7870689260106513,0.0,0.9999999999999996,0.0,0.9999999999999989,1.5196122139886367e-06,0.0,1.0,0.0,0.9999999999999996,0.0,0.9999999999999989,0.3116053227559505,0.7870689260145944,0.0,1.0,0.0,1.0,0.0,0.0,0.0,0.9999999999999997,0.0,0.0,2.710505431213761e-19,0.0,-6.661338147750939e-16,0.0,0.0,0.0,0.9999999999999989,0.0,0.9999999999999989,0.0,0.0,1.0,0.0,0.9999999999999989,0.0,0.620554248630239,0.3440646434541037,0.6297890051632884,2.9257918521168778,0.0,0.0,0.0,0.0,0.0,0.0,0.0,0.0,0.0,0.9999999999999989,0.0,1.110223024625157e-15,0.0,0.0,0.0,0.0
5.0175719999999995,0.011950688943790647,0.02061923,0.6856783,0.5595351,0.22184461216935203,0.3116053227543926,0.7870689260106529,0.0,0.9999999999999996,0.0,0.9999999999999989,1.5196061954669576e-06,0.0,1.0,0.0,0.9999999999999996,0.0,0.9999999999999989,0.3116053227559505,0.7870689260145944,0.0,1.0,0.0,1.0,0.0,0.0,0.0,0.9999999999999997,0.0,0.0,2.710505431213761e-19,0.0,-6.661338147750939e-16,0.0,0.0,0.0,0.9999999999999989,0.0,0.9999999999999989,0.0,0.0,1.0,0.0,0.9999999999999989,0.0,0.620554248630239,0.3440646434541037,0.6297890051632884,2.925791852116877,0.0,0.0,0.0,0.0,0.0,0.0,0.0,0.0,0.0,0.9999999999999989,0.0,1.110223024625157e-15,0.0,0.0,0.0,0.0
5.018016,0.012133946606536068,0.02408179,0.7415505,0.5236436,0.2218443140938636,0.3116053227543926,0.7870689260106535,0.0,0.9999999999999996,0.0,0.9999999999999989,1.5196038271712195e-06,0.0,1.0,0.0,0.9999999999999996,0.0,0.9999999999999989,0.3116053227559505,0.7870689260145944,0.0,1.0,0.0,1.0,0.0,0.0,0.0,0.9999999999999997,0.0,0.0,2.710505431213761e-19,0.0,-6.661338147750939e-16,0.0,0.0,0.0,0.9999999999999989,0.0,0.9999999999999989,0.0,0.0,1.0,0.0,0.9999999999999989,0.0,0.620554248630239,0.3440646434541037,0.6297890051632884,2.925791852116877,0.0,0.0,0.0,0.0,0.0,0.0,0.0,0.0,0.0,0.9999999999999989,0.0,1.110223024625157e-15,0.0,0.0,0.0,0.0
5.018371,0.012280470188235366,0.02690185,0.7175062,0.5442998,0.2218440757677411,0.3116053227543926,0.7870689260106539,0.0,0.9999999999999996,0.0,0.9999999999999989,1.519601933601429e-06,0.0,1.0,0.0,0.9999999999999996,0.0,0.9999999999999989,0.3116053227559505,0.7870689260145944,0.0,1.0,0.0,1.0,0.0,0.0,0.0,0.9999999999999997,0.0,0.0,2.710505431213761e-19,0.0,-6.661338147750939e-16,0.0,0.0,0.0,0.9999999999999989,0.0,0.9999999999999989,0.0,0.0,1.0,0.0,0.9999999999999989,0.0,0.620554248630239,0.3440646434541037,0.6297890051632884,2.925791852116877,0.0,0.0,0.0,0.0,0.0,0.0,0.0,0.0,0.0,0.9999999999999989,0.0,1.110223024625157e-15,0.0,0.0,0.0,0.0
5.018771,0.012445567181699401,0.0298784,0.6628125,0.5873939,0.22184380723126504,0.3116053227543926,0.7870689260106544,0.0,0.9999999999999996,0.0,0.9999999999999989,1.519599800001665e-06,0.0,1.0,0.0,0.9999999999999996,0.0,0.9999999999999989,0.3116053227559505,0.7870689260145944,0.0,1.0,0.0,1.0,0.0,0.0,0.0,0.9999999999999997,0.0,0.0,2.710505431213761e-19,0.0,-6.661338147750939e-16,0.0,0.0,0.0,0.9999999999999989,0.0,0.9999999999999989,0.0,0.0,1.0,0.0,0.9999999999999989,0.0,0.620554248630239,0.3440646434541037,0.6297890051632884,2.925791852116877,0.0,0.0,0.0,0.0,0.0,0.0,0.0,0.0,0.0,0.9999999999999989,0.0,1.110223024625157e-15,0.0,0.0,0.0,0.0
5.019172,0.012611076917647155,0.0325931,0.6079473,0.6306233,0.22184354124836425,0.3116053227543926,0.7870689260106548,0.0,0.9999999999999996,0.0,0.9999999999999989,1.5195976931039265e-06,0.0,1.0,0.0,0.9999999999999996,0.0,0.9999999999999989,0.3116053227559505,0.7870689260145944,0.0,1.0,0.0,1.0,0.0,0.0,0.0,0.9999999999999997,0.0,0.0,2.710505431213761e-19,0.0,-6.661338147750939e-16,0.0,0.0,0.0,0.9999999999999989,0.0,0.9999999999999989,0.0,0.0,1.0,0.0,0.9999999999999989,0.0,0.620554248630239,0.3440646434541037,0.6297890051632884,2.925791852116877,0.0,0.0,0.0,0.0,0.0,0.0,0.0,0.0,0.0,0.9999999999999989,0.0,1.110223024625157e-15,0.0,0.0,0.0,0.0
5.01964,0.01280424039999997,0.03541743,0.543939,0.6810565,0.22184323583546003,0.3116053227543926,0.7870689260106553,0.0,0.9999999999999996,0.0,0.9999999999999989,1.519595283959992e-06,0.0,1.0,0.0,0.9999999999999996,0.0,0.9999999999999989,0.3116053227559505,0.7870689260145944,0.0,1.0,0.0,1.0,0.0,0.0,0.0,0.9999999999999997,0.0,0.0,2.710505431213761e-19,0.0,-6.661338147750939e-16,0.0,0.0,0.0,0.9999999999999989,0.0,0.9999999999999989,0.0,0.0,1.0,0.0,0.9999999999999989,0.0,0.620554248630239,0.3440646434541037,0.6297890051632884,2.925791852116877,0.0,0.0,0.0,0.0,0.0,0.0,0.0,0.0,0.0,0.9999999999999989,0.0,1.110223024625157e-15,0.0,0.0,0.0,0.0
5.021138,0.013304358236402036,0.04199047,0.3391126,0.8424429,0.22191453392792113,0.32632012074450467,0.7832453347626707,0.0,0.9999999999999997,0.0,0.999999999999999,1.5196047879933637e-06,0.0,1.0,0.0,0.9999999999999996,0.0,0.9999999999999989,0.3116053227559505,0.7870689260145944,0.0,1.0,0.0,1.0,0.0,0.0,0.0,0.9999999999999997,0.0,0.0,2.710505431213761e-19,0.0,-6.661338147750939e-16,0.0,0.0,0.0,0.9999999999999989,0.0,0.9999999999999989,0.0,0.0,1.0,0.0,0.9999999999999989,0.0,0.620554248630239,0.3440646434541037,0.6297890051632884,2.925791852116877,0.0,0.0,0.0,0.0,0.0,0.0,0.0,0.0,0.0,0.9999999999999989,0.0,1.110223024625157e-15,0.0,0.0,0.0,0.0
5.022337,0.013693893489522055,0.04456778,0.1752515,0.971552,0.2231783763225092,0.4579926131597913,0.7490135101909456,0.0,0.9999999999999996,0.0,0.9999999999999989,1.519692917471126e-06,0.0,1.0,0.0,0.9999999999999997,0.0,1.0,1.0012169481984992,0.6076914820140646,0.0,1.0,0.0,1.0,0.0,0.0,0.0,1.7712621899484896e-16,0.0,0.6896116254425484,-0.17937744400049074,0.0,1.556672867373966e-14,0.0,0.0,0.0,1.0,0.0,1.0,0.0,0.0,1.0,0.0,1.0,0.0,0.620554248630239,0.344064643454054,0.6297890051632884,2.925791852116927,0.0,0.0,0.0,0.0,0.0,0.0,0.0,0.0,0.0,1.0,0.0,4.440892098500626e-16,0.0,0.0,0.0,0.0
5.023337,0.014018776936661008,0.04492462,0.03851411,1.07929,0.22549394869787273,0.5568839963086256,0.7233663709687768,0.0005272601200484843,0.9999999999999998,0.043896210251264806,0.9999999999999981,1.5197639429629211e-06,0.0,1.0,0.0005923312895484186,0.9999999999999984,0.04725142110304935,0.9999999999999988,1.0132373622523112,0.6074937748190922,0.0,1.0,0.0,1.0,0.0,0.0,0.0,0.00029616564477499667,0.0,0.6887562681163618,-0.17957515119537368,2.332954490648439,1.85143554604909e-14,0.0,0.0,0.0,0.9999999999999988,0.0,0.9999999999999988,0.0,0.0,1.0,0.0,0.9999999999999988,0.0,0.620554248630239,0.3440646434541108,0.6297890051632884,2.9257918521168755,0.0,0.0,0.0,0.0,0.0,0.0,0.0,0.0,0.0,0.9999999999999988,0.0,1.221245327087672e-15,0.0,0.0,0.0,0.0
5.024337,0.014327512984014197,0.04383636,-0.07185277,1.16207,0.22889677482232104,0.6473439842921135,0.7023396974898815,0.005192820932672211,0.9999924697683746,0.14640322163454633,0.9696164479077675,1.519813497554374e-06,0.0,1.0,0.005302079472187441,0.9999923621703078,0.14725228753550382,0.9721412841269823,1.1139451488248127,0.607504022724601,0.0,1.0,0.0,1.0,0.0,0.0,0.0,0.002654858650939818,0.0,0.6870861423161119,-0.1797609265790894,7.097510403183707,-0.02782305223616089,0.0,0.0,0.0,0.999999999999999,0.0,0.999999999999999,0.0,0.0,1.0,0.0,0.999999999999999,0.0,0.620554248630239,0.3440646434541037,0.6297890051632884,2.925791852116884,0.0,0.0,0.0,0.0,0.0,0.0,0.0,0.0,0.0,0.999999999999999,0.0,9.992007221626409e-16,0.0,0.0,0.0,0.0
5.025337,0.014588555977859961,0.04197854,-0.09848996,1.165604,0.23339877467158476,0.7465485642685655,0.6853663590257001,0.014633802735884441,0.9999092539949264,0.24643319286903947,0.8702124957822109,1.519848476607519e-06,0.0,1.0,0.014853474178447755,0.9999120741947488,0.24725233713799344,0.8770581808556187,1.2547634674310562,0.6094075901012632,0.0,1.0,0.0,1.0,0.0,0.0,0.0,0.007470699991849493,0.0,0.685497145899225,-0.17991793317162114,11.619943147945447,-0.12273026869814468,0.0,0.0,0.0,0.999999999999999,0.0,0.999999999999999,0.0,0.0,1.0,0.0,0.999999999999999,0.0,0.620554248630239,0.3440646434541011,0.6297890051632884,2.9257918521168813,0.0,0.0,0.0,0.0,0.0,0.0,0.0,0.0,0.0,0.999999999999999,0.0,1.0289905744201916e-15,0.0,0.0,0.0,0.0
5.026283,0.014813018133411461,0.03997808,-0.1237061,1.168951,0.23857514151597187,0.8300245182385627,0.6725779980410748,0.027494845098080395,0.9997426181648217,0.34103667508305013,0.7756783825871881,1.519909220994055e-06,0.0,1.0,0.028158999479724448,0.9997419068750315,0.3418523449297036,0.7832305412790994,1.2174243081261673,0.6136279917243035,0.0,1.0,0.0,1.0,0.0,0.0,0.0,0.014208546302346546,0.0,0.684065492847866,-0.18006483994035982,15.684667272498961,-0.21629349590443495,0.0,0.0,0.0,0.9999999999999991,0.0,0.9999999999999991,0.0,0.0,1.0,0.0,0.9999999999999991,0.0,0.620554248630239,0.3440646434540966,0.6297890051632884,2.925791852116884,0.0,0.0,0.0,0.0,0.0,0.0,0.0,0.0,0.0,0.9999999999999991,0.0,8.881784197001252e-16,0.0,0.0,0.0,0.0
5.027113,0.015003743294324202,0.0380356,-0.1458026,1.171883,0.24372018562565315,0.8852350957176081,0.6640272438887754,0.042006654917898956,0.9995199249548748,0.424037486780932,0.6926937406835281,1.5199740773293865e-06,0.0,1.0,0.042527648212752865,0.9995286965159635,0.4248523479975013,0.700534645676312,1.1703659705757055,0.618971230471045,0.0,1.0,0.0,1.0,0.0,0.0,0.0,0.0214994758483947,0.0,0.6828545371659641,-0.1801936001174869,19.11623498923743,-0.29869318099184206,0.0,0.0,0.0,0.9999999999999991,0.0,0.9999999999999991,0.0,0.0,1.0,0.0,0.9999999999999991,0.0,0.620554248630239,0.3440646434540966,0.6297890051632884,2.925791852116884,0.0,0.0,0.0,0.0,0.0,0.0,0.0,0.0,0.0,0.9999999999999991,0.0,8.881784197001252e-16,0.0,0.0,0.0,0.0
5.0297670000000005,0.015497013420674341,0.03067512,-0.2165114,1.181266,0.2617871609607014,0.9534194252515709,0.6526957305537808,0.10757673219387998,0.998312957218398,0.6894382857719102,0.42730885835213034,1.5200458074193877e-06,0.0,1.0,0.10620078634516666,0.9983977436480279,0.6902523505433599,0.4353869887909921,0.963623047360331,0.647585291179476,0.0,1.0,0.0,1.0,0.0,0.0,0.0,0.053901521348569424,0.0,0.6792794088467117,-0.18060520637638997,29.202578209909664,-0.5624442119453846,0.0,0.0,0.0,0.9999999999999993,0.0,0.9999999999999993,0.0,0.0,1.0,0.0,0.9999999999999993,0.0,0.620554248630239,0.3440646434540886,0.6297890051632884,2.9257918521168915,0.0,0.0,0.0,0.0,0.0,0.0,0.0,0.0,0.0,0.9999999999999993,0.0,6.52550222115913e-16,0.0,0.0,0.0,0.0
5.030829,0.015627826572934992,0.02748023,-0.2070959,1.166326,0.26898287032943,0.9335067766023586,0.6567536279644457,0.13881671399330017,0.9976940986066601,0.7956384192496375,0.3211113838797032,1.520065120867032e-06,0.0,1.0,0.13942159894414827,0.9977358481805092,0.7964523506186564,0.3291944585810789,0.856321432199114,0.6644079446694768,0.0,1.0,0.0,1.0,0.0,0.0,0.0,0.07084287538181955,0.0,0.6779785255224657,-0.18076996054242356,32.85153758372541,-0.667868653986202,0.0,0.0,0.0,0.9999999999999994,0.0,0.9999999999999994,0.0,0.0,1.0,0.0,0.9999999999999994,0.0,0.620554248630239,0.3440646434540824,0.6297890051632884,2.925791852116895,0.0,0.0,0.0,0.0,0.0,0.0,0.0,0.0,0.0,0.9999999999999994,0.0,5.551115123125783e-16,0.0,0.0,0.0,0.0
5.032398000000001,0.01582109007189659,0.02331169,-0.1694024,1.132464,0.2765783825983532,0.6595476980785785,0.7508391819835075,0.19417458454688968,0.9965158458482952,0.9525384412175907,0.16421179953300583,-0.0011393019599016771,-0.08906139700719155,1.170681128437546,0.19471857688412963,0.9965732943329001,0.9526896334322009,0.17229633137180858,-0.004935166755349528,1.074932491848116,-0.08906139700719155,1.170681128437546,-0.08906139700719155,1.170681128437546,0.0,0.0,0.0,0.09907264127561481,0.0,-0.01728268495027124,0.1999178871865808,37.89855282740357,-0.8234475147372801,0.0,0.0,0.0,0.9999999999999996,0.0,0.9999999999999996,0.0,0.0,1.0,0.0,0.9999999999999996,0.0,0.620554248630239,0.3440646434540824,0.6297890051632884,2.9257918521168977,0.0,0.0,0.0,0.0,0.0,0.0,0.0,0.0,0.0,0.9999999999999996,0.08906139700719155,0.1706811284375468,0.0,0.0,0.0,0.0
5.034643,0.016097620699792342,0.01873721,-0.1154556,1.084,0.27978907670916997,0.4035606267856096,0.8789686511861116,0.27886917312931336,0.9944187766393778,0.9965381852841804,0.0,-0.003295419132751027,-0.08906139700717594,1.170681128437543,0.2793867537443079,0.9944922049546622,1.0,0.0023746413698935115,-0.07061792604425762,1.1284151174576706,-0.08906139700717594,1.170681128437543,-0.08906139700717594,1.170681128437543,0.0,0.0,0.0,0.14244727439482283,0.0,-0.01665680182213553,0.1999897925666958,36.03066231278756,-0.9911192217798841,0.0,0.0,0.0,0.9999999999999999,0.0,0.9999999999999999,0.0,0.0,1.0,0.0,0.9999999999999999,0.0,0.620554248630239,0.3440646434540747,0.6297890051632884,2.925791852116909,0.0,0.0,0.0,0.0,0.0,0.0,0.0,0.0,0.0,0.9999999999999999,0.08906139700717594,0.1706811284375432,0.0,0.0,0.0,0.0
5.036543,0.016288771654618506,0.0160031,-0.07835363,1.050147,0.2774872260804272,0.2469026890408957,0.9665572298337899,0.3439069353576952,0.9925330748789687,0.9965382032573017,0.0,-0.005042890512458274,-0.08906139700720868,1.1706811284375496,0.34445891936789136,0.9926112748398517,1.0,0.0025257673128317145,-0.11098187573187128,1.1766879218191562,-0.08906139700720868,1.1706811284375496,-0.08906139700720868,1.1706811284375496,0.0,0.0,0.0,0.17592382226401979,0.0,-0.015566599525574964,0.199988922003984,32.77705403160544,-0.9890892105266895,0.0,0.0,0.0,1.000000000000001,0.0,1.000000000000001,0.0,0.0,1.0,0.0,1.000000000000001,0.0,0.620554248630239,0.3440646434540469,0.6297890051632884,2.925791852116934,0.0,0.0,0.0,0.0,0.0,0.0,0.0,0.0,0.0,1.000000000000001,0.08906139700720868,0.17068112843754918,0.0,0.0,0.0,0.0
5.040036,0.016526016589389177,0.01234736,-0.05808127,1.028049,0.2653726755679312,0.057818958004237926,1.0981786131446267,0.44837825231764655,0.9890758019774433,0.9965382032572995,0.0,-0.008080860208970692,-0.08906139700719559,1.170681128437547,0.4494357333973539,0.9891625692129633,1.0,0.002528645920298634,-0.12276386147679282,1.2651967460874067,-0.08906139700719559,1.170681128437547,-0.08906139700719559,1.170681128437547,0.0,0.0,0.0,0.23013658209219529,0.0,-0.013807845031336731,0.19998744329458165,27.528213330132303,-0.9856410995307495,0.0,0.0,0.0,1.0,0.0,1.0,0.0,0.0,1.0,0.0,1.0,0.0,0.620554248630239,0.34406464345405646,0.6297890051632884,2.9257918521169244,0.0,0.0,0.0,0.0,0.0,0.0,0.0,0.0,0.0,1.0,0.08906139700719559,0.17068112843754676,0.0,0.0,0.0,0.0
5.043526,0.016612394239999998,0.009619405,-0.04298547,1.012853,0.24803453807496084,-0.018674388785033712,1.1372649488189017,0.5362888537025706,0.9856333131922095,0.9965382032572954,0.0,-0.00991876230080385,-0.04423564454407458,1.040683001046676,0.5378263354604179,0.9857285368247604,1.0,0.002528839325606509,-0.06923442073146417,1.0627182811713685,-0.04423564454407458,1.040683001046676,-0.04423564454407458,1.040683001046676,0.0,0.0,0.0,0.2760488993178288,0.0,-0.007016593159701201,-0.031331284590296084,23.108683227002885,-0.9822103295083116,0.0,0.0,0.0,1.000000000000001,0.0,1.000000000000001,0.0,0.0,1.0,0.0,1.000000000000001,0.0,0.620554248630239,0.3440646434540389,0.6297890051632884,2.9257918521169417,0.0,0.0,0.0,0.0,0.0,0.0,0.0,0.0,0.0,1.000000000000001,0.04423564454407458,0.040683001046675195,0.0,0.0,0.0,0.0
5.046663,0.016561500281690143,0.007704816,-0.03581565,1.007732,0.2321345227082923,-0.036251789954457894,1.0958954388148472,0.6031391714404523,0.9825493157602652,0.9965382032572929,0.0,-0.010853970131925298,-0.04423564454407245,1.040683001046672,0.6048614201762452,0.9826523327364718,1.0,0.002528839325609638,-0.04878447903416759,1.0387020583018192,-0.04423564454407245,1.040683001046672,-0.04423564454407245,1.040683001046672,0.0,0.0,0.0,0.31110454371988666,0.0,-0.005893504622423187,-0.03133260248133799,19.756928991187742,-0.9791372209232689,0.0,0.0,0.0,1.000000000000001,0.0,1.000000000000001,0.0,0.0,1.0,0.0,1.000000000000001,0.0,0.620554248630239,0.3440646434540326,0.6297890051632884,2.925791852116948,0.0,0.0,0.0,0.0,0.0,0.0,0.0,0.0,0.0,1.000000000000001,0.04423564454407245,0.040683001046671045,0.0,0.0,0.0,0.0
5.05,0.01643773,0.006075951,-0.0273813,1.006025,0.21621829527339317,-0.03968805724060913,1.0606306821677958,0.6636605176039698,0.9792792818325936,0.9965382032572897,0.0,-0.01179168108322791,-0.04423564454407183,1.040683001046671,0.6660099240979815,0.9793900466206116,1.0,0.002528839325612966,-0.037839645278051365,1.0132330750438436,-0.04423564454407183,1.040683001046671,-0.04423564454407183,1.040683001046671,0.0,0.0,0.0,0.3433099387386849,0.0,-0.004869038343058518,-0.03133400009265627,16.69950379510092,-0.9758782175601038,0.0,0.0,0.0,1.0,0.0,1.0,0.0,0.0,1.0,0.0,1.0,0.0,0.620554248630239,0.344064643454054,0.6297890051632884,2.925791852116927,0.0,0.0,0.0,0.0,0.0,0.0,0.0,0.0,0.0,1.0,0.04423564454407183,0.04068300104667055,0.0,0.0,0.0,0.0
5.050193,0.016321570150375865,0.005995564,-0.02686153,1.006079,0.2153378129239702,-0.0396120295475438,1.0587822810164382,0.6668420342286567,0.9790905075760397,0.9965382032572896,0.0,-0.011843883698562352,-0.04423564454407458,1.040683001046676,0.6692058073773163,0.9792017340364908,1.0,0.002528839325613159,-0.037307659661593454,1.0117629004846822,-0.04423564454407458,1.040683001046676,-0.04423564454407458,1.040683001046676,0.0,0.0,0.0,0.34500203667041274,0.0,-0.004815495338039176,-0.03133408076853655,16.539709631137356,-0.9756900944699822,0.0,0.0,0.0,1.0,0.0,1.0,0.0,0.0,1.0,0.0,1.0,0.0,0.620554248630239,0.3440646434540565,0.6297890051632884,2.9257918521169244,0.0,0.0,0.0,0.0,0.0,0.0,0.0,0.0,0.0,1.0,0.04423564454407458,0.040683001046675736,0.0,0.0,0.0,0.0
5.0504929999999995,0.016141188085106735,0.005871806,-0.02605013,1.006165,0.21397445979296262,-0.039470891509198816,1.0559285290013143,0.6717450998281208,0.9787971266816367,0.996538203257289,0.0,-0.01192465710890317,-0.04423564454407458,1.040683001046676,0.6741166302542765,0.9789090879126526,1.0,0.0025288393256134574,-0.03656855233804935,1.0094781838890683,-0.04423564454407458,1.040683001046676,-0.04423564454407458,1.040683001046676,0.0,0.0,0.0,0.3476037711708118,0.0,-0.004733220676866379,-0.031334206142437086,16.294168487289067,-0.9753977428282397,0.0,0.0,0.0,1.0,0.0,1.0,0.0,0.0,1.0,0.0,1.0,0.0,0.620554248630239,0.34406464345406385,0.6297890051632884,2.925791852116917,0.0,0.0,0.0,0.0,0.0,0.0,0.0,0.0,0.0,1.0,0.04423564454407458,0.040683001046675965,0.0,0.0,0.0,0.0
5.051455000000001,0.015566536236161962,0.00549885,-0.02345367,1.006439,0.20967624310186023,-0.03884206720218323,1.0470019564454014,0.6869398259878848,0.9778570004241991,0.996538203257288,0.0,-0.012141663790039083,-0.026450363595638345,1.0099223377973114,0.6894273858694295,0.9779711986029046,1.0,0.0025288393256144154,-0.03575581725054402,1.0255010576324357,-0.026450363595638345,1.0099223377973114,-0.026450363595638345,1.0099223377973114,0.0,0.0,0.0,0.3557280936332624,0.0,-0.0053394034734359705,-0.007989541644124288,15.528630706528535,-0.9744607972918303,0.0,0.0,0.0,0.9999999999999994,0.0,0.9999999999999994,0.0,0.0,1.0,0.0,0.9999999999999994,0.0,0.620554248630239,0.34406464345408755,0.6297890051632884,2.925791852116893,0.0,0.0,0.0,0.0,0.0,0.0,0.0,0.0,0.0,0.9999999999999994,0.026450363595638345,0.009922337797312147,0.0,0.0,0.0,0.0
5.054532999999999,0.013771211147248432,0.004519085,-0.01604572,1.00701,0.19655877046502945,-0.03633933921920384,1.0318653172634047,0.7309774495131682,0.9748550056234284,0.9965382032572849,0.0,-0.012283316471401429,-0.024700026555400986,1.007227082509719,0.7335954552374222,0.9749766431933294,1.0,0.0025288393256174832,-0.03140613898863134,1.0098981080998157,-0.024700026555400986,1.007227082509719,-0.024700026555400986,1.007227082509719,0.0,0.0,0.0,0.3793094060220462,0.0,-0.004714959438103194,-0.0019402951367831715,13.320227238148359,-0.9714692552245839,0.0,0.0,0.0,0.9999999999999974,0.0,0.9999999999999974,0.0,0.0,1.0,0.0,0.9999999999999974,0.0,0.620554248630239,0.3440646434541482,0.6297890051632884,2.925791852116836,0.0,0.0,0.0,0.0,0.0,0.0,0.0,0.0,0.0,0.9999999999999974,0.024700026555400986,0.007227082509721655,0.0,0.0,0.0,0.0
5.062396,0.009729553629897178,0.002781586,-0.01081233,1.003194,0.1669587992556588,-0.025922670231628954,1.0118774033022089,0.8175790506452493,0.9672271627386178,0.9965382032572774,0.0,-0.012455025529517801,-0.011911186963553592,1.005815603630653,0.8204318827381016,0.9673676975440182,1.0,0.0025288393256253238,-0.017189604883021722,1.0074427298298068,-0.011911186963553592,1.005815603630653,-0.011911186963553592,1.005815603630653,0.0,0.0,0.0,0.4265320925970417,0.0,-0.0028042242964196177,0.0001392980608634479,8.97840586309815,-0.9638679662571054,0.0,0.0,0.0,0.9999999999999969,0.0,0.9999999999999969,0.0,0.0,1.0,0.0,0.9999999999999969,0.0,0.620554248630239,0.3440646434541677,0.6297890051632884,2.925791852116816,0.0,0.0,0.0,0.0,0.0,0.0,0.0,0.0,0.0,0.9999999999999969,0.011911186963553592,0.0058156036306561765,0.0,0.0,0.0,0.0
5.07276,0.005555465030519884,0.001169337,-0.01007492,1.004673,0.1355343791793426,-0.014641698110211737,1.0061700765031945,0.8900413668579576,0.9572645827158457,0.9965382032572678,0.0,-0.011447434575194666,-0.010049916954482775,1.0022989272269593,0.8931369245761479,0.9574297287552669,1.0,0.0025288393256356536,-0.011990424135477915,1.0027240924789738,-0.010049916954482775,1.0022989272269593,-0.010049916954482775,1.0022989272269593,0.0,0.0,0.0,0.4678535979104405,0.0,-0.0017845358785507927,-0.002647325936164074,5.343153771196281,-0.9539399977849007,0.0,0.0,0.0,0.9999999999999968,0.0,0.9999999999999968,0.0,0.0,1.0,0.0,0.9999999999999968,0.0,0.620554248630239,0.34406464345417254,0.6297890051632884,2.925791852116811,0.0,0.0,0.0,0.0,0.0,0.0,0.0,0.0,0.0,0.9999999999999968,0.010049916954482775,0.00229892722696248,0.0,0.0,0.0,0.0
5.083767000000001,0.0023117551165913264,-0.0001591814,-0.009543352,0.9979695,0.10887272991676299,-0.011603887024023084,1.0032213878384868,0.935170156881023,0.9467962366333251,0.9965382032572564,0.0,-0.010405114692895779,-0.009750059915720609,1.0015097422345756,0.9383983768988375,0.9469873726951713,1.0,0.0025288393256466244,-0.010875289540499208,1.0030621289458688,-0.009750059915720609,1.0015097422345756,-0.009750059915720609,1.0015097422345756,0.0,0.0,0.0,0.4957055021018331,0.0,-0.0010138378118972257,-0.0009109312132490362,3.080081155062231,-0.9435081495929932,0.0,0.0,0.0,0.9999999999999968,0.0,0.9999999999999968,0.0,0.0,1.0,0.0,0.9999999999999968,0.0,0.620554248630239,0.3440646434541748,0.6297890051632884,2.9257918521168116,0.0,0.0,0.0,0.0,0.0,0.0,0.0,0.0,0.0,0.9999999999999968,0.009750059915720609,0.0015097422345787918,0.0,0.0,0.0,0.0
5.098489,-0.0007091777631770557,-0.001525531,-0.009652656,0.9996587,0.08102301666774654,-0.01026753114533016,0.999640217833088,0.9671494638170323,0.9329738599482917,0.996538203257241,0.0,-0.009269804274681168,-0.009597010512618664,0.999054397694215,0.970540258222084,0.933198633484695,1.0,0.0025288393256613006,-0.010080927456936572,0.9988764886696327,-0.009597010512618664,0.999054397694215,-0.009597010512618664,0.999054397694215,0.0,0.0,0.0,0.5186708123686945,0.0,-0.000374745715028107,-0.0005891299201756504,1.4729870888995134,-0.9297332856280334,0.0,0.0,0.0,0.9999999999999957,0.0,0.9999999999999957,0.0,0.0,1.0,0.0,0.9999999999999957,0.0,0.620554248630239,0.3440646434542092,0.6297890051632884,2.9257918521167783,0.0,0.0,0.0,0.0,0.0,0.0,0.0,0.0,0.0,0.9999999999999957,0.009597010512618664,0.0009456023057807038,0.0,0.0,0.0,0.0
5.113696,-0.0028654574725465146,-0.002637056,-0.01021828,0.9992487,0.056124123172535435,-0.06329706891044548,0.9990241349479193,0.9828282606861041,0.9189071232687264,0.9965382032572254,0.0,-0.008410037550548213,-0.010068874332438449,0.999581416052707,0.9862412976603319,0.9191670971981573,1.0,0.002528839325676457,-0.10529621764380624,0.9993202215821914,-0.010068874332438449,0.999581416052707,-0.010068874332438449,0.999581416052707,0.0,0.0,0.0,0.533537100231087,0.0,-0.0950830486072236,-0.00010647749306937888,0.6879351169842934,-0.9157158689073222,0.0,0.0,0.0,0.9999999999999966,0.0,0.9999999999999966,0.0,0.0,1.0,0.0,0.9999999999999966,0.0,0.620554248630239,0.3440646434541788,0.6297890051632884,2.925791852116805,0.0,0.0,0.0,0.0,0.0,0.0,0.0,0.0,0.0,0.9999999999999966,0.010068874332438449,0.00041858394728948984,0.0,0.0,0.0,0.0
5.133269,-0.004725913784331251,-0.003795425,-0.01101693,1.002707,0.02031498057419751,-0.10215997687149493,1.0007018597463146,0.9913938052665802,0.901113937572378,0.9965382032572032,0.0,-0.007700502078869238,-0.010642572053514232,1.001705148282556,0.994838817944537,0.9014178354208058,1.0,0.002528839325695969,-0.02776887910589846,1.001908585169558,-0.010642572053514232,1.001705148282556,-0.010642572053514232,1.001705148282556,0.0,0.0,0.0,0.5467104912618657,0.0,-0.20107740726972453,0.0012901442243718703,0.2580591027734142,-0.8979844677451531,0.0,0.0,0.0,0.9999999999999967,0.0,0.9999999999999967,0.0,0.0,1.0,0.0,0.9999999999999967,0.0,0.620554248630239,0.3440646434541765,0.6297890051632884,2.925791852116807,0.0,0.0,0.0,0.0,0.0,0.0,0.0,0.0,0.0,0.9999999999999967,0.010642572053514232,0.001705148282559358,0.0,0.0,0.0,0.0
5.161766,-0.006484872466172643,-0.005184336,-0.01264563,0.9994111,-0.01174991145825868,-0.09335588707339795,1.0017018848280317,0.9953036919052141,0.8758224886521083,0.9965382032571726,0.0,-0.007264938451113896,-0.012077588511657621,1.0031395691738214,0.9987621595732551,0.8761886601185002,1.0,0.002528839325724373,-0.016712556904800085,1.0034437276515495,-0.012077588511657621,1.0031395691738214,-0.012077588511657621,1.0031395691738214,0.0,0.0,0.0,0.5612867497273772,0.0,-0.28815966419673456,0.0008225526390520654,0.06189202133724888,-0.872780679898229,0.0,0.0,0.0,0.999999999999996,0.0,0.999999999999996,0.0,0.0,1.0,0.0,0.999999999999996,0.0,0.620554248630239,0.3440646434541961,0.6297890051632884,2.9257918521167885,0.0,0.0,0.0,0.0,0.0,0.0,0.0,0.0,0.0,0.999999999999996,0.012077588511657621,0.003139569173825528,0.0,0.0,0.0,0.0
5.188568,-0.0071603456468284435,-0.00611729,-0.01243654,0.9993368,-0.02898361724201764,-0.08780286518315832,1.003255660256217,0.9962154018918267,0.8526838002429284,0.9965382032571439,0.0,-0.007233469386566675,-0.01209124721387088,1.002547257825508,0.9996765186310816,0.8531069272452331,1.0,0.0025288393257510908,0.000504020054696496,1.0031086709445867,-0.01209124721387088,1.002547257825508,-0.01209124721387088,1.002547257825508,0.0,0.0,0.0,0.5732847956929242,0.0,-0.2938148907251575,0.0006432514063073539,0.01617406844596089,-0.849722173565521,0.0,0.0,0.0,0.9999999999999967,0.0,0.9999999999999967,0.0,0.0,1.0,0.0,0.9999999999999967,0.0,0.620554248630239,0.3440646434541748,0.6297890051632884,2.92579185211681,0.0,0.0,0.0,0.0,0.0,0.0,0.0,0.0,0.0,0.9999999999999967,0.01209124721387088,0.002547257825511216,0.0,0.0,0.0,0.0
5.22136,-0.007464814117218894,-0.006540306,-0.0110615,1.000489,-0.03967127512565493,-0.08857677822651804,1.0019542179311876,0.9964757950545289,0.8252030441129415,0.9965382032571094,0.0,-0.007219558997566057,-0.012116953653849608,1.0014324948058293,0.9999374322687726,0.8256941570712415,1.0,0.0025288393257837834,-0.00363739059632382,1.001749774279465,-0.012116953653849608,1.0014324948058293,-0.012116953653849608,1.0014324948058293,0.0,0.0,0.0,0.5871216375987655,0.0,-0.3044828025329247,0.00031266325409863447,0.003128386561366831,-0.822336988140983,0.0,0.0,0.0,0.9999999999999959,0.0,0.9999999999999959,0.0,0.0,1.0,0.0,0.9999999999999959,0.0,0.620554248630239,0.34406464345420135,0.6297890051632884,2.925791852116785,0.0,0.0,0.0,0.0,0.0,0.0,0.0,0.0,0.0,0.9999999999999959,0.012116953653849608,0.0014324948058334205,0.0,0.0,0.0,0.0
5.280014,-0.007511229179439617,-0.006740569,-0.01181922,1.000827,-0.0515905395415147,-0.09878229797387462,1.002690391789298,0.9965348969165843,0.7782396203606341,0.9965382032570443,0.0,-0.007250071136265862,-0.012204593565534312,1.002434864359715,0.9999966834832363,0.7788468547624877,1.0,0.0025288393258422566,-0.01215298950966635,1.0026076797969665,-0.012204593565534312,1.002434864359715,-0.012204593565534312,1.002434864359715,0.0,0.0,0.0,0.6105749143603744,0.0,-0.31448051301068547,0.0002192617259283058,0.00016582583818373328,-0.7755368270400859,0.0,0.0,0.0,0.9999999999999959,0.0,0.9999999999999959,0.0,0.0,1.0,0.0,0.9999999999999959,0.0,0.620554248630239,0.3440646434542032,0.6297890051632884,2.925791852116784,0.0,0.0,0.0,0.0,0.0,0.0,0.0,0.0,0.0,0.9999999999999959,0.012204593565534312,0.002434864359718625,0.0,0.0,0.0,0.0
5.337778,-0.008939131433122409,-0.007349157,-0.01368742,1.0021,-0.05623619409331593,-0.09801921774899496,1.0057054618187447,0.9965380200232432,0.7346018673027329,0.9965382032569796,0.0,-0.0070217942459776285,-0.011413562422594361,1.0056082749442843,0.9999998161403199,0.7353169365481159,1.0,0.0025288393258998463,-0.011413069379868976,1.0059232060423793,-0.011413562422594361,1.0056082749442843,-0.011413562422594361,1.0056082749442843,0.0,0.0,0.0,0.6323414397961018,0.0,-0.3138189532543043,0.0023228327405241346,9.192984006655646e-06,-0.7320507118372265,0.0,0.0,0.0,0.9999999999999958,0.0,0.9999999999999958,0.0,0.0,1.0,0.0,0.9999999999999958,0.0,0.620554248630239,0.34406464345420684,0.6297890051632884,2.9257918521167796,0.0,0.0,0.0,0.0,0.0,0.0,0.0,0.0,0.0,0.9999999999999958,0.011413562422594361,0.005608274944288252,0.0,0.0,0.0,0.0
5.423413,-0.013121635204659145,-0.0101631,-0.02153962,1.004537,-0.06092800196569042,-0.10723670670007346,1.001920341695085,0.9965382007255928,0.674370461748706,0.9965382032568852,0.0,-0.010039570746376965,-0.021012101979675735,1.00344403696268,0.9999999974592855,0.6752342958823118,1.0,0.002528839325985211,-0.02101210775029601,1.0030479501786933,-0.021012101979675735,1.00344403696268,-0.021012101979675735,1.00344403696268,0.0,0.0,0.0,0.6623828507884867,0.0,-0.3234225271424984,0.0007044103856546853,1.2703572873909185e-07,-0.6720285307520625,0.0,0.0,0.0,0.9999999999999967,0.0,0.9999999999999967,0.0,0.0,1.0,0.0,0.9999999999999967,0.0,0.620554248630239,0.3440646434541748,0.6297890051632884,2.9257918521168103,0.0,0.0,0.0,0.0,0.0,0.0,0.0,0.0,0.0,0.9999999999999967,0.021012101979675735,0.0034440369626830237,0.0,0.0,0.0,0.0
5.449203,-0.012344126833976855,-0.01132202,-0.02255298,1.007295,-0.0621849031002305,-0.10820776933125972,1.0058849677781552,0.9965382025467119,0.6572179283762246,0.9965382032568562,0.0,-0.011074410155754402,-0.02171255275147308,1.005786826935308,0.9999999992873361,0.6581240680428639,1.0,0.002528839326010924,-0.021712547779849087,1.0062055145820408,-0.02171255275147308,1.005786826935308,-0.02171255275147308,1.005786826935308,0.0,0.0,0.0,0.670937965622236,0.0,-0.32412301289895923,0.0002700320475350158,3.56331961799567e-08,-0.6549355204847499,0.0,0.0,0.0,0.9999999999999968,0.0,0.9999999999999968,0.0,0.0,1.0,0.0,0.9999999999999968,0.0,0.620554248630239,0.3440646434541748,0.6297890051632884,2.9257918521168116,0.0,0.0,0.0,0.0,0.0,0.0,0.0,0.0,0.0,0.9999999999999968,0.02171255275147308,0.005786826935311189,0.0,0.0,0.0,0.0
5.4698340000000005,-0.011412524485342815,-0.01208996,-0.02348087,1.009135,-0.06297287318091223,-0.10911343044903861,1.0078917744302551,0.996538202991364,0.6438111175484554,0.9965382032568342,0.0,-0.011783370317996547,-0.02262188310310236,1.007676504702931,0.9999999997336321,0.644750292224869,1.0,0.0025288393260314945,-0.02262188199381858,1.008315534899837,-0.02262188310310236,1.007676504702931,-0.02262188310310236,1.007676504702931,0.0,0.0,0.0,0.6776248537543814,0.0,-0.3250323582765916,0.00022677726661157258,1.331838961042177e-08,-0.6415752023455201,0.0,0.0,0.0,0.9999999999999968,0.0,0.9999999999999968,0.0,0.0,1.0,0.0,0.9999999999999968,0.0,0.620554248630239,0.3440646434541748,0.6297890051632884,2.925791852116813,0.0,0.0,0.0,0.0,0.0,0.0,0.0,0.0,0.0,0.9999999999999968,0.02262188310310236,0.007676504702934683,0.0,0.0,0.0,0.0
5.48634,-0.010200079350893291,-0.01216605,-0.01820652,1.006075,-0.0635000122286099,-0.10908917438893045,1.0102756196450193,0.9965382031293728,0.6332823158815323,0.9965382032568137,0.0,-0.01223812041046759,-0.022143373839624184,1.009928043642152,0.9999999998721997,0.6342472800270529,1.0,0.002528839326047952,-0.022143374219844175,1.0105211766293614,-0.022143373839624184,1.009928043642152,-0.022143373839624184,1.009928043642152,0.0,0.0,0.0,0.6828763599225731,0.0,-0.3245538539687496,0.0021767878762135673,6.390022553339614e-09,-0.6310827590525624,0.0,0.0,0.0,0.9999999999999968,0.0,0.9999999999999968,0.0,0.0,1.0,0.0,0.9999999999999968,0.0,0.620554248630239,0.3440646434541748,0.6297890051632884,2.925791852116813,0.0,0.0,0.0,0.0,0.0,0.0,0.0,0.0,0.0,0.9999999999999968,0.022143373839624184,0.009928043642155276,0.0,0.0,0.0,0.0
5.519303,-0.007778788367804721,-0.01063899,-0.01196893,1.002339,-0.06302803336035721,-0.10201641495951683,1.0041579647885126,0.9965382032162615,0.6127678150035073,0.9965382032567783,0.0,-0.011317263246138682,-0.01497319514874906,1.003910387483772,0.9999999999593117,0.6137837572942326,1.0,0.002528839326080805,-0.014973195538269226,1.0040838141521133,-0.01497319514874906,1.003910387483772,-0.01497319514874906,1.003910387483772,0.0,0.0,0.0,0.6931081213325394,0.0,-0.31738367746619633,0.00019018217673004906,2.0344183169681093e-09,-0.6106398282243074,0.0,0.0,0.0,0.9999999999999958,0.0,0.9999999999999958,0.0,0.0,1.0,0.0,0.9999999999999958,0.0,0.620554248630239,0.3440646434542051,0.6297890051632884,2.9257918521167823,0.0,0.0,0.0,0.0,0.0,0.0,0.0,0.0,0.0,0.9999999999999958,0.01497319514874906,0.003910387483776428,0.0,0.0,0.0,0.0
5.5455309999999995,-0.005503415683204969,-0.008833415,-0.008628637,1.006354,-0.061567916594169846,-0.09726401952341224,1.0033756048390954,0.9965382032312997,0.5969208122888048,0.9965382032567496,0.0,-0.009649682325283956,-0.009695103590458234,1.003983861718552,0.9999999999744335,0.5979760523544189,1.0,0.002528839326106944,-0.009695104090072132,1.0040858059265445,-0.009695103590458234,1.003983861718552,-0.009695103590458234,1.003983861718552,0.0,0.0,0.0,0.701011973810007,0.0,-0.31210558639625663,0.0014063432577716309,1.2783237045841712e-09,-0.5948480301620998,0.0,0.0,0.0,0.9999999999999968,0.0,0.9999999999999968,0.0,0.0,1.0,0.0,0.9999999999999968,0.0,0.620554248630239,0.3440646434541748,0.6297890051632884,2.925791852116813,0.0,0.0,0.0,0.0,0.0,0.0,0.0,0.0,0.0,0.9999999999999968,0.009695103590458234,0.003983861718555279,0.0,0.0,0.0,0.0
5.591462,-0.0012687072218397857,-0.006478127,-0.008112963,1.006867,-0.05900403991996001,-0.09549081260537357,1.0073404087035667,0.9965382032362329,0.5701501445115804,0.9965382032566995,0.0,-0.007250253752031841,-0.00837565219851452,1.0070220593545105,0.99999999997944,0.5712711803875522,1.0,0.002528839326152734,-0.00837565269262221,1.0076982099281586,-0.00837565219851452,1.0070220593545105,-0.00837565219851452,1.0070220593545105,0.0,0.0,0.0,0.7143644097959437,0.0,-0.3107861351240388,0.001070868377851381,1.028005482944824e-09,-0.5681700306053301,0.0,0.0,0.0,0.9999999999999969,0.0,0.9999999999999969,0.0,0.0,1.0,0.0,0.9999999999999969,0.0,0.620554248630239,0.3440646434541694,0.6297890051632884,2.925791852116815,0.0,0.0,0.0,0.0,0.0,0.0,0.0,0.0,0.0,0.9999999999999969,0.00837565219851452,0.0070220593545138685,0.0,0.0,0.0,0.0
5.625324,0.0018337440897903835,-0.004608541,-0.0008012837,1.002507,-0.05743219036476421,-0.09088499415002986,1.0049782366562716,0.9965382032366503,0.5511856603030494,0.9965382032566632,0.0,-0.005568208584919108,-0.003117039076605823,1.003833129519769,0.9999999999798941,0.5523538560011372,1.0,0.002528839326186486,-0.0031170395773190964,1.0045970454424222,-0.003117039076605823,1.003833129519769,-0.003117039076605823,1.003833129519769,0.0,0.0,0.0,0.7238230719893783,0.0,-0.3055275220200967,6.218411074712397e-06,1.0052947845462466e-09,-0.549271742224759,0.0,0.0,0.0,0.9999999999999968,0.0,0.9999999999999968,0.0,0.0,1.0,0.0,0.9999999999999968,0.0,0.620554248630239,0.3440646434541748,0.6297890051632884,2.925791852116813,0.0,0.0,0.0,0.0,0.0,0.0,0.0,0.0,0.0,0.9999999999999968,0.003117039076605823,0.0038331295197722086,0.0,0.0,0.0,0.0
5.668322,0.005700020420282091,-0.0009186052,0.006657288,1.000571,-0.05417583145951754,-0.08326089339329337,1.0020298554386977,0.996538203236694,0.5280111334209695,0.9965382032566169,0.0,-0.002123705103925472,0.003880798988216347,1.001836825977562,0.9999999999799846,0.5292360886611519,1.0,0.0025288393262293497,0.0038807984875645065,1.0020753034687198,0.003880798988216347,1.001836825977562,0.003880798988216347,1.001836825977562,0.0,0.0,0.0,0.7353819556594161,0.0,-0.2985296839574771,0.0008513139309306439,1.0007691565132658e-09,-0.5261772376858528,0.0,0.0,0.0,0.9999999999999967,0.0,0.9999999999999967,0.0,0.0,1.0,0.0,0.9999999999999967,0.0,0.620554248630239,0.3440646434541748,0.6297890051632884,2.925791852116809,0.0,0.0,0.0,0.0,0.0,0.0,0.0,0.0,0.0,0.9999999999999967,0.003880798988216347,0.0018368259775653896,0.0,0.0,0.0,0.0
5.714709999999999,0.009606125172370413,0.002804706,0.01059831,0.998532,-0.05013816800910576,-0.07722260029871691,1.0013516590404155,0.9965382032366578,0.504100601138606,0.9965382032565708,0.0,0.001909959869900498,0.00973463582631619,1.0005483076618138,0.9999999999799949,0.5053848567488024,1.0,0.0025288393262755727,0.009734635325606356,1.001127957909405,0.00973463582631619,1.0005483076618138,0.00973463582631619,1.0005483076618138,0.0,0.0,0.0,0.7473075716155962,0.0,-0.2926758471196929,0.0002461894449196211,1.000253927386045e-09,-0.5023500066406829,0.0,0.0,0.0,0.9999999999999963,0.0,0.9999999999999963,0.0,0.0,1.0,0.0,0.9999999999999963,0.0,0.620554248630239,0.3440646434541851,0.6297890051632884,2.9257918521167987,0.0,0.0,0.0,0.0,0.0,0.0,0.0,0.0,0.0,0.9999999999999963,0.00973463582631619,0.0005483076618173488,0.0,0.0,0.0,0.0
5.779394,0.01110070847295357,0.007110319,0.01741329,0.9824814,-0.046156947031458305,-0.07148424465209906,0.9873351855673888,0.9965382032365864,0.47255617748791484,0.9965382032564953,0.0,0.006061214359765244,0.015421290303243029,0.9868008635334689,0.9999999999799953,0.4739183763211051,1.0,0.0025288393263400498,0.015421289802513767,0.9869061614480626,0.015421290303243029,0.9868008635334689,0.015421290303243029,0.9868008635334689,0.0,0.0,0.0,0.7630408118294449,0.0,-0.2869891926427984,9.333898246942052e-05,1.0002283980690913e-09,-0.4709151901043959,0.0,0.0,0.0,0.9999999999999959,0.0,0.9999999999999959,0.0,0.0,1.0,0.0,0.9999999999999959,0.0,0.620554248630239,0.3440646434542047,0.6297890051632884,2.9257918521167827,0.0,0.0,0.0,0.0,0.0,0.0,0.0,0.0,0.0,0.9999999999999959,0.015421290303243029,0.013199136466526947,0.0,0.0,0.0,0.0
5.831978,0.012279728144414167,0.008536229,0.01278976,0.9637934,-0.043324367041481564,-0.0700249872238094,0.9732616563251689,0.9965382032365298,0.4483730089865063,0.9965382032564382,0.0,0.00902015829183282,0.014193381017988439,0.9691804866339583,0.9999999999799954,0.44979486195192603,1.0,0.0025288393263924636,0.014193380517258592,0.9757495362753844,0.014193381017988439,0.9691804866339583,0.014193381017988439,0.9691804866339583,0.0,0.0,0.0,0.7751025690140346,0.0,-0.2882171019280532,0.0036213090202710076,1.000230232139388e-09,-0.4468159505930638,0.0,0.0,0.0,0.9999999999999972,0.0,0.9999999999999972,0.0,0.0,1.0,0.0,0.9999999999999972,0.0,0.620554248630239,0.3440646434541597,0.6297890051632884,2.925791852116828,0.0,0.0,0.0,0.0,0.0,0.0,0.0,0.0,0.0,0.9999999999999972,0.014193381017988439,0.030819513366038994,0.0,0.0,0.0,0.0
5.846318,0.0137734716321526,0.008250213,0.01065947,0.9478266,-0.04342678181304365,-0.07311887096576772,0.9671796760789763,0.9965382032365138,0.44199581517903125,0.9965382032564223,0.0,0.008880566801749985,0.012740268411179563,0.9647404922598088,0.9999999999799949,0.4434332218060969,1.0,0.002528839326406759,0.012740267910436252,0.9676488417504897,0.012740268411179563,0.9647404922598088,0.012740268411179563,0.9647404922598088,0.0,0.0,0.0,0.7782833890869488,0.0,-0.2896702145348621,0.007834197665594638,1.000259012217489e-09,-0.4404607119983454,0.0,0.0,0.0,0.9999999999999968,0.0,0.9999999999999968,0.0,0.0,1.0,0.0,0.9999999999999968,0.0,0.620554248630239,0.3440646434541748,0.6297890051632884,2.925791852116813,0.0,0.0,0.0,0.0,0.0,0.0,0.0,0.0,0.0,0.9999999999999968,0.012740268411179563,0.03525950774018791,0.0,0.0,0.0,0.0
5.889318,0.020975439292325655,0.009449716,0.02193257,0.8896111,-0.04420823329078148,-0.06816532597927988,0.9211156481108052,0.9965382032364662,0.4234109733622565,0.9965382032563735,0.0,0.009314356442580368,0.018919364561880037,0.9198390084222864,0.9999999999799953,0.42489450498896,1.0,0.0025288393264496223,0.018919364061149916,0.9209143719017495,0.018919364561880037,0.9198390084222864,0.018919364561880037,0.9198390084222864,0.0,0.0,0.0,0.7875527474955176,0.0,-0.28349111838416163,0.0011146240317185406,1.0002295245540945e-09,-0.42194065020420596,0.0,0.0,0.0,0.9999999999999968,0.0,0.9999999999999968,0.0,0.0,1.0,0.0,0.9999999999999968,0.0,0.620554248630239,0.3440646434541748,0.6297890051632884,2.925791852116812,0.0,0.0,0.0,0.0,0.0,0.0,0.0,0.0,0.0,0.9999999999999968,0.018919364561880037,0.08016099157771035,0.0,0.0,0.0,0.0
5.921881,0.028074108127373792,0.01295211,0.03064286,0.8368737,-0.04304208641442226,-0.06091740960227259,0.8629904260669996,0.996538203236428,0.40985889403263187,0.9965382032563384,0.0,0.011944319208720371,0.028515802542333216,0.8523158684766744,0.9999999999799956,0.41137584683989137,1.0,0.00252883932648208,0.028515802041604633,0.8748667714856966,0.028515802542333216,0.8523158684766744,0.028515802542333216,0.8523158684766744,0.0,0.0,0.0,0.794312076570052,0.0,-0.2738946804037084,0.01515164462481683,1.000225969018329e-09,-0.4084355955251689,0.0,0.0,0.0,0.9999999999999962,0.0,0.9999999999999962,0.0,0.0,1.0,0.0,0.9999999999999962,0.0,0.620554248630239,0.344064643454194,0.6297890051632884,2.9257918521167943,0.0,0.0,0.0,0.0,0.0,0.0,0.0,0.0,0.0,0.9999999999999962,0.028515802542333216,0.14768413152332177,0.0,0.0,0.0,0.0
5.956378,0.036751151961756455,0.01814378,0.03985762,0.7403826,-0.04092734521727322,-0.05208895193308177,0.7788520144217383,0.9965382032363894,0.3959750193260365,0.9965382032563017,0.0,0.01627258219859955,0.036094955553038696,0.7684864247418722,0.9999999999799949,0.39752610607584904,1.0,0.0025288393265164677,0.03609495505229541,0.7783229816843565,0.036094955553038696,0.7684864247418722,0.036094955553038696,0.7684864247418722,0.0,0.0,0.0,0.8012369469520728,0.0,-0.2663155273930031,0.0069406411562589,1.0002585858918475e-09,-0.39459979139088197,0.0,0.0,0.0,0.999999999999996,0.0,0.999999999999996,0.0,0.0,1.0,0.0,0.999999999999996,0.0,0.620554248630239,0.3440646434541969,0.6297890051632884,2.9257918521167876,0.0,0.0,0.0,0.0,0.0,0.0,0.0,0.0,0.0,0.999999999999996,0.036094955553038696,0.23151357525812374,0.0,0.0,0.0,0.0
5.970828,0.04059146483825639,0.02064244,0.04254301,0.6873703,-0.03981789776982723,-0.048403638733878075,0.7493007704559287,0.9965382032363735,0.39029983387748984,0.996538203256285,0.0,0.018514740981352994,0.03867664934126222,0.7491254586155329,0.9999999999799957,0.39186511975778354,1.0,0.0025288393265308746,0.03867664884053652,0.7478341078497425,0.03867664934126222,0.7491254586155329,0.03867664934126222,0.7491254586155329,0.0,0.0,0.0,0.804067440111106,0.0,-0.2637338336047795,0.012957163891295512,1.0002183168266707e-09,-0.388944501574412,0.0,0.0,0.0,0.9999999999999968,0.0,0.9999999999999968,0.0,0.0,1.0,0.0,0.9999999999999968,0.0,0.620554248630239,0.3440646434541748,0.6297890051632884,2.925791852116813,0.0,0.0,0.0,0.0,0.0,0.0,0.0,0.0,0.0,0.9999999999999968,0.03867664934126222,0.2508745413844639,0.0,0.0,0.0,0.0
5.982388,0.043663715139456376,0.02269699,0.04452479,0.6438633,-0.03889273627630901,-0.046001683113782575,0.7144623750373315,0.9965382032363622,0.38581840016713814,0.996538203256271,0.0,0.020437201667276805,0.04232093827075671,0.6718680281522688,0.9999999999799951,0.3873947271799379,1.0,0.0025288393265423966,0.0423209377700176,0.6968327654986877,0.04232093827075671,0.6718680281522688,0.04232093827075671,0.6718680281522688,0.0,0.0,0.0,0.8063026364000285,0.0,-0.260089544675285,-0.009020909453233758,1.0002459778674209e-09,-0.3844786074350045,0.0,0.0,0.0,0.9999999999999966,0.0,0.9999999999999966,0.0,0.0,1.0,0.0,0.9999999999999966,0.0,0.620554248630239,0.34406464345418114,0.6297890051632884,2.9257918521168063,0.0,0.0,0.0,0.0,0.0,0.0,0.0,0.0,0.0,0.9999999999999966,0.04232093827075671,0.32813197184772785,0.0,0.0,0.0,0.0
5.998162,0.04794699279381843,0.02560657,0.04783782,0.6023976,-0.03782097100322342,-0.042886484534800845,0.6539175474985129,0.996538203236343,0.37978645019129414,0.996538203256253,0.0,0.02317243276445847,0.04433628208101421,0.6448979193031276,0.9999999999799951,0.3813775227019456,1.0,0.0025288393265581184,0.04433628158027583,0.6522269337137008,0.04433628208101421,0.6448979193031276,0.04433628208101421,0.6448979193031276,0.0,0.0,0.0,0.8093112386390247,0.0,-0.2580742008650275,-0.0036482762095328865,1.000245909809442e-09,-0.3784674579115699,0.0,0.0,0.0,0.9999999999999957,0.0,0.9999999999999957,0.0,0.0,1.0,0.0,0.9999999999999957,0.0,0.620554248630239,0.3440646434542096,0.6297890051632884,2.9257918521167774,0.0,0.0,0.0,0.0,0.0,0.0,0.0,0.0,0.0,0.9999999999999957,0.04433628208101421,0.3551020806968681,0.0,0.0,0.0,0.0
6.015726,0.053470474371695685,0.02902793,0.05075422,0.5317036,-0.036683278235943535,-0.039340041723659694,0.6006431935373706,0.9965382032363238,0.37318063553061653,0.9965382032562314,0.0,0.02638554580539207,0.048118752589191766,0.5800705943100374,0.9999999999799949,0.3747882118677719,1.0,0.0025288393265756296,0.04811875208844867,0.5952831352244108,0.048118752589191766,0.5800705943100374,0.048118752589191766,0.5800705943100374,0.0,0.0,0.0,0.8126058940561114,0.0,-0.25429173035684993,-0.005861735669562794,1.0002575369431423e-09,-0.3718847777275281,0.0,0.0,0.0,0.9999999999999961,0.0,0.9999999999999961,0.0,0.0,1.0,0.0,0.9999999999999961,0.0,0.620554248630239,0.3440646434541923,0.6297890051632884,2.9257918521167916,0.0,0.0,0.0,0.0,0.0,0.0,0.0,0.0,0.0,0.9999999999999961,0.048118752589191766,0.4199294056899588,0.0,0.0,0.0,0.0
6.029990000000001,0.05795618043106966,0.03192978,0.05351179,0.5017245,-0.035849397669194184,-0.0369722790706121,0.5462322244792772,0.9965382032363066,0.36790062521942934,0.9965382032562166,0.0,0.029123058835287402,0.05002931787093426,0.5402844322683236,0.9999999999799954,0.3695211794966903,1.0,0.002528839326589852,0.05002931737020751,0.5424563597364432,0.05002931787093426,0.5402844322683236,0.05002931787093426,0.5402844322683236,0.0,0.0,0.0,0.8152394102416525,0.0,-0.2523811650751073,-0.014695377050456034,1.0002224571531296e-09,-0.3666230454325489,0.0,0.0,0.0,0.9999999999999968,0.0,0.9999999999999968,0.0,0.0,1.0,0.0,0.9999999999999968,0.0,0.620554248630239,0.3440646434541748,0.6297890051632884,2.925791852116813,0.0,0.0,0.0,0.0,0.0,0.0,0.0,0.0,0.0,0.9999999999999968,0.05002931787093426,0.4597155677316732,0.0,0.0,0.0,0.0
6.044312,0.06256678312122264,0.03496374,0.05638169,0.4638045,-0.03504206573416938,-0.03411014843741877,0.5125687917135494,0.996538203236289,0.36267435890567945,0.9965382032561998,0.0,0.03200905298419873,0.05411326321984887,0.494027654815587,0.9999999999799949,0.364307749168091,1.0,0.002528839326604122,0.054113262719106735,0.5128013478566475,0.05411326321984887,0.494027654815587,0.05411326321984887,0.494027654815587,0.0,0.0,0.0,0.8178461254059518,0.0,-0.2482972197261928,-0.0008143635022854058,1.000252513406001e-09,-0.36141486124172684,0.0,0.0,0.0,0.9999999999999968,0.0,0.9999999999999968,0.0,0.0,1.0,0.0,0.9999999999999968,0.0,0.620554248630239,0.3440646434541748,0.6297890051632884,2.925791852116813,0.0,0.0,0.0,0.0,0.0,0.0,0.0,0.0,0.0,0.9999999999999968,0.05411326321984887,0.5059723451844098,0.0,0.0,0.0,0.0
6.059714,0.06867497587955532,0.0383355,0.05860262,0.4249554,-0.034060321044919864,-0.031163963533054735,0.4730603908988507,0.9965382032362725,0.3571367304942123,0.9965382032561816,0.0,0.035260422853841664,0.05584422818517662,0.4691750733948306,0.9999999999799954,0.3587838276872314,1.0,0.002528839326619477,0.0558442276844494,0.47224895186852334,0.05584422818517662,0.4691750733948306,0.05584422818517662,0.4691750733948306,0.0,0.0,0.0,0.8206080861463819,0.0,-0.2465662547608651,0.0004047888955720396,1.0002238207928703e-09,-0.35589649833772186,0.0,0.0,0.0,0.9999999999999959,0.0,0.9999999999999959,0.0,0.0,1.0,0.0,0.9999999999999959,0.0,0.620554248630239,0.3440646434542032,0.6297890051632884,2.925791852116784,0.0,0.0,0.0,0.0,0.0,0.0,0.0,0.0,0.0,0.9999999999999959,0.05584422818517662,0.5308249266051653,0.0,0.0,0.0,0.0
6.082122,0.07756163886674673,0.04336602,0.06182108,0.3699875,-0.03264555456744331,-0.028010081649648647,0.4166704501448138,0.9965382032362473,0.34923083174476804,0.9965382032561554,0.0,0.04012270509213011,0.05996163089753297,0.39301883676067895,0.9999999999799953,0.35089750033913036,1.0,0.0025288393266418136,0.05996163039679951,0.41359705314251816,0.05996163089753297,0.39301883676067895,0.05996163089753297,0.39301883676067895,0.0,0.0,0.0,0.8245512498204324,0.0,-0.2424488520485087,-0.0016373292896969883,1.000236560896424e-09,-0.3480181067933456,0.0,0.0,0.0,0.9999999999999964,0.0,0.9999999999999964,0.0,0.0,1.0,0.0,0.9999999999999964,0.0,0.620554248630239,0.34406464345418625,0.6297890051632884,2.925791852116802,0.0,0.0,0.0,0.0,0.0,0.0,0.0,0.0,0.0,0.9999999999999964,0.05996163089753297,0.6069811632393175,0.0,0.0,0.0,0.0
6.12812,0.09782248899742223,0.05496965,0.07127159,0.2727557,-0.029191474895593005,-0.01838261293997131,0.3125062444969075,0.9965382032361962,0.33354634883563994,0.9965382032561072,0.0,0.051470285825923535,0.06874670990793805,0.3057100799730267,0.9999999999799951,0.33525163340543007,1.0,0.002528839326687664,0.06874670940719954,0.312693961579257,0.06874670990793805,0.3057100799730267,0.06874670990793805,0.3057100799730267,0.0,0.0,0.0,0.8323741832872824,0.0,-0.2336637730381037,-0.00011338005885651711,1.0002462082373908e-09,-0.3323879838839036,0.0,0.0,0.0,0.9999999999999967,0.0,0.9999999999999967,0.0,0.0,1.0,0.0,0.9999999999999967,0.0,0.620554248630239,0.3440646434541748,0.6297890051632884,2.9257918521168094,0.0,0.0,0.0,0.0,0.0,0.0,0.0,0.0,0.0,0.9999999999999967,0.06874670990793805,0.69428992002697,0.0,0.0,0.0,0.0
6.168121,0.11927389434587912,0.06618933,0.07734697,0.2139267,-0.025556626753713813,-0.012097178165024794,0.2423673115303064,0.9965382032361523,0.32048039746158546,0.9965382032560646,0.0,0.06233993107204979,0.07525222807877242,0.24041855721946806,0.9999999999799951,0.32221793489888856,1.0,0.0025288393267275393,0.0752522275780339,0.24538579676214514,0.07525222807877242,0.24041855721946806,0.07525222807877242,0.24041855721946806,0.0,0.0,0.0,0.8388910325405531,0.0,-0.2271582548672693,0.009312391357576109,1.0002462011319633e-09,-0.3193674008452556,0.0,0.0,0.0,0.9999999999999967,0.0,0.9999999999999967,0.0,0.0,1.0,0.0,0.9999999999999967,0.0,0.620554248630239,0.3440646434541748,0.6297890051632884,2.9257918521168094,0.0,0.0,0.0,0.0,0.0,0.0,0.0,0.0,0.0,0.9999999999999967,0.07525222807877242,0.7595814427805285,0.0,0.0,0.0,0.0
6.2169300000000005,0.15379293454036647,0.08333557,0.09816899,0.1656349,-0.01889155813225335,0.00466018114859419,0.17765076824598444,0.996538203236102,0.30522866426006284,0.9965382032560145,0.0,0.07834518550958365,0.09323892035250915,0.17860401537757534,0.999999999979995,0.30700396172032035,1.0,0.002528839326776189,0.09323891985176751,0.183231505113667,0.09323892035250915,0.17860401537757534,0.09323892035250915,0.17860401537757534,0.0,0.0,0.0,0.8464980191298372,0.0,-0.2091715625935325,0.004225545489573253,1.0002546636959462e-09,-0.3041687370876188,0.0,0.0,0.0,0.9999999999999959,0.0,0.9999999999999959,0.0,0.0,1.0,0.0,0.9999999999999959,0.0,0.620554248630239,0.34406464345420085,0.6297890051632884,2.9257918521167845,0.0,0.0,0.0,0.0,0.0,0.0,0.0,0.0,0.0,0.9999999999999959,0.09323892035250915,0.8213959846224206,0.0,0.0,0.0,0.0
6.260376,0.1935595746726284,0.1021513,0.1104609,0.1275796,-0.00832077602969577,0.016869281912853397,0.13543675459111462,0.9965382032360561,0.2922642968265467,0.9965382032559695,0.0,0.0962321699914534,0.1039267683560535,0.1336497927855638,0.9999999999799956,0.2940716663746704,1.0,0.002528839326819496,0.10392676785532724,0.1352752152667163,0.1039267683560535,0.1336497927855638,0.1039267683560535,0.1336497927855638,0.0,0.0,0.0,0.8529641668026624,0.0,-0.1984837145899881,-0.008776555355507733,1.0002205500337821e-09,-0.29124945517052575,0.0,0.0,0.0,0.9999999999999959,0.0,0.9999999999999959,0.0,0.0,1.0,0.0,0.9999999999999959,0.0,0.620554248630239,0.3440646434542032,0.6297890051632884,2.925791852116784,0.0,0.0,0.0,0.0,0.0,0.0,0.0,0.0,0.0,0.9999999999999959,0.1039267683560535,0.8663502072144321,0.0,0.0,0.0,0.0
6.301863999999999,0.2404577445078803,0.1214982,0.121717,0.08811337,0.0035913756585757256,0.02850445407758577,0.10746551411527826,0.9965382032360124,0.28039860245496595,0.9965382032559241,0.0,0.11465990920247691,0.11770670823387601,0.09705573355218658,0.9999999999799956,0.2822352209211619,1.0,0.002528839326860849,0.11770670773314762,0.10816101872463682,0.11770670823387601,0.09705573355218658,0.11770670823387601,0.09705573355218658,0.0,0.0,0.0,0.8588823895294166,0.0,-0.1847037747121657,-0.00156370290257881,1.0002252218734015e-09,-0.2794249204206578,0.0,0.0,0.0,0.9999999999999961,0.0,0.9999999999999961,0.0,0.0,1.0,0.0,0.9999999999999961,0.0,0.620554248630239,0.34406464345419474,0.6297890051632884,2.9257918521167934,0.0,0.0,0.0,0.0,0.0,0.0,0.0,0.0,0.0,0.9999999999999961,0.11770670823387601,0.9029442664478096,0.0,0.0,0.0,0.0
6.315583,0.2609627164347892,0.1294702,0.1425021,0.07768118,0.007818179047990636,0.03626686025549114,0.09408172128672702,0.996538203235996,0.27658201673344407,0.9965382032559084,0.0,0.12140162458734792,0.1286859786477182,0.08892851503600263,0.9999999999799949,0.2784280627443723,1.0,0.002528839326874525,0.12868597814697513,0.09593114083910491,0.1286859786477182,0.08892851503600263,0.1286859786477182,0.08892851503600263,0.0,0.0,0.0,0.8607859686178112,0.0,-0.1737245042983236,-0.0008764974700215075,1.0002570289050863e-09,-0.27562159328697405,0.0,0.0,0.0,0.9999999999999961,0.0,0.9999999999999961,0.0,0.0,1.0,0.0,0.9999999999999961,0.0,0.620554248630239,0.3440646434541913,0.6297890051632884,2.9257918521167925,0.0,0.0,0.0,0.0,0.0,0.0,0.0,0.0,0.0,0.9999999999999961,0.1286859786477182,0.9110714849639935,0.0,0.0,0.0,0.0
6.323201,0.2723488871570853,0.1347683,0.148836,0.0763442,0.010702782821213615,0.043774716544874956,0.087327247106015,0.9965382032359883,0.27448501149393056,0.9965382032559011,0.0,0.12585451787628668,0.1416549476958023,0.08177693252114392,0.999999999979995,0.2763362590379885,1.0,0.0025288393268821175,0.14165494719506055,0.08868938132234397,0.1416549476958023,0.08177693252114392,0.1416549476958023,0.08177693252114392,0.0,0.0,0.0,0.8618318704710032,0.0,-0.16075553525023928,-0.0010210990790350573,1.000252325411566e-09,-0.27353189450762394,0.0,0.0,0.0,0.9999999999999967,0.0,0.9999999999999967,0.0,0.0,1.0,0.0,0.9999999999999967,0.0,0.620554248630239,0.3440646434541748,0.6297890051632884,2.92579185211681,0.0,0.0,0.0,0.0,0.0,0.0,0.0,0.0,0.0,0.9999999999999967,0.1416549476958023,0.9182230674788527,0.0,0.0,0.0,0.0
6.344259,0.30382302512900883,0.1503063,0.162177,0.0709098,0.021468334995683992,0.06401270268611625,0.0828474652707021,0.996538203235966,0.2687710713313383,0.9965382032558764,0.0,0.1404706041760319,0.1551588541857178,0.07957031744499099,0.9999999999799949,0.27063635525928237,1.0,0.00252883932690311,0.1551588536849758,0.08370795212828705,0.1551588541857178,0.07957031744499099,0.1551588541857178,0.07957031744499099,0.0,0.0,0.0,0.8646818223603562,0.0,-0.1472516287603238,0.005851060729949862,1.000252325411566e-09,-0.2678377263921236,0.0,0.0,0.0,0.9999999999999968,0.0,0.9999999999999968,0.0,0.0,1.0,0.0,0.9999999999999968,0.0,0.620554248630239,0.3440646434541748,0.6297890051632884,2.925791852116813,0.0,0.0,0.0,0.0,0.0,0.0,0.0,0.0,0.0,0.9999999999999968,0.1551588541857178,0.9204296825550058,0.0,0.0,0.0,0.0
6.362955,0.33401119565735127,0.1648217,0.1714554,0.05762999,0.032512569381295375,0.07420395920647728,0.07155617674238168,0.9965382032359432,0.26379772697535236,0.9965382032558554,0.0,0.15428419756917278,0.1656628425314469,0.06524903748262635,0.999999999979995,0.2656753355982924,1.0,0.002528839326921744,0.16566284203070522,0.06988829781961439,0.1656628425314469,0.06524903748262635,0.1656628425314469,0.06524903748262635,0.0,0.0,0.0,0.8671623321908513,0.0,-0.13674764041459472,0.00035335792101681,1.0002522077376284e-09,-0.2628816988746918,0.0,0.0,0.0,0.9999999999999967,0.0,0.9999999999999967,0.0,0.0,1.0,0.0,0.9999999999999967,0.0,0.620554248630239,0.3440646434541749,0.6297890051632884,2.925791852116809,0.0,0.0,0.0,0.0,0.0,0.0,0.0,0.0,0.0,0.9999999999999967,0.1656628425314469,0.9347509625173703,0.0,0.0,0.0,0.0
6.370602,0.3479215901198784,0.1709213,0.1754636,0.05208275,0.037246532566772295,0.07811057845366726,0.06620680561940742,0.9965382032359358,0.2617901865270053,0.996538203255847,0.0,0.1601011993398054,0.1656644472788591,0.0652467704496249,0.9999999999799956,0.2636727987197069,1.0,0.0025288393269293683,0.16566444677813305,0.06652717940318466,0.1656644472788591,0.0652467704496249,0.1656644472788591,0.0652467704496249,0.0,0.0,0.0,0.8681636006301443,0.0,-0.1367460356671827,0.00035143094482074444,1.0002194334302264e-09,-0.26088117709627945,0.0,0.0,0.0,0.9999999999999968,0.0,0.9999999999999968,0.0,0.0,1.0,0.0,0.9999999999999968,0.0,0.620554248630239,0.3440646434541748,0.6297890051632884,2.925791852116813,0.0,0.0,0.0,0.0,0.0,0.0,0.0,0.0,0.0,0.9999999999999968,0.1656644472788591,0.9347532295503719,0.0,0.0,0.0,0.0
6.395072,0.39243412477373735,0.1911631,0.1921511,0.05366564,0.05311706784341726,0.09360849743236722,0.05911525727022675,0.9965382032359081,0.25546826954460067,0.996538203255824,0.0,0.17959948766930592,0.1848781086471993,0.06087999433308038,0.9999999999799949,0.2573664943171983,1.0,0.0025288393269537555,0.18487810814645664,0.06320827042707966,0.1848781086471993,0.06087999433308038,0.1848781086471993,0.06087999433308038,0.0,0.0,0.0,0.8713167528313982,0.0,-0.11753237429884233,0.004182820437632243,1.0002552134683966e-09,-0.2545812185619687,0.0,0.0,0.0,0.9999999999999962,0.0,0.9999999999999962,0.0,0.0,1.0,0.0,0.9999999999999962,0.0,0.620554248630239,0.3440646434541877,0.6297890051632884,2.925791852116796,0.0,0.0,0.0,0.0,0.0,0.0,0.0,0.0,0.0,0.9999999999999962,0.1848781086471993,0.9391200056669159,0.0,0.0,0.0,0.0
6.415344999999999,0.4292120509815749,0.2108046,0.2237567,0.0467301,0.06746874984809759,0.1065026876896506,0.053368171527604945,0.9965382032358885,0.25034637571722584,0.9965382032558031,0.0,0.19658829197054709,0.1976175817709353,0.05177956117084574,0.9999999999799949,0.25225728512487516,1.0,0.0025288393269739576,0.1976175812701924,0.0541635259772506,0.1976175817709353,0.05177956117084574,0.1976175817709353,0.05177956117084574,0.0,0.0,0.0,0.8738713574275598,0.0,-0.10479290117510641,0.00029651160476117246,1.0002561833592309e-09,-0.24947715063242898,0.0,0.0,0.0,0.9999999999999962,0.0,0.9999999999999962,0.0,0.0,1.0,0.0,0.9999999999999962,0.0,0.620554248630239,0.3440646434541896,0.6297890051632884,2.9257918521167943,0.0,0.0,0.0,0.0,0.0,0.0,0.0,0.0,0.0,0.9999999999999962,0.1976175817709353,0.9482204388291504,0.0,0.0,0.0,0.0
6.434906,0.4645756187259283,0.2346806,0.2597297,0.03877989,0.08487308172019058,0.14794503676352752,0.04679456413278521,0.9965382032358687,0.24550178572051662,0.9965382032557825,0.0,0.21817432749719176,0.24476075661691163,0.0435336505542839,0.9999999999799949,0.24742462062333292,1.0,0.002528839326993457,0.24476075611616913,0.04677343063527137,0.24476075661691163,0.0435336505542839,0.24476075661691163,0.0435336505542839,0.0,0.0,0.0,0.8762876896783309,0.0,-0.05764972632912997,-0.0012280840013026444,1.000254623717926e-09,-0.2446493491140237,0.0,0.0,0.0,0.9999999999999963,0.0,0.9999999999999963,0.0,0.0,1.0,0.0,0.9999999999999963,0.0,0.620554248630239,0.34406464345418647,0.6297890051632884,2.9257918521167974,0.0,0.0,0.0,0.0,0.0,0.0,0.0,0.0,0.0,0.9999999999999963,0.24476075661691163,0.9564663494457125,0.0,0.0,0.0,0.0
6.464276,0.5162099838923502,0.2761288,0.2941225,0.03600416,0.11979100432748983,0.18266126587351542,0.03367727026369133,0.9965382032358403,0.23840326496504294,0.9965382032557518,0.0,0.25717945724254293,0.277971654452519,0.03322355421200929,0.9999999999799949,0.2403435573066231,1.0,0.00252883932702273,0.2779716539517768,0.03667995058397149,0.277971654452519,0.03322355421200929,0.277971654452519,0.03322355421200929,0.0,0.0,0.0,0.8798282213366858,0.0,-0.02443882849352272,-0.0014604953355666214,1.0002523855083086e-09,-0.23757541128502072,0.0,0.0,0.0,0.9999999999999968,0.0,0.9999999999999968,0.0,0.0,1.0,0.0,0.9999999999999968,0.0,0.620554248630239,0.3440646434541748,0.6297890051632884,2.925791852116813,0.0,0.0,0.0,0.0,0.0,0.0,0.0,0.0,0.0,0.9999999999999968,0.277971654452519,0.9667764457879875,0.0,0.0,0.0,0.0
6.487069999999999,0.5540236141003173,0.3106081,0.3217753,0.03406091,0.1499769175962302,0.2123197302217707,0.037814593900992545,0.9965382032358153,0.23303596256589457,0.9965382032557273,0.0,0.2900262601680719,0.3037202013179098,0.03696548886663885,0.999999999979995,0.2349895618065987,1.0,0.002528839327045448,0.3037202008171685,0.03761914297758763,0.3037202013179098,0.03696548886663885,0.3037202013179098,0.03696548886663885,0.0,0.0,0.0,0.8825052190866981,0.0,0.0013097183718680742,0.004228046997403842,1.000253668936116e-09,-0.23222680336979926,0.0,0.0,0.0,0.9999999999999968,0.0,0.9999999999999968,0.0,0.0,1.0,0.0,0.9999999999999968,0.0,0.620554248630239,0.3440646434541748,0.6297890051632884,2.925791852116811,0.0,0.0,0.0,0.0,0.0,0.0,0.0,0.0,0.0,0.9999999999999968,0.3037202013179098,0.9630345111333579,0.0,0.0,0.0,0.0
6.514968,0.5982020013582461,0.3550636,0.3529525,0.02852427,0.19003375566311734,0.24407032390954372,0.03255938817679336,0.9965382032357838,0.22663093244923058,0.9965382032556965,0.0,0.3327990692690711,0.337790657905833,0.031072498189425934,0.9999999999799949,0.22860034089160194,1.0,0.002528839327073258,0.33779065740509046,0.03187965616719104,0.337790657905833,0.031072498189425934,0.337790657905833,0.031072498189425934,0.0,0.0,0.0,0.8856998295441963,0.0,0.03538017495979143,0.000497683277707106,1.000254843986174e-09,-0.22584401175970215,0.0,0.0,0.0,0.9999999999999963,0.0,0.9999999999999963,0.0,0.0,1.0,0.0,0.9999999999999963,0.0,0.620554248630239,0.3440646434541869,0.6297890051632884,2.925791852116797,0.0,0.0,0.0,0.0,0.0,0.0,0.0,0.0,0.0,0.9999999999999963,0.337790657905833,0.9689275018105704,0.0,0.0,0.0,0.0
6.526945,0.6166458637538405,0.3734996,0.3458461,0.02428401,0.208034487135999,0.25695817147275685,0.029677088824743677,0.9965382032357716,0.22393544929783896,0.9965382032556834,0.0,0.35182349819394587,0.3477330207868611,0.028463162804466,0.999999999979995,0.22591152325389566,1.0,0.0025288393270851985,0.34773302028611947,0.029326860377035708,0.3477330207868611,0.028463162804466,0.3477330207868611,0.028463162804466,0.0,0.0,0.0,0.8870442383630496,0.0,0.045322537840819424,-0.0012096000979507182,1.0002545571145357e-09,-0.22315789980843873,0.0,0.0,0.0,0.9999999999999968,0.0,0.9999999999999968,0.0,0.0,1.0,0.0,0.9999999999999968,0.0,0.620554248630239,0.3440646434541748,0.6297890051632884,2.9257918521168116,0.0,0.0,0.0,0.0,0.0,0.0,0.0,0.0,0.0,0.9999999999999968,0.3477330207868611,0.9715368371955307,0.0,0.0,0.0,0.0
6.532496,0.6251940711645385,0.3814283,0.3468947,0.02365848,0.21644698844964316,0.259532107685905,0.028446882289012657,0.9965382032357658,0.22269701124418928,0.9965382032556775,0.0,0.3604336470139544,0.3431800422570587,0.02616964009017975,0.9999999999799951,0.22467611204615995,1.0,0.0025288393270907336,0.34318004175631905,0.027719308060561953,0.3431800422570587,0.02616964009017975,0.3431800422570587,0.02616964009017975,0.0,0.0,0.0,0.8876619439669176,0.0,0.040769559311017,-0.0023606924904629512,1.0002471645093653e-09,-0.2219237317624963,0.0,0.0,0.0,0.9999999999999968,0.0,0.9999999999999968,0.0,0.0,1.0,0.0,0.9999999999999968,0.0,0.620554248630239,0.34406464345416965,0.6297890051632884,2.9257918521168143,0.0,0.0,0.0,0.0,0.0,0.0,0.0,0.0,0.0,0.9999999999999968,0.3431800422570587,0.973830359909817,0.0,0.0,0.0,0.0
6.548642,0.6484382806684632,0.4041332,0.3581127,0.01990214,0.23915511234156606,0.25799404670092596,0.024096775972275587,0.9965382032357484,0.21913387651164296,0.9965382032556582,0.0,0.38346995965071046,0.344893268681692,0.023243160461267297,0.9999999999799952,0.22112170895166022,1.0,0.002528839327106827,0.34489326818095667,0.02410390767657112,0.344893268681692,0.023243160461267297,0.344893268681692,0.023243160461267297,0.0,0.0,0.0,0.8894391455141674,0.0,0.042482785735650216,-0.004112383961353187,1.0002395443417547e-09,-0.2183729053703098,0.0,0.0,0.0,0.9999999999999967,0.0,0.9999999999999967,0.0,0.0,1.0,0.0,0.9999999999999967,0.0,0.620554248630239,0.3440646434541748,0.6297890051632884,2.92579185211681,0.0,0.0,0.0,0.0,0.0,0.0,0.0,0.0,0.0,0.9999999999999967,0.344893268681692,0.9767568395387294,0.0,0.0,0.0,0.0
6.569513,0.6777505310726362,0.4334294,0.3770152,0.02355447,0.26691086486340526,0.2738356890010407,0.024284175704589208,0.9965382032357265,0.21461217018007941,0.9965382032556357,0.0,0.41253834851745375,0.3627268375863193,0.025124572632626883,0.9999999999799954,0.21661121483690038,1.0,0.002528839327127631,0.3627268370855908,0.025896379859343545,0.3627268375863193,0.025124572632626883,0.3627268375863193,0.025124572632626883,0.0,0.0,0.0,0.8916943925715474,0.0,0.06031635464027773,4.511206949481617e-05,1.0002266342307307e-09,-0.21386695004710068,0.0,0.0,0.0,0.9999999999999968,0.0,0.9999999999999968,0.0,0.0,1.0,0.0,0.9999999999999968,0.0,0.620554248630239,0.3440646434541748,0.6297890051632884,2.9257918521168125,0.0,0.0,0.0,0.0,0.0,0.0,0.0,0.0,0.0,0.9999999999999968,0.3627268375863193,0.9748754273673699,0.0,0.0,0.0,0.0
6.5919929999999995,0.7070736528645154,0.4650822,0.3954327,0.02155941,0.29704888735701146,0.29105003333516,0.02369055391170332,0.9965382032357003,0.20984622465592728,0.9965382032556123,0.0,0.443872168500204,0.3862823392230086,0.02250453738720667,0.9999999999799954,0.21185704569620148,1.0,0.0025288393271500433,0.3862823387222787,0.02381661620988314,0.3862823392230086,0.02250453738720667,0.3862823392230086,0.02250453738720667,0.0,0.0,0.0,0.8940714771418967,0.0,0.08387185627696703,0.00039506676278663807,1.0002308913849133e-09,-0.2091175649017191,0.0,0.0,0.0,0.9999999999999972,0.0,0.9999999999999972,0.0,0.0,1.0,0.0,0.9999999999999972,0.0,0.620554248630239,0.3440646434541604,0.6297890051632884,2.925791852116827,0.0,0.0,0.0,0.0,0.0,0.0,0.0,0.0,0.0,0.9999999999999972,0.3862823392230086,0.9774954626127906,0.0,0.0,0.0,0.0
6.616874999999999,0.7374558027604864,0.4992432,0.4070445,0.01842141,0.3307076565998992,0.31239694388834693,0.02136909045964196,0.9965382032356722,0.20469447244100586,0.9965382032555833,0.0,0.4787916343927901,0.4024226402485813,0.021035266231396628,0.999999999979995,0.20671800540082627,1.0,0.0025288393271748373,0.4024226397478395,0.02193033873131508,0.4024226402485813,0.021035266231396628,0.4024226402485813,0.021035266231396628,0.0,0.0,0.0,0.8966409972895844,0.0,0.10001215730253965,0.000699245701334785,1.0002550544944508e-09,-0.20398369588737708,0.0,0.0,0.0,0.9999999999999959,0.0,0.9999999999999959,0.0,0.0,1.0,0.0,0.9999999999999959,0.0,0.620554248630239,0.34406464345420046,0.6297890051632884,2.9257918521167845,0.0,0.0,0.0,0.0,0.0,0.0,0.0,0.0,0.0,0.9999999999999959,0.4024226402485813,0.9789647337685993,0.0,0.0,0.0,0.0
6.653948000000001,0.7807092305776313,0.5469813,0.427125,0.01869839,0.37786061109906577,0.32576835053832387,0.01770520729232009,0.9965382032356331,0.1972520527437835,0.9965382032555449,0.0,0.5266321566767035,0.41756904032543984,0.01788141261467979,0.9999999999799949,0.19929398957551153,1.0,0.0025288393272117865,0.4175690398246977,0.018268780371630284,0.41756904032543984,0.01788141261467979,0.41756904032543984,0.01788141261467979,0.0,0.0,0.0,0.9003530052022416,0.0,0.11515855737939804,-1.3041007772109471e-05,1.000252325411566e-09,-0.19656715065384894,0.0,0.0,0.0,0.9999999999999964,0.0,0.9999999999999964,0.0,0.0,1.0,0.0,0.9999999999999964,0.0,0.620554248630239,0.3440646434541802,0.6297890051632884,2.9257918521168036,0.0,0.0,0.0,0.0,0.0,0.0,0.0,0.0,0.0,0.9999999999999964,0.41756904032543984,0.9821185873853168,0.0,0.0,0.0,0.0
6.684388,0.8140455306374925,0.5834803,0.4401264,0.01688606,0.4145672417897291,0.3441297830724503,0.017799612809773258,0.9965382032355957,0.1913440216232332,0.9965382032555067,0.0,0.5640369383823871,0.433321115471634,0.01807815907268982,0.9999999999799949,0.1934005418510493,1.0,0.0025288393272421316,0.43332111497089193,0.018452930089742973,0.433321115471634,0.01807815907268982,0.433321115471634,0.01807815907268982,0.0,0.0,0.0,0.9032997290644728,0.0,0.1309106325255924,0.0008873243399149927,1.0002527834122405e-09,-0.1906796333507643,0.0,0.0,0.0,0.9999999999999968,0.0,0.9999999999999968,0.0,0.0,1.0,0.0,0.9999999999999968,0.0,0.620554248630239,0.3440646434541748,0.6297890051632884,2.925791852116813,0.0,0.0,0.0,0.0,0.0,0.0,0.0,0.0,0.0,0.9999999999999968,0.433321115471634,0.9819218409273069,0.0,0.0,0.0,0.0
6.730916,0.861678359408383,0.6361709,0.4674976,0.01746036,0.46739797984020914,0.3672538762283494,0.016943164223702803,0.9965382032355485,0.18265369919950883,0.9965382032554592,0.0,0.6171803028801267,0.4549780771044281,0.01712146404199721,0.9999999999799957,0.18473163308337193,1.0,0.0025288393272885072,0.45497807660370254,0.01719633495374968,0.4549780771044281,0.01712146404199721,0.4549780771044281,0.01712146404199721,0.0,0.0,0.0,0.9076341834483117,0.0,0.1525675941583864,0.0003405984165667466,1.0002178820429853e-09,-0.18201944787788307,0.0,0.0,0.0,0.9999999999999968,0.0,0.9999999999999968,0.0,0.0,1.0,0.0,0.9999999999999968,0.0,0.620554248630239,0.3440646434541748,0.6297890051632884,2.925791852116813,0.0,0.0,0.0,0.0,0.0,0.0,0.0,0.0,0.0,0.9999999999999968,0.4549780771044281,0.9828785359579996,0.0,0.0,0.0,0.0
6.772329,0.9015899627096828,0.6792927,0.4809909,0.01701697,0.51249624236825,0.38659342647895717,0.015581034778105319,0.9965382032355042,0.17525122414135488,0.9965382032554159,0.0,0.6621832058421965,0.4745474766829243,0.01693723525216599,0.9999999999799951,0.17734744026277435,1.0,0.002528839327329788,0.47454747618218546,0.017030704083407344,0.4745474766829243,0.01693723525216599,0.4745474766829243,0.01693723525216599,0.0,0.0,0.0,0.9113262798586103,0.0,0.1721369937368826,0.00015573985353743892,1.000245329609322e-09,-0.17464268557622578,0.0,0.0,0.0,0.9999999999999969,0.0,0.9999999999999969,0.0,0.0,1.0,0.0,0.9999999999999969,0.0,0.620554248630239,0.3440646434541678,0.6297890051632884,2.925791852116816,0.0,0.0,0.0,0.0,0.0,0.0,0.0,0.0,0.0,0.9999999999999969,0.4745474766829243,0.9830627647478309,0.0,0.0,0.0,0.0
6.811715,0.9375510809542353,0.7168685,0.4990542,0.01564637,0.5508351579491854,0.4013692534875738,0.016382718805777245,0.9965382032354668,0.16848964229238947,0.9965382032553813,0.0,0.700083896339682,0.4938804797640695,0.016257507997048917,0.9999999999799957,0.1706025271014834,1.0,0.0025288393273690483,0.49388047926334505,0.016521200158512616,0.4938804797640695,0.016257507997048917,0.4938804797640695,0.016257507997048917,0.0,0.0,0.0,0.914698736439256,0.0,0.19146999681802776,-8.544927824877572e-05,1.000216798274778e-09,-0.16790455964357331,0.0,0.0,0.0,0.9999999999999971,0.0,0.9999999999999971,0.0,0.0,1.0,0.0,0.9999999999999971,0.0,0.620554248630239,0.3440646434541601,0.6297890051632884,2.9257918521168245,0.0,0.0,0.0,0.0,0.0,0.0,0.0,0.0,0.0,0.9999999999999971,0.4938804797640695,0.9837424920029482,0.0,0.0,0.0,0.0
6.853962,0.9748134548499745,0.7555113,0.5179019,0.01400189,0.5901845299587947,0.4215057396365388,0.015499292075850424,0.9965382032354253,0.1615265831635695,0.9965382032553347,0.0,0.7391443743027193,0.5105010664601436,0.01383915048440821,0.9999999999799949,0.16365669208808536,1.0,0.0025288393274111687,0.5105010659594016,0.01407585540851609,0.5105010664601436,0.01383915048440821,0.5105010664601436,0.01383915048440821,0.0,0.0,0.0,0.9181716539459546,0.0,0.208090583514102,-0.0020973344646371913,1.000252325411566e-09,-0.16096571404118515,0.0,0.0,0.0,0.9999999999999964,0.0,0.9999999999999964,0.0,0.0,1.0,0.0,0.9999999999999964,0.0,0.620554248630239,0.3440646434541803,0.6297890051632884,2.9257918521168036,0.0,0.0,0.0,0.0,0.0,0.0,0.0,0.0,0.0,0.9999999999999964,0.5105010664601436,0.9861608495155882,0.0,0.0,0.0,0.0
6.9100399999999995,1.0220244987733713,0.804134,0.54336,0.01520555,0.6398409732845265,0.44565206723538514,0.014913138370760947,0.9965382032353689,0.15272644583563122,0.9965382032552818,0.0,0.7879377788800211,0.5333318002113213,0.01509691605933704,0.9999999999799954,0.15487824958376284,1.0,0.002528839327467078,0.5333317997105945,0.015274112140894464,0.5333318002113213,0.01509691605933704,0.5333318002113213,0.01509691605933704,0.0,0.0,0.0,0.9225608751981162,0.0,0.2309213172652797,-0.0002842882091534839,1.0002222101169445e-09,-0.15219610505256687,0.0,0.0,0.0,0.9999999999999968,0.0,0.9999999999999968,0.0,0.0,1.0,0.0,0.9999999999999968,0.0,0.620554248630239,0.3440646434541748,0.6297890051632884,2.925791852116813,0.0,0.0,0.0,0.0,0.0,0.0,0.0,0.0,0.0,0.9999999999999968,0.5333318002113213,0.9849030839406597,0.0,0.0,0.0,0.0
6.984487,1.0811222753763958,0.864256,0.5735119,0.01286847,0.7018258325004435,0.47783384553024605,0.014772617020264127,0.9965382032352958,0.14177993926864862,0.9965382032552091,0.0,0.8484705777028863,0.5674580294653497,0.014594243467293025,0.9999999999799949,0.143958793916429,1.0,0.0025288393275412924,0.5674580289646075,0.01483714603109071,0.5674580294653497,0.014594243467293025,0.5674580294653497,0.014594243467293025,0.0,0.0,0.0,0.9280206030317829,0.0,0.26504754651930806,7.973749189721523e-05,1.0002531351308949e-09,-0.141287637346142,0.0,0.0,0.0,0.9999999999999968,0.0,0.9999999999999968,0.0,0.0,1.0,0.0,0.9999999999999968,0.0,0.620554248630239,0.3440646434541748,0.6297890051632884,2.925791852116813,0.0,0.0,0.0,0.0,0.0,0.0,0.0,0.0,0.0,0.9999999999999968,0.5674580294653497,0.9854057565327037,0.0,0.0,0.0,0.0
7.048278,1.1292132127485996,0.9124438,0.600968,0.01377715,0.7523148311788916,0.5032918018522881,0.012797287233939364,0.996538203235234,0.1330266986576386,0.9965382032551425,0.0,0.897290278535168,0.5905387250456304,0.01204713035829957,0.9999999999799951,0.13522706607135038,1.0,0.0025288393276048787,0.5905387245448924,0.012498510028630873,0.5905387250456304,0.01204713035829957,0.5905387250456304,0.01204713035829957,0.0,0.0,0.0,0.9323864669543223,0.0,0.2881282420995888,-0.0013091839985329508,1.0002449396120332e-09,-0.1325646960090274,0.0,0.0,0.0,0.9999999999999967,0.0,0.9999999999999967,0.0,0.0,1.0,0.0,0.9999999999999967,0.0,0.620554248630239,0.3440646434541748,0.6297890051632884,2.925791852116809,0.0,0.0,0.0,0.0,0.0,0.0,0.0,0.0,0.0,0.9999999999999967,0.5905387250456304,0.987952869641697,0.0,0.0,0.0,0.0
7.125888000000001,1.1830529158715792,0.9676179,0.6322473,0.01339673,0.8103960727611382,0.5351757616552757,0.01327213557399488,0.9965382032351568,0.12310252048560391,0.9965382032550726,0.0,0.9529604991179861,0.6236330205532474,0.013320427935180668,0.9999999999799949,0.12532748322699536,1.0,0.002528839327682244,0.6236330200525042,0.01324932758162599,0.6236330205532474,0.013320427935180668,0.6236330205532474,0.013320427935180668,0.0,0.0,0.0,0.9373362583764997,0.0,0.32122253760720576,0.001465389645153484,1.0002581124827583e-09,-0.12267507485438578,0.0,0.0,0.0,0.9999999999999968,0.0,0.9999999999999968,0.0,0.0,1.0,0.0,0.9999999999999968,0.0,0.620554248630239,0.3440646434541748,0.6297890051632884,2.925791852116813,0.0,0.0,0.0,0.0,0.0,0.0,0.0,0.0,0.0,0.9999999999999968,0.6236330205532474,0.9866795720648162,0.0,0.0,0.0,0.0
7.213945,1.2386698586198404,1.026558,0.6677923,0.01300828,0.8723512232306102,0.5712458192820754,0.012986265968877808,0.9965382032350717,0.11273604524883486,0.9965382032549864,0.0,1.0120606802569585,0.660247338317407,0.012945574351622191,0.9999999999799949,0.11498657206775739,1.0,0.002528839327770027,0.660247337816665,0.012779240823054282,0.660247338317407,0.012945574351622191,0.660247338317407,0.012945574351622191,0.0,0.0,0.0,0.9425067139561186,0.0,0.35783685537136545,7.843475590079748e-05,1.000252325411566e-09,-0.11234456948192421,0.0,0.0,0.0,0.9999999999999964,0.0,0.9999999999999964,0.0,0.0,1.0,0.0,0.9999999999999964,0.0,0.620554248630239,0.3440646434541802,0.6297890051632884,2.9257918521168036,0.0,0.0,0.0,0.0,0.0,0.0,0.0,0.0,0.0,0.9999999999999964,0.660247338317407,0.9870544256483743,0.0,0.0,0.0,0.0
7.328905,1.3024615606048968,1.097062,0.7080809,0.01188187,0.9468935131610131,0.610625226588742,0.0116386196151518,0.9965382032349577,0.10050476963233623,0.9965382032548702,0.0,1.0820197342234275,0.6983816770042028,0.01178249479851531,0.9999999999799952,0.10278547244911536,1.0,0.0025288393278846224,0.6983816765034697,0.012004564894900493,0.6983816770042028,0.01178249479851531,0.6983816770042028,0.01178249479851531,0.0,0.0,0.0,0.9486072637654399,0.0,0.3959711940581613,-7.634800875325666e-05,1.0002356461107563e-09,-0.10015574750874318,0.0,0.0,0.0,0.9999999999999967,0.0,0.9999999999999967,0.0,0.0,1.0,0.0,0.9999999999999967,0.0,0.620554248630239,0.3440646434541748,0.6297890051632884,2.9257918521168107,0.0,0.0,0.0,0.0,0.0,0.0,0.0,0.0,0.0,0.9999999999999967,0.6983816770042028,0.9882175052014814,0.0,0.0,0.0,0.0
7.4311940000000005,1.3519164356782603,1.15271,0.741494,0.01138729,1.0078588431416011,0.645251324140668,0.011339312691406032,0.9965382032348534,0.09074192311637393,0.996538203254768,0.0,1.1388867592328324,0.732780934739508,0.011326369669367231,0.9999999999799957,0.09304667525409246,1.0,0.002528839327986583,0.7327809342387861,0.011643283461571587,0.732780934739508,0.011326369669367231,0.732780934739508,0.011326369669367231,0.0,0.0,0.0,0.9534766623629514,0.0,0.43037045179346645,0.0007930076402965894,1.0002168540162517e-09,-0.09042675020904004,0.0,0.0,0.0,0.9999999999999967,0.0,0.9999999999999967,0.0,0.0,1.0,0.0,0.9999999999999967,0.0,0.620554248630239,0.3440646434541748,0.6297890051632884,2.925791852116809,0.0,0.0,0.0,0.0,0.0,0.0,0.0,0.0,0.0,0.9999999999999967,0.732780934739508,0.9886736303306294,0.0,0.0,0.0,0.0
7.562608,1.4016477951807227,1.218066,0.7853533,0.01015116,1.078622663972173,0.6888546386353719,0.009958729571421823,0.99653820323473,0.07957799524969252,0.9965382032546416,0.0,1.2046940439565235,0.77842753838977,0.010109801541351299,0.999999999979996,0.08191032945462395,1.0,0.002528839328117578,0.7784275378890513,0.010121013828877794,0.77842753838977,0.010109801541351299,0.77842753838977,0.010109801541351299,0.0,0.0,0.0,0.9590448352626859,0.0,0.4760170554437284,5.939246175608027e-06,1.0002089376536693e-09,-0.07930161062125807,0.0,0.0,0.0,0.999999999999971,0.0,0.999999999999971,0.0,0.0,1.0,0.0,0.999999999999971,0.0,0.620554248630239,0.3440646434550203,0.6297890051632884,2.925791852115996,0.0,0.0,0.0,0.0,0.0,0.0,0.0,0.0,0.0,0.999999999999971,0.77842753838977,0.9898901984586197,0.0,0.0,0.0,0.0
7.595234,1.4124292124103348,1.232708,0.7901458,0.010182,1.0952128092229996,0.6957544120603747,0.010168060592860736,0.996538203234698,0.0770261155527853,0.9965382032546111,0.0,1.219809874971025,0.783729442272992,0.01014393135433287,0.9999999999799954,0.07936477929159445,1.0,0.002528839328150101,0.7837294417722617,0.010155744887953736,0.783729442272992,0.01014393135433287,0.783729442272992,0.01014393135433287,0.0,0.0,0.0,0.9603176103442004,0.0,0.48131895932695035,1.844026927042849e-05,1.0002273672985822e-09,-0.07675862197836007,0.0,0.0,0.0,0.9999999999999711,0.0,0.9999999999999711,0.0,0.0,1.0,0.0,0.9999999999999711,0.0,0.620554248630239,0.34406464345501686,0.6297890051632884,2.9257918521160025,0.0,0.0,0.0,0.0,0.0,0.0,0.0,0.0,0.0,0.9999999999999711,0.783729442272992,0.9898560686456382,0.0,0.0,0.0,0.0
7.617808999999999,1.4194878076009843,1.241858,0.7952077,0.01021457,1.1056640565708153,0.7005229955467277,0.010198177672469602,0.9965382032346767,0.07530848070227923,0.9965382032545888,0.0,1.2292538620565396,0.7876225492236053,0.01016899235412998,0.9999999999799954,0.0776513355700764,1.0,0.0025288393281726012,0.7876225487228766,0.01018175243764025,0.7876225492236053,0.01016899235412998,0.7876225492236053,0.01016899235412998,0.0,0.0,0.0,0.9611743322049593,0.0,0.4852120662775636,2.9484485633492707e-05,1.000231009129493e-09,-0.07504690245016143,0.0,0.0,0.0,0.9999999999999714,0.0,0.9999999999999714,0.0,0.0,1.0,0.0,0.9999999999999714,0.0,0.620554248630239,0.3440646434550077,0.6297890051632884,2.925791852116009,0.0,0.0,0.0,0.0,0.0,0.0,0.0,0.0,0.0,0.9999999999999714,0.7876225492236053,0.9898310076458414,0.0,0.0,0.0,0.0
7.686501,1.43882412674366,1.268197,0.8123978,0.009530931,1.1351576771718837,0.7176337505342626,0.009515044155275437,0.9965382032346127,0.07031390614838305,0.9965382032545199,0.0,1.2562240163814642,0.8055114239794715,0.009492951368017269,0.9999999999799953,0.0726691068409592,1.0,0.00252883932824107,0.8055114234787394,0.00976901935887191,0.8055114239794715,0.009492951368017269,0.8055114239794715,0.009492951368017269,0.0,0.0,0.0,0.9636654465695179,0.0,0.5031009410334298,-0.00016106841173118804,1.000231009129493e-09,-0.07006968720667989,0.0,0.0,0.0,0.9999999999999705,0.0,0.9999999999999705,0.0,0.0,1.0,0.0,0.9999999999999705,0.0,0.620554248630239,0.3440646434550345,0.6297890051632884,2.9257918521159816,0.0,0.0,0.0,0.0,0.0,0.0,0.0,0.0,0.0,0.9999999999999705,0.8055114239794715,0.9905070486319532,0.0,0.0,0.0,0.0
7.743308000000001,1.4529761027128572,1.288931,0.8263108,0.008812445,1.1578233719345667,0.7308928575589729,0.008526699896841319,0.9965382032345529,0.06643471628296775,0.9965382032544629,0.0,1.2770687639654086,0.8197263978491557,0.008414472722128238,0.9999999999799957,0.06879949362589292,1.0,0.0025288393282976982,0.8197263973484332,0.008712268849148146,0.8197263978491557,0.008414472722128238,0.8197263978491557,0.008414472722128238,0.0,0.0,0.0,0.9656002531770513,0.0,0.517315914903114,-0.0008105296366457897,1.000218678718394e-09,-0.06620396788153855,0.0,0.0,0.0,0.9999999999999708,0.0,0.9999999999999708,0.0,0.0,1.0,0.0,0.9999999999999708,0.0,0.620554248630239,0.3440646434550241,0.6297890051632884,2.925791852115994,0.0,0.0,0.0,0.0,0.0,0.0,0.0,0.0,0.0,0.9999999999999708,0.8197263978491557,0.9915855272778427,0.0,0.0,0.0,0.0
7.839480999999999,1.4740448842760108,1.32226,0.8497864,0.00812754,1.1950593058717722,0.753359358058852,0.006125422267547121,0.9965382032344392,0.060348980198800035,0.9965382032543503,0.0,1.3109504382788044,0.8398274060582391,0.005489552909815787,0.9999999999799956,0.06272875359731546,1.0,0.0025288393283935656,0.8398274055575113,0.005763655224111577,0.8398274060582391,0.005489552909815787,0.8398274060582391,0.005489552909815787,0.0,0.0,0.0,0.96863562319134,0.0,0.5374169231121974,-0.0031201782729142684,1.0002249719814918e-09,-0.06013933667885488,0.0,0.0,0.0,0.9999999999999712,0.0,0.9999999999999712,0.0,0.0,1.0,0.0,0.9999999999999712,0.0,0.620554248630239,0.34406464345501214,0.6297890051632884,2.925791852116004,0.0,0.0,0.0,0.0,0.0,0.0,0.0,0.0,0.0,0.9999999999999712,0.8398274060582391,0.9945104470901555,0.0,0.0,0.0,0.0
7.8811409999999995,1.482015093949613,1.335115,0.8551073,0.008153879,1.2105329894775019,0.7633591622616179,0.008143986540815218,0.9965382032343889,0.0578889187121393,0.9965382032543005,0.0,1.3248160393360071,0.8498243779511306,0.008130033124977044,0.999999999979996,0.06027476064058252,1.0,0.0025288393284350888,0.8498243774504128,0.008396367894046098,0.8498243779511306,0.008130033124977044,0.8498243779511306,0.008130033124977044,0.0,0.0,0.0,0.9698626196697065,0.0,0.5474138950050891,-0.0002082606101387803,1.0002018926454798e-09,-0.057687813110636324,0.0,0.0,0.0,0.9999999999999714,0.0,0.9999999999999714,0.0,0.0,1.0,0.0,0.9999999999999714,0.0,0.620554248630239,0.3440646434550068,0.6297890051632884,2.925791852116009,0.0,0.0,0.0,0.0,0.0,0.0,0.0,0.0,0.0,0.9999999999999714,0.8498243779511306,0.9918699668749943,0.0,0.0,0.0,0.0
7.965712999999999,1.4967660952310557,1.357424,0.8687801,0.007399446,1.2360136439711578,0.7747086872025829,0.006414130853133828,0.9965382032342991,0.0531989658026854,0.996538203254209,0.0,1.3476526522719758,0.8622758682676175,0.006605130644328489,0.9999999999799953,0.055596421250728854,1.0,0.00252883932851939,0.862275867766886,0.006905762435625028,0.8622758682676175,0.006605130644328489,0.8622758682676175,0.006605130644328489,0.0,0.0,0.0,0.9722017893646332,0.0,0.5598653853215758,-0.0011624855316057882,1.0002290690484343e-09,-0.05301418141055473,0.0,0.0,0.0,0.9999999999999706,0.0,0.9999999999999706,0.0,0.0,1.0,0.0,0.9999999999999706,0.0,0.620554248630239,0.3440646434550345,0.6297890051632884,2.925791852115984,0.0,0.0,0.0,0.0,0.0,0.0,0.0,0.0,0.0,0.9999999999999706,0.8622758682676175,0.993394869355642,0.0,0.0,0.0,0.0
8.030452,1.5067399984849366,1.372947,0.8805346,0.007451815,1.2530819371244555,0.7870763628571914,0.007439363644257532,0.9965382032342256,0.049867289879645754,0.9965382032541339,0.0,1.3630475604300756,0.8741464075727479,0.007425336191058054,0.9999999999799958,0.05227295800890579,1.0,0.0025288393285839306,0.8741464070720264,0.007698642080863923,0.8741464075727479,0.007425336191058054,0.8741464075727479,0.007425336191058054,0.0,0.0,0.0,0.973863520985545,0.0,0.5717359246267062,1.1435515217247829e-05,1.000212716212072e-09,-0.049694062482298046,0.0,0.0,0.0,0.9999999999999702,0.0,0.9999999999999702,0.0,0.0,1.0,0.0,0.9999999999999702,0.0,0.620554248630239,0.34406464345504534,0.6297890051632884,2.925791852115976,0.0,0.0,0.0,0.0,0.0,0.0,0.0,0.0,0.0,0.9999999999999702,0.8741464075727479,0.9925746638089122,0.0,0.0,0.0,0.0
8.150201,1.522552040903464,1.399951,0.9002991,0.006702171,1.2826118802135578,0.8067096221174888,0.006690905449022037,0.9965382032340863,0.044244763824260014,0.9965382032539996,0.0,1.3900253140378682,0.8935694981231479,0.006677164448927979,0.9999999999799957,0.04666430759228944,1.0,0.0025288393287032996,0.8935694976224243,0.006969165029885046,0.8935694981231479,0.006677164448927979,0.8935694981231479,0.006677164448927979,0.0,0.0,0.0,0.976667846193853,0.0,0.5911590151771062,-5.148604573785538e-05,1.000216436577017e-09,-0.04409105590293153,0.0,0.0,0.0,0.9999999999999704,0.0,0.9999999999999704,0.0,0.0,1.0,0.0,0.9999999999999704,0.0,0.620554248630239,0.3440646434550441,0.6297890051632884,2.9257918521159767,0.0,0.0,0.0,0.0,0.0,0.0,0.0,0.0,0.0,0.9999999999999704,0.8935694981231479,0.9933228355510424,0.0,0.0,0.0,0.0
8.255805,1.5342349265840203,1.419594,0.9101662,0.005898683,1.3048104470754343,0.8174623152724072,0.005894787322637344,0.9965382032339616,0.03981482953200928,0.9965382032538709,0.0,1.410043363033842,0.9040183872471335,0.005878671589226585,0.9999999999799953,0.042245315757001606,1.0,0.002528839328808566,0.9040183867464017,0.006193481952657221,0.9040183872471335,0.005878671589226585,0.9040183872471335,0.005878671589226585,0.0,0.0,0.0,0.9788773421114967,0.0,0.6016079043010917,-0.0002893741713254941,1.0002293958980928e-09,-0.03967651078277324,0.0,0.0,0.0,0.9999999999999712,0.0,0.9999999999999712,0.0,0.0,1.0,0.0,0.9999999999999712,0.0,0.620554248630239,0.3440646434550148,0.6297890051632884,2.9257918521160042,0.0,0.0,0.0,0.0,0.0,0.0,0.0,0.0,0.0,0.9999999999999712,0.9040183872471335,0.9941213284107446,0.0,0.0,0.0,0.0
8.367616,1.5446609606801371,1.436522,0.9220778,0.004258252,1.3234728132787743,0.8292686161968283,0.005038836422276519,0.996538203233831,0.03560697658641147,0.9965382032537414,0.0,1.4268090735128376,0.9159070534024126,0.00460691074716232,0.9999999999799954,0.03804783815676962,1.0,0.0025288393289200238,0.9159070529016834,0.004925274637890296,0.9159070534024126,0.00460691074716232,0.9159070534024126,0.00460691074716232,0.0,0.0,0.0,0.9809760809116127,0.0,0.6134965704563708,-0.0010467449995885977,1.000231009129493e-09,-0.03548325699371719,0.0,0.0,0.0,0.9999999999999704,0.0,0.9999999999999704,0.0,0.0,1.0,0.0,0.9999999999999704,0.0,0.620554248630239,0.3440646434550345,0.6297890051632884,2.9257918521159794,0.0,0.0,0.0,0.0,0.0,0.0,0.0,0.0,0.0,0.9999999999999704,0.9159070534024126,0.9953930892528081,0.0,0.0,0.0,0.0
8.465185,1.5521360391802095,1.449725,0.9323342,0.005121985,1.3387909793177935,0.8414594968593853,0.005123714538988137,0.996538203233715,0.03230010495677616,0.9965382032536247,0.0,1.4409261379056308,0.929148889476954,0.005113466677924059,0.9999999999799954,0.03474914889943739,1.0,0.0025288393290172776,0.9291488889762239,0.005445763878419653,0.929148889476954,0.005113466677924059,0.929148889476954,0.005113466677924059,0.0,0.0,0.0,0.9826254255402789,0.0,0.6267384065309124,-0.00010677706840601384,1.000227193215612e-09,-0.0321878871205098,0.0,0.0,0.0,0.9999999999999706,0.0,0.9999999999999706,0.0,0.0,1.0,0.0,0.9999999999999706,0.0,0.620554248630239,0.3440646434550345,0.6297890051632884,2.925791852115986,0.0,0.0,0.0,0.0,0.0,0.0,0.0,0.0,0.0,0.9999999999999706,0.929148889476954,0.9948865333220466,0.0,0.0,0.0,0.0
8.602327,1.5612575725833897,1.465358,0.9432666,0.004295551,1.3569748141200613,0.8509612113737796,0.004288369257199219,0.9965382032335637,0.028164623554465827,0.9965382032534766,0.0,1.4570672879306974,0.9371245975725478,0.0042809248887067,0.9999999999799961,0.030623864190565904,1.0,0.00252883932915398,0.9371245970718303,0.004621724830071551,0.9371245975725478,0.0042809248887067,0.9371245975725478,0.0042809248887067,0.0,0.0,0.0,0.9846880678947151,0.0,0.6347141146265061,-0.0004017338342201635,1.00020276272059e-09,-0.02806675357698161,0.0,0.0,0.0,0.999999999999971,0.0,0.999999999999971,0.0,0.0,1.0,0.0,0.999999999999971,0.0,0.620554248630239,0.3440646434550203,0.6297890051632884,2.925791852115996,0.0,0.0,0.0,0.0,0.0,0.0,0.0,0.0,0.0,0.999999999999971,0.9371245975725478,0.9957190751112642,0.0,0.0,0.0,0.0
8.721382,1.568063192709315,1.476779,0.9516465,0.004316294,1.3695486627643343,0.8586440777556058,0.004311812463111878,0.9965382032334182,0.025006405048638436,0.9965382032533272,0.0,1.4683409699396568,0.9458212700836781,0.004302454820504713,0.9999999999799964,0.027473438268098935,1.0,0.002528839329272648,0.9458212695829734,0.004640536716567226,0.9458212700836781,0.004302454820504713,0.9458212700836781,0.004302454820504713,0.0,0.0,0.0,0.9862632808559486,0.0,0.6434107871376366,2.1131264512816806e-05,1.0001786894947962e-09,-0.024919497845124514,0.0,0.0,0.0,0.9999999999999714,0.0,0.9999999999999714,0.0,0.0,1.0,0.0,0.9999999999999714,0.0,0.620554248630239,0.3440646434550106,0.6297890051632884,2.9257918521160073,0.0,0.0,0.0,0.0,0.0,0.0,0.0,0.0,0.0,0.9999999999999714,0.9458212700836781,0.9956975451794666,0.0,0.0,0.0,0.0
8.879598,1.5750847098804992,1.488811,0.9590829,0.003467987,1.3840384887209851,0.8702641537357538,0.0034709107719206296,0.9965382032332255,0.02135050781776661,0.996538203253136,0.0,1.4816846427673471,0.9577779830541209,0.003465612958045575,0.9999999999799956,0.023826571789042923,1.0,0.002528839329430355,0.9577779825533933,0.003965828683011071,0.9577779830541209,0.003465612958045575,0.9577779830541209,0.003465612958045575,0.0,0.0,0.0,0.9880867140954763,0.0,0.6553675001080793,-9.669522965168722e-05,1.000224393916819e-09,-0.02127630111171177,0.0,0.0,0.0,0.9999999999999712,0.0,0.9999999999999712,0.0,0.0,1.0,0.0,0.9999999999999712,0.0,0.620554248630239,0.3440646434550127,0.6297890051632884,2.9257918521160033,0.0,0.0,0.0,0.0,0.0,0.0,0.0,0.0,0.0,0.9999999999999712,0.9577779830541209,0.9965343870419257,0.0,0.0,0.0,0.0
9.071012,1.5816624961617438,1.500477,0.9676038,0.00261395,1.397791103313261,0.8775175439499082,0.0026116889291991387,0.9965382032330052,0.017634451924178934,0.9965382032529155,0.0,1.4940095600489074,0.9646058755390005,0.0026093327212489393,0.999999999979996,0.02011969603483017,1.0,0.002528839329621154,0.9646058750382834,0.0031072603671216093,0.9646058755390005,0.0026093327212489393,0.9646058755390005,0.0026093327212489393,0.0,0.0,0.0,0.9899401519725828,0.0,0.6621953925929587,-0.00019819209532831566,1.0002044157962588e-09,-0.017573155488864154,0.0,0.0,0.0,0.9999999999999702,0.0,0.9999999999999702,0.0,0.0,1.0,0.0,0.9999999999999702,0.0,0.620554248630239,0.3440646434550481,0.6297890051632884,2.9257918521159745,0.0,0.0,0.0,0.0,0.0,0.0,0.0,0.0,0.0,0.9999999999999702,0.9646058755390005,0.9973906672787213,0.0,0.0,0.0,0.0
9.241118,1.5863773660487819,1.509083,0.9744092,0.00262406,1.4079692587287322,0.8875429666714283,0.0026258912130281,0.9965382032328014,0.01487854113434517,0.9965382032527113,0.0,1.503479231047558,0.9750316518566111,0.0026248187770823005,0.999999999979996,0.017370592795439066,1.0,0.0025288393297907188,0.9750316513558932,0.0031253321065274477,0.9750316518566111,0.0026248187770823005,0.9750316518566111,0.0026248187770823005,0.0,0.0,0.0,0.9913147035922784,0.0,0.6726211689105702,0.00038134102401865414,1.0002028446461227e-09,-0.014826818599573598,0.0,0.0,0.0,0.9999999999999714,0.0,0.9999999999999714,0.0,0.0,1.0,0.0,0.9999999999999714,0.0,0.620554248630239,0.3440646434550062,0.6297890051632884,2.92579185211601,0.0,0.0,0.0,0.0,0.0,0.0,0.0,0.0,0.0,0.9999999999999714,0.9750316518566111,0.997375181222889,0.0,0.0,0.0,0.0
9.548507,1.5923648533907138,1.522553,0.9857946,0.001761079,1.4209339599035224,0.8921823531514906,0.0017893341570387163,0.9965382032324567,0.010944541529499214,0.9965382032523693,0.0,1.5152380618522814,0.9783709450771688,0.001753180957931708,0.9999999999799954,0.01344631622160083,1.0,0.0025288393300971334,0.9783709445764411,-0.044689727022728755,0.9783709450771688,0.001753180957931708,0.9783709450771688,0.001753180957931708,0.0,0.0,0.0,0.9932768418791973,0.0,0.6759604621311269,-0.04663224593465951,1.000229784246374e-09,-0.010906490921710688,0.0,0.0,0.0,0.9999999999999704,0.0,0.9999999999999704,0.0,0.0,1.0,0.0,0.9999999999999704,0.0,0.620554248630239,0.34406464345503573,0.6297890051632884,2.925791852115978,0.0,0.0,0.0,0.0,0.0,0.0,0.0,0.0,0.0,0.9999999999999704,0.9783709450771688,0.9982468190420386,0.0,0.0,0.0,0.0
9.856823,1.5963600259241988,1.530675,0.9900159,0.00176526,1.4308520521085633,0.9024261498080354,0.0017644798309469681,0.996538203232093,0.008043267718401557,0.996538203252002,0.0,1.5243739863860841,0.9885409897569989,0.0017632516941539953,0.9999999999799953,0.010552216717543339,1.0,0.0025288393304044535,0.9885409892562677,-0.07449886780607268,0.9885409897569989,0.0017632516941539953,0.9885409897569989,0.0017632516941539953,0.0,0.0,0.0,0.9947238916312259,0.0,0.6861305068109573,-0.13560572634005555,1.000231009129493e-09,-0.008015303673542879,0.0,0.0,0.0,0.9999999999999712,0.0,0.9999999999999712,0.0,0.0,1.0,0.0,0.9999999999999712,0.0,0.620554248630239,0.3440646434550112,0.6297890051632884,2.9257918521160073,0.0,0.0,0.0,0.0,0.0,0.0,0.0,0.0,0.0,0.9999999999999712,0.9885409897569989,0.9982367483058172,0.0,0.0,0.0,0.0
10.0,1.597747,1.532688,0.9916648,0.0008841155,1.434107396266994,0.9034518972964448,0.0010232638161567856,0.996538203231925,0.006971307318303148,0.996538203251837,0.0,1.5273685763961011,0.9905932071183693,0.0008826551866861298,0.9999999999799956,0.009482902732092372,1.0,0.002528839330547164,0.9905932066176417,-0.07484494346267757,0.9905932071183693,0.0008826551866861298,0.9905932071183693,0.0008826551866861298,0.0,0.0,0.0,0.9952585486239516,0.0,0.6881827241723277,-0.1685385497143168,1.000223903702135e-09,-0.006947065710482775,0.0,0.0,0.0,0.9999999999999714,0.0,0.9999999999999714,0.0,0.0,1.0,0.0,0.9999999999999714,0.0,0.620554248630239,0.3440646434550061,0.6297890051632884,2.925791852116006,0.0,0.0,0.0,0.0,0.0,0.0,0.0,0.0,0.0,0.9999999999999714,0.9905932071183693,0.9991173448132852,0.0,0.0,0.0,0.0
10.00141,1.596995,1.532714,0.9916648,0.0008841155,1.4340746260452244,0.9035781500680887,0.0012102702027678629,0.9965382032319227,0.0069614951768384266,0.9965382032518351,0.0,1.5274490853528278,0.9899721538958992,0.0008823476910147065,0.9999999999799967,0.009473114438338533,1.0,0.00252883933054857,0.9899721533951986,-0.07603555325697742,0.9899721538958992,0.0008823476910147065,0.9899721538958992,0.0008823476910147065,0.0,0.0,0.0,0.9952634427708289,0.0,0.6875616709498577,-0.17002745230519692,1.0001706263997861e-09,-0.006937287266430039,0.0,0.0,0.0,0.9999999999999714,0.0,0.9999999999999714,0.0,0.0,1.0,0.0,0.9999999999999714,0.0,0.620554248630239,0.34406464345500964,0.6297890051632884,2.9257918521160065,0.0,0.0,0.0,0.0,0.0,0.0,0.0,0.0,0.0,0.9999999999999714,0.9899721538958992,0.9991176523089567,0.0,0.0,0.0,0.0
10.00333,1.5959619230769233,1.532749,0.9916648,0.0008841155,1.43412284831353,0.9035144158907702,0.0010530295294658154,0.9965382032319208,0.006948155294917978,0.9965382032518331,0.0,1.5275270123796718,0.9897202075525022,0.0008822229474223339,0.9999999999799949,0.009459808773151454,1.0,0.00252883933055048,0.9897202070517594,-0.07623408646829571,0.9897202075525022,0.0008822229474223339,0.9897202075525022,0.0008822229474223339,0.0,0.0,0.0,0.9952700956034216,0.0,0.6873097246064607,-0.17063146824709427,1.0002543267168618e-09,-0.0069239949903819,0.0,0.0,0.0,0.9999999999999711,0.0,0.9999999999999711,0.0,0.0,1.0,0.0,0.9999999999999711,0.0,0.620554248630239,0.3440646434550152,0.6297890051632884,2.9257918521160016,0.0,0.0,0.0,0.0,0.0,0.0,0.0,0.0,0.0,0.9999999999999711,0.9897202075525022,0.9991177770525489,0.0,0.0,0.0,0.0
10.00949,1.5902225600000002,1.532858,0.9916648,0.0008841155,1.4343506696892159,0.9032101932950334,0.0010040637963343554,0.9965382032319147,0.006905530966041448,0.9965382032518267,0.0,1.5276518193682194,0.989720207552502,0.0008822229474223337,0.9999999999799954,0.00941728761717733,1.0,0.002528839330556622,0.989720207051773,-0.07493829615611025,0.989720207552502,0.0008822229474223337,0.989720207552502,0.0008822229474223337,0.0,0.0,0.0,0.9952913561814088,0.0,0.6873097246064604,-0.1706314864637831,1.0002269751406646e-09,-0.0068815166223223055,0.0,0.0,0.0,0.9999999999999711,0.0,0.9999999999999711,0.0,0.0,1.0,0.0,0.9999999999999711,0.0,0.620554248630239,0.3440646434550132,0.6297890051632884,2.925791852116003,0.0,0.0,0.0,0.0,0.0,0.0,0.0,0.0,0.0,0.9999999999999711,0.989720207552502,0.9991177770525488,0.0,0.0,0.0,0.0
10.02919,1.5766613023855578,1.533393,0.9942601,0.0008854019,1.434458344174547,0.823234252419725,0.03161397462601359,0.9965382032318968,0.006770955766123247,0.9965382032518069,0.0,1.5279466525677805,1.0,0.0,0.9999999999799953,0.009283046210475102,1.0,0.002528839330576253,-0.009138776985398413,0.31484619361906924,1.0,0.0,1.0,0.0,0.0,0.0,0.0,0.004641523115239813,0.0,-0.3115492594307078,0.21506207126244928,1.0002362777151772e-09,-0.00674741029919658,0.0,0.0,0.0,0.999999999999969,0.0,0.999999999999969,0.0,0.0,1.0,0.0,0.999999999999969,0.0,0.620554248630239,0.34406464345508614,0.6297890051632884,2.925791852115934,0.0,0.0,0.0,0.0,0.0,0.0,0.0,0.0,0.0,0.999999999999969,1.0,0.999999999999969,0.0,0.0,0.0,0.0
10.04507,1.586625487226278,1.533847,0.9928919,0.0008847238,1.3356497092966568,1.5776820164090104,0.06139030890683883,0.6273135670905626,0.306610924377472,0.008713727621134872,0.9951565611685493,1.6060562244903096,1.987611354567473,-0.2229619255686311,0.6279071135134385,0.3128181357762253,0.004441792663334602,1.0,1.962047994682849,-0.3586185125755793,1.987611354567473,-0.2229619255686311,1.987611354567473,-0.2229619255686311,0.0,0.0,0.0,0.3424555111313933,0.0,0.03366130366844862,-0.019678123539926477,-31.1732660425052,34.359093211188735,0.0,0.0,0.0,0.9999999999999695,0.0,0.9999999999999695,0.0,0.0,1.0,0.0,0.9999999999999695,0.0,0.620554248630239,0.34406464345507,0.6297890051632884,2.925791852115951,0.0,0.0,0.0,0.0,0.0,0.0,0.0,0.0,0.0,0.9999999999999695,1.987611354567473,1.2229619255686006,0.0,0.0,0.0,0.0
10.04607,1.5879191003649633,1.533866,0.9927992,0.0008846778,1.3430917501468216,1.6474427856584424,-0.01961372585620245,0.5968441661781535,0.34051859484784097,0.008713745814693044,0.9953173405423889,1.6178009469636403,1.9876113545675378,-0.22296192556851543,0.5972525758276113,0.34660219451454855,0.0044418168493244444,1.0,1.9059888716198363,-0.42592495896730964,1.9876113545675378,-0.22296192556851543,1.9876113545675378,-0.22296192556851543,0.0,0.0,0.0,0.3746748093434685,0.0,0.033147725037216746,-0.018953715222105,-29.640537948914346,32.669890274272575,0.0,0.0,0.0,0.9999999999999696,0.0,0.9999999999999696,0.0,0.0,1.0,0.0,0.9999999999999696,0.0,0.620554248630239,0.34406464345507,0.6297890051632884,2.925791852115953,0.0,0.0,0.0,0.0,0.0,0.0,0.0,0.0,0.0,0.9999999999999696,1.9876113545675378,1.2229619255684854,0.0,0.0,0.0,0.0
10.04707,1.5892127135036485,1.533884,0.9927065,0.0008846319,1.3522566546842107,1.678653090766541,-0.09404388669678129,0.5681303570861405,0.3724859261329122,0.008713748390547013,0.9953401037745764,1.629404117353961,1.9876113545674678,-0.22296192556864,0.5684211315982735,0.37837914397504563,0.004441825234329258,1.0,1.7359088758678758,-0.4468733186617397,1.9876113545674678,-0.22296192556864,1.9876113545674678,-0.22296192556864,0.0,0.0,0.0,0.404979006188386,0.0,0.032664690308735075,-0.01827234396702324,-28.198965318197214,31.081042801247722,0.0,0.0,0.0,0.9999999999999694,0.0,0.9999999999999694,0.0,0.0,1.0,0.0,0.9999999999999694,0.0,0.620554248630239,0.3440646434550757,0.6297890051632884,2.9257918521159474,0.0,0.0,0.0,0.0,0.0,0.0,0.0,0.0,0.0,0.9999999999999694,1.9876113545674678,1.2229619255686095,0.0,0.0,0.0,0.0
10.047130000000001,1.5892903302919714,1.533873,0.9820696,0.008053393,1.3528539788207257,1.6787829156754155,-0.09807276912682558,0.5664736078003082,0.37433052147170176,0.00871374842489459,0.9953404073095993,1.6300998894887304,1.9876113545674634,-0.2229619255686482,0.5666966296388835,0.38027983273861643,0.00444182569075971,1.0,1.7253673037242796,-0.44799329685679884,1.9876113545674634,-0.2229619255686482,1.9876113545674634,-0.2229619255686482,0.0,0.0,0.0,0.40679160154986643,0.0,0.0326357984395901,-0.018231588806117558,-28.11274019740619,30.986008363069185,0.0,0.0,0.0,0.9999999999999694,0.0,0.9999999999999694,0.0,0.0,1.0,0.0,0.9999999999999694,0.0,0.620554248630239,0.34406464345507604,0.6297890051632884,2.925791852115947,0.0,0.0,0.0,0.0,0.0,0.0,0.0,0.0,0.0,0.9999999999999694,1.9876113545674634,1.2229619255686175,0.0,0.0,0.0,0.0
10.047229999999999,1.5894196916058374,1.533831,0.9525936,0.02128864,1.3538495190482094,1.6789992905235307,-0.10478757317662109,0.5637123589907022,0.3774048470362236,0.008713748482140554,0.9953409132013042,1.6312595097132978,1.9876113545674556,-0.22296192556866185,0.563822459706686,0.38344764734443637,0.0044418264514771285,1.0,1.7077980168190146,-0.44985992718182005,1.9876113545674556,-0.22296192556866185,1.9876113545674556,-0.22296192556866185,0.0,0.0,0.0,0.4098125938188752,0.0,0.03258764532435049,-0.01816366353794423,-27.969031662760443,30.827617632778185,0.0,0.0,0.0,0.9999999999999694,0.0,0.9999999999999694,0.0,0.0,1.0,0.0,0.9999999999999694,0.0,0.620554248630239,0.34406464345507665,0.6297890051632884,2.9257918521159465,0.0,0.0,0.0,0.0,0.0,0.0,0.0,0.0,0.0,0.9999999999999694,1.9876113545674556,1.222961925568631,0.0,0.0,0.0,0.0
10.0473,1.5895102445255467,1.53378,0.9340433,0.0296181,1.354546397207471,1.6791507529172163,-0.10948793601163301,0.5617794848239143,0.3795568749314599,0.008713748522212728,0.9953412673254977,1.6320712438705216,1.9876113545674503,-0.2229619255686714,0.5618105407540813,0.38566511756858357,0.004441826983979321,1.0,1.695499515984923,-0.451166568409378,1.9876113545674503,-0.2229619255686714,1.9876113545674503,-0.2229619255686714,0.0,0.0,0.0,0.41192728840725107,0.0,0.03255393814368164,-0.018116115850221336,-27.8684356885051,30.716744121570827,0.0,0.0,0.0,0.9999999999999694,0.0,0.9999999999999694,0.0,0.0,1.0,0.0,0.9999999999999694,0.0,0.620554248630239,0.3440646434550771,0.6297890051632884,2.925791852115946,0.0,0.0,0.0,0.0,0.0,0.0,0.0,0.0,0.0,0.9999999999999694,1.9876113545674503,1.2229619255686406,0.0,0.0,0.0,0.0
10.04744,1.5896913503649626,1.533608,0.8943931,0.04742174,1.3559401535259763,1.6794536777045836,-0.11888866168153756,0.5579137364903874,0.3838609307218778,0.008713748602357076,0.9953419755738846,1.6336705022517508,1.9876113545674605,-0.22296192556865313,0.5580134365001836,0.3898502545800212,0.004441827354651146,1.0,1.6708427676498951,-0.4535894497708578,1.9876113545674605,-0.22296192556865313,1.9876113545674605,-0.22296192556865313,0.0,0.0,0.0,0.4159184090399188,0.0,0.03249032243115316,-0.018026376837931877,-27.678580457276627,30.507487270998944,0.0,0.0,0.0,0.9999999999999694,0.0,0.9999999999999694,0.0,0.0,1.0,0.0,0.9999999999999694,0.0,0.620554248630239,0.3440646434550779,0.6297890051632884,2.9257918521159447,0.0,0.0,0.0,0.0,0.0,0.0,0.0,0.0,0.0,0.9999999999999694,1.9876113545674605,1.2229619255686224,0.0,0.0,0.0,0.0
10.04788,1.5902605401459837,1.532486,0.7675126,0.1043934,1.3604035649831863,1.6753690565191157,-0.14703902758649784,0.5459754412556956,0.3971529112912099,0.00871374877601684,0.9953435102329309,1.638695025643361,1.9876113545674943,-0.22296192556859312,0.5460957627213734,0.4029858235192544,0.004441828470370025,1.0,1.5933458921339938,-0.46119071442150406,1.9876113545674943,-0.22296192556859312,1.9876113545674943,-0.22296192556859312,0.0,0.0,0.0,0.42844503039894055,0.0,0.032290656776645735,-0.01774471987443338,-27.082696712550174,29.85070882403728,0.0,0.0,0.0,0.9999999999999692,0.0,0.9999999999999692,0.0,0.0,1.0,0.0,0.9999999999999692,0.0,0.620554248630239,0.3440646434550806,0.6297890051632884,2.9257918521159407,0.0,0.0,0.0,0.0,0.0,0.0,0.0,0.0,0.0,0.9999999999999692,1.9876113545674943,1.2229619255685622,0.0,0.0,0.0,0.0
10.049299999999999,1.5920974708029172,1.523057,0.3614951,0.2867027,1.3753299284402225,1.621592654676312,-0.22719831962851708,0.509079291673977,0.4382332497740725,0.008713748897351738,0.9953445824889583,1.652418140181299,0.9595574578344086,-0.3582576893302422,0.5087414230415519,0.4441577831106912,0.004441830015292501,1.0,1.3175204868760912,-0.4828603491969355,0.9595574578344086,-0.3582576893302422,0.9595574578344086,-0.3582576893302422,0.0,0.0,0.0,0.46770818003456965,0.0,-0.0012570786058866512,-0.014706225777680697,-25.214979651315748,27.7921108444685,0.0,0.0,0.0,0.9999999999999687,0.0,0.9999999999999687,0.0,0.0,1.0,0.0,0.9999999999999687,0.0,0.620554248630239,0.3440646434550985,0.6297890051632884,2.925791852115925,0.0,0.0,0.0,0.0,0.0,0.0,0.0,0.0,0.0,0.9999999999999687,0.9595574578344086,1.358257689330211,0.0,0.0,0.0,0.0
10.05,1.593003,1.515057,0.1592388,0.3775195,1.382742437081958,1.574471728068112,-0.260963077333382,0.4918663706007548,0.4573982653061234,0.008713748897351726,0.9953445824889573,1.654912988601285,0.9384224579810455,-0.3994972646501678,0.4913965954128337,0.4632753623711726,0.004441830015292498,1.0,1.201426950913898,-0.4947013394795127,0.9384224579810455,-0.3994972646501678,0.9384224579810455,-0.3994972646501678,0.0,0.0,0.0,0.4859393834791694,0.0,-0.004853259286337731,-0.01507436859854975,-24.34773826987706,26.83623188144137,0.0,0.0,0.0,0.9999999999999694,0.0,0.9999999999999694,0.0,0.0,1.0,0.0,0.9999999999999694,0.0,0.620554248630239,0.3440646434550771,0.6297890051632884,2.925791852115946,0.0,0.0,0.0,0.0,0.0,0.0,0.0,0.0,0.0,0.9999999999999694,0.9384224579810455,1.399497264650137,0.0,0.0,0.0,0.0
10.05007,1.5932427906976716,1.514126,0.1390132,0.3866012,1.383476084914348,1.5692116068070818,-0.26415707799493915,0.49018119610117233,0.4592745532017879,0.008713748897351726,0.9953445824889574,1.6551872720588237,0.9384224579810455,-0.3994972646501678,0.4896979295722747,0.4651476426577862,0.004441830015292498,1.0,1.1903810624628124,-0.4957847868752507,0.9384224579810455,-0.3994972646501678,0.9384224579810455,-0.3994972646501678,0.0,0.0,0.0,0.48772485654275577,0.0,-0.004881718296156706,-0.015034222581062759,-24.262804977850926,26.74261786711269,0.0,0.0,0.0,0.9999999999999694,0.0,0.9999999999999694,0.0,0.0,1.0,0.0,0.9999999999999694,0.0,0.620554248630239,0.3440646434550771,0.6297890051632884,2.9257918521159456,0.0,0.0,0.0,0.0,0.0,0.0,0.0,0.0,0.0,0.9999999999999694,0.9384224579810455,1.399497264650137,0.0,0.0,0.0,0.0
10.05021,1.593722372093021,1.512221,0.09858838,0.4047526,1.384940335328647,1.558467005143026,-0.27046087598425994,0.4868279164394384,0.4630081238448566,0.008713748897351726,0.9953445824889573,1.655730526637283,0.9384224579810301,-0.39949726465019797,0.4863182732212135,0.4688727213698759,0.004441830015292496,1.0,1.1684042226597917,-0.497940407942453,0.9384224579810301,-0.39949726465019797,0.9384224579810301,-0.39949726465019797,0.0,0.0,0.0,0.4912772240743312,0.0,-0.004938340187871984,-0.01495434828222756,-24.093822160299972,26.55636393151052,0.0,0.0,0.0,0.9999999999999692,0.0,0.9999999999999692,0.0,0.0,1.0,0.0,0.9999999999999692,0.0,0.620554248630239,0.3440646434550771,0.6297890051632884,2.925791852115943,0.0,0.0,0.0,0.0,0.0,0.0,0.0,0.0,0.0,0.9999999999999692,0.9384224579810301,1.399497264650167,0.0,0.0,0.0,0.0
10.050659999999999,1.595245162790693,1.505658,-0.02869732,0.4619063,1.3895918593357486,1.5218775174507821,-0.28992742430264173,0.4762158410588164,0.47482370056375045,0.008713748897351725,0.9953445824889572,1.6574853924715778,0.9384224579810355,-0.39949726465018737,0.4756078177565799,0.48067785346135716,0.004441830015292493,1.0,1.098757507280073,-0.5047717780702546,0.9384224579810355,-0.39949726465018737,0.9384224579810355,-0.39949726465018737,0.0,0.0,0.0,0.5025350178523885,0.0,-0.005117780399102687,-0.01470121896030809,-23.558299387065578,25.966107326933482,0.0,0.0,0.0,0.9999999999999692,0.0,0.9999999999999692,0.0,0.0,1.0,0.0,0.9999999999999692,0.0,0.620554248630239,0.3440646434550771,0.6297890051632884,2.925791852115943,0.0,0.0,0.0,0.0,0.0,0.0,0.0,0.0,0.0,0.9999999999999692,0.9384224579810355,1.3994972646501564,0.0,0.0,0.0,0.0
10.05207,1.5999034671532868,1.478903,-0.4360116,0.6447978,1.4035570235627595,1.394334979062348,-0.3429595190514657,0.444435348056565,0.5102083769596653,0.008713748897351714,0.9953445824889572,1.6629498845656328,0.9384224579810286,-0.39949726465020075,0.44381052217836175,0.5157250347593162,0.004441830015292487,1.0,0.9470804977702606,-0.49135979112234485,0.9384224579810286,-0.39949726465020075,0.9384224579810286,-0.39949726465020075,0.0,0.0,0.0,0.535957256290477,0.0,-0.00565050409642584,-0.013949726374850707,-21.96843460815347,24.213748262034194,0.0,0.0,0.0,0.9999999999999694,0.0,0.9999999999999694,0.0,0.0,1.0,0.0,0.9999999999999694,0.0,0.620554248630239,0.3440646434550771,0.6297890051632884,2.925791852115945,0.0,0.0,0.0,0.0,0.0,0.0,0.0,0.0,0.0,0.9999999999999694,0.9384224579810286,1.3994972646501698,0.0,0.0,0.0,0.0
10.05321,1.6034223546910762,1.452075,-0.6529201,0.7587606,1.4139783733600537,1.2988150466516193,-0.36943817275689156,0.4203456385014043,0.5370300683985157,0.008713748897351705,0.9953445824889573,1.6673402331806675,0.9384224579809962,-0.3994972646502641,0.4192473317532631,0.5427987393757062,0.00444183001529248,1.0,0.9092668966256118,-0.4381356440579678,0.9384224579809962,-0.3994972646502641,0.9384224579809962,-0.3994972646502641,0.0,0.0,0.0,0.5617757038112213,0.0,-0.006062029459935064,-0.013369203561701832,-20.740275086898542,22.860063031214693,0.0,0.0,0.0,0.9999999999999692,0.0,0.9999999999999692,0.0,0.0,1.0,0.0,0.9999999999999692,0.0,0.620554248630239,0.3440646434550771,0.6297890051632884,2.925791852115943,0.0,0.0,0.0,0.0,0.0,0.0,0.0,0.0,0.0,0.9999999999999692,0.9384224579809962,1.399497264650233,0.0,0.0,0.0,0.0
10.05343,1.604093883295197,1.446758,-0.5399031,0.734639,1.4159402757650799,1.281643626871553,-0.3734131347179849,0.4157826613128832,0.5421105267540962,0.008713748897351704,0.9953445824889574,1.6681881767517601,0.9384224579809962,-0.3994972646502641,0.4148744692912059,0.5476185361764047,0.004441830015292479,1.0,0.9155612677221814,-0.42568307932029575,0.9384224579809962,-0.3994972646502641,0.9384224579809962,-0.3994972646502641,0.0,0.0,0.0,0.5663720334425991,0.0,-0.006135291270925746,-0.013265855976389875,-20.52163196379568,22.619073191179773,0.0,0.0,0.0,0.9999999999999692,0.0,0.9999999999999692,0.0,0.0,1.0,0.0,0.9999999999999692,0.0,0.620554248630239,0.3440646434550771,0.6297890051632884,2.925791852115943,0.0,0.0,0.0,0.0,0.0,0.0,0.0,0.0,0.0,0.9999999999999692,0.9384224579809962,1.399497264650233,0.0,0.0,0.0,0.0
10.05378,1.6051622242562928,1.438662,-0.3528991,0.694726,1.4189492266491788,1.2575322795522172,-0.37732397127803297,0.4087144898602576,0.54998029011945,0.0087137488973517,0.9953445824889574,1.6695371778875827,0.9384224579809962,-0.3994972646502641,0.40791764264705777,0.5552863947229331,0.004441830015292477,1.0,0.9255750399212208,-0.4058721808740954,0.9384224579809962,-0.3994972646502641,0.9384224579809962,-0.3994972646502641,0.0,0.0,0.0,0.5736843760379374,0.0,-0.006251844152046723,-0.013101439363394373,-20.173790631588275,22.23568026385335,0.0,0.0,0.0,0.9999999999999692,0.0,0.9999999999999692,0.0,0.0,1.0,0.0,0.9999999999999692,0.0,0.620554248630239,0.3440646434550771,0.6297890051632884,2.925791852115943,0.0,0.0,0.0,0.0,0.0,0.0,0.0,0.0,0.0,0.9999999999999692,0.9384224579809962,1.399497264650233,0.0,0.0,0.0,0.0
10.054079999999999,1.6060779450800895,1.432601,-0.1975707,0.6615737,1.4214283912782573,1.2397202509723124,-0.3785279970556271,0.4028261913822635,0.5565363726871942,0.008713748897351697,0.9953445824889575,1.6706934645754308,0.9384224579809962,-0.3994972646502641,0.40195464838064504,0.5618588449056717,0.004441830015292476,1.0,0.9341582732346833,-0.3888914107773521,0.9384224579809962,-0.3994972646502641,0.9384224579809962,-0.3994972646502641,0.0,0.0,0.0,0.5799520982625131,0.0,-0.006351746621578988,-0.012960510837969659,-19.87564091826764,21.907057754716416,0.0,0.0,0.0,0.9999999999999692,0.0,0.9999999999999692,0.0,0.0,1.0,0.0,0.9999999999999692,0.0,0.620554248630239,0.3440646434550771,0.6297890051632884,2.925791852115943,0.0,0.0,0.0,0.0,0.0,0.0,0.0,0.0,0.0,0.9999999999999692,0.9384224579809962,1.399497264650233,0.0,0.0,0.0,0.0
10.055029999999999,1.608977727688784,1.417243,0.2994803,0.5554863,1.4290728212820287,1.1884503498603822,-0.3787889217625453,0.3845124010764162,0.576927105565666,0.00871374889735169,0.9953445824889576,1.6743550390869564,0.9384224579809962,-0.3994972646502641,0.3830718332036362,0.5826716038177164,0.004441830015292471,1.0,0.9613385120606983,-0.33511897213756475,0.9384224579809962,-0.3994972646502641,0.9384224579809962,-0.3994972646502641,0.0,0.0,0.0,0.5997998853070401,0.0,-0.006668104441765085,-0.012514237174123892,-18.931500159417194,20.866419809114177,0.0,0.0,0.0,0.9999999999999692,0.0,0.9999999999999692,0.0,0.0,1.0,0.0,0.9999999999999692,0.0,0.620554248630239,0.3440646434550771,0.6297890051632884,2.925791852115943,0.0,0.0,0.0,0.0,0.0,0.0,0.0,0.0,0.0,0.9999999999999692,0.9384224579809962,1.399497264650233,0.0,0.0,0.0,0.0
10.05808,1.617714331360949,1.408881,1.890043,0.2160065,1.4502022907395664,1.100668173605395,-0.32956166030348594,0.331318174599307,0.6361540184360919,0.008713748897351662,0.9953445824889577,1.6856360734985913,0.9384224579809962,-0.3994972646502641,0.32954174384546525,0.6416728085590695,0.004441830015292457,1.0,1.0301092307021102,-0.2032191073089522,0.9384224579809962,-0.3994972646502641,0.9384224579809962,-0.3994972646502641,0.0,0.0,0.0,0.656065532356802,0.0,-0.0075649337664696475,-0.011249114951620289,-16.254995691508643,17.916359572046527,0.0,0.0,0.0,0.9999999999999695,0.0,0.9999999999999695,0.0,0.0,1.0,0.0,0.9999999999999695,0.0,0.620554248630239,0.3440646434550717,0.6297890051632884,2.9257918521159483,0.0,0.0,0.0,0.0,0.0,0.0,0.0,0.0,0.0,0.9999999999999695,0.9384224579809962,1.399497264650233,0.0,0.0,0.0,0.0
10.05865,1.6192334319526642,1.414164,2.187517,0.1525156,1.453705684904225,1.092529784902417,-0.31601796969628937,0.3221216985498742,0.6463934545886054,0.008713748897351655,0.9953445824889577,1.6876045635436512,0.9831112384778896,-0.3122984786533953,0.3201877663094882,0.6519828220554688,0.004441830015292456,1.0,1.0415658586461023,-0.18786300051444252,0.9831112384778896,-0.3122984786533953,0.9831112384778896,-0.3122984786533953,0.0,0.0,0.0,0.6658975278729901,0.0,-0.0007321620758639308,-0.009382863142969372,-15.787296814712388,17.400858897229416,0.0,0.0,0.0,0.9999999999999698,0.0,0.9999999999999698,0.0,0.0,1.0,0.0,0.9999999999999698,0.0,0.620554248630239,0.3440646434550608,0.6297890051632884,2.925791852115959,0.0,0.0,0.0,0.0,0.0,0.0,0.0,0.0,0.0,0.9999999999999698,0.9831112384778896,1.312298478653365,0.0,0.0,0.0,0.0
10.059099999999999,1.6204327218934897,1.41988,2.412544,0.1015707,1.4562791713648355,1.088436379329393,-0.3048649350055266,0.31514890628243813,0.6541570219423806,0.008713748897351652,0.9953445824889577,1.6883525610596397,0.9766333469939871,-0.16635641103430138,0.31316939066313904,0.6597185203034441,0.004441830015292455,1.0,1.0403559818916617,-0.1828916196844075,0.9766333469939871,-0.16635641103430138,0.9766333469939871,-0.16635641103430138,0.0,0.0,0.0,0.6732745648201522,0.0,0.005390697095206572,-0.006643152548829578,-15.436378032392904,17.014073984828418,0.0,0.0,0.0,0.9999999999999699,0.0,0.9999999999999699,0.0,0.0,1.0,0.0,0.9999999999999699,0.0,0.620554248630239,0.3440646434550558,0.6297890051632884,2.925791852115964,0.0,0.0,0.0,0.0,0.0,0.0,0.0,0.0,0.0,0.9999999999999699,0.9766333469939871,1.1663564110342712,0.0,0.0,0.0,0.0
10.05937,1.621152295857988,1.423591,2.386996,0.0701071,1.4577713317290828,1.085838821042267,-0.29854071026836393,0.3110466711862327,0.658724486058463,0.00871374889735165,0.9953445824889576,1.688550976707973,0.9557899557791977,-0.15612100185058375,0.3090355355774344,0.6642748816547352,0.004441830015292454,1.0,1.03516283786324,-0.18149287560815366,0.9557899557791977,-0.15612100185058375,0.9557899557791977,-0.15612100185058375,0.0,0.0,0.0,0.6776196730386502,0.0,0.004516567782614353,-0.006558872362673969,-15.229685278107098,16.78625591726324,0.0,0.0,0.0,0.9999999999999699,0.0,0.9999999999999699,0.0,0.0,1.0,0.0,0.9999999999999699,0.0,0.620554248630239,0.3440646434550558,0.6297890051632884,2.925791852115964,0.0,0.0,0.0,0.0,0.0,0.0,0.0,0.0,0.0,0.9999999999999699,0.9557899557791977,1.1561210018505539,0.0,0.0,0.0,0.0
10.0596,1.6217652662721898,1.426924,2.364197,0.0420289,1.4590263962103163,1.0835681278335367,-0.2933132183884464,0.3075871171891537,0.6625763834677371,0.008713748897351645,0.9953445824889575,1.6886615313932765,0.949306398628586,-0.15519381383557207,0.3055447251710615,0.6681224750731126,0.004441830015292452,1.0,1.0311281873041696,-0.18037347298710205,0.949306398628586,-0.15519381383557207,0.949306398628586,-0.15519381383557207,0.0,0.0,0.0,0.6812888749510256,0.0,0.004129084626057608,-0.006549461294597674,-15.055144757790003,16.593876246346078,0.0,0.0,0.0,0.9999999999999699,0.0,0.9999999999999699,0.0,0.0,1.0,0.0,0.9999999999999699,0.0,0.620554248630239,0.3440646434550558,0.6297890051632884,2.925791852115964,0.0,0.0,0.0,0.0,0.0,0.0,0.0,0.0,0.0,0.9999999999999699,0.949306398628586,1.1551938138355424,0.0,0.0,0.0,0.0
10.059819999999998,1.6223515857988138,1.429925,2.343794,0.01690133,1.4602053786373084,1.08133757145211,-0.28851312701804843,0.30432299667741375,0.666210683540332,0.00871374889735164,0.9953445824889575,1.6887446886675095,0.9554579195807734,-0.1554136460115042,0.3022582589416788,0.6717448390407481,0.004441830015292449,1.0,1.027941889725488,-0.1791228390402911,0.9554579195807734,-0.1554136460115042,0.9554579195807734,-0.1554136460115042,0.0,0.0,0.0,0.6847432900495346,0.0,0.004376457486590292,-0.006343842495872042,-14.890821446321054,16.412758047964502,0.0,0.0,0.0,0.9999999999999699,0.0,0.9999999999999699,0.0,0.0,1.0,0.0,0.9999999999999699,0.0,0.620554248630239,0.3440646434550558,0.6297890051632884,2.925791852115964,0.0,0.0,0.0,0.0,0.0,0.0,0.0,0.0,0.0,0.9999999999999699,0.9554579195807734,1.155413646011474,0.0,0.0,0.0,0.0
10.06049,1.6241371952662726,1.439641,2.278505,-0.06350687,1.4636589467667434,1.074267634863272,-0.27480101301168774,0.2945957580924729,0.6770410753007616,0.008713748897351633,0.9953445824889576,1.689034335633736,0.9609462160814453,-0.1556053365145178,0.2924554678246086,0.6825495377190004,0.004441830015292441,1.0,1.0178055493575233,-0.17565956897058024,0.9609462160814453,-0.1556053365145178,0.9609462160814453,-0.1556053365145178,0.0,0.0,0.0,0.6950470349471958,0.0,0.004481985353737327,-0.005997618059938709,-14.400681890465814,15.872523114049985,0.0,0.0,0.0,0.9999999999999699,0.0,0.9999999999999699,0.0,0.0,1.0,0.0,0.9999999999999699,0.0,0.620554248630239,0.3440646434550558,0.6297890051632884,2.925791852115964,0.0,0.0,0.0,0.0,0.0,0.0,0.0,0.0,0.0,0.9999999999999699,0.9609462160814453,1.155605336514488,0.0,0.0,0.0,0.0
10.06266,1.6295166257197693,1.471979,2.069579,-0.3208131,1.4735403130389393,1.0492005511123246,-0.23912602999827653,0.2654706347277666,0.7094692401243287,0.00871374889735161,0.9953445824889576,1.6899722805013075,0.9609414926287531,-0.1556038901622785,0.26312137922112194,0.7148817566326438,0.004441830015292427,1.0,0.9866761360033979,-0.1659362802412344,0.9609414926287531,-0.1556038901622785,0.9609414926287531,-0.1556038901622785,0.0,0.0,0.0,0.7258801887057608,0.0,0.003990278555114984,-0.005304325335557146,-12.933977460291482,14.255912168367812,0.0,0.0,0.0,0.9999999999999701,0.0,0.9999999999999701,0.0,0.0,1.0,0.0,0.9999999999999701,0.0,0.620554248630239,0.34406464345504906,0.6297890051632884,2.9257918521159705,0.0,0.0,0.0,0.0,0.0,0.0,0.0,0.0,0.0,0.9999999999999701,0.9609414926287531,1.155603890162249,0.0,0.0,0.0,0.0
10.06439,1.6334215777351249,1.499306,1.902438,-0.5266581,1.4803846936898872,1.028450324684332,-0.21687634593175742,0.24414666178445227,0.7332115364449353,0.008713748897351596,0.9953445824889575,1.6907307235551081,0.96094149262876,-0.15560389016227957,0.2416076478463372,0.7385943281006453,0.004441830015292417,1.0,0.9644775670091704,-0.16084002976356213,0.96094149262876,-0.15560389016227957,0.96094149262876,-0.15560389016227957,0.0,0.0,0.0,0.748493340127154,0.0,0.0036298430428256777,-0.0047958729870265105,-11.858290891552242,13.070283594967735,0.0,0.0,0.0,0.9999999999999702,0.0,0.9999999999999702,0.0,0.0,1.0,0.0,0.9999999999999702,0.0,0.620554248630239,0.3440646434550416,0.6297890051632884,2.925791852115974,0.0,0.0,0.0,0.0,0.0,0.0,0.0,0.0,0.0,0.9999999999999702,0.96094149262876,1.15560389016225,0.0,0.0,0.0,0.0
10.06578,1.6365590825335912,1.521066,1.714812,-0.6092634,1.485312591633842,1.0116992954989137,-0.2024431871377374,0.22811352213569994,0.7510629731121206,0.008713748897351584,0.9953445824889574,1.691285460826486,0.9609414926287727,-0.15560389016228154,0.22541725047928918,0.7564394869888631,0.004441830015292411,1.0,0.9486022591174456,-0.1592744439491883,0.9609414926287727,-0.15560389016228154,0.9609414926287727,-0.15560389016228154,0.0,0.0,0.0,0.7655111182547868,0.0,0.003358593296908011,-0.004413231527880575,-11.048771023199844,12.178025650556842,0.0,0.0,0.0,0.9999999999999702,0.0,0.9999999999999702,0.0,0.0,1.0,0.0,0.9999999999999702,0.0,0.620554248630239,0.3440646434550413,0.6297890051632884,2.9257918521159745,0.0,0.0,0.0,0.0,0.0,0.0,0.0,0.0,0.0,0.9999999999999702,0.9609414926287727,1.1556038901622518,0.0,0.0,0.0,0.0
10.06678,1.638816280230327,1.535386,1.540274,-0.6091642,1.488499178292171,0.9998683208650284,-0.19441267511153562,0.21737696898616166,0.7630171444579532,0.008713748897351577,0.9953445824889573,1.691700919631099,0.9609414926287578,-0.15560389016227924,0.2146842623644487,0.7682694547106254,0.004441830015292406,1.0,0.9384540052372791,-0.1586715844473456,0.9609414926287578,-0.15560389016227924,0.9609414926287578,-0.15560389016227924,0.0,0.0,0.0,0.7767925961730882,0.0,0.0031787755794607407,-0.004159569672637078,-10.512121617457813,11.586527264468735,0.0,0.0,0.0,0.9999999999999705,0.0,0.9999999999999705,0.0,0.0,1.0,0.0,0.9999999999999705,0.0,0.620554248630239,0.3440646434550362,0.6297890051632884,2.9257918521159803,0.0,0.0,0.0,0.0,0.0,0.0,0.0,0.0,0.0,0.9999999999999705,0.9609414926287578,1.1556038901622496,0.0,0.0,0.0,0.0
10.06722,1.6396475213414659,1.541144,1.463072,-0.6091204,1.4898258459176674,0.9947658686364726,-0.19130821509252052,0.21282532084344738,0.7680849889557275,0.008713748897351574,0.9953445824889573,1.6918838288655749,0.9609414926287548,-0.15560389016227877,0.21004763587654238,0.7733799738971655,0.0044418300152924035,1.0,0.9340699826106523,-0.15841115051181698,0.9609414926287548,-0.15560389016227877,0.9609414926287548,-0.15560389016227877,0.0,0.0,0.0,0.7816661690103115,0.0,0.0031010947339414757,-0.004049988327310927,-10.280290293062494,11.33100130514173,0.0,0.0,0.0,0.9999999999999705,0.0,0.9999999999999705,0.0,0.0,1.0,0.0,0.9999999999999705,0.0,0.620554248630239,0.3440646434550345,0.6297890051632884,2.925791852115982,0.0,0.0,0.0,0.0,0.0,0.0,0.0,0.0,0.0,0.9999999999999705,0.9609414926287548,1.1556038901622492,0.0,0.0,0.0,0.0
10.068190000000001,1.6413750381097594,1.55257,1.293483,-0.609024,1.4925892830720116,0.9837378607506881,-0.1853813713466035,0.20315965276399744,0.7788468275816242,0.008713748897351565,0.9953445824889573,1.6922877032299741,0.9609414926287693,-0.15560389016228102,0.2003400959398337,0.7840796861189828,0.004441830015292398,1.0,0.9248913103923028,-0.15786588924554637,0.9609414926287693,-0.15560389016228102,0.9609414926287693,-0.15560389016228102,0.0,0.0,0.0,0.7918697950895744,0.0,0.0029384571110582054,-0.0038205617627930766,-9.794913296227064,10.796015694050856,0.0,0.0,0.0,0.9999999999999705,0.0,0.9999999999999705,0.0,0.0,1.0,0.0,0.9999999999999705,0.0,0.620554248630239,0.3440646434550345,0.6297890051632884,2.925791852115982,0.0,0.0,0.0,0.0,0.0,0.0,0.0,0.0,0.0,0.9999999999999705,0.9609414926287693,1.1556038901622514,0.0,0.0,0.0,0.0
10.06897,1.6427641753048794,1.560512,1.157812,-0.6089469,1.4947135235516853,0.9750258990185625,-0.18124551565385416,0.19564516192251266,0.7872135268234248,0.008713748897351548,0.9953445824889576,1.6924605307180127,0.9182660139344877,-0.1464478082331812,0.19277602071242156,0.79241685791381,0.004441830015292397,1.0,0.9180560348073171,-0.15779068446098482,0.9182660139344877,-0.1464478082331812,0.9182660139344877,-0.1464478082331812,0.0,0.0,0.0,0.7998204186006941,0.0,0.003128438633197026,-0.003991454079975278,-9.416709534857688,10.379157104310854,0.0,0.0,0.0,0.9999999999999705,0.0,0.9999999999999705,0.0,0.0,1.0,0.0,0.9999999999999705,0.0,0.620554248630239,0.344064643455038,0.6297890051632884,2.92579185211598,0.0,0.0,0.0,0.0,0.0,0.0,0.0,0.0,0.0,0.9999999999999705,0.9182660139344877,1.146447808233152,0.0,0.0,0.0,0.0
10.06959,1.6438683612804883,1.566106,1.049275,-0.6088853,1.4962842572141979,0.968680064978177,-0.17843929571207526,0.18993613696479755,0.7935700046996689,0.008713748897351537,0.9953445824889575,1.6922787778256654,0.9100882312779055,-0.13094125363497822,0.1870223299761283,0.7987586124152649,0.004441830015292396,1.0,0.9172078439045431,-0.15656197183724072,0.9100882312779055,-0.13094125363497822,0.9100882312779055,-0.13094125363497822,0.0,0.0,0.0,0.8058681412195682,0.0,0.007432015316338557,-0.0029523249107321382,-9.129024998041796,10.06206937923675,0.0,0.0,0.0,0.9999999999999704,0.0,0.9999999999999704,0.0,0.0,1.0,0.0,0.9999999999999704,0.0,0.620554248630239,0.34406464345504223,0.6297890051632884,2.9257918521159776,0.0,0.0,0.0,0.0,0.0,0.0,0.0,0.0,0.0,0.9999999999999704,0.9100882312779055,1.1309412536349486,0.0,0.0,0.0,0.0
10.07009,1.644758833841465,1.570099,0.9624451,-0.6088359,1.4975050792357774,0.963732444883546,-0.17639643069676078,0.18547597493323398,0.7985359877682461,0.008713748897351528,0.9953445824889575,1.6920999355110833,0.9083336117937671,-0.13624593290100281,0.1825246179822564,0.8037160191635049,0.004441830015292392,1.0,0.9129840522570197,-0.15509706834109968,0.9083336117937671,-0.13624593290100281,0.9083336117937671,-0.13624593290100281,0.0,0.0,0.0,0.8105957005906241,0.0,0.005577067677130645,-0.0032611857575962034,-8.904139398351868,9.814199041828793,0.0,0.0,0.0,0.9999999999999699,0.0,0.9999999999999699,0.0,0.0,1.0,0.0,0.9999999999999699,0.0,0.620554248630239,0.34406464345505683,0.6297890051632884,2.925791852115963,0.0,0.0,0.0,0.0,0.0,0.0,0.0,0.0,0.0,0.9999999999999699,0.9083336117937671,1.1362459329009726,0.0,0.0,0.0,0.0
10.07049,1.645471211890244,1.572987,0.8929815,-0.6087965,1.4984503795343516,0.9598901438661789,-0.174814376238312,0.18197210417083473,0.8024372278481849,0.008713748897351525,0.9953445824889576,1.6919659503586242,0.9083357777924568,-0.13623938451347867,0.17899836136175018,0.8076026816244051,0.00444183001529239,1.0,0.9110699708347457,-0.15319382868448478,0.9083357777924568,-0.13623938451347867,0.9083357777924568,-0.13623938451347867,0.0,0.0,0.0,0.8143021601313273,0.0,0.005520186511042424,-0.003177334234442313,-8.727826567328714,9.619865918786171,0.0,0.0,0.0,0.9999999999999697,0.0,0.9999999999999697,0.0,0.0,1.0,0.0,0.9999999999999697,0.0,0.620554248630239,0.3440646434550618,0.6297890051632884,2.925791852115958,0.0,0.0,0.0,0.0,0.0,0.0,0.0,0.0,0.0,0.9999999999999697,0.9083357777924568,1.1362393845134484,0.0,0.0,0.0,0.0
10.07081,1.6460411143292688,1.575101,0.8374106,-0.6087649,1.4991731384307372,0.9570476650427369,-0.17354588125544423,0.17926554432318556,0.8054507350442016,0.008713748897351522,0.9953445824889576,1.6918511561821274,0.9083362357895189,-0.1362379998670973,0.17626303210188338,0.8106175789210742,0.004441830015292387,1.0,0.9105211179128129,-0.15167031636607597,0.9083362357895189,-0.1362379998670973,0.9083362357895189,-0.1362379998670973,0.0,0.0,0.0,0.8171772734095953,0.0,0.005474824025433055,-0.003112579500558108,-8.591060104334533,9.469121053951785,0.0,0.0,0.0,0.9999999999999696,0.0,0.9999999999999696,0.0,0.0,1.0,0.0,0.9999999999999696,0.0,0.620554248630239,0.3440646434550658,0.6297890051632884,2.925791852115955,0.0,0.0,0.0,0.0,0.0,0.0,0.0,0.0,0.0,0.9999999999999696,0.9083362357895189,1.136237999867067,0.0,0.0,0.0,0.0
10.071060000000001,1.6464863506097587,1.576668,0.7929539,-0.6087397,1.4997377938185408,0.9548269784619144,-0.17255486955007507,0.17715104444220167,0.8078050375410986,0.008713748897351518,0.9953445824889576,1.6917593383714518,0.9083362357895189,-0.1362379998670973,0.1741501035875929,0.8129464621598329,0.004441830015292386,1.0,0.9103680691115572,-0.15047981397609905,0.9083362357895189,-0.1362379998670973,0.9083362357895189,-0.1362379998670973,0.0,0.0,0.0,0.8193981792861199,0.0,0.0054394245655149925,-0.0030626428602484046,-8.48541367861863,9.352676892012333,0.0,0.0,0.0,0.9999999999999696,0.0,0.9999999999999696,0.0,0.0,1.0,0.0,0.9999999999999696,0.0,0.620554248630239,0.34406464345506893,0.6297890051632884,2.9257918521159523,0.0,0.0,0.0,0.0,0.0,0.0,0.0,0.0,0.0,0.9999999999999696,0.9083362357895189,1.136237999867067,0.0,0.0,0.0,0.0
10.07112,1.6465932073170748,1.577044,0.7883205,-0.6067005,1.4998733111116118,0.954294013682524,-0.17231702674078955,0.17664356447077215,0.8083700701403465,0.008713748897351518,0.9953445824889576,1.69173730209689,0.9083362357895189,-0.1362379998670973,0.17364300074416977,0.8135053941371276,0.004441830015292385,1.0,0.9103313373992563,-0.1501940934025083,0.9083362357895189,-0.1362379998670973,0.9083362357895189,-0.1362379998670973,0.0,0.0,0.0,0.8199311966964788,0.0,0.005430928695134768,-0.0030506580665742317,-8.460058536447143,9.32473029314723,0.0,0.0,0.0,0.9999999999999696,0.0,0.9999999999999696,0.0,0.0,1.0,0.0,0.9999999999999696,0.0,0.620554248630239,0.3440646434550697,0.6297890051632884,2.925791852115952,0.0,0.0,0.0,0.0,0.0,0.0,0.0,0.0,0.0,0.9999999999999696,0.9083362357895189,1.136237999867067,0.0,0.0,0.0,0.0
10.071330000000001,1.6469672057926863,1.578227,0.7971529,-0.5927541,1.5003476216373666,0.9524286369546339,-0.17148457690827973,0.1748673845707463,0.8103476842377392,0.008713748897351515,0.9953445824889576,1.6916601751359224,0.9083362357895189,-0.1362379998670973,0.17186814079216634,0.8154616560576842,0.0044418300152923845,1.0,0.9102027764062016,-0.14919407139492802,0.9083362357895189,-0.1362379998670973,0.9083362357895189,-0.1362379998670973,0.0,0.0,0.0,0.8217967576327588,0.0,0.005401193148803606,-0.003008711288714095,-8.371315538845815,9.226917197118125,0.0,0.0,0.0,0.9999999999999695,0.0,0.9999999999999695,0.0,0.0,1.0,0.0,0.9999999999999695,0.0,0.620554248630239,0.3440646434550723,0.6297890051632884,2.9257918521159496,0.0,0.0,0.0,0.0,0.0,0.0,0.0,0.0,0.0,0.9999999999999695,0.9083362357895189,1.136237999867067,0.0,0.0,0.0,0.0
10.07141,1.6471096814024402,1.578704,0.8007635,-0.5870529,1.50052831136146,0.9517180172487851,-0.17116745316256807,0.1741907446088453,0.8111010610367309,0.008713748897351515,0.9953445824889576,1.6916307934365067,0.9083362357895189,-0.1362379998670973,0.1711920036676072,0.8162068986940717,0.004441830015292384,1.0,0.9101538007898008,-0.14881311063014319,0.9083362357895189,-0.1362379998670973,0.9083362357895189,-0.1362379998670973,0.0,0.0,0.0,0.8225074475132321,0.0,0.005389865321630057,-0.0029927315638153163,-8.337508682617417,9.189655065298261,0.0,0.0,0.0,0.9999999999999695,0.0,0.9999999999999695,0.0,0.0,1.0,0.0,0.9999999999999695,0.0,0.620554248630239,0.3440646434550733,0.6297890051632884,2.925791852115949,0.0,0.0,0.0,0.0,0.0,0.0,0.0,0.0,0.0,0.9999999999999695,0.9083362357895189,1.136237999867067,0.0,0.0,0.0,0.0
10.0716,1.6474480609756106,1.579762,0.8088743,-0.5742457,1.5009378045803228,0.9502223065915448,-0.17040385805683353,0.172635940940426,0.8128321929188668,0.008713748897351513,0.9953445824889576,1.6915610119003937,0.9083362357895189,-0.1362379998670973,0.16958617799675482,0.817976849955519,0.004441830015292383,1.0,0.9100374837008471,-0.14790832881376548,0.9083362357895189,-0.1362379998670973,0.9083362357895189,-0.1362379998670973,0.0,0.0,0.0,0.824195335979382,0.0,0.00536296173209247,-0.00295477971718014,-8.25721739907375,9.101157502224742,0.0,0.0,0.0,0.9999999999999694,0.0,0.9999999999999694,0.0,0.0,1.0,0.0,0.9999999999999694,0.0,0.620554248630239,0.34406464345507565,0.6297890051632884,2.925791852115947,0.0,0.0,0.0,0.0,0.0,0.0,0.0,0.0,0.0,0.9999999999999694,0.9083362357895189,1.136237999867067,0.0,0.0,0.0,0.0
10.0722,1.648516628048782,1.58302,0.8348292,-0.5332626,1.5021544698736338,0.946246447445507,-0.16795191920844255,0.16792929566195708,0.8180726125711733,0.008713748897351508,0.9953445824889576,1.6913734693116287,0.9083362357895183,-0.13623799986709917,0.16481956890541352,0.8232306367937675,0.004441830015292379,1.0,0.910606250718859,-0.14516608753946786,0.9083362357895183,-0.13623799986709917,0.9083362357895183,-0.13623799986709917,0.0,0.0,0.0,0.8292055339441768,0.0,0.005283103191527093,-0.0028421263822121724,-8.018886944510813,8.83846816031687,0.0,0.0,0.0,0.9999999999999692,0.0,0.9999999999999692,0.0,0.0,1.0,0.0,0.9999999999999692,0.0,0.620554248630239,0.34406464345507887,0.6297890051632884,2.9257918521159434,0.0,0.0,0.0,0.0,0.0,0.0,0.0,0.0,0.0,0.9999999999999692,0.9083362357895183,1.1362379998670689,0.0,0.0,0.0,0.0
10.07411,1.6515591897233195,1.592132,0.9178846,-0.4021166,1.5058610918186484,0.9350295019973062,-0.16011361472664504,0.15338677526618394,0.834264380840752,0.00871374889735149,0.9953445824889575,1.6907797337022248,0.9083362357895164,-0.136237999867105,0.15016538107701896,0.8393825757639455,0.004441830015292369,1.0,0.9130657614713438,-0.13693538993418458,0.9083362357895164,-0.136237999867105,0.9083362357895164,-0.136237999867105,0.0,0.0,0.0,0.8446085973434632,0.0,0.005037590704405952,-0.0024957914723244706,-7.286177553102018,8.030871211820019,0.0,0.0,0.0,0.999999999999969,0.0,0.999999999999969,0.0,0.0,1.0,0.0,0.999999999999969,0.0,0.620554248630239,0.3440646434550843,0.6297890051632884,2.925791852115935,0.0,0.0,0.0,0.0,0.0,0.0,0.0,0.0,0.0,0.999999999999969,0.9083362357895164,1.136237999867074,0.0,0.0,0.0,0.0
10.077179999999998,1.6553815217391286,1.602586,1.046099,-0.1971934,1.5109583255727768,0.9238673590996218,-0.14839843921033047,0.13265681687538977,0.8573452962094051,0.008713748897351464,0.9953445824889573,1.689736814371158,0.9083362357895164,-0.136237999867105,0.12929603294786166,0.8623849039227537,0.004441830015292354,1.0,0.9064277061396928,-0.1326819151670235,0.9083362357895164,-0.136237999867105,0.9083362357895164,-0.136237999867105,0.0,0.0,0.0,0.8665444354874459,0.0,0.004687951022978425,-0.0020025683822022123,-6.2427101466284665,6.880754803862317,0.0,0.0,0.0,0.9999999999999691,0.0,0.9999999999999691,0.0,0.0,1.0,0.0,0.9999999999999691,0.0,0.620554248630239,0.3440646434550843,0.6297890051632884,2.925791852115939,0.0,0.0,0.0,0.0,0.0,0.0,0.0,0.0,0.0,0.9999999999999691,0.9083362357895164,1.136237999867074,0.0,0.0,0.0,0.0
10.07848,1.6570000988142302,1.605733,1.025261,-0.1892917,1.5128780384269005,0.9194334856658551,-0.1448565065602988,0.12480650498648628,0.8660859015164463,0.008713748897351452,0.9953445824889573,1.6893264132616121,0.9083362357895164,-0.136237999867105,0.12141099378541459,0.8710758442069046,0.004441830015292347,1.0,0.8957897152440825,-0.13504004492145721,0.9083362357895164,-0.136237999867105,0.9083362357895164,-0.136237999867105,0.0,0.0,0.0,0.8748324252107449,0.0,0.0045558471084863215,-0.0018162145316981248,-5.848458188506111,6.446207789654771,0.0,0.0,0.0,0.9999999999999691,0.0,0.9999999999999691,0.0,0.0,1.0,0.0,0.9999999999999691,0.0,0.620554248630239,0.3440646434550843,0.6297890051632884,2.925791852115939,0.0,0.0,0.0,0.0,0.0,0.0,0.0,0.0,0.0,0.9999999999999691,0.9083362357895164,1.136237999867074,0.0,0.0,0.0,0.0
10.080029999999999,1.658929940711461,1.608928,1.000372,-0.1798544,1.5150015148422393,0.9120779113818382,-0.14261702819116162,0.11616024767144807,0.8757127193605477,0.008713748897351428,0.9953445824889575,1.6881604276437192,0.8419067234207063,-0.13961000208824476,0.11269310473200925,0.8806847569346736,0.004441830015292342,1.0,0.8777467971846175,-0.13969568099337107,0.8419067234207063,-0.13961000208824476,0.8419067234207063,-0.13961000208824476,0.0,0.0,0.0,0.8839958261013321,0.0,0.001509578620575633,-0.003551393209618153,-5.412563735837871,5.965762153268555,0.0,0.0,0.0,0.999999999999968,0.0,0.999999999999968,0.0,0.0,1.0,0.0,0.999999999999968,0.0,0.620554248630239,0.3440646434551198,0.6297890051632884,2.925791852115903,0.0,0.0,0.0,0.0,0.0,0.0,0.0,0.0,0.0,0.999999999999968,0.8419067234207063,1.1396100020882125,0.0,0.0,0.0,0.0
10.081539999999999,1.660447634032633,1.611456,0.976162,-0.1706742,1.5168835158672658,0.9028474220609062,-0.14178056969545708,0.10834378867622582,0.8844156325623119,0.008713748897351414,0.9953445824889576,1.6868288541003187,0.8418965014598369,-0.1396104217044784,0.10483826571336592,0.8893424104283641,0.004441830015292337,1.0,0.8640838544514542,-0.14168045611871968,0.8418965014598369,-0.1396104217044784,0.8418965014598369,-0.1396104217044784,0.0,0.0,0.0,0.892252072357499,0.0,0.001378412784043889,-0.0033661308796766104,-5.01982178490426,5.532879478582432,0.0,0.0,0.0,0.9999999999999679,0.0,0.9999999999999679,0.0,0.0,1.0,0.0,0.9999999999999679,0.0,0.620554248630239,0.3440646434551198,0.6297890051632884,2.9257918521159,0.0,0.0,0.0,0.0,0.0,0.0,0.0,0.0,0.0,0.9999999999999679,0.8418965014598369,1.139610421704446,0.0,0.0,0.0,0.0
10.08638,1.6630349844599845,1.616775,0.9163094,-0.1590772,1.5216091475279463,0.8708966258807775,-0.14188865661694688,0.08693204647091145,0.908255651940052,0.008713748897351369,0.9953445824889573,1.6827584845138386,0.8418965014598498,-0.1396104217044779,0.08324533360302597,0.913142277450515,0.004441830015292316,1.0,0.8349861415608077,-0.14257345009473996,0.8418965014598498,-0.1396104217044779,0.8418965014598498,-0.1396104217044779,0.0,0.0,0.0,0.9149484719237444,0.0,0.0010166503630366153,-0.002855806712663543,-3.940175179386683,4.34288612747425,0.0,0.0,0.0,0.9999999999999678,0.0,0.9999999999999678,0.0,0.0,1.0,0.0,0.9999999999999678,0.0,0.620554248630239,0.3440646434551269,0.6297890051632884,2.925791852115896,0.0,0.0,0.0,0.0,0.0,0.0,0.0,0.0,0.0,0.9999999999999678,0.8418965014598498,1.139610421704446,0.0,0.0,0.0,0.0
10.09118,1.6656009518259518,1.619195,0.8922733,-0.1462745,1.5249027301880165,0.8436327028288279,-0.14103347331604002,0.07020709417002104,0.9268773588110624,0.008713748897351338,0.9953445824889576,1.677534382584986,0.7945770442064274,-0.1297183040102945,0.06640675273165728,0.931701868317213,0.004441830015292285,1.0,0.8120533875812795,-0.13555579385526703,0.7945770442064274,-0.1297183040102945,0.7945770442064274,-0.1297183040102945,0.0,0.0,0.0,0.9326475577927779,0.0,-0.0002276270101814039,-0.0015049699104349042,-3.09824613582168,3.4149065841431283,0.0,0.0,0.0,0.9999999999999684,0.0,0.9999999999999684,0.0,0.0,1.0,0.0,0.9999999999999684,0.0,0.620554248630239,0.34406464345510895,0.6297890051632884,2.9257918521159128,0.0,0.0,0.0,0.0,0.0,0.0,0.0,0.0,0.0,0.9999999999999684,0.7945770442064274,1.1297183040102625,0.0,0.0,0.0,0.0
10.096480000000001,1.6659859589800436,1.619946,0.8865927,-0.1285513,1.5267108492151613,0.8185806303756445,-0.13573328262975418,0.055878834760488286,0.9428305670412538,0.008713748897351294,0.9953445824889573,1.6704969204525408,0.7945770442064403,-0.12971830401029957,0.051963357886468504,0.947621469921448,0.004441830015292255,1.0,0.7925449190290128,-0.12685278713923417,0.7945770442064403,-0.12971830401029957,0.7945770442064403,-0.12971830401029957,0.0,0.0,0.0,0.9478290560174897,0.0,-0.0004696079259744544,-0.0011636168507623956,-2.3760763935640163,2.6189265039333307,0.0,0.0,0.0,0.9999999999999681,0.0,0.9999999999999681,0.0,0.0,1.0,0.0,0.9999999999999681,0.0,0.620554248630239,0.3440646434551166,0.6297890051632884,2.9257918521159065,0.0,0.0,0.0,0.0,0.0,0.0,0.0,0.0,0.0,0.9999999999999681,0.7945770442064403,1.1297183040102678,0.0,0.0,0.0,0.0
10.103340000000001,1.6631434700665184,1.618425,0.8229396,-0.1404457,1.526940959578266,0.8000903742662183,-0.12605110244487594,0.04216426420978233,0.9581004887763039,0.00871374889735124,0.9953445824889576,1.6602456839832431,0.7693463271465302,-0.1204292000716757,0.03815950012009154,0.9628361696923567,0.004441830015292217,1.0,0.7854967388486017,-0.11946513760914274,0.7693463271465302,-0.1204292000716757,0.7693463271465302,-0.1204292000716757,0.0,0.0,0.0,0.9623383347861324,0.0,0.008095876976200933,0.001678277224584321,-1.6858835052404677,1.8581915153827184,0.0,0.0,0.0,0.999999999999968,0.0,0.999999999999968,0.0,0.0,1.0,0.0,0.999999999999968,0.0,0.620554248630239,0.34406464345511845,0.6297890051632884,2.925791852115904,0.0,0.0,0.0,0.0,0.0,0.0,0.0,0.0,0.0,0.999999999999968,0.7693463271465302,1.120429200071644,0.0,0.0,0.0,0.0
10.10839,1.6610509672949005,1.615622,0.7976575,-0.1385585,1.525891232300972,0.7891906409794404,-0.12206564718791678,0.03467670223674505,0.9664372051825446,0.008713748897351195,0.9953445824889573,1.6524075309969508,0.7693463271465313,-0.12042920007167579,0.030603330303397396,0.9711646280932419,0.004441830015292194,1.0,0.7636649564779848,-0.12328085221673994,0.7693463271465313,-0.12042920007167579,0.7693463271465313,-0.12042920007167579,0.0,0.0,0.0,0.9702806488949222,0.0,0.007969282853992104,0.001856858625562275,-1.308075014407615,1.4417685953405015,0.0,0.0,0.0,0.9999999999999681,0.0,0.9999999999999681,0.0,0.0,1.0,0.0,0.9999999999999681,0.0,0.620554248630239,0.3440646434551132,0.6297890051632884,2.9257918521159065,0.0,0.0,0.0,0.0,0.0,0.0,0.0,0.0,0.0,0.9999999999999681,0.7693463271465313,1.120429200071644,0.0,0.0,0.0,0.0
10.11352,1.6572882239685676,1.611324,0.7753423,-0.1275869,1.5242268916274062,0.7694629584244788,-0.1250300722581221,0.028796406026354734,0.9729843779561712,0.00871374889735113,0.9953445824889576,1.6426412254131564,0.7070836718464824,-0.1281566647523366,0.024687056854432024,0.977685582294022,0.004441830015292163,1.0,0.7367507313099667,-0.12864777703159191,0.7070836718464824,-0.1281566647523366,0.7070836718464824,-0.1281566647523366,0.0,0.0,0.0,0.9764992627197948,0.0,0.0006577822188068533,-0.002160224817693533,-1.0122613419569937,1.1157208852989025,0.0,0.0,0.0,0.9999999999999678,0.0,0.9999999999999678,0.0,0.0,1.0,0.0,0.9999999999999678,0.0,0.620554248630239,0.3440646434551262,0.6297890051632884,2.9257918521158963,0.0,0.0,0.0,0.0,0.0,0.0,0.0,0.0,0.0,0.9999999999999678,0.7070836718464824,1.128156664752304,0.0,0.0,0.0,0.0
10.12129,1.6460179076620833,1.602688,0.7576962,-0.1182355,1.5204010466674782,0.7462348048649159,-0.13002926919210256,0.022325911961894047,0.9801886821366131,0.008713748897351057,0.9953445824889576,1.6269444070552082,0.6556067019686298,-0.12646166700718334,0.018160594741097484,0.9848790903191833,0.004441830015292121,1.0,0.7056045372822102,-0.12723222334110149,0.6556067019686298,-0.12646166700718334,0.6556067019686298,-0.12646166700718334,0.0,0.0,0.0,0.9833592477890427,0.0,0.01125948847848412,-0.002599262319469762,-0.6859382362910773,0.7560454840417274,0.0,0.0,0.0,0.9999999999999681,0.0,0.9999999999999681,0.0,0.0,1.0,0.0,0.9999999999999681,0.0,0.620554248630239,0.34406464345511534,0.6297890051632884,2.9257918521159056,0.0,0.0,0.0,0.0,0.0,0.0,0.0,0.0,0.0,0.9999999999999681,0.6556067019686298,1.1264616670071517,0.0,0.0,0.0,0.0
10.12969,1.6338337819253448,1.591371,0.7124389,-0.1250607,1.5153843925877837,0.7317789668443178,-0.17682852489325188,0.017649289683796976,0.9853956739200532,0.008713748897350987,0.9953445824889579,1.607757490423315,0.5955778668888014,-0.11200864916741382,0.013445586265454619,0.9900760026308217,0.004441830015292075,1.0,0.7533242500229714,-0.2674051581545877,0.5955778668888014,-0.11200864916741382,0.5955778668888014,-0.11200864916741382,0.0,0.0,0.0,0.9883152081826834,0.0,0.08952335667217985,-0.33119237241019384,-0.4501878125081992,0.496199868458995,0.0,0.0,0.0,0.9999999999999684,0.0,0.9999999999999684,0.0,0.0,1.0,0.0,0.9999999999999684,0.0,0.620554248630239,0.3440646434551041,0.6297890051632884,2.9257918521159154,0.0,0.0,0.0,0.0,0.0,0.0,0.0,0.0,0.0,0.9999999999999684,0.5955778668888014,1.1120086491673822,0.0,0.0,0.0,0.0
10.13756,1.618398024999998,1.578096,0.6516797,-0.1285935,1.5285765549156498,0.7594941025902056,-0.35189064614194915,0.014744331833012943,0.988630079172561,0.008713748897350907,0.9953445824889561,1.5862261484414826,0.6038219458035591,-0.11278174086794056,0.01051547355753769,0.993305591482025,0.004441830015292035,1.0,0.6903229475281559,-0.00316327659468193,0.6038219458035591,-0.11278174086794056,0.6038219458035591,-0.11278174086794056,0.0,0.0,0.0,0.9913950589622437,0.0,0.08759043301175035,-0.30232968994508874,-0.3036821771128296,0.33472042589935114,0.0,0.0,0.0,0.9999999999999678,0.0,0.9999999999999678,0.0,0.0,1.0,0.0,0.9999999999999678,0.0,0.620554248630239,0.34406464345512455,0.6297890051632884,2.925791852115897,0.0,0.0,0.0,0.0,0.0,0.0,0.0,0.0,0.0,0.9999999999999678,0.6038219458035591,1.1127817408679084,0.0,0.0,0.0,0.0
10.148539999999999,1.5905256242236048,1.555424,0.6188131,-0.1149864,1.5639082212456747,0.7735997243496565,-0.41409351338131506,0.012191242089177793,0.9914727114246431,0.008713748897350816,0.995344582488955,1.553004844982388,0.5508746941179017,-0.10751181440106491,0.007944720298937544,0.9961390920640104,0.004441830015291981,1.0,0.6494934517746116,-0.03459803006663776,0.5508746941179017,-0.10751181440106491,0.5508746941179017,-0.10751181440106491,0.0,0.0,0.0,0.9940971858825363,0.0,0.11793378294986016,-0.540275899936923,-0.17514451418244764,0.19304539679966326,0.0,0.0,0.0,0.9999999999999681,0.0,0.9999999999999681,0.0,0.0,1.0,0.0,0.9999999999999681,0.0,0.620554248630239,0.3440646434551127,0.6297890051632884,2.9257918521159088,0.0,0.0,0.0,0.0,0.0,0.0,0.0,0.0,0.0,0.9999999999999681,0.5508746941179017,1.1075118144010332,0.0,0.0,0.0,0.0
10.156619999999998,1.5656295315845858,1.535234,0.5564052,-0.1080027,1.5912709752368108,0.7554931299353449,-0.44287565998868844,0.011034562174327061,0.9927605688684463,0.008713748897350737,0.9953445824889549,1.5266252064210173,0.5090165856757276,-0.10843073280857385,0.006780456017288588,0.9974223515556018,0.004441830015291934,1.0,0.6221886009326297,-0.07860440333246221,0.5090165856757276,-0.10843073280857385,0.5090165856757276,-0.10843073280857385,0.0,0.0,0.0,0.9953209477691565,0.0,0.12286228697571495,-0.6778089124370281,-0.11693130010007886,0.12888242222018362,0.0,0.0,0.0,0.9999999999999678,0.0,0.9999999999999678,0.0,0.0,1.0,0.0,0.9999999999999678,0.0,0.620554248630239,0.3440646434551269,0.6297890051632884,2.925791852115896,0.0,0.0,0.0,0.0,0.0,0.0,0.0,0.0,0.0,0.9999999999999678,0.5090165856757276,1.1084307328085419,0.0,0.0,0.0,0.0
10.16421,1.5417393158458208,1.513494,0.5254804,-0.1048539,1.6140110787134023,0.7157390215745589,-0.449844317895937,0.010302563947439976,0.9935755820395423,0.008713748897350668,0.995344582488955,1.500339709763674,0.4537860543557559,-0.1089088832810491,0.0060418297828417206,0.9982364700861043,0.004441830015291892,1.0,0.5754035618287638,-0.10411947068395355,0.4537860543557559,-0.1089088832810491,0.4537860543557559,-0.1089088832810491,0.0,0.0,0.0,0.9960973201516311,0.0,0.09652655814004672,-0.7626586432725484,-0.07999998837765378,0.08817649569496475,0.0,0.0,0.0,0.999999999999968,0.0,0.999999999999968,0.0,0.0,1.0,0.0,0.999999999999968,0.0,0.620554248630239,0.3440646434551198,0.6297890051632884,2.925791852115903,0.0,0.0,0.0,0.0,0.0,0.0,0.0,0.0,0.0,0.999999999999968,0.4537860543557559,1.108908883281017,0.0,0.0,0.0,0.0
10.17187,1.5149922158013513,1.490333,0.4921583,-0.1062636,1.633240229092971,0.6792685030693442,-0.4472505603803879,0.009795880941438177,0.9941397272905741,0.008713748897350592,0.995344582488955,1.4725902904237285,0.4102155949176958,-0.106477447769269,0.00553154251407371,0.9987989119572552,0.004441830015291853,1.0,0.5357029384845449,-0.11324912889702858,0.4102155949176958,-0.106477447769269,0.4102155949176958,-0.106477447769269,0.0,0.0,0.0,0.9966336847215908,0.0,0.07095354386019102,-0.8127802429581581,-0.054485624939177135,0.0600544021373325,0.0,0.0,0.0,0.9999999999999679,0.0,0.9999999999999679,0.0,0.0,1.0,0.0,0.9999999999999679,0.0,0.620554248630239,0.34406464345512033,0.6297890051632884,2.9257918521158994,0.0,0.0,0.0,0.0,0.0,0.0,0.0,0.0,0.0,0.9999999999999679,0.4102155949176958,1.106477447769237,0.0,0.0,0.0,0.0
10.18096,1.4797964744920942,1.461012,0.4423851,-0.1085778,1.6517019829294026,0.6447516451252554,-0.44231028972469144,0.009399886808558617,0.9945806305907732,0.008713748897350503,0.9953445824889546,1.4382809758985193,0.3795804487759576,-0.09810271035544577,0.005133046447435454,0.9992381368548461,0.004441830015291807,1.0,0.5050471325478764,-0.1050201176759706,0.3795804487759576,-0.09810271035544577,0.3795804487759576,-0.09810271035544577,0.0,0.0,0.0,0.9970525452037053,0.0,0.05133034051371421,-0.8365628621274221,-0.03456082160721569,0.038093157257734434,0.0,0.0,0.0,0.999999999999968,0.0,0.999999999999968,0.0,0.0,1.0,0.0,0.999999999999968,0.0,0.620554248630239,0.3440646434551174,0.6297890051632884,2.9257918521159043,0.0,0.0,0.0,0.0,0.0,0.0,0.0,0.0,0.0,0.999999999999968,0.3795804487759576,1.098102710355414,0.0,0.0,0.0,0.0
10.19692,1.4140281130551777,1.404964,0.3777493,-0.104182,1.674015039060908,0.5951491601633767,-0.4322061015181233,0.00902215194771445,0.9950012038592077,0.008713748897350333,0.9953445824889546,1.3750258071196892,0.3473022524081163,-0.09254401604422682,0.004752575589180425,0.9996574942531824,0.0044418300152917175,1.0,0.4686907103562582,-0.08775253315322169,0.3473022524081163,-0.09254401604422682,0.3473022524081163,-0.09254401604422682,0.0,0.0,0.0,0.9974524593320009,0.0,0.02550748220815418,-0.8498589230414767,-0.015537278694465143,0.01712528734091112,0.0,0.0,0.0,0.9999999999999678,0.0,0.9999999999999678,0.0,0.0,1.0,0.0,0.9999999999999678,0.0,0.620554248630239,0.3440646434551269,0.6297890051632884,2.925791852115896,0.0,0.0,0.0,0.0,0.0,0.0,0.0,0.0,0.0,0.9999999999999678,0.3473022524081163,1.0925440160441946,0.0,0.0,0.0,0.0
10.208450000000001,1.362381316958273,1.361225,0.3399031,-0.09279024,1.6837657633076666,0.568441746809598,-0.42849626507936567,0.008886847384146461,0.9951518531331626,0.008713748897350219,0.9953445824889551,1.3286792546426902,0.32384443625289683,-0.09004349607335639,0.004616229873366452,0.9998077753678004,0.004441830015291659,1.0,0.4454772105158262,-0.08603574469804622,0.32384443625289683,-0.09004349607335639,0.32384443625289683,-0.09004349607335639,0.0,0.0,0.0,0.9975957727472167,0.0,0.006068795279028199,-0.8590949369483527,-0.008719992903755355,0.009611231609994504,0.0,0.0,0.0,0.9999999999999681,0.0,0.9999999999999681,0.0,0.0,1.0,0.0,0.9999999999999681,0.0,0.620554248630239,0.3440646434551129,0.6297890051632884,2.925791852115907,0.0,0.0,0.0,0.0,0.0,0.0,0.0,0.0,0.0,0.9999999999999681,0.32384443625289683,1.0900434960733243,0.0,0.0,0.0,0.0
10.2201,1.310197,1.31545,0.3121932,-0.08845363,1.6892976298712723,0.5329513441514944,-0.4275863746302193,0.00881034613693287,0.9952370302849572,0.0087137488973501,0.9953445824889553,1.2808726649696944,0.2708268099541278,-0.08999626386001568,0.004539155530611512,0.9998927271982886,0.004441830015291593,1.0,0.3942039666513802,-0.0911207576469398,0.2708268099541278,-0.08999626386001568,0.2708268099541278,-0.08999626386001568,0.0,0.0,0.0,0.9976767858338385,0.0,-0.04307059918336736,-0.8703714172149731,-0.004866275765997162,0.005363640085581853,0.0,0.0,0.0,0.9999999999999682,0.0,0.9999999999999682,0.0,0.0,1.0,0.0,0.9999999999999682,0.0,0.620554248630239,0.34406464345511256,0.6297890051632884,2.925791852115911,0.0,0.0,0.0,0.0,0.0,0.0,0.0,0.0,0.0,0.9999999999999682,0.2708268099541278,1.0899962638599838,0.0,0.0,0.0,0.0
10.220419999999999,1.309215823529415,1.314189,0.3116229,-0.0884141,1.6893917777919913,0.5316986774813134,-0.42774838155044487,0.008808813610407687,0.9952387366132738,0.008713748897350099,0.9953445824889543,1.2795519365235184,0.2709382665316877,-0.08995896221490379,0.004537612125714207,0.9998944283489768,0.004441830015291597,1.0,0.39426424028599366,-0.0909348350823832,0.2709382665316877,-0.08995896221490379,0.2709382665316877,-0.08995896221490379,0.0,0.0,0.0,0.9976784081116312,0.0,-0.04296759545856424,-0.8703094780752397,-0.0047891055211315755,0.0052785825511612585,0.0,0.0,0.0,0.9999999999999685,0.0,0.9999999999999685,0.0,0.0,1.0,0.0,0.9999999999999685,0.0,0.620554248630239,0.3440646434551045,0.6297890051632884,2.925791852115919,0.0,0.0,0.0,0.0,0.0,0.0,0.0,0.0,0.0,0.9999999999999685,0.2709382665316877,1.0899589622148722,0.0,0.0,0.0,0.0
10.22097,1.30750895652174,1.312006,0.3106347,-0.0883456,1.6895561240220027,0.5297153423617255,-0.4279972096497368,0.008806245854871712,0.9952415955745452,0.00871374889735009,0.9953445824889536,1.2772934118839658,0.27057509004025393,-0.09008050803026096,0.004535024887107625,0.9998972800198145,0.004441830015291599,1.0,0.3938568501988463,-0.09092864537364055,0.27057509004025393,-0.09008050803026096,0.27057509004025393,-0.09008050803026096,0.0,0.0,0.0,0.9976811275663533,0.0,-0.043303356293274524,-0.8705111241093086,-0.00465974359080396,0.005135999009282866,0.0,0.0,0.0,0.9999999999999689,0.0,0.9999999999999689,0.0,0.0,1.0,0.0,0.9999999999999689,0.0,0.620554248630239,0.3440646434550862,0.6297890051632884,2.925791852115933,0.0,0.0,0.0,0.0,0.0,0.0,0.0,0.0,0.0,0.9999999999999689,0.27057509004025393,1.0900805080302296,0.0,0.0,0.0,0.0
10.22275,1.3014888571428598,1.305012,0.3057402,-0.08800701,1.6900096611358162,0.5244101631564492,-0.42857372290642826,0.008798391185591567,0.9952503410314083,0.008713748897350068,0.9953445824889527,1.269999509299761,0.27057574802628404,-0.09008028781928801,0.0045270777930317965,0.9999060393574191,0.004441830015291597,1.0,0.393637305226879,-0.0902896932406268,0.27057574802628404,-0.09008028781928801,0.27057574802628404,-0.09008028781928801,0.0,0.0,0.0,0.9976894807821935,0.0,-0.04330288119973616,-0.8705105708453097,-0.004262388887017445,0.004698032129055314,0.0,0.0,0.0,0.9999999999999696,0.0,0.9999999999999696,0.0,0.0,1.0,0.0,0.9999999999999696,0.0,0.620554248630239,0.3440646434550698,0.6297890051632884,2.925791852115953,0.0,0.0,0.0,0.0,0.0,0.0,0.0,0.0,0.0,0.9999999999999696,0.27057574802628404,1.090080287819258,0.0,0.0,0.0,0.0
10.22645,1.287983938337803,1.290305,0.2948451,-0.08725349,1.6907910105893955,0.5175768749500831,-0.42881029089342254,0.008784073795554893,0.9952662821375841,0.00871374889735003,0.9953445824889523,1.2551390477523383,0.27057574802630163,-0.09008028781928215,0.0045126693737912536,0.9999219204086904,0.004441830015291583,1.0,0.3932381581042872,-0.08913190843836054,0.27057574802630163,-0.09008028781928215,0.27057574802630163,-0.09008028781928215,0.0,0.0,0.0,0.9977046255174494,0.0,-0.043303122594663526,-0.8705102303188487,-0.003541967924992386,0.0039039795654877405,0.0,0.0,0.0,0.9999999999999699,0.0,0.9999999999999699,0.0,0.0,1.0,0.0,0.9999999999999699,0.0,0.620554248630239,0.3440646434550558,0.6297890051632884,2.925791852115964,0.0,0.0,0.0,0.0,0.0,0.0,0.0,0.0,0.0,0.9999999999999699,0.27057574802630163,1.0900802878192517,0.0,0.0,0.0,0.0
10.23032,1.272340685714284,1.274849,0.2834305,-0.08651528,1.6913957220506386,0.5084125798623859,-0.4285100543373091,0.00877165968219035,0.9952801041190142,0.008713748897349986,0.9953445824889524,1.2396061052809333,0.24758776720394968,-0.08790083094583107,0.004500176384971996,0.999935690260376,0.004441830015291562,1.0,0.37079779989401995,-0.08855759159273065,0.24758776720394968,-0.08790083094583107,0.24758776720394968,-0.08790083094583107,0.0,0.0,0.0,0.9977177569377019,0.0,-0.06539760491719782,-0.8709394891017931,-0.0029173184840233022,0.0032154869811985014,0.0,0.0,0.0,0.9999999999999698,0.0,0.9999999999999698,0.0,0.0,1.0,0.0,0.9999999999999698,0.0,0.620554248630239,0.3440646434550597,0.6297890051632884,2.9257918521159603,0.0,0.0,0.0,0.0,0.0,0.0,0.0,0.0,0.0,0.9999999999999698,0.24758776720394968,1.0879008309458011,0.0,0.0,0.0,0.0
10.23132,1.2680385428571417,1.270832,0.2804773,-0.0863277,1.6914785679563877,0.5048626376420808,-0.4283748023194785,0.008768842711026435,0.9952832405591268,0.008713748897349976,0.9953445824889526,1.2354481132534016,0.24757440781412823,-0.08790078038532144,0.004497344701723783,0.9999388113596509,0.004441830015291556,1.0,0.3707062825867716,-0.08833083786830176,0.24757440781412823,-0.08790078038532144,0.24757440781412823,-0.08790078038532144,0.0,0.0,0.0,0.9977207333289635,0.0,-0.06541072537550761,-0.8709402076289392,-0.002775734321614624,0.0030594320174574382,0.0,0.0,0.0,0.9999999999999695,0.0,0.9999999999999695,0.0,0.0,1.0,0.0,0.9999999999999695,0.0,0.620554248630239,0.34406464345507215,0.6297890051632884,2.92579185211595,0.0,0.0,0.0,0.0,0.0,0.0,0.0,0.0,0.0,0.9999999999999695,0.24757440781412823,1.087900780385291,0.0,0.0,0.0,0.0
10.23232,1.2636680769230764,1.266812,0.2775241,-0.08614013,1.6915099857845985,0.5020562565547692,-0.4282225914821967,0.0087662033238113,0.9952861792757314,0.008713748897349967,0.9953445824889527,1.2313405273994298,0.24741917384534362,-0.08790019288030207,0.004494669514574428,0.9999417599679309,0.004441830015291552,1.0,0.37048026724408223,-0.08812500070830757,0.24741917384534362,-0.08790019288030207,0.24741917384534362,-0.08790019288030207,0.0,0.0,0.0,0.9977235452266782,0.0,-0.06556267655760888,-0.8709492712155659,-0.002641974964148575,0.0029120016034618525,0.0,0.0,0.0,0.9999999999999692,0.0,0.9999999999999692,0.0,0.0,1.0,0.0,0.9999999999999692,0.0,0.620554248630239,0.34406464345507926,0.6297890051632884,2.9257918521159425,0.0,0.0,0.0,0.0,0.0,0.0,0.0,0.0,0.0,0.9999999999999692,0.24741917384534362,1.087900192880271,0.0,0.0,0.0,0.0
10.23392,1.2563942307692288,1.26036,0.2729457,-0.08602728,1.6915057075322026,0.49818098822356544,-0.42796654734985523,0.008762143050978007,0.9952907000187002,0.008713748897349952,0.995344582488953,1.2248237147321879,0.24742060523433498,-0.08790019829759714,0.004490570446946429,0.999946277986325,0.004441830015291544,1.0,0.37036811412943116,-0.0877955370321084,0.24742060523433498,-0.08790019829759714,0.24742060523433498,-0.08790019829759714,0.0,0.0,0.0,0.9977278537696892,0.0,-0.06556134452669364,-0.8709490901818554,-0.002437021582750691,0.002686100683762684,0.0,0.0,0.0,0.999999999999969,0.0,0.999999999999969,0.0,0.0,1.0,0.0,0.999999999999969,0.0,0.620554248630239,0.3440646434550843,0.6297890051632884,2.925791852115935,0.0,0.0,0.0,0.0,0.0,0.0,0.0,0.0,0.0,0.999999999999969,0.24742060523433498,1.0879001982975658,0.0,0.0,0.0,0.0
10.23424,1.2549394615384577,1.260113,0.9978721,-0.001540804,1.691483905687537,0.4976127894343842,-0.42791151546748635,0.008761389595822214,0.9952915389222019,0.008713748897349948,0.995344582488953,1.2235224836516958,0.24742054244984096,-0.0879001980599803,0.004489818856823075,0.9999471063937362,0.004441830015291542,1.0,0.3703472318755353,-0.08773514689345085,0.24742054244984096,-0.0879001980599803,0.24742054244984096,-0.0879001980599803,0.0,0.0,0.0,0.9977286437684565,0.0,-0.06556141855728222,-0.8709490761102312,-0.0023994420765829486,0.0026446803132003927,0.0,0.0,0.0,0.999999999999969,0.0,0.999999999999969,0.0,0.0,1.0,0.0,0.999999999999969,0.0,0.620554248630239,0.3440646434550843,0.6297890051632884,2.925791852115935,0.0,0.0,0.0,0.0,0.0,0.0,0.0,0.0,0.0,0.999999999999969,0.24742054244984096,1.087900198059949,0.0,0.0,0.0,0.0
10.23431,1.2546212307692228,1.260282,0.9978653,-0.001545763,1.6914791365340165,0.4974884959492493,-0.427899477243218,0.008761224777506883,0.9952917224323429,0.008713748897349948,0.995344582488953,1.2232378393528347,0.2474205287157329,-0.08790019800800161,0.004489654446483589,0.9999472876078574,0.004441830015291542,1.0,0.37034266388249554,-0.08772193655061936,0.2474205287157329,-0.08790019800800161,0.2474205287157329,-0.08790019800800161,0.0,0.0,0.0,0.9977288165806868,0.0,-0.06556143475147347,-0.8709490730320634,-0.002391221559608657,0.0026356196071397834,0.0,0.0,0.0,0.999999999999969,0.0,0.999999999999969,0.0,0.0,1.0,0.0,0.999999999999969,0.0,0.620554248630239,0.3440646434550843,0.6297890051632884,2.925791852115935,0.0,0.0,0.0,0.0,0.0,0.0,0.0,0.0,0.0,0.999999999999969,0.2474205287157329,1.0879001980079703,0.0,0.0,0.0,0.0
10.23434,1.2544848461538434,1.260364,0.9978619,-0.001548171,1.6914770926110791,0.4974352273127657,-0.4278943180042461,0.00876115414108603,0.9952918010795462,0.008713748897349948,0.995344582488953,1.2231158489390432,0.24742052282968657,-0.08790019798572504,0.004489583984909527,0.9999473652710522,0.004441830015291542,1.0,0.3703407061711929,-0.08771627497512043,0.24742052282968657,-0.08790019798572504,0.24742052282968657,-0.08790019798572504,0.0,0.0,0.0,0.9977288906430712,0.0,-0.06556144169184114,-0.8709490717128486,-0.002387698480905568,0.0026317364473997197,0.0,0.0,0.0,0.999999999999969,0.0,0.999999999999969,0.0,0.0,1.0,0.0,0.999999999999969,0.0,0.620554248630239,0.3440646434550843,0.6297890051632884,2.925791852115935,0.0,0.0,0.0,0.0,0.0,0.0,0.0,0.0,0.0,0.999999999999969,0.24742052282968657,1.0879001979856937,0.0,0.0,0.0,0.0
10.234430000000001,1.2540756923076806,1.260572,0.9978535,-0.001554276,1.691470960842267,0.49727542140330516,-0.42787884028732953,0.008760942231823459,0.9952920370211561,0.008713748897349946,0.995344582488953,1.2227498776976475,0.24742050517154762,-0.0879001979188953,0.00448937260018733,0.9999475982606366,0.004441830015291541,1.0,0.37033483303728454,-0.08769929024862265,0.24742050517154762,-0.0879001979188953,0.24742050517154762,-0.0879001979188953,0.0,0.0,0.0,0.9977291128302246,0.0,-0.06556146251294417,-0.8709490677552043,-0.0023771292447956754,0.002620086968178838,0.0,0.0,0.0,0.999999999999969,0.0,0.999999999999969,0.0,0.0,1.0,0.0,0.999999999999969,0.0,0.620554248630239,0.3440646434550843,0.6297890051632884,2.925791852115935,0.0,0.0,0.0,0.0,0.0,0.0,0.0,0.0,0.0,0.999999999999969,0.24742050517154762,1.087900197918864,0.0,0.0,0.0,0.0
10.2347,1.2528308457831265,1.261237,0.9978265,-0.00157381,1.6914525655358306,0.49679600367493637,-0.42783240713658105,0.008760306504035763,0.9952927448459856,0.008713748897349945,0.995344582488953,1.2216519639734886,0.2474204521971308,-0.0879001977184061,0.004488738446020753,0.9999482972293898,0.0044418300152915405,1.0,0.37031721363556,-0.08764833606913065,0.2474204521971308,-0.0879001977184061,0.2474204521971308,-0.0879001977184061,0.0,0.0,0.0,0.9977297793916845,0.0,-0.0655615249762533,-0.8709490558822713,-0.0023454215364668318,0.0025851385305171127,0.0,0.0,0.0,0.999999999999969,0.0,0.999999999999969,0.0,0.0,1.0,0.0,0.999999999999969,0.0,0.620554248630239,0.3440646434550843,0.6297890051632884,2.925791852115935,0.0,0.0,0.0,0.0,0.0,0.0,0.0,0.0,0.0,0.999999999999969,0.2474204521971308,1.0879001977183749,0.0,0.0,0.0,0.0
10.23555,1.248720327710841,1.263353,0.9977402,-0.001636322,1.6913948595263661,0.49530538770697924,-0.4276860786508813,0.00875831209104985,0.9952949654426926,0.008713748897349938,0.995344582488953,1.2181955689159356,0.24742028542581854,-0.08790019708723636,0.004486742034755597,0.999950497686576,0.004441830015291537,1.0,0.3702617451486493,-0.08748792476332173,0.24742028542581854,-0.08790019708723636,0.24742028542581854,-0.08790019708723636,0.0,0.0,0.0,0.9977318778259101,0.0,-0.0655617216200042,-0.8709490185045196,-0.002245600973208889,0.002475115671211162,0.0,0.0,0.0,0.999999999999969,0.0,0.999999999999969,0.0,0.0,1.0,0.0,0.999999999999969,0.0,0.620554248630239,0.3440646434550843,0.6297890051632884,2.925791852115935,0.0,0.0,0.0,0.0,0.0,0.0,0.0,0.0,0.0,0.999999999999969,0.24742028542581854,1.0879001970872053,0.0,0.0,0.0,0.0
10.238290000000001,1.2354699518072303,1.270024,0.9974639,-0.001836358,1.6912120728374789,0.4923162106074071,-0.42720462600631676,0.008752603888328455,0.9953013210050841,0.008713748897349915,0.9953445824889529,1.2072518301723922,0.24742025327340691,-0.08790019696555099,0.004480976637928303,0.9999568523436053,0.004441830015291522,1.0,0.3701019986247096,-0.08702464968249309,0.24742025327340691,-0.08790019696555099,0.24742025327340691,-0.08790019696555099,0.0,0.0,0.0,0.9977379378528384,0.0,-0.06556184967516727,-0.8709488841363486,-0.001957331131842546,0.002157382819738172,0.0,0.0,0.0,0.9999999999999691,0.0,0.9999999999999691,0.0,0.0,1.0,0.0,0.9999999999999691,0.0,0.620554248630239,0.3440646434550843,0.6297890051632884,2.925791852115939,0.0,0.0,0.0,0.0,0.0,0.0,0.0,0.0,0.0,0.9999999999999691,0.24742025327340691,1.08790019696552,0.0,0.0,0.0,0.0
10.24706,1.189341144385029,1.290406,1.000002,1.364541e-06,1.651590156267507,0.30286034639145165,0.38458971510940937,0.0484037663317259,0.9948740147923393,0.42083225873202024,0.6997895684161016,1.171089921289681,0.2195312592262447,-0.08624029021770863,0.04382206109645979,0.9995869918834941,0.41459665749642144,0.7257611159747619,0.1683742712692675,0.7976171454231269,0.0,1.0,0.2195312592262447,-0.08624029021770863,0.0,1.0,1.0,0.02211753460648283,0.0,-0.3150069587457399,-5.1546845540221136e-05,18.53872981999809,-0.27355033213326363,1.0,0.0,0.20730346284974763,-0.025762510987380194,0.1883231462368227,0.80233298057179,0.018980316612924934,0.8280954915591703,0.0,0.20730346284974763,-0.025762510987380194,0.0,1.3943605624162532,5.97,0.21873342725844394,1.0792589067156146,0.0,0.0,0.0,0.0,0.0,0.0,0.0,0.0,0.20730346284974763,-0.025762510987380194,0.20730346284974763,1.0257625109873798,0.0,0.0,0.6832399673453421,1.0
10.26141,1.1052935432098794,1.320733,1.0,0.0,1.358369319095141,-0.08003621568548125,1.202938661975893,0.4904331862873755,0.983130344462466,1.0,0.0,1.112774231426585,0.20595455695870654,-0.07726609126398593,0.48742467237014403,0.9881074633992418,1.0,0.020643043639985127,-0.09643316078014262,1.060950345286649,-0.044235644544080584,1.0406830010466874,0.20595455695870654,-0.07726609126398593,0.0,1.0,1.0,0.24965860448545116,0.0,-0.007861009636766093,-0.03133802581454836,25.62876638149281,-0.9664908857644605,0.0,0.0,0.20595455695870654,-0.07726609126398593,-0.03209614407371357,0.8261413923158225,0.23805070103242013,0.9034074835798084,0.0,0.20595455695870654,-0.07726609126398593,0.046163180777170534,1.393690493743032,5.97,0.21959676848178517,0.22425950164587835,0.06433718621008368,0.27559418923970813,0.47369726935821577,0.0,0.06433718621008368,0.27559418923970813,0.0,0.0,0.20595455695870654,-0.07726609126398593,0.2501902015027871,1.1179490923106736,0.0,0.0,0.8650401837937935,1.0
10.270100000000001,1.047218,1.337362,1.0,0.0,1.1698684031821092,-0.05525745085338904,1.0362171543009675,0.6701529176098581,0.9746324535717791,1.0,0.0,1.079721328508464,0.205954556958704,-0.07726609126397635,0.6681492489903965,0.9797450074609837,1.0,0.020643043639993548,-0.0374838726938633,1.0159965282676044,-0.04423564454406907,1.040683001046666,0.205954556958704,-0.07726609126397635,0.0,1.0,1.0,0.34420212076470635,0.0,-0.004833196645023165,-0.03134160841357076,16.592537550480174,-0.958136844745616,0.0,0.0,0.205954556958704,-0.07726609126397635,-0.03209614407371316,0.8261413923158216,0.2380507010324171,0.9034074835797979,0.0,0.205954556958704,-0.07726609126397635,0.9924087335622864,1.39369049374303,5.97,0.2195967684817868,0.2242595016459195,1.3831106178733181,5.924680139366847,10.190218803631682,0.0,1.3831106178733181,5.924680139366847,0.0,0.0,0.205954556958704,-0.07726609126397635,0.250190201502773,1.117949092310642,0.0,0.0,0.8650401837937834,1.0
10.27032,1.045655999999996,1.337755,1.0,0.0,1.1655902623167778,-0.05446936221513124,1.033783549892441,0.6737464274806778,0.9744182916897085,1.0,0.0,1.0788968524948437,0.2059545569587039,-0.0772660912639761,0.6717671221553528,0.9795342552234083,1.0,0.020643043639993763,-0.036881304096623685,1.0143511651633974,-0.0442356445440768,1.0406830010466805,0.2059545569587039,-0.0772660912639761,0.0,1.0,1.0,0.34611643346597215,0.0,-0.004772583730188628,-0.031341698702931214,16.411643892235833,-0.9579263045824729,0.0,0.0,0.2059545569587039,-0.0772660912639761,-0.03209614407371315,0.8261413923158216,0.23805070103241704,0.9034074835797977,0.0,0.2059545569587039,-0.0772660912639761,0.9931794901664632,1.39369049374303,5.97,0.2195967684817869,0.22425950164592054,1.3841848140255495,5.929281556293782,10.198346238699969,0.0,1.3841848140255495,5.929281556293782,0.0,0.0,0.2059545569587039,-0.0772660912639761,0.25019020150278065,1.1179490923106565,0.0,0.0,0.8650401837937833,1.0
10.27079,1.0422230425531838,1.338631,1.0,0.0,1.1565118588783019,-0.05283183954775682,1.0288697796174224,0.6813014574422798,0.9739609113189317,1.0,0.0,1.077146288664019,0.20595455695870382,-0.0772660912639756,0.6793787146569894,0.9790841501859514,1.0,0.020643043639994224,-0.035916243598300694,1.01083715159862,-0.044235644544075844,1.0406830010466785,0.20595455695870382,-0.0772660912639756,0.0,1.0,1.0,0.35014728223551883,0.0,-0.004645061070595557,-0.031341891534544024,16.03106426715166,-0.9574766524738739,0.0,0.0,0.20595455695870382,-0.0772660912639756,-0.03209614407371314,0.8261413923158216,0.238050701032417,0.9034074835797973,0.0,0.20595455695870382,-0.0772660912639756,0.9945925388288408,1.39369049374303,5.97,0.2195967684817869,0.22425950164592273,1.3861541665135007,5.937717456808176,10.213313150546757,0.0,1.3861541665135007,5.937717456808176,0.0,0.0,0.20595455695870382,-0.0772660912639756,0.25019020150277965,1.1179490923106545,0.0,0.0,0.8650401837937828,1.0
10.27232,1.0311993302752187,1.34141,1.0,0.0,1.1275048363345843,-0.04812333757188252,1.0198125630852495,0.7047731161351991,0.9724733899014878,1.0,0.0,1.0714852843087483,0.20595455695870343,-0.07726609126397373,0.7029761943175379,0.9776203518678723,1.0,0.020643043639995688,-0.03450961756472942,1.0288047322631861,-0.02470002655540094,1.0072270825097196,0.20595455695870343,-0.07726609126397373,0.0,1.0,1.0,0.36267792122483267,0.0,-0.0052279466462845274,-0.0019469229244903174,14.851190284132292,-0.9560143271375331,0.0,0.0,0.20595455695870343,-0.07726609126397373,-0.03209614407371307,0.8261413923158213,0.23805070103241652,0.9034074835797951,0.0,0.20595455695870343,-0.07726609126397373,0.9958827659228486,1.39369049374303,5.97,0.21959676848178716,0.22425950164593078,1.3879523437491894,5.945420112559394,10.227082034879594,0.0,1.3879523437491894,5.945420112559394,0.0,0.0,0.20595455695870343,-0.07726609126397373,0.2306545835141044,1.0844931737736936,0.0,0.0,0.8650401837937796,1.0
10.27721,0.9967030179487194,1.350062,1.0,0.0,1.0396205990956666,-0.03687174901216622,1.0113292508735803,0.7686418143581814,0.9677348009854473,1.0,0.0,1.053718901382237,0.2059545569587024,-0.07726609126396844,0.7673175307452743,0.9729571394061184,1.0,0.020643043640000452,-0.027051774342598502,1.007545676962269,-0.02470002655540082,1.00722708250972,0.2059545569587024,-0.07726609126396844,0.0,1.0,1.0,0.39718019566957785,0.0,-0.004149988473766844,-0.001948920713245948,11.634123462736287,-0.9513558071438007,0.0,0.0,0.2059545569587024,-0.07726609126396844,-0.03209614407371292,0.8261413923158222,0.23805070103241532,0.9034074835797907,0.0,0.2059545569587024,-0.07726609126396844,0.9958827659228433,1.3936904937430292,5.97,0.21959676848178783,0.22425950164595354,1.3879523437491816,5.945420112559361,10.227082034879546,0.0,1.3879523437491816,5.945420112559361,0.0,0.0,0.2059545569587024,-0.07726609126396844,0.2306545835141032,1.0844931737736885,0.0,0.0,0.8650401837937738,1.0
10.29286,0.8968590442029014,1.37546,1.0,0.0,0.7981994494200044,-0.014512995366273453,1.0049618625248304,0.8944920352626486,0.9527222368593761,1.0,0.0,1.0005060013792861,0.20595455695869877,-0.0772660912639516,0.8937991541353667,0.9581839363972576,1.0,0.020643043640015624,-0.01196856043212994,1.0027712365951,-0.010049419762447371,1.002349662096464,0.20595455695869877,-0.0772660912639516,0.0,1.0,1.0,0.46780760886905437,0.90404026492553,-0.0017739487839186444,-0.0026037198224567073,5.31004229323568,-0.9365974700204782,0.0,0.0,0.20595455695869877,-0.0772660912639516,-0.03209614407371222,0.8261413923158235,0.23805070103241097,0.9034074835797752,0.0,0.20595455695869877,-0.0772660912639516,0.9958827659228252,1.393690493743027,5.97,0.2195967684817902,0.2242595016460258,1.3879523437491528,5.945420112559252,10.22708203487939,0.0,1.3879523437491528,5.945420112559252,0.0,0.0,0.20595455695869877,-0.0772660912639516,0.21600397672114607,1.0796157533604158,0.0,0.90404026492553,0.08728427034329518,1.0
10.342929999999999,0.6730061654169414,1.437603,1.0,0.0,0.3185655582529242,-0.062337892479208665,0.9999006322014803,0.9914047017909152,0.9062396603954637,1.0,0.0,0.8610739622843628,0.24762541268354932,-0.055228843168746024,0.991348537309743,0.9124420331404641,1.0,0.020643043640064515,-0.06206327307386032,0.9999663252752228,-0.01035007965573461,1.0001590707616619,0.24762541268354932,-0.055228843168746024,0.0,1.0,1.0,0.5394532520846393,0.9999969295196207,-0.1480658221330933,0.00011435216539083423,0.43257313451315826,-0.8909015956375642,0.0,0.0,0.20595455695868936,-0.07726609126389893,-0.032096144073710725,0.8261413923158307,0.23805070103240006,0.9034074835797297,0.0,0.20595455695868936,-0.07726609126389893,0.9958827659227748,1.393690493743021,5.97,0.2195967684817962,0.22425950164625216,1.3879523437490868,5.945420112558961,10.227082034878947,0.01584796512105413,1.40380030887014,5.961268077680016,0.0034362101830354413,0.29036273001064944,0.24762541268354932,-0.055228843168746024,0.25797549233928396,1.055387913930408,0.0,0.9999969295196207,2.7928863985883516e-06,0.0
10.39211,0.5534402751356683,1.476668,1.0,0.0,0.12341846368898636,-0.0078008033851437964,1.0034338471944813,0.9992669032860997,0.8627915934019024,1.0,0.0,0.7701610536112108,0.3070332667417072,4.734612808754424e-08,0.9992639509516916,0.8696862813412888,1.0,0.02064304364011254,-0.006825845286203463,1.0035110322863188,-0.012084028245054099,1.002860309320924,0.3070332667417072,4.734612808754424e-08,0.0,1.0,1.0,0.5647888348052014,0.9999999998909584,-0.2908247763953717,0.0007321327302170595,0.036802452415435796,-0.8481888678266133,0.0,0.0,0.2059545569586789,-0.07726609126384651,-0.03209614407370925,0.8261413923158305,0.2380507010323882,0.903407483579677,0.0,0.2059545569586789,-0.07726609126384651,0.9958827659227182,1.393690493743015,5.97,0.2195967684818028,0.22425950164647734,1.387952343749027,5.945420112558682,10.22708203487844,0.06502796512156071,1.4529803088705873,6.010448077680242,0.014099586554233571,1.0,0.3070332667417072,4.734612808754424e-08,0.3191172949867613,1.002860261974796,0.0,0.9999999998909584,9.917801882030167e-11,0.0
10.45028,0.4924860915032685,1.505286,1.0,0.0,0.040574994272647165,-0.004122501001825476,1.0014437355963597,0.9999602207014379,0.8140824574249436,1.0,0.0,0.7183834376505941,0.3529082084228113,4.734612808754424e-08,0.9999600464342897,0.8217535517292032,1.0,0.02064304364016951,-0.004387557234463583,1.0015531824186725,-0.012120124039248533,1.001295010642181,0.3529082084228113,4.734612808754424e-08,0.0,1.0,1.0,0.5891032473525432,0.999999999999994,-0.30579864055072864,0.00026389147838128444,0.0019976782855202395,-0.8003043716593269,0.0,0.0,0.20595455695866616,-0.07726609126378418,-0.032096144073707096,0.8261413923158315,0.23805070103237327,0.9034074835796156,0.0,0.20595455695866616,-0.07726609126378418,0.9958827659226692,1.3936904937430066,5.97,0.219596768481811,0.2242595016467451,1.3879523437489538,5.945420112558338,10.227082034877863,0.12319796512213982,1.5111503088710936,6.068618077680478,0.026712205576445117,1.0,0.3529082084228113,4.734612808754424e-08,0.3650283324620598,1.0012949632960526,0.0,0.999999999999994,5.529272618448655e-16,0.0
10.50671,0.48071699288793096,1.521578,1.0,0.0,0.009847213777128029,-0.012060910697877849,1.0022797869285465,0.9999976425772611,0.7694597901726239,1.0,0.0,0.7015714372481017,0.39499230927231066,4.734612808754424e-08,0.9999976342247954,0.7778417985193731,1.0,0.020643043640224734,-0.01198990143368367,1.002208625196426,-0.01203404928081513,1.002290202129862,0.39499230927231066,4.734612808754424e-08,0.0,1.0,1.0,0.611077917852711,0.9999999999999926,-0.3143412068111129,-0.00016089658185886323,0.00011828876023317817,-0.7564368056915227,0.0,0.0,0.20595455695865666,-0.07726609126372395,-0.03209614407370535,0.8261413923158312,0.23805070103236203,0.9034074835795551,0.0,0.20595455695865666,-0.07726609126372395,0.9958827659226183,1.3936904937430006,5.97,0.2195967684818171,0.2242595016470038,1.387952343748876,5.945420112558026,10.227082034877332,0.17962796512266718,1.5675803088715436,6.125048077680694,0.0389475518274841,1.0,0.39499230927231066,4.734612808754424e-08,0.4070263585531258,1.002290154783734,0.0,0.9999999999999926,4.47092333595524e-21,0.0
10.57451,0.5019285966659353,1.53261,1.0,0.0,-0.002434096891618415,-0.013722208789109418,1.0041374853131027,0.9999999210023337,0.7190687016285321,1.0,0.0,0.7133413456577885,0.4320516346948777,4.734612808754424e-08,0.9999999207832609,0.7282535851696396,1.0,0.02064304364029113,-0.014581255988609014,1.006379427141106,-0.014581131667608771,1.0053514011442128,0.4320516346948777,4.734612808754424e-08,0.0,1.0,1.0,0.6358731678068106,0.9999999999999932,-0.3169897574045525,0.0038364913956636395,3.960836947219974e-06,-0.706898491656314,0.0,0.0,0.20595455695864331,-0.07726609126365162,-0.03209614407370297,0.826141392315831,0.2380507010323463,0.9034074835794825,0.0,0.20595455695864331,-0.07726609126365162,0.9958827659225609,1.393690493742992,5.97,0.21959676848182566,0.22425950164731465,1.3879523437487824,5.945420112557678,10.227082034876675,0.2474279651233173,1.6353803088720995,6.1928480776809955,0.05364818049699698,1.0,0.4320516346948777,4.734612808754424e-08,0.4466327663624864,1.005351353798085,0.0,0.9999999999999932,3.313442154236279e-27,0.0
10.64823,0.5491255460251045,1.538766,1.0,0.0,-0.008853151730953027,-0.020879643001691425,1.0037672885181215,0.9999999980127309,0.6680153801372564,1.0,0.0,0.745137689382314,0.46956026173810167,4.734612808754424e-08,0.9999999980101604,0.6780135271302304,1.0,0.020643043640363103,-0.02101209396146563,1.0025553266800815,-0.021012101979675655,1.0034440369626791,0.46956026173810167,4.734612808754424e-08,0.0,1.0,1.0,0.6609932354399648,0.9999999999999931,-0.3234225271332692,0.0006978406578109145,9.949197768002616e-08,-0.6567089888655874,0.0,0.0,0.20595455695862785,-0.07726609126357341,-0.03209614407370019,0.8261413923158314,0.23805070103232803,0.9034074835794048,0.0,0.20595455695862785,-0.07726609126357341,0.9958827659224845,1.393690493742982,5.97,0.21959676848183554,0.22425950164765068,1.3879523437486818,5.945420112557279,10.227082034875957,0.32114796512403593,1.7091003088727177,6.266568077681315,0.06963240388219788,1.0,0.46956026173810167,4.734612808754424e-08,0.4905723637177773,1.003443989616551,0.0,0.9999999999999931,7.072698658548491e-34,0.0
10.7359,0.6205507259151758,1.542208,1.0,0.0,-0.011500129483453879,-0.01584744624624284,1.0039551610112836,0.9999999999556458,0.6119982086542363,1.0,0.0,0.7954768373514007,0.5056536041182621,4.734612808754424e-08,0.9999999999556232,0.6228890089006885,1.0,0.02064304364044895,-0.0149731956256147,1.005017172746653,-0.014973195143770655,1.0039103874825368,0.5056536041182621,4.734612808754424e-08,0.0,1.0,1.0,0.6885554955274673,0.9999999999999933,-0.3173836774612797,0.00018632260955301553,2.2188336920677e-09,-0.6016399409885091,0.0,0.0,0.20595455695861134,-0.07726609126348104,-0.0320961440736971,0.8261413923158313,0.23805070103230844,0.9034074835793122,0.0,0.20595455695861134,-0.07726609126348104,0.995882765922387,1.393690493742972,5.97,0.21959676848184606,0.22425950164804756,1.3879523437485792,5.945420112556746,10.227082034875071,0.4088179651249283,1.796770308873507,6.354238077681673,0.08864131413967376,1.0,0.5056536041182621,4.734612808754424e-08,0.5206267992620328,1.0039103401364087,0.0,0.9999999999999933,8.502463889340582e-42,0.0
10.83763,0.711375178214242,1.543828,1.0,0.0,-0.006330385357280475,-0.005879854840028501,1.0056596606090942,0.999999999979852,0.5528582115328554,1.0,0.0,0.8605782730739251,0.5515372186828729,4.734612808754424e-08,0.9999999999798506,0.5646915576817756,1.0,0.020643043640548447,-0.005065004637459953,1.0071210915012836,-0.005065004137329249,1.005194749531204,0.5515372186828729,4.734612808754424e-08,0.0,1.0,1.0,0.7176542211490373,0.9999999999999939,-0.30747548707914923,-0.0003776427195833596,1.0074734668323898e-09,-0.5435010523336749,0.0,0.0,0.20595455695858847,-0.07726609126337267,-0.03209614407369368,0.8261413923158315,0.23805070103228218,0.9034074835792042,0.0,0.20595455695858847,-0.07726609126337267,0.9958827659222887,1.393690493742958,5.97,0.21959676848186074,0.2242595016485132,1.3879523437484487,5.9454201125561745,10.227082034874046,0.5105479651259522,1.8985003088744012,6.455968077682127,0.1106987618469018,1.0,0.5515372186828729,4.734612808754424e-08,0.5566022228202022,1.005194702185076,0.0,0.9999999999999939,5.436886055140785e-51,0.0
10.96335,0.8252499497290272,1.544501,1.0,0.0,0.0034717344214567087,0.011340246755724304,0.9967432785674815,0.9999999999800026,0.48760594547928915,1.0,0.0,0.94412926635643,0.6023079862296903,4.734612808754424e-08,0.9999999999799928,0.5004792055888386,1.0,0.02064304364067152,0.011995251505290705,1.0008540118874198,0.01199525200607878,0.9949300633678132,0.6023079862296903,4.734612808754424e-08,0.0,1.0,1.0,0.7497603971955769,0.9999999999999911,-0.2904152309399558,0.0008357542504125188,1.000356183307076e-09,-0.4793533154413102,0.0,0.0,0.20595455695856252,-0.0772660912632384,-0.03209614407368915,0.8261413923158307,0.23805070103225165,0.9034074835790692,0.0,0.20595455695856252,-0.0772660912632384,0.9958827659221845,1.393690493742941,5.97,0.2195967684818774,0.22425950164909,1.3879523437482881,5.945420112555436,10.227082034872861,0.6362679651271369,2.0242203088754254,6.581688077682573,0.137957803680685,1.0,0.6023079862296903,4.734612808754424e-08,0.5903127342236115,0.9949300160216851,0.0,0.9999999999999911,2.3344557643055415e-62,0.0
11.11971,0.9610055411043935,1.544706,1.0,0.0,0.00964763801949911,0.02011752759764217,0.8945721451952716,0.9999999999800009,0.4170912408507877,1.0,0.0,1.0440778504172508,0.6667479728134033,4.734612808754424e-08,0.9999999999799946,0.43108796398375226,1.0,0.020643043640824515,0.020471149682053786,0.9327670649195129,0.020471150182806864,0.8996805191257942,0.6667479728134033,4.734612808754424e-08,0.0,1.0,1.0,0.7844560179981211,0.9999999999999938,-0.28193933276323485,-0.0012549047909284944,1.0002733191166038e-09,-0.41003190041704285,0.0,0.0,0.2059545569585298,-0.07726609126307153,-0.03209614407368395,0.826141392315832,0.2380507010322138,0.9034074835789035,0.0,0.2059545569585298,-0.07726609126307153,0.9958827659220219,1.393690493742921,5.97,0.2195967684818983,0.2242595016498069,1.387952343748094,5.945420112554585,10.22708203487136,0.7926279651286311,2.180580308876725,6.7380480776832155,0.17186031546187003,1.0,0.6667479728134033,4.734612808754424e-08,0.6462768226305964,0.899680471779666,0.0,0.9999999999999938,1.6868380049671527e-76,0.0
11.33288,1.1272021809430803,1.544745,1.0,0.0,0.046523603250176904,0.06542807661567734,0.3341722451425756,0.9999999999800013,0.33708976931971224,1.0,0.0,1.164319234273728,0.7387616009878163,4.734612808754424e-08,0.9999999999799926,0.3523613565341285,1.0,0.020643043641033157,0.06715275157381079,0.425772806104176,0.0671527520746098,0.32721116133803096,0.7387616009878163,4.734612808754424e-08,0.0,1.0,1.0,0.8238193217229318,0.9999999999999929,-0.2352577308714319,3.054411228226684e-05,1.0003637746716887e-09,-0.3313845134812491,0.0,0.0,0.20595455695848267,-0.07726609126284442,-0.03209614407367648,0.8261413923158306,0.23805070103215908,0.9034074835786751,0.0,0.20595455695848267,-0.07726609126284442,0.9958827659218017,1.393690493742891,5.97,0.2195967684819285,0.22425950165078265,1.3879523437478278,5.945420112553261,10.227082034869317,1.0057979651306805,2.3937503088785084,6.951218077683942,0.2180805663981384,1.0,0.7387616009878163,4.734612808754424e-08,0.6716088489132065,0.3272111139919029,0.0,0.9999999999999929,9.163268273609046e-96,0.0
11.66165,1.3263231150609223,1.544746,1.0,0.0,0.22066879421288527,0.24250636121538605,0.04209205373313245,0.999999999980001,0.24272030823106108,1.0,0.0,1.3048383819053513,0.8282849841595898,4.734612808754424e-08,0.9999999999799916,0.2594956522541049,1.0,0.020643043641355087,0.2559830155022434,0.059996464977927655,0.2559830160030704,0.0401932479893456,0.8282849841595898,4.734612808754424e-08,0.0,1.0,1.0,0.8702521738629432,0.9999999999999901,-0.046427466942971465,-0.0011786570492923342,1.0004201288369461e-09,-0.2386122575161296,0.0,0.0,0.2059545569584145,-0.0772660912624957,-0.03209614407366567,0.8261413923158307,0.23805070103208015,0.9034074835783265,0.0,0.2059545569584145,-0.0772660912624957,0.9958827659214445,1.393690493742848,5.97,0.2195967684819721,0.22425950165228087,1.387952343747423,5.94542011255142,10.22708203486602,1.3345679651339795,2.7225203088814025,7.2799880776854,0.2893656060393692,1.0,0.8282849841595898,4.734612808754424e-08,0.5723019681565195,0.040193200643217505,0.0,0.9999999999999901,1.732203768031321e-125,0.0
12.255460000000001,1.4973217080745345,1.544746,1.0,0.0,0.8845185936688551,0.5866501700417562,0.014279559608786132,0.9999999999800016,0.13411494419132072,1.0,0.0,1.4408063473251127,0.9206115648042055,4.734612808754424e-08,0.9999999999799933,0.15262090243373622,1.0,0.020643043641936913,0.588285816073335,0.01612280755107944,0.5882858165741137,0.014355322033743257,0.9206115648042055,4.734612808754424e-08,0.0,1.0,1.0,0.9236895487731284,0.9999999999999933,0.28587533362807216,0.0007251115811308205,1.000324817956964e-09,-0.1318450529444006,0.0,0.0,0.20595455695829123,-0.07726609126186602,-0.03209614407364627,0.8261413923158312,0.23805070103193743,0.9034074835776972,0.0,0.20595455695829123,-0.07726609126186602,0.9958827659208654,1.3936904937427703,5.97,0.219596768482051,0.22425950165498623,1.387952343746691,5.945420112548253,10.227082034860295,1.9283779651397028,3.316330308886394,7.873798077687956,0.4181175280192703,1.0,0.9206115648042055,4.734612808754424e-08,0.3323257482300917,0.014355274687615166,0.0,0.9999999999999933,3.7897676338163956e-179,0.0
13.35546,1.581585838761014,1.544746,1.0,0.0,1.3867453069132574,0.8909995015227891,0.006663229995083896,0.9999999999800016,0.04469239596965544,1.0,0.0,1.5197879442919777,0.9796024426038589,4.734612808754424e-08,0.9999999999799933,0.06462327572997957,1.0,0.020643043643014582,0.8922515931086996,0.008972249501530997,0.8922515936094785,0.006671944001156645,0.9796024426038589,4.734612808754424e-08,0.0,1.0,1.0,0.9676883621250069,0.9999999999999933,0.5898411106634368,-0.00011098856685190633,1.0003248179569636e-09,-0.043935975936391175,0.0,0.0,0.20595455695805504,-0.07726609126069652,-0.032096144073610215,0.8261413923158312,0.23805070103166515,0.9034074835765277,0.0,0.20595455695805504,-0.07726609126069652,0.9958827659197508,1.3936904937426213,5.97,0.21959676848220222,0.2242595016600109,1.3879523437452719,5.945420112542243,10.22708203484935,3.0283779651506513,4.4163303088959225,8.973798077692896,0.6566233028931631,1.0,0.9796024426038589,4.734612808754424e-08,0.08735084899438039,0.0066718966550285575,0.0,0.9999999999999933,1.404520507903125e-278,0.0
14.45546,1.5989778399499373,1.544746,1.0,0.0,1.5038897368372768,0.9728281931705656,0.002615076248584571,0.9999999999800016,0.014893271806775932,1.0,0.0,1.5395210074396803,0.9992965841404989,4.734612808754424e-08,0.9999999999799933,0.035298993434405096,1.0,0.02064304364409168,0.9750316514696098,0.0060043218670586,0.9750316519703884,0.0026248187772513003,0.9992965841404989,4.734612808754424e-08,0.0,1.0,1.0,0.9823505032727939,0.9999999999999933,0.672621169024347,0.000381261423487916,1.0003248179569632e-09,-0.01464120189358928,0.0,0.0,0.20595455695782325,-0.07726609125952955,-0.0320961440735734,0.8261413923158312,0.23805070103139664,0.9034074835753607,0.0,0.20595455695782325,-0.07726609125952955,0.9958827659186366,1.3936904937424754,5.97,0.21959676848235052,0.22425950166502454,1.387952343743854,5.945420112536042,10.227082034838666,4.128377965161335,5.516330308905189,10.073798077697377,0.8951290777668519,1.0,0.9992965841404989,4.734612808754424e-08,0.02426493217011052,0.0026247714311232124,0.0,0.9999999999999933,3.93032013618e-312,0.0
15.55546,1.6026046043920026,1.544746,1.0,0.0,1.5321821794413069,0.9946072007446484,0.0015472946232405384,0.999999999979996,0.004963026935273882,1.0,0.0,1.5341980777374697,0.9953129899215136,0.0008849920440270399,0.9999999999799966,0.025526984964230635,1.0,0.020643043645166045,0.9953129894208098,-0.22555235316088665,0.9953129899215136,0.0008849920440270399,0.9953129899215136,0.0008849920440270399,0.0,1.0,1.0,0.9872365075078828,7.874147034002934e-57,0.6929025069754718,-0.22992211912632773,1.0001758534824497e-09,-0.0048790267373956565,0.0,0.0,0.20595455695758647,-0.07726609125835453,-0.03209614407353714,0.82614139231588,0.2380507010311236,0.9034074835742345,0.0,0.20595455695758647,-0.07726609125835453,0.995882765917573,1.393690493742326,5.97,0.21959676848250204,0.22425950167007278,1.3879523437423766,5.945420112529658,10.227082034827516,0.0,1.3879523437423766,5.945420112529658,0.0,0.0,0.20595455695758647,-0.07726609125835453,0.7893584329639273,0.07815108330238157,0.0,7.874147034002934e-57,4.94065645841e-312,0.0
16.65546,1.6034446930211017,1.544746,1.0,0.0,1.5106981190995683,0.9954751199408381,0.025555044861235148,0.999999999979996,0.0016538772210414527,1.0,0.0,1.5393472523512832,0.9954751204465254,4.734612809318209e-08,0.9999999999799966,0.022270566278338975,1.0,0.020643043646238878,0.9954751199458216,-0.30272601603265165,0.9954751204465254,4.734612809318209e-08,0.9954751204465254,4.734612809318209e-08,0.0,1.0,1.0,0.9888647168508287,2.3823899742856936e-156,0.6930646375004837,-0.3064707501334522,1.0001758534824503e-09,-0.0016258848988901775,0.0,0.0,0.2059545569573592,-0.07726609125717598,-0.03209614407350381,0.82614139231588,0.238050701030863,0.9034074835730559,0.0,0.2059545569573592,-0.07726609125717598,0.9958827659164796,1.393690493742183,5.97,0.21959676848264753,0.2242595016751363,1.3879523437408625,5.945420112523241,10.227082034816455,0.0,1.3879523437408625,5.945420112523241,0.0,0.0,0.2059545569573592,-0.07726609125717598,0.7895205634891662,0.07726613860330407,0.0,2.3823899742856936e-156,4.94065645841e-312,0.0
17.75546,1.603613480768003,1.544746,1.0,0.0,1.4571449727195795,0.9954751199408381,0.05932863771344718,0.999999999979996,0.0005511378653763778,1.0,0.0,1.539321760299068,0.9954751204465254,4.734612809318209e-08,0.9999999999799966,0.021185399067126544,1.0,0.020643043647311565,0.9954751199458216,-0.30294810938061073,0.9954751204465254,4.734612809318209e-08,0.9954751204465254,4.734612809318209e-08,0.0,1.0,1.0,0.9894073004564349,7.208122943027695e-256,0.6930646375004837,-0.30647121503503494,1.0001758534824507e-09,-0.0005418096618236009,0.0,0.0,0.20595455695713388,-0.0772660912559979,-0.03209614407346968,0.82614139231588,0.2380507010306036,0.903407483571878,0.0,0.20595455695713388,-0.0772660912559979,0.9958827659154216,1.393690493742041,5.97,0.21959676848279172,0.2242595016801978,1.3879523437393806,5.945420112516792,10.227082034805775,0.0,1.3879523437393806,5.945420112516792,0.0,0.0,0.20595455695713388,-0.0772660912559979,0.7895205634893915,0.07726613860212599,0.0,7.208122943027695e-256,4.94065645841e-312,0.0
18.85546,1.6036539295272727,1.544746,1.0,0.0,1.4395547324654878,0.9954751199408381,0.07058333249505569,0.999999999979996,0.00018366156737081532,1.0,0.0,1.539321759284246,0.9954751204465254,4.734612809318209e-08,0.9999999999799966,0.020823778529864417,1.0,0.020643043648384277,0.9954751199458216,-0.3030221196483202,0.9954751204465254,4.734612809318209e-08,0.9954751204465254,4.734612809318209e-08,0.0,1.0,1.0,0.9895881107250659,3.92239767289e-312,0.6930646375004837,-0.30647136995858837,1.0001758534824513e-09,-0.00018055301272344788,0.0,0.0,0.20595455695690928,-0.07726609125482113,-0.03209614407343595,0.82614139231588,0.2380507010303452,0.9034074835707011,0.0,0.20595455695690928,-0.07726609125482113,0.9958827659143104,1.3936904937418992,5.97,0.21959676848293544,0.22425950168525366,1.3879523437378745,5.945420112510384,10.227082034794945,0.0,1.3879523437378745,5.945420112510384,0.0,0.0,0.20595455695690928,-0.07726609125482113,0.7895205634896161,0.07726613860094922,0.0,3.92239767289e-312,4.94065645841e-312,0.0
19.95546,1.6036597323818182,1.544746,1.0,0.0,1.4337560811402277,0.9954751199408381,0.07433384121888274,0.999999999979996,6.120395406248081e-05,1.0,0.0,1.539321759284218,0.9954751204465254,4.734612809318209e-08,0.9999999999799966,0.02070327229718545,1.0,0.02064304364945746,0.9954751199458216,-0.30304678278999053,0.9954751204465254,4.734612809318209e-08,0.9954751204465254,4.734612809318209e-08,0.0,1.0,1.0,0.9896483638414055,3.922397672923e-312,0.6930646375004837,-0.30647142158523005,1.0001758534824518e-09,-6.016804122420294e-05,0.0,0.0,0.2059545569566831,-0.07726609125364153,-0.032096144073401896,0.82614139231588,0.23805070103008502,0.9034074835695215,0.0,0.2059545569566831,-0.07726609125364153,0.9958827659132049,1.393690493741757,5.97,0.2195967684830802,0.2242595016903215,1.3879523437364107,5.945420112503763,10.227082034784225,0.0,1.3879523437364107,5.945420112503763,0.0,0.0,0.2059545569566831,-0.07726609125364153,0.7895205634898422,0.07726613859976962,0.0,3.922397672923e-312,4.94065645841e-312,0.0
21.05546,1.603661,1.544746,1.0,0.0,1.431830657367585,0.9954751199408381,0.07558365882481963,0.999999999979996,2.039624173229927e-05,1.0,0.0,1.5393217592842143,0.9954751204465254,4.734612809318209e-08,0.9999999999799966,0.020663114865718833,1.0,0.020643043650530806,0.9954751199458216,-0.3030550015219134,0.9954751204465254,4.734612809318209e-08,0.9954751204465254,4.734612809318209e-08,0.0,1.0,1.0,0.9896684425571387,3.92239767296e-312,0.6930646375004837,-0.30647143878926436,1.0001758534824524e-09,-2.005101805219771e-05,0.0,0.0,0.2059545569564543,-0.07726609125246041,-0.03209614407336706,0.82614139231588,0.23805070102982132,0.9034074835683403,0.0,0.2059545569564543,-0.07726609125246041,0.9958827659121388,1.393690493741613,5.97,0.21959676848322673,0.22425950169539616,1.3879523437349137,5.945420112497377,10.227082034773495,0.0,1.3879523437349137,5.945420112497377,0.0,0.0,0.2059545569564543,-0.07726609125246041,0.7895205634900712,0.0772661385985885,0.0,3.92239767296e-312,4.94065645841e-312,0.0
22.0,1.603661,1.544746,1.0,0.0,1.431340674646002,0.9954751199408373,0.0759651745885187,0.9999999999799962,7.939395660920503e-06,1.0,0.0,1.539237812185789,0.9954751204465254,4.734612809318209e-08,0.9999999999799968,0.02065085652364055,1.0,0.02064304365145222,0.9954751199458294,-0.3030575103483917,0.9954751204465254,4.734612809318209e-08,0.9954751204465254,4.734612809318209e-08,0.0,1.0,1.0,0.989674571728178,4.24240703662e-312,0.6930646375004837,-0.3064714440409186,1.000167060283275e-09,-7.805010300575982e-06,0.0,0.0,0.2059545569562581,-0.0772660912514476,-0.0320961440733385,0.8261413923158806,0.2380507010295966,0.9034074835673281,0.0,0.2059545569562581,-0.0772660912514476,0.9958827659112081,1.393690493741489,5.97,0.2195967684833522,0.2242595016997475,1.387952343733641,5.945420112491849,10.22708203476421,0.0,1.387952343733641,5.945420112491849,0.0,0.0,0.2059545569562581,-0.0772660912514476,0.7895205634902673,0.07726613859757568,0.0,4.24240703662e-312,4.94065645841e-312,0.0
