time_ns,input_v,hspice_native_pad_v,hspice_native_ku,hspice_native_kd,hspice_transistor_pad_v,legacy_input_v,legacy_pad_v,legacy_ku,legacy_kd,coefficient_value_match_input_v,coefficient_value_match_pad_v,coefficient_value_match_ku,coefficient_value_match_kd,coefficient_value_match_kuleg,coefficient_value_match_kdleg,coefficient_value_match_hfall_after_rise,coefficient_value_match_hrise_after_fall,coefficient_value_match_hreverse_edge,coefficient_value_match_kutarget,coefficient_value_match_kdtarget,coefficient_value_match_coeff_jump_ku,coefficient_value_match_coeff_jump_kd,pad_voltage_input_v,pad_voltage_pad_v,pad_voltage_ku,pad_voltage_kd,pad_voltage_kuleg,pad_voltage_kdleg,pad_voltage_padsamp,pad_voltage_padslewpre,pad_voltage_padslewsamp,pad_voltage_tr_pad_early,pad_voltage_tf_pad_early,pad_voltage_tr_pad_late,pad_voltage_tf_pad_late,pad_voltage_padstartcmd,pad_voltage_padstart_latch,pad_voltage_padstartspan,pad_voltage_padmatch_ambiguous,pad_voltage_pmt0,pad_voltage_pmelapsed,pad_voltage_padarg,pad_voltage_kupadmatch,pad_voltage_kdpadmatch,pad_voltage_padmapactive,pad_voltage_hfall_after_rise,pad_voltage_hrise_after_fall,pad_voltage_hreverse_edge,pad_voltage_pmsample,pad_voltage_pmlatchpulse,pad_voltage_kutarget,pad_voltage_kdtarget,pad_voltage_coeff_jump_ku,pad_voltage_coeff_jump_kd,pad_slew_input_v,pad_slew_pad_v,pad_slew_ku,pad_slew_kd,pad_slew_kuleg,pad_slew_kdleg,pad_slew_padsamp,pad_slew_padslewpre,pad_slew_padslewsamp,pad_slew_tr_pad_early,pad_slew_tf_pad_early,pad_slew_tr_pad_late,pad_slew_tf_pad_late,pad_slew_tr_pad_score,pad_slew_tf_pad_score,pad_slew_tr_pad_score_late,pad_slew_tf_pad_score_late,pad_slew_padstartcmd,pad_slew_padstart_latch,pad_slew_padstartspan,pad_slew_padmatch_ambiguous,pad_slew_pmt0,pad_slew_pmelapsed,pad_slew_padarg,pad_slew_kupadmatch,pad_slew_kdpadmatch,pad_slew_padmapactive,pad_slew_hfall_after_rise,pad_slew_hrise_after_fall,pad_slew_hreverse_edge,pad_slew_pmsample,pad_slew_pmlatchpulse,pad_slew_kutarget,pad_slew_kdtarget,pad_slew_coeff_jump_ku,pad_slew_coeff_jump_kd
0.0,0.0,1.370752e-09,0.0,1.0,6.234929e-09,0.0,1.522407514265419e-06,0.0,1.0,0.0,1.522407514265419e-06,0.0,1.0,0.0,1.0,0.0,0.0,0.0,0.0,1.0,0.0,0.0,0.0,1.522407514265419e-06,0.0,0.9999999999999999,0.0,1.0,0.0,0.0,0.0,0.618257350308631,7.865711115015785,1.109944426715079,13.86571111501464,7.865711115015785,0.0,5.999999999998857,1.0,0.0,0.0,0.0,0.9977324945445993,0.001307235637763012,0.0,0.0,0.0,0.0,0.0,0.0,0.0,1.0,0.0,1.110223024625157e-16,0.0,1.522407514265419e-06,0.0,0.9999999999999999,0.0,1.0,0.0,0.0,0.0,0.618257350308631,7.865711115015785,1.109944426715079,13.86571111501464,0.9068243400544136,6.865711115015974,0.9558131373419678,6.865711115015974,6.865711115015974,0.0,0.0,0.0,0.0,0.0,0.0,0.9977324945445993,0.001307235637763012,0.0,0.0,0.0,0.0,0.0,0.0,0.0,1.0,0.0,1.110223024625157e-16
0.001,0.0,1.370752e-09,0.0,1.0,6.234912e-09,0.0,1.5223772954711565e-06,0.0,1.0,0.0,1.5223772954711565e-06,0.0,1.0,0.0,1.0,0.0,0.0,0.0,0.0,1.0,0.0,0.0,0.0,1.5224012274022629e-06,0.0,0.9999999999999996,0.0,1.0,0.0,5.900172676871236e-10,0.0,0.618257350308631,7.865711115015785,1.109944426715079,13.86571111501464,7.865711115015785,0.0,5.999999999998857,1.0,0.0,0.0,0.0,0.9977324945445993,0.001307235637763012,0.0,0.0,0.0,0.0,0.0,0.0,0.0,1.0,0.0,3.95516952522712e-16,0.0,1.5224012274022629e-06,0.0,0.9999999999999996,0.0,1.0,0.0,5.900172676871236e-10,0.0,0.618257350308631,7.865711115015785,1.109944426715079,13.86571111501464,0.9068243400544136,6.865711115015974,0.9558131373419678,6.865711115015974,6.865711115015974,0.0,0.0,0.0,0.0,0.0,0.0,0.9977324945445993,0.001307235637763012,0.0,0.0,0.0,0.0,0.0,0.0,0.0,1.0,0.0,3.95516952522712e-16
0.002,0.0,1.370752e-09,0.0,1.0,6.234896e-09,0.0,1.5223539914272662e-06,0.0,1.0,0.0,1.5223539914272662e-06,0.0,1.0,0.0,1.0,0.0,0.0,0.0,0.0,1.0,0.0,0.0,0.0,1.5224546781662632e-06,0.0,0.9999999999999997,0.0,1.0,0.0,-4.42929826946965e-09,0.0,0.618257350308631,7.865711115015785,1.109944426715079,13.86571111501464,7.865711115015785,0.0,5.999999999998857,1.0,0.0,0.0,0.0,0.9977324945445993,0.001307235637763012,0.0,0.0,0.0,0.0,0.0,0.0,0.0,1.0,0.0,3.816391647148976e-16,0.0,1.5224546781662632e-06,0.0,0.9999999999999997,0.0,1.0,0.0,-4.42929826946965e-09,0.0,0.618257350308631,7.865711115015785,1.109944426715079,13.86571111501464,0.9068243400544136,6.865711115015974,0.9558131373419678,6.865711115015974,6.865711115015974,0.0,0.0,0.0,0.0,0.0,0.0,0.9977324945445993,0.001307235637763012,0.0,0.0,0.0,0.0,0.0,0.0,0.0,1.0,0.0,3.816391647148976e-16
0.0052,0.0,1.370752e-09,0.0,1.0,6.234848e-09,0.0,1.5224042826030702e-06,0.0,1.0,0.0,1.5224042826030702e-06,0.0,1.0,0.0,1.0,0.0,0.0,0.0,0.0,1.0,0.0,0.0,0.0,1.5225855580318226e-06,0.0,0.9999999999999999,0.0,1.0,0.0,1.4301820516408704e-08,0.0,0.618257350308631,7.865711115015785,1.109944426715079,13.86571111501464,7.865711115015785,0.0,5.999999999998857,1.0,0.0,0.0,0.0,0.9977324945445993,0.001307235637763012,0.0,0.0,0.0,0.0,0.0,0.0,0.0,1.0,0.0,1.5099033134902132e-16,0.0,1.5225855580318226e-06,0.0,0.9999999999999999,0.0,1.0,0.0,1.4301820516408704e-08,0.0,0.618257350308631,7.865711115015785,1.109944426715079,13.86571111501464,0.9068243400544136,6.865711115015974,0.9558131373419678,6.865711115015974,6.865711115015974,0.0,0.0,0.0,0.0,0.0,0.0,0.9977324945445993,0.001307235637763012,0.0,0.0,0.0,0.0,0.0,0.0,0.0,1.0,0.0,1.5099033134902132e-16
0.01544,0.0,1.370752e-09,0.0,1.0,6.234734e-09,0.0,1.5219282141427584e-06,0.0,1.0,0.0,1.5219282141427584e-06,0.0,1.0,0.0,1.0,0.0,0.0,0.0,0.0,1.0,0.0,0.0,0.0,1.5226972043308088e-06,0.0,1.0,0.0,1.0,0.0,1.1757960677232035e-08,0.0,0.618257350308631,7.865711115015785,1.109944426715079,13.86571111501464,7.865711115015785,0.0,5.999999999998857,1.0,0.0,0.0,0.0,0.9977324945445993,0.001307235637763012,0.0,0.0,0.0,0.0,0.0,0.0,0.0,1.0,0.0,0.0,0.0,1.5226972043308088e-06,0.0,1.0,0.0,1.0,0.0,1.1757960677232035e-08,0.0,0.618257350308631,7.865711115015785,1.109944426715079,13.86571111501464,0.9068243400544136,6.865711115015974,0.9558131373419678,6.865711115015974,6.865711115015974,0.0,0.0,0.0,0.0,0.0,0.0,0.9977324945445993,0.001307235637763012,0.0,0.0,0.0,0.0,0.0,0.0,0.0,1.0,0.0,0.0
0.048208,0.0,1.370752e-09,0.0,1.0,6.234607e-09,0.0,1.5207277554760938e-06,0.0,1.0,0.0,1.5207277554760938e-06,0.0,1.0,0.0,1.0,0.0,0.0,0.0,0.0,1.0,0.0,0.0,0.0,1.5228881903748042e-06,0.0,1.0,0.0,1.0,0.0,5.2688277337583835e-09,0.0,0.618257350308631,7.865711115015785,1.109944426715079,13.86571111501464,7.865711115015785,0.0,5.999999999998857,1.0,0.0,0.0,0.0,0.9977324945445993,0.001307235637763012,0.0,0.0,0.0,0.0,0.0,0.0,0.0,1.0,0.0,0.0,0.0,1.5228881903748042e-06,0.0,1.0,0.0,1.0,0.0,5.2688277337583835e-09,0.0,0.618257350308631,7.865711115015785,1.109944426715079,13.86571111501464,0.9068243400544136,6.865711115015974,0.9558131373419678,6.865711115015974,6.865711115015974,0.0,0.0,0.0,0.0,0.0,0.0,0.9977324945445993,0.001307235637763012,0.0,0.0,0.0,0.0,0.0,0.0,0.0,1.0,0.0,0.0
0.1530656,0.0,1.370752e-09,0.0,1.0,6.23478e-09,0.0,1.5195153250480418e-06,0.0,1.0,0.0,1.5195153250480418e-06,0.0,1.0,0.0,1.0,0.0,0.0,0.0,0.0,1.0,0.0,0.0,0.0,1.5230822635485066e-06,0.0,1.0,0.0,1.0,0.0,7.308861037890869e-10,0.0,0.618257350308631,7.865711115015785,1.109944426715079,13.86571111501464,7.865711115015785,0.0,5.999999999998857,1.0,0.0,0.0,0.0,0.9977324945445993,0.001307235637763012,0.0,0.0,0.0,0.0,0.0,0.0,0.0,1.0,0.0,0.0,0.0,1.5230822635485066e-06,0.0,1.0,0.0,1.0,0.0,7.308861037890869e-10,0.0,0.618257350308631,7.865711115015785,1.109944426715079,13.86571111501464,0.9068243400544136,6.865711115015974,0.9558131373419678,6.865711115015974,6.865711115015974,0.0,0.0,0.0,0.0,0.0,0.0,0.9977324945445993,0.001307235637763012,0.0,0.0,0.0,0.0,0.0,0.0,0.0,1.0,0.0,0.0
0.4886099,0.0,1.370752e-09,0.0,1.0,6.234997e-09,0.0,1.5193198719131758e-06,0.0,1.0,0.0,1.5193198719131758e-06,0.0,1.0,0.0,1.0,0.0,0.0,0.0,0.0,1.0,0.0,0.0,0.0,1.523114004391843e-06,0.0,1.0,0.0,1.0,0.0,1.3777487314195528e-12,0.0,0.618257350308631,7.865711115015785,1.109944426715079,13.86571111501464,7.865711115015785,0.0,5.999999999998857,1.0,0.0,0.0,0.0,0.9977324945445993,0.001307235637763012,0.0,0.0,0.0,0.0,0.0,0.0,0.0,1.0,0.0,0.0,0.0,1.523114004391843e-06,0.0,1.0,0.0,1.0,0.0,1.3777487314195528e-12,0.0,0.618257350308631,7.865711115015785,1.109944426715079,13.86571111501464,0.9068243400544136,6.865711115015974,0.9558131373419678,6.865711115015974,6.865711115015974,0.0,0.0,0.0,0.0,0.0,0.0,0.9977324945445993,0.001307235637763012,0.0,0.0,0.0,0.0,0.0,0.0,0.0,1.0,0.0,0.0
1.562352,0.0,1.370752e-09,0.0,1.0,6.234874e-09,0.0,1.519319517237514e-06,0.0,1.0,0.0,1.519319517237514e-06,0.0,1.0,0.0,1.0,0.0,0.0,0.0,0.0,1.0,0.0,0.0,0.0,1.523114064337708e-06,0.0,1.0,0.0,1.0,0.0,5.421010862427522e-20,0.0,0.618257350308631,7.865711115015785,1.109944426715079,13.86571111501464,7.865711115015785,0.0,5.999999999998857,1.0,0.0,0.0,0.0,0.9977324945445993,0.001307235637763012,0.0,0.0,0.0,0.0,0.0,0.0,0.0,1.0,0.0,0.0,0.0,1.523114064337708e-06,0.0,1.0,0.0,1.0,0.0,5.421010862427522e-20,0.0,0.618257350308631,7.865711115015785,1.109944426715079,13.86571111501464,0.9068243400544136,6.865711115015974,0.9558131373419678,6.865711115015974,6.865711115015974,0.0,0.0,0.0,0.0,0.0,0.0,0.9977324945445993,0.001307235637763012,0.0,0.0,0.0,0.0,0.0,0.0,0.0,1.0,0.0,0.0
2.662352,0.0,1.370752e-09,0.0,1.0,6.234975e-09,0.0,1.519319517237514e-06,0.0,1.0,0.0,1.519319517237514e-06,0.0,1.0,0.0,1.0,0.0,0.0,0.0,0.0,1.0,0.0,0.0,0.0,1.523114064337708e-06,0.0,1.0,0.0,1.0,0.0,5.421010862427522e-20,0.0,0.618257350308631,7.865711115015785,1.109944426715079,13.86571111501464,7.865711115015785,0.0,5.999999999998857,1.0,0.0,0.0,0.0,0.9977324945445993,0.001307235637763012,0.0,0.0,0.0,0.0,0.0,0.0,0.0,1.0,0.0,0.0,0.0,1.523114064337708e-06,0.0,1.0,0.0,1.0,0.0,5.421010862427522e-20,0.0,0.618257350308631,7.865711115015785,1.109944426715079,13.86571111501464,0.9068243400544136,6.865711115015974,0.9558131373419678,6.865711115015974,6.865711115015974,0.0,0.0,0.0,0.0,0.0,0.0,0.9977324945445993,0.001307235637763012,0.0,0.0,0.0,0.0,0.0,0.0,0.0,1.0,0.0,0.0
3.762352,0.0,1.370752e-09,0.0,1.0,6.234891e-09,0.0,1.519319517237514e-06,0.0,1.0,0.0,1.519319517237514e-06,0.0,1.0,0.0,1.0,0.0,0.0,0.0,0.0,1.0,0.0,0.0,0.0,1.523114064337708e-06,0.0,1.0,0.0,1.0,0.0,5.421010862427522e-20,0.0,0.618257350308631,7.865711115015785,1.109944426715079,13.86571111501464,7.865711115015785,0.0,5.999999999998857,1.0,0.0,0.0,0.0,0.9977324945445993,0.001307235637763012,0.0,0.0,0.0,0.0,0.0,0.0,0.0,1.0,0.0,0.0,0.0,1.523114064337708e-06,0.0,1.0,0.0,1.0,0.0,5.421010862427522e-20,0.0,0.618257350308631,7.865711115015785,1.109944426715079,13.86571111501464,0.9068243400544136,6.865711115015974,0.9558131373419678,6.865711115015974,6.865711115015974,0.0,0.0,0.0,0.0,0.0,0.0,0.9977324945445993,0.001307235637763012,0.0,0.0,0.0,0.0,0.0,0.0,0.0,1.0,0.0,0.0
4.862352,0.0,1.370752e-09,0.0,1.0,6.234961e-09,0.0,1.519319517237514e-06,0.0,1.0,0.0,1.519319517237514e-06,0.0,1.0,0.0,1.0,0.0,0.0,0.0,0.0,1.0,0.0,0.0,0.0,1.523114064337708e-06,0.0,1.0,0.0,1.0,0.0,5.421010862427522e-20,0.0,0.618257350308631,7.865711115015785,1.109944426715079,13.86571111501464,7.865711115015785,0.0,5.999999999998857,1.0,0.0,0.0,0.0,0.9977324945445993,0.001307235637763012,0.0,0.0,0.0,0.0,0.0,0.0,0.0,1.0,0.0,0.0,0.0,1.523114064337708e-06,0.0,1.0,0.0,1.0,0.0,5.421010862427522e-20,0.0,0.618257350308631,7.865711115015785,1.109944426715079,13.86571111501464,0.9068243400544136,6.865711115015974,0.9558131373419678,6.865711115015974,6.865711115015974,0.0,0.0,0.0,0.0,0.0,0.0,0.9977324945445993,0.001307235637763012,0.0,0.0,0.0,0.0,0.0,0.0,0.0,1.0,0.0,0.0
5.0,0.0,1.370752e-09,0.0,1.0,6.234923e-09,0.0,1.519420544520183e-06,0.0,1.0,0.0,1.519420544520183e-06,0.0,1.0,0.0,1.0,0.0,0.0,0.0,0.0,1.0,0.0,0.0,0.0,1.523232058583392e-06,0.0,0.9999999999999997,0.0,1.0,0.0,9.757507254438968e-09,0.0,0.618257350308631,7.865711115015785,1.109944426715079,13.86571111501464,7.865711115015785,0.0,5.999999999998857,1.0,0.0,0.0,0.0,0.9977324945445993,0.001307235637763012,0.0,0.0,0.0,0.0,0.0,0.0,0.0,1.0,0.0,3.33066907387547e-16,0.0,1.523232058583392e-06,0.0,0.9999999999999997,0.0,1.0,0.0,9.757507254438968e-09,0.0,0.618257350308631,7.865711115015785,1.109944426715079,13.86571111501464,0.9068243400544136,6.865711115015974,0.9558131373419678,6.865711115015974,6.865711115015974,0.0,0.0,0.0,0.0,0.0,0.0,0.9977324945445993,0.001307235637763012,0.0,0.0,0.0,0.0,0.0,0.0,0.0,1.0,0.0,3.33066907387547e-16
5.0003,0.0198,1.370752e-09,0.0,1.0,0.000283739637335488,0.01979999999999157,1.5194222855411305e-06,0.0,1.0,0.01979999999999157,1.5194222855411305e-06,0.0,1.0,0.0,1.0,0.0,0.0,0.0,0.0,1.0,0.0,0.0,0.01979999999999157,1.5232405789333415e-06,0.0,0.9999999999999996,0.0,1.0,0.0,1.0299744726288333e-08,0.0,0.618257350308631,7.865711115015785,1.109944426715079,13.86571111501464,7.865711115015785,0.0,5.999999999998857,1.0,0.0,0.0,0.0,0.9977324945445993,0.001307235637763012,0.0,0.0,0.0,0.0,0.0,0.0,0.0,1.0,0.0,4.440892098500626e-16,0.01979999999999157,1.5232405789333415e-06,0.0,0.9999999999999996,0.0,1.0,0.0,1.0299744726288333e-08,0.0,0.618257350308631,7.865711115015785,1.109944426715079,13.86571111501464,0.9068243400544136,6.865711115015974,0.9558131373419678,6.865711115015974,6.865711115015974,0.0,0.0,0.0,0.0,0.0,0.0,0.9977324945445993,0.001307235637763012,0.0,0.0,0.0,0.0,0.0,0.0,0.0,1.0,0.0,4.440892098500626e-16
5.001259999999999,0.08316,1.370752e-09,0.0,1.0,0.0011916865250541056,0.08315999999991625,1.5194637153794926e-06,0.0,1.0,0.08315999999991625,1.5194637153794926e-06,0.0,1.0,0.0,1.0,0.0,0.0,0.0,0.0,1.0,0.0,0.0,0.08315999999991625,1.5232360049947841e-06,0.0,0.9999999999999996,0.0,1.0,0.0,8.926696133346074e-09,0.0,0.618257350308631,7.865711115015785,1.109944426715079,13.86571111501464,7.865711115015785,0.0,5.999999999998857,1.0,0.0,0.0,0.0,0.9977324945445993,0.001307235637763012,0.0,0.0,0.0,0.0,0.0,0.0,0.0,1.0,0.0,4.440892098500626e-16,0.08315999999991625,1.5232360049947841e-06,0.0,0.9999999999999996,0.0,1.0,0.0,8.926696133346074e-09,0.0,0.618257350308631,7.865711115015785,1.109944426715079,13.86571111501464,0.9068243400544136,6.865711115015974,0.9558131373419678,6.865711115015974,6.865711115015974,0.0,0.0,0.0,0.0,0.0,0.0,0.9977324945445993,0.001307235637763012,0.0,0.0,0.0,0.0,0.0,0.0,0.0,1.0,0.0,4.440892098500626e-16
5.004332,0.285912,1.370752e-09,0.0,1.0,0.003951077446024728,0.2859119999999866,1.5196294243461538e-06,0.0,1.0,0.2859119999999866,1.5196294243461538e-06,0.0,1.0,0.0,1.0,0.0,0.0,0.0,0.0,1.0,0.0,0.0,0.2859119999999866,1.5231572135268723e-06,0.0,0.9999999999999996,0.0,1.0,0.0,2.4093327448618283e-11,0.0,0.618257350308631,7.865711115015785,1.109944426715079,13.86571111501464,7.865711115015785,0.0,5.999999999998857,1.0,0.0,0.0,0.0,0.9977324945445993,0.001307235637763012,0.0,0.0,0.0,0.0,0.0,0.0,0.0,1.0,0.0,4.0700776082757207e-16,0.2859119999999866,1.5231572135268723e-06,0.0,0.9999999999999996,0.0,1.0,0.0,2.4093327448618283e-11,0.0,0.618257350308631,7.865711115015785,1.109944426715079,13.86571111501464,0.9068243400544136,6.865711115015974,0.9558131373419678,6.865711115015974,6.865711115015974,0.0,0.0,0.0,0.0,0.0,0.0,0.9977324945445993,0.001307235637763012,0.0,0.0,0.0,0.0,0.0,0.0,0.0,1.0,0.0,4.0700776082757207e-16
5.010221,0.6746,1.370752e-09,0.0,1.0,0.008201543145212126,0.6745859999999556,1.5196464005436952e-06,0.0,1.0,0.6745859999999556,1.5196464005436952e-06,0.0,1.0,0.0,1.0,0.0,0.0,0.0,0.0,1.0,0.0,0.0,0.6745859999999556,1.523139501551121e-06,0.0,1.0,0.0,1.0,0.0,1.3564178834088206e-09,0.0,0.618257350308631,7.865711115015785,1.109944426715079,13.86571111501464,7.865711115015785,0.0,5.999999999998857,1.0,0.0,0.0,0.0,0.9977324945445993,0.001307235637763012,0.0,0.0,0.0,0.0,0.0,0.0,0.0,1.0,0.0,0.0,0.6745859999999556,1.523139501551121e-06,0.0,1.0,0.0,1.0,0.0,1.3564178834088206e-09,0.0,0.618257350308631,7.865711115015785,1.109944426715079,13.86571111501464,0.9068243400544136,6.865711115015974,0.9558131373419678,6.865711115015974,6.865711115015974,0.0,0.0,0.0,0.0,0.0,0.0,0.9977324945445993,0.001307235637763012,0.0,0.0,0.0,0.0,0.0,0.0,0.0,1.0,0.0,0.0
5.011221,0.7406,1.370752e-09,0.0,1.0,0.008810261112894454,0.7405860000000012,1.5196413588880716e-06,0.0,1.0,0.7405860000000012,1.5196413588880716e-06,0.0,1.0,0.0,1.0,0.0,0.0,0.0,0.0,1.0,0.0,0.0,0.7405860000000012,1.5231387407714022e-06,0.0,1.0,0.0,1.0,0.0,1.3084127931214246e-09,0.0,0.618257350308631,7.865711115015785,1.109944426715079,13.86571111501464,7.865711115015785,0.0,5.999999999998857,1.0,0.0,0.0,0.0,0.9977324945445993,0.001307235637763012,0.0,0.0,0.0,0.0,0.0,0.0,0.0,1.0,0.0,0.0,0.7405860000000012,1.5231387407714022e-06,0.0,1.0,0.0,1.0,0.0,1.3084127931214246e-09,0.0,0.618257350308631,7.865711115015785,1.109944426715079,13.86571111501464,0.9068243400544136,6.865711115015974,0.9558131373419678,6.865711115015974,6.865711115015974,0.0,0.0,0.0,0.0,0.0,0.0,0.9977324945445993,0.001307235637763012,0.0,0.0,0.0,0.0,0.0,0.0,0.0,1.0,0.0,0.0
5.012220999999999,0.8066,1.370752e-09,0.0,1.0,0.009377266463348893,0.8065859999999654,1.5196358143599072e-06,0.0,1.0,0.8065859999999654,1.5196358143599072e-06,0.0,1.0,0.0,1.0,0.0,0.0,0.0,0.0,1.0,0.0,0.0,0.8065859999999654,1.5231381751726922e-06,0.0,1.0,0.0,1.0,0.0,1.2437769012271593e-09,0.0,0.618257350308631,7.865711115015785,1.109944426715079,13.86571111501464,7.865711115015785,0.0,5.999999999998857,1.0,0.0,0.0,0.0,0.9977324945445993,0.001307235637763012,0.0,0.0,0.0,0.0,0.0,0.0,0.0,1.0,0.0,0.0,0.8065859999999654,1.5231381751726922e-06,0.0,1.0,0.0,1.0,0.0,1.2437769012271593e-09,0.0,0.618257350308631,7.865711115015785,1.109944426715079,13.86571111501464,0.9068243400544136,6.865711115015974,0.9558131373419678,6.865711115015974,6.865711115015974,0.0,0.0,0.0,0.0,0.0,0.0,0.9977324945445993,0.001307235637763012,0.0,0.0,0.0,0.0,0.0,0.0,0.0,1.0,0.0,0.0
5.013821,0.9122,2.539676e-05,0.001441955,0.9986132,0.010219607494815241,0.9121860000000135,1.5196268821284165e-06,0.0,1.0,0.9121860000000135,1.5196268821284165e-06,0.0,1.0,0.0,1.0,0.0,0.0,0.0,0.0,1.0,0.0,0.0,0.9121860000000135,1.5231373482265168e-06,0.0,1.0,0.0,1.0,0.0,1.1406141411077732e-09,0.0,0.618257350308631,7.865711115015785,1.109944426715079,13.86571111501464,7.865711115015785,0.0,5.999999999998857,1.0,0.0,0.0,0.0,0.9977324945445993,0.001307235637763012,0.0,0.0,0.0,0.0,0.0,0.0,0.0,1.0,0.0,0.0,0.9121860000000135,1.5231373482265168e-06,0.0,1.0,0.0,1.0,0.0,1.1406141411077732e-09,0.0,0.618257350308631,7.865711115015785,1.109944426715079,13.86571111501464,0.9068243400544136,6.865711115015974,0.9558131373419678,6.865711115015974,6.865711115015974,0.0,0.0,0.0,0.0,0.0,0.0,0.9977324945445993,0.001307235637763012,0.0,0.0,0.0,0.0,0.0,0.0,0.0,1.0,0.0,0.0
5.0160290000000005,1.057916,8.265212e-05,0.003311264,0.9968097,0.011313827291503488,1.0579140000000435,1.519614592372264e-06,0.0,1.0,1.0579140000000435,1.519614592372264e-06,0.0,1.0,0.0,1.0,0.0,0.0,0.0,0.0,1.0,0.0,0.0,1.0579140000000435,1.5231363525618696e-06,0.0,1.0,0.0,1.0,0.0,1.0055128694999314e-09,0.0,0.618257350308631,7.865711115015785,1.109944426715079,13.86571111501464,7.865711115015785,0.0,5.999999999998857,1.0,0.0,0.0,0.0,0.9977324945445993,0.001307235637763012,0.0,0.0,0.0,0.0,0.0,0.0,0.0,1.0,0.0,0.0,1.0579140000000435,1.5231363525618696e-06,0.0,1.0,0.0,1.0,0.0,1.0055128694999314e-09,0.0,0.618257350308631,7.865711115015785,1.109944426715079,13.86571111501464,0.9068243400544136,6.865711115015974,0.9558131373419678,6.865711115015974,6.865711115015974,0.0,0.0,0.0,0.0,0.0,0.0,0.9977324945445993,0.001307235637763012,0.0,0.0,0.0,0.0,0.0,0.0,0.0,1.0,0.0,0.0
5.020792,1.372246,0.0002911413,0.005028571,0.9971473,0.013191948563692055,1.3722720000000288,1.5195893537595375e-06,0.0,1.0,1.3722720000000288,1.5195893537595375e-06,0.0,1.0,0.0,1.0,0.0,0.0,0.0,0.0,1.0,0.0,0.0,1.3722720000000288,1.5231344341546825e-06,0.0,1.0,0.0,1.0,0.0,7.742254975869215e-10,0.0,0.618257350308631,7.865711115015785,1.109944426715079,13.86571111501464,7.865711115015785,0.0,5.999999999998857,1.0,0.0,0.0,0.0,0.9977324945445993,0.001307235637763012,0.0,0.0,0.0,0.0,0.0,0.0,0.0,1.0,0.0,0.0,1.3722720000000288,1.5231344341546825e-06,0.0,1.0,0.0,1.0,0.0,7.742254975869215e-10,0.0,0.618257350308631,7.865711115015785,1.109944426715079,13.86571111501464,0.9068243400544136,6.865711115015974,0.9558131373419678,6.865711115015974,6.865711115015974,0.0,0.0,0.0,0.0,0.0,0.0,0.9977324945445993,0.001307235637763012,0.0,0.0,0.0,0.0,0.0,0.0,0.0,1.0,0.0,0.0
5.0292639999999995,1.931431,0.0006525073,0.004053246,0.9958533,0.01543092261758689,1.9314240000000373,1.5195496020028225e-06,0.0,1.0,1.9314239999999547,1.5200167329365004e-06,0.0,1.0,0.0,1.0,0.0,0.0,0.0,0.0,1.0,0.0,0.0,1.9314240000000373,1.5231314538134516e-06,0.0,1.0,0.0,1.0,0.0,5.288600175520871e-10,0.0,0.618257350308631,7.865711115015785,1.109944426715079,13.86571111501464,0.618257350308631,0.0,0.4916870764064483,0.0,0.0,0.0,0.0,0.0038814754183143,0.9964005392635383,0.0,0.0,0.0,0.0,0.0,0.0,0.0,1.0,0.0,0.0,1.9314240000000373,1.5231314538134516e-06,0.0,1.0,0.0,1.0,0.0,5.288600175520871e-10,0.0,0.618257350308631,7.865711115015785,1.109944426715079,13.86571111501464,0.9068243400544136,6.865711115015974,0.9558131373419678,6.865711115015974,0.9068243400544136,0.0,0.04898879728755423,0.0,0.0,0.0,0.0,0.0038814754183143,0.9964005392635383,0.0,0.0,0.0,0.0,0.0,0.0,0.0,1.0,0.0,0.0
5.038804,2.561047,0.0008476014,0.0020346,1.000592,0.016452568956754347,2.5610640000000098,0.00026586772076106794,0.003665925731417645,0.9978410120177759,2.561063999999991,0.00026042705663517754,0.003665925731417552,0.9978410120177753,0.003665925731417552,0.9978410120177753,0.0,0.0,0.0,0.003665925731417552,0.9978410120177753,0.0,0.0,2.561064000000021,0.012457062118206241,0.14356933910547162,0.8572408074511942,0.003665925731417559,0.9978410120177753,0.0,0.9490050914143238,0.0,0.618257350308631,7.865711115015785,1.109944426715079,13.86571111501464,0.618257350308631,0.0,0.4916870764064483,0.0,0.0,0.0,0.0,0.0038814754183143,0.9964005392635383,0.0,0.0,0.0,0.0,0.0,0.0,0.003665925731417559,0.9978410120177753,0.1399034133740541,0.1406002045665811,2.561064000000021,0.012457062118206241,0.14356933910547162,0.8572408074511942,0.003665925731417559,0.9978410120177753,0.0,0.9490050914143238,0.0,0.618257350308631,7.865711115015785,1.109944426715079,13.86571111501464,0.9068243400544136,6.865711115015974,0.9558131373419678,6.865711115015974,0.9068243400544136,0.0,0.04898879728755423,0.0,0.0,0.0,0.0,0.0038814754183143,0.9964005392635383,0.0,0.0,0.0,0.0,0.0,0.0,0.003665925731417559,0.9978410120177753,0.1399034133740541,0.1406002045665811
5.05,3.3,0.0008963276,0.001620327,1.000562,0.01643773,3.2999999999998826,0.0005087854729494393,0.002151850685167473,1.000828351268622,3.2999999999998826,0.0005080723701200035,0.002151850685167378,1.000828351268623,0.002151850685167378,1.000828351268623,0.0,0.0,0.0,0.002151850685167378,1.000828351268623,0.0,0.0,3.2999999999998826,0.016746099859838832,0.01707430363806007,0.9853069072654397,0.002151850685167331,1.000828351268623,0.0,0.4846964273157449,0.0,0.618257350308631,7.865711115015785,1.109944426715079,13.86571111501464,0.618257350308631,0.0,0.4916870764064483,0.0,0.0,0.0,0.0,0.0038814754183143,0.9964005392635383,0.0,0.0,0.0,0.0,0.0,0.0,0.002151850685167331,1.000828351268623,0.014922452952892736,0.015521444003183636,3.2999999999998826,0.016746099859838832,0.01707430363806007,0.9853069072654397,0.002151850685167331,1.000828351268623,0.0,0.4846964273157449,0.0,0.618257350308631,7.865711115015785,1.109944426715079,13.86571111501464,0.9068243400544136,6.865711115015974,0.9558131373419678,6.865711115015974,0.9068243400544136,0.0,0.04898879728755423,0.0,0.0,0.0,0.0,0.0038814754183143,0.9964005392635383,0.0,0.0,0.0,0.0,0.0,0.0,0.002151850685167331,1.000828351268623,0.014922452952892736,0.015521444003183636
5.050481,3.3,0.0008970032,0.001608769,1.000417,0.016148407943262177,3.3,0.000515901055775385,0.0021518506851674955,1.0008283512686216,3.3,0.0005151852541608315,0.002151850685167473,1.000828351268622,0.002151850685167473,1.000828351268622,0.0,0.0,0.0,0.002151850685167473,1.000828351268622,0.0,0.0,3.3,0.01668437855293719,0.015721235866326656,0.98671428752107,0.002151850685167378,1.000828351268623,0.0,0.45607904789619974,0.0,0.618257350308631,7.865711115015785,1.109944426715079,13.86571111501464,0.618257350308631,0.0,0.4916870764064483,0.0,0.0,0.0,0.0,0.0038814754183143,0.9964005392635383,0.0,0.0,0.0,0.0,0.0,0.0,0.002151850685167378,1.000828351268623,0.013569385181159277,0.014114063747552875,3.3,0.01668437855293719,0.015721235866326656,0.98671428752107,0.002151850685167378,1.000828351268623,0.0,0.45607904789619974,0.0,0.618257350308631,7.865711115015785,1.109944426715079,13.86571111501464,0.9068243400544136,6.865711115015974,0.9558131373419678,6.865711115015974,0.9068243400544136,0.0,0.04898879728755423,0.0,0.0,0.0,0.0,0.0038814754183143,0.9964005392635383,0.0,0.0,0.0,0.0,0.0,0.0,0.002151850685167378,1.000828351268623,0.013569385181159277,0.014114063747552875
5.051028,3.3,0.0008977272,0.001595633,1.000252,0.015821233070110897,3.3,0.0005239241078414116,0.002148184746704225,1.0008641666246179,3.3,0.000523207526149898,0.0021518506851674214,1.0008283512686225,0.0021518506851674214,1.0008283512686225,0.0,0.0,0.0,0.0021518506851674214,1.0008283512686225,0.0,0.0,3.3,0.016607561589601017,0.014312774314919927,0.9881792850767538,0.002151850685167378,1.000828351268623,0.0,0.42431668457987215,0.0,0.618257350308631,7.865711115015785,1.109944426715079,13.86571111501464,0.618257350308631,0.0,0.4916870764064483,0.0,0.0,0.0,0.0,0.0038814754183143,0.9964005392635383,0.0,0.0,0.0,0.0,0.0,0.0,0.002151850685167378,1.000828351268623,0.012160923629752546,0.01264906619186892,3.3,0.016607561589601017,0.014312774314919927,0.9881792850767538,0.002151850685167378,1.000828351268623,0.0,0.42431668457987215,0.0,0.618257350308631,7.865711115015785,1.109944426715079,13.86571111501464,0.9068243400544136,6.865711115015974,0.9558131373419678,6.865711115015974,0.9068243400544136,0.0,0.04898879728755423,0.0,0.0,0.0,0.0,0.0038814754183143,0.9964005392635383,0.0,0.0,0.0,0.0,0.0,0.0,0.002151850685167378,1.000828351268623,0.012160923629752546,0.01264906619186892
5.052777,3.3,0.0008994631,0.001553597,0.9997235,0.01479005397991981,3.3,0.0005457348827489889,0.001837760190069268,1.0020913680966521,3.3,0.000545721976081504,0.0018794851639353685,1.0024452787715292,0.0018794851639353685,1.0024452787715292,0.0,0.0,0.0,0.0018794851639353685,1.0024452787715292,0.0,0.0,3.3,0.016315115116320177,0.010707213340524088,0.9919295741841015,0.0021518506851674704,1.000828351268622,0.0,0.32932959507904536,0.0,0.618257350308631,7.865711115015785,1.109944426715079,13.86571111501464,0.618257350308631,0.0,0.4916870764064483,0.0,0.0,0.0,0.0,0.0038814754183143,0.9964005392635383,0.0,0.0,0.0,0.0,0.0,0.0,0.0021518506851674704,1.000828351268622,0.008555362655356617,0.008898777084520224,3.3,0.016315115116320177,0.010707213340524088,0.9919295741841015,0.0021518506851674704,1.000828351268622,0.0,0.32932959507904536,0.0,0.618257350308631,7.865711115015785,1.109944426715079,13.86571111501464,0.9068243400544136,6.865711115015974,0.9558131373419678,6.865711115015974,0.9068243400544136,0.0,0.04898879728755423,0.0,0.0,0.0,0.0,0.0038814754183143,0.9964005392635383,0.0,0.0,0.0,0.0,0.0,0.0,0.0021518506851674704,1.000828351268622,0.008555362655356617,0.008898777084520224
5.058376,3.3,0.0008993609,0.001419094,0.9992458,0.01169639627510669,3.3,0.0005994476578570492,0.001796573096123863,1.0017469398806182,3.3,0.0005999386796486602,0.0017965730961256778,1.0017469398806296,0.0017965730961256778,1.0017469398806296,0.0,0.0,0.0,0.0017965730961256778,1.0017469398806296,0.0,0.0,3.3,0.015136312383494877,0.004947248032094215,0.997863369654205,0.0017965730961256705,1.0017469398806298,0.0,0.09727683704921344,0.0,0.618257350308631,7.865711115015785,1.109944426715079,13.86571111501464,0.618257350308631,0.0,0.4916870764064483,0.0,0.0,0.0,0.0,0.0038814754183143,0.9964005392635383,0.0,0.0,0.0,0.0,0.0,0.0,0.0017965730961256705,1.0017469398806298,0.0031506749359685444,0.003883570226424527,3.3,0.015136312383494877,0.004947248032094215,0.997863369654205,0.0017965730961256705,1.0017469398806298,0.0,0.09727683704921344,0.0,0.618257350308631,7.865711115015785,1.109944426715079,13.86571111501464,0.9068243400544136,6.865711115015974,0.9558131373419678,6.865711115015974,0.9068243400544136,0.0,0.04898879728755423,0.0,0.0,0.0,0.0,0.0038814754183143,0.9964005392635383,0.0,0.0,0.0,0.0,0.0,0.0,0.0017965730961256705,1.0017469398806298,0.0031506749359685444,0.003883570226424527
5.071325,3.3,0.0008802942,0.001264749,0.9991094,0.00606357590687131,3.3,0.000686866712143787,0.0015961961027038385,1.001162005396754,3.3,0.0006877321612408656,0.0016092046305567521,1.0011999794994475,0.0016092046305567521,1.0011999794994475,0.0,0.0,0.0,0.0016092046305567521,1.0011999794994475,0.0,0.0,3.3,0.012261587518755657,0.002004613262167991,1.000770608301403,0.0016141828790212922,1.001214511852421,0.0,0.1332157013771716,0.0,0.618257350308631,7.865711115015785,1.109944426715079,13.86571111501464,0.618257350308631,0.0,0.4916870764064483,0.0,0.0,0.0,0.0,0.0038814754183143,0.9964005392635383,0.0,0.0,0.0,0.0,0.0,0.0,0.0016141828790212922,1.001214511852421,0.00039043038314669806,0.00044390355101829067,3.3,0.012261587518755657,0.002004613262167991,1.000770608301403,0.0016141828790212922,1.001214511852421,0.0,0.1332157013771716,0.0,0.618257350308631,7.865711115015785,1.109944426715079,13.86571111501464,0.9068243400544136,6.865711115015974,0.9558131373419678,6.865711115015974,0.9068243400544136,0.0,0.04898879728755423,0.0,0.0,0.0,0.0,0.0038814754183143,0.9964005392635383,0.0,0.0,0.0,0.0,0.0,0.0,0.0016141828790212922,1.001214511852421,0.00039043038314669806,0.00044390355101829067
5.088873,3.3,0.0008209145,0.0009532325,1.00044,0.0011375139378938508,3.3,0.000725112202141304,0.0012492727232615952,1.0001492771167615,3.3,0.0007265354245285927,0.0012493310768513604,1.0001494474608024,0.0012493310768513604,1.0001494474608024,0.0,0.0,0.0,0.0012493310768513604,1.0001494474608024,0.0,0.0,3.3,0.009136886901410637,0.001568782884449303,1.0001207392317404,0.0012494020743036122,1.0001496547144275,0.0,0.1642451654877285,0.0,0.618257350308631,7.865711115015785,1.109944426715079,13.86571111501464,0.618257350308631,0.0,0.4916870764064483,0.0,0.0,0.0,0.0,0.0038814754183143,0.9964005392635383,0.0,0.0,0.0,0.0,0.0,0.0,0.0012494020743036122,1.0001496547144275,0.00031938081014569073,2.8915482687022273e-05,3.3,0.009136886901410637,0.001568782884449303,1.0001207392317404,0.0012494020743036122,1.0001496547144275,0.0,0.1642451654877285,0.0,0.618257350308631,7.865711115015785,1.109944426715079,13.86571111501464,0.9068243400544136,6.865711115015974,0.9558131373419678,6.865711115015974,0.9068243400544136,0.0,0.04898879728755423,0.0,0.0,0.0,0.0,0.0038814754183143,0.9964005392635383,0.0,0.0,0.0,0.0,0.0,0.0,0.0012494020743036122,1.0001496547144275,0.00031938081014569073,2.8915482687022273e-05
5.122207,3.3,0.0006761107,0.0007580433,0.999659,-0.00384957425486014,3.3,0.000659201032446735,0.0008605595081248793,1.0030884192395815,3.3,0.000660455412866407,0.0008650885031954262,1.0031083971095613,0.0008650885031954262,1.0031083971095613,0.0,0.0,0.0,0.0008650885031954262,1.0031083971095613,0.0,0.0,3.3,0.005267867887371013,0.0010226094131455031,1.0027648690614293,0.0008793266538273174,1.0031712030781381,0.0,0.10298344181297565,0.0,0.618257350308631,7.865711115015785,1.109944426715079,13.86571111501464,0.618257350308631,0.0,0.4916870764064483,0.0,0.0,0.0,0.0,0.0038814754183143,0.9964005392635383,0.0,0.0,0.0,0.0,0.0,0.0,0.0008793266538273174,1.0031712030781381,0.00014328275931818542,0.00040633401670906605,3.3,0.005267867887371013,0.0010226094131455031,1.0027648690614293,0.0008793266538273174,1.0031712030781381,0.0,0.10298344181297565,0.0,0.618257350308631,7.865711115015785,1.109944426715079,13.86571111501464,0.9068243400544136,6.865711115015974,0.9558131373419678,6.865711115015974,0.9068243400544136,0.0,0.04898879728755423,0.0,0.0,0.0,0.0,0.0038814754183143,0.9964005392635383,0.0,0.0,0.0,0.0,0.0,0.0,0.0008793266538273174,1.0031712030781381,0.00014328275931818542,0.00040633401670906605
5.155539999999999,3.3,0.0005371849,0.0005140625,0.9994562,-0.0061953483633843155,3.3,0.0005748289448995833,0.0007288955839847161,1.002507635927475,3.3,0.0005756353568117187,0.0007285684351401314,1.0025061928397743,0.0007285684351401314,1.0025061928397743,0.0,0.0,0.0,0.0007285684351401314,1.0025061928397743,0.0,0.0,3.3,0.003122752784909464,0.001162054884291433,1.0017310366043584,0.0007265848350411188,1.0024974429726947,0.0,0.05731556925526517,0.0,0.618257350308631,7.865711115015785,1.109944426715079,13.86571111501464,0.618257350308631,0.0,0.4916870764064483,0.0,0.0,0.0,0.0,0.0038814754183143,0.9964005392635383,0.0,0.0,0.0,0.0,0.0,0.0,0.0007265848350411188,1.0024974429726947,0.00043547004925031436,0.0007664063683370123,3.3,0.003122752784909464,0.001162054884291433,1.0017310366043584,0.0007265848350411188,1.0024974429726947,0.0,0.05731556925526517,0.0,0.618257350308631,7.865711115015785,1.109944426715079,13.86571111501464,0.9068243400544136,6.865711115015974,0.9558131373419678,6.865711115015974,0.9068243400544136,0.0,0.04898879728755423,0.0,0.0,0.0,0.0,0.0038814754183143,0.9964005392635383,0.0,0.0,0.0,0.0,0.0,0.0,0.0007265848350411188,1.0024974429726947,0.00043547004925031436,0.0007664063683370123
5.188873,3.3,0.0004086804,0.0003705707,0.9993369,-0.0071659634248190775,3.3,0.0004948585579881813,0.0006158755244999717,1.0020090926483596,3.3,0.0004953996264690332,0.000615887564056945,1.0020091457561018,0.000615887564056945,1.0020091457561018,0.0,0.0,0.0,0.000615887564056945,1.0020091457561018,0.0,0.0,3.3,0.0019331587571660587,0.0008352314832769948,1.0017120409744757,0.0006158368483070256,1.0020089220436355,0.0,0.03175181174022321,0.0,0.618257350308631,7.865711115015785,1.109944426715079,13.86571111501464,0.618257350308631,0.0,0.4916870764064483,0.0,0.0,0.0,0.0,0.0038814754183143,0.9964005392635383,0.0,0.0,0.0,0.0,0.0,0.0,0.0006158368483070256,1.0020089220436355,0.00021939463496996914,0.00029688106916013165,3.3,0.0019331587571660587,0.0008352314832769948,1.0017120409744757,0.0006158368483070256,1.0020089220436355,0.0,0.03175181174022321,0.0,0.618257350308631,7.865711115015785,1.109944426715079,13.86571111501464,0.9068243400544136,6.865711115015974,0.9558131373419678,6.865711115015974,0.9068243400544136,0.0,0.04898879728755423,0.0,0.0,0.0,0.0,0.0038814754183143,0.9964005392635383,0.0,0.0,0.0,0.0,0.0,0.0,0.0006158368483070256,1.0020089220436355,0.00021939463496996914,0.00029688106916013165
5.222207,3.3,0.0003082638,0.0002839344,0.9992649,-0.007470365919971189,3.3,0.00041728154046138336,0.00048425062650996124,1.001428481484675,3.3,0.0004177008410951831,0.0004887796215805077,1.001448459354655,0.0004887796215805077,1.001448459354655,0.0,0.0,0.0,0.0004887796215805077,1.001448459354655,0.0,0.0,3.3,0.0012585376862690443,0.0006207904175120105,1.0013873791107886,0.000502999703214525,1.0015111856189962,0.0,0.018163661915750348,0.0,0.618257350308631,7.865711115015785,1.109944426715079,13.86571111501464,0.618257350308631,0.0,0.4916870764064483,0.0,0.0,0.0,0.0,0.0038814754183143,0.9964005392635383,0.0,0.0,0.0,0.0,0.0,0.0,0.000502999703214525,1.0015111856189962,0.00011779071429748547,0.00012380650820816673,3.3,0.0012585376862690443,0.0006207904175120105,1.0013873791107886,0.000502999703214525,1.0015111856189962,0.0,0.018163661915750348,0.0,0.618257350308631,7.865711115015785,1.109944426715079,13.86571111501464,0.9068243400544136,6.865711115015974,0.9558131373419678,6.865711115015974,0.9068243400544136,0.0,0.04898879728755423,0.0,0.0,0.0,0.0,0.0038814754183143,0.9964005392635383,0.0,0.0,0.0,0.0,0.0,0.0,0.000502999703214525,1.0015111856189962,0.00011779071429748547,0.00012380650820816673
5.25554,3.3,0.0002423529,0.0002780236,0.99926,-0.007507637048701299,3.3,0.00034003368623563847,0.00035258670236983536,1.0008476981725685,3.3,0.00034046855621726335,0.0003522595535252432,1.0008462550848682,0.0003522595535252432,1.0008462550848682,0.0,0.0,0.0,0.0003522595535252432,1.0008462550848682,0.0,0.0,3.3,0.0008532281475541244,0.0006787560843979841,1.0007962343420207,0.0003504527655408037,1.0008382851544815,0.0,0.01124420181096584,0.0,0.618257350308631,7.865711115015785,1.109944426715079,13.86571111501464,0.618257350308631,0.0,0.4916870764064483,0.0,0.0,0.0,0.0,0.0038814754183143,0.9964005392635383,0.0,0.0,0.0,0.0,0.0,0.0,0.0003504527655408037,1.0008382851544815,0.00032830331885718036,4.2050812460287014e-05,3.3,0.0008532281475541244,0.0006787560843979841,1.0007962343420207,0.0003504527655408037,1.0008382851544815,0.0,0.01124420181096584,0.0,0.618257350308631,7.865711115015785,1.109944426715079,13.86571111501464,0.9068243400544136,6.865711115015974,0.9558131373419678,6.865711115015974,0.9068243400544136,0.0,0.04898879728755423,0.0,0.0,0.0,0.0,0.0038814754183143,0.9964005392635383,0.0,0.0,0.0,0.0,0.0,0.0,0.0003504527655408037,1.0008382851544815,0.00032830331885718036,4.2050812460287014e-05
5.288873000000001,3.3,0.0001931713,0.0001820754,0.9991802,-0.007547881367289038,3.3,0.00026377796511965057,0.00023956664288507789,1.000349154893453,3.3,0.00026419066886350937,0.0002395786824420511,1.0003492080011958,0.0002395786824420511,1.0003492080011958,0.0,0.0,0.0,0.0002395786824420511,1.0003492080011958,0.0,0.0,3.3,0.0005875166038647055,0.0003720262634138119,1.000490411961108,0.00023955605870455118,1.0003491082055285,0.0,0.007350701760944063,0.0,0.618257350308631,7.865711115015785,1.109944426715079,13.86571111501464,0.618257350308631,0.0,0.4916870764064483,0.0,0.0,0.0,0.0,0.0038814754183143,0.9964005392635383,0.0,0.0,0.0,0.0,0.0,0.0,0.00023955605870455118,1.0003491082055285,0.00013247020470926068,0.0001413037555798706,3.3,0.0005875166038647055,0.0003720262634138119,1.000490411961108,0.00023955605870455118,1.0003491082055285,0.0,0.007350701760944063,0.0,0.618257350308631,7.865711115015785,1.109944426715079,13.86571111501464,0.9068243400544136,6.865711115015974,0.9558131373419678,6.865711115015974,0.9068243400544136,0.0,0.04898879728755423,0.0,0.0,0.0,0.0,0.0038814754183143,0.9964005392635383,0.0,0.0,0.0,0.0,0.0,0.0,0.00023955605870455118,1.0003491082055285,0.00013247020470926068,0.0001413037555798706
5.322207000000001,3.3,-3.568521e-05,-0.001133527,0.9990848,-0.008116654429194892,3.3,0.00018784595550717906,1.8529468253537044e-05,1.0017335491259909,3.3,0.00018848483886896075,6.268859917678963e-05,1.0020747213784402,6.268859917678963e-05,1.0020747213784402,0.0,0.0,0.0,6.268859917678963e-05,1.0020747213784402,0.0,0.0,3.3,0.000383855755311071,0.00015209142726226038,1.002817719215033,0.00012971602673253954,1.0034696122137872,0.0,0.0058205977977334004,0.0,0.618257350308631,7.865711115015785,1.109944426715079,13.86571111501464,0.618257350308631,0.0,0.4916870764064483,0.0,0.0,0.0,0.0,0.0038814754183143,0.9964005392635383,0.0,0.0,0.0,0.0,0.0,0.0,0.00012971602673253954,1.0034696122137872,2.2375400529720842e-05,0.0006518929987545567,3.3,0.000383855755311071,0.00015209142726226038,1.002817719215033,0.00012971602673253954,1.0034696122137872,0.0,0.0058205977977334004,0.0,0.618257350308631,7.865711115015785,1.109944426715079,13.86571111501464,0.9068243400544136,6.865711115015974,0.9558131373419678,6.865711115015974,0.9068243400544136,0.0,0.04898879728755423,0.0,0.0,0.0,0.0,0.0038814754183143,0.9964005392635383,0.0,0.0,0.0,0.0,0.0,0.0,0.00012971602673253954,1.0034696122137872,2.2375400529720842e-05,0.0006518929987545567
5.3555399999999995,3.3,-0.0003682787,-0.001302987,1.000437,-0.010254036619844968,3.3,-0.00021944637312449561,-0.0012608614636522172,1.0038652918340316,3.3,-0.00021679442432044312,-0.0012527517847776843,1.003994595072603,-0.0012527517847776843,1.003994595072603,0.0,0.0,0.0,-0.0012527517847776843,1.003994595072603,0.0,0.0,3.3,1.898251794638811e-05,-0.0010112999212381754,1.0008342700117632,-0.0012519336651448832,1.0040421149538907,0.0,0.013283214593320491,0.0,0.618257350308631,7.865711115015785,1.109944426715079,13.86571111501464,0.618257350308631,0.0,0.4916870764064483,0.0,0.0,0.0,0.0,0.0038814754183143,0.9964005392635383,0.0,0.0,0.0,0.0,0.0,0.0,-0.0012519336651448832,1.0040421149538907,0.00024063374390670801,0.003207844942127903,3.3,1.898251794638811e-05,-0.0010112999212381754,1.0008342700117632,-0.0012519336651448832,1.0040421149538907,0.0,0.013283214593320491,0.0,0.618257350308631,7.865711115015785,1.109944426715079,13.86571111501464,0.9068243400544136,6.865711115015974,0.9558131373419678,6.865711115015974,0.9068243400544136,0.0,0.04898879728755423,0.0,0.0,0.0,0.0,0.0038814754183143,0.9964005392635383,0.0,0.0,0.0,0.0,0.0,0.0,-0.0012519336651448832,1.0040421149538907,0.00024063374390670801,0.003207844942127903
5.388873,3.3,-0.0006259359,-0.001727662,0.9995335,-0.01252364972421317,3.3,-0.0005030276220439775,-0.001494831095006937,1.0029262252042506,3.3,-0.0005008638332718632,-0.0014948036844519615,1.0029263626018212,-0.0014948036844519615,1.0029263626018212,0.0,0.0,0.0,-0.0014948036844519615,1.0029263626018212,0.0,0.0,3.3,-0.00031005321921325965,-0.0012793341326822981,1.0028763635803124,-0.001494853915715882,1.0029261108136454,0.0,0.00898141655598961,0.0,0.618257350308631,7.865711115015785,1.109944426715079,13.86571111501464,0.618257350308631,0.0,0.4916870764064483,0.0,0.0,0.0,0.0,0.0038814754183143,0.9964005392635383,0.0,0.0,0.0,0.0,0.0,0.0,-0.001494853915715882,1.0029261108136454,0.0002155197830335845,4.974723333343264e-05,3.3,-0.00031005321921325965,-0.0012793341326822981,1.0028763635803124,-0.001494853915715882,1.0029261108136454,0.0,0.00898141655598961,0.0,0.618257350308631,7.865711115015785,1.109944426715079,13.86571111501464,0.9068243400544136,6.865711115015974,0.9558131373419678,6.865711115015974,0.9068243400544136,0.0,0.04898879728755423,0.0,0.0,0.0,0.0,0.0038814754183143,0.9964005392635383,0.0,0.0,0.0,0.0,0.0,0.0,-0.001494853915715882,1.0029261108136454,0.0002155197830335845,4.974723333343264e-05
5.422207,3.3,-0.0008860377,-0.002183131,0.9991544,-0.013127952976594734,3.3,-0.0007322324800691914,-0.0017945025455840128,1.0014240984045535,3.3,-0.0007301927242847172,-0.0017841913465391017,1.00147578410365,-0.0017841913465391017,1.00147578410365,0.0,0.0,0.0,-0.0017841913465391017,1.00147578410365,0.0,0.0,3.3,-0.0005555073113258039,-0.001632804759295329,1.0017196653914187,-0.001751859168680806,1.0016378516972095,0.0,0.007102351746157903,0.0,0.618257350308631,7.865711115015785,1.109944426715079,13.86571111501464,0.618257350308631,0.0,0.4916870764064483,0.0,0.0,0.0,0.0,0.0038814754183143,0.9964005392635383,0.0,0.0,0.0,0.0,0.0,0.0,-0.001751859168680806,1.0016378516972095,0.00011905440938547714,8.181369420902251e-05,3.3,-0.0005555073113258039,-0.001632804759295329,1.0017196653914187,-0.001751859168680806,1.0016378516972095,0.0,0.007102351746157903,0.0,0.618257350308631,7.865711115015785,1.109944426715079,13.86571111501464,0.9068243400544136,6.865711115015974,0.9558131373419678,6.865711115015974,0.9068243400544136,0.0,0.04898879728755423,0.0,0.0,0.0,0.0,0.0038814754183143,0.9964005392635383,0.0,0.0,0.0,0.0,0.0,0.0,-0.001751859168680806,1.0016378516972095,0.00011905440938547714,8.181369420902251e-05
5.45554,3.3,-0.001074165,-0.002101626,1.002395,-0.01208012594594596,3.3,-0.0009343848412377606,-0.0020706535032490115,1.0009738658304648,3.3,-0.000932395192337679,-0.0020708239177120373,1.0009957354407386,-0.0020708239177120373,1.0009957354407386,0.0,0.0,0.0,-0.0020708239177120373,1.0009957354407386,0.0,0.0,3.3,-0.0007613400696914687,-0.0016652676618828684,1.0008467927594007,-0.0020716281835971074,1.0010989484025419,0.0,0.00613997088452978,0.0,0.618257350308631,7.865711115015785,1.109944426715079,13.86571111501464,0.618257350308631,0.0,0.4916870764064483,0.0,0.0,0.0,0.0,0.0038814754183143,0.9964005392635383,0.0,0.0,0.0,0.0,0.0,0.0,-0.0020716281835971074,1.0010989484025419,0.0004063605217142385,0.00025215564314096225,3.3,-0.0007613400696914687,-0.0016652676618828684,1.0008467927594007,-0.0020716281835971074,1.0010989484025419,0.0,0.00613997088452978,0.0,0.618257350308631,7.865711115015785,1.109944426715079,13.86571111501464,0.9068243400544136,6.865711115015974,0.9558131373419678,6.865711115015974,0.9068243400544136,0.0,0.04898879728755423,0.0,0.0,0.0,0.0,0.0038814754183143,0.9964005392635383,0.0,0.0,0.0,0.0,0.0,0.0,-0.0020716281835971074,1.0010989484025419,0.0004063605217142385,0.00025215564314096225
5.488873,3.3,-0.001205684,-0.002420309,0.9999283,-0.01001401831093447,3.3,-0.00110475902255111,-0.002297609678124968,1.0025645549945044,3.3,-0.0011027968110040945,-0.0022975785184278677,1.0025646333438947,-0.0022975785184278677,1.0025646333438947,0.0,0.0,0.0,-0.0022975785184278677,1.0025646333438947,0.0,0.0,3.3,-0.0009432852842614655,-0.0020852679303447978,1.0024888600513189,-0.002297626234386898,1.0025645133646701,0.0,0.005256797977749408,0.0,0.618257350308631,7.865711115015785,1.109944426715079,13.86571111501464,0.618257350308631,0.0,0.4916870764064483,0.0,0.0,0.0,0.0,0.0038814754183143,0.9964005392635383,0.0,0.0,0.0,0.0,0.0,0.0,-0.002297626234386898,1.0025645133646701,0.00021235830404210047,7.565331335060636e-05,3.3,-0.0009432852842614655,-0.0020852679303447978,1.0024888600513189,-0.002297626234386898,1.0025645133646701,0.0,0.005256797977749408,0.0,0.618257350308631,7.865711115015785,1.109944426715079,13.86571111501464,0.9068243400544136,6.865711115015974,0.9558131373419678,6.865711115015974,0.9068243400544136,0.0,0.04898879728755423,0.0,0.0,0.0,0.0,0.0038814754183143,0.9964005392635383,0.0,0.0,0.0,0.0,0.0,0.0,-0.002297626234386898,1.0025645133646701,0.00021235830404210047,7.565331335060636e-05
5.522207000000001,3.3,-0.001360821,-0.002703934,0.9996921,-0.0075493831517317415,3.3,-0.0012825041608057423,-0.0026382693852381473,1.0017079843946075,3.3,-0.001280275370835261,-0.0026265478480684674,1.0017374575724314,-0.0026265478480684674,1.0017374575724314,0.0,0.0,0.0,-0.0026265478480684674,1.0017374575724314,0.0,0.0,3.3,-0.0011276526138996419,-0.002482499251511598,1.0018602127482377,-0.002589808475393581,1.0018298367585659,0.0,0.005590841710109333,0.0,0.618257350308631,7.865711115015785,1.109944426715079,13.86571111501464,0.618257350308631,0.0,0.4916870764064483,0.0,0.0,0.0,0.0,0.0038814754183143,0.9964005392635383,0.0,0.0,0.0,0.0,0.0,0.0,-0.002589808475393581,1.0018298367585659,0.00010730922388198382,3.03759896715204e-05,3.3,-0.0011276526138996419,-0.002482499251511598,1.0018602127482377,-0.002589808475393581,1.0018298367585659,0.0,0.005590841710109333,0.0,0.618257350308631,7.865711115015785,1.109944426715079,13.86571111501464,0.9068243400544136,6.865711115015974,0.9558131373419678,6.865711115015974,0.9068243400544136,0.0,0.04898879728755423,0.0,0.0,0.0,0.0,0.0038814754183143,0.9964005392635383,0.0,0.0,0.0,0.0,0.0,0.0,-0.002589808475393581,1.0018298367585659,0.00010730922388198382,3.03759896715204e-05
5.55554,3.3,-0.00152826,-0.003025432,0.9994242,-0.004593763560413107,3.3,-0.001469322199829151,-0.0029790300963176072,1.0008511598256438,3.3,-0.00146686070937806,-0.0029798767934948673,1.0008490308509106,-0.0029798767934948673,1.0008490308509106,0.0,0.0,0.0,-0.0029798767934948673,1.0008490308509106,0.0,0.0,3.3,-0.0013153868212019055,-0.002557024465586725,1.0011795462632689,-0.0029838258644751658,1.0008391011233029,0.0,0.005689180107038043,0.0,0.618257350308631,7.865711115015785,1.109944426715079,13.86571111501464,0.618257350308631,0.0,0.4916870764064483,0.0,0.0,0.0,0.0,0.0038814754183143,0.9964005392635383,0.0,0.0,0.0,0.0,0.0,0.0,-0.0029838258644751658,1.0008391011233029,0.0004268013988884404,0.000340445139965627,3.3,-0.0013153868212019055,-0.002557024465586725,1.0011795462632689,-0.0029838258644751658,1.0008391011233029,0.0,0.005689180107038043,0.0,0.618257350308631,7.865711115015785,1.109944426715079,13.86571111501464,0.9068243400544136,6.865711115015974,0.9558131373419678,6.865711115015974,0.9068243400544136,0.0,0.04898879728755423,0.0,0.0,0.0,0.0,0.0038814754183143,0.9964005392635383,0.0,0.0,0.0,0.0,0.0,0.0,-0.0029838258644751658,1.0008391011233029,0.0004268013988884404,0.000340445139965627
5.5888729999999995,3.3,-0.001728334,-0.003495695,1.001194,-0.001508353423626089,3.3,-0.0016591791068062917,-0.003271538435924301,1.000115663262065,3.3,-0.001656704623819645,-0.003271507276227201,1.0001157416114554,-0.003271507276227201,1.0001157416114554,0.0,0.0,0.0,-0.003271507276227201,1.0001157416114554,0.0,0.0,3.3,-0.0015060125874779857,-0.0030710939998702734,1.0004597503949881,-0.0032714824141459836,1.000115804125828,0.0,0.005694918324646499,0.0,0.618257350308631,7.865711115015785,1.109944426715079,13.86571111501464,0.618257350308631,0.0,0.4916870764064483,0.0,0.0,0.0,0.0,0.0038814754183143,0.9964005392635383,0.0,0.0,0.0,0.0,0.0,0.0,-0.0032714824141459836,1.000115804125828,0.00020038841427571038,0.00034394626915994724,3.3,-0.0015060125874779857,-0.0030710939998702734,1.0004597503949881,-0.0032714824141459836,1.000115804125828,0.0,0.005694918324646499,0.0,0.618257350308631,7.865711115015785,1.109944426715079,13.86571111501464,0.9068243400544136,6.865711115015974,0.9558131373419678,6.865711115015974,0.9068243400544136,0.0,0.04898879728755423,0.0,0.0,0.0,0.0,0.0038814754183143,0.9964005392635383,0.0,0.0,0.0,0.0,0.0,0.0,-0.0032714824141459836,1.000115804125828,0.00020038841427571038,0.00034394626915994724
5.6222069999999995,3.3,-0.001974371,-0.004016755,0.9995698,0.0015481898021725785,3.3,-0.0018730102249049372,-0.003778705722775805,1.0025014649720958,3.3,-0.001869896756976775,-0.0037610640405474176,1.0025714623174666,-0.0037610640405474176,1.0025714623174666,0.0,0.0,0.0,-0.0037610640405474176,1.0025714623174666,0.0,0.0,3.3,-0.0017288208869847795,-0.0036159117308930755,1.0026966765950411,-0.0037057754415558155,1.0027908322793886,0.0,0.0070514066788671895,0.0,0.618257350308631,7.865711115015785,1.109944426715079,13.86571111501464,0.618257350308631,0.0,0.4916870764064483,0.0,0.0,0.0,0.0,0.0038814754183143,0.9964005392635383,0.0,0.0,0.0,0.0,0.0,0.0,-0.0037057754415558155,1.0027908322793886,8.986371066273976e-05,9.415568434745575e-05,3.3,-0.0017288208869847795,-0.0036159117308930755,1.0026966765950411,-0.0037057754415558155,1.0027908322793886,0.0,0.0070514066788671895,0.0,0.618257350308631,7.865711115015785,1.109944426715079,13.86571111501464,0.9068243400544136,6.865711115015974,0.9558131373419678,6.865711115015974,0.9068243400544136,0.0,0.04898879728755423,0.0,0.0,0.0,0.0,0.0038814754183143,0.9964005392635383,0.0,0.0,0.0,0.0,0.0,0.0,-0.0037057754415558155,1.0027908322793886,8.986371066273976e-05,9.415568434745575e-05
5.65554,3.3,-0.002247723,-0.004510854,1.000794,0.0045535234134993115,3.3,-0.0021275890668528107,-0.004291572942641888,1.0004665488312474,3.3,-0.0021240286871455553,-0.004292847277426575,1.0004614926211377,-0.004292847277426575,1.0004614926211377,0.0,0.0,0.0,-0.004292847277426575,1.0004614926211377,0.0,0.0,3.3,-0.0019875568443756507,-0.0039359231107745606,1.0013769264911596,-0.004298790888262669,1.000437910007243,0.0,0.00795787009016216,0.0,0.618257350308631,7.865711115015785,1.109944426715079,13.86571111501464,0.618257350308631,0.0,0.4916870764064483,0.0,0.0,0.0,0.0,0.0038814754183143,0.9964005392635383,0.0,0.0,0.0,0.0,0.0,0.0,-0.004298790888262669,1.000437910007243,0.0003628677774881096,0.0009390164839164491,3.3,-0.0019875568443756507,-0.0039359231107745606,1.0013769264911596,-0.004298790888262669,1.000437910007243,0.0,0.00795787009016216,0.0,0.618257350308631,7.865711115015785,1.109944426715079,13.86571111501464,0.9068243400544136,6.865711115015974,0.9558131373419678,6.865711115015974,0.9068243400544136,0.0,0.04898879728755423,0.0,0.0,0.0,0.0,0.0038814754183143,0.9964005392635383,0.0,0.0,0.0,0.0,0.0,0.0,-0.004298790888262669,1.000437910007243,0.0003628677774881096,0.0009390164839164491
5.688873,3.3,-0.002547863,-0.005120014,0.9996218,0.007469198039301333,3.3,-0.0024329664211473487,-0.0050409283795992115,1.0030109396970406,3.3,-0.002428531692816083,-0.0050408268402813575,1.0030111682917977,-0.0050408268402813575,1.0030111682917977,0.0,0.0,0.0,-0.0050408268402813575,1.0030111682917977,0.0,0.0,3.3,-0.002280697596850214,-0.0047740799200196365,1.0028969856816659,-0.0050407458228453345,1.003011350685786,0.0,0.009279196257877967,0.0,0.618257350308631,7.865711115015785,1.109944426715079,13.86571111501464,0.618257350308631,0.0,0.4916870764064483,0.0,0.0,0.0,0.0,0.0038814754183143,0.9964005392635383,0.0,0.0,0.0,0.0,0.0,0.0,-0.0050407458228453345,1.003011350685786,0.00026666590282569796,0.00011436500412042703,3.3,-0.002280697596850214,-0.0047740799200196365,1.0028969856816659,-0.0050407458228453345,1.003011350685786,0.0,0.009279196257877967,0.0,0.618257350308631,7.865711115015785,1.109944426715079,13.86571111501464,0.9068243400544136,6.865711115015974,0.9558131373419678,6.865711115015974,0.9068243400544136,0.0,0.04898879728755423,0.0,0.0,0.0,0.0,0.0038814754183143,0.9964005392635383,0.0,0.0,0.0,0.0,0.0,0.0,-0.0050407458228453345,1.003011350685786,0.00026666590282569796,0.00011436500412042703
5.722207,3.3,-0.003025963,-0.006759997,1.001316,0.010208664541601221,3.3,-0.0028778819879740633,-0.006151027562182839,1.0005117811569018,3.3,-0.002872093664279988,-0.006112830885091402,1.0005977730693862,-0.006112830885091402,1.0005977730693862,0.0,0.0,0.0,-0.006112830885091402,1.0005977730693862,0.0,0.0,3.3,-0.00269856638659852,-0.005840381624384052,1.0010753694198113,-0.005993123436833601,1.0008672696119703,0.0,0.013213040073139403,0.0,0.618257350308631,7.865711115015785,1.109944426715079,13.86571111501464,0.618257350308631,0.0,0.4916870764064483,0.0,0.0,0.0,0.0,0.0038814754183143,0.9964005392635383,0.0,0.0,0.0,0.0,0.0,0.0,-0.005993123436833601,1.0008672696119703,0.00015274181244954896,0.00020809980784051296,3.3,-0.00269856638659852,-0.005840381624384052,1.0010753694198113,-0.005993123436833601,1.0008672696119703,0.0,0.013213040073139403,0.0,0.618257350308631,7.865711115015785,1.109944426715079,13.86571111501464,0.9068243400544136,6.865711115015974,0.9558131373419678,6.865711115015974,0.9068243400544136,0.0,0.04898879728755423,0.0,0.0,0.0,0.0,0.0038814754183143,0.9964005392635383,0.0,0.0,0.0,0.0,0.0,0.0,-0.005993123436833601,1.0008672696119703,0.00015274181244954896,0.00020809980784051296
5.75554,3.3,-0.003707751,-0.008144973,1.000279,0.011651716177628611,3.3,-0.0034501312306812995,-0.00751090665867529,1.0016288893407104,3.3,-0.0034426829689085782,-0.0075144869455214475,1.0016220724201468,-0.0075144869455214475,1.0016220724201468,0.0,0.0,0.0,-0.0075144869455214475,1.0016220724201468,0.0,0.0,3.3,-0.003226599867104281,-0.006711627601721129,1.0022739880290636,-0.007531395774298496,1.0015898777531946,0.0,0.016575169322295025,0.0,0.618257350308631,7.865711115015785,1.109944426715079,13.86571111501464,0.618257350308631,0.0,0.4916870764064483,0.0,0.0,0.0,0.0,0.0038814754183143,0.9964005392635383,0.0,0.0,0.0,0.0,0.0,0.0,-0.007531395774298496,1.0015898777531946,0.0008197681725773665,0.0006841102758682602,3.3,-0.003226599867104281,-0.006711627601721129,1.0022739880290636,-0.007531395774298496,1.0015898777531946,0.0,0.016575169322295025,0.0,0.618257350308631,7.865711115015785,1.109944426715079,13.86571111501464,0.9068243400544136,6.865711115015974,0.9558131373419678,6.865711115015974,0.9068243400544136,0.0,0.04898879728755423,0.0,0.0,0.0,0.0,0.0038814754183143,0.9964005392635383,0.0,0.0,0.0,0.0,0.0,0.0,-0.007531395774298496,1.0015898777531946,0.0008197681725773665,0.0006841102758682602
5.788873,3.3,-0.004610818,-0.01058411,1.00007,0.010951308724269993,3.3,-0.004230509750984219,-0.009487421046034842,1.0015365540797596,3.3,-0.004220481469094404,-0.00948721062569125,1.0015349108484102,-0.00948721062569125,1.0015349108484102,0.0,0.0,0.0,-0.00948721062569125,1.0015349108484102,0.0,0.0,3.3,-0.003908217677475346,-0.008839364640399586,1.0016813344548883,-0.009484068653220322,1.0015103743061042,0.0,0.022138408020303726,0.0,0.618257350308631,7.865711115015785,1.109944426715079,13.86571111501464,0.618257350308631,0.0,0.4916870764064483,0.0,0.0,0.0,0.0,0.0038814754183143,0.9964005392635383,0.0,0.0,0.0,0.0,0.0,0.0,-0.009484068653220322,1.0015103743061042,0.0006447040128207359,0.00017096014878369676,3.3,-0.003908217677475346,-0.008839364640399586,1.0016813344548883,-0.009484068653220322,1.0015103743061042,0.0,0.022138408020303726,0.0,0.618257350308631,7.865711115015785,1.109944426715079,13.86571111501464,0.9068243400544136,6.865711115015974,0.9558131373419678,6.865711115015974,0.9068243400544136,0.0,0.04898879728755423,0.0,0.0,0.0,0.0,0.0038814754183143,0.9964005392635383,0.0,0.0,0.0,0.0,0.0,0.0,-0.009484068653220322,1.0015103743061042,0.0006447040128207359,0.00017096014878369676
5.822207,3.3,-0.005790619,-0.01312352,1.003558,0.011501102577168023,3.3,-0.005250514614504837,-0.01169947727073566,1.0029858855126785,3.3,-0.005238592127417979,-0.011624367695149443,1.0030896406402816,-0.011624367695149443,1.0030896406402816,0.0,0.0,0.0,-0.011624367695149443,1.0030896406402816,0.0,0.0,3.3,-0.004839189928076486,-0.011007149572852936,1.002910601158973,-0.011389429608854263,1.0034141802336964,0.0,0.02879576443019435,0.0,0.618257350308631,7.865711115015785,1.109944426715079,13.86571111501464,0.618257350308631,0.0,0.4916870764064483,0.0,0.0,0.0,0.0,0.0038814754183143,0.9964005392635383,0.0,0.0,0.0,0.0,0.0,0.0,-0.011389429608854263,1.0034141802336964,0.00038228003600132755,0.00050357907472353,3.3,-0.004839189928076486,-0.011007149572852936,1.002910601158973,-0.011389429608854263,1.0034141802336964,0.0,0.02879576443019435,0.0,0.618257350308631,7.865711115015785,1.109944426715079,13.86571111501464,0.9068243400544136,6.865711115015974,0.9558131373419678,6.865711115015974,0.9068243400544136,0.0,0.04898879728755423,0.0,0.0,0.0,0.0,0.0038814754183143,0.9964005392635383,0.0,0.0,0.0,0.0,0.0,0.0,-0.011389429608854263,1.0034141802336964,0.00038228003600132755,0.00050357907472353
5.85554,3.3,-0.007567905,-0.01871827,1.001809,0.015110565549385545,3.3,-0.00679548600688508,-0.016777082048803852,1.0021372110219948,3.3,-0.0067748369490058975,-0.01678906482295564,1.0021365706489396,-0.01678906482295564,1.0021365706489396,0.0,0.0,0.0,-0.01678906482295564,1.0021365706489396,0.0,0.0,3.3,-0.0060747407358812105,-0.013364137585944905,1.0023305619200142,-0.016845038450318994,1.002133579354742,0.0,0.041415688496087455,0.0,0.618257350308631,7.865711115015785,1.109944426715079,13.86571111501464,0.618257350308631,0.0,0.4916870764064483,0.0,0.0,0.0,0.0,0.0038814754183143,0.9964005392635383,0.0,0.0,0.0,0.0,0.0,0.0,-0.016845038450318994,1.002133579354742,0.003480900864374086,0.00019698256527244347,3.3,-0.0060747407358812105,-0.013364137585944905,1.0023305619200142,-0.016845038450318994,1.002133579354742,0.0,0.041415688496087455,0.0,0.618257350308631,7.865711115015785,1.109944426715079,13.86571111501464,0.9068243400544136,6.865711115015974,0.9558131373419678,6.865711115015974,0.9068243400544136,0.0,0.04898879728755423,0.0,0.0,0.0,0.0,0.0038814754183143,0.9964005392635383,0.0,0.0,0.0,0.0,0.0,0.0,-0.016845038450318994,1.002133579354742,0.003480900864374086,0.00019698256527244347
5.888873,3.3,-0.009953441,-0.02330146,1.000385,0.020884757691130403,3.3,-0.008951268300719873,-0.02090907103699054,1.0024153752771225,3.3,-0.00892812518965405,-0.020908627702103662,1.0024151730667337,-0.020908627702103662,1.0024151730667337,0.0,0.0,0.0,-0.020908627702103662,1.0024151730667337,0.0,0.0,3.3,-0.007810855931734275,-0.018516051087378017,1.0022898832921698,-0.020889753070389167,1.0024065641195712,0.0,0.05262070039602439,0.0,0.618257350308631,7.865711115015785,1.109944426715079,13.86571111501464,0.618257350308631,0.0,0.4916870764064483,0.0,0.0,0.0,0.0,0.0038814754183143,0.9964005392635383,0.0,0.0,0.0,0.0,0.0,0.0,-0.020889753070389167,1.0024065641195712,0.002373701983011152,0.0001166808274018799,3.3,-0.007810855931734275,-0.018516051087378017,1.0022898832921698,-0.020889753070389167,1.0024065641195712,0.0,0.05262070039602439,0.0,0.618257350308631,7.865711115015785,1.109944426715079,13.86571111501464,0.9068243400544136,6.865711115015974,0.9558131373419678,6.865711115015974,0.9068243400544136,0.0,0.04898879728755423,0.0,0.0,0.0,0.0,0.0038814754183143,0.9964005392635383,0.0,0.0,0.0,0.0,0.0,0.0,-0.020889753070389167,1.0024065641195712,0.002373701983011152,0.0001166808274018799
5.922207,3.3,-0.01123311,-0.0190627,1.005321,0.02814793235331655,3.3,-0.010939899027946476,-0.02031626897428923,1.0041035672609204,3.3,-0.010926532770856019,-0.020508558748546995,1.0035773631632512,-0.020508558748546995,1.0035773631632512,0.0,0.0,0.0,-0.020508558748546995,1.0035773631632512,0.0,0.0,3.3,-0.009650248276429664,-0.020517450817416745,1.0019031522691284,-0.021195541400685493,1.0019022739935004,0.0,0.05029206822792056,0.0,0.618257350308631,7.865711115015785,1.109944426715079,13.86571111501464,0.618257350308631,0.0,0.4916870764064483,0.0,0.0,0.0,0.0,0.0038814754183143,0.9964005392635383,0.0,0.0,0.0,0.0,0.0,0.0,-0.021195541400685493,1.0019022739935004,0.0006780905832687409,9.783103233244748e-06,3.3,-0.009650248276429664,-0.020517450817416745,1.0019031522691284,-0.021195541400685493,1.0019022739935004,0.0,0.05029206822792056,0.0,0.618257350308631,7.865711115015785,1.109944426715079,13.86571111501464,0.9068243400544136,6.865711115015974,0.9558131373419678,6.865711115015974,0.9068243400544136,0.0,0.04898879728755423,0.0,0.0,0.0,0.0,0.0038814754183143,0.9964005392635383,0.0,0.0,0.0,0.0,0.0,0.0,-0.021195541400685493,1.0019022739935004,0.0006780905832687409,9.783103233244748e-06
5.95554,3.3,-0.01086424,-0.01611871,1.001424,0.036528440391479185,3.3,-0.011010537336011665,-0.01724789883281293,1.0030266433946582,3.3,-0.011007554270362067,-0.017240830655836224,1.0030500747101843,-0.017240830655836224,1.0030500747101843,0.0,0.0,0.0,-0.017240830655836224,1.0030500747101843,0.0,0.0,3.3,-0.010027886431512374,-0.015678301310274454,1.0031318764690993,-0.017209699187339503,1.0031438433068236,0.0,0.005044910403902674,0.0,0.618257350308631,7.865711115015785,1.109944426715079,13.86571111501464,0.618257350308631,0.0,0.4916870764064483,0.0,0.0,0.0,0.0,0.0038814754183143,0.9964005392635383,0.0,0.0,0.0,0.0,0.0,0.0,-0.017209699187339503,1.0031438433068236,0.0015313978770650444,0.00011394054126235832,3.3,-0.010027886431512374,-0.015678301310274454,1.0031318764690993,-0.017209699187339503,1.0031438433068236,0.0,0.005044910403902674,0.0,0.618257350308631,7.865711115015785,1.109944426715079,13.86571111501464,0.9068243400544136,6.865711115015974,0.9558131373419678,6.865711115015974,0.9068243400544136,0.0,0.04898879728755423,0.0,0.0,0.0,0.0,0.0038814754183143,0.9964005392635383,0.0,0.0,0.0,0.0,0.0,0.0,-0.017209699187339503,1.0031438433068236,0.0015313978770650444,0.00011394054126235832
5.988873,3.3,-0.009797254,-0.01291277,1.001641,0.04538720503593392,3.3,-0.010218568706903637,-0.014411077353693865,1.0019249301425956,3.3,-0.010220577969029844,-0.014411383515643151,1.0019257598685252,-0.014411383515643151,1.0019257598685252,0.0,0.0,0.0,-0.014411383515643151,1.0019257598685252,0.0,0.0,3.3,-0.009580594161528337,-0.014206534014096281,1.0020425380598228,-0.014428061772055,1.0019709594167872,0.0,0.017311528006024205,0.0,0.618257350308631,7.865711115015785,1.109944426715079,13.86571111501464,0.618257350308631,0.0,0.4916870764064483,0.0,0.0,0.0,0.0,0.0038814754183143,0.9964005392635383,0.0,0.0,0.0,0.0,0.0,0.0,-0.014428061772055,1.0019709594167872,0.0002215277579587123,7.157864303601328e-05,3.3,-0.009580594161528337,-0.014206534014096281,1.0020425380598228,-0.014428061772055,1.0019709594167872,0.0,0.017311528006024205,0.0,0.618257350308631,7.865711115015785,1.109944426715079,13.86571111501464,0.9068243400544136,6.865711115015974,0.9558131373419678,6.865711115015974,0.9068243400544136,0.0,0.04898879728755423,0.0,0.0,0.0,0.0,0.0038814754183143,0.9964005392635383,0.0,0.0,0.0,0.0,0.0,0.0,-0.014428061772055,1.0019709594167872,0.0002215277579587123,7.157864303601328e-05
6.022207,3.3,-0.008349205,-0.009879969,1.001187,0.055508602594550496,3.3,-0.008932009548356969,-0.011195070222844637,1.0028851218411003,3.3,-0.008936806726298957,-0.01129861387270799,1.0029533103027979,-0.01129861387270799,1.0029533103027979,0.0,0.0,0.0,-0.01129861387270799,1.0029533103027979,0.0,0.0,3.3,-0.008631180760946601,-0.011720843805076032,1.0027982788470715,-0.011627936361786932,1.0028603865174175,0.0,0.030532782495535368,0.0,0.618257350308631,7.865711115015785,1.109944426715079,13.86571111501464,0.618257350308631,0.0,0.4916870764064483,0.0,0.0,0.0,0.0,0.0038814754183143,0.9964005392635383,0.0,0.0,0.0,0.0,0.0,0.0,-0.011627936361786932,1.0028603865174175,9.290744328909682e-05,6.210767034630338e-05,3.3,-0.008631180760946601,-0.011720843805076032,1.0027982788470715,-0.011627936361786932,1.0028603865174175,0.0,0.030532782495535368,0.0,0.618257350308631,7.865711115015785,1.109944426715079,13.86571111501464,0.9068243400544136,6.865711115015974,0.9558131373419678,6.865711115015974,0.9068243400544136,0.0,0.04898879728755423,0.0,0.0,0.0,0.0,0.0038814754183143,0.9964005392635383,0.0,0.0,0.0,0.0,0.0,0.0,-0.011627936361786932,1.0028603865174175,9.290744328909682e-05,6.210767034630338e-05
6.055540000000001,3.3,-0.006192414,-0.003121406,1.002956,0.067019632640153,3.3,-0.007176135205754795,-0.005529815185068656,1.004390578499468,3.3,-0.007191377151002689,-0.005513489183294577,1.0043299835767534,-0.005513489183294577,1.0043299835767534,0.0,0.0,0.0,-0.005513489183294577,1.0043299835767534,0.0,0.0,3.3,-0.0073108441915721405,-0.008395060862495514,1.0025451069111262,-0.005444144678517946,1.004072607339401,0.0,0.043388741683002,0.0,0.618257350308631,7.865711115015785,1.109944426715079,13.86571111501464,0.618257350308631,0.0,0.4916870764064483,0.0,0.0,0.0,0.0,0.0038814754183143,0.9964005392635383,0.0,0.0,0.0,0.0,0.0,0.0,-0.005444144678517946,1.004072607339401,0.002950916183977568,0.0015275004282750515,3.3,-0.0073108441915721405,-0.008395060862495514,1.0025451069111262,-0.005444144678517946,1.004072607339401,0.0,0.043388741683002,0.0,0.618257350308631,7.865711115015785,1.109944426715079,13.86571111501464,0.9068243400544136,6.865711115015974,0.9558131373419678,6.865711115015974,0.9068243400544136,0.0,0.04898879728755423,0.0,0.0,0.0,0.0,0.0038814754183143,0.9964005392635383,0.0,0.0,0.0,0.0,0.0,0.0,-0.005444144678517946,1.004072607339401,0.002950916183977568,0.0015275004282750515
6.088873,3.3,-0.00317904,0.003324625,1.002264,0.08023898007642771,3.3,-0.004482623121510466,6.0994304743616056e-05,1.0036912901172774,3.3,-0.00450239133293744,6.0342346904205285e-05,1.0036911787424634,6.0342346904205285e-05,1.0036911787424634,0.0,0.0,0.0,6.0342346904205285e-05,1.0036911787424634,0.0,0.0,3.3,-0.0052140182680240725,-0.0021015031514693625,1.0033748102212625,-7.590018880556319e-06,1.003679573767175,0.0,0.0658116761631215,0.0,0.618257350308631,7.865711115015785,1.109944426715079,13.86571111501464,0.618257350308631,0.0,0.4916870764064483,0.0,0.0,0.0,0.0,0.0038814754183143,0.9964005392635383,0.0,0.0,0.0,0.0,0.0,0.0,-7.590018880556319e-06,1.003679573767175,0.0020939131325888056,0.00030476354591222086,3.3,-0.0052140182680240725,-0.0021015031514693625,1.0033748102212625,-7.590018880556319e-06,1.003679573767175,0.0,0.0658116761631215,0.0,0.618257350308631,7.865711115015785,1.109944426715079,13.86571111501464,0.9068243400544136,6.865711115015974,0.9558131373419678,6.865711115015974,0.9068243400544136,0.0,0.04898879728755423,0.0,0.0,0.0,0.0,0.0038814754183143,0.9964005392635383,0.0,0.0,0.0,0.0,0.0,0.0,-7.590018880556319e-06,1.003679573767175,0.0020939131325888056,0.00030476354591222086
6.122207,3.3,0.0002227172,0.009707707,1.001854,0.09465151427615483,3.3,-0.0012821664914009641,0.006755510353027924,1.002823407419201,3.3,-0.0013064576662777762,0.006528206819672813,1.0028295814331682,0.006528206819672813,1.0028295814331682,0.0,0.0,0.0,0.006528206819672813,1.0028295814331682,0.0,0.0,3.3,-0.0025278925117438573,0.004380257036669284,1.002799540746528,0.005818503237787172,1.0028488637284312,0.0,0.08310787786219834,0.0,0.618257350308631,7.865711115015785,1.109944426715079,13.86571111501464,0.618257350308631,0.0,0.4916870764064483,0.0,0.0,0.0,0.0,0.0038814754183143,0.9964005392635383,0.0,0.0,0.0,0.0,0.0,0.0,0.005818503237787172,1.0028488637284312,0.001438246201117888,4.932298190265881e-05,3.3,-0.0025278925117438573,0.004380257036669284,1.002799540746528,0.005818503237787172,1.0028488637284312,0.0,0.08310787786219834,0.0,0.618257350308631,7.865711115015785,1.109944426715079,13.86571111501464,0.9068243400544136,6.865711115015974,0.9558131373419678,6.865711115015974,0.9068243400544136,0.0,0.04898879728755423,0.0,0.0,0.0,0.0,0.0038814754183143,0.9964005392635383,0.0,0.0,0.0,0.0,0.0,0.0,0.005818503237787172,1.0028488637284312,0.001438246201117888,4.932298190265881e-05
6.155539999999999,3.3,0.004010605,0.01736369,1.002301,0.11252705974952021,3.3,0.0023379363208897953,0.01436264100279722,1.0025550460049784,3.3,0.0023057816390996866,0.014381591372248165,1.0025665972237052,0.014381591372248165,1.0025665972237052,0.0,0.0,0.0,0.014381591372248165,1.0025665972237052,0.0,0.0,3.3,0.0005015359651340244,0.0070455754117823245,1.0028287072027515,0.014459214157154397,1.0026139122783773,0.0,0.0941129859018791,0.0,0.618257350308631,7.865711115015785,1.109944426715079,13.86571111501464,0.618257350308631,0.0,0.4916870764064483,0.0,0.0,0.0,0.0,0.0038814754183143,0.9964005392635383,0.0,0.0,0.0,0.0,0.0,0.0,0.014459214157154397,1.0026139122783773,0.00741363874537207,0.00021479492437400955,3.3,0.0005015359651340244,0.0070455754117823245,1.0028287072027515,0.014459214157154397,1.0026139122783773,0.0,0.0941129859018791,0.0,0.618257350308631,7.865711115015785,1.109944426715079,13.86571111501464,0.9068243400544136,6.865711115015974,0.9558131373419678,6.865711115015974,0.9068243400544136,0.0,0.04898879728755423,0.0,0.0,0.0,0.0,0.0038814754183143,0.9964005392635383,0.0,0.0,0.0,0.0,0.0,0.0,0.014459214157154397,1.0026139122783773,0.00741363874537207,0.00021479492437400955
6.188873,3.3,0.008141238,0.02463914,1.001919,0.13326891897578513,3.3,0.006312055890051063,0.02086711043088579,1.0032339762537688,3.3,0.0062779386713443745,0.020866410662619517,1.0032343677197713,0.020866410662619517,1.0032343677197713,0.0,0.0,0.0,0.020866410662619517,1.0032343677197713,0.0,0.0,3.3,0.003939353765685678,0.016680568972230258,1.0029870296162942,0.0207774715625285,1.0032841222394508,0.0,0.10336789177542963,0.0,0.618257350308631,7.865711115015785,1.109944426715079,13.86571111501464,0.618257350308631,0.0,0.4916870764064483,0.0,0.0,0.0,0.0,0.0038814754183143,0.9964005392635383,0.0,0.0,0.0,0.0,0.0,0.0,0.0207774715625285,1.0032841222394508,0.004096902590298239,0.00029709262315646837,3.3,0.003939353765685678,0.016680568972230258,1.0029870296162942,0.0207774715625285,1.0032841222394508,0.0,0.10336789177542963,0.0,0.618257350308631,7.865711115015785,1.109944426715079,13.86571111501464,0.9068243400544136,6.865711115015974,0.9558131373419678,6.865711115015974,0.9068243400544136,0.0,0.04898879728755423,0.0,0.0,0.0,0.0,0.0038814754183143,0.9964005392635383,0.0,0.0,0.0,0.0,0.0,0.0,0.0207774715625285,1.0032841222394508,0.004096902590298239,0.00029709262315646837
6.222207,3.3,0.012398,0.03191289,1.000385,0.15765312023856243,3.3,0.010457492090785565,0.028472668708365675,1.000888704569487,3.3,0.010419236658294244,0.02821546749333933,1.0011385813808578,0.02821546749333933,1.0011385813808578,0.0,0.0,0.0,0.02821546749333933,1.0011385813808578,0.0,0.0,3.3,0.007773627285127347,0.025170226177974372,1.0022146474740519,0.027415483886425774,1.0021433320943334,0.0,0.11687333275927311,0.0,0.618257350308631,7.865711115015785,1.109944426715079,13.86571111501464,0.618257350308631,0.0,0.4916870764064483,0.0,0.0,0.0,0.0,0.0038814754183143,0.9964005392635383,0.0,0.0,0.0,0.0,0.0,0.0,0.027415483886425774,1.0021433320943334,0.0022452577084513953,7.131537971914834e-05,3.3,0.007773627285127347,0.025170226177974372,1.0022146474740519,0.027415483886425774,1.0021433320943334,0.0,0.11687333275927311,0.0,0.618257350308631,7.865711115015785,1.109944426715079,13.86571111501464,0.9068243400544136,6.865711115015974,0.9558131373419678,6.865711115015974,0.9068243400544136,0.0,0.04898879728755423,0.0,0.0,0.0,0.0,0.0038814754183143,0.9964005392635383,0.0,0.0,0.0,0.0,0.0,0.0,0.027415483886425774,1.0021433320943334,0.0022452577084513953,7.131537971914834e-05
6.25554,3.3,0.01672299,0.0391753,0.998997,0.18862194298946006,3.3,0.014743138443553619,0.036078490395436855,1.0001750467828237,3.3,0.014699725062588423,0.03609724828467742,1.0001717036887314,0.03609724828467742,1.0001717036887314,0.0,0.0,0.0,0.03609724828467742,1.0001717036887314,0.0,0.0,3.3,0.011750327700215826,0.026893703286135297,1.000850633661985,0.03617128729503871,1.0001585082073547,0.0,0.12030259638216353,0.0,0.618257350308631,7.865711115015785,1.109944426715079,13.86571111501464,0.618257350308631,0.0,0.4916870764064483,0.0,0.0,0.0,0.0,0.0038814754183143,0.9964005392635383,0.0,0.0,0.0,0.0,0.0,0.0,0.03617128729503871,1.0001585082073547,0.009277584008903418,0.0006921254546303229,3.3,0.011750327700215826,0.026893703286135297,1.000850633661985,0.03617128729503871,1.0001585082073547,0.0,0.12030259638216353,0.0,0.618257350308631,7.865711115015785,1.109944426715079,13.86571111501464,0.9068243400544136,6.865711115015974,0.9558131373419678,6.865711115015974,0.9068243400544136,0.0,0.04898879728755423,0.0,0.0,0.0,0.0,0.0038814754183143,0.9964005392635383,0.0,0.0,0.0,0.0,0.0,0.0,0.03617128729503871,1.0001585082073547,0.009277584008903418,0.0006921254546303229
6.288873,3.3,0.02108132,0.04641183,0.9977015,0.22265545764931288,3.3,0.019053558227681247,0.04256615166724665,0.9990423528622668,3.3,0.019009588745256833,0.04256545885183886,0.9990424748613056,0.04256545885183886,0.9990424748613056,0.0,0.0,0.0,0.04256545885183886,0.9990424748613056,0.0,0.0,3.3,0.015779784700966738,0.0376027493046972,0.9992492056536326,0.04245769440673643,0.9990614512849797,0.0,0.1191351611729409,0.0,0.618257350308631,7.865711115015785,1.109944426715079,13.86571111501464,0.618257350308631,0.0,0.4916870764064483,0.0,0.0,0.0,0.0,0.0038814754183143,0.9964005392635383,0.0,0.0,0.0,0.0,0.0,0.0,0.04245769440673643,0.9990614512849797,0.00485494510203924,0.0001877543686529613,3.3,0.015779784700966738,0.0376027493046972,0.9992492056536326,0.04245769440673643,0.9990614512849797,0.0,0.1191351611729409,0.0,0.618257350308631,7.865711115015785,1.109944426715079,13.86571111501464,0.9068243400544136,6.865711115015974,0.9558131373419678,6.865711115015974,0.9068243400544136,0.0,0.04898879728755423,0.0,0.0,0.0,0.0,0.0038814754183143,0.9964005392635383,0.0,0.0,0.0,0.0,0.0,0.0,0.04245769440673643,0.9990614512849797,0.00485494510203924,0.0001877543686529613
6.322207,3.3,0.02547002,0.0536487,0.9930568,0.27086321457924767,3.3,0.023382289359852315,0.050114012768428286,0.9949111841984699,3.3,0.023333969579620396,0.04984797152443538,0.9948817527276771,0.04984797152443538,0.9948817527276771,0.0,0.0,0.0,0.04984797152443538,0.9948817527276771,0.0,0.0,3.3,0.01998902139241676,0.04644537919344354,0.9956663177367674,0.04902682577600481,0.995125734797994,0.0,0.12719600862070113,0.0,0.618257350308631,7.865711115015785,1.109944426715079,13.86571111501464,0.618257350308631,0.0,0.4916870764064483,0.0,0.0,0.0,0.0,0.0038814754183143,0.9964005392635383,0.0,0.0,0.0,0.0,0.0,0.0,0.04902682577600481,0.995125734797994,0.002581446582561273,0.0005405829387733197,3.3,0.01998902139241676,0.04644537919344354,0.9956663177367674,0.04902682577600481,0.995125734797994,0.0,0.12719600862070113,0.0,0.618257350308631,7.865711115015785,1.109944426715079,13.86571111501464,0.9068243400544136,6.865711115015974,0.9558131373419678,6.865711115015974,0.9068243400544136,0.0,0.04898879728755423,0.0,0.0,0.0,0.0,0.0038814754183143,0.9964005392635383,0.0,0.0,0.0,0.0,0.0,0.0,0.04902682577600481,0.995125734797994,0.002581446582561273,0.0005405829387733197
6.3555399999999995,3.3,0.02988399,0.06082991,0.9893001,0.3206840637110799,3.3,0.027786477277523,0.0576610507604749,0.9914103249318977,3.3,0.027733442420971536,0.05767919954482313,0.9913897749055876,0.05767919954482313,0.9913897749055876,0.0,0.0,0.0,0.05767919954482313,0.9913897749055876,0.0,0.0,3.3,0.02418719312400064,0.047332389274442506,0.9926183857427869,0.05775088003231984,0.9913086104663764,0.0,0.12658778383977234,0.0,0.618257350308631,7.865711115015785,1.109944426715079,13.86571111501464,0.618257350308631,0.0,0.4916870764064483,0.0,0.0,0.0,0.0,0.0038814754183143,0.9964005392635383,0.0,0.0,0.0,0.0,0.0,0.0,0.05775088003231984,0.9913086104663764,0.010418490757877333,0.0013097752764104685,3.3,0.02418719312400064,0.047332389274442506,0.9926183857427869,0.05775088003231984,0.9913086104663764,0.0,0.12658778383977234,0.0,0.618257350308631,7.865711115015785,1.109944426715079,13.86571111501464,0.9068243400544136,6.865711115015974,0.9558131373419678,6.865711115015974,0.9068243400544136,0.0,0.04898879728755423,0.0,0.0,0.0,0.0,0.0038814754183143,0.9964005392635383,0.0,0.0,0.0,0.0,0.0,0.0,0.05775088003231984,0.9913086104663764,0.010418490757877333,0.0013097752764104685
6.388873,3.3,0.03387563,0.06466846,0.976817,0.3811577372657988,3.3,0.0319939240750524,0.062074113943060436,0.9823700065841606,3.3,0.03194568628708221,0.062073673071491975,0.9823708354236096,0.062073673071491975,0.9823708354236096,0.0,0.0,0.0,0.062073673071491975,0.9823708354236096,0.0,0.0,3.3,0.02831451150522088,0.057298752473760456,0.9842477248207065,0.06200509740270231,0.9824997578209645,0.0,0.11888671188147153,0.0,0.618257350308631,7.865711115015785,1.109944426715079,13.86571111501464,0.618257350308631,0.0,0.4916870764064483,0.0,0.0,0.0,0.0,0.0038814754183143,0.9964005392635383,0.0,0.0,0.0,0.0,0.0,0.0,0.06200509740270231,0.9824997578209645,0.004706344928941856,0.0017479669997420544,3.3,0.02831451150522088,0.057298752473760456,0.9842477248207065,0.06200509740270231,0.9824997578209645,0.0,0.11888671188147153,0.0,0.618257350308631,7.865711115015785,1.109944426715079,13.86571111501464,0.9068243400544136,6.865711115015974,0.9558131373419678,6.865711115015974,0.9068243400544136,0.0,0.04898879728755423,0.0,0.0,0.0,0.0,0.0038814754183143,0.9964005392635383,0.0,0.0,0.0,0.0,0.0,0.0,0.06200509740270231,0.9824997578209645,0.004706344928941856,0.0017479669997420544
6.422207,3.3,0.03731793,0.06931658,0.9690085,0.44161759271572837,3.3,0.03557088306579662,0.06694207445471684,0.9741239316670581,3.3,0.0355210201627867,0.06677717565586812,0.9744569393804912,0.06677717565586812,0.9744569393804912,0.0,0.0,0.0,0.06677717565586812,0.9744569393804912,0.0,0.0,3.3,0.032033357695111585,0.06383948858818025,0.9759687195361597,0.06625426295578404,0.9753594404674206,0.0,0.11007535023920889,0.0,0.618257350308631,7.865711115015785,1.109944426715079,13.86571111501464,0.618257350308631,0.0,0.4916870764064483,0.0,0.0,0.0,0.0,0.0038814754183143,0.9964005392635383,0.0,0.0,0.0,0.0,0.0,0.0,0.06625426295578404,0.9753594404674206,0.0024147743676037835,0.0006092790687390471,3.3,0.032033357695111585,0.06383948858818025,0.9759687195361597,0.06625426295578404,0.9753594404674206,0.0,0.11007535023920889,0.0,0.618257350308631,7.865711115015785,1.109944426715079,13.86571111501464,0.9068243400544136,6.865711115015974,0.9558131373419678,6.865711115015974,0.9068243400544136,0.0,0.04898879728755423,0.0,0.0,0.0,0.0,0.0038814754183143,0.9964005392635383,0.0,0.0,0.0,0.0,0.0,0.0,0.06625426295578404,0.9753594404674206,0.0024147743676037835,0.0006092790687390471
6.45554,3.3,0.03982813,0.06819307,0.9483525,0.5017175791587885,3.3,0.03886348571093455,0.07023640401318403,0.9573940064228692,3.3,0.038818270158755094,0.07020531101337842,0.9573264103634537,0.07020531101337842,0.9573264103634537,0.0,0.0,0.0,0.07020531101337842,0.9573264103634537,0.0,0.0,3.3,0.03546016333775323,0.06282973237633867,0.9620397590267534,0.0700825060176691,0.957059432785273,0.0,0.10264326687721248,0.0,0.618257350308631,7.865711115015785,1.109944426715079,13.86571111501464,0.618257350308631,0.0,0.4916870764064483,0.0,0.0,0.0,0.0,0.0038814754183143,0.9964005392635383,0.0,0.0,0.0,0.0,0.0,0.0,0.0700825060176691,0.957059432785273,0.007252773641330432,0.004980326241480493,3.3,0.03546016333775323,0.06282973237633867,0.9620397590267534,0.0700825060176691,0.957059432785273,0.0,0.10264326687721248,0.0,0.618257350308631,7.865711115015785,1.109944426715079,13.86571111501464,0.9068243400544136,6.865711115015974,0.9558131373419678,6.865711115015974,0.9068243400544136,0.0,0.04898879728755423,0.0,0.0,0.0,0.0,0.0038814754183143,0.9964005392635383,0.0,0.0,0.0,0.0,0.0,0.0,0.0700825060176691,0.957059432785273,0.007252773641330432,0.004980326241480493
6.488873,3.3,0.0410664,0.06536932,0.8963507,0.5570146632915515,3.3,0.04050204107900328,0.06665143080233736,0.9345624419537122,3.3,0.040470019901077015,0.0666521129744412,0.9345752202257143,0.0666521129744412,0.9345752202257143,0.0,0.0,0.0,0.0666521129744412,0.9345752202257143,0.0,0.0,3.3,0.03790834382322499,0.06494887094262904,0.938975750792103,0.06675727032852062,0.9365427547567331,0.0,0.06219270838790546,0.0,0.618257350308631,7.865711115015785,1.109944426715079,13.86571111501464,0.618257350308631,0.0,0.4916870764064483,0.0,0.0,0.0,0.0,0.0038814754183143,0.9964005392635383,0.0,0.0,0.0,0.0,0.0,0.0,0.06675727032852062,0.9365427547567331,0.001808399385891587,0.002432996035369974,3.3,0.03790834382322499,0.06494887094262904,0.938975750792103,0.06675727032852062,0.9365427547567331,0.0,0.06219270838790546,0.0,0.618257350308631,7.865711115015785,1.109944426715079,13.86571111501464,0.9068243400544136,6.865711115015974,0.9558131373419678,6.865711115015974,0.9068243400544136,0.0,0.04898879728755423,0.0,0.0,0.0,0.0,0.0038814754183143,0.9964005392635383,0.0,0.0,0.0,0.0,0.0,0.0,0.06675727032852062,0.9365427547567331,0.001808399385891587,0.002432996035369974
6.522207,3.3,0.0438899,0.07814042,0.8462435,0.6093496276320794,3.3,0.042794415794874544,0.07535048484275161,0.8824671599459195,3.3,0.042736168504957296,0.0750743274211581,0.8838826945964993,0.0750743274211581,0.8838826945964993,0.0,0.0,0.0,0.0750743274211581,0.8838826945964993,0.0,0.0,3.3,0.040200613001900344,0.0723297549969748,0.8917073926677074,0.07416208950453337,0.8874700441524233,0.0,0.08594801506157267,0.0,0.618257350308631,7.865711115015785,1.109944426715079,13.86571111501464,0.618257350308631,0.0,0.4916870764064483,0.0,0.0,0.0,0.0,0.0038814754183143,0.9964005392635383,0.0,0.0,0.0,0.0,0.0,0.0,0.07416208950453337,0.8874700441524233,0.0018323345075585622,0.0042373485152840925,3.3,0.040200613001900344,0.0723297549969748,0.8917073926677074,0.07416208950453337,0.8874700441524233,0.0,0.08594801506157267,0.0,0.618257350308631,7.865711115015785,1.109944426715079,13.86571111501464,0.9068243400544136,6.865711115015974,0.9558131373419678,6.865711115015974,0.9068243400544136,0.0,0.04898879728755423,0.0,0.0,0.0,0.0,0.0038814754183143,0.9964005392635383,0.0,0.0,0.0,0.0,0.0,0.0,0.07416208950453337,0.8874700441524233,0.0018323345075585622,0.0042373485152840925
6.5498899999999995,3.3,0.04832791,0.08415811,0.7883187,0.650191032740927,3.3,0.04642188988698897,0.07983774116204997,0.818451944960296,3.3,0.0463535315387656,0.07983774116204033,0.8184519449603713,0.07983774116204033,0.8184519449603713,0.0,0.0,0.0,0.07983774116204033,0.8184519449603713,0.0,0.0,3.3,0.043519184317814576,0.07696775600089756,0.8333559668513306,0.07977183989982002,0.8189615593441367,0.0,0.12274615052588063,0.0,0.618257350308631,7.865711115015785,1.109944426715079,13.86571111501464,0.618257350308631,0.0,0.4916870764064483,0.0,0.0,0.0,0.0,0.0038814754183143,0.9964005392635383,0.0,0.0,0.0,0.0,0.0,0.0,0.07977183989982002,0.8189615593441367,0.0028040838989224605,0.014394407507193908,3.3,0.043519184317814576,0.07696775600089756,0.8333559668513306,0.07977183989982002,0.8189615593441367,0.0,0.12274615052588063,0.0,0.618257350308631,7.865711115015785,1.109944426715079,13.86571111501464,0.9068243400544136,6.865711115015974,0.9558131373419678,6.865711115015974,0.9068243400544136,0.0,0.04898879728755423,0.0,0.0,0.0,0.0,0.0038814754183143,0.9964005392635383,0.0,0.0,0.0,0.0,0.0,0.0,0.07977183989982002,0.8189615593441367,0.0028040838989224605,0.014394407507193908
6.565995,3.3,0.05117397,0.08521688,0.7284323,0.6728096802786219,3.3,0.04896389461174368,0.08391958207984863,0.7822836025088997,3.3,0.048885579931355415,0.08394664572191803,0.7813982764628976,0.08394664572191803,0.7813982764628976,0.0,0.0,0.0,0.08394664572191803,0.7813982764628976,0.0,0.0,3.3,0.045858846348691355,0.07779929165099622,0.8173704151617711,0.08395118735840977,0.7812497070623977,0.0,0.14087152048932616,0.0,0.618257350308631,7.865711115015785,1.109944426715079,13.86571111501464,0.618257350308631,0.0,0.4916870764064483,0.0,0.0,0.0,0.0,0.0038814754183143,0.9964005392635383,0.0,0.0,0.0,0.0,0.0,0.0,0.08395118735840977,0.7812497070623977,0.006151895707413542,0.03612070809937343,3.3,0.045858846348691355,0.07779929165099622,0.8173704151617711,0.08395118735840977,0.7812497070623977,0.0,0.14087152048932616,0.0,0.618257350308631,7.865711115015785,1.109944426715079,13.86571111501464,0.9068243400544136,6.865711115015974,0.9558131373419678,6.865711115015974,0.9068243400544136,0.0,0.04898879728755423,0.0,0.0,0.0,0.0,0.0038814754183143,0.9964005392635383,0.0,0.0,0.0,0.0,0.0,0.0,0.08395118735840977,0.7812497070623977,0.006151895707413542,0.03612070809937343
6.572318,3.3,0.05231309,0.08556475,0.703919,0.6816080679872277,3.3,0.049983672824741435,0.08411261587188948,0.7562149915646459,3.3,0.0499045683770378,0.08413805017199943,0.7623692861931346,0.08413805017199943,0.7623692861931346,0.0,0.0,0.0,0.08413805017199943,0.7623692861931346,0.0,0.0,3.3,0.04684935810048341,0.08225718423993252,0.7913756696761569,0.08396891776639843,0.7806696967312532,0.0,0.14925098627179378,0.0,0.618257350308631,7.865711115015785,1.109944426715079,13.86571111501464,0.618257350308631,0.0,0.4916870764064483,0.0,0.0,0.0,0.0,0.0038814754183143,0.9964005392635383,0.0,0.0,0.0,0.0,0.0,0.0,0.08396891776639843,0.7806696967312532,0.0017117335264659206,0.010705972944903705,3.3,0.04684935810048341,0.08225718423993252,0.7913756696761569,0.08396891776639843,0.7806696967312532,0.0,0.14925098627179378,0.0,0.618257350308631,7.865711115015785,1.109944426715079,13.86571111501464,0.9068243400544136,6.865711115015974,0.9558131373419678,6.865711115015974,0.9068243400544136,0.0,0.04898879728755423,0.0,0.0,0.0,0.0,0.0038814754183143,0.9964005392635383,0.0,0.0,0.0,0.0,0.0,0.0,0.08396891776639843,0.7806696967312532,0.0017117335264659206,0.010705972944903705
6.592551,3.3,0.05630605,0.09060873,0.6542571,0.707795878854937,3.3,0.053534365532383485,0.08766127836294858,0.6887755440412178,3.3,0.05344237436149985,0.08738732871242588,0.6915331098889214,0.08738732871242588,0.6915331098889214,0.0,0.0,0.0,0.08738732871242588,0.6915331098889214,0.0,0.0,3.3,0.05009059990326712,0.08431326741301136,0.7198701054758185,0.08587663490590643,0.7044185334809024,0.0,0.1627152276280707,0.0,0.618257350308631,7.865711115015785,1.109944426715079,13.86571111501464,0.618257350308631,0.0,0.4916870764064483,0.0,0.0,0.0,0.0,0.0038814754183143,0.9964005392635383,0.0,0.0,0.0,0.0,0.0,0.0,0.08587663490590643,0.7044185334809024,0.0015633674928950741,0.015451571994916147,3.3,0.05009059990326712,0.08431326741301136,0.7198701054758185,0.08587663490590643,0.7044185334809024,0.0,0.1627152276280707,0.0,0.618257350308631,7.865711115015785,1.109944426715079,13.86571111501464,0.9068243400544136,6.865711115015974,0.9558131373419678,6.865711115015974,0.9068243400544136,0.0,0.04898879728755423,0.0,0.0,0.0,0.0,0.0038814754183143,0.9964005392635383,0.0,0.0,0.0,0.0,0.0,0.0,0.08587663490590643,0.7044185334809024,0.0015633674928950741,0.015451571994916147
6.607577,3.3,0.05954185,0.09094626,0.5910941,0.7263440636671179,3.3,0.05656553636881666,0.08948238958451175,0.6474040075653251,3.3,0.056471179957893386,0.0894830519768436,0.6472812657462496,0.0894830519768436,0.6472812657462496,0.0,0.0,0.0,0.0894830519768436,0.6472812657462496,0.0,0.0,3.3,0.052676293396989836,0.08521712343773713,0.6989977569278437,0.08947614546845936,0.6500967502788768,0.0,0.17015732960052993,0.0,0.618257350308631,7.865711115015785,1.109944426715079,13.86571111501464,0.618257350308631,0.0,0.4916870764064483,0.0,0.0,0.0,0.0,0.0038814754183143,0.9964005392635383,0.0,0.0,0.0,0.0,0.0,0.0,0.08947614546845936,0.6500967502788768,0.004259022030722233,0.0489010066489668,3.3,0.052676293396989836,0.08521712343773713,0.6989977569278437,0.08947614546845936,0.6500967502788768,0.0,0.17015732960052993,0.0,0.618257350308631,7.865711115015785,1.109944426715079,13.86571111501464,0.9068243400544136,6.865711115015974,0.9558131373419678,6.865711115015974,0.9068243400544136,0.0,0.04898879728755423,0.0,0.0,0.0,0.0,0.0038814754183143,0.9964005392635383,0.0,0.0,0.0,0.0,0.0,0.0,0.08947614546845936,0.6500967502788768,0.004259022030722233,0.0489010066489668
6.621054,3.3,0.06251313,0.09255846,0.5547185,0.7424499905074423,3.3,0.05933862774553072,0.08987721344303866,0.6058735125102936,3.3,0.059239260638753975,0.08985852932402175,0.6062712734824963,0.08985852932402175,0.6062712734824963,0.0,0.0,0.0,0.08985852932402175,0.6062712734824963,0.0,0.0,3.3,0.055206656535045175,0.08800421400090429,0.6368685036346067,0.08985015304401102,0.6064495937595985,0.0,0.1826140971676099,0.0,0.618257350308631,7.865711115015785,1.109944426715079,13.86571111501464,0.618257350308631,0.0,0.4916870764064483,0.0,0.0,0.0,0.0,0.0038814754183143,0.9964005392635383,0.0,0.0,0.0,0.0,0.0,0.0,0.08985015304401102,0.6064495937595985,0.001845939043106722,0.030418909875008202,3.3,0.055206656535045175,0.08800421400090429,0.6368685036346067,0.08985015304401102,0.6064495937595985,0.0,0.1826140971676099,0.0,0.618257350308631,7.865711115015785,1.109944426715079,13.86571111501464,0.9068243400544136,6.865711115015974,0.9558131373419678,6.865711115015974,0.9068243400544136,0.0,0.04898879728755423,0.0,0.0,0.0,0.0,0.0038814754183143,0.9964005392635383,0.0,0.0,0.0,0.0,0.0,0.0,0.08985015304401102,0.6064495937595985,0.001845939043106722,0.030418909875008202
6.635687,3.3,0.06583413,0.09410418,0.514343,0.759937415561569,3.3,0.06250244654759046,0.092437697948282,0.5527092510146507,3.3,0.06239479632684685,0.09245354528383509,0.552274407672466,0.09245354528383509,0.552274407672466,0.0,0.0,0.0,0.09245354528383509,0.552274407672466,0.0,0.0,3.3,0.05802858430998369,0.08663183054585674,0.6436893619792162,0.09251180629410731,0.5506757532904122,0.0,0.18985623360636972,0.0,0.618257350308631,7.865711115015785,1.109944426715079,13.86571111501464,0.618257350308631,0.0,0.4916870764064483,0.0,0.0,0.0,0.0,0.0038814754183143,0.9964005392635383,0.0,0.0,0.0,0.0,0.0,0.0,0.09251180629410731,0.5506757532904122,0.005879975748250569,0.09301360868880401,3.3,0.05802858430998369,0.08663183054585674,0.6436893619792162,0.09251180629410731,0.5506757532904122,0.0,0.18985623360636972,0.0,0.618257350308631,7.865711115015785,1.109944426715079,13.86571111501464,0.9068243400544136,6.865711115015974,0.9558131373419678,6.865711115015974,0.9068243400544136,0.0,0.04898879728755423,0.0,0.0,0.0,0.0,0.0038814754183143,0.9964005392635383,0.0,0.0,0.0,0.0,0.0,0.0,0.09251180629410731,0.5506757532904122,0.005879975748250569,0.09301360868880401
6.6526320000000005,3.3,0.06976738,0.09511204,0.4662099,0.7792611527612036,3.3,0.06626291996481146,0.09350892161888195,0.5005275566092523,3.3,0.06614835932846988,0.09340590892252616,0.50338045384479,0.09340590892252616,0.50338045384479,0.0,0.0,0.0,0.09340590892252616,0.50338045384479,0.0,0.0,3.3,0.061435874275195874,0.09183721230835772,0.5461497910828516,0.09315032210278522,0.5219126881697019,0.0,0.2021624739187636,0.0,0.618257350308631,7.865711115015785,1.109944426715079,13.86571111501464,0.618257350308631,0.0,0.4916870764064483,0.0,0.0,0.0,0.0,0.0038814754183143,0.9964005392635383,0.0,0.0,0.0,0.0,0.0,0.0,0.09315032210278522,0.5219126881697019,0.0013131097944275028,0.024237102913149636,3.3,0.061435874275195874,0.09183721230835772,0.5461497910828516,0.09315032210278522,0.5219126881697019,0.0,0.2021624739187636,0.0,0.618257350308631,7.865711115015785,1.109944426715079,13.86571111501464,0.9068243400544136,6.865711115015974,0.9558131373419678,6.865711115015974,0.9068243400544136,0.0,0.04898879728755423,0.0,0.0,0.0,0.0,0.0038814754183143,0.9964005392635383,0.0,0.0,0.0,0.0,0.0,0.0,0.09315032210278522,0.5219126881697019,0.0013131097944275028,0.024237102913149636
6.666188,3.3,0.07305295,0.09732966,0.4315149,0.7941776747061061,3.3,0.069380341165132,0.09438930604322118,0.46625467414965904,3.3,0.06926185103525365,0.09442494211233769,0.4657543708162282,0.09442494211233769,0.4657543708162282,0.0,0.0,0.0,0.09442494211233769,0.4657543708162282,0.0,0.0,3.3,0.06413519337270576,0.09006441564512493,0.5597754243939557,0.09440630318081342,0.466135707860589,0.0,0.19968958087543018,0.0,0.618257350308631,7.865711115015785,1.109944426715079,13.86571111501464,0.618257350308631,0.0,0.4916870764064483,0.0,0.0,0.0,0.0,0.0038814754183143,0.9964005392635383,0.0,0.0,0.0,0.0,0.0,0.0,0.09440630318081342,0.466135707860589,0.004341887535688482,0.09363971653336667,3.3,0.06413519337270576,0.09006441564512493,0.5597754243939557,0.09440630318081342,0.466135707860589,0.0,0.19968958087543018,0.0,0.618257350308631,7.865711115015785,1.109944426715079,13.86571111501464,0.9068243400544136,6.865711115015974,0.9558131373419678,6.865711115015974,0.9068243400544136,0.0,0.04898879728755423,0.0,0.0,0.0,0.0,0.0038814754183143,0.9964005392635383,0.0,0.0,0.0,0.0,0.0,0.0,0.09440630318081342,0.466135707860589,0.004341887535688482,0.09363971653336667
6.69546,3.3,0.0806045,0.1000855,0.3610454,0.8254134890875449,3.3,0.07661571663083516,0.09858969785795413,0.39221518646685527,3.3,0.07648015701576019,0.09859345072939406,0.3921028785694753,0.09859345072939406,0.3921028785694753,0.0,0.0,0.0,0.09859345072939406,0.3921028785694753,0.0,0.0,3.3,0.07051873202548788,0.09344774648953771,0.5080172586502226,0.09851519589490298,0.39441609318895804,0.0,0.22227530583445038,0.0,0.618257350308631,7.865711115015785,1.109944426715079,13.86571111501464,0.618257350308631,0.0,0.4916870764064483,0.0,0.0,0.0,0.0,0.0038814754183143,0.9964005392635383,0.0,0.0,0.0,0.0,0.0,0.0,0.09851519589490298,0.39441609318895804,0.005067449405365274,0.11360116546126453,3.3,0.07051873202548788,0.09344774648953771,0.5080172586502226,0.09851519589490298,0.39441609318895804,0.0,0.22227530583445038,0.0,0.618257350308631,7.865711115015785,1.109944426715079,13.86571111501464,0.9068243400544136,6.865711115015974,0.9558131373419678,6.865711115015974,0.9068243400544136,0.0,0.04898879728755423,0.0,0.0,0.0,0.0,0.0038814754183143,0.9964005392635383,0.0,0.0,0.0,0.0,0.0,0.0,0.09851519589490298,0.39441609318895804,0.005067449405365274,0.11360116546126453
6.728794,3.3,0.09021989,0.1066244,0.2932042,0.8596332908983655,3.3,0.08534921229494939,0.10067104454184282,0.3233859154835571,3.3,0.08520221610315978,0.10066984990646283,0.3233918135504231,0.10066984990646283,0.3233918135504231,0.0,0.0,0.0,0.10066984990646283,0.3233918135504231,0.0,0.0,3.3,0.07823431701042032,0.09855187635873099,0.3873870571925211,0.10055906420474327,0.3244466706686385,0.0,0.22970769738917965,0.0,0.618257350308631,7.865711115015785,1.109944426715079,13.86571111501464,0.618257350308631,0.0,0.4916870764064483,0.0,0.0,0.0,0.0,0.0038814754183143,0.9964005392635383,0.0,0.0,0.0,0.0,0.0,0.0,0.10055906420474327,0.3244466706686385,0.0020071878460122634,0.06294038652388258,3.3,0.07823431701042032,0.09855187635873099,0.3873870571925211,0.10055906420474327,0.3244466706686385,0.0,0.22970769738917965,0.0,0.618257350308631,7.865711115015785,1.109944426715079,13.86571111501464,0.9068243400544136,6.865711115015974,0.9558131373419678,6.865711115015974,0.9068243400544136,0.0,0.04898879728755423,0.0,0.0,0.0,0.0,0.0038814754183143,0.9964005392635383,0.0,0.0,0.0,0.0,0.0,0.0,0.10055906420474327,0.3244466706686385,0.0020071878460122634,0.06294038652388258
6.762127,3.3,0.1011126,0.1138185,0.2485213,0.8917578284310785,3.3,0.09572208103660049,0.11086210259837752,0.27309331676557813,3.3,0.09553976262935698,0.11056057586474416,0.27412499916149446,0.11056057586474416,0.27412499916149446,0.0,0.0,0.0,0.11056057586474416,0.27412499916149446,0.0,0.0,3.3,0.08721899401897283,0.10767934813218306,0.30533935779640486,0.10965732922649413,0.27675490203371467,0.0,0.2819086773423656,0.0,0.618257350308631,7.865711115015785,1.109944426715079,13.86571111501464,0.618257350308631,0.0,0.4916870764064483,0.0,0.0,0.0,0.0,0.0038814754183143,0.9964005392635383,0.0,0.0,0.0,0.0,0.0,0.0,0.10965732922649413,0.27675490203371467,0.0019779810943110826,0.028584455762690232,3.3,0.08721899401897283,0.10767934813218306,0.30533935779640486,0.10965732922649413,0.27675490203371467,0.0,0.2819086773423656,0.0,0.618257350308631,7.865711115015785,1.109944426715079,13.86571111501464,0.9068243400544136,6.865711115015974,0.9558131373419678,6.865711115015974,0.9068243400544136,0.0,0.04898879728755423,0.0,0.0,0.0,0.0,0.0038814754183143,0.9964005392635383,0.0,0.0,0.0,0.0,0.0,0.0,0.10965732922649413,0.27675490203371467,0.0019779810943110826,0.028584455762690232
6.79546,3.3,0.1127743,0.1187877,0.1999177,0.9227775165362972,3.3,0.10710521709708488,0.11536676360987984,0.21142427044531917,3.3,0.10690223227583211,0.115371826613165,0.2113394730695049,0.115371826613165,0.2113394730695049,0.0,0.0,0.0,0.115371826613165,0.2113394730695049,0.0,0.0,3.3,0.09740088080532429,0.11042431457938677,0.3233155791889349,0.11526675714834914,0.21309922205500983,0.0,0.31188843541442707,0.0,0.618257350308631,7.865711115015785,1.109944426715079,13.86571111501464,0.618257350308631,0.0,0.4916870764064483,0.0,0.0,0.0,0.0,0.0038814754183143,0.9964005392635383,0.0,0.0,0.0,0.0,0.0,0.0,0.11526675714834914,0.21309922205500983,0.004842442568962338,0.11021635713392514,3.3,0.09740088080532429,0.11042431457938677,0.3233155791889349,0.11526675714834914,0.21309922205500983,0.0,0.31188843541442707,0.0,0.618257350308631,7.865711115015785,1.109944426715079,13.86571111501464,0.9068243400544136,6.865711115015974,0.9558131373419678,6.865711115015974,0.9068243400544136,0.0,0.04898879728755423,0.0,0.0,0.0,0.0,0.0038814754183143,0.9964005392635383,0.0,0.0,0.0,0.0,0.0,0.0,0.11526675714834914,0.21309922205500983,0.004842442568962338,0.11021635713392514
6.825102,3.3,0.1235714,0.1243775,0.1723204,0.9497180269316535,3.3,0.11769722639247646,0.1222588180107273,0.18864616834625286,3.3,0.11747391540196292,0.12224748473512938,0.18886599982253238,0.12224748473512938,0.18886599982253238,0.0,0.0,0.0,0.12224748473512938,0.18886599982253238,0.0,0.0,3.3,0.10720979901183499,0.11697218389931986,0.2898958495013619,0.1150846066872117,0.22840104502137057,0.0,0.33914659107968076,0.0,0.618257350308631,7.865711115015785,1.109944426715079,13.86571111501464,0.618257350308631,0.0,0.4916870764064483,0.0,0.0,0.0,0.0,0.0038814754183143,0.9964005392635383,0.0,0.0,0.0,0.0,0.0,0.0,0.1150846066872117,0.22840104502137057,0.0019781314196211756,0.0830414420878361,3.3,0.10720979901183499,0.11697218389931986,0.2898958495013619,0.1150846066872117,0.22840104502137057,0.0,0.33914659107968076,0.0,0.618257350308631,7.865711115015785,1.109944426715079,13.86571111501464,0.9068243400544136,6.865711115015974,0.9558131373419678,6.865711115015974,0.9068243400544136,0.0,0.04898879728755423,0.0,0.0,0.0,0.0,0.0038814754183143,0.9964005392635383,0.0,0.0,0.0,0.0,0.0,0.0,0.1150846066872117,0.22840104502137057,0.0019781314196211756,0.0830414420878361
6.857297999999999,3.3,0.1383383,0.1463162,0.1419144,0.9776743993512398,3.3,0.13104652150241042,0.1395512908019275,0.1564465151764241,3.3,0.1307726355941202,0.13957444649030742,0.15638641571993298,0.13957444649030742,0.15638641571993298,0.0,0.0,0.0,0.13957444649030742,0.15638641571993298,0.0,0.0,3.3,0.11900353479949101,0.13028195615099603,0.21211714135595444,0.13931039350370808,0.15707175233006263,0.0,0.38360210187529564,0.0,0.618257350308631,7.865711115015785,1.109944426715079,13.86571111501464,0.618257350308631,0.0,0.4916870764064483,0.0,0.0,0.0,0.0,0.0038814754183143,0.9964005392635383,0.0,0.0,0.0,0.0,0.0,0.0,0.13931039350370808,0.15707175233006263,0.009028437352712061,0.05504538902589177,3.3,0.11900353479949101,0.13028195615099603,0.21211714135595444,0.13931039350370808,0.15707175233006263,0.0,0.38360210187529564,0.0,0.618257350308631,7.865711115015785,1.109944426715079,13.86571111501464,0.9068243400544136,6.865711115015974,0.9558131373419678,6.865711115015974,0.9068243400544136,0.0,0.04898879728755423,0.0,0.0,0.0,0.0,0.0038814754183143,0.9964005392635383,0.0,0.0,0.0,0.0,0.0,0.0,0.13931039350370808,0.15707175233006263,0.009028437352712061,0.05504538902589177
6.890395,3.3,0.1571389,0.1583903,0.1131999,1.0060582962812175,3.3,0.14879596742920467,0.15140243987561755,0.13099561720222394,3.3,0.14848456255752288,0.15140243987561006,0.13099561720224412,0.15140243987561006,0.13099561720224412,0.0,0.0,0.0,0.15140243987561006,0.13099561720224412,0.0,0.0,3.3,0.13508419563234347,0.1471600893765183,0.158540051704721,0.1513212271273976,0.13121627172380115,0.0,0.4934511446459529,0.0,0.618257350308631,7.865711115015785,1.109944426715079,13.86571111501464,0.618257350308631,0.0,0.4916870764064483,0.0,0.0,0.0,0.0,0.0038814754183143,0.9964005392635383,0.0,0.0,0.0,0.0,0.0,0.0,0.1513212271273976,0.13121627172380115,0.004161137750879262,0.027323779980919845,3.3,0.13508419563234347,0.1471600893765183,0.158540051704721,0.1513212271273976,0.13121627172380115,0.0,0.4934511446459529,0.0,0.618257350308631,7.865711115015785,1.109944426715079,13.86571111501464,0.9068243400544136,6.865711115015974,0.9558131373419678,6.865711115015974,0.9068243400544136,0.0,0.04898879728755423,0.0,0.0,0.0,0.0,0.0038814754183143,0.9964005392635383,0.0,0.0,0.0,0.0,0.0,0.0,0.1513212271273976,0.13121627172380115,0.004161137750879262,0.027323779980919845
6.919098,3.3,0.1744656,0.1694856,0.09623004,1.0293436901966762,3.3,0.16548532024642845,0.16352548661791722,0.11258911883019132,3.3,0.1651457326411803,0.1635249020380602,0.11259029770520093,0.1635249020380602,0.11259029770520093,0.0,0.0,0.0,0.1635249020380602,0.11259029770520093,0.0,0.0,3.3,0.15071165993188343,0.15787688682038956,0.14045023884284796,0.16333918072333242,0.11296482688898325,0.0,0.5444308471325237,0.0,0.618257350308631,7.865711115015785,1.109944426715079,13.86571111501464,0.618257350308631,0.0,0.4916870764064483,0.0,0.0,0.0,0.0,0.0038814754183143,0.9964005392635383,0.0,0.0,0.0,0.0,0.0,0.0,0.16333918072333242,0.11296482688898325,0.005462293902942901,0.027485411953864728,3.3,0.15071165993188343,0.15787688682038956,0.14045023884284796,0.16333918072333242,0.11296482688898325,0.0,0.5444308471325237,0.0,0.618257350308631,7.865711115015785,1.109944426715079,13.86571111501464,0.9068243400544136,6.865711115015974,0.9558131373419678,6.865711115015974,0.9068243400544136,0.0,0.04898879728755423,0.0,0.0,0.0,0.0,0.0038814754183143,0.9964005392635383,0.0,0.0,0.0,0.0,0.0,0.0,0.16333918072333242,0.11296482688898325,0.005462293902942901,0.027485411953864728
6.952432,3.3,0.1984109,0.1978166,0.07213342,1.0562787671346792,3.3,0.1858047546118734,0.17420656578436913,0.07871383452117556,3.3,0.18541870928157939,0.17373041381826387,0.08014918489684837,0.17373041381826387,0.08014918489684837,0.0,0.0,0.0,0.17373041381826387,0.08014918489684837,0.0,0.0,3.3,0.17038019384244638,0.17019115897769138,0.09867045309683395,0.17259672629878775,0.08561139315790428,0.0,0.5980807654925646,0.0,0.618257350308631,7.865711115015785,1.109944426715079,13.86571111501464,0.618257350308631,0.0,0.4916870764064483,0.0,0.0,0.0,0.0,0.0038814754183143,0.9964005392635383,0.0,0.0,0.0,0.0,0.0,0.0,0.17259672629878775,0.08561139315790428,0.0024055673210963743,0.013059059938929663,3.3,0.17038019384244638,0.17019115897769138,0.09867045309683395,0.17259672629878775,0.08561139315790428,0.0,0.5980807654925646,0.0,0.618257350308631,7.865711115015785,1.109944426715079,13.86571111501464,0.9068243400544136,6.865711115015974,0.9558131373419678,6.865711115015974,0.9068243400544136,0.0,0.04898879728755423,0.0,0.0,0.0,0.0,0.0038814754183143,0.9964005392635383,0.0,0.0,0.0,0.0,0.0,0.0,0.17259672629878775,0.08561139315790428,0.0024055673210963743,0.013059059938929663
6.985765,3.3,0.2317561,0.2487278,0.0624528,1.0820876029626028,3.3,0.21697901876674872,0.23497732619894335,0.0718962787903242,3.3,0.2164445649900898,0.2351689212796631,0.07179047688468412,0.2351689212796631,0.07179047688468412,0.0,0.0,0.0,0.2351689212796631,0.07179047688468412,0.0,0.0,3.3,0.19662780533139496,0.20721479396861142,0.111955942927206,0.23556122037737434,0.07157384297131422,0.0,0.8798285995294882,0.0,0.618257350308631,7.865711115015785,1.109944426715079,13.86571111501464,0.618257350308631,0.0,0.4916870764064483,0.0,0.0,0.0,0.0,0.0038814754183143,0.9964005392635383,0.0,0.0,0.0,0.0,0.0,0.0,0.23556122037737434,0.07157384297131422,0.02834642640876293,0.04038209995589177,3.3,0.19662780533139496,0.20721479396861142,0.111955942927206,0.23556122037737434,0.07157384297131422,0.0,0.8798285995294882,0.0,0.618257350308631,7.865711115015785,1.109944426715079,13.86571111501464,0.9068243400544136,6.865711115015974,0.9558131373419678,6.865711115015974,0.9068243400544136,0.0,0.04898879728755423,0.0,0.0,0.0,0.0,0.0038814754183143,0.9964005392635383,0.0,0.0,0.0,0.0,0.0,0.0,0.23556122037737434,0.07157384297131422,0.02834642640876293,0.04038209995589177
7.018523,3.3,0.2730854,0.2864727,0.05514261,1.1068311092763476,3.3,0.25508841894715745,0.26376471013370245,0.05340009946989254,3.3,0.2544790982950559,0.2637537380286501,0.053398717247103766,0.2637537380286501,0.053398717247103766,0.0,0.0,0.0,0.2637537380286501,0.053398717247103766,0.0,0.0,3.3,0.23052675636305361,0.24456274018185364,0.07394363146725155,0.2623274450877219,0.05321903845282753,0.0,1.0473493045718103,0.0,0.618257350308631,7.865711115015785,1.109944426715079,13.86571111501464,0.618257350308631,0.0,0.4916870764064483,0.0,0.0,0.0,0.0,0.0038814754183143,0.9964005392635383,0.0,0.0,0.0,0.0,0.0,0.0,0.2623274450877219,0.05321903845282753,0.017764704905868307,0.020724593014424024,3.3,0.23052675636305361,0.24456274018185364,0.07394363146725155,0.2623274450877219,0.05321903845282753,0.0,1.0473493045718103,0.0,0.618257350308631,7.865711115015785,1.109944426715079,13.86571111501464,0.9068243400544136,6.865711115015974,0.9558131373419678,6.865711115015974,0.9068243400544136,0.0,0.04898879728755423,0.0,0.0,0.0,0.0,0.0038814754183143,0.9964005392635383,0.0,0.0,0.0,0.0,0.0,0.0,0.2623274450877219,0.05321903845282753,0.017764704905868307,0.020724593014424024
7.045769,3.3,0.3100217,0.309291,0.04729609,1.1274111682855756,3.3,0.29035859294876226,0.2951383550555156,0.05316897181125877,3.3,0.2896787303566294,0.2953231770389428,0.053091850280419337,0.2953231770389428,0.053091850280419337,0.0,0.0,0.0,0.2953231770389428,0.053091850280419337,0.0,0.0,3.3,0.2624751587456993,0.26000057820148503,0.07993545297110694,0.29568851392664175,0.052939404453743275,0.0,1.1741050965648168,0.0,0.618257350308631,7.865711115015785,1.109944426715079,13.86571111501464,0.618257350308631,0.0,0.4916870764064483,0.0,0.0,0.0,0.0,0.0038814754183143,0.9964005392635383,0.0,0.0,0.0,0.0,0.0,0.0,0.29568851392664175,0.052939404453743275,0.0356879357251567,0.02699604851736366,3.3,0.2624751587456993,0.26000057820148503,0.07993545297110694,0.29568851392664175,0.052939404453743275,0.0,1.1741050965648168,0.0,0.618257350308631,7.865711115015785,1.109944426715079,13.86571111501464,0.9068243400544136,6.865711115015974,0.9558131373419678,6.865711115015974,0.9068243400544136,0.0,0.04898879728755423,0.0,0.0,0.0,0.0,0.0038814754183143,0.9964005392635383,0.0,0.0,0.0,0.0,0.0,0.0,0.29568851392664175,0.052939404453743275,0.0356879357251567,0.02699604851736366
7.079103,3.3,0.3597257,0.3563257,0.0347129,1.1505971690527592,3.3,0.3367266069117997,0.3351596541473554,0.042308731042121385,3.3,0.33594730816248664,0.3351572809720598,0.042309275049916543,0.3351572809720598,0.042309275049916543,0.0,0.0,0.0,0.3351572809720598,0.042309275049916543,0.0,0.0,3.3,0.30399350280244414,0.3104238118550919,0.0545025963079988,0.3342810608730138,0.042510132763640636,0.0,1.2647519932099325,0.0,0.618257350308631,7.865711115015785,1.109944426715079,13.86571111501464,0.618257350308631,0.0,0.4916870764064483,0.0,0.0,0.0,0.0,0.0038814754183143,0.9964005392635383,0.0,0.0,0.0,0.0,0.0,0.0,0.3342810608730138,0.042510132763640636,0.023857249017921876,0.011992463544358163,3.3,0.30399350280244414,0.3104238118550919,0.0545025963079988,0.3342810608730138,0.042510132763640636,0.0,1.2647519932099325,0.0,0.618257350308631,7.865711115015785,1.109944426715079,13.86571111501464,0.9068243400544136,6.865711115015974,0.9558131373419678,6.865711115015974,0.9068243400544136,0.0,0.04898879728755423,0.0,0.0,0.0,0.0,0.0038814754183143,0.9964005392635383,0.0,0.0,0.0,0.0,0.0,0.0,0.3342810608730138,0.042510132763640636,0.023857249017921876,0.011992463544358163
7.106307,3.3,0.4046308,0.3852452,0.02313417,1.169469160854815,3.3,0.3798832299740145,0.36808968176167217,0.029670503544338932,3.3,0.37900530298529145,0.36829010971476667,0.029588701890958895,0.36829010971476667,0.029588701890958895,0.0,0.0,0.0,0.36829010971476667,0.029588701890958895,0.0,0.0,3.3,0.3427367667491423,0.32631465768891726,0.050244200562284055,0.3679345357528464,0.029733824053486062,0.0,1.4200207442109036,0.0,0.618257350308631,7.865711115015785,1.109944426715079,13.86571111501464,0.618257350308631,0.0,0.4916870764064483,0.0,0.0,0.0,0.0,0.0038814754183143,0.9964005392635383,0.0,0.0,0.0,0.0,0.0,0.0,0.3679345357528464,0.029733824053486062,0.04161987806392908,0.02051037650879799,3.3,0.3427367667491423,0.32631465768891726,0.050244200562284055,0.3679345357528464,0.029733824053486062,0.0,1.4200207442109036,0.0,0.618257350308631,7.865711115015785,1.109944426715079,13.86571111501464,0.9068243400544136,6.865711115015974,0.9558131373419678,6.865711115015974,0.9068243400544136,0.0,0.04898879728755423,0.0,0.0,0.0,0.0,0.0038814754183143,0.9964005392635383,0.0,0.0,0.0,0.0,0.0,0.0,0.3679345357528464,0.029733824053486062,0.04161987806392908,0.02051037650879799
7.134239,3.3,0.4530795,0.4253683,0.03063465,1.1888461816978897,3.3,0.4266491146661475,0.41021457890339946,0.032632701707516885,3.3,0.4256632983916142,0.4097446071226572,0.03273052552489665,0.4097446071226572,0.03273052552489665,0.0,0.0,0.0,0.4097446071226572,0.03273052552489665,0.0,0.0,3.3,0.3854395685073564,0.3714100757558952,0.040195439180079444,0.3020899967810131,0.05204561993103094,0.0,1.5572295392551228,0.0,0.618257350308631,7.865711115015785,1.109944426715079,13.86571111501464,0.618257350308631,0.0,0.4916870764064483,0.0,0.0,0.0,0.0,0.0038814754183143,0.9964005392635383,0.0,0.0,0.0,0.0,0.0,0.0,0.3020899967810131,0.05204561993103094,0.07463085260834085,0.012836990122052382,3.3,0.3854395685073564,0.3714100757558952,0.040195439180079444,0.3020899967810131,0.05204561993103094,0.0,1.5572295392551228,0.0,0.618257350308631,7.865711115015785,1.109944426715079,13.86571111501464,0.9068243400544136,6.865711115015974,0.9558131373419678,6.865711115015974,0.9068243400544136,0.0,0.04898879728755423,0.0,0.0,0.0,0.0,0.0038814754183143,0.9964005392635383,0.0,0.0,0.0,0.0,0.0,0.0,0.3020899967810131,0.05204561993103094,0.07463085260834085,0.012836990122052382
7.142057,3.3,0.4667947,0.4308947,0.0297528,1.1942696941191688,3.3,0.44013932888258667,0.41388291563041724,0.03211679997864952,3.3,0.43913992380430206,0.4124566721241377,0.03228236947840093,0.4124566721241377,0.03228236947840093,0.0,0.0,0.0,0.4124566721241377,0.03228236947840093,0.0,0.0,3.3,0.3974698355044242,0.3931626249279156,0.036736937407192395,0.4088119510064625,0.032924656290460166,0.0,1.5624297503639555,0.0,0.618257350308631,7.865711115015785,1.109944426715079,13.86571111501464,0.618257350308631,0.0,0.4916870764064483,0.0,0.0,0.0,0.0,0.0038814754183143,0.9964005392635383,0.0,0.0,0.0,0.0,0.0,0.0,0.4088119510064625,0.032924656290460166,0.015649326078546903,0.0038122811167322357,3.3,0.3974698355044242,0.3931626249279156,0.036736937407192395,0.4088119510064625,0.032924656290460166,0.0,1.5624297503639555,0.0,0.618257350308631,7.865711115015785,1.109944426715079,13.86571111501464,0.9068243400544136,6.865711115015974,0.9558131373419678,6.865711115015974,0.9068243400544136,0.0,0.04898879728755423,0.0,0.0,0.0,0.0,0.0038814754183143,0.9964005392635383,0.0,0.0,0.0,0.0,0.0,0.0,0.4088119510064625,0.032924656290460166,0.015649326078546903,0.0038122811167322357
7.151156,3.3,0.4818994,0.4220565,0.02759265,1.2002638258308034,3.3,0.45613260795177163,0.4213758974654967,0.03168058971979303,3.3,0.4551207351021931,0.4211559653964589,0.03173789260605785,0.4211559653964589,0.03173789260605785,0.0,0.0,0.0,0.4211559653964589,0.03173789260605785,0.0,0.0,3.3,0.41188659764448393,0.4022749759043691,0.03645306371906077,0.42092573506181263,0.03174382343409778,0.0,1.580454549039459,0.0,0.618257350308631,7.865711115015785,1.109944426715079,13.86571111501464,0.618257350308631,0.0,0.4916870764064483,0.0,0.0,0.0,0.0,0.0038814754183143,0.9964005392635383,0.0,0.0,0.0,0.0,0.0,0.0,0.42092573506181263,0.03174382343409778,0.018650759157443558,0.004709240284962986,3.3,0.41188659764448393,0.4022749759043691,0.03645306371906077,0.42092573506181263,0.03174382343409778,0.0,1.580454549039459,0.0,0.618257350308631,7.865711115015785,1.109944426715079,13.86571111501464,0.9068243400544136,6.865711115015974,0.9558131373419678,6.865711115015974,0.9068243400544136,0.0,0.04898879728755423,0.0,0.0,0.0,0.0,0.0038814754183143,0.9964005392635383,0.0,0.0,0.0,0.0,0.0,0.0,0.42092573506181263,0.03174382343409778,0.018650759157443558,0.004709240284962986
7.155319,3.3,0.4883222,0.4215057,0.02700103,1.2028102004266843,3.3,0.46298601131036177,0.41559840023887773,0.029426780182298187,3.3,0.46201087851606737,0.415640730901077,0.029434262621129713,0.415640730901077,0.029434262621129713,0.0,0.0,0.0,0.415640730901077,0.029434262621129713,0.0,0.0,3.3,0.41877212832491806,0.37031914739362864,0.044993329259956215,0.4186144268129185,0.02995989809687785,0.0,1.5992274663416735,0.0,0.618257350308631,7.865711115015785,1.109944426715079,13.86571111501464,0.618257350308631,0.0,0.4916870764064483,0.0,0.0,0.0,0.0,0.0038814754183143,0.9964005392635383,0.0,0.0,0.0,0.0,0.0,0.0,0.4186144268129185,0.02995989809687785,0.0482952794192898,0.015033431163078372,3.3,0.41877212832491806,0.37031914739362864,0.044993329259956215,0.4186144268129185,0.02995989809687785,0.0,1.5992274663416735,0.0,0.618257350308631,7.865711115015785,1.109944426715079,13.86571111501464,0.9068243400544136,6.865711115015974,0.9558131373419678,6.865711115015974,0.9068243400544136,0.0,0.04898879728755423,0.0,0.0,0.0,0.0,0.0038814754183143,0.9964005392635383,0.0,0.0,0.0,0.0,0.0,0.0,0.4186144268129185,0.02995989809687785,0.0482952794192898,0.015033431163078372
7.165491,3.3,0.5037122,0.4287913,0.0257399,1.2090320890621153,3.3,0.47890460580854993,0.41675819171600603,0.028208568457673704,3.3,0.47792629404004433,0.41679965376790207,0.02820043476745457,0.41679965376790207,0.02820043476745457,0.0,0.0,0.0,0.41679965376790207,0.02820043476745457,0.0,0.0,3.3,0.43437002413755493,0.37391373347624235,0.0412903591995422,0.4164847894877467,0.028262202297008297,0.0,1.5567808713152194,0.0,0.618257350308631,7.865711115015785,1.109944426715079,13.86571111501464,0.618257350308631,0.0,0.4916870764064483,0.0,0.0,0.0,0.0,0.0038814754183143,0.9964005392635383,0.0,0.0,0.0,0.0,0.0,0.0,0.4164847894877467,0.028262202297008297,0.04257105601150428,0.01302815690253391,3.3,0.43437002413755493,0.37391373347624235,0.0412903591995422,0.4164847894877467,0.028262202297008297,0.0,1.5567808713152194,0.0,0.618257350308631,7.865711115015785,1.109944426715079,13.86571111501464,0.9068243400544136,6.865711115015974,0.9558131373419678,6.865711115015974,0.9068243400544136,0.0,0.04898879728755423,0.0,0.0,0.0,0.0,0.0038814754183143,0.9964005392635383,0.0,0.0,0.0,0.0,0.0,0.0,0.4164847894877467,0.028262202297008297,0.04257105601150428,0.01302815690253391
7.173069,3.3,0.5151201,0.434641,0.02415429,1.2136673104619675,3.3,0.49030006149510813,0.42360169319341,0.02688188174828816,3.3,0.4892922848955704,0.42280877576525633,0.027059487522914025,0.42280877576525633,0.027059487522914025,0.0,0.0,0.0,0.42280877576525633,0.027059487522914025,0.0,0.0,3.3,0.44569861421374474,0.4086769023423086,0.030825216132755847,0.3083426207001827,0.04562161185158865,0.0,1.5339444922009906,0.0,0.618257350308631,7.865711115015785,1.109944426715079,13.86571111501464,0.618257350308631,0.0,0.4916870764064483,0.0,0.0,0.0,0.0,0.0038814754183143,0.9964005392635383,0.0,0.0,0.0,0.0,0.0,0.0,0.3083426207001827,0.04562161185158865,0.10217987754633992,0.01604917020106712,3.3,0.44569861421374474,0.4086769023423086,0.030825216132755847,0.3083426207001827,0.04562161185158865,0.0,1.5339444922009906,0.0,0.618257350308631,7.865711115015785,1.109944426715079,13.86571111501464,0.9068243400544136,6.865711115015974,0.9558131373419678,6.865711115015974,0.9068243400544136,0.0,0.04898879728755423,0.0,0.0,0.0,0.0,0.0038814754183143,0.9964005392635383,0.0,0.0,0.0,0.0,0.0,0.0,0.3083426207001827,0.04562161185158865,0.10217987754633992,0.01604917020106712
7.1877580000000005,3.3,0.5371547,0.4458073,0.02195693,1.2226521042258145,3.3,0.512457887843986,0.43205568356792,0.024962043352368127,3.3,0.5114437270745812,0.4320596827947888,0.024961776434649908,0.4320596827947888,0.024961776434649908,0.0,0.0,0.0,0.4320596827947888,0.024961776434649908,0.0,0.0,3.3,0.46649096001156476,0.40165767543512515,0.033087195135471835,0.43137578130364546,0.02500742161345532,0.0,1.436480565020713,0.0,0.618257350308631,7.865711115015785,1.109944426715079,13.86571111501464,0.618257350308631,0.0,0.4916870764064483,0.0,0.0,0.0,0.0,0.0038814754183143,0.9964005392635383,0.0,0.0,0.0,0.0,0.0,0.0,0.43137578130364546,0.02500742161345532,0.02971810586852027,0.008079773522016508,3.3,0.46649096001156476,0.40165767543512515,0.033087195135471835,0.43137578130364546,0.02500742161345532,0.0,1.436480565020713,0.0,0.618257350308631,7.865711115015785,1.109944426715079,13.86571111501464,0.9068243400544136,6.865711115015974,0.9558131373419678,6.865711115015974,0.9068243400544136,0.0,0.04898879728755423,0.0,0.0,0.0,0.0,0.0038814754183143,0.9964005392635383,0.0,0.0,0.0,0.0,0.0,0.0,0.43137578130364546,0.02500742161345532,0.02971810586852027,0.008079773522016508
7.217682,3.3,0.5817408,0.4696144,0.01889379,1.2409556625748746,3.3,0.5570811194996289,0.4547959527291705,0.020507606629389618,3.3,0.5559910243405928,0.45480680428820963,0.02050536420598582,0.45480680428820963,0.02050536420598582,0.0,0.0,0.0,0.45480680428820963,0.02050536420598582,0.0,0.0,3.3,0.5096663918938372,0.42452273863836393,0.0274268815487514,0.4541767129484165,0.020635569604289576,0.0,1.42131405404384,0.0,0.618257350308631,7.865711115015785,1.109944426715079,13.86571111501464,0.618257350308631,0.0,0.4916870764064483,0.0,0.0,0.0,0.0,0.0038814754183143,0.9964005392635383,0.0,0.0,0.0,0.0,0.0,0.0,0.4541767129484165,0.020635569604289576,0.029653974310052553,0.006791311944461821,3.3,0.5096663918938372,0.42452273863836393,0.0274268815487514,0.4541767129484165,0.020635569604289576,0.0,1.42131405404384,0.0,0.618257350308631,7.865711115015785,1.109944426715079,13.86571111501464,0.9068243400544136,6.865711115015974,0.9558131373419678,6.865711115015974,0.9068243400544136,0.0,0.04898879728755423,0.0,0.0,0.0,0.0,0.0038814754183143,0.9964005392635383,0.0,0.0,0.0,0.0,0.0,0.0,0.4541767129484165,0.020635569604289576,0.029653974310052553,0.006791311944461821
7.251015,3.3,0.6279136,0.4788137,0.0179337,1.2613443977188803,3.3,0.6051608414141347,0.4682832830223525,0.020021857635129856,3.3,0.6040018775787951,0.46829922967031146,0.02002384519086919,0.46829922967031146,0.02002384519086919,0.0,0.0,0.0,0.46829922967031146,0.02002384519086919,0.0,0.0,3.3,0.5575292809924058,0.45675376276860546,0.022562080161359594,0.46838497557847236,0.020034532375557204,0.0,1.4167029805515292,0.0,0.618257350308631,7.865711115015785,1.109944426715079,13.86571111501464,0.618257350308631,0.0,0.4916870764064483,0.0,0.0,0.0,0.0,0.0038814754183143,0.9964005392635383,0.0,0.0,0.0,0.0,0.0,0.0,0.46838497557847236,0.020034532375557204,0.0116312128098669,0.0025275477858023913,3.3,0.5575292809924058,0.45675376276860546,0.022562080161359594,0.46838497557847236,0.020034532375557204,0.0,1.4167029805515292,0.0,0.618257350308631,7.865711115015785,1.109944426715079,13.86571111501464,0.9068243400544136,6.865711115015974,0.9558131373419678,6.865711115015974,0.9068243400544136,0.0,0.04898879728755423,0.0,0.0,0.0,0.0,0.0038814754183143,0.9964005392635383,0.0,0.0,0.0,0.0,0.0,0.0,0.46838497557847236,0.020034532375557204,0.0116312128098669,0.0025275477858023913
7.259987,3.3,0.6392947,0.4834366,0.0169345,1.2668322845491091,3.3,0.6168847980809752,0.47183068020401225,0.019319455048636632,3.3,0.6157348070617202,0.47183068020399094,0.019319455048639564,0.47183068020399094,0.019319455048639564,0.0,0.0,0.0,0.47183068020399094,0.019319455048639564,0.0,0.0,3.3,0.5695590844237605,0.4566957411269719,0.022239823936852147,0.47155828862550864,0.019356813753117555,0.0,1.3646748344462951,0.0,0.618257350308631,7.865711115015785,1.109944426715079,13.86571111501464,0.618257350308631,0.0,0.4916870764064483,0.0,0.0,0.0,0.0,0.0038814754183143,0.9964005392635383,0.0,0.0,0.0,0.0,0.0,0.0,0.47155828862550864,0.019356813753117555,0.014862547498536688,0.0028830101837345897,3.3,0.5695590844237605,0.4566957411269719,0.022239823936852147,0.47155828862550864,0.019356813753117555,0.0,1.3646748344462951,0.0,0.618257350308631,7.865711115015785,1.109944426715079,13.86571111501464,0.9068243400544136,6.865711115015974,0.9558131373419678,6.865711115015974,0.9068243400544136,0.0,0.04898879728755423,0.0,0.0,0.0,0.0,0.0038814754183143,0.9964005392635383,0.0,0.0,0.0,0.0,0.0,0.0,0.47155828862550864,0.019356813753117555,0.014862547498536688,0.0028830101837345897
7.277269,3.3,0.6610002,0.4931912,0.0154413,1.2765164813413297,3.3,0.6390006412986604,0.48267660146472735,0.01769375542398182,3.3,0.6378163552390151,0.4827181006120864,0.01768811475251357,0.4827181006120864,0.01768811475251357,0.0,0.0,0.0,0.4827181006120864,0.01768811475251357,0.0,0.0,3.3,0.5922533510786057,0.4570843577981837,0.021906500317331136,0.48223233948683714,0.01775414066133215,0.0,1.3054150043767103,0.0,0.618257350308631,7.865711115015785,1.109944426715079,13.86571111501464,0.618257350308631,0.0,0.4916870764064483,0.0,0.0,0.0,0.0,0.0038814754183143,0.9964005392635383,0.0,0.0,0.0,0.0,0.0,0.0,0.48223233948683714,0.01775414066133215,0.02514798168865346,0.004152359655998983,3.3,0.5922533510786057,0.4570843577981837,0.021906500317331136,0.48223233948683714,0.01775414066133215,0.0,1.3054150043767103,0.0,0.618257350308631,7.865711115015785,1.109944426715079,13.86571111501464,0.9068243400544136,6.865711115015974,0.9558131373419678,6.865711115015974,0.9068243400544136,0.0,0.04898879728755423,0.0,0.0,0.0,0.0,0.0038814754183143,0.9964005392635383,0.0,0.0,0.0,0.0,0.0,0.0,0.48223233948683714,0.01775414066133215,0.02514798168865346,0.004152359655998983
7.310603,3.3,0.7011535,0.5085695,0.01291675,1.2932655182956203,3.3,0.6801403920052238,0.49740846381288406,0.015136038683868935,3.3,0.6788646986132311,0.4974084638128804,0.015136038683870139,0.4974084638128804,0.015136038683870139,0.0,0.0,0.0,0.4974084638128804,0.015136038683870139,0.0,0.0,3.3,0.6348289251404903,0.486331103642321,0.017422176700834173,0.49732345283575724,0.015164324919183602,0.0,1.259260840841497,0.0,0.618257350308631,7.865711115015785,1.109944426715079,13.86571111501464,0.618257350308631,0.0,0.4916870764064483,0.0,0.0,0.0,0.0,0.0038814754183143,0.9964005392635383,0.0,0.0,0.0,0.0,0.0,0.0,0.49732345283575724,0.015164324919183602,0.010992349193436213,0.0022578517816505706,3.3,0.6348289251404903,0.486331103642321,0.017422176700834173,0.49732345283575724,0.015164324919183602,0.0,1.259260840841497,0.0,0.618257350308631,7.865711115015785,1.109944426715079,13.86571111501464,0.9068243400544136,6.865711115015974,0.9558131373419678,6.865711115015974,0.9068243400544136,0.0,0.04898879728755423,0.0,0.0,0.0,0.0,0.0038814754183143,0.9964005392635383,0.0,0.0,0.0,0.0,0.0,0.0,0.49732345283575724,0.015164324919183602,0.010992349193436213,0.0022578517816505706
7.343935999999999,3.3,0.7393929,0.5303661,0.01572043,1.310014052788851,3.3,0.7189194050118453,0.5217599356100141,0.016266801596964954,3.3,0.7175578305019669,0.5214775204021016,0.016263304983644016,0.5214775204021016,0.016263304983644016,0.0,0.0,0.0,0.5214775204021016,0.016263304983644016,0.0,0.0,3.3,0.675462621217004,0.50126953656343,0.01787500717743256,0.5300842966530428,0.016369866413928798,0.0,1.218797595368389,0.0,0.618257350308631,7.865711115015785,1.109944426715079,13.86571111501464,0.618257350308631,0.0,0.4916870764064483,0.0,0.0,0.0,0.0,0.0038814754183143,0.9964005392635383,0.0,0.0,0.0,0.0,0.0,0.0,0.5300842966530428,0.016369866413928798,0.028814760089612774,0.0015051407635037661,3.3,0.675462621217004,0.50126953656343,0.01787500717743256,0.5300842966530428,0.016369866413928798,0.0,1.218797595368389,0.0,0.618257350308631,7.865711115015785,1.109944426715079,13.86571111501464,0.9068243400544136,6.865711115015974,0.9558131373419678,6.865711115015974,0.9068243400544136,0.0,0.04898879728755423,0.0,0.0,0.0,0.0,0.0038814754183143,0.9964005392635383,0.0,0.0,0.0,0.0,0.0,0.0,0.5300842966530428,0.016369866413928798,0.028814760089612774,0.0015051407635037661
7.377269,3.3,0.7753699,0.5435693,0.01587738,1.326762587282083,3.3,0.7563687877169426,0.5379710073186483,0.016467512634100633,3.3,0.7549697407539404,0.5380020534323973,0.016467897019402333,0.5380020534323973,0.016467897019402333,0.0,0.0,0.0,0.5380020534323973,0.016467897019402333,0.0,0.0,3.3,0.7145225887342685,0.5169656680494161,0.017864085197778608,0.5376367541255463,0.016463374209062534,0.0,1.1604405579749908,0.0,0.618257350308631,7.865711115015785,1.109944426715079,13.86571111501464,0.618257350308631,0.0,0.4916870764064483,0.0,0.0,0.0,0.0,0.0038814754183143,0.9964005392635383,0.0,0.0,0.0,0.0,0.0,0.0,0.5376367541255463,0.016463374209062534,0.020671086076130208,0.0014007109887160785,3.3,0.7145225887342685,0.5169656680494161,0.017864085197778608,0.5376367541255463,0.016463374209062534,0.0,1.1604405579749908,0.0,0.618257350308631,7.865711115015785,1.109944426715079,13.86571111501464,0.9068243400544136,6.865711115015974,0.9558131373419678,6.865711115015974,0.9068243400544136,0.0,0.04898879728755423,0.0,0.0,0.0,0.0,0.0038814754183143,0.9964005392635383,0.0,0.0,0.0,0.0,0.0,0.0,0.5376367541255463,0.016463374209062534,0.020671086076130208,0.0014007109887160785
7.410603,3.3,0.8079735,0.5523125,0.01342213,1.3435116242363736,3.3,0.7898479764989113,0.5441311994464456,0.016543782640991458,3.3,0.7883749476373897,0.5441311994464395,0.01654378264099138,0.5441311994464395,0.01654378264099138,0.0,0.0,0.0,0.5441311994464395,0.01654378264099138,0.0,0.0,3.3,0.7510356319718086,0.535520167369553,0.017104479306296928,0.5439889357102634,0.01654202125824335,0.0,1.061442004926856,0.0,0.618257350308631,7.865711115015785,1.109944426715079,13.86571111501464,0.618257350308631,0.0,0.4916870764064483,0.0,0.0,0.0,0.0,0.0038814754183143,0.9964005392635383,0.0,0.0,0.0,0.0,0.0,0.0,0.5439889357102634,0.01654202125824335,0.008468768340710486,0.0005624580480535807,3.3,0.7510356319718086,0.535520167369553,0.017104479306296928,0.5439889357102634,0.01654202125824335,0.0,1.061442004926856,0.0,0.618257350308631,7.865711115015785,1.109944426715079,13.86571111501464,0.9068243400544136,6.865711115015974,0.9558131373419678,6.865711115015974,0.9068243400544136,0.0,0.04898879728755423,0.0,0.0,0.0,0.0,0.0038814754183143,0.9964005392635383,0.0,0.0,0.0,0.0,0.0,0.0,0.5439889357102634,0.01654202125824335,0.008468768340710486,0.0005624580480535807
7.443936,3.3,0.8380398,0.5667024,0.0133776,1.357003913135996,3.3,0.8206824099758435,0.5605816511134398,0.015227459815754775,3.3,0.8191451512386793,0.5604626713050712,0.015325226583818501,0.5604626713050712,0.015325226583818501,0.0,0.0,0.0,0.5604626713050712,0.015325226583818501,0.0,0.0,3.3,0.7846381907220219,0.5455675373201866,0.015058921105089294,0.5686410549088489,0.01396144462760427,0.0,0.9999508832554793,0.0,0.618257350308631,7.865711115015785,1.109944426715079,13.86571111501464,0.618257350308631,0.0,0.4916870764064483,0.0,0.0,0.0,0.0,0.0038814754183143,0.9964005392635383,0.0,0.0,0.0,0.0,0.0,0.0,0.5686410549088489,0.01396144462760427,0.023073517588662273,0.0010974764774850183,3.3,0.7846381907220219,0.5455675373201866,0.015058921105089294,0.5686410549088489,0.01396144462760427,0.0,0.9999508832554793,0.0,0.618257350308631,7.865711115015785,1.109944426715079,13.86571111501464,0.9068243400544136,6.865711115015974,0.9558131373419678,6.865711115015974,0.9068243400544136,0.0,0.04898879728755423,0.0,0.0,0.0,0.0,0.0038814754183143,0.9964005392635383,0.0,0.0,0.0,0.0,0.0,0.0,0.5686410549088489,0.01396144462760427,0.023073517588662273,0.0010974764774850183
7.477269,3.3,0.8672828,0.5849445,0.01336891,1.3703127254181113,3.3,0.8502242949083365,0.5756615451711423,0.014901542476937691,3.3,0.8486614046616281,0.5756990215113578,0.014901950781390956,0.5756990215113578,0.014901950781390956,0.0,0.0,0.0,0.5756990215113578,0.014901950781390956,0.0,0.0,3.3,0.8161643318780395,0.5588539533244269,0.015298235678935448,0.575258061937004,0.01489714653004511,0.0,0.9400792883020958,0.0,0.618257350308631,7.865711115015785,1.109944426715079,13.86571111501464,0.618257350308631,0.0,0.4916870764064483,0.0,0.0,0.0,0.0,0.0038814754183143,0.9964005392635383,0.0,0.0,0.0,0.0,0.0,0.0,0.575258061937004,0.01489714653004511,0.01640410861257713,0.00040108914889033564,3.3,0.8161643318780395,0.5588539533244269,0.015298235678935448,0.575258061937004,0.01489714653004511,0.0,0.9400792883020958,0.0,0.618257350308631,7.865711115015785,1.109944426715079,13.86571111501464,0.9068243400544136,6.865711115015974,0.9558131373419678,6.865711115015974,0.9068243400544136,0.0,0.04898879728755423,0.0,0.0,0.0,0.0,0.0038814754183143,0.9964005392635383,0.0,0.0,0.0,0.0,0.0,0.0,0.575258061937004,0.01489714653004511,0.01640410861257713,0.00040108914889033564
7.510603,3.3,0.8958207,0.5995582,0.01378531,1.383621936968588,3.3,0.8793752958844113,0.5897331812459383,0.014370374111217337,3.3,0.8777225853163418,0.5897331812459319,0.01437037411121727,0.5897331812459319,0.01437037411121727,0.0,0.0,0.0,0.5897331812459319,0.01437037411121727,0.0,0.0,3.3,0.8470829723845089,0.5810673405009181,0.014444284897858019,0.5895442622846729,0.014368409421255886,0.0,0.9133344043746354,0.0,0.618257350308631,7.865711115015785,1.109944426715079,13.86571111501464,0.618257350308631,0.0,0.4916870764064483,0.0,0.0,0.0,0.0,0.0038814754183143,0.9964005392635383,0.0,0.0,0.0,0.0,0.0,0.0,0.5895442622846729,0.014368409421255886,0.008476921783754865,7.587547660212943e-05,3.3,0.8470829723845089,0.5810673405009181,0.014444284897858019,0.5895442622846729,0.014368409421255886,0.0,0.9133344043746354,0.0,0.618257350308631,7.865711115015785,1.109944426715079,13.86571111501464,0.9068243400544136,6.865711115015974,0.9558131373419678,6.865711115015974,0.9068243400544136,0.0,0.04898879728755423,0.0,0.0,0.0,0.0,0.0038814754183143,0.9964005392635383,0.0,0.0,0.0,0.0,0.0,0.0,0.5895442622846729,0.014368409421255886,0.008476921783754865,7.587547660212943e-05
7.543936,3.3,0.9226665,0.6111459,0.01355539,1.3954775437704574,3.3,0.9065158550498009,0.6042514493321234,0.014521358932304185,3.3,0.9048144812662506,0.6040598721904021,0.014519366598212036,0.6040598721904021,0.014519366598212036,0.0,0.0,0.0,0.6040598721904021,0.014519366598212036,0.0,0.0,3.3,0.8762793800533788,0.5901296870011269,0.014579438740807683,0.6117196684692683,0.014330205424775469,0.0,0.8643752759434181,0.0,0.618257350308631,7.865711115015785,1.109944426715079,13.86571111501464,0.618257350308631,0.0,0.4916870764064483,0.0,0.0,0.0,0.0,0.0038814754183143,0.9964005392635383,0.0,0.0,0.0,0.0,0.0,0.0,0.6117196684692683,0.014330205424775469,0.021589981468141367,0.0002492333160322157,3.3,0.8762793800533788,0.5901296870011269,0.014579438740807683,0.6117196684692683,0.014330205424775469,0.0,0.8643752759434181,0.0,0.618257350308631,7.865711115015785,1.109944426715079,13.86571111501464,0.9068243400544136,6.865711115015974,0.9558131373419678,6.865711115015974,0.9068243400544136,0.0,0.04898879728755423,0.0,0.0,0.0,0.0,0.0038814754183143,0.9964005392635383,0.0,0.0,0.0,0.0,0.0,0.0,0.6117196684692683,0.014330205424775469,0.021589981468141367,0.0002492333160322157
7.565971,3.3,0.939344,0.620074,0.01328901,1.4027591145622953,3.3,0.923670752050407,0.610755407429816,0.01336818250794632,3.3,0.921966655044089,0.6110269442330039,0.013521852837148794,0.6110269442330039,0.013521852837148794,0.0,0.0,0.0,0.6110269442330039,0.013521852837148794,0.0,0.0,3.3,0.894463105067919,0.5919248266809773,0.014140509720298754,0.611077690862231,0.013550858155772496,0.0,0.8295864681426397,0.0,0.618257350308631,7.865711115015785,1.109944426715079,13.86571111501464,0.618257350308631,0.0,0.4916870764064483,0.0,0.0,0.0,0.0,0.0038814754183143,0.9964005392635383,0.0,0.0,0.0,0.0,0.0,0.0,0.611077690862231,0.013550858155772496,0.019152864181253632,0.000589651564526256,3.3,0.894463105067919,0.5919248266809773,0.014140509720298754,0.611077690862231,0.013550858155772496,0.0,0.8295864681426397,0.0,0.618257350308631,7.865711115015785,1.109944426715079,13.86571111501464,0.9068243400544136,6.865711115015974,0.9558131373419678,6.865711115015974,0.9068243400544136,0.0,0.04898879728755423,0.0,0.0,0.0,0.0,0.0038814754183143,0.9964005392635383,0.0,0.0,0.0,0.0,0.0,0.0,0.611077690862231,0.013550858155772496,0.019152864181253632,0.000589651564526256
7.596004000000001,3.3,0.9617408,0.6299718,0.01031987,1.4126836625809598,3.3,0.9463327894172009,0.6233218389274746,0.014018583864916199,3.3,0.9445871316243617,0.623391076121331,0.014019269611350952,0.623391076121331,0.014019269611350952,0.0,0.0,0.0,0.623391076121331,0.014019269611350952,0.0,0.0,3.3,0.9184583023963964,0.6044623778999183,0.013994519889292859,0.6233927610448112,0.014019286299350637,0.0,0.7913528534984393,0.0,0.618257350308631,7.865711115015785,1.109944426715079,13.86571111501464,0.618257350308631,0.0,0.4916870764064483,0.0,0.0,0.0,0.0,0.0038814754183143,0.9964005392635383,0.0,0.0,0.0,0.0,0.0,0.0,0.6233927610448112,0.014019286299350637,0.01893038314489293,2.4766410057776888e-05,3.3,0.9184583023963964,0.6044623778999183,0.013994519889292859,0.6233927610448112,0.014019286299350637,0.0,0.7913528534984393,0.0,0.618257350308631,7.865711115015785,1.109944426715079,13.86571111501464,0.9068243400544136,6.865711115015974,0.9558131373419678,6.865711115015974,0.9068243400544136,0.0,0.04898879728755423,0.0,0.0,0.0,0.0,0.0038814754183143,0.9964005392635383,0.0,0.0,0.0,0.0,0.0,0.0,0.6233927610448112,0.014019286299350637,0.01893038314489293,2.4766410057776888e-05
7.629337,3.3,0.9859227,0.6463646,0.01282388,1.4227736301679355,3.3,0.9707774323029578,0.6363108339957172,0.013439713252035298,3.3,0.9690110302635683,0.6363107533996842,0.013439712493708686,0.6363107533996842,0.013439712493708686,0.0,0.0,0.0,0.6363107533996842,0.013439712493708686,0.0,0.0,3.3,0.9439827343394692,0.6262897364857019,0.013510435576907783,0.6358882535581932,0.013435737200359251,0.0,0.7530192482093491,0.0,0.618257350308631,7.865711115015785,1.109944426715079,13.86571111501464,0.618257350308631,0.0,0.4916870764064483,0.0,0.0,0.0,0.0,0.0038814754183143,0.9964005392635383,0.0,0.0,0.0,0.0,0.0,0.0,0.6358882535581932,0.013435737200359251,0.00959851707249141,7.46983765485377e-05,3.3,0.9439827343394692,0.6262897364857019,0.013510435576907783,0.6358882535581932,0.013435737200359251,0.0,0.7530192482093491,0.0,0.618257350308631,7.865711115015785,1.109944426715079,13.86571111501464,0.9068243400544136,6.865711115015974,0.9558131373419678,6.865711115015974,0.9068243400544136,0.0,0.04898879728755423,0.0,0.0,0.0,0.0,0.0038814754183143,0.9964005392635383,0.0,0.0,0.0,0.0,0.0,0.0,0.6358882535581932,0.013435737200359251,0.00959851707249141,7.46983765485377e-05
7.662669999999999,3.3,1.009067,0.6571212,0.01220193,1.4322745256939746,3.3,0.9944319045279403,0.6477569303578359,0.011189402211208243,3.3,0.992577829883151,0.6472225645567126,0.010954048629355107,0.6472225645567126,0.010954048629355107,0.0,0.0,0.0,0.6472225645567126,0.010954048629355107,0.0,0.0,3.3,0.9690071339985046,0.6420023869282464,0.012738911721528358,0.6464036977830175,0.012364105654677646,0.0,0.7502093984403678,0.0,0.618257350308631,7.865711115015785,1.109944426715079,13.86571111501464,0.618257350308631,0.0,0.4916870764064483,0.0,0.0,0.0,0.0,0.0038814754183143,0.9964005392635383,0.0,0.0,0.0,0.0,0.0,0.0,0.6464036977830175,0.012364105654677646,0.004401310854771081,0.0003748060668507135,3.3,0.9690071339985046,0.6420023869282464,0.012738911721528358,0.6464036977830175,0.012364105654677646,0.0,0.7502093984403678,0.0,0.618257350308631,7.865711115015785,1.109944426715079,13.86571111501464,0.9068243400544136,6.865711115015974,0.9558131373419678,6.865711115015974,0.9068243400544136,0.0,0.04898879728755423,0.0,0.0,0.0,0.0,0.0038814754183143,0.9964005392635383,0.0,0.0,0.0,0.0,0.0,0.0,0.6464036977830175,0.012364105654677646,0.004401310854771081,0.0003748060668507135
7.696003999999999,3.3,1.031222,0.6708551,0.01231757,1.4412455435693625,3.3,1.0168363476432531,0.6614376755124656,0.012956184622475261,3.3,1.014976863921474,0.661539983838391,0.012957096564950971,0.661539983838391,0.012957096564950971,0.0,0.0,0.0,0.661539983838391,0.012957096564950971,0.0,0.0,3.3,0.9924218529554931,0.6434332398530586,0.013176526464235108,0.6615424735652405,0.012957118757550125,0.0,0.6961192618299699,0.0,0.618257350308631,7.865711115015785,1.109944426715079,13.86571111501464,0.618257350308631,0.0,0.4916870764064483,0.0,0.0,0.0,0.0,0.0038814754183143,0.9964005392635383,0.0,0.0,0.0,0.0,0.0,0.0,0.6615424735652405,0.012957118757550125,0.018109233712182007,0.0002194077066849851,3.3,0.9924218529554931,0.6434332398530586,0.013176526464235108,0.6615424735652405,0.012957118757550125,0.0,0.6961192618299699,0.0,0.618257350308631,7.865711115015785,1.109944426715079,13.86571111501464,0.9068243400544136,6.865711115015974,0.9558131373419678,6.865711115015974,0.9068243400544136,0.0,0.04898879728755423,0.0,0.0,0.0,0.0,0.0038814754183143,0.9964005392635383,0.0,0.0,0.0,0.0,0.0,0.0,0.6615424735652405,0.012957118757550125,0.018109233712182007,0.0002194077066849851
7.729337000000001,3.3,1.052836,0.6834416,0.01169267,1.4497378936957843,3.3,1.0387925303858638,0.6719286283961732,0.010887887186013129,3.3,1.03692724757492,0.6719285328705729,0.010887867281415718,0.6719285328705729,0.010887867281415718,0.0,0.0,0.0,0.6719285328705729,0.010887867281415718,0.0,0.0,3.3,1.0149581325282693,0.6632621457280892,0.01175443284145621,0.671415782749149,0.010781025925031988,0.0,0.6663218049626316,0.0,0.618257350308631,7.865711115015785,1.109944426715079,13.86571111501464,0.618257350308631,0.0,0.4916870764064483,0.0,0.0,0.0,0.0,0.0038814754183143,0.9964005392635383,0.0,0.0,0.0,0.0,0.0,0.0,0.671415782749149,0.010781025925031988,0.008153637021059808,0.0009734069164242206,3.3,1.0149581325282693,0.6632621457280892,0.01175443284145621,0.671415782749149,0.010781025925031988,0.0,0.6663218049626316,0.0,0.618257350308631,7.865711115015785,1.109944426715079,13.86571111501464,0.9068243400544136,6.865711115015974,0.9558131373419678,6.865711115015974,0.9068243400544136,0.0,0.04898879728755423,0.0,0.0,0.0,0.0,0.0038814754183143,0.9964005392635383,0.0,0.0,0.0,0.0,0.0,0.0,0.671415782749149,0.010781025925031988,0.008153637021059808,0.0009734069164242206
7.762670000000001,3.3,1.073565,0.6944,0.01177951,1.457463841814465,3.3,1.06005334536063,0.6865309948753601,0.012447499693107468,3.3,1.058111589580738,0.6862793745588893,0.012445381461122642,0.6862793745588893,0.012445381461122642,0.0,0.0,0.0,0.6862793745588893,0.012445381461122642,0.0,0.0,3.3,1.037067774149078,0.6806478631964804,0.012485774241223432,0.685233807787398,0.012436579497081306,0.0,0.6626010105611863,0.0,0.618257350308631,7.865711115015785,1.109944426715079,13.86571111501464,0.618257350308631,0.0,0.4916870764064483,0.0,0.0,0.0,0.0,0.0038814754183143,0.9964005392635383,0.0,0.0,0.0,0.0,0.0,0.0,0.685233807787398,0.012436579497081306,0.004585944590917551,4.919474414212778e-05,3.3,1.037067774149078,0.6806478631964804,0.012485774241223432,0.685233807787398,0.012436579497081306,0.0,0.6626010105611863,0.0,0.618257350308631,7.865711115015785,1.109944426715079,13.86571111501464,0.9068243400544136,6.865711115015974,0.9558131373419678,6.865711115015974,0.9068243400544136,0.0,0.04898879728755423,0.0,0.0,0.0,0.0,0.0038814754183143,0.9964005392635383,0.0,0.0,0.0,0.0,0.0,0.0,0.685233807787398,0.012436579497081306,0.004585944590917551,4.919474414212778e-05
7.796004000000001,3.3,1.093735,0.707575,0.01079029,1.4649875479082324,3.3,1.0802307062856973,0.6948927549365501,0.009403363919493646,3.3,1.078288923412897,0.6950476117631328,0.009458159666828798,0.6950476117631328,0.009458159666828798,0.0,0.0,0.0,0.6950476117631328,0.009458159666828798,0.0,0.0,3.3,1.0580802721491047,0.6809851737622225,0.012205289452231323,0.6950513802853439,0.009459493150120867,0.0,0.6256484769009065,0.0,0.618257350308631,7.865711115015785,1.109944426715079,13.86571111501464,0.618257350308631,0.0,0.4916870764064483,0.0,0.0,0.0,0.0,0.0038814754183143,0.9964005392635383,0.0,0.0,0.0,0.0,0.0,0.0,0.6950513802853439,0.009459493150120867,0.014066206523121478,0.002745796302110456,3.3,1.0580802721491047,0.6809851737622225,0.012205289452231323,0.6950513802853439,0.009459493150120867,0.0,0.6256484769009065,0.0,0.618257350308631,7.865711115015785,1.109944426715079,13.86571111501464,0.9068243400544136,6.865711115015974,0.9558131373419678,6.865711115015974,0.9068243400544136,0.0,0.04898879728755423,0.0,0.0,0.0,0.0,0.0038814754183143,0.9964005392635383,0.0,0.0,0.0,0.0,0.0,0.0,0.6950513802853439,0.009459493150120867,0.014066206523121478,0.002745796302110456
7.829337,3.3,1.113461,0.7192101,0.01122755,1.4720061444241317,3.3,1.0998939269200203,0.7093141316133805,0.011895670997766068,3.3,1.0979415025768182,0.7093140887070308,0.0118956706578158,0.7093140887070308,0.0118956706578158,0.0,0.0,0.0,0.7093140887070308,0.0118956706578158,0.0,0.0,3.3,1.0781547845364166,0.7003553355568963,0.011980757816898157,0.7090811901277843,0.01189382538468319,0.0,0.5935285425859165,0.0,0.618257350308631,7.865711115015785,1.109944426715079,13.86571111501464,0.618257350308631,0.0,0.4916870764064483,0.0,0.0,0.0,0.0,0.0038814754183143,0.9964005392635383,0.0,0.0,0.0,0.0,0.0,0.0,0.7090811901277843,0.01189382538468319,0.008725854570887988,8.693243221496991e-05,3.3,1.0781547845364166,0.7003553355568963,0.011980757816898157,0.7090811901277843,0.01189382538468319,0.0,0.5935285425859165,0.0,0.618257350308631,7.865711115015785,1.109944426715079,13.86571111501464,0.9068243400544136,6.865711115015974,0.9558131373419678,6.865711115015974,0.9068243400544136,0.0,0.04898879728755423,0.0,0.0,0.0,0.0,0.0038814754183143,0.9964005392635383,0.0,0.0,0.0,0.0,0.0,0.0,0.7090811901277843,0.01189382538468319,0.008725854570887988,8.693243221496991e-05
7.86267,3.3,1.132648,0.7302329,0.008871538,1.478511429954374,3.3,1.1190558356209157,0.7226933630600122,0.010774545573734539,3.3,1.1170284847226388,0.722387671044926,0.011334414832637685,0.722387671044926,0.011334414832637685,0.0,0.0,0.0,0.722387671044926,0.011334414832637685,0.0,0.0,3.3,1.0980624639043572,0.7158292688229874,0.01201096385880562,0.720292025405682,0.011982649684081508,0.0,0.5960077601493031,0.0,0.618257350308631,7.865711115015785,1.109944426715079,13.86571111501464,0.618257350308631,0.0,0.4916870764064483,0.0,0.0,0.0,0.0,0.0038814754183143,0.9964005392635383,0.0,0.0,0.0,0.0,0.0,0.0,0.720292025405682,0.011982649684081508,0.0044627565826945905,2.8314174724105505e-05,3.3,1.0980624639043572,0.7158292688229874,0.01201096385880562,0.720292025405682,0.011982649684081508,0.0,0.5960077601493031,0.0,0.618257350308631,7.865711115015785,1.109944426715079,13.86571111501464,0.9068243400544136,6.865711115015974,0.9558131373419678,6.865711115015974,0.9068243400544136,0.0,0.04898879728755423,0.0,0.0,0.0,0.0,0.0038814754183143,0.9964005392635383,0.0,0.0,0.0,0.0,0.0,0.0,0.720292025405682,0.011982649684081508,0.0044627565826945905,2.8314174724105505e-05
7.896004,3.3,1.150968,0.7406227,0.01062747,1.4848343759571514,3.3,1.1378275192883818,0.7324963975221669,0.011324256184594863,3.3,1.1358211077560485,0.7325417995152328,0.011324593421395994,0.7325417995152328,0.011324593421395994,0.0,0.0,0.0,0.7325417995152328,0.011324593421395994,0.0,0.0,3.3,1.1174560080563412,0.7170049742241968,0.011571015804848258,0.7325429043965804,0.011324601628230678,0.0,0.5754121427818119,0.0,0.618257350308631,7.865711115015785,1.109944426715079,13.86571111501464,0.618257350308631,0.0,0.4916870764064483,0.0,0.0,0.0,0.0,0.0038814754183143,0.9964005392635383,0.0,0.0,0.0,0.0,0.0,0.0,0.7325429043965804,0.011324601628230678,0.015537930172383621,0.0002464141766175772,3.3,1.1174560080563412,0.7170049742241968,0.011571015804848258,0.7325429043965804,0.011324601628230678,0.0,0.5754121427818119,0.0,0.618257350308631,7.865711115015785,1.109944426715079,13.86571111501464,0.9068243400544136,6.865711115015974,0.9558131373419678,6.865711115015974,0.9068243400544136,0.0,0.04898879728755423,0.0,0.0,0.0,0.0,0.0038814754183143,0.9964005392635383,0.0,0.0,0.0,0.0,0.0,0.0,0.7325429043965804,0.011324601628230678,0.015537930172383621,0.0002464141766175772
7.929336999999999,3.3,1.168292,0.7521666,0.01065401,1.4906736232700244,3.3,1.155388650121527,0.7422212794895707,0.0113964906365351,3.3,1.1533852855228466,0.742221234177337,0.011396490299965012,0.742221234177337,0.011396490299965012,0.0,0.0,0.0,0.742221234177337,0.011396490299965012,0.0,0.0,3.3,1.1355212901076706,0.7339127910252291,0.011409234151733318,0.7419689280268504,0.011394616221023729,0.0,0.5292431158973135,0.0,0.618257350308631,7.865711115015785,1.109944426715079,13.86571111501464,0.618257350308631,0.0,0.4916870764064483,0.0,0.0,0.0,0.0,0.0038814754183143,0.9964005392635383,0.0,0.0,0.0,0.0,0.0,0.0,0.7419689280268504,0.011394616221023729,0.008056137001621402,1.4617930709590672e-05,3.3,1.1355212901076706,0.7339127910252291,0.011409234151733318,0.7419689280268504,0.011394616221023729,0.0,0.5292431158973135,0.0,0.618257350308631,7.865711115015785,1.109944426715079,13.86571111501464,0.9068243400544136,6.865711115015974,0.9558131373419678,6.865711115015974,0.9068243400544136,0.0,0.04898879728755423,0.0,0.0,0.0,0.0,0.0038814754183143,0.9964005392635383,0.0,0.0,0.0,0.0,0.0,0.0,0.7419689280268504,0.011394616221023729,0.008056137001621402,1.4617930709590672e-05
7.962670000000001,3.3,1.185293,0.7630533,0.01001275,1.4962660510599297,3.3,1.1723830733212646,0.7531400922947542,0.010712297326752582,3.3,1.1703054527289811,0.7527720771736669,0.010709746050779768,0.7527720771736669,0.010709746050779768,0.0,0.0,0.0,0.7527720771736669,0.010709746050779768,0.0,0.0,3.3,1.1531844225264682,0.7470688266003807,0.0103144603324598,0.7513233610441887,0.010371386564672612,0.0,0.5300909884607194,0.0,0.618257350308631,7.865711115015785,1.109944426715079,13.86571111501464,0.618257350308631,0.0,0.4916870764064483,0.0,0.0,0.0,0.0,0.0038814754183143,0.9964005392635383,0.0,0.0,0.0,0.0,0.0,0.0,0.7513233610441887,0.010371386564672612,0.004254534443808069,7.106518427696288e-05,3.3,1.1531844225264682,0.7470688266003807,0.0103144603324598,0.7513233610441887,0.010371386564672612,0.0,0.5300909884607194,0.0,0.618257350308631,7.865711115015785,1.109944426715079,13.86571111501464,0.9068243400544136,6.865711115015974,0.9558131373419678,6.865711115015974,0.9068243400544136,0.0,0.04898879728755423,0.0,0.0,0.0,0.0,0.0038814754183143,0.9964005392635383,0.0,0.0,0.0,0.0,0.0,0.0,0.7513233610441887,0.010371386564672612,0.004254534443808069,7.106518427696288e-05
7.996004,3.3,1.20202,0.7746502,0.01008742,1.5015705507171755,3.3,1.1887592307967827,0.7643703629671608,0.010790151518314093,3.3,1.1866886403300263,0.7644935965074316,0.01079100583856432,0.7644935965074316,0.01079100583856432,0.0,0.0,0.0,0.7644935965074316,0.01079100583856432,0.0,0.0,3.3,1.1701305377953501,0.7489447831732287,0.010855078008513474,0.7644965954603581,0.010791026628896314,0.0,0.5069591832654636,0.0,0.618257350308631,7.865711115015785,1.109944426715079,13.86571111501464,0.618257350308631,0.0,0.4916870764064483,0.0,0.0,0.0,0.0,0.0038814754183143,0.9964005392635383,0.0,0.0,0.0,0.0,0.0,0.0,0.7644965954603581,0.010791026628896314,0.01555181228712951,6.405137961715972e-05,3.3,1.1701305377953501,0.7489447831732287,0.010855078008513474,0.7644965954603581,0.010791026628896314,0.0,0.5069591832654636,0.0,0.618257350308631,7.865711115015785,1.109944426715079,13.86571111501464,0.9068243400544136,6.865711115015974,0.9558131373419678,6.865711115015974,0.9068243400544136,0.0,0.04898879728755423,0.0,0.0,0.0,0.0,0.0038814754183143,0.9964005392635383,0.0,0.0,0.0,0.0,0.0,0.0,0.7644965954603581,0.010791026628896314,0.01555181228712951,6.405137961715972e-05
8.029337,3.3,1.218452,0.7840227,0.008152009,1.5065738952566865,3.3,1.205224640578809,0.7757543099171675,0.009887974146847422,3.3,1.2031549141261157,0.7757543252103664,0.009888019629450375,0.7757543252103664,0.009888019629450375,0.0,0.0,0.0,0.7757543252103664,0.009888019629450375,0.0,0.0,3.3,1.1867065111190194,0.7673975641828945,0.010453196851782354,0.775846235048183,0.010161363271745836,0.0,0.49557279887806555,0.0,0.618257350308631,7.865711115015785,1.109944426715079,13.86571111501464,0.618257350308631,0.0,0.4916870764064483,0.0,0.0,0.0,0.0,0.0038814754183143,0.9964005392635383,0.0,0.0,0.0,0.0,0.0,0.0,0.775846235048183,0.010161363271745836,0.008448670865288417,0.0002918335800365228,3.3,1.1867065111190194,0.7673975641828945,0.010453196851782354,0.775846235048183,0.010161363271745836,0.0,0.49557279887806555,0.0,0.618257350308631,7.865711115015785,1.109944426715079,13.86571111501464,0.9068243400544136,6.865711115015974,0.9558131373419678,6.865711115015974,0.9068243400544136,0.0,0.04898879728755423,0.0,0.0,0.0,0.0,0.0038814754183143,0.9964005392635383,0.0,0.0,0.0,0.0,0.0,0.0,0.775846235048183,0.010161363271745836,0.008448670865288417,0.0002918335800365228
8.06267,3.3,1.233522,0.7899502,0.009402379,1.5113353730509806,3.3,1.220985467869889,0.7826177800057041,0.010136775278682144,3.3,1.2188671078551936,0.7823460774386041,0.010135026254556858,0.7823460774386041,0.010135026254556858,0.0,0.0,0.0,0.7823460774386041,0.010135026254556858,0.0,0.0,3.3,1.2033692566253946,0.77788006602275,0.010138934050895882,0.781304468149203,0.01012832112918489,0.0,0.48609559903823485,0.0,0.618257350308631,7.865711115015785,1.109944426715079,13.86571111501464,0.618257350308631,0.0,0.4916870764064483,0.0,0.0,0.0,0.0,0.0038814754183143,0.9964005392635383,0.0,0.0,0.0,0.0,0.0,0.0,0.781304468149203,0.01012832112918489,0.00342440212645309,1.0612921710999595e-05,3.3,1.2033692566253946,0.77788006602275,0.010138934050895882,0.781304468149203,0.01012832112918489,0.0,0.48609559903823485,0.0,0.618257350308631,7.865711115015785,1.109944426715079,13.86571111501464,0.9068243400544136,6.865711115015974,0.9558131373419678,6.865711115015974,0.9068243400544136,0.0,0.04898879728755423,0.0,0.0,0.0,0.0,0.0038814754183143,0.9964005392635383,0.0,0.0,0.0,0.0,0.0,0.0,0.781304468149203,0.01012832112918489,0.00342440212645309,1.0612921710999595e-05
8.083321,3.3,1.241967,0.7957439,0.009436813,1.5141199376941177,3.3,1.2298245776954218,0.7887286739071235,0.010176112782831493,3.3,1.2276954555464425,0.7885016063323697,0.010174651086423708,0.7885016063323697,0.010174651086423708,0.0,0.0,0.0,0.7885016063323697,0.010174651086423708,0.0,0.0,3.3,1.2126687435707544,0.7802706657190727,0.010240034420452026,0.7112041405397242,0.011813633904026066,0.0,0.4584109520771321,0.0,0.618257350308631,7.865711115015785,1.109944426715079,13.86571111501464,0.618257350308631,0.0,0.4916870764064483,0.0,0.0,0.0,0.0,0.0038814754183143,0.9964005392635383,0.0,0.0,0.0,0.0,0.0,0.0,0.7112041405397242,0.011813633904026066,0.0690665251793484,0.0015735994835740451,3.3,1.2126687435707544,0.7802706657190727,0.010240034420452026,0.7112041405397242,0.011813633904026066,0.0,0.4584109520771321,0.0,0.618257350308631,7.865711115015785,1.109944426715079,13.86571111501464,0.9068243400544136,6.865711115015974,0.9558131373419678,6.865711115015974,0.9068243400544136,0.0,0.04898879728755423,0.0,0.0,0.0,0.0,0.0038814754183143,0.9964005392635383,0.0,0.0,0.0,0.0,0.0,0.0,0.7112041405397242,0.011813633904026066,0.0690665251793484,0.0015735994835740451
8.106107,3.3,1.251176,0.8011845,0.008833996,1.5171036130361293,3.3,1.2392418085908665,0.7940111150817946,0.010210117309007121,3.3,1.2371430184155492,0.7940706827304207,0.010210500762338636,0.7940706827304207,0.010210500762338636,0.0,0.0,0.0,0.7940706827304207,0.010210500762338636,0.0,0.0,3.3,1.2224943582856076,0.7810036084724571,0.010354365739838159,0.7940225820130061,0.010210191124795999,0.0,0.43427040151203167,0.0,0.618257350308631,7.865711115015785,1.109944426715079,13.86571111501464,0.618257350308631,0.0,0.4916870764064483,0.0,0.0,0.0,0.0,0.0038814754183143,0.9964005392635383,0.0,0.0,0.0,0.0,0.0,0.0,0.7940225820130061,0.010210191124795999,0.013018973540549057,0.0001441746150421575,3.3,1.2224943582856076,0.7810036084724571,0.010354365739838159,0.7940225820130061,0.010210191124795999,0.0,0.43427040151203167,0.0,0.618257350308631,7.865711115015785,1.109944426715079,13.86571111501464,0.9068243400544136,6.865711115015974,0.9558131373419678,6.865711115015974,0.9068243400544136,0.0,0.04898879728755423,0.0,0.0,0.0,0.0,0.0038814754183143,0.9964005392635383,0.0,0.0,0.0,0.0,0.0,0.0,0.7940225820130061,0.010210191124795999,0.013018973540549057,0.0001441746150421575
8.13944,3.3,1.264283,0.8099524,0.008727818,1.5212809760858255,3.3,1.2527904229263482,0.80121834676545,0.00937169947172316,3.3,1.2507038135983122,0.8012185072439663,0.009371747494176533,0.8012185072439663,0.009371747494176533,0.0,0.0,0.0,0.8012185072439663,0.009371747494176533,0.0,0.0,3.3,1.2364626141602326,0.7946860701335673,0.009291250660589076,0.800972270035277,0.009298062148974242,0.0,0.4084874060916654,0.0,0.618257350308631,7.865711115015785,1.109944426715079,13.86571111501464,0.618257350308631,0.0,0.4916870764064483,0.0,0.0,0.0,0.0,0.0038814754183143,0.9964005392635383,0.0,0.0,0.0,0.0,0.0,0.0,0.800972270035277,0.009298062148974242,0.006286199901709718,7.504328848076245e-06,3.3,1.2364626141602326,0.7946860701335673,0.009291250660589076,0.800972270035277,0.009298062148974242,0.0,0.4084874060916654,0.0,0.618257350308631,7.865711115015785,1.109944426715079,13.86571111501464,0.9068243400544136,6.865711115015974,0.9558131373419678,6.865711115015974,0.9068243400544136,0.0,0.04898879728755423,0.0,0.0,0.0,0.0,0.0038814754183143,0.9964005392635383,0.0,0.0,0.0,0.0,0.0,0.0,0.800972270035277,0.009298062148974242,0.006286199901709718,7.504328848076245e-06
8.172773,3.3,1.27728,0.8205845,0.008785742,1.525218194147934,3.3,1.26577040612282,0.811151614068146,0.00952646555372699,3.3,1.2636135732061333,0.8108553199243497,0.009524704964668153,0.8108553199243497,0.009524704964668153,0.0,0.0,0.0,0.8108553199243497,0.009524704964668153,0.0,0.0,3.3,1.250137021946467,0.8061354579983032,0.009543308866669185,0.8093008032399989,0.009515467977965734,0.0,0.4081672175188809,0.0,0.618257350308631,7.865711115015785,1.109944426715079,13.86571111501464,0.618257350308631,0.0,0.4916870764064483,0.0,0.0,0.0,0.0,0.0038814754183143,0.9964005392635383,0.0,0.0,0.0,0.0,0.0,0.0,0.8093008032399989,0.009515467977965734,0.0031653452416956713,2.7840888703449e-05,3.3,1.250137021946467,0.8061354579983032,0.009543308866669185,0.8093008032399989,0.009515467977965734,0.0,0.4081672175188809,0.0,0.618257350308631,7.865711115015785,1.109944426715079,13.86571111501464,0.9068243400544136,6.865711115015974,0.9558131373419678,6.865711115015974,0.9068243400544136,0.0,0.04898879728755423,0.0,0.0,0.0,0.0,0.0038814754183143,0.9964005392635383,0.0,0.0,0.0,0.0,0.0,0.0,0.8093008032399989,0.009515467977965734,0.0031653452416956713,2.7840888703449e-05
8.206107,3.3,1.290075,0.8281027,0.008190125,1.5289431347260627,3.3,1.2784125302093141,0.8207665398955017,0.00945520635292856,3.3,1.2762742639860976,0.8207967328965995,0.009443777396822024,0.8207967328965995,0.009443777396822024,0.0,0.0,0.0,0.8207967328965995,0.009443777396822024,0.0,0.0,3.3,1.2632195160949964,0.807974064441217,0.009655384625283593,0.8207723521287295,0.009453006248400193,0.0,0.3915265546528452,0.0,0.618257350308631,7.865711115015785,1.109944426715079,13.86571111501464,0.618257350308631,0.0,0.4916870764064483,0.0,0.0,0.0,0.0,0.0038814754183143,0.9964005392635383,0.0,0.0,0.0,0.0,0.0,0.0,0.8207723521287295,0.009453006248400193,0.012798287687512493,0.0002023783768834007,3.3,1.2632195160949964,0.807974064441217,0.009655384625283593,0.8207723521287295,0.009453006248400193,0.0,0.3915265546528452,0.0,0.618257350308631,7.865711115015785,1.109944426715079,13.86571111501464,0.9068243400544136,6.865711115015974,0.9558131373419678,6.865711115015974,0.9068243400544136,0.0,0.04898879728755423,0.0,0.0,0.0,0.0,0.0038814754183143,0.9964005392635383,0.0,0.0,0.0,0.0,0.0,0.0,0.8207723521287295,0.009453006248400193,0.012798287687512493,0.0002023783768834007
8.23944,3.3,1.302468,0.8370398,0.008068554,1.532492398237699,3.3,1.2909912987690324,0.827763029685817,0.008822973423637344,3.3,1.2888628107560842,0.8277631876755471,0.008822974284175677,0.8277631876755471,0.008822974284175677,0.0,0.0,0.0,0.8277631876755471,0.008822974284175677,0.0,0.0,3.3,1.2760704523883704,0.8210885376078215,0.008821142869418179,0.8275133990841123,0.008821613735875882,0.0,0.3730975037498196,0.0,0.618257350308631,7.865711115015785,1.109944426715079,13.86571111501464,0.618257350308631,0.0,0.4916870764064483,0.0,0.0,0.0,0.0,0.0038814754183143,0.9964005392635383,0.0,0.0,0.0,0.0,0.0,0.0,0.8275133990841123,0.008821613735875882,0.006424861476290686,4.7086645770394313e-07,3.3,1.2760704523883704,0.8210885376078215,0.008821142869418179,0.8275133990841123,0.008821613735875882,0.0,0.3730975037498196,0.0,0.618257350308631,7.865711115015785,1.109944426715079,13.86571111501464,0.9068243400544136,6.865711115015974,0.9558131373419678,6.865711115015974,0.9068243400544136,0.0,0.04898879728755423,0.0,0.0,0.0,0.0,0.0038814754183143,0.9964005392635383,0.0,0.0,0.0,0.0,0.0,0.0,0.8275133990841123,0.008821613735875882,0.006424861476290686,4.7086645770394313e-07
8.272772999999999,3.3,1.313811,0.8406877,0.008086621,1.5359091293406963,3.3,1.30319015175676,0.8335479710162966,0.008854482837443639,3.3,1.3010015679748452,0.8333442536270517,0.008853373229731036,0.8333442536270517,0.008853373229731036,0.0,0.0,0.0,0.8333442536270517,0.008853373229731036,0.0,0.0,3.3,1.288775030633966,0.8311156544080743,0.008890276935521621,0.833491273751642,0.008854174018827921,0.0,0.3786062142164188,0.0,0.618257350308631,7.865711115015785,1.109944426715079,13.86571111501464,0.618257350308631,0.0,0.4916870764064483,0.0,0.0,0.0,0.0,0.0038814754183143,0.9964005392635383,0.0,0.0,0.0,0.0,0.0,0.0,0.833491273751642,0.008854174018827921,0.0023756193435677028,3.6102916693701105e-05,3.3,1.288775030633966,0.8311156544080743,0.008890276935521621,0.833491273751642,0.008854174018827921,0.0,0.3786062142164188,0.0,0.618257350308631,7.865711115015785,1.109944426715079,13.86571111501464,0.9068243400544136,6.865711115015974,0.9558131373419678,6.865711115015974,0.9068243400544136,0.0,0.04898879728755423,0.0,0.0,0.0,0.0,0.0038814754183143,0.9964005392635383,0.0,0.0,0.0,0.0,0.0,0.0,0.833491273751642,0.008854174018827921,0.0023756193435677028,3.6102916693701105e-05
8.306106999999999,3.3,1.323974,0.8450838,0.006060672,1.5389850922042594,3.3,1.31351863563383,0.8396199544703138,0.008887555712058556,3.3,1.3113684666460947,0.8396610231804461,0.008887779405076022,0.8396610231804461,0.008887779405076022,0.0,0.0,0.0,0.8396610231804461,0.008887779405076022,0.0,0.0,3.3,1.2998490061057075,0.8296479182766239,0.008943468274497133,0.8396278603065331,0.008887598773560946,0.0,0.328828375774355,0.0,0.618257350308631,7.865711115015785,1.109944426715079,13.86571111501464,0.618257350308631,0.0,0.4916870764064483,0.0,0.0,0.0,0.0,0.0038814754183143,0.9964005392635383,0.0,0.0,0.0,0.0,0.0,0.0,0.8396278603065331,0.008887598773560946,0.009979942029909232,5.586950093618653e-05,3.3,1.2998490061057075,0.8296479182766239,0.008943468274497133,0.8396278603065331,0.008887598773560946,0.0,0.328828375774355,0.0,0.618257350308631,7.865711115015785,1.109944426715079,13.86571111501464,0.9068243400544136,6.865711115015974,0.9558131373419678,6.865711115015974,0.9068243400544136,0.0,0.04898879728755423,0.0,0.0,0.0,0.0,0.0038814754183143,0.9964005392635383,0.0,0.0,0.0,0.0,0.0,0.0,0.8396278603065331,0.008887598773560946,0.009979942029909232,5.586950093618653e-05
8.354989999999999,3.3,1.338117,0.856449,0.007348253,1.543495870768475,3.3,1.327926649128632,0.8485379595289222,0.008123663322774722,3.3,1.3257526956900032,0.8484447168901275,0.008123201624500124,0.8484447168901275,0.008123201624500124,0.0,0.0,0.0,0.8484447168901275,0.008123201624500124,0.0,0.0,3.3,1.3150741408800264,0.8380021281707631,0.008228761927694204,0.812804594574085,0.007559316749515667,0.0,0.3085715575449087,0.0,0.618257350308631,7.865711115015785,1.109944426715079,13.86571111501464,0.618257350308631,0.0,0.4916870764064483,0.0,0.0,0.0,0.0,0.0038814754183143,0.9964005392635383,0.0,0.0,0.0,0.0,0.0,0.0,0.812804594574085,0.007559316749515667,0.025197533596678142,0.0006694451781785364,3.3,1.3150741408800264,0.8380021281707631,0.008228761927694204,0.812804594574085,0.007559316749515667,0.0,0.3085715575449087,0.0,0.618257350308631,7.865711115015785,1.109944426715079,13.86571111501464,0.9068243400544136,6.865711115015974,0.9558131373419678,6.865711115015974,0.9068243400544136,0.0,0.04898879728755423,0.0,0.0,0.0,0.0,0.0038814754183143,0.9964005392635383,0.0,0.0,0.0,0.0,0.0,0.0,0.812804594574085,0.007559316749515667,0.025197533596678142,0.0006694451781785364
8.405879,3.3,1.351884,0.8656897,0.007389444,1.547650523322638,3.3,1.3417110487078667,0.8572445215115265,0.008166774550610096,3.3,1.33954488053275,0.8573160489517888,0.008167128724367749,0.8573160489517888,0.008167128724367749,0.0,0.0,0.0,0.8573160489517888,0.008167128724367749,0.0,0.0,3.3,1.3296517064589073,0.8486990868172823,0.008285294072304382,0.8573662625187533,0.008167377360801989,0.0,0.28221946635915846,0.0,0.618257350308631,7.865711115015785,1.109944426715079,13.86571111501464,0.618257350308631,0.0,0.4916870764064483,0.0,0.0,0.0,0.0,0.0038814754183143,0.9964005392635383,0.0,0.0,0.0,0.0,0.0,0.0,0.8573662625187533,0.008167377360801989,0.008667175701470933,0.00011791671150239324,3.3,1.3296517064589073,0.8486990868172823,0.008285294072304382,0.8573662625187533,0.008167377360801989,0.0,0.28221946635915846,0.0,0.618257350308631,7.865711115015785,1.109944426715079,13.86571111501464,0.9068243400544136,6.865711115015974,0.9558131373419678,6.865711115015974,0.9068243400544136,0.0,0.04898879728755423,0.0,0.0,0.0,0.0,0.0038814754183143,0.9964005392635383,0.0,0.0,0.0,0.0,0.0,0.0,0.8573662625187533,0.008167377360801989,0.008667175701470933,0.00011791671150239324
8.460956,3.3,1.3659,0.8751285,0.006605856,1.5518161854291275,3.3,1.356128603764917,0.8666553221421137,0.007391953142096934,3.3,1.3539005819871268,0.8666553221421135,0.007391953142096934,0.8666553221421135,0.007391953142096934,0.0,0.0,0.0,0.8666553221421135,0.007391953142096934,0.0,0.0,3.3,1.3444945118094953,0.8633780616617986,0.007444441549227011,0.8665545262583219,0.007391503958336467,0.0,0.2625921222721016,0.0,0.618257350308631,7.865711115015785,1.109944426715079,13.86571111501464,0.618257350308631,0.0,0.4916870764064483,0.0,0.0,0.0,0.0,0.0038814754183143,0.9964005392635383,0.0,0.0,0.0,0.0,0.0,0.0,0.8665545262583219,0.007391503958336467,0.0031764645965231923,5.293759089054318e-05,3.3,1.3444945118094953,0.8633780616617986,0.007444441549227011,0.8665545262583219,0.007391503958336467,0.0,0.2625921222721016,0.0,0.618257350308631,7.865711115015785,1.109944426715079,13.86571111501464,0.9068243400544136,6.865711115015974,0.9558131373419678,6.865711115015974,0.9068243400544136,0.0,0.04898879728755423,0.0,0.0,0.0,0.0,0.0038814754183143,0.9964005392635383,0.0,0.0,0.0,0.0,0.0,0.0,0.8665545262583219,0.007391503958336467,0.0031764645965231923,5.293759089054318e-05
8.552111,3.3,1.388259,0.889996,0.004260528,1.5582936214316399,3.3,1.3785830770834988,0.8849993719294103,0.007429130803350066,3.3,1.3763467129516203,0.8848274479585886,0.007456408171208401,0.8848274479585886,0.007456408171208401,0.0,0.0,0.0,0.8848274479585886,0.007456408171208401,0.0,0.0,3.3,1.3677370250622642,0.8814325212739251,0.007501490303958918,0.884201277625109,0.0074701444130926085,0.0,0.24976735016244248,0.0,0.618257350308631,7.865711115015785,1.109944426715079,13.86571111501464,0.618257350308631,0.0,0.4916870764064483,0.0,0.0,0.0,0.0,0.0038814754183143,0.9964005392635383,0.0,0.0,0.0,0.0,0.0,0.0,0.884201277625109,0.0074701444130926085,0.0027687563511838444,3.134589086631005e-05,3.3,1.3677370250622642,0.8814325212739251,0.007501490303958918,0.884201277625109,0.0074701444130926085,0.0,0.24976735016244248,0.0,0.618257350308631,7.865711115015785,1.109944426715079,13.86571111501464,0.9068243400544136,6.865711115015974,0.9558131373419678,6.865711115015974,0.9068243400544136,0.0,0.04898879728755423,0.0,0.0,0.0,0.0,0.0038814754183143,0.9964005392635383,0.0,0.0,0.0,0.0,0.0,0.0,0.884201277625109,0.0074701444130926085,0.0027687563511838444,3.134589086631005e-05
8.693418,3.3,1.416586,0.9059468,0.0043185,1.5666341313368553,3.3,1.4063359610059105,0.8981978239635452,0.004314327362496457,3.3,1.404093065667911,0.8981189865570841,0.004281783651059769,0.8981189865570841,0.004281783651059769,0.0,0.0,0.0,0.8981189865570841,0.004281783651059769,0.0,0.0,3.3,1.397157445326485,0.8964534819533039,0.006433464066690513,0.8735849993047416,0.007422834348051246,0.0,0.2033556582192972,0.0,0.618257350308631,7.865711115015785,1.109944426715079,13.86571111501464,0.618257350308631,0.0,0.4916870764064483,0.0,0.0,0.0,0.0,0.0038814754183143,0.9964005392635383,0.0,0.0,0.0,0.0,0.0,0.0,0.8735849993047416,0.007422834348051246,0.022868482648562186,0.0009893702813607327,3.3,1.397157445326485,0.8964534819533039,0.006433464066690513,0.8735849993047416,0.007422834348051246,0.0,0.2033556582192972,0.0,0.618257350308631,7.865711115015785,1.109944426715079,13.86571111501464,0.9068243400544136,6.865711115015974,0.9558131373419678,6.865711115015974,0.9068243400544136,0.0,0.04898879728755423,0.0,0.0,0.0,0.0,0.0038814754183143,0.9964005392635383,0.0,0.0,0.0,0.0,0.0,0.0,0.8735849993047416,0.007422834348051246,0.022868482648562186,0.0009893702813607327
8.801171,3.3,1.433644,0.9216146,0.00509274,1.571604173606137,3.3,1.4243268322613307,0.9133206112070756,0.005910912981824728,3.3,1.4220940022945006,0.9132577414054334,0.005910695075873844,0.9132577414054334,0.005910695075873844,0.0,0.0,0.0,0.9132577414054334,0.005910695075873844,0.0,0.0,3.3,1.4161198675214366,0.9111945274461261,0.00595252046549783,0.9131917099353496,0.00591046621161945,0.0,0.1645252350533737,0.0,0.618257350308631,7.865711115015785,1.109944426715079,13.86571111501464,0.618257350308631,0.0,0.4916870764064483,0.0,0.0,0.0,0.0,0.0038814754183143,0.9964005392635383,0.0,0.0,0.0,0.0,0.0,0.0,0.9131917099353496,0.00591046621161945,0.0019971824892235325,4.205425387837931e-05,3.3,1.4161198675214366,0.9111945274461261,0.00595252046549783,0.9131917099353496,0.00591046621161945,0.0,0.1645252350533737,0.0,0.618257350308631,7.865711115015785,1.109944426715079,13.86571111501464,0.9068243400544136,6.865711115015974,0.9558131373419678,6.865711115015974,0.9068243400544136,0.0,0.04898879728755423,0.0,0.0,0.0,0.0,0.0038814754183143,0.9964005392635383,0.0,0.0,0.0,0.0,0.0,0.0,0.9131917099353496,0.00591046621161945,0.0019971824892235325,4.205425387837931e-05
8.903099000000001,3.3,1.448105,0.9301272,0.0042652,1.5761276680834622,3.3,1.4396452593662417,0.9242642043210868,0.005098955187896194,3.3,1.4374155451008785,0.9243373242061709,0.005099172413459231,0.9243373242061709,0.005099172413459231,0.0,0.0,0.0,0.9243373242061709,0.005099172413459231,0.0,0.0,3.3,1.4320892462841741,0.9216939606561348,0.005133547437576999,0.904414243038463,0.005943612908241324,0.0,0.14372604384687762,0.0,0.618257350308631,7.865711115015785,1.109944426715079,13.86571111501464,0.618257350308631,0.0,0.4916870764064483,0.0,0.0,0.0,0.0,0.0038814754183143,0.9964005392635383,0.0,0.0,0.0,0.0,0.0,0.0,0.904414243038463,0.005943612908241324,0.017279717617671927,0.0008100654706643248,3.3,1.4320892462841741,0.9216939606561348,0.005133547437576999,0.904414243038463,0.005943612908241324,0.0,0.14372604384687762,0.0,0.618257350308631,7.865711115015785,1.109944426715079,13.86571111501464,0.9068243400544136,6.865711115015974,0.9558131373419678,6.865711115015974,0.9068243400544136,0.0,0.04898879728755423,0.0,0.0,0.0,0.0,0.0038814754183143,0.9964005392635383,0.0,0.0,0.0,0.0,0.0,0.0,0.904414243038463,0.005943612908241324,0.017279717617671927,0.0008100654706643248
9.000985,3.3,1.460004,0.9397043,0.004288918,1.5794348168377823,3.3,1.4520466367871614,0.9318491546140503,0.005121488662833872,3.3,1.4498031136965814,0.9318491546140498,0.0051214886628338716,0.9318491546140498,0.0051214886628338716,0.0,0.0,0.0,0.9318491546140498,0.0051214886628338716,0.0,0.0,3.3,1.4449485489251235,0.9300470259247973,0.005100099565507963,0.9317664640750944,0.005121243004640321,0.0,0.11729132768038433,0.0,0.618257350308631,7.865711115015785,1.109944426715079,13.86571111501464,0.618257350308631,0.0,0.4916870764064483,0.0,0.0,0.0,0.0,0.0038814754183143,0.9964005392635383,0.0,0.0,0.0,0.0,0.0,0.0,0.9317664640750944,0.005121243004640321,0.001719438150297168,2.1143439132358715e-05,3.3,1.4449485489251235,0.9300470259247973,0.005100099565507963,0.9317664640750944,0.005121243004640321,0.0,0.11729132768038433,0.0,0.618257350308631,7.865711115015785,1.109944426715079,13.86571111501464,0.9068243400544136,6.865711115015974,0.9558131373419678,6.865711115015974,0.9068243400544136,0.0,0.04898879728755423,0.0,0.0,0.0,0.0,0.0038814754183143,0.9964005392635383,0.0,0.0,0.0,0.0,0.0,0.0,0.9317664640750944,0.005121243004640321,0.001719438150297168,2.1143439132358715e-05
9.100695,3.3,1.470771,0.9463827,0.00344459,1.582606763449692,3.3,1.4630538455598259,0.9388747224375705,0.004285257588245947,3.3,1.4608123440962122,0.938874722437579,0.004285257588245968,0.938874722437579,0.004285257588245968,0.0,0.0,0.0,0.938874722437579,0.004285257588245968,0.0,0.0,3.3,1.4565007150485194,0.9377968986181066,0.004351069497469603,0.9392646169062429,0.004286222831137201,0.0,0.09969379313904413,0.0,0.618257350308631,7.865711115015785,1.109944426715079,13.86571111501464,0.618257350308631,0.0,0.4916870764064483,0.0,0.0,0.0,0.0,0.0038814754183143,0.9964005392635383,0.0,0.0,0.0,0.0,0.0,0.0,0.9392646169062429,0.004286222831137201,0.001467718288136305,6.484666633240261e-05,3.3,1.4565007150485194,0.9377968986181066,0.004351069497469603,0.9392646169062429,0.004286222831137201,0.0,0.09969379313904413,0.0,0.618257350308631,7.865711115015785,1.109944426715079,13.86571111501464,0.9068243400544136,6.865711115015974,0.9558131373419678,6.865711115015974,0.9068243400544136,0.0,0.04898879728755423,0.0,0.0,0.0,0.0,0.0038814754183143,0.9964005392635383,0.0,0.0,0.0,0.0,0.0,0.0,0.9392646169062429,0.004286222831137201,0.001467718288136305,6.484666633240261e-05
9.215853000000001,3.3,1.481796,0.9551061,0.00312996,1.5858271864737938,3.3,1.4739783656983267,0.9484503086187028,0.004308963404136093,3.3,1.4717662928626378,0.9483887674399551,0.004308811049614347,0.9483887674399551,0.004308811049614347,0.0,0.0,0.0,0.9483887674399551,0.004308811049614347,0.0,0.0,3.3,1.46816643603707,0.9444474674859246,0.004313055845728405,0.9483341277168579,0.004308675780692785,0.0,0.09546710227900534,0.0,0.618257350308631,7.865711115015785,1.109944426715079,13.86571111501464,0.618257350308631,0.0,0.4916870764064483,0.0,0.0,0.0,0.0,0.0038814754183143,0.9964005392635383,0.0,0.0,0.0,0.0,0.0,0.0,0.9483341277168579,0.004308675780692785,0.0038866602309332757,4.380065035618797e-06,3.3,1.46816643603707,0.9444474674859246,0.004313055845728405,0.9483341277168579,0.004308675780692785,0.0,0.09546710227900534,0.0,0.618257350308631,7.865711115015785,1.109944426715079,13.86571111501464,0.9068243400544136,6.865711115015974,0.9558131373419678,6.865711115015974,0.9068243400544136,0.0,0.04898879728755423,0.0,0.0,0.0,0.0,0.0038814754183143,0.9964005392635383,0.0,0.0,0.0,0.0,0.0,0.0,0.9483341277168579,0.004308675780692785,0.0038866602309332757,4.380065035618797e-06
9.332989,3.3,1.491202,0.9604051,0.002604584,1.588377981435037,3.3,1.4835755855587065,0.9544835650724766,0.0034590883593008078,3.3,1.4813025628282883,0.9542595507374668,0.0034586446986429437,0.9542595507374668,0.0034586446986429437,0.0,0.0,0.0,0.9542595507374668,0.0034586446986429437,0.0,0.0,3.3,1.4781521581352137,0.9526231480564832,0.0034785407425852286,0.9599915091692341,0.0034699968491585563,0.0,0.0759397416611719,0.0,0.618257350308631,7.865711115015785,1.109944426715079,13.86571111501464,0.618257350308631,0.0,0.4916870764064483,0.0,0.0,0.0,0.0,0.0038814754183143,0.9964005392635383,0.0,0.0,0.0,0.0,0.0,0.0,0.9599915091692341,0.0034699968491585563,0.007368361112750941,8.543893426672287e-06,3.3,1.4781521581352137,0.9526231480564832,0.0034785407425852286,0.9599915091692341,0.0034699968491585563,0.0,0.0759397416611719,0.0,0.618257350308631,7.865711115015785,1.109944426715079,13.86571111501464,0.9068243400544136,6.865711115015974,0.9558131373419678,6.865711115015974,0.9068243400544136,0.0,0.04898879728755423,0.0,0.0,0.0,0.0,0.0038814754183143,0.9964005392635383,0.0,0.0,0.0,0.0,0.0,0.0,0.9599915091692341,0.0034699968491585563,0.007368361112750941,8.543893426672287e-06
9.457287,3.3,1.50056,0.9702931,0.00261928,1.5910545348398883,3.3,1.49231221252569,0.9595151706169215,0.0034690534600871573,3.3,1.490110147577744,0.9595265886833073,0.0034690760735812632,0.9595265886833073,0.0034690760735812632,0.0,0.0,0.0,0.9595265886833073,0.0034690760735812632,0.0,0.0,3.3,1.4872721570764327,0.959415982650011,0.0034988818180240193,0.9593641247542072,0.003468754313575768,0.0,0.07992634710372118,0.0,0.618257350308631,7.865711115015785,1.109944426715079,13.86571111501464,0.618257350308631,0.0,0.4916870764064483,0.0,0.0,0.0,0.0,0.0038814754183143,0.9964005392635383,0.0,0.0,0.0,0.0,0.0,0.0,0.9593641247542072,0.003468754313575768,5.185789580388811e-05,3.0127504448251774e-05,3.3,1.4872721570764327,0.959415982650011,0.0034988818180240193,0.9593641247542072,0.003468754313575768,0.0,0.07992634710372118,0.0,0.618257350308631,7.865711115015785,1.109944426715079,13.86571111501464,0.9068243400544136,6.865711115015974,0.9558131373419678,6.865711115015974,0.9068243400544136,0.0,0.04898879728755423,0.0,0.0,0.0,0.0,0.0038814754183143,0.9964005392635383,0.0,0.0,0.0,0.0,0.0,0.0,0.9593641247542072,0.003468754313575768,5.185789580388811e-05,3.0127504448251774e-05
9.494424,3.3,1.50315,0.9684189,0.0003743649,1.591587984741467,3.3,1.49463875078834,0.9600924295223476,0.001324699796602424,3.3,1.4923785254964688,0.9597848892659018,0.0013522235245986714,0.9597848892659018,0.0013522235245986714,0.0,0.0,0.0,0.9597848892659018,0.0013522235245986714,0.0,0.0,3.3,1.4897914279364606,0.9616236664755724,0.0033472163150539604,0.9583642816133232,0.0036876023718262763,0.0,0.06893530651352982,0.0,0.618257350308631,7.865711115015785,1.109944426715079,13.86571111501464,0.618257350308631,0.0,0.4916870764064483,0.0,0.0,0.0,0.0,0.0038814754183143,0.9964005392635383,0.0,0.0,0.0,0.0,0.0,0.0,0.9583642816133232,0.0036876023718262763,0.003259384862249236,0.000340386056772316,3.3,1.4897914279364606,0.9616236664755724,0.0033472163150539604,0.9583642816133232,0.0036876023718262763,0.0,0.06893530651352982,0.0,0.618257350308631,7.865711115015785,1.109944426715079,13.86571111501464,0.9068243400544136,6.865711115015974,0.9558131373419678,6.865711115015974,0.9068243400544136,0.0,0.04898879728755423,0.0,0.0,0.0,0.0,0.0038814754183143,0.9964005392635383,0.0,0.0,0.0,0.0,0.0,0.0,0.9583642816133232,0.0036876023718262763,0.003259384862249236,0.000340386056772316
9.521752,3.3,1.504127,0.9676971,0.00174404,1.5919805344603548,3.3,1.4962267300739556,0.9623333898681158,0.002605957256544179,3.3,1.4939446073029639,0.9620184941704184,0.002605489522323947,0.9620184941704184,0.002605489522323947,0.0,0.0,0.0,0.9620184941704184,0.002605489522323947,0.0,0.0,3.3,1.491438388483385,0.9609452428841252,0.0025324234947366247,0.9614011645940481,0.0026045725642005403,0.0,0.06129168705417578,0.0,0.618257350308631,7.865711115015785,1.109944426715079,13.86571111501464,0.618257350308631,0.0,0.4916870764064483,0.0,0.0,0.0,0.0,0.0038814754183143,0.9964005392635383,0.0,0.0,0.0,0.0,0.0,0.0,0.9614011645940481,0.0026045725642005403,0.0004559217099229704,7.21490694639155e-05,3.3,1.491438388483385,0.9609452428841252,0.0025324234947366247,0.9614011645940481,0.0026045725642005403,0.0,0.06129168705417578,0.0,0.618257350308631,7.865711115015785,1.109944426715079,13.86571111501464,0.9068243400544136,6.865711115015974,0.9558131373419678,6.865711115015974,0.9068243400544136,0.0,0.04898879728755423,0.0,0.0,0.0,0.0,0.0038814754183143,0.9964005392635383,0.0,0.0,0.0,0.0,0.0,0.0,0.9614011645940481,0.0026045725642005403,0.0004559217099229704,7.21490694639155e-05
9.543131,3.3,1.504875,0.9682339,0.001744572,1.5922876304951947,3.3,1.4974654148315028,0.9649774733790176,0.0026098846786977437,3.3,1.495185951308467,0.9651529521782636,0.002610145328303097,0.9651529521782636,0.002610145328303097,0.0,0.0,0.0,0.9651529521782636,0.002610145328303097,0.0,0.0,3.3,1.4927577735715696,0.9628809564290743,0.0026619206205863977,0.9535679315871771,0.0034572749460902987,0.0,0.06296399094391743,0.0,0.618257350308631,7.865711115015785,1.109944426715079,13.86571111501464,0.618257350308631,0.0,0.4916870764064483,0.0,0.0,0.0,0.0,0.0038814754183143,0.9964005392635383,0.0,0.0,0.0,0.0,0.0,0.0,0.9535679315871771,0.0034572749460902987,0.009313024841897187,0.0007953543255039011,3.3,1.4927577735715696,0.9628809564290743,0.0026619206205863977,0.9535679315871771,0.0034572749460902987,0.0,0.06296399094391743,0.0,0.618257350308631,7.865711115015785,1.109944426715079,13.86571111501464,0.9068243400544136,6.865711115015974,0.9558131373419678,6.865711115015974,0.9068243400544136,0.0,0.04898879728755423,0.0,0.0,0.0,0.0,0.0038814754183143,0.9964005392635383,0.0,0.0,0.0,0.0,0.0,0.0,0.9535679315871771,0.0034572749460902987,0.009313024841897187,0.0007953543255039011
9.59558,3.3,1.507423,0.9735778,0.001749869,1.5930410277509746,3.3,1.5005049620793907,0.9657794403701153,0.002611075890289313,3.3,1.4982607797968115,0.9658120876040732,0.0026111243832621592,0.9658120876040732,0.0026111243832621592,0.0,0.0,0.0,0.9658120876040732,0.0026111243832621592,0.0,0.0,3.3,1.4959657938895479,0.9642061488320154,0.002780388920028527,0.9660543038360037,0.002611484162138777,0.0,0.06524398832876167,0.0,0.618257350308631,7.865711115015785,1.109944426715079,13.86571111501464,0.618257350308631,0.0,0.4916870764064483,0.0,0.0,0.0,0.0,0.0038814754183143,0.9964005392635383,0.0,0.0,0.0,0.0,0.0,0.0,0.9660543038360037,0.002611484162138777,0.0018481550039883441,0.0001689047578897504,3.3,1.4959657938895479,0.9642061488320154,0.002780388920028527,0.9660543038360037,0.002611484162138777,0.0,0.06524398832876167,0.0,0.618257350308631,7.865711115015785,1.109944426715079,13.86571111501464,0.9068243400544136,6.865711115015974,0.9558131373419678,6.865711115015974,0.9068243400544136,0.0,0.04898879728755423,0.0,0.0,0.0,0.0,0.0038814754183143,0.9964005392635383,0.0,0.0,0.0,0.0,0.0,0.0,0.9660543038360037,0.002611484162138777,0.0018481550039883441,0.0001689047578897504
9.654835,3.3,1.511593,0.9790026,0.001755245,1.5938921889626514,3.3,1.5036347111710184,0.9672695140201779,0.0026132891896195228,3.3,1.5013959483965735,0.9668843830630454,0.002612717130587789,0.9668843830630454,0.002612717130587789,0.0,0.0,0.0,0.9668843830630454,0.002612717130587789,0.0,0.0,3.3,1.4992701070398453,0.9669519071117357,0.0026978912368890496,0.95768742729445,0.003465433612255462,0.0,0.057745730997628794,0.0,0.618257350308631,7.865711115015785,1.109944426715079,13.86571111501464,0.618257350308631,0.0,0.4916870764064483,0.0,0.0,0.0,0.0,0.0038814754183143,0.9964005392635383,0.0,0.0,0.0,0.0,0.0,0.0,0.95768742729445,0.003465433612255462,0.009264479817285738,0.0007675423753664126,3.3,1.4992701070398453,0.9669519071117357,0.0026978912368890496,0.95768742729445,0.003465433612255462,0.0,0.057745730997628794,0.0,0.618257350308631,7.865711115015785,1.109944426715079,13.86571111501464,0.9068243400544136,6.865711115015974,0.9558131373419678,6.865711115015974,0.9068243400544136,0.0,0.04898879728755423,0.0,0.0,0.0,0.0,0.0038814754183143,0.9964005392635383,0.0,0.0,0.0,0.0,0.0,0.0,0.95768742729445,0.003465433612255462,0.009264479817285738,0.0007675423753664126
9.71543,3.3,1.514524,0.9757356,0.001752007,1.5947625984406961,3.3,1.5067679875300006,0.9723266419104991,0.0026208008570944587,3.3,1.5045634148883313,0.9723200562179789,0.0026207910749546006,0.9723200562179789,0.0026207910749546006,0.0,0.0,0.0,0.9723200562179789,0.0026207910749546006,0.0,0.0,3.3,1.5023875600938401,0.9696895128333293,0.0027348437049686427,0.9726227017726448,0.00262124061327333,0.0,0.05436789023778851,0.0,0.618257350308631,7.865711115015785,1.109944426715079,13.86571111501464,0.618257350308631,0.0,0.4916870764064483,0.0,0.0,0.0,0.0,0.0038814754183143,0.9964005392635383,0.0,0.0,0.0,0.0,0.0,0.0,0.9726227017726448,0.00262124061327333,0.002933188939315551,0.00011360309169531223,3.3,1.5023875600938401,0.9696895128333293,0.0027348437049686427,0.9726227017726448,0.00262124061327333,0.0,0.05436789023778851,0.0,0.618257350308631,7.865711115015785,1.109944426715079,13.86571111501464,0.9068243400544136,6.865711115015974,0.9558131373419678,6.865711115015974,0.9068243400544136,0.0,0.04898879728755423,0.0,0.0,0.0,0.0,0.0038814754183143,0.9964005392635383,0.0,0.0,0.0,0.0,0.0,0.0,0.9726227017726448,0.00262124061327333,0.002933188939315551,0.00011360309169531223
9.781238,3.3,1.516903,0.9814921,0.001757712,1.595627824275055,3.3,1.5099590313393354,0.9731909661322077,0.002622084691769953,3.3,1.5077380240485336,0.9733525570022447,0.0026223247127678453,0.9733525570022447,0.0026223247127678453,0.0,0.0,0.0,0.9733525570022447,0.0026223247127678453,0.0,0.0,3.3,1.5056322340037536,0.9732591623261634,0.0025798387744734004,0.9734951524274269,0.002622536518646725,0.0,0.05052071040079473,0.0,0.618257350308631,7.865711115015785,1.109944426715079,13.86571111501464,0.618257350308631,0.0,0.4916870764064483,0.0,0.0,0.0,0.0,0.0038814754183143,0.9964005392635383,0.0,0.0,0.0,0.0,0.0,0.0,0.9734951524274269,0.002622536518646725,0.00023599010126355358,4.2697744173325096e-05,3.3,1.5056322340037536,0.9732591623261634,0.0025798387744734004,0.9734951524274269,0.002622536518646725,0.0,0.05052071040079473,0.0,0.618257350308631,7.865711115015785,1.109944426715079,13.86571111501464,0.9068243400544136,6.865711115015974,0.9558131373419678,6.865711115015974,0.9068243400544136,0.0,0.04898879728755423,0.0,0.0,0.0,0.0,0.0038814754183143,0.9964005392635383,0.0,0.0,0.0,0.0,0.0,0.0,0.9734951524274269,0.002622536518646725,0.00023599010126355358,4.2697744173325096e-05
9.832759000000001,3.3,1.519227,0.977901,-0.001268405,1.5961269148507715,3.3,1.5120279200419788,0.9736498764145807,0.002061399673182513,3.3,1.5098146392682206,0.9739618845703696,0.0021278002742167374,0.9739618845703696,0.0021278002742167374,0.0,0.0,0.0,0.9739618845703696,0.0021278002742167374,0.0,0.0,3.3,1.5077502258821411,0.9754762266514875,0.0024109365636361046,0.975920879153755,0.0023654810820449286,0.0,0.045906533580916765,0.0,0.618257350308631,7.865711115015785,1.109944426715079,13.86571111501464,0.618257350308631,0.0,0.4916870764064483,0.0,0.0,0.0,0.0,0.0038814754183143,0.9964005392635383,0.0,0.0,0.0,0.0,0.0,0.0,0.975920879153755,0.0023654810820449286,0.00044465250226753146,4.545548159117616e-05,3.3,1.5077502258821411,0.9754762266514875,0.0024109365636361046,0.975920879153755,0.0023654810820449286,0.0,0.045906533580916765,0.0,0.618257350308631,7.865711115015785,1.109944426715079,13.86571111501464,0.9068243400544136,6.865711115015974,0.9558131373419678,6.865711115015974,0.9068243400544136,0.0,0.04898879728755423,0.0,0.0,0.0,0.0,0.0038814754183143,0.9964005392635383,0.0,0.0,0.0,0.0,0.0,0.0,0.975920879153755,0.0023654810820449286,0.00044465250226753146,4.545548159117616e-05
9.886567000000001,3.3,1.52119,0.9825645,0.0008800526,1.5966481598906224,3.3,1.5140244029895398,0.9757764605239104,0.0017506118080025561,3.3,1.5118563399636116,0.9757303980462176,0.0017505661953157686,0.9757303980462176,0.0017505661953157686,0.0,0.0,0.0,0.9757303980462176,0.0017505661953157686,0.0,0.0,3.3,1.5101214081087977,0.9757583200050296,0.0018960771552857848,0.975907588991037,0.0017507416560263586,0.0,0.04906097046425569,0.0,0.618257350308631,7.865711115015785,1.109944426715079,13.86571111501464,0.618257350308631,0.0,0.4916870764064483,0.0,0.0,0.0,0.0,0.0038814754183143,0.9964005392635383,0.0,0.0,0.0,0.0,0.0,0.0,0.975907588991037,0.0017507416560263586,0.0001492689860074598,0.0001453354992594257,3.3,1.5101214081087977,0.9757583200050296,0.0018960771552857848,0.975907588991037,0.0017507416560263586,0.0,0.04906097046425569,0.0,0.618257350308631,7.865711115015785,1.109944426715079,13.86571111501464,0.9068243400544136,6.865711115015974,0.9558131373419678,6.865711115015974,0.9068243400544136,0.0,0.04898879728755423,0.0,0.0,0.0,0.0,0.0038814754183143,0.9964005392635383,0.0,0.0,0.0,0.0,0.0,0.0,0.975907588991037,0.0017507416560263586,0.0001492689860074598,0.0001453354992594257
9.936613000000001,3.3,1.522643,0.9825123,0.0008800268,1.597132961950992,3.3,1.5159862699896,0.9783653525730367,0.0017531754200372641,3.3,1.513820141457225,0.9783287523461808,0.001753139177204322,0.9783287523461808,0.001753139177204322,0.0,0.0,0.0,0.9783287523461808,0.001753139177204322,0.0,0.0,3.3,1.512023508717687,0.9774024375630896,0.0018902011503840919,0.9784854237474055,0.001753294318740567,0.0,0.045065892277605,0.0,0.618257350308631,7.865711115015785,1.109944426715079,13.86571111501464,0.618257350308631,0.0,0.4916870764064483,0.0,0.0,0.0,0.0,0.0038814754183143,0.9964005392635383,0.0,0.0,0.0,0.0,0.0,0.0,0.9784854237474055,0.001753294318740567,0.0010829861843159024,0.00013690683164352494,3.3,1.512023508717687,0.9774024375630896,0.0018902011503840919,0.9784854237474055,0.001753294318740567,0.0,0.045065892277605,0.0,0.618257350308631,7.865711115015785,1.109944426715079,13.86571111501464,0.9068243400544136,6.865711115015974,0.9558131373419678,6.865711115015974,0.9068243400544136,0.0,0.04898879728755423,0.0,0.0,0.0,0.0,0.0038814754183143,0.9964005392635383,0.0,0.0,0.0,0.0,0.0,0.0,0.9784854237474055,0.001753294318740567,0.0010829861843159024,0.00013690683164352494
9.98944,3.3,1.524175,0.9853738,0.0008814458,1.5976447039172461,3.3,1.5178670610697154,0.9788335122035121,0.0017536390081823376,3.3,1.51571645728907,0.9788337052852029,0.0017536391993786236,0.9788337052852029,0.0017536391993786236,0.0,0.0,0.0,0.9788337052852029,0.0017536391993786236,0.0,0.0,3.3,1.5138388176974138,0.9780230988625729,0.0018033403101409718,0.9784606103483552,0.001753269747639408,0.0,0.024733804816444653,0.0,0.618257350308631,7.865711115015785,1.109944426715079,13.86571111501464,0.618257350308631,0.0,0.4916870764064483,0.0,0.0,0.0,0.0,0.0038814754183143,0.9964005392635383,0.0,0.0,0.0,0.0,0.0,0.0,0.9784606103483552,0.001753269747639408,0.0004375114857822829,5.007056250156304e-05,3.3,1.5138388176974138,0.9780230988625729,0.0018033403101409718,0.9784606103483552,0.001753269747639408,0.0,0.024733804816444653,0.0,0.618257350308631,7.865711115015785,1.109944426715079,13.86571111501464,0.9068243400544136,6.865711115015974,0.9558131373419678,6.865711115015974,0.9068243400544136,0.0,0.04898879728755423,0.0,0.0,0.0,0.0,0.0038814754183143,0.9964005392635383,0.0,0.0,0.0,0.0,0.0,0.0,0.9784606103483552,0.001753269747639408,0.0004375114857822829,5.007056250156304e-05
10.0,3.3,1.52447,0.984024,0.0008807764,1.597747,3.2999999999998826,1.518356972801911,0.9811912146170064,0.001755973688102086,3.2999999999998826,1.516279064221887,0.9811910186244631,0.001755973494023371,0.9811910186244631,0.001755973494023371,0.0,0.0,0.0,0.9811910186244631,0.001755973494023371,0.0,0.0,3.2999999999998826,1.5143427435506542,0.979902287743637,0.0018043576371320155,0.9813384440114908,0.001756119479830904,0.0,0.03926072410349777,0.0,0.618257350308631,7.865711115015785,1.109944426715079,13.86571111501464,0.618257350308631,0.0,0.4916870764064483,0.0,0.0,0.0,0.0,0.0038814754183143,0.9964005392635383,0.0,0.0,0.0,0.0,0.0,0.0,0.9813384440114908,0.001756119479830904,0.0014361562678538702,4.82381573011118e-05,3.2999999999998826,1.5143427435506542,0.979902287743637,0.0018043576371320155,0.9813384440114908,0.001756119479830904,0.0,0.03926072410349777,0.0,0.618257350308631,7.865711115015785,1.109944426715079,13.86571111501464,0.9068243400544136,6.865711115015974,0.9558131373419678,6.865711115015974,0.9068243400544136,0.0,0.04898879728755423,0.0,0.0,0.0,0.0,0.0038814754183143,0.9964005392635383,0.0,0.0,0.0,0.0,0.0,0.0,0.9813384440114908,0.001756119479830904,0.0014361562678538702,4.82381573011118e-05
10.00026,3.282576,1.524476,0.984024,0.0008807764,1.5976083333333329,3.282839999999942,1.5183660294042047,0.9811912442778056,0.0017559737174732536,3.282840000000029,1.5162820417850986,0.9811910532172476,0.001755973528278364,0.9811910532172476,0.001755973528278364,0.0,0.0,0.0,0.9811910532172476,0.001755973528278364,0.0,0.0,3.2828400000000824,1.514368848402396,0.9799728275990479,0.001801970718118501,0.9813279520589893,0.0017561090903302247,0.0,0.040810416469788724,0.0,0.618257350308631,7.865711115015785,1.109944426715079,13.86571111501464,0.618257350308631,0.0,0.4916870764064483,0.0,0.0,0.0,0.0,0.0038814754183143,0.9964005392635383,0.0,0.0,0.0,0.0,0.0,0.0,0.9813279520589893,0.0017561090903302247,0.0013551244599414002,4.5861627788276476e-05,3.2828400000000824,1.514368848402396,0.9799728275990479,0.001801970718118501,0.9813279520589893,0.0017561090903302247,0.0,0.040810416469788724,0.0,0.618257350308631,7.865711115015785,1.109944426715079,13.86571111501464,0.9068243400544136,6.865711115015974,0.9558131373419678,6.865711115015974,0.9068243400544136,0.0,0.04898879728755423,0.0,0.0,0.0,0.0,0.0038814754183143,0.9964005392635383,0.0,0.0,0.0,0.0,0.0,0.0,0.9813279520589893,0.0017561090903302247,0.0013551244599414002,4.5861627788276476e-05
10.00079,3.247835,1.524486,0.984024,0.0008807764,1.5973256666666664,3.247860000000108,1.518390943453447,0.9811910525240807,0.0017559735275919654,3.2478600000001028,1.5162896925904759,0.9811910309044831,0.0017559735061834787,0.9811910309044831,0.0017559735061834787,0.0,0.0,0.0,0.9811910309044831,0.0017559735061834787,0.0,0.0,3.247860000000151,1.5144027622906848,0.9801043464378982,0.0017974532358556996,0.9813016053544461,0.0017560830008959962,0.0,0.04199354528193688,0.0,0.618257350308631,7.865711115015785,1.109944426715079,13.86571111501464,0.618257350308631,0.0,0.4916870764064483,0.0,0.0,0.0,0.0,0.0038814754183143,0.9964005392635383,0.0,0.0,0.0,0.0,0.0,0.0,0.9813016053544461,0.0017560830008959962,0.0011972589165479563,4.137023495970379e-05,3.247860000000151,1.5144027622906848,0.9801043464378982,0.0017974532358556996,0.9813016053544461,0.0017560830008959962,0.0,0.04199354528193688,0.0,0.618257350308631,7.865711115015785,1.109944426715079,13.86571111501464,0.9068243400544136,6.865711115015974,0.9558131373419678,6.865711115015974,0.9068243400544136,0.0,0.04898879728755423,0.0,0.0,0.0,0.0,0.0038814754183143,0.9964005392635383,0.0,0.0,0.0,0.0,0.0,0.0,0.9813016053544461,0.0017560830008959962,0.0011972589165479563,4.137023495970379e-05
10.00247,3.136661,1.524519,0.984024,0.0008807764,1.5964249999999998,3.136979999999847,1.5184230704952646,0.9802571436198969,0.001755048738121932,3.13697999999987,1.5163504314525171,0.980433436097191,0.0017552233091383527,0.980433436097191,0.0017552233091383527,0.0,0.0,0.0,0.980433436097191,0.0017552233091383527,0.0,0.0,3.13697999999997,1.514551794355355,0.98042890486894,0.001785720735066213,0.9812098402456003,0.0017559921318551326,0.0,0.04919688931795261,0.0,0.618257350308631,7.865711115015785,1.109944426715079,13.86571111501464,0.618257350308631,0.0,0.4916870764064483,0.0,0.0,0.0,0.0,0.0038814754183143,0.9964005392635383,0.0,0.0,0.0,0.0,0.0,0.0,0.9812098402456003,0.0017559921318551326,0.0007809353766604101,2.9728603211080563e-05,3.13697999999997,1.514551794355355,0.98042890486894,0.001785720735066213,0.9812098402456003,0.0017559921318551326,0.0,0.04919688931795261,0.0,0.618257350308631,7.865711115015785,1.109944426715079,13.86571111501464,0.9068243400544136,6.865711115015974,0.9558131373419678,6.865711115015974,0.9068243400544136,0.0,0.04898879728755423,0.0,0.0,0.0,0.0,0.0038814754183143,0.9964005392635383,0.0,0.0,0.0,0.0,0.0,0.0,0.9812098402456003,0.0017559921318551326,0.0007809353766604101,2.9728603211080563e-05
10.007869999999999,2.780905,1.524627,0.984208,0.0008808677,1.592243538461539,2.780580000000013,1.5184626220754054,0.979684522004166,0.0017544817080420501,2.780580000000265,1.5165027098663824,0.9796880920991339,0.0017544852432757533,0.9796880920991339,0.0017544852432757533,0.0,0.0,0.0,0.9796880920991339,0.0017544852432757533,0.0,0.0,2.7805799999998793,1.5147828213387753,0.9795225935753998,0.001829609284905643,0.9798350544609673,0.00175463077057944,0.0,0.04523411486605247,0.0,0.618257350308631,7.865711115015785,1.109944426715079,13.86571111501464,0.618257350308631,0.0,0.4916870764064483,0.0,0.0,0.0,0.0,0.0038814754183143,0.9964005392635383,0.0,0.0,0.0,0.0,0.0,0.0,0.9798350544609673,0.00175463077057944,0.0003124608855673803,7.497851432620376e-05,2.7805799999998793,1.5147828213387753,0.9795225935753998,0.001829609284905643,0.9798350544609673,0.00175463077057944,0.0,0.04523411486605247,0.0,0.618257350308631,7.865711115015785,1.109944426715079,13.86571111501464,0.9068243400544136,6.865711115015974,0.9558131373419678,6.865711115015974,0.9068243400544136,0.0,0.04898879728755423,0.0,0.0,0.0,0.0,0.0038814754183143,0.9964005392635383,0.0,0.0,0.0,0.0,0.0,0.0,0.9798350544609673,0.00175463077057944,0.0003124608855673803,7.497851432620376e-05
10.025110000000002,1.642487,1.525136,0.9865595,0.0008820339,1.575765070277241,1.6427400000000538,1.5187697331163958,0.9815914204004463,0.0017563699859558855,1.642739999999601,1.5167970111888163,0.9815289876637117,0.0017563081628623712,0.9815289876637117,0.0017563081628623712,0.0,0.0,0.0,0.9815289876637117,0.0017563081628623712,0.0,0.0,1.6427399999998766,1.5153015579313642,0.9779243952391118,0.0018842304830812642,0.9795144793455633,0.0017543133258160876,0.0,0.032440828586300464,0.0,0.618257350308631,7.865711115015785,1.109944426715079,13.86571111501464,0.618257350308631,0.0,0.4916870764064483,0.0,0.0,0.0,0.0,0.0038814754183143,0.9964005392635383,0.0,0.0,0.0,0.0,0.0,0.0,0.9795144793455633,0.0017543133258160876,0.0022774722747453662,0.00012991715726517626,1.6427399999998766,1.5153015579313642,0.9779243952391118,0.0018842304830812642,0.9795144793455633,0.0017543133258160876,0.0,0.032440828586300464,0.0,0.618257350308631,7.865711115015785,1.109944426715079,13.86571111501464,0.9068243400544136,6.865711115015974,0.9558131373419678,6.865711115015974,0.9068243400544136,0.0,0.04898879728755423,0.0,0.0,0.0,0.0,0.0038814754183143,0.9964005392635383,0.0,0.0,0.0,0.0,0.0,0.0,0.9795144793455633,0.0017543133258160876,0.0022774722747453662,0.00012991715726517626
10.04507,0.3254,1.5257,0.9849748,0.000881248,1.586625487226278,0.32537999999993317,1.522000201940227,0.9967675519813336,0.001559962138858594,0.32538000000001005,1.5206204205629772,0.9967675519813333,0.0015599621388584764,0.9967675519813333,0.0015599621388584764,0.0,0.0,0.0,0.9967675519813333,0.0015599621388584764,0.0,0.0,0.32537999999978595,1.5183505558775232,0.9970712693602203,0.001110926971520612,0.9967675519813327,0.0015599621388582723,0.0,0.16855109179860242,0.0,0.618257350308631,7.865711115015785,1.109944426715079,13.86571111501464,7.865711115015785,0.0,5.999999999998857,1.0,0.0,0.0,0.0,0.9977324945445993,0.001307235637763012,0.0,0.0,0.0,0.0,0.0,0.0,0.9967675519813327,0.0015599621388582723,0.0003037173788875559,0.0004490351673376604,0.32537999999978595,1.5183505558775232,0.9970712693602203,0.001110926971520612,0.9967675519813327,0.0015599621388582723,0.0,0.16855109179860242,0.0,0.618257350308631,7.865711115015785,1.109944426715079,13.86571111501464,0.9068243400544136,6.865711115015974,0.9558131373419678,6.865711115015974,6.865711115015974,0.0,0.0,0.0,0.0,0.0,0.0,0.9977324945445993,0.001307235637763012,0.0,0.0,0.0,0.0,0.0,0.0,0.9967675519813327,0.0015599621388582723,0.0003037173788875559,0.0004490351673376604
10.04607,0.2594,1.525718,0.9849748,0.000881248,1.5879191003649633,0.25937999999996997,1.5220924145837165,0.9967675519813336,0.001559962138858594,0.2593800000001057,1.5207550608803055,0.9967675519813324,0.0015599621388581104,0.9967675519813324,0.0015599621388581104,0.0,0.0,0.0,0.9967675519813324,0.0015599621388581104,0.0,0.0,0.2593799999998226,1.5185571836182614,0.9970141513258844,0.0012007536868874806,0.9967675519813335,0.0015599621388585722,0.0,0.17243024918828911,0.0,0.618257350308631,7.865711115015785,1.109944426715079,13.86571111501464,7.865711115015785,0.0,5.999999999998857,1.0,0.0,0.0,0.0,0.9977324945445993,0.001307235637763012,0.0,0.0,0.0,0.0,0.0,0.0,0.9967675519813335,0.0015599621388585722,0.00024659934455093934,0.00035920845197109176,0.2593799999998226,1.5185571836182614,0.9970141513258844,0.0012007536868874806,0.9967675519813335,0.0015599621388585722,0.0,0.17243024918828911,0.0,0.618257350308631,7.865711115015785,1.109944426715079,13.86571111501464,0.9068243400544136,6.865711115015974,0.9558131373419678,6.865711115015974,6.865711115015974,0.0,0.0,0.0,0.0,0.0,0.0,0.9977324945445993,0.001307235637763012,0.0,0.0,0.0,0.0,0.0,0.0,0.9967675519813335,0.0015599621388585722,0.00024659934455093934,0.00035920845197109176
10.04707,0.1934,1.525735,0.9849748,0.000881248,1.5892127135036485,0.19338000000000677,1.5221818518227506,0.9967675519813336,0.001559962138858594,0.19338000000020134,1.520898437992567,0.9967675519813327,0.0015599621388582435,0.9967675519813327,0.0015599621388582435,0.0,0.0,0.0,0.9967675519813327,0.0015599621388582435,0.0,0.0,0.1933799999998373,1.5187683726323076,0.9969702643890844,0.0012665768838128443,0.9967675519813348,0.0015599621388590155,0.0,0.1761200880322901,0.0,0.618257350308631,7.865711115015785,1.109944426715079,13.86571111501464,7.865711115015785,0.0,5.999999999998857,1.0,0.0,0.0,0.0,0.9977324945445993,0.001307235637763012,0.0,0.0,0.0,0.0,0.0,0.0,0.9967675519813348,0.0015599621388590155,0.00020271240774965155,0.00029338525504617175,0.1933799999998373,1.5187683726323076,0.9969702643890844,0.0012665768838128443,0.9967675519813348,0.0015599621388590155,0.0,0.1761200880322901,0.0,0.618257350308631,7.865711115015785,1.109944426715079,13.86571111501464,0.9068243400544136,6.865711115015974,0.9558131373419678,6.865711115015974,6.865711115015974,0.0,0.0,0.0,0.0,0.0,0.0,0.9977324945445993,0.001307235637763012,0.0,0.0,0.0,0.0,0.0,0.0,0.9967675519813348,0.0015599621388590155,0.00020271240774965155,0.00029338525504617175
10.04716,0.1873562,1.525751,0.9999603,2.58157e-05,1.5893291386861306,0.1874399999999972,1.5221899011742634,0.9967675519813336,0.001559962138858594,0.18744000000019706,1.5209117086789856,0.9967675519813328,0.0015599621388582765,0.9967675519813328,0.0015599621388582765,0.0,0.0,0.0,0.9967675519813328,0.0015599621388582765,0.0,0.0,0.18743999999982555,1.518787411572304,0.9969664071819304,0.0012723329478589872,0.9967675519813349,0.0015599621388590562,0.0,0.17645084830593913,0.0,0.618257350308631,7.865711115015785,1.109944426715079,13.86571111501464,7.865711115015785,0.0,5.999999999998857,1.0,0.0,0.0,0.0,0.9977324945445993,0.001307235637763012,0.0,0.0,0.0,0.0,0.0,0.0,0.9967675519813349,0.0015599621388590562,0.0001988552005955521,0.0002876291910000699,0.18743999999982555,1.518787411572304,0.9969664071819304,0.0012723329478589872,0.9967675519813349,0.0015599621388590562,0.0,0.17645084830593913,0.0,0.618257350308631,7.865711115015785,1.109944426715079,13.86571111501464,0.9068243400544136,6.865711115015974,0.9558131373419678,6.865711115015974,6.865711115015974,0.0,0.0,0.0,0.0,0.0,0.0,0.9977324945445993,0.001307235637763012,0.0,0.0,0.0,0.0,0.0,0.0,0.9967675519813349,0.0015599621388590562,0.0001988552005955521,0.0002876291910000699
10.047270000000001,0.1803497,1.52577,0.999912,5.416222e-05,1.5894714361313875,0.18017999999992035,1.5221997392705573,0.9967675519813336,0.001559962138858594,0.18018000000012668,1.5209279284068307,0.9967675519813329,0.0015599621388583168,0.9967675519813329,0.0015599621388583168,0.0,0.0,0.0,0.9967675519813329,0.0015599621388583168,0.0,0.0,0.1801799999997461,1.5188106813878555,0.996961692817631,0.0012793681372487804,0.996767551981335,0.0015599621388591063,0.0,0.17685511086262493,0.0,0.618257350308631,7.865711115015785,1.109944426715079,13.86571111501464,7.865711115015785,0.0,5.999999999998857,1.0,0.0,0.0,0.0,0.9977324945445993,0.001307235637763012,0.0,0.0,0.0,0.0,0.0,0.0,0.996767551981335,0.0015599621388591063,0.00019414083629605493,0.0002805940016103268,0.1801799999997461,1.5188106813878555,0.996961692817631,0.0012793681372487804,0.996767551981335,0.0015599621388591063,0.0,0.17685511086262493,0.0,0.618257350308631,7.865711115015785,1.109944426715079,13.86571111501464,0.9068243400544136,6.865711115015974,0.9558131373419678,6.865711115015974,6.865711115015974,0.0,0.0,0.0,0.0,0.0,0.0,0.9977324945445993,0.001307235637763012,0.0,0.0,0.0,0.0,0.0,0.0,0.996767551981335,0.0015599621388591063,0.00019414083629605493,0.0002805940016103268
10.04748,0.1661715,1.525807,0.9998141,0.0001115227,1.5897430948905105,0.16631999999997615,1.5222185210907544,0.9967675519813336,0.001559962138858594,0.16632000000019484,1.5209588933418072,0.996767551981333,0.0015599621388583938,0.996767551981333,0.0015599621388583938,0.0,0.0,0.0,0.996767551981333,0.0015599621388583938,0.0,0.0,0.1663199999997936,1.5188550838215304,0.9969528757515144,0.0012925060618015276,0.9967675519813353,0.0015599621388591844,0.0,0.17761601021628284,0.0,0.618257350308631,7.865711115015785,1.109944426715079,13.86571111501464,7.865711115015785,0.0,5.999999999998857,1.0,0.0,0.0,0.0,0.9977324945445993,0.001307235637763012,0.0,0.0,0.0,0.0,0.0,0.0,0.9967675519813353,0.0015599621388591844,0.00018532377017916503,0.0002674560770576578,0.1663199999997936,1.5188550838215304,0.9969528757515144,0.0012925060618015276,0.9967675519813353,0.0015599621388591844,0.0,0.17761601021628284,0.0,0.618257350308631,7.865711115015785,1.109944426715079,13.86571111501464,0.9068243400544136,6.865711115015974,0.9558131373419678,6.865711115015974,6.865711115015974,0.0,0.0,0.0,0.0,0.0,0.0,0.9977324945445993,0.001307235637763012,0.0,0.0,0.0,0.0,0.0,0.0,0.9967675519813353,0.0015599621388591844,0.00018532377017916503,0.0002674560770576578
10.04764,0.1556672,1.525834,0.9997416,0.0001540197,1.5899500729926992,0.15576000000002427,1.5222328310489999,0.9967675519813336,0.001559962138858594,0.15576000000025236,1.520982485673218,0.9967675519813333,0.0015599621388584523,0.9967675519813333,0.0015599621388584523,0.0,0.0,0.0,0.9967675519813333,0.0015599621388584523,0.0,0.0,0.1557599999998104,1.5188887478533335,0.9969475580111031,0.0013002761968035313,0.996767551981335,0.0015599621388591117,0.0,0.1781125859450966,0.0,0.618257350308631,7.865711115015785,1.109944426715079,13.86571111501464,7.865711115015785,0.0,5.999999999998857,1.0,0.0,0.0,0.0,0.9977324945445993,0.001307235637763012,0.0,0.0,0.0,0.0,0.0,0.0,0.996767551981335,0.0015599621388591117,0.0001800060297680908,0.0002596859420555811,0.1557599999998104,1.5188887478533335,0.9969475580111031,0.0013002761968035313,0.996767551981335,0.0015599621388591117,0.0,0.1781125859450966,0.0,0.618257350308631,7.865711115015785,1.109944426715079,13.86571111501464,0.9068243400544136,6.865711115015974,0.9558131373419678,6.865711115015974,6.865711115015974,0.0,0.0,0.0,0.0,0.0,0.0,0.9977324945445993,0.001307235637763012,0.0,0.0,0.0,0.0,0.0,0.0,0.996767551981335,0.0015599621388591117,0.0001800060297680908,0.0002596859420555811
10.04815,0.1220536,1.525919,0.9995096,0.0002900102,1.5906098156934294,0.12210000000001875,1.5222780346609455,0.9967675519813336,0.001559962138858594,0.12210000000002363,1.5210696817766485,0.9964098665353669,0.0014265692526590384,0.9964098665353669,0.0014265692526590384,0.0,0.0,0.0,0.9964098665353669,0.0014265692526590384,0.0,0.0,0.12209999999969545,1.518996051954706,0.9969306077135421,0.001325043502122543,0.9967675519813344,0.00155996213885888,0.0,0.17969542108069847,0.0,0.618257350308631,7.865711115015785,1.109944426715079,13.86571111501464,7.865711115015785,0.0,5.999999999998857,1.0,0.0,0.0,0.0,0.9977324945445993,0.001307235637763012,0.0,0.0,0.0,0.0,0.0,0.0,0.9967675519813344,0.00155996213885888,0.00016305573220770677,0.00023491863673633773,0.12209999999969545,1.518996051954706,0.9969306077135421,0.001325043502122543,0.9967675519813344,0.00155996213885888,0.0,0.17969542108069847,0.0,0.618257350308631,7.865711115015785,1.109944426715079,13.86571111501464,0.9068243400544136,6.865711115015974,0.9558131373419678,6.865711115015974,6.865711115015974,0.0,0.0,0.0,0.0,0.0,0.0,0.9977324945445993,0.001307235637763012,0.0,0.0,0.0,0.0,0.0,0.0,0.9967675519813344,0.00155996213885888,0.00016305573220770677,0.00023491863673633773
10.04978,0.01448998,1.526176,0.9987673,0.0007251797,1.5927184051094883,0.01452000000007063,1.522420359902865,0.9967675519813336,0.001559962138858594,0.01452000000002987,1.5214040245702987,1.0043454234258968,0.002665765659366395,1.0043454234258968,0.002665765659366395,0.0,0.0,0.0,1.0043454234258968,0.002665765659366395,0.0,0.0,0.014519999999941458,1.5192959037950338,0.9971505206372191,0.0013927083901294202,1.0023789806781742,0.0022702777214142467,0.0,0.1803497625818322,0.0,0.618257350308631,7.865711115015785,1.109944426715079,13.86571111501464,7.865711115015785,0.0,5.999999999998857,1.0,0.0,0.0,0.0,0.9977324945445993,0.001307235637763012,0.0,0.0,0.0,0.0,0.0,0.0,1.0023789806781742,0.0022702777214142467,0.005228460040954802,0.0008775693312848267,0.014519999999941458,1.5192959037950338,0.9971505206372191,0.0013927083901294202,1.0023789806781742,0.0022702777214142467,0.0,0.1803497625818322,0.0,0.618257350308631,7.865711115015785,1.109944426715079,13.86571111501464,0.9068243400544136,6.865711115015974,0.9558131373419678,6.865711115015974,6.865711115015974,0.0,0.0,0.0,0.0,0.0,0.0,0.9977324945445993,0.001307235637763012,0.0,0.0,0.0,0.0,0.0,0.0,1.0023789806781742,0.0022702777214142467,0.005228460040954802,0.0008775693312848267
10.05,0.0,1.526208,0.9986673,0.0007838018,1.593003,0.0,1.522443133597131,0.9966681526856223,0.001522892811351288,0.0,1.521449831587916,1.005103905292164,0.002835468372875375,1.005103905292164,0.002835468372875375,0.0,0.0,0.0,1.005103905292164,0.002835468372875375,0.0,0.0,0.0,1.519335523305297,0.9974014761922122,0.001436536280783289,1.004896626596905,0.00278566313752576,0.0,0.1803440100607645,0.0,0.618257350308631,7.865711115015785,1.109944426715079,13.86571111501464,7.865711115015785,0.0,5.999999999998857,1.0,0.0,0.0,0.0,0.9977324945445993,0.001307235637763012,0.0,0.0,0.0,0.0,0.0,0.0,1.004896626596905,0.00278566313752576,0.007495150404692397,0.001349126856742472,0.0,1.519335523305297,0.9974014761922122,0.001436536280783289,1.004896626596905,0.00278566313752576,0.0,0.1803440100607645,0.0,0.618257350308631,7.865711115015785,1.109944426715079,13.86571111501464,0.9068243400544136,6.865711115015974,0.9558131373419678,6.865711115015974,6.865711115015974,0.0,0.0,0.0,0.0,0.0,0.0,0.9977324945445993,0.001307235637763012,0.0,0.0,0.0,0.0,0.0,0.0,1.004896626596905,0.00278566313752576,0.007495150404692397,0.001349126856742472
10.05005,0.0,1.526216,0.9986423,0.0007984573,1.5931742790697672,0.0,1.5224498718499773,0.9965470730612485,0.0014777381629380124,0.0,1.521460494279467,1.005198704242867,0.002858246806736,1.005198704242867,0.002858246806736,0.0,0.0,0.0,1.005198704242867,0.002858246806736,0.0,0.0,0.0,1.5193466809167726,0.9974770728973226,0.0014502063711525099,1.0050917631336929,0.002832550836851895,0.0,0.18055748872951946,0.0,0.618257350308631,7.865711115015785,1.109944426715079,13.86571111501464,7.865711115015785,0.0,5.999999999998857,1.0,0.0,0.0,0.0,0.9977324945445993,0.001307235637763012,0.0,0.0,0.0,0.0,0.0,0.0,1.0050917631336929,0.002832550836851895,0.007614690236370051,0.0013823444656993857,0.0,1.5193466809167726,0.9974770728973226,0.0014502063711525099,1.0050917631336929,0.002832550836851895,0.0,0.18055748872951946,0.0,0.618257350308631,7.865711115015785,1.109944426715079,13.86571111501464,0.9068243400544136,6.865711115015974,0.9558131373419678,6.865711115015974,6.865711115015974,0.0,0.0,0.0,0.0,0.0,0.0,0.9977324945445993,0.001307235637763012,0.0,0.0,0.0,0.0,0.0,0.0,1.0050917631336929,0.002832550836851895,0.007614690236370051,0.0013823444656993857
10.05014,0.0,1.526229,0.9986041,0.000820838,1.5934825813953493,0.0,1.5224623658330276,0.996312916690517,0.0013904134074409686,0.0,1.5214815639032537,1.0053421176538635,0.0028927063959282096,1.0053421176538635,0.0028927063959282096,0.0,0.0,0.0,1.0053421176538635,0.0028927063959282096,0.0,0.0,0.0,1.5193647254017728,0.9976157975523234,0.0014755797299435681,1.0053801744011792,0.002901850728173051,0.0,0.18073601254699398,0.0,0.618257350308631,7.865711115015785,1.109944426715079,13.86571111501464,7.865711115015785,0.0,5.999999999998857,1.0,0.0,0.0,0.0,0.9977324945445993,0.001307235637763012,0.0,0.0,0.0,0.0,0.0,0.0,1.0053801744011792,0.002901850728173051,0.00776437684885586,0.0014262709982294822,0.0,1.5193647254017728,0.9976157975523234,0.0014755797299435681,1.0053801744011792,0.002901850728173051,0.0,0.18073601254699398,0.0,0.618257350308631,7.865711115015785,1.109944426715079,13.86571111501464,0.9068243400544136,6.865711115015974,0.9558131373419678,6.865711115015974,6.865711115015974,0.0,0.0,0.0,0.0,0.0,0.0,0.9977324945445993,0.001307235637763012,0.0,0.0,0.0,0.0,0.0,0.0,1.0053801744011792,0.002901850728173051,0.00776437684885586,0.0014262709982294822
10.05037,0.0,1.526262,0.9984996,0.0008821065,1.5942704651162745,0.0,1.5224876482387681,0.9956374510007644,0.0011385096218638167,0.0,1.5215285170877217,1.0055714839710714,0.002947818878161555,1.0055714839710714,0.002947818878161555,0.0,0.0,0.0,1.0055714839710714,0.002947818878161555,0.0,0.0,0.0,1.51940872242817,0.9979738964039677,0.001541953346840124,1.0057852218217918,0.0029991761290595067,0.0,0.1809759258181324,0.0,0.618257350308631,7.865711115015785,1.109944426715079,13.86571111501464,7.865711115015785,0.0,5.999999999998857,1.0,0.0,0.0,0.0,0.9977324945445993,0.001307235637763012,0.0,0.0,0.0,0.0,0.0,0.0,1.0057852218217918,0.0029991761290595067,0.007811325417823781,0.0014572227822193821,0.0,1.51940872242817,0.9979738964039677,0.001541953346840124,1.0057852218217918,0.0029991761290595067,0.0,0.1809759258181324,0.0,0.618257350308631,7.865711115015785,1.109944426715079,13.86571111501464,0.9068243400544136,6.865711115015974,0.9558131373419678,6.865711115015974,6.865711115015974,0.0,0.0,0.0,0.0,0.0,0.0,0.9977324945445993,0.001307235637763012,0.0,0.0,0.0,0.0,0.0,0.0,1.0057852218217918,0.0029991761290595067,0.007811325417823781,0.0014572227822193821
10.0511,0.0,1.526365,0.9981651,0.001078166,1.5967052992700725,0.0,1.5225753876645196,0.9981998010215863,0.0014527788620384966,0.0,1.5217011023985068,1.0051727131370047,0.0028520016248909327,1.0051727131370047,0.0028520016248909327,0.0,0.0,0.0,1.0051727131370047,0.0028520016248909327,0.0,0.0,0.0,1.5195427982974434,0.9989544928798557,0.001721277128289522,1.004996506073553,0.0028096623277699315,0.0,0.1811627991203941,0.0,0.618257350308631,7.865711115015785,1.109944426715079,13.86571111501464,7.865711115015785,0.0,5.999999999998857,1.0,0.0,0.0,0.0,0.9977324945445993,0.001307235637763012,0.0,0.0,0.0,0.0,0.0,0.0,1.004996506073553,0.0028096623277699315,0.006042013193697584,0.0010883851994804093,0.0,1.5195427982974434,0.9989544928798557,0.001721277128289522,1.004996506073553,0.0028096623277699315,0.0,0.1811627991203941,0.0,0.618257350308631,7.865711115015785,1.109944426715079,13.86571111501464,0.9068243400544136,6.865711115015974,0.9558131373419678,6.865711115015974,6.865711115015974,0.0,0.0,0.0,0.0,0.0,0.0,0.9977324945445993,0.001307235637763012,0.0,0.0,0.0,0.0,0.0,0.0,1.004996506073553,0.0028096623277699315,0.006042013193697584,0.0010883851994804093
10.05345,0.0,1.526667,0.9974671,0.001723588,1.6041549313501144,0.0,1.52304302779795,1.0054590206249683,0.0029207960169173285,0.0,1.5222649686220155,1.0046718671567043,0.002731657602599813,1.0046718671567043,0.002731657602599813,0.0,0.0,0.0,1.0046718671567043,0.002731657602599813,0.0,0.0,0.0,1.5200044588602855,1.0011740769406836,0.0021173097990625092,1.0046718671567059,0.002731657602600196,0.0,0.1843707859973583,0.0,0.618257350308631,7.865711115015785,1.109944426715079,13.86571111501464,7.865711115015785,0.0,5.999999999998857,1.0,0.0,0.0,0.0,0.9977324945445993,0.001307235637763012,0.0,0.0,0.0,0.0,0.0,0.0,1.0046718671567059,0.002731657602600196,0.0034977902160217944,0.0006143478035376867,0.0,1.5200044588602855,1.0011740769406836,0.0021173097990625092,1.0046718671567059,0.002731657602600196,0.0,0.1843707859973583,0.0,0.618257350308631,7.865711115015785,1.109944426715079,13.86571111501464,0.9068243400544136,6.865711115015974,0.9558131373419678,6.865711115015974,6.865711115015974,0.0,0.0,0.0,0.0,0.0,0.0,0.9977324945445993,0.001307235637763012,0.0,0.0,0.0,0.0,0.0,0.0,1.0046718671567059,0.002731657602600196,0.0034977902160217944,0.0006143478035376867
10.060970000000001,0.0,1.527521,0.9984198,0.002676675,1.6254164378698266,0.0,1.524517474057169,1.0076133489910162,0.0034244083960611083,0.0,1.5237937481578123,1.0064266155786592,0.0030614412009885234,1.0064266155786592,0.0030614412009885234,0.0,0.0,0.0,1.0064266155786592,0.0030614412009885234,0.0,0.0,0.0,1.5215357031134504,1.0046378430294194,0.002750086891656502,1.006509985944324,0.0030843032753622777,0.0,0.19546933450574117,0.0,0.618257350308631,7.865711115015785,1.109944426715079,13.86571111501464,7.865711115015785,0.0,5.999999999998857,1.0,0.0,0.0,0.0,0.9977324945445993,0.001307235637763012,0.0,0.0,0.0,0.0,0.0,0.0,1.006509985944324,0.0030843032753622777,0.0018721429149042284,0.0003342163837057749,0.0,1.5215357031134504,1.0046378430294194,0.002750086891656502,1.006509985944324,0.0030843032753622777,0.0,0.19546933450574117,0.0,0.618257350308631,7.865711115015785,1.109944426715079,13.86571111501464,0.9068243400544136,6.865711115015974,0.9558131373419678,6.865711115015974,6.865711115015974,0.0,0.0,0.0,0.0,0.0,0.0,0.9977324945445993,0.001307235637763012,0.0,0.0,0.0,0.0,0.0,0.0,1.006509985944324,0.0030843032753622777,0.0018721429149042284,0.0003342163837057749
10.07798,0.0,1.529906,1.009152,0.004004013,1.6563775691699607,0.0,1.5275159481975178,1.0025696237329493,0.0020037652062581037,0.0,1.5270658623347388,1.002561605919437,0.002001566537134419,1.002561605919437,0.002001566537134419,0.0,0.0,0.0,1.002561605919437,0.002001566537134419,0.0,0.0,0.0,1.5249937433082579,1.0032080169456812,0.0021842665954140868,1.0025616059194364,0.002001566537134191,0.0,0.1960312963154749,0.0,0.618257350308631,7.865711115015785,1.109944426715079,13.86571111501464,7.865711115015785,0.0,5.999999999998857,1.0,0.0,0.0,0.0,0.9977324945445993,0.001307235637763012,0.0,0.0,0.0,0.0,0.0,0.0,1.0025616059194364,0.002001566537134191,0.0006464110262452472,0.00018270005827989604,0.0,1.5249937433082579,1.0032080169456812,0.0021842665954140868,1.0025616059194364,0.002001566537134191,0.0,0.1960312963154749,0.0,0.618257350308631,7.865711115015785,1.109944426715079,13.86571111501464,0.9068243400544136,6.865711115015974,0.9558131373419678,6.865711115015974,6.865711115015974,0.0,0.0,0.0,0.0,0.0,0.0,0.9977324945445993,0.001307235637763012,0.0,0.0,0.0,0.0,0.0,0.0,1.0025616059194364,0.002001566537134191,0.0006464110262452472,0.00018270005827989604
10.096770000000001,0.0,1.532645,1.003215,0.001778335,1.6658657954545448,0.0,1.5305105879701009,1.0041743042788454,0.001778732352478122,0.0,1.5303445042205492,1.004165420449625,0.0017787235553977222,1.004165420449625,0.0017787235553977222,0.0,0.0,0.0,1.004165420449625,0.0017787235553977222,0.0,0.0,0.0,1.5282972488201223,1.0045929533591165,0.0017889960355681575,1.004164783940136,0.0017787229251036208,0.0,0.17942612274747757,0.0,0.618257350308631,7.865711115015785,1.109944426715079,13.86571111501464,7.865711115015785,0.0,5.999999999998857,1.0,0.0,0.0,0.0,0.9977324945445993,0.001307235637763012,0.0,0.0,0.0,0.0,0.0,0.0,1.004164783940136,0.0017787229251036208,0.00042816941898075764,1.027311046453624e-05,0.0,1.5282972488201223,1.0045929533591165,0.0017889960355681575,1.004164783940136,0.0017787229251036208,0.0,0.17942612274747757,0.0,0.618257350308631,7.865711115015785,1.109944426715079,13.86571111501464,0.9068243400544136,6.865711115015974,0.9558131373419678,6.865711115015974,6.865711115015974,0.0,0.0,0.0,0.0,0.0,0.0,0.9977324945445993,0.001307235637763012,0.0,0.0,0.0,0.0,0.0,0.0,1.004164783940136,0.0017787229251036208,0.00042816941898075764,1.027311046453624e-05
10.113539999999999,0.0,1.534442,1.002462,0.001777589,1.657259214145386,0.0,1.5326554318293797,1.0060022362902346,0.0017805424350980628,0.0,1.532670445444449,1.0061454878991212,0.0017806842878835647,1.0061454878991212,0.0017806842878835647,0.0,0.0,0.0,1.0061454878991212,0.0017806842878835647,0.0,0.0,0.0,1.5306601994920552,1.0051646293198149,0.0017800338788501987,1.006137761303684,0.001780676636736791,0.0,0.14429231828397027,0.0,0.618257350308631,7.865711115015785,1.109944426715079,13.86571111501464,7.865711115015785,0.0,5.999999999998857,1.0,0.0,0.0,0.0,0.9977324945445993,0.001307235637763012,0.0,0.0,0.0,0.0,0.0,0.0,1.006137761303684,0.001780676636736791,0.0009731319838695983,6.427578865924279e-07,0.0,1.5306601994920552,1.0051646293198149,0.0017800338788501987,1.006137761303684,0.001780676636736791,0.0,0.14429231828397027,0.0,0.618257350308631,7.865711115015785,1.109944426715079,13.86571111501464,0.9068243400544136,6.865711115015974,0.9558131373419678,6.865711115015974,6.865711115015974,0.0,0.0,0.0,0.0,0.0,0.0,0.9977324945445993,0.001307235637763012,0.0,0.0,0.0,0.0,0.0,0.0,1.006137761303684,0.001780676636736791,0.0009731319838695983,6.427578865924279e-07
10.134039999999999,0.0,1.536464,1.0051,0.001780202,1.6262344698544733,0.0,1.5350791336511522,1.0074803381778663,0.001782006103615618,0.0,1.535340311505436,1.0071125207412095,0.001781641877842857,1.0071125207412095,0.001781641877842857,0.0,0.0,0.0,1.0071125207412095,0.001781641877842857,0.0,0.0,0.0,1.533355001738302,1.0062093943847061,0.0017807522739697035,1.007136050093791,0.001781665177436004,0.0,0.1252722659949675,0.0,0.618257350308631,7.865711115015785,1.109944426715079,13.86571111501464,7.865711115015785,0.0,5.999999999998857,1.0,0.0,0.0,0.0,0.9977324945445993,0.001307235637763012,0.0,0.0,0.0,0.0,0.0,0.0,1.007136050093791,0.001781665177436004,0.0009266557090846107,9.129034663003673e-07,0.0,1.533355001738302,1.0062093943847061,0.0017807522739697035,1.007136050093791,0.001781665177436004,0.0,0.1252722659949675,0.0,0.618257350308631,7.865711115015785,1.109944426715079,13.86571111501464,0.9068243400544136,6.865711115015974,0.9558131373419678,6.865711115015974,6.865711115015974,0.0,0.0,0.0,0.0,0.0,0.0,0.9977324945445993,0.001307235637763012,0.0,0.0,0.0,0.0,0.0,0.0,1.007136050093791,0.001781665177436004,0.0009266557090846107,9.129034663003673e-07
10.16738,0.0,1.53931,1.004372,0.001779481,1.5317614523554597,0.0,1.5387390195697501,1.0087889376042576,0.0017833019248296555,0.0,1.5392623626805264,1.0088313894262566,0.0017833439621180805,1.0088313894262566,0.0017833439621180805,0.0,0.0,0.0,1.0088313894262566,0.0017833439621180805,0.0,0.0,0.0,1.5373165646309739,1.0082705611933904,0.001782788615189374,1.0088316559544475,0.0017833442260436767,0.0,0.11263081878068741,0.0,0.618257350308631,7.865711115015785,1.109944426715079,13.86571111501464,7.865711115015785,0.0,5.999999999998857,1.0,0.0,0.0,0.0,0.9977324945445993,0.001307235637763012,0.0,0.0,0.0,0.0,0.0,0.0,1.0088316559544475,0.0017833442260436767,0.000561094761057212,5.556108543026403e-07,0.0,1.5373165646309739,1.0082705611933904,0.001782788615189374,1.0088316559544475,0.0017833442260436767,0.0,0.11263081878068741,0.0,0.618257350308631,7.865711115015785,1.109944426715079,13.86571111501464,0.9068243400544136,6.865711115015974,0.9558131373419678,6.865711115015974,6.865711115015974,0.0,0.0,0.0,0.0,0.0,0.0,0.9977324945445993,0.001307235637763012,0.0,0.0,0.0,0.0,0.0,0.0,1.0088316559544475,0.0017833442260436767,0.000561094761057212,5.556108543026403e-07
10.19847,0.0,1.541304,1.005331,0.001780431,1.4085056747279334,0.0,1.5414288028266396,1.0094944926036375,0.001784000590225213,0.0,1.5421044890589433,1.010663918449708,0.0017851585968611766,1.010663918449708,0.0017851585968611766,0.0,0.0,0.0,1.010663918449708,0.0017851585968611766,0.0,0.0,0.0,1.5402571495540394,1.008956477064008,0.0017834678283133313,1.0094970342437313,0.0017840031070466974,0.0,0.09228221078943132,0.0,0.618257350308631,7.865711115015785,1.109944426715079,13.86571111501464,7.865711115015785,0.0,5.999999999998857,1.0,0.0,0.0,0.0,0.9977324945445993,0.001307235637763012,0.0,0.0,0.0,0.0,0.0,0.0,1.0094970342437313,0.0017840031070466974,0.0005405571797237482,5.352787333664703e-07,0.0,1.5402571495540394,1.008956477064008,0.0017834678283133313,1.0094970342437313,0.0017840031070466974,0.0,0.09228221078943132,0.0,0.618257350308631,7.865711115015785,1.109944426715079,13.86571111501464,0.9068243400544136,6.865711115015974,0.9558131373419678,6.865711115015974,6.865711115015974,0.0,0.0,0.0,0.0,0.0,0.0,0.9977324945445993,0.001307235637763012,0.0,0.0,0.0,0.0,0.0,0.0,1.0094970342437313,0.0017840031070466974,0.0005405571797237482,5.352787333664703e-07
10.23181,0.0,1.543158,1.007972,0.002995935,1.2532394440993824,0.0,1.5437143959603787,1.0113117971964012,0.0026787079397938888,0.0,1.5444422343562616,1.0107985996089783,0.0026779456554085093,1.0107985996089783,0.0026779456554085093,0.0,0.0,0.0,1.0107985996089783,0.0026779456554085093,0.0,0.0,0.0,1.5429396061186067,1.0115601898175843,0.0030689038396027367,1.0108753600987306,0.002678059672551587,0.0,0.08047673948751116,0.0,0.618257350308631,7.865711115015785,1.109944426715079,13.86571111501464,7.865711115015785,0.0,5.999999999998857,1.0,0.0,0.0,0.0,0.9977324945445993,0.001307235637763012,0.0,0.0,0.0,0.0,0.0,0.0,1.0108753600987306,0.002678059672551587,0.0006848297188540276,0.0003908441670511499,0.0,1.5429396061186067,1.0115601898175843,0.0030689038396027367,1.0108753600987306,0.002678059672551587,0.0,0.08047673948751116,0.0,0.618257350308631,7.865711115015785,1.109944426715079,13.86571111501464,0.9068243400544136,6.865711115015974,0.9558131373419678,6.865711115015974,6.865711115015974,0.0,0.0,0.0,0.0,0.0,0.0,0.9977324945445993,0.001307235637763012,0.0,0.0,0.0,0.0,0.0,0.0,1.0108753600987306,0.002678059672551587,0.0006848297188540276,0.0003908441670511499
10.25,0.0,1.544178,1.009407,0.00267677,1.16428,0.0,1.544747708342574,1.008751502688686,0.002674904974672784,0.0,1.545668784769627,1.010912091072998,0.001887081964099445,1.010912091072998,0.001887081964099445,0.0,0.0,0.0,1.010912091072998,0.001887081964099445,0.0,0.0,0.0,1.544162214873699,1.009579174719743,0.002642802906980529,1.01092766591217,0.001890913790632456,0.0,0.06609450543521689,0.0,0.618257350308631,7.865711115015785,1.109944426715079,13.86571111501464,7.865711115015785,0.0,5.999999999998857,1.0,0.0,0.0,0.0,0.9977324945445993,0.001307235637763012,0.0,0.0,0.0,0.0,0.0,0.0,1.01092766591217,0.001890913790632456,0.001348491192426637,0.0007518891163480726,0.0,1.544162214873699,1.009579174719743,0.002642802906980529,1.01092766591217,0.001890913790632456,0.0,0.06609450543521689,0.0,0.618257350308631,7.865711115015785,1.109944426715079,13.86571111501464,0.9068243400544136,6.865711115015974,0.9558131373419678,6.865711115015974,6.865711115015974,0.0,0.0,0.0,0.0,0.0,0.0,0.9977324945445993,0.001307235637763012,0.0,0.0,0.0,0.0,0.0,0.0,1.01092766591217,0.001890913790632456,0.001348491192426637,0.0007518891163480726
10.25032,0.02108125,1.544196,1.009177,0.002676247,1.1632653714285708,0.021119999999875815,1.5447556769442148,1.0095286007305029,0.0026760592468628784,0.021119999999949804,1.545680711798085,1.0100563952817412,0.001676557938713143,1.0100563952817412,0.001676557938713143,0.0,0.0,0.0,1.0100563952817412,0.001676557938713143,0.0,0.0,0.021119999999973084,1.544182528429689,1.009624962485437,0.0025870409972706698,1.0099221270394978,0.0016435243640158573,0.0,0.06601272477735864,0.0,0.618257350308631,7.865711115015785,1.109944426715079,13.86571111501464,7.865711115015785,0.0,5.999999999998857,1.0,0.0,0.0,0.0,0.9977324945445993,0.001307235637763012,0.0,0.0,0.0,0.0,0.0,0.0,1.0099221270394978,0.0016435243640158573,0.00029716455406065065,0.0009435166332548118,0.021119999999973084,1.544182528429689,1.009624962485437,0.0025870409972706698,1.0099221270394978,0.0016435243640158573,0.0,0.06601272477735864,0.0,0.618257350308631,7.865711115015785,1.109944426715079,13.86571111501464,0.9068243400544136,6.865711115015974,0.9558131373419678,6.865711115015974,6.865711115015974,0.0,0.0,0.0,0.0,0.0,0.0,0.9977324945445993,0.001307235637763012,0.0,0.0,0.0,0.0,0.0,0.0,1.0099221270394978,0.0016435243640158573,0.00029716455406065065,0.0009435166332548118
10.25101,0.06651745,1.544235,1.008681,0.00267512,1.1610314910714223,0.06666000000040784,1.5447973122650833,1.0119192582147067,0.0026418997845486978,0.06666000000016505,1.5457301294764523,1.0101985642264129,0.0017115352972826997,1.0101985642264129,0.0017115352972826997,0.0,0.0,0.0,1.0101985642264129,0.0017115352972826997,0.0,0.0,0.06665999999984948,1.544232193457154,1.00967510983195,0.0024688156170103604,1.0103277865378277,0.0017433274381891642,0.0,0.06641305766438921,0.0,0.618257350308631,7.865711115015785,1.109944426715079,13.86571111501464,7.865711115015785,0.0,5.999999999998857,1.0,0.0,0.0,0.0,0.9977324945445993,0.001307235637763012,0.0,0.0,0.0,0.0,0.0,0.0,1.0103277865378277,0.0017433274381891642,0.0006526767058779821,0.0007254881788211968,0.06665999999984948,1.544232193457154,1.00967510983195,0.0024688156170103604,1.0103277865378277,0.0017433274381891642,0.0,0.06641305766438921,0.0,0.618257350308631,7.865711115015785,1.109944426715079,13.86571111501464,0.9068243400544136,6.865711115015974,0.9558131373419678,6.865711115015974,6.865711115015974,0.0,0.0,0.0,0.0,0.0,0.0,0.9977324945445993,0.001307235637763012,0.0,0.0,0.0,0.0,0.0,0.0,1.0103277865378277,0.0017433274381891642,0.0006526767058779821,0.0007254881788211968
10.25321,0.2119133,1.544348,1.008488,0.002674684,1.1534276722689067,0.2118600000000095,1.5449992227857612,1.0097312122201043,0.001596554217971858,0.21186000000019403,1.545940341676685,1.010948490620553,0.0018960372252468654,1.010948490620553,0.0018960372252468654,0.0,0.0,0.0,1.010948490620553,0.0018960372252468654,0.0,0.0,0.21186000000005023,1.544403327310319,1.0100913596805103,0.0022599937006105315,1.0110482717345457,0.001920586045037662,0.0,0.0685834540582394,0.0,0.618257350308631,7.865711115015785,1.109944426715079,13.86571111501464,7.865711115015785,0.0,5.999999999998857,1.0,0.0,0.0,0.0,0.9977324945445993,0.001307235637763012,0.0,0.0,0.0,0.0,0.0,0.0,1.0110482717345457,0.001920586045037662,0.0009569120540351608,0.00033940765557286944,0.21186000000005023,1.544403327310319,1.0100913596805103,0.0022599937006105315,1.0110482717345457,0.001920586045037662,0.0,0.0685834540582394,0.0,0.618257350308631,7.865711115015785,1.109944426715079,13.86571111501464,0.9068243400544136,6.865711115015974,0.9558131373419678,6.865711115015974,6.865711115015974,0.0,0.0,0.0,0.0,0.0,0.0,0.9977324945445993,0.001307235637763012,0.0,0.0,0.0,0.0,0.0,0.0,1.0110482717345457,0.001920586045037662,0.0009569120540351608,0.00033940765557286944
10.25813,0.5363549,1.544588,1.00849,0.002674686,1.13494694968554,0.5365800000002163,1.5453143261259787,1.0107773326494658,0.0018539277917094042,0.5365800000000208,1.5461701567798858,1.0104636312858242,0.0017767488754195896,1.0104636312858242,0.0017767488754195896,0.0,0.0,0.0,1.0104636312858242,0.0017767488754195896,0.0,0.0,0.5365800000001629,1.5447037053885444,1.0105449768206298,0.0020027286000035356,1.0107572844433934,0.001848995397408604,0.0,0.06515251480787562,0.0,0.618257350308631,7.865711115015785,1.109944426715079,13.86571111501464,7.865711115015785,0.0,5.999999999998857,1.0,0.0,0.0,0.0,0.9977324945445993,0.001307235637763012,0.0,0.0,0.0,0.0,0.0,0.0,1.0107572844433934,0.001848995397408604,0.0002123076227644809,0.00015373320259493142,0.5365800000001629,1.5447037053885444,1.0105449768206298,0.0020027286000035356,1.0107572844433934,0.001848995397408604,0.0,0.06515251480787562,0.0,0.618257350308631,7.865711115015785,1.109944426715079,13.86571111501464,0.9068243400544136,6.865711115015974,0.9558131373419678,6.865711115015974,6.865711115015974,0.0,0.0,0.0,0.0,0.0,0.0,0.9977324945445993,0.001307235637763012,0.0,0.0,0.0,0.0,0.0,0.0,1.0107572844433934,0.001848995397408604,0.0002123076227644809,0.00015373320259493142
10.26022,0.6746,1.544687,1.008496,0.002674695,1.1263173103448254,0.6745200000002027,1.5454389964011868,1.0100762137341952,0.0016814338074859023,0.6745200000002582,1.5462488939976995,1.0076335714839142,-0.0007503650182887467,1.0076335714839142,-0.0007503650182887467,0.0,0.0,0.0,1.0076335714839142,-0.0007503650182887467,0.0,0.0,0.6745200000002238,1.5447902581036892,1.009930755034267,0.0016130284832433762,1.0071107789281315,-0.0006220479792569697,0.0,0.06049863071513871,0.0,0.618257350308631,7.865711115015785,1.109944426715079,13.86571111501464,7.865711115015785,0.0,5.999999999998857,1.0,0.0,0.0,0.0,0.9977324945445993,0.001307235637763012,0.0,0.0,0.0,0.0,0.0,0.0,1.0071107789281315,-0.0006220479792569697,0.0028199761061357713,0.002235076462500346,0.6745200000002238,1.5447902581036892,1.009930755034267,0.0016130284832433762,1.0071107789281315,-0.0006220479792569697,0.0,0.06049863071513871,0.0,0.618257350308631,7.865711115015785,1.109944426715079,13.86571111501464,0.9068243400544136,6.865711115015974,0.9558131373419678,6.865711115015974,6.865711115015974,0.0,0.0,0.0,0.0,0.0,0.0,0.9977324945445993,0.001307235637763012,0.0,0.0,0.0,0.0,0.0,0.0,1.0071107789281315,-0.0006220479792569697,0.0028199761061357713,0.002235076462500346
10.261220000000002,0.7406,1.544734,1.008498,0.002674699,1.1220329818181731,0.740520000000261,1.5454768998445503,1.007298723365589,0.0005908677567492268,0.7405200000004241,1.54627280496097,1.007477909486766,-0.0007177987294526512,1.007477909486766,-0.0007177987294526512,0.0,0.0,0.0,1.007477909486766,-0.0007177987294526512,0.0,0.0,0.7405199999998817,1.5448527378188972,1.009509139811663,0.0011987657594186157,1.0072531034977485,-0.0006591674289775218,0.0,0.06067336171821009,0.0,0.618257350308631,7.865711115015785,1.109944426715079,13.86571111501464,7.865711115015785,0.0,5.999999999998857,1.0,0.0,0.0,0.0,0.9977324945445993,0.001307235637763012,0.0,0.0,0.0,0.0,0.0,0.0,1.0072531034977485,-0.0006591674289775218,0.002256036313914411,0.0018579331883961379,0.7405199999998817,1.5448527378188972,1.009509139811663,0.0011987657594186157,1.0072531034977485,-0.0006591674289775218,0.0,0.06067336171821009,0.0,0.618257350308631,7.865711115015785,1.109944426715079,13.86571111501464,0.9068243400544136,6.865711115015974,0.9558131373419678,6.865711115015974,6.865711115015974,0.0,0.0,0.0,0.0,0.0,0.0,0.9977324945445993,0.001307235637763012,0.0,0.0,0.0,0.0,0.0,0.0,1.0072531034977485,-0.0006591674289775218,0.002256036313914411,0.0018579331883961379
10.262220000000001,0.8066,1.54478,1.008501,0.002674703,1.117684618181813,0.8065200000000745,1.54553428865759,1.007605159486322,-0.0003545333675798177,0.8065200000003806,1.5463101717170886,1.0070486864614159,-0.0006058537395520645,1.0070486864614159,-0.0006058537395520645,0.0,0.0,0.0,1.0070486864614159,-0.0006058537395520645,0.0,0.0,0.8065200000001052,1.5449125390090692,1.009063232006512,0.0008823594244327985,1.0067346310443124,-0.0005239454344998471,0.0,0.060575599556858366,0.0,0.618257350308631,7.865711115015785,1.109944426715079,13.86571111501464,7.865711115015785,0.0,5.999999999998857,1.0,0.0,0.0,0.0,0.9977324945445993,0.001307235637763012,0.0,0.0,0.0,0.0,0.0,0.0,1.0067346310443124,-0.0005239454344998471,0.0023286009621996365,0.0014063048589326456,0.8065200000001052,1.5449125390090692,1.009063232006512,0.0008823594244327985,1.0067346310443124,-0.0005239454344998471,0.0,0.060575599556858366,0.0,0.618257350308631,7.865711115015785,1.109944426715079,13.86571111501464,0.9068243400544136,6.865711115015974,0.9558131373419678,6.865711115015974,6.865711115015974,0.0,0.0,0.0,0.0,0.0,0.0,0.9977324945445993,0.001307235637763012,0.0,0.0,0.0,0.0,0.0,0.0,1.0067346310443124,-0.0005239454344998471,0.0023286009621996365,0.0014063048589326456
10.26382,0.9122,1.544861,1.009055,0.002674996,1.1106149677419328,0.9121200000000265,1.545600474853585,1.0074893327616226,-0.0007207780160074618,0.9121200000003638,1.5464317048906713,1.006895108390237,-0.0005657992815857795,1.006895108390237,-0.0005657992815857795,0.0,0.0,0.0,1.006895108390237,-0.0005657992815857795,0.0,0.0,0.9121200000001625,1.5450599684988016,1.0084694743448925,0.0004807588277491226,1.0068619955811122,-0.0005571631813205523,0.0,0.06517132695898466,0.0,0.618257350308631,7.865711115015785,1.109944426715079,13.86571111501464,7.865711115015785,0.0,5.999999999998857,1.0,0.0,0.0,0.0,0.9977324945445993,0.001307235637763012,0.0,0.0,0.0,0.0,0.0,0.0,1.0068619955811122,-0.0005571631813205523,0.0016074787637804023,0.0010379220090696748,0.9121200000001625,1.5450599684988016,1.0084694743448925,0.0004807588277491226,1.0068619955811122,-0.0005571631813205523,0.0,0.06517132695898466,0.0,0.618257350308631,7.865711115015785,1.109944426715079,13.86571111501464,0.9068243400544136,6.865711115015974,0.9558131373419678,6.865711115015974,6.865711115015974,0.0,0.0,0.0,0.0,0.0,0.0,0.9977324945445993,0.001307235637763012,0.0,0.0,0.0,0.0,0.0,0.0,1.0068619955811122,-0.0005571631813205523,0.0016074787637804023,0.0010379220090696748
10.2674,1.148364,1.545102,1.012734,0.002676924,1.0940572864583382,1.148400000000012,1.5458695202609702,1.0070397569929188,-0.0006035248587565993,1.1484000000001013,1.5467807736342098,1.0070861968272908,-0.000615636759756167,1.0070861968272908,-0.000615636759756167,0.0,0.0,0.0,1.0070861968272908,-0.000615636759756167,0.0,0.0,1.1484000000003496,1.5455166545422396,1.0077162530697756,-9.184561749449992e-05,1.0070865844169115,-0.0006157378464025222,0.0,0.08401211386287888,0.0,0.618257350308631,7.865711115015785,1.109944426715079,13.86571111501464,7.865711115015785,0.0,5.999999999998857,1.0,0.0,0.0,0.0,0.9977324945445993,0.001307235637763012,0.0,0.0,0.0,0.0,0.0,0.0,1.0070865844169115,-0.0006157378464025222,0.0006296686528640506,0.0005238922289080223,1.1484000000003496,1.5455166545422396,1.0077162530697756,-9.184561749449992e-05,1.0070865844169115,-0.0006157378464025222,0.0,0.08401211386287888,0.0,0.618257350308631,7.865711115015785,1.109944426715079,13.86571111501464,0.9068243400544136,6.865711115015974,0.9558131373419678,6.865711115015974,6.865711115015974,0.0,0.0,0.0,0.0,0.0,0.0,0.9977324945445993,0.001307235637763012,0.0,0.0,0.0,0.0,0.0,0.0,1.0070865844169115,-0.0006157378464025222,0.0006296686528640506,0.0005238922289080223
10.27026,1.337295,1.545356,1.013648,0.00241689,1.080009026041668,1.337160000000193,1.5460322434502292,1.007799891062953,-0.0008017742437320592,1.337160000000262,1.546929165636916,1.0056258642072908,-0.001017605318861236,1.0056258642072908,-0.001017605318861236,0.0,0.0,0.0,1.0056258642072908,-0.001017605318861236,0.0,0.0,1.3371600000002086,1.5457382526596868,1.007550051364222,-0.0004311177998873947,1.006076826235767,-0.0010798926985708624,0.0,0.08151426075115538,0.0,0.618257350308631,7.865711115015785,1.109944426715079,13.86571111501464,7.865711115015785,0.0,5.999999999998857,1.0,0.0,0.0,0.0,0.9977324945445993,0.001307235637763012,0.0,0.0,0.0,0.0,0.0,0.0,1.006076826235767,-0.0010798926985708624,0.0014732251284545212,0.0006487748986834681,1.3371600000002086,1.5457382526596868,1.007550051364222,-0.0004311177998873947,1.006076826235767,-0.0010798926985708624,0.0,0.08151426075115538,0.0,0.618257350308631,7.865711115015785,1.109944426715079,13.86571111501464,0.9068243400544136,6.865711115015974,0.9558131373419678,6.865711115015974,6.865711115015974,0.0,0.0,0.0,0.0,0.0,0.0,0.9977324945445993,0.001307235637763012,0.0,0.0,0.0,0.0,0.0,0.0,1.006076826235767,-0.0010798926985708624,0.0014732251284545212,0.0006487748986834681
10.27672,1.763651,1.545832,1.007416,0.0006104844,1.0469982251223497,1.763520000000118,1.4186276725006175,0.0,1.0,1.7635199999999194,1.4227270022090353,0.0,1.0,0.0,1.0,0.0,0.0,0.0,0.0,1.0,0.0,0.0,1.7635200000000824,1.49716604899584,0.3344131463932619,0.6678126689553779,0.0,1.0,1.4274936452307194,3.9575047364129974,2.2338406215105797,3.8068177022461627,0.6460951313255062,3.8068177022461627,0.6460951313255062,3.8068177022461627,0.0,0.0,0.0,0.0,0.0,0.0,0.0038814754183143,0.9964005392635383,0.0,0.0,1.0,1.0,1.0,0.0,0.0,1.0,0.3344131463932619,0.332187331044622,1.7635200000000824,1.49716604899584,0.3344131463932619,0.6678126689553779,0.0,1.0,1.4274936452307194,3.9575047364129974,2.2338406215105797,3.8068177022461627,0.6460951313255062,3.8068177022461627,0.6460951313255062,5.838599999999777,0.790333755122474,5.838599999999807,0.8421312388361483,5.838599999999777,0.0,3.019806626980426e-14,0.0,0.0,0.0,0.0,0.0038814754183143,0.9964005392635383,0.0,0.0,1.0,1.0,1.0,0.0,0.0,1.0,0.3344131463932619,0.332187331044622
10.280619999999999,2.020985,1.546024,1.005032,-0.0006251149,1.0262255724137992,2.020920000000048,1.3363421554365322,0.0,1.0,2.020920000000228,1.3403348312257333,0.0,1.0,0.0,1.0,0.0,0.0,0.0,0.0,1.0,0.0,0.0,2.020920000000055,1.431708656157092,0.15198344452465606,0.849028139760264,0.0,1.0,1.453481977949003,8.140231111588566,6.070599141946589,3.9910856315194376,0.6209629366647001,3.9910856315194376,0.6209629366647001,3.9910856315194376,0.0,0.0,0.0,0.0,0.0,0.0,0.0038814754183143,0.9964005392635383,0.0,0.0,1.0,1.0,1.0,0.0,0.0,1.0,0.15198344452465606,0.15097186023973597,2.020920000000055,1.431708656157092,0.15198344452465606,0.849028139760264,0.0,1.0,1.453481977949003,8.140231111588566,6.070599141946589,3.9910856315194376,0.6209629366647001,3.9910856315194376,0.6209629366647001,5.838599999999777,0.8118785000001125,5.838599999999807,0.8118785000001125,5.838599999999777,0.0,3.019806626980426e-14,0.0,0.0,0.0,0.0,0.0038814754183143,0.9964005392635383,0.0,0.0,1.0,1.0,1.0,0.0,0.0,1.0,0.15198344452465606,0.15097186023973597
10.28917,2.585031,1.546603,1.008434,-0.001957973,0.9787915945720284,2.585220000000001,1.183424302447954,0.003665925731417645,0.9978410120177759,2.585220000000151,1.1731948442833748,0.003665925731417645,0.9978410120177759,0.003665925731417645,0.9978410120177759,0.0,0.0,0.0,0.003665925731417645,0.9978410120177759,0.0,0.0,2.58521999999982,1.268936169852214,0.029714210245580165,0.9716645262292538,0.003665925731417616,0.9978410120177758,1.4450570693753695,14.437169871450854,6.794349257044722,3.922203955335851,0.6301280444988676,3.922203955335851,0.6301280444988676,3.922203955335851,0.0,0.0,0.0,0.0,0.0,0.0,0.0038814754183143,0.9964005392635383,0.0,0.0,0.0,0.0,0.0,0.0,0.003665925731417616,0.9978410120177758,0.026048284514162547,0.02617648578852188,2.58521999999982,1.268936169852214,0.029714210245580165,0.9716645262292538,0.003665925731417616,0.9978410120177758,1.4450570693753695,14.437169871450854,6.794349257044722,3.922203955335851,0.6301280444988676,3.922203955335851,0.6301280444988676,5.838599999999777,0.8118785000001125,5.838599999999807,0.8118785000001125,5.838599999999777,0.0,3.019806626980426e-14,0.0,0.0,0.0,0.0,0.0038814754183143,0.9964005392635383,0.0,0.0,0.0,0.0,0.0,0.0,0.003665925731417616,0.9978410120177758,0.026048284514162547,0.02617648578852188
10.299999999999999,3.3,1.547403,1.004585,-0.002817628,0.9106548,3.299999999999891,0.9947404039681259,0.002151850685167426,1.000828351268622,3.299999999999891,0.985720908782364,0.00215185068516752,1.000828351268621,0.00215185068516752,1.000828351268621,0.0,0.0,0.0,0.00215185068516752,1.000828351268621,0.0,0.0,3.299999999999891,1.072092984520085,0.005267128481248548,0.9974452858421248,0.00215185068516752,1.000828351268621,1.445056869862072,16.80089759683257,6.794365650935515,3.922202357135215,0.6301282549063099,3.922202357135215,0.6301282549063099,3.922202357135215,3.266351454450216,0.0,0.0,8.574991484149526,0.0,3.266351454450216,0.8370767599244472,0.008873703442042712,0.0,0.0,0.0,0.0,0.0,1.0,0.00215185068516752,1.000828351268621,0.003115277796081028,0.003383065426496579,3.299999999999891,1.07200750008101,0.00526712931147655,0.9974452843836624,0.00215185068516752,1.000828351268621,1.445056869862069,16.80777461726875,6.794365650935508,3.922202357135191,0.630128254906313,3.922202357135191,0.630128254906313,5.838599999999777,0.8118785000001125,5.838599999999807,0.8118785000001125,5.838599999999777,4.862298501549744,3.019806626980426e-14,0.0,8.57499105380554,0.0,4.862298501549744,0.9749961942330236,0.00174983916085635,0.0,0.0,0.0,0.0,0.0,1.0,0.00215185068516752,1.000828351268621,0.00311527862630903,0.00338306688495893
10.30036,3.3,1.547425,1.004703,-0.002950939,0.9081185250000076,3.3,0.9889485263278609,0.0021518506851673815,1.0008283512686225,3.3,0.9799489475791747,0.002151850685167426,1.000828351268622,0.002151850685167426,1.000828351268622,0.0,0.0,0.0,0.002151850685167426,1.000828351268622,0.0,0.0,3.3,1.065959296149246,0.005052227043438009,0.997678660093781,0.00215185068516752,1.000828351268621,1.445056869862071,16.80924389968178,6.794365650935514,3.922202357135208,0.6301282549063107,3.922202357135208,0.6301282549063107,3.922202357135208,3.3115940656079257,0.0,0.0,8.694002958367218,0.0,3.3115940656079257,0.8448005754310984,0.00811444265924419,0.0,0.0,0.0,0.0,0.0,1.0,0.00215185068516752,1.000828351268621,0.002900376358270488,0.0031496911748403276,3.3,1.0658742292748247,0.005052227816394331,0.9976786587359276,0.00215185068516752,1.000828351268621,1.445056869862069,16.815837763995884,6.794365650935505,3.922202357135191,0.630128254906313,3.922202357135191,0.630128254906313,5.838599999999777,0.8118785000001125,5.838599999999807,0.8118785000001125,5.838599999999777,4.929646779773094,3.019806626980426e-14,0.0,8.694002557709684,0.0,4.929646779773094,0.9803589653153162,0.0017551495655488071,0.0,0.0,0.0,0.0,0.0,1.0,0.00215185068516752,1.000828351268621,0.002900377131226811,0.0031496925326937445
10.30089,3.3,1.547458,1.00488,-0.003150821,0.90437009999999,3.3,0.9804624714070919,0.002151850685167331,1.000828351268623,3.3,0.9715048048618669,0.0020703998595870327,1.0016241066648426,0.0020703998595870327,1.0016241066648426,0.0,0.0,0.0,0.0020703998595870327,1.0016241066648426,0.0,0.0,3.3,1.056962307056554,0.004762310257756423,0.9979934979729054,0.0021518506851673546,1.0008283512686227,1.44505686986207,16.817798462661365,6.794365650935513,3.9222023571352,0.6301282549063117,3.9222023571352,0.6301282549063117,3.9222023571352,3.3726294525104934,0.0,0.0,8.854601938696222,0.0,3.3726294525104934,0.8563003901846421,0.007737049201591535,0.0,0.0,0.0,0.0,0.0,1.0,0.0021518506851673546,1.0008283512686227,0.0026104595725890685,0.0028348532957176644,3.3,1.0568778521923918,0.00476231095344932,0.9979934967507806,0.0021518506851673546,1.0008283512686227,1.445056869862069,16.823993731891928,6.7943656509355,3.922202357135188,0.6301282549063133,3.922202357135188,0.6301282549063133,5.838599999999777,0.8118785000001125,5.838599999999807,0.8118785000001125,5.838599999999777,5.020504228390612,3.019806626980426e-14,0.0,8.85460157808775,0.0,5.020504228390612,0.9826051632509941,0.001757373829809723,0.0,0.0,0.0,0.0,0.0,1.0,0.0021518506851673546,1.0008283512686227,0.0026104602682819663,0.0028348545178424893
10.3026,3.3,1.547579,1.005447,-0.003790443,0.8924460011111134,3.3,0.9534041969194474,0.001805749702087443,1.0018296943817635,3.3,0.9446381061326636,0.0017739185305278259,1.0016843552765782,0.0017739185305278259,1.0016843552765782,0.0,0.0,0.0,0.0017739185305278259,1.0016843552765782,0.0,0.0,3.3,1.0283059195708324,0.003927604241506165,0.9990374598687239,0.0017967307330186855,1.0017482392232777,1.4450568698620647,16.807766719822055,6.794365650935485,3.9222023571351534,0.6301282549063179,3.9222023571351534,0.6301282549063179,3.9222023571351534,3.4197735748553018,0.0,0.0,8.97868500674877,0.0,3.4197735748553018,0.8646653244298986,0.007383084975837914,0.0,0.0,0.0,0.0,0.0,0.0,0.0017967307330186855,1.0017482392232777,0.002130873508487479,0.002710779354554059,3.3,1.0282376909730262,0.0039276050995171305,0.999037459157315,0.001796730516560054,1.001748237439089,1.4450568698620674,16.811432610132876,6.794365650935501,3.9222023571351756,0.6301282549063149,3.9222023571351756,0.6301282549063149,5.838599999999777,0.8118785000001125,5.838599999999807,0.8118785000001125,5.838599999999777,5.090661713569839,3.019806626980426e-14,0.0,8.978646855474501,0.0,5.090661713569839,0.9829472533830796,0.00175771257949991,0.0,0.0,0.0,0.0,0.0,0.0,0.001796730516560054,1.001748237439089,0.0021308745829570763,0.002710778281774421
10.30809,3.3,1.547987,1.004846,-0.004127188,0.8551630799999976,3.3,0.870815595579175,0.0017965730961256492,1.0017469398806294,3.3,0.8626345329496201,0.001796573096125715,1.00174693988063,0.001796573096125715,1.00174693988063,0.0,0.0,0.0,0.001796573096125715,1.00174693988063,0.0,0.0,3.3,0.9405509981554364,0.002478849158143137,1.0008795197366995,0.001796573096125637,1.001746939880629,1.445056869862055,16.442332366898018,6.794365650935437,3.922202357135073,0.6301282549063284,3.922202357135073,0.6301282549063284,3.922202357135073,3.419773574855279,0.0,0.0,8.978685006748709,0.0,3.419773574855279,0.8646653244298941,0.007383084975837891,0.0,0.0,0.0,0.0,0.0,0.0,0.001796573096125637,1.001746939880629,0.0006822760620174995,0.0008674201439302265,3.3,0.9405068433895871,0.0024788506994756873,1.000879517904904,0.0017965730961256381,1.001746939880629,1.445056869862061,16.442742323920818,6.794365650935468,3.9222023571351254,0.6301282549063215,3.9222023571351254,0.6301282549063215,5.838599999999777,0.8118785000001125,5.838599999999807,0.8118785000001125,5.838599999999777,5.090661713569813,3.019806626980426e-14,0.0,8.978646855474453,0.0,5.090661713569813,0.9829472533830833,0.001757712579499913,0.0,0.0,0.0,0.0,0.0,0.0,0.0017965730961256381,1.001746939880629,0.000682277603350049,0.0008674219757252683
10.31816,3.3,1.548677,1.004735,-0.004157174,0.7911604326693149,3.3,0.7351744020952938,0.001614182879021276,1.001214511852421,3.3,0.7281841850934169,0.001614182879021328,1.001214511852422,0.001614182879021328,1.001214511852422,0.0,0.0,0.0,0.001614182879021328,1.001214511852422,0.0,0.0,3.3,0.8523856317495176,0.7235419373513642,0.26016376608918723,0.001614182879021236,1.001214511852421,1.4450568698620418,10.578953821310812,6.794365650935396,3.9222023571349687,0.6301282549063422,3.9222023571349687,0.6301282549063422,3.9222023571349687,3.4197735748552467,0.0,0.0,8.978685006748659,1.3294749932513397,4.749248568106586,0.9735523683776939,0.0026226215050662873,0.7550472827515459,0.0,0.0,0.0,0.0,0.0,0.9735523683776939,0.0026226215050662873,0.2500104310263297,0.2575411445841209,3.3,0.853033270641032,0.7383876533240107,0.25857739386344625,0.001614182879021295,1.001214511852421,1.4450568698620467,10.522514693523682,6.79436565093542,3.922202357135008,0.630128254906337,3.922202357135008,0.630128254906337,5.838599999999777,0.8118785000001125,5.838599999999807,0.8118785000001125,5.838599999999777,5.090661713569759,3.019806626980426e-14,0.0,8.97864685547439,1.3295131445256128,6.420174858095371,0.993836573934458,0.0008842610414191893,0.7553240088700658,0.0,0.0,0.0,0.0,0.0,0.993836573934458,0.0008842610414191893,0.2554489206104473,0.25769313282202705
10.33089,3.3,1.549403,1.002011,-0.005446995,0.7194045428020548,3.3,0.5906444474511017,0.001431792661916931,1.0006820838242139,3.3,0.5848303038762117,0.0014026579213472616,1.0005970345670765,0.0014026579213472616,1.0005970345670765,0.0,0.0,0.0,0.0014026579213472616,1.0005970345670765,0.0,0.0,3.3,0.8955377734485968,0.9548110521910234,0.021785272821051513,0.001431792661916921,1.000682083824214,1.4450568698620234,0.23081839506303511,6.794365650935299,3.9222023571348257,0.630128254906361,3.9222023571348257,0.630128254906361,3.9222023571348257,3.419773574855205,0.0,0.0,8.978685006748531,1.3422049932514646,4.76197856810667,0.9753414959831368,0.0026252790078887954,0.9817738093178789,0.0,0.0,0.0,0.0,0.0,0.9753414959831368,0.0026252790078887954,0.020530443792113454,0.019159993813162718,3.3,0.8988506129353004,0.9747491856636182,0.020139339000445254,0.0014317926619169298,1.000682083824214,1.4450568698620274,0.20662017614983713,6.794365650935338,3.922202357134859,0.6301282549063566,3.922202357134859,0.6301282549063566,5.838599999999777,0.8118785000001125,5.838599999999807,0.8118785000001125,5.838599999999777,5.090661713569682,3.019806626980426e-14,0.0,8.97864685547426,1.3422431445257401,6.432904858095422,0.993836573934458,0.0008842610414191893,0.12536347419057783,0.0,0.0,0.0,0.0,0.0,0.993836573934458,0.0008842610414191893,0.01908738827083975,0.019255077959026062
10.35424,3.3,1.550916,1.003383,-0.007833328,0.6112226383038857,3.3,0.3910281183551649,0.00091743946064708,1.0033393226471328,3.3,0.3870512550753401,0.0009187420932910078,1.0033450686956897,0.0009187420932910078,1.0033450686956897,0.0,0.0,0.0,0.0009187420932910078,1.0033450686956897,0.0,0.0,3.3,1.0016277316008517,0.9730118543986757,0.002783545783285123,0.0009169635010432583,1.0033372231396405,1.445056869861994,3.989749704494171,6.794365650935128,3.92220235713459,0.6301282549063921,3.92220235713459,0.6301282549063921,3.92220235713459,3.4197735748551357,0.0,0.0,8.97868500674831,1.3655549932516915,4.785328568106828,0.9733951585792024,0.0026223879915472158,0.9998463994508117,0.0,0.0,0.0,0.0,0.0,0.9733951585792024,0.0026223879915472158,0.0003833041805268266,0.00016115779173790792,3.3,0.7507109651003415,0.02285972853925938,0.9799098346713951,0.0009169525116816811,1.0033371746644195,1.4450568698619886,8.89328225433615,6.794365650935177,3.9222023571345472,0.6301282549063977,3.9222023571345472,0.6301282549063977,5.838599999999777,0.8118785000001125,5.838599999999807,0.8118785000001125,5.838599999999777,5.090661713569566,3.019806626980426e-14,0.0,8.978646855474063,0.0,5.090661713569566,0.9829472533831196,0.0017577125794999496,0.001108871666251344,0.0,0.0,0.0,0.0,0.0,0.0009169525116816811,1.0033371746644195,0.021942776027577694,0.023427339993024227
10.37715,3.3,1.552428,0.9978421,-0.01070766,0.5288480921568588,3.3,0.258068517295881,0.0008416876177178463,1.003005173361199,3.3,0.25535423748940467,0.000841687617717866,1.003005173361199,0.000841687617717866,1.003005173361199,0.0,0.0,0.0,0.000841687617717866,1.003005173361199,0.0,0.0,3.3,1.0904909791986335,0.9747538374974778,0.0022391111011212553,0.0008416892057518701,1.003005180366183,1.4450568698619624,3.7861928532688793,6.794365650934974,3.922202357134338,0.6301282549064253,3.922202357134338,0.6301282549064253,3.922202357134338,3.4197735748550593,0.0,0.0,8.978685006748098,1.3884649932519069,4.808238568106966,0.973418017145856,0.0020618139514846268,0.9999986437116477,0.0,0.0,0.0,0.0,0.0,0.973418017145856,0.0020618139514846268,0.0013358203516218045,0.00017729714963662867,3.3,0.507066680713016,0.0010521562933906766,1.0028515622958085,0.0008416891088445639,1.0030051799387147,1.4450568698619508,9.912041971655352,6.7943656509350205,3.9222023571342426,0.630128254906438,3.9222023571342426,0.630128254906438,5.838599999999777,0.8118785000001125,5.838599999999807,0.8118785000001125,5.838599999999777,5.0906617135694425,3.019806626980426e-14,0.0,8.978646855473858,0.0,5.0906617135694425,0.9829472533831379,0.0017577125794999671,9.980190181445674e-06,0.0,0.0,0.0,0.0,0.0,0.0008416891088445639,1.0030051799387147,0.00021046718454611292,0.0001536176429057233
10.4035,3.3,1.552571,0.9841128,-0.01379181,0.46031800306803045,3.3,0.1587251004106809,0.0007295236950426458,1.002510406590912,3.3,0.15701676436019632,0.000733326970177549,1.002527183234508,0.000733326970177549,1.002527183234508,0.0,0.0,0.0,0.000733326970177549,1.002527183234508,0.0,0.0,3.3,1.1750404364275684,0.9747405515512353,0.0016642717592653322,0.000728862709696127,1.0025074909155562,1.4450568698619217,3.1289377921450026,6.794365650934808,3.9222023571340108,0.6301282549064683,3.9222023571340108,0.6301282549064683,3.9222023571340108,3.41977357485497,0.0,0.0,8.978685006747916,1.4148149932520868,4.8345885681070575,0.9742289952358014,0.0017490794534042915,0.9999999940607042,0.0,0.0,0.0,0.0,0.0,0.9742289952358014,0.0017490794534042915,0.0005115563154337796,8.480769413895933e-05,3.3,0.3169932218011796,0.0007575403213140932,1.002629320426393,0.0007288154284530872,1.0025072823530583,1.445056869861908,6.833837051340582,6.794365650934814,3.922202357133899,0.630128254906483,3.922202357133899,0.630128254906483,5.838599999999777,0.8118785000001125,5.838599999999807,0.8118785000001125,5.838599999999777,5.0906617135693,3.019806626980426e-14,0.0,8.978646855473638,0.0,5.0906617135693,0.9829472533831587,0.001757712579499988,4.3078841348213766e-08,0.0,0.0,0.0,0.0,0.0,0.0007288154284530872,1.0025072823530583,2.872489286100603e-05,0.00012203807333450553
10.43683,3.3,1.550511,0.9722028,-0.01782748,0.3998804703939001,3.3,0.08526329547195324,0.000615902288748911,1.002009210708255,3.3,0.08431050890315928,0.0006158912293000594,1.0020091619238716,0.0006158912293000594,1.0020091619238716,0.0,0.0,0.0,0.0006158912293000594,1.0020091619238716,0.0,0.0,3.3,1.2593454972185414,0.9752256807699163,0.0017499788732615543,0.0006158876733692014,1.0020091462382896,1.4450568698618738,2.3961970160315236,6.794365650934601,3.922202357133622,0.6301282549065195,3.922202357133622,0.6301282549065195,3.922202357133622,3.4197735748548688,0.0,0.0,8.978685006747638,1.4481449932523647,4.867918568107232,0.9751498220443434,0.0017499912885227383,0.9999999999939005,0.0,0.0,0.0,0.0,0.0,0.9751498220443434,0.0017499912885227383,0.00013397633578712896,5.2772482761004766e-08,3.3,0.17241022824952046,0.0006300645769853558,1.0020716772006788,0.0006159027845635747,1.0020092128953453,1.4450568698618602,3.8632495382445184,6.794365650934595,3.922202357133515,0.6301282549065336,3.922202357133515,0.6301282549065336,5.838599999999777,0.8118785000001125,5.838599999999807,0.8118785000001125,5.838599999999777,5.090661713569147,3.019806626980426e-14,0.0,8.97864685547341,0.0,5.090661713569147,0.9829472533831815,0.0017577125795000107,4.463564498563226e-11,0.0,0.0,0.0,0.0,0.0,0.0006159027845635747,1.0020092128953453,1.4161792421781063e-05,6.246430533322563e-05
10.46829,3.3,1.547361,0.9629637,-0.01977681,0.36492080553946504,3.3,0.04735236036998976,0.0005030096242644443,1.001511229381783,3.3,0.04682136054347026,0.0005030096242644612,1.0015112293817832,0.0005030096242644612,1.0015112293817832,0.0,0.0,0.0,0.0005030096242644612,1.0015112293817832,0.0,0.0,3.3,1.3203474961422923,0.9768489864096249,0.0017516737287578894,0.0005030099006872165,1.001511230601113,1.445056869861825,1.8492939546822051,6.794365650934401,3.922202357133235,0.6301282549065705,3.922202357133235,0.6301282549065705,3.922202357133235,3.4197735748547657,0.0,0.0,8.978685006747323,1.4796049932526776,4.899378568107443,0.9791610066708148,0.0017539633047314973,0.9999999999999869,0.0,0.0,0.0,0.0,0.0,0.9791610066708148,0.0017539633047314973,0.0023120202611899288,2.289575973608142e-06,3.3,0.09623944059430817,0.0005135356822034405,1.001557660914694,0.000503010247506271,1.0015112321309678,1.445056869861822,2.1927026301289243,6.794365650934372,3.922202357133213,0.6301282549065734,3.922202357133213,0.6301282549065734,5.838599999999777,0.8118785000001125,5.838599999999807,0.8118785000001125,5.838599999999777,5.090661713568998,3.019806626980426e-14,0.0,8.978646855473162,0.0,5.090661713568998,0.9829472533832032,0.0017577125795000322,6.771128522030941e-14,0.0,0.0,0.0,0.0,0.0,0.000503010247506271,1.0015112321309678,1.0525434697169446e-05,4.642878372569059e-05
10.50163,3.3,1.540926,0.9370419,-0.02288046,0.34615830933852143,3.3,0.025428685355968008,0.00039011695977992077,1.0010132480553111,3.3,0.025138865483050905,0.0003437297904848443,1.0008086294097833,0.0003437297904848443,1.0008086294097833,0.0,0.0,0.0,0.0003437297904848443,1.0008086294097833,0.0,0.0,3.3,1.3699601569367066,0.979444679975021,0.0017542442078953503,0.000351566164838596,1.0008431964749973,1.445056869861779,1.4050239643283444,6.7943656509341785,3.9222023571328686,0.6301282549066188,3.9222023571328686,0.6301282549066188,3.9222023571328686,3.419773574854654,0.0,0.0,8.97868500674702,1.5129449932529848,4.932718568107639,0.9804288288385404,0.0017552187468686644,0.9999999999999949,0.0,0.0,0.0,0.0,0.0,0.9804288288385404,0.0017552187468686644,0.0009841488635194164,9.745389733140347e-07,3.3,0.05170881769397112,0.00039303127719755523,1.0010261034136227,0.000351541416736178,1.0008430873085346,1.445056869861775,1.1825783741982512,6.7943656509341395,3.9222023571328326,0.6301282549066235,3.9222023571328326,0.6301282549066235,5.838599999999777,0.8118785000001125,5.838599999999807,0.8118785000001125,5.838599999999777,5.090661713568842,3.019806626980426e-14,0.0,8.978646855472874,0.0,5.090661713568842,0.9829472533832264,0.001757712579500055,6.755518079876498e-17,0.0,0.0,0.0,0.0,0.0,0.000351541416736178,1.0008430873085346,4.1489860461377235e-05,0.00018301610508854768
10.534899999999999,3.3,1.530997,0.915949,-0.02712946,0.34190528584474894,3.3,0.013699449779778617,0.00023979336158311835,1.0003501549732947,3.3,0.013540623717055555,0.00023905900055275304,1.0003469156301392,0.00023905900055275304,1.0003469156301392,0.0,0.0,0.0,0.00023905900055275304,1.0003469156301392,0.0,0.0,3.3,1.4074482120305924,0.9795518263931482,0.0017543503081820567,0.00023957452055910257,1.0003491896426953,1.4450568698617285,1.0628273750340311,6.794365650933957,3.922202357132459,0.6301282549066726,3.922202357132459,0.6301282549066726,3.922202357132459,3.419773574854549,0.0,0.0,8.978685006746755,1.5462149932532425,4.96598856810779,0.9811895204921336,0.001755972010520005,0.9999999999999957,0.0,0.0,0.0,0.0,0.0,0.9811895204921336,0.001755972010520005,0.001637694098985323,1.6217023379478832e-06,3.3,0.027853471075151078,0.000260655964159504,1.0004421820908418,0.0002395863290718128,1.0003492417312778,1.4450568698617292,0.6359417992728109,6.794365650933937,3.9222023571324653,0.6301282549066717,3.9222023571324653,0.6301282549066717,5.838599999999777,0.8118785000001125,5.838599999999807,0.8118785000001125,5.838599999999777,5.090661713568703,3.019806626980426e-14,0.0,8.978646855472602,0.0,5.090661713568703,0.9829472533832468,0.001757712579500075,7.158808046380823e-20,0.0,0.0,0.0,0.0,0.0,0.0002395863290718128,1.0003492417312778,2.1069635087691215e-05,9.294035956431599e-05
10.56677,3.3,1.519894,0.8936111,-0.03308639,0.34609582915601034,3.3,0.007580359859304605,0.00012974227571485678,1.003472859220127,3.3,0.007489989819941308,0.00012971677015514332,1.0034697041753684,0.00012971677015514332,1.0034697041753684,0.0,0.0,0.0,0.00012971677015514332,1.0034697041753684,0.0,0.0,3.3,1.4346297577758176,0.9791673848303758,0.001753969620614597,0.00012972806450113036,1.0034711012890765,1.445056869861683,0.8035481934168293,6.79436565093374,3.9222023571320923,0.630128254906721,3.9222023571320923,0.630128254906721,3.9222023571320923,3.4197735748544345,0.0,0.0,8.978685006746485,1.5780849932535148,4.997858568107949,0.9802604143718214,0.0017550519769356163,0.9999999999999953,0.0,0.0,0.0,0.0,0.0,0.9802604143718214,0.0017550519769356163,0.001093029541445606,1.0823563210198492e-06,3.3,0.015407679521028506,0.00014309457437859755,1.0023242728197983,0.0001297424266011294,1.0034728778847997,1.4450568698616824,0.35158433453113863,6.7943656509337425,3.9222023571320905,0.6301282549067212,3.9222023571320905,0.6301282549067212,5.838599999999777,0.8118785000001125,5.838599999999807,0.8118785000001125,5.838599999999777,5.090661713568541,3.019806626980426e-14,0.0,8.978646855472324,0.0,5.090661713568541,0.9829472533832706,0.0017577125795000988,9.968252636915398e-23,0.0,0.0,0.0,0.0,0.0,0.0001297424266011294,1.0034728778847997,1.33521477774682e-05,0.001148605065001849
10.600109999999999,3.3,1.502647,0.8427631,-0.0367914,0.3571185086368363,3.3,0.003794405188924586,-0.001677918324971263,0.9996655437916341,3.3,0.0037280595449304677,-0.0016779183249712672,0.9996655437916341,-0.0016779183249712672,0.9996655437916341,0.0,0.0,0.0,-0.0016779183249712672,0.9996655437916341,0.0,0.0,3.3,1.4563418997781756,0.9798138627612545,0.0017546097858174437,-0.0016779159621669842,0.9996655522192781,1.4450568698616377,0.6088944118404267,6.794365650933548,3.9222023571317384,0.6301282549067677,3.9222023571317384,0.6301282549067677,3.9222023571317384,3.4197735748543376,0.0,0.0,8.978685006746188,1.6114249932538143,5.031198568108152,0.9791683261886323,0.0017539705527756825,0.9999999999999956,0.0,0.0,0.0,0.0,0.0,0.9791683261886323,0.0017539705527756825,0.0006455365726222423,6.39233041761066e-07,3.3,0.008063009299586334,-0.0015690401296055481,0.9997654911274881,-0.0016779183265347509,0.9996655437860574,1.445056869861638,0.19961771327195527,6.794365650933544,3.922202357131736,0.6301282549067679,3.922202357131736,0.6301282549067679,5.838599999999777,0.8118785000001125,5.838599999999807,0.8118785000001125,5.838599999999777,5.090661713568386,3.019806626980426e-14,0.0,8.978646855472048,0.0,5.090661713568386,0.9829472533832934,0.001757712579500121,9.942160286317615e-26,0.0,0.0,0.0,0.0,0.0,-0.0016779183265347509,0.9996655437860574,0.00010887819692920313,9.994734143070066e-05
10.63007,3.3,1.480575,0.8038539,-0.04126373,0.3716903542976068,3.3,0.0018095311074200113,-0.001409095618699014,1.00335598104652,3.3,0.0017722859498556062,-0.0014090956186990182,1.00335598104652,-0.0014090956186990182,1.00335598104652,0.0,0.0,0.0,-0.0014090956186990182,1.00335598104652,0.0,0.0,3.3,1.4714592374196693,0.9821862503179113,0.0017569590074828592,-0.0014090960235675742,1.0033559790170845,1.4450568698615858,0.48472227598078976,6.7943656509333445,3.9222023571313143,0.6301282549068234,3.9222023571313143,0.6301282549068234,3.9222023571313143,3.4197735748542475,0.0,0.0,8.97868500674593,1.6413849932540725,5.061158568108318,0.9813248959032627,0.0017561060640172493,0.9999999999999952,0.0,0.0,0.0,0.0,0.0,0.9813248959032627,0.0017561060640172493,0.0008613544146486221,8.529434656100631e-07,3.3,0.004249084270910793,-0.0013943948732062683,1.0034201117607957,-0.0014090956131469368,1.0033559810743506,1.445056869861597,0.11645388486308594,6.794365650933342,3.9222023571314053,0.6301282549068113,3.9222023571314053,0.6301282549068113,5.838599999999777,0.8118785000001125,5.838599999999807,0.8118785000001125,5.838599999999777,5.090661713568245,3.019806626980426e-14,0.0,8.978646855471851,0.0,5.090661713568245,0.9829472533833141,0.001757712579500142,2.0481280208923145e-28,0.0,0.0,0.0,0.0,0.0,-0.0014090956131469368,1.0033559810743506,1.4700739940668955e-05,6.413068644496233e-05
10.65739,3.3,1.457263,0.7711776,-0.04442695,0.3888669045156306,3.3,0.0007046791644168371,-0.0016661192444883898,1.002067629834851,3.3,0.0006793267586605604,-0.00166611924448836,1.002067629834851,-0.00166611924448836,1.002067629834851,0.0,0.0,0.0,-0.00166611924448836,1.002067629834851,0.0,0.0,3.3,1.4821888021131882,0.9837607491575615,0.0017585181316554267,-0.0016661395150561775,1.0020675282270302,1.445056869861547,0.38646054431024446,6.79436565093316,3.922202357131009,0.6301282549068635,3.922202357131009,0.6301282549068635,3.922202357131009,3.4197735748541493,0.0,0.0,8.978685006745705,1.6687049932542921,5.088478568108441,0.9832687982566616,0.0017580309845519441,0.9999999999999957,0.0,0.0,0.0,0.0,0.0,0.9832687982566616,0.0017580309845519441,0.0004919509008999722,4.871471034828359e-07,3.3,0.0021801065294917155,-0.0016373732706070527,1.0022116865464545,-0.001666116265611608,1.002067644766706,1.4450568698615633,0.07169106846988932,6.794365650933169,3.92220235713114,0.6301282549068464,3.92220235713114,0.6301282549068464,5.838599999999777,0.8118785000001125,5.838599999999807,0.8118785000001125,5.838599999999777,5.09066171356814,3.019806626980426e-14,0.0,8.97864685547162,0.0,5.09066171356814,0.9829472533833299,0.0017577125795001575,7.4467388906980405e-31,0.0,0.0,0.0,0.0,0.0,-0.001666116265611608,1.002067644766706,2.8742995004554776e-05,0.0001440417797479991
10.686160000000001,3.3,1.430629,0.7364898,-0.05049466,0.40800855932072577,3.3,-4.296112001243625e-05,-0.001923142870277742,1.000779278623182,3.3,-6.102617789953757e-05,-0.0019235816819224572,1.0007770790451767,-0.0019235816819224572,1.0007770790451767,0.0,0.0,0.0,-0.0019235816819224572,1.0007770790451767,0.0,0.0,3.3,1.490949122852411,0.9831750755604314,0.0017579381770441418,-0.0019231811811001608,1.0007790865871609,1.4450568698615038,0.2915401234660425,6.79436565093296,3.9222023571306606,0.6301282549069094,3.9222023571306606,0.6301282549069094,3.9222023571306606,3.4197735748540548,0.0,0.0,8.97868500674544,1.6974749932545579,5.117248568108613,0.984345761360419,0.0017590974313258297,0.9999999999999953,0.0,0.0,0.0,0.0,0.0,0.984345761360419,0.0017590974313258297,0.0011706857999876133,1.1592542816879904e-06,3.3,0.0008295108536152524,-0.0018855856725570874,1.0009675369485758,-0.0019231502363588602,1.0007792417001191,1.4450568698615214,0.04396787861005286,6.794365650932981,3.922202357130799,0.6301282549068912,3.922202357130799,0.6301282549068912,5.838599999999777,0.8118785000001125,5.838599999999807,0.8118785000001125,5.838599999999777,5.090661713567991,3.019806626980426e-14,0.0,8.978646855471403,0.0,5.090661713567991,0.9829472533833516,0.0017577125795001792,1.9853307239102673e-33,0.0,0.0,0.0,0.0,0.0,-0.0019231502363588602,1.0007792417001191,3.7564563801772895e-05,0.00018829524845654223
10.69901,3.3,1.417227,0.7060505,-0.05193921,0.4179771211171653,3.3,-0.0002881366624035034,-0.0020088174122075255,1.0003498282192929,3.3,-0.00030351975277046655,-0.0020088174122075103,1.000349828219293,-0.0020088174122075103,1.000349828219293,0.0,0.0,0.0,-0.0020088174122075103,1.000349828219293,0.0,0.0,3.3,1.494349189289827,0.9834554159447729,0.0017582157799605543,-0.0020088098898051656,1.000349865925928,1.4450568698614865,0.2696455437470014,6.794365650932887,3.9222023571305256,0.6301282549069273,3.9222023571305256,0.6301282549069273,3.9222023571305256,3.4197735748540152,0.0,0.0,8.978685006745343,1.7103249932546558,5.130098568108671,0.9830245318989418,0.0017577891034064803,0.9999999999999958,0.0,0.0,0.0,0.0,0.0,0.9830245318989418,0.0017577891034064803,0.0004308840458312268,4.2667655407438215e-07,3.3,0.000402491502145027,-0.001988681813829306,1.0004507594892071,-0.0020088172412176517,1.0003498290763926,1.445056869861504,0.03567820567682701,6.794365650932899,3.92220235713066,0.6301282549069096,3.92220235713066,0.6301282549069096,5.838599999999777,0.8118785000001125,5.838599999999807,0.8118785000001125,5.838599999999777,5.090661713567922,3.019806626980426e-14,0.0,8.9786468554713,0.0,5.090661713567922,0.9829472533833618,0.001757712579500189,1.350108156421014e-34,0.0,0.0,0.0,0.0,0.0,-0.0020088172412176517,1.0003498290763926,2.01354273883445e-05,0.00010093041281458606
10.724680000000001,3.3,1.383551,0.6404785,-0.05541624,0.43821550299727585,3.3,-0.0006580876597302599,-0.0021993797487091745,1.0028115488943128,3.3,-0.0006700148031422672,-0.0021997233015274573,1.0028106850491396,-0.0021997233015274573,1.0028106850491396,0.0,0.0,0.0,-0.0021997233015274573,1.0028106850491396,0.0,0.0,3.3,1.4999826233647524,0.9855970788883796,0.0017603365299927445,-0.0022001935829296716,1.002809502551725,1.445056869861452,0.220177533955756,6.794365650932686,3.9222023571302462,0.630128254906964,3.9222023571302462,0.630128254906964,3.9222023571302462,3.419773574853916,0.0,0.0,8.978685006745133,1.7359949932548733,5.15576856810879,0.9868972964873262,0.001761624051221211,0.9999999999999952,0.0,0.0,0.0,0.0,0.0,0.9868972964873262,0.001761624051221211,0.0013002175989466056,1.2875212284663224e-06,3.3,-0.0002264950825185589,-0.0021474189851631445,1.0027956733250605,-0.0022001546463274024,1.0028096004557272,1.4450568698614672,0.023559131509317332,6.794365650932735,3.922202357130366,0.6301282549069482,3.922202357130366,0.6301282549069482,5.838599999999777,0.8118785000001125,5.838599999999807,0.8118785000001125,5.838599999999777,5.090661713567809,3.019806626980426e-14,0.0,8.978646855471093,0.0,5.090661713567809,0.9829472533833784,0.0017577125795002059,6.896819785550041e-37,0.0,0.0,0.0,0.0,0.0,-0.0022001546463274024,1.0028096004557272,5.273566116425746e-05,1.392713066689676e-05
10.74728,3.3,1.348752,0.6028019,-0.05748736,0.4561212859504132,3.3,-0.0009051972063540151,-0.0023949332850861254,1.002319839993998,3.3,-0.0009153926343592776,-0.002394933285086092,1.002319839993998,-0.002394933285086092,1.002319839993998,0.0,0.0,0.0,-0.002394933285086092,1.002319839993998,0.0,0.0,3.3,1.504376736025807,0.9841916612130661,0.00175894483594067,-0.002394959232028599,1.0023197747517996,1.445056869861419,0.18777483267443584,6.794365650932537,3.9222023571299816,0.6301282549069988,3.9222023571299816,0.6301282549069988,3.9222023571299816,3.419773574853844,0.0,0.0,8.97868500674491,1.7585949932550917,5.178368568108936,0.9834481791442626,0.0017582086138209613,0.9999999999999953,0.0,0.0,0.0,0.0,0.0,0.9834481791442626,0.0017582086138209613,0.0007434820688034255,7.362221197090265e-07,3.3,-0.0006152433255116811,-0.0023616272688394904,1.002402213857699,-0.002394929682029748,1.0023198490536902,1.4450568698614346,0.017115218433634508,6.7943656509325825,3.922202357130108,0.6301282549069823,3.922202357130108,0.6301282549069823,5.838599999999777,0.8118785000001125,5.838599999999807,0.8118785000001125,5.838599999999777,5.090661713567695,3.019806626980426e-14,0.0,8.978646855470897,0.0,5.090661713567695,0.9829472533833954,0.0017577125795002221,6.459321435720208e-39,0.0,0.0,0.0,0.0,0.0,-0.002394929682029748,1.0023198490536902,3.3302413190257014e-05,8.236480400946323e-05
10.76994,3.3,1.309301,0.5435332,-0.05872482,0.4758288967248238,3.3,-0.0011115833488140451,-0.002589719036645967,1.00183006164751,3.3,-0.0011205430488972557,-0.0025897190366459782,1.00183006164751,-0.0025897190366459782,1.00183006164751,0.0,0.0,0.0,-0.0025897190366459782,1.00183006164751,0.0,0.0,3.3,1.5080451534970472,0.987479322082121,0.0017622003934571724,-0.0025897194051438446,1.0018300607209412,1.445056869861383,0.16593954315157797,6.794365650932378,3.922202357129697,0.6301282549070362,3.922202357129697,0.6301282549070362,3.922202357129697,3.419773574853761,0.0,0.0,8.978685006744701,1.781254993255301,5.201028568109061,0.9869853271935954,0.001761711222325195,0.9999999999999952,0.0,0.0,0.0,0.0,0.0,0.9869853271935954,0.001761711222325195,0.0004939948885255247,4.891711319782877e-07,3.3,-0.000914707979665395,-0.0025708191958898835,1.0018775717716712,-0.002589719010777157,1.0018300617125555,1.4450568698614012,0.013137656136216983,6.794365650932453,3.9222023571298372,0.6301282549070178,3.9222023571298372,0.6301282549070178,5.838599999999777,0.8118785000001125,5.838599999999807,0.8118785000001125,5.838599999999777,5.090661713567597,3.019806626980426e-14,0.0,8.978646855470712,0.0,5.090661713567597,0.9829472533834098,0.0017577125795002367,5.890031174450638e-41,0.0,0.0,0.0,0.0,0.0,-0.002589719010777157,1.0018300617125555,1.8899814887272477e-05,4.751005911562634e-05
10.78988,3.3,1.270359,0.4991032,-0.06435746,0.49317089843893447,3.3,-0.0012715304166569952,-0.002784504788205835,1.001340283301022,3.3,-0.00127999590032173,-0.0027845047882058436,1.001340283301022,-0.0027845047882058436,1.001340283301022,0.0,0.0,0.0,-0.0027845047882058436,1.001340283301022,0.0,0.0,3.3,1.510737952552708,0.9845915912283553,0.0017593408607191404,-0.002784504581233132,1.001340283821444,1.4450568698613593,0.13033250549420347,6.794365650932254,3.9222023571295037,0.6301282549070616,3.9222023571295037,0.6301282549070616,3.9222023571295037,3.4197735748536995,0.0,0.0,8.97868500674455,1.8011949932554507,5.22096856810915,0.9849228898549997,0.0017596689242757885,0.9999999999999952,0.0,0.0,0.0,0.0,0.0,0.9849228898549997,0.0017596689242757885,0.0003893831877103311,3.8558093415472474e-07,3.3,-0.0011290384312223336,-0.002765348990369189,1.0013884493253116,-0.0027845047533105564,1.001340283388764,1.4450568698613724,0.01083420363257448,6.794365650932329,3.922202357129609,0.6301282549070478,3.922202357129609,0.6301282549070478,5.838599999999777,0.8118785000001125,5.838599999999807,0.8118785000001125,5.838599999999777,5.090661713567508,3.019806626980426e-14,0.0,8.978646855470574,0.0,5.090661713567508,0.982947253383423,0.0017577125795002497,9.605067398662251e-43,0.0,0.0,0.0,0.0,0.0,-0.0027845047533105564,1.001340283388764,1.9155762941368084e-05,4.816593654721839e-05
10.81183,3.3,1.22426,0.448843,-0.06692942,0.5122747830985913,3.3,-0.001431053550371026,-0.002979290539766147,1.000850504954533,3.3,-0.0014397269871294987,-0.0031042833025116687,1.0005362173427845,-0.0031042833025116687,1.0005362173427845,0.0,0.0,0.0,-0.0031042833025116687,1.0005362173427845,0.0,0.0,3.3,1.5132187592883735,0.9860920408821002,0.0017608266587813342,-0.003072057308387168,1.00061724788013,1.445056869861326,0.11144831895761718,6.794365650932098,3.9222023571292386,0.6301282549070966,3.9222023571292386,0.6301282549070966,3.9222023571292386,3.419773574853614,0.0,0.0,8.978685006744358,1.8231449932556392,5.2429185681092525,0.9858409738373365,0.0017605780433511795,0.9999999999999957,0.0,0.0,0.0,0.0,0.0,0.9858409738373365,0.0017605780433511795,0.00025106704476368885,2.4861543015410754e-07,3.3,-0.001329425752609306,-0.002975802088372558,1.000859276476651,-0.0030719506055126764,1.0006175161787962,1.445056869861341,0.009109350810257244,6.794365650932195,3.9222023571293585,0.6301282549070809,3.9222023571293585,0.6301282549070809,5.838599999999777,0.8118785000001125,5.838599999999807,0.8118785000001125,5.838599999999777,5.090661713567398,3.019806626980426e-14,0.0,8.97864685547039,0.0,5.090661713567398,0.9829472533834391,0.001757712579500266,1.0322750800239956e-44,0.0,0.0,0.0,0.0,0.0,-0.0030719506055126764,1.0006175161787962,9.614851714011796e-05,0.0002417602978544484
10.842,3.3,1.155841,0.3869634,-0.07073386,0.5399461971830989,3.3,-0.0016340156550282443,-0.0032826944635781573,1.0000876120276498,3.3,-0.001642782283067407,-0.003444898011678024,1.0024979067140076,-0.003444898011678024,1.0024979067140076,0.0,0.0,0.0,-0.003444898011678024,1.0024979067140076,0.0,0.0,3.3,1.5157104174994624,0.9851153981791476,0.0017598595527995487,-0.003387214881555859,1.0015072568062848,1.445056869861282,0.07579891422317091,6.794365650931917,3.922202357128883,0.6301282549071434,3.922202357128883,0.6301282549071434,3.922202357128883,3.41977357485352,0.0,0.0,8.978685006744113,1.8533149932558841,5.273088568109404,0.9856396049934247,0.001760378640833859,0.9999999999999952,0.0,0.0,0.0,0.0,0.0,0.9856396049934247,0.001760378640833859,0.0005242068142771917,5.190880343110049e-07,3.3,-0.0015666462179565043,-0.0032734305450080187,1.0003097767046618,-0.0033871274238899984,1.0015054026611525,1.4450568698613,0.00767560668437435,6.794365650932014,3.922202357129026,0.6301282549071247,3.922202357129026,0.6301282549071247,5.838599999999777,0.8118785000001125,5.838599999999807,0.8118785000001125,5.838599999999777,5.090661713567258,3.019806626980426e-14,0.0,8.978646855470137,0.0,5.090661713567258,0.9829472533834598,0.001757712579500286,2.0363710987590618e-47,0.0,0.0,0.0,0.0,0.0,-0.0033871274238899984,1.0015054026611525,0.00011369687888197966,0.001195625956490687
10.87533,3.3,1.073837,0.3168628,-0.07030624,0.5705159098591552,3.3,-0.0018731394643777077,-0.0038521743076240867,1.0022099618239866,3.3,-0.0018835710393815233,-0.003853844398721412,1.0022033353616215,-0.003853844398721412,1.0022033353616215,0.0,0.0,0.0,-0.003853844398721412,1.0022033353616215,0.0,0.0,3.3,1.518570986725132,0.9877057049757406,0.001762424565766995,-0.0038522877605754774,1.0022095116738636,1.4450568698612374,0.08176383259101967,6.7943656509316925,3.922202357128526,0.6301282549071905,3.922202357128526,0.6301282549071905,3.922202357128526,3.4197735748534144,0.0,0.0,8.978685006743824,1.8866449932561773,5.306418568109592,0.9871738303685794,0.0017618978848042777,0.9999999999999957,0.0,0.0,0.0,0.0,0.0,0.9871738303685794,0.0017618978848042777,0.0005318746071611249,5.26680962717176e-07,3.3,-0.001820157822882112,-0.003776535475747495,1.0024897269654374,-0.003852247537450496,1.0022096712681663,1.4450568698612558,0.007794549989599472,6.794365650931823,3.9222023571286724,0.6301282549071713,3.9222023571286724,0.6301282549071713,5.838599999999777,0.8118785000001125,5.838599999999807,0.8118785000001125,5.838599999999777,5.090661713567099,3.019806626980426e-14,0.0,8.978646855469863,0.0,5.090661713567099,0.9829472533834832,0.0017577125795003093,2.1390408895701717e-50,0.0,0.0,0.0,0.0,0.0,-0.003852247537450496,1.0022096712681663,7.571206170300076e-05,0.000280055697270772
10.90866,3.3,0.9860306,0.2545403,-0.07146717,0.6015562135803931,3.3,-0.002138255295024989,-0.004291964927113231,1.000464993544622,3.3,-0.0021488540935983235,-0.004291964927113197,1.000464993544622,-0.004291964927113197,1.000464993544622,0.0,0.0,0.0,-0.004291964927113197,1.000464993544622,0.0,0.0,3.3,1.5203860456171396,0.9878614663943823,0.0014261801559312898,-0.004291949149796798,1.0004650561446768,1.445056869861188,0.05808860724653548,6.794365650931488,3.9222023571281284,0.6301282549072426,3.9222023571281284,0.6301282549072426,3.9222023571281284,3.419773574853308,0.0,0.0,8.978685006743502,1.919974993256499,5.3397485681098065,0.9853359744732315,0.0008938219472175248,0.9999999999999954,0.0,0.0,0.0,0.0,0.0,0.9853359744732315,0.0008938219472175248,0.002525491921150769,0.0005323582087137654,3.3,-0.0020934458122623687,-0.00425432957114985,1.000614299596315,-0.004291963596643466,1.0004649988235605,1.4450568698612096,0.008283734903957075,6.7943656509316055,3.9222023571283064,0.6301282549072192,3.9222023571283064,0.6301282549072192,5.838599999999777,0.8118785000001125,5.838599999999807,0.8118785000001125,5.838599999999777,5.090661713566939,3.019806626980426e-14,0.0,8.978646855469563,0.0,5.090661713566939,0.9829472533835066,0.0017577125795003325,2.175394135490781e-53,0.0,0.0,0.0,0.0,0.0,-0.004291963596643466,1.0004649988235605,3.763402549361604e-05,0.0001493007727549323
10.942,3.3,0.8945966,0.1953984,-0.07153698,0.6328302467558615,3.3,-0.002456380188333151,-0.005077282245118785,1.0029290964933828,3.3,-0.0024738174580753677,-0.005461690131576709,1.0020636817021549,-0.005461690131576709,1.0020636817021549,0.0,0.0,0.0,-0.005461690131576709,1.0020636817021549,0.0,0.0,3.3,1.5217172368546275,0.984481754999658,0.0002837399754839336,-0.005361596748400919,1.0022890212369457,1.445056869861129,0.031954300714987366,6.794365650931267,3.922202357127663,0.6301282549073042,3.922202357127663,0.6301282549073042,3.922202357127663,3.419773574853188,0.0,0.0,8.978685006743214,1.9533149932567915,5.37308856810998,0.985033709673177,0.0006892645088295298,0.9999999999999952,0.0,0.0,0.0,0.0,0.0,0.985033709673177,0.0006892645088295298,0.0005519546735190904,0.00040552453334559625,3.3,-0.0024066448080456142,-0.005041053914833512,1.0029800906284307,-0.005361381136031772,1.0022895066435675,1.445056869861161,0.01017709168246856,6.79436565093135,3.922202357127919,0.6301282549072704,3.922202357127919,0.6301282549072704,5.838599999999777,0.8118785000001125,5.838599999999807,0.8118785000001125,5.838599999999777,5.090661713566783,3.019806626980426e-14,0.0,8.978646855469297,0.0,5.090661713566783,0.9829472533835295,0.0017577125795003553,2.195857505982289e-56,0.0,0.0,0.0,0.0,0.0,-0.005361381136031772,1.0022895066435675,0.0003203272211982605,0.000690583984863448
10.97533,3.3,0.8011489,0.1448448,-0.07017678,0.664083061036013,3.3,-0.002921069240859155,-0.006340798220343329,1.002237672138213,3.3,-0.0029430854068694086,-0.006345475110194166,1.0023015468251286,-0.006345475110194166,1.0023015468251286,0.0,0.0,0.0,-0.006345475110194166,1.0023015468251286,0.0,0.0,3.3,1.5232515851986157,0.988633253063836,0.0008809597595170064,-0.006341129984920756,1.0022422032174534,1.445056869861079,0.05084223955576995,6.7943656509310735,3.922202357127258,0.6301282549073574,3.922202357127258,0.6301282549073574,3.922202357127258,3.419773574853073,0.0,0.0,8.97868500674294,1.9866449932570596,5.406418568110132,0.9882468828121141,0.0008814934753515372,0.9999999999999957,0.0,0.0,0.0,0.0,0.0,0.9882468828121141,0.0008814934753515372,0.0003863702517218221,5.337158345308393e-07,3.3,-0.002855698736105407,-0.006163501532518476,1.0016641272947564,-0.006341003291691535,1.0022404729029484,1.4450568698611166,0.01414328449631661,6.794365650931158,3.9222023571275586,0.6301282549073179,3.9222023571275586,0.6301282549073179,5.838599999999777,0.8118785000001125,5.838599999999807,0.8118785000001125,5.838599999999777,5.09066171356663,3.019806626980426e-14,0.0,8.978646855468988,0.0,5.09066171356663,0.9829472533835522,0.0017577125795003783,2.3065682850342165e-59,0.0,0.0,0.0,0.0,0.0,-0.006341003291691535,1.0022404729029484,0.00017750175917305883,0.0005763456081912992
11.00866,3.3,0.709432,0.1132242,-0.06377086,0.695265165916831,3.3,-0.003501772713581227,-0.00751200795235699,1.001626792460805,3.3,-0.00352706345300801,-0.00751200795235682,1.001626792460805,-0.00751200795235682,1.001626792460805,0.0,0.0,0.0,-0.00751200795235682,1.001626792460805,0.0,0.0,3.3,1.5242621670450565,0.9885108417401507,0.0008816234454303454,-0.007512001927370845,1.0016268039324696,1.445056869861029,0.028502635604936575,6.794365650930865,3.9222023571268583,0.6301282549074098,3.9222023571268583,0.6301282549074098,3.9222023571268583,3.419773574852967,0.0,0.0,8.97868500674267,2.01997499325733,5.439748568110296,0.990176619990052,0.0008824489262013698,0.9999999999999954,0.0,0.0,0.0,0.0,0.0,0.990176619990052,0.0008824489262013698,0.0016657782499013578,8.254807710244299e-07,3.3,-0.003423262450203729,-0.0074111361326046725,1.0018462085576676,-0.0075120042143570105,1.0016267995780137,1.4450568698610706,0.017799156262189923,6.794365650930937,3.9222023571271922,0.630128254907366,3.9222023571271922,0.630128254907366,5.838599999999777,0.8118785000001125,5.838599999999807,0.8118785000001125,5.838599999999777,5.090661713566464,3.019806626980426e-14,0.0,8.978646855468723,0.0,5.090661713566464,0.9829472533835767,0.0017577125795004017,2.3457686783056855e-62,0.0,0.0,0.0,0.0,0.0,-0.0075120042143570105,1.0016267995780137,0.00010086808175233751,0.00021940897965425982
11.042,3.3,0.6195034,0.07025545,-0.05568652,0.7264566263646679,3.3,-0.0043038255384308015,-0.009562550666997512,1.002086212952534,3.3,-0.004346126065115947,-0.010320173889094593,1.00117457363012,-0.010320173889094593,1.00117457363012,0.0,0.0,0.0,-0.010320173889094593,1.00117457363012,0.0,0.0,3.3,1.5255361688727114,0.9885274657472571,0.0008816323967544772,-0.010123640317390888,1.0014779939923593,1.445056869860976,0.03158192190055771,6.794365650930641,3.9222023571264306,0.6301282549074665,3.9222023571264306,0.6301282549074665,3.9222023571264306,3.419773574852841,0.0,0.0,8.97868500674236,2.05331499325764,5.47308856811048,0.9880952674143832,0.0008814184075846589,0.9999999999999952,0.0,0.0,0.0,0.0,0.0,0.9880952674143832,0.0008814184075846589,0.00043219833287392516,2.1398916981833058e-07,3.3,-0.004192691743479383,-0.009479262514669153,1.0016127467470406,-0.010123216962043494,1.0014786475938366,1.4450568698610213,0.025282842355925116,6.794365650930723,3.9222023571267965,0.630128254907418,3.9222023571267965,0.630128254907418,5.838599999999777,0.8118785000001125,5.838599999999807,0.8118785000001125,5.838599999999777,5.0906617135663,3.019806626980426e-14,0.0,8.978646855468483,0.0,5.0906617135663,0.9829472533836007,0.001757712579500426,2.367834718101614e-65,0.0,0.0,0.0,0.0,0.0,-0.010123216962043494,1.0014786475938366,0.0006439544473743399,0.00013409915320367906
11.07055,3.3,0.5481166,0.06775003,-0.06105843,0.7530943688488819,3.3,-0.005189111579830451,-0.011388375064211115,1.003415636964256,3.3,-0.005230321118197812,-0.011388375064211208,1.003415636964255,-0.011388375064211208,1.003415636964255,0.0,0.0,0.0,-0.011388375064211208,1.003415636964255,0.0,0.0,3.3,1.5262060275486689,0.9910742048224669,0.000882893338117392,-0.011388362034567877,1.0034156549631892,1.4450568698609372,0.028383765270462796,6.794365650930436,3.9222023571261184,0.6301282549075075,3.9222023571261184,0.6301282549075075,3.9222023571261184,3.4197735748527425,0.0,0.0,8.978685006742088,2.081864993257915,5.501638568110658,0.9913349849432309,0.0008830224554837951,0.9999999999999951,0.0,0.0,0.0,0.0,0.0,0.9913349849432309,0.0008830224554837951,0.0002607801207640703,1.2911736640311387e-07,3.3,-0.005058729960610367,-0.011277726614928952,1.0030017521441887,-0.011388375067432906,1.0034156369598046,1.445056869860978,0.030801416270374617,6.79436565093054,3.9222023571264533,0.6301282549074634,3.9222023571264533,0.6301282549074634,5.838599999999777,0.8118785000001125,5.838599999999807,0.8118785000001125,5.838599999999777,5.090661713566169,3.019806626980426e-14,0.0,8.978646855468272,0.0,5.090661713566169,0.9829472533836202,0.0017577125795004448,6.523366628383832e-68,0.0,0.0,0.0,0.0,0.0,-0.011388375067432906,1.0034156369598046,0.00011064845250394716,0.000413884815616023
11.0947,3.3,0.4933644,0.04955421,-0.05077117,0.7751222079105287,3.3,-0.006171038563578519,-0.015391883678746514,1.002211237595615,3.3,-0.0062485995825614146,-0.015399135529135544,1.0022108500484967,-0.015399135529135544,1.0022108500484967,0.0,0.0,0.0,-0.015399135529135544,1.0022108500484967,0.0,0.0,3.3,1.527080942522814,0.9898673636827434,0.0008822958073231133,-0.015403131427356637,1.0022106365031582,1.445056869860903,0.03299430800665452,6.794365650930278,3.922202357125848,0.6301282549075429,3.922202357125848,0.6301282549075429,3.922202357125848,3.419773574852675,0.0,0.0,8.978685006741884,2.106014993258111,5.525788568110786,0.9894897596458374,0.0008821088481290298,0.9999999999999957,0.0,0.0,0.0,0.0,0.0,0.9894897596458374,0.0008821088481290298,0.000377604036906029,1.8695919408342072e-07,3.3,-0.005972024463300962,-0.014452457648129202,1.002860809552548,-0.015402542730177963,1.002210667963804,1.4450568698609474,0.04039978700713646,6.794365650930392,3.922202357126202,0.6301282549074965,3.922202357126202,0.6301282549074965,5.838599999999777,0.8118785000001125,5.838599999999807,0.8118785000001125,5.838599999999777,5.0906617135660674,3.019806626980426e-14,0.0,8.978646855468105,0.0,5.0906617135660674,0.9829472533836351,0.0017577125795004598,4.548778525017728e-70,0.0,0.0,0.0,0.0,0.0,-0.015402542730177963,1.002210667963804,0.000950085082048758,0.0006501415887438279
11.11708,3.3,0.4451984,0.04264195,-0.04720292,0.7955355842334968,3.3,-0.007485366766061145,-0.01815539608358479,1.002062736940545,3.3,-0.007571712079807827,-0.0181553960835841,1.002062736940545,-0.0181553960835841,1.002062736940545,0.0,0.0,0.0,-0.0181553960835841,1.002062736940545,0.0,0.0,3.3,1.527354001584573,0.9894165719360711,0.0008820726114587465,-0.01815598050598109,1.0020627050400042,1.4450568698608723,0.012426544294685753,6.79436565093013,3.922202357125601,0.6301282549075755,3.922202357125601,0.6301282549075755,3.922202357125601,3.419773574852601,0.0,0.0,8.978685006741735,2.1283949932582598,5.548168568110861,0.9913761502555495,0.0008830428372399682,0.9999999999999957,0.0,0.0,0.0,0.0,0.0,0.9913761502555495,0.0008830428372399682,0.001959578319478334,9.702257812216898e-07,3.3,-0.0072287301208616445,-0.017666084877654267,1.0020949830553356,-0.018155339807788433,1.0020627400123452,1.445056869860915,0.05640230439973729,6.794365650930233,3.9222023571259435,0.6301282549075303,3.9222023571259435,0.6301282549075303,5.838599999999777,0.8118785000001125,5.838599999999807,0.8118785000001125,5.838599999999777,5.090661713565955,3.019806626980426e-14,0.0,8.978646855467915,0.0,5.090661713565955,0.9829472533836515,0.001757712579500476,4.4342450671300634e-72,0.0,0.0,0.0,0.0,0.0,-0.018155339807788433,1.0020627400123452,0.0004892549301341699,3.2243042990456826e-05
11.14176,3.3,0.3963779,0.03406731,-0.04332563,0.8180468499909076,3.3,-0.009121241463800925,-0.02090808549199076,1.0024149257581618,3.3,-0.009217863987108877,-0.022547232851787717,1.0021772491100165,-0.022547232851787717,1.0021772491100165,0.0,0.0,0.0,-0.022547232851787717,1.0021772491100165,0.0,0.0,3.3,1.5279782555952546,0.9905794273268556,0.0008826483640451919,-0.02217440241185534,1.0023897935989072,1.445056869860833,0.022071718825721277,6.794365650929964,3.9222023571252906,0.6301282549076165,3.9222023571252906,0.6301282549076165,3.9222023571252906,3.419773574852521,0.0,0.0,8.97868500674152,2.153074993258478,5.572848568111,0.990440047817158,0.0008825793545022578,0.9999999999999949,0.0,0.0,0.0,0.0,0.0,0.990440047817158,0.0008825793545022578,0.00013937950969757318,6.900954293406982e-08,3.3,-0.008844896400865325,-0.020833542792624615,1.0023652344696792,-0.022169682569998655,1.0023924843029581,1.445056869860879,0.06593165364436297,6.794365650930065,3.9222023571256543,0.6301282549075683,3.9222023571256543,0.6301282549075683,5.838599999999777,0.8118785000001125,5.838599999999807,0.8118785000001125,5.838599999999777,5.090661713565829,3.019806626980426e-14,0.0,8.978646855467694,0.0,5.090661713565829,0.98294725338367,0.001757712579500494,2.6789894130963724e-74,0.0,0.0,0.0,0.0,0.0,-0.022169682569998655,1.0023924843029581,0.0013361397773740383,2.7249833279067762e-05
11.17217,3.3,0.3419062,0.0256144,-0.03978391,0.8457845968176035,3.3,-0.010926278944649166,-0.02061698299091197,1.0032285326073944,3.3,-0.010951370548331538,-0.01959366504098852,1.0061671194490525,-0.01959366504098852,1.0061671194490525,0.0,0.0,0.0,-0.01959366504098852,1.0061671194490525,0.0,0.0,3.3,1.5284381184975027,0.9897337990191788,0.000882229676829933,-0.01984790012298691,1.0062100310431372,1.44505686986079,0.012120062589412547,6.794365650929777,3.9222023571249442,0.630128254907662,3.9222023571249442,0.630128254907662,3.9222023571249442,3.41977357485242,0.0,0.0,8.978685006741257,2.183484993258741,5.603258568111161,0.9895948274608646,0.0008821608692717565,0.9999999999999958,0.0,0.0,0.0,0.0,0.0,0.9895948274608646,0.0008821608692717565,0.00013897155831418896,6.880755817657659e-08,3.3,-0.010762003506075285,-0.02121463820886958,1.0025330581838234,-0.019847055796768782,1.0062146255823812,1.4450568698608348,0.05486857270298529,6.794365650929838,3.9222023571253017,0.6301282549076148,3.9222023571253017,0.6301282549076148,5.838599999999777,0.8118785000001125,5.838599999999807,0.8118785000001125,5.838599999999777,5.09066171356567,3.019806626980426e-14,0.0,8.978646855467439,0.0,5.09066171356567,0.9829472533836936,0.001757712579500518,5.037161021506777e-77,0.0,0.0,0.0,0.0,0.0,-0.019847055796768782,1.0062146255823812,0.001367582412100797,0.003681567398557721
11.20551,3.3,0.2862059,0.001647857,-0.03393617,0.8749694237375372,3.3,-0.011005006212727719,-0.01724575081662665,1.003035255088919,3.3,-0.010983694167370496,-0.017237735910019942,1.0030593961455727,-0.017237735910019942,1.0030593961455727,0.0,0.0,0.0,-0.017237735910019942,1.0030593961455727,0.0,0.0,3.3,1.52902210511642,0.9944786335629389,0.0008845789377805871,-0.017245326265961876,1.0030365338438874,1.4450568698607427,0.030721685145486642,6.794365650929566,3.9222023571245677,0.6301282549077114,3.9222023571245677,0.6301282549077114,3.9222023571245677,3.419773574852314,0.0,0.0,8.978685006740951,2.216824993259053,5.636598568111367,0.9947884776226252,0.0008847323476665975,0.9999999999999952,0.0,0.0,0.0,0.0,0.0,0.9947884776226252,0.0008847323476665975,0.0003098440596863825,1.5340988601044382e-07,3.3,-0.011043770527809913,-0.017668758962574884,1.003166017290062,-0.0172456019148504,1.0030357035840032,1.4450568698607893,0.001396084960425513,6.794365650929619,3.922202357124938,0.6301282549076628,3.922202357124938,0.6301282549076628,5.838599999999777,0.8118785000001125,5.838599999999807,0.8118785000001125,5.838599999999777,5.090661713565523,3.019806626980426e-14,0.0,8.978646855467135,0.0,5.090661713565523,0.9829472533837151,0.0017577125795005392,5.296651777498332e-80,0.0,0.0,0.0,0.0,0.0,-0.0172456019148504,1.0030357035840032,0.0004231570477244862,0.0001303137060586604
11.238,3.3,0.2352806,-0.007542185,-0.02633198,0.9031859802830492,3.3,-0.010243858029778946,-0.014411757959686616,1.001926774644962,3.3,-0.010197808851897465,-0.01441175795968706,1.001926774644963,-0.01441175795968706,1.001926774644963,0.0,0.0,0.0,-0.01441175795968706,1.001926774644963,0.0,0.0,3.3,1.5301892874133072,0.9924987688018184,0.0008835986677779188,-0.014411595739766338,1.0019263350146468,1.4450568698607011,0.028330730106817806,6.794365650929329,3.922202357124228,0.6301282549077561,3.922202357124228,0.6301282549077561,3.922202357124228,3.4197735748522113,0.0,0.0,8.978685006740696,2.2493149932593073,5.669088568111518,0.9920833433080671,0.0008833929824362925,0.9999999999999958,0.0,0.0,0.0,0.0,0.0,0.9920833433080671,0.0008833929824362925,0.00041542549375126294,2.0568534162638176e-07,3.3,-0.010375646777572321,-0.014695444971977271,1.0019686135161832,-0.014411779422824837,1.0019268328119626,1.4450568698607447,0.024484898343122428,6.794365650929419,3.922202357124577,0.6301282549077104,3.922202357124577,0.6301282549077104,5.838599999999777,0.8118785000001125,5.838599999999807,0.8118785000001125,5.838599999999777,5.090661713565376,3.019806626980426e-14,0.0,8.978646855466847,0.0,5.090661713565376,0.9829472533837369,0.0017577125795005609,6.455098695268083e-83,0.0,0.0,0.0,0.0,0.0,-0.014411779422824837,1.0019268328119626,0.00028366554915243024,4.178070422064247e-05
11.26646,3.3,0.1941925,-0.02153562,-0.02109865,0.9279026069154074,3.3,-0.009168671212704007,-0.011628907102846371,1.002857685191673,3.3,-0.009107028756687351,-0.011626213595531863,1.0028651805382236,-0.011626213595531863,1.0028651805382236,0.0,0.0,0.0,-0.011626213595531863,1.0028651805382236,0.0,0.0,3.3,1.5303763993174568,0.9905847612143424,0.0008826510049578461,-0.01162842506737339,1.00285902657393,1.4450568698606565,0.0022843241195599304,6.794365650929134,3.92220235712387,0.6301282549078033,3.92220235712387,0.6301282549078033,3.92220235712387,3.419773574852127,0.0,0.0,8.978685006740463,2.277774993259539,5.697548568111666,0.9912216595518842,0.0008829663458525417,0.9999999999999953,0.0,0.0,0.0,0.0,0.0,0.9912216595518842,0.0008829663458525417,0.000636898337541834,3.153408946955579e-07,3.3,-0.00934804953045544,-0.012010998216160031,1.0028381246161755,-0.011628869266832188,1.0028577904796887,1.445056869860705,0.037542828433186765,6.7943656509292305,3.922202357124264,0.6301282549077515,3.922202357124264,0.6301282549077515,5.838599999999777,0.8118785000001125,5.838599999999807,0.8118785000001125,5.838599999999777,5.090661713565231,3.019806626980426e-14,0.0,8.97864685546661,0.0,5.090661713565231,0.9829472533837581,0.0017577125795005819,1.8168989562602867e-85,0.0,0.0,0.0,0.0,0.0,-0.011628869266832188,1.0028577904796887,0.00038212894932784314,1.966586351285597e-05
11.27457,3.3,0.1837455,-0.006062827,-0.02059572,0.9349458901897724,3.3,-0.008823694121503047,-0.010771501476717531,1.002606181497971,3.3,-0.008757741633939756,-0.010776670688206577,1.0026095856717676,-0.010776670688206577,1.0026095856717676,0.0,0.0,0.0,-0.010776670688206577,1.0026095856717676,0.0,0.0,3.3,1.5304752467815605,0.9923463406024435,0.0008835231975769515,-0.010763389254229644,1.0026008392102204,1.4450568698606443,0.008824450565356308,6.794365650929079,3.9222023571237767,0.6301282549078158,3.9222023571237767,0.6301282549078158,3.9222023571237767,3.4197735748520985,0.0,0.0,8.978685006740381,2.2858849932596215,5.70565856811172,0.9936960394249525,0.000884191460018119,0.9999999999999957,0.0,0.0,0.0,0.0,0.0,0.9936960394249525,0.000884191460018119,0.0013496988225089961,6.682624411674175e-07,3.3,-0.00900975081695171,-0.011289893741278936,1.002735752884975,-0.010763600374604455,1.0026009782431167,1.4450568698606931,0.03993380976498077,6.794365650929189,3.9222023571241684,0.6301282549077641,3.9222023571241684,0.6301282549077641,5.838599999999777,0.8118785000001125,5.838599999999807,0.8118785000001125,5.838599999999777,5.090661713565194,3.019806626980426e-14,0.0,8.978646855466545,0.0,5.090661713565194,0.9829472533837637,0.0017577125795005873,3.381919930168831e-86,0.0,0.0,0.0,0.0,0.0,-0.010763600374604455,1.0026009782431167,0.0005262933666744763,0.00013477464185840258
11.27959,3.3,0.1783383,0.007860363,-0.01977538,0.9393056043743976,3.3,-0.008602620252147253,-0.0107636137116133,1.002600987026177,3.3,-0.008542741540213103,-0.010763613711613308,1.002600987026177,-0.010763613711613308,1.002600987026177,0.0,0.0,0.0,-0.010763613711613308,1.002600987026177,0.0,0.0,3.3,1.530534372559675,0.9931431347833156,0.0008839177060550801,-0.010763644387874248,1.002601007227967,1.4450568698606368,0.010403635643401654,6.794365650929043,3.9222023571237132,0.6301282549078241,3.9222023571237132,0.6301282549078241,3.9222023571237132,3.419773574852078,0.0,0.0,8.978685006740333,2.290904993259667,5.710678568111745,0.9935294428540179,0.0008841089747775908,0.9999999999999957,0.0,0.0,0.0,0.0,0.0,0.9935294428540179,0.0008841089747775908,0.00038630807070223,1.9126872251074026e-07,3.3,-0.008791746359248937,-0.010946495006213922,1.0026478202240912,-0.010763614405257802,1.0026009874829753,1.4450568698606865,0.04131735223635224,6.794365650929154,3.922202357124113,0.6301282549077714,3.922202357124113,0.6301282549077714,5.838599999999777,0.8118785000001125,5.838599999999807,0.8118785000001125,5.838599999999777,5.0906617135651695,3.019806626980426e-14,0.0,8.978646855466502,0.0,5.0906617135651695,0.9829472533837671,0.0017577125795005906,1.1751735735081143e-86,0.0,0.0,0.0,0.0,0.0,-0.010763614405257802,1.0026009874829753,0.0001828806009561178,4.6832741115780685e-05
11.28361,3.3,0.1744513,0.008436506,-0.02004518,0.9427968495979411,3.3,-0.008425038796982403,-0.009817793684332065,1.0023997517503784,3.3,-0.00835061405920551,-0.009977116021431132,1.0021677153596897,-0.009977116021431132,1.0021677153596897,0.0,0.0,0.0,-0.009977116021431132,1.0021677153596897,0.0,0.0,3.3,1.530665266275926,0.9933071441475465,0.0008839989103186578,-0.009780656687935374,1.0024665852417955,1.4450568698606305,0.018196791849350476,6.794365650929013,3.9222023571236675,0.6301282549078301,3.9222023571236675,0.6301282549078301,3.9222023571236675,3.4197735748520692,0.0,0.0,8.978685006740289,2.294924993259714,5.714698568111783,0.9933620210334555,0.0008840260809397326,0.9999999999999952,0.0,0.0,0.0,0.0,0.0,0.9933620210334555,0.0008840260809397326,5.487688590893365e-05,2.7170621074757987e-08,3.3,-0.008617120882225564,-0.01048356029586385,1.0025760134248898,-0.009778320043906488,1.0024707903766692,1.445056869860682,0.042050936278522695,6.794365650929137,3.922202357124081,0.6301282549077757,3.922202357124081,0.6301282549077757,5.838599999999777,0.8118785000001125,5.838599999999807,0.8118785000001125,5.838599999999777,5.0906617135651535,3.019806626980426e-14,0.0,8.978646855466481,0.0,5.0906617135651535,0.9829472533837698,0.001757712579500593,5.176085982920328e-87,0.0,0.0,0.0,0.0,0.0,-0.009778320043906488,1.0024707903766692,0.000705240251957358,0.00010522304822031212
11.29092,3.3,0.1676336,0.00861018,-0.01765838,0.9491453577034416,3.3,-0.008086057310087352,-0.009777288371935228,1.0024726470222391,3.3,-0.008019183581197142,-0.009353409470335753,1.0032354794987661,-0.009353409470335753,1.0032354794987661,0.0,0.0,0.0,-0.009353409470335753,1.0032354794987661,0.0,0.0,3.3,1.5307787199416432,0.9932085000746271,0.0008839500696970553,-0.009777307794989672,1.0024726120675937,1.4450568698606194,0.016851486023545685,6.794365650928957,3.922202357123578,0.6301282549078419,3.922202357123578,0.6301282549078419,3.922202357123578,3.4197735748520435,0.0,0.0,8.978685006740228,2.3022349932597748,5.722008568111818,0.9930575798622353,0.0008838753461251205,0.999999999999995,0.0,0.0,0.0,0.0,0.0,0.9930575798622353,0.0008838753461251205,0.00015092021239186993,7.472357193485276e-08,3.3,-0.008284073315837909,-0.0099314580089738,1.0024951899928305,-0.009777288367136237,1.0024726470308758,1.4450568698606714,0.043868580913250035,6.794365650929085,3.9222023571239952,0.6301282549077868,3.9222023571239952,0.6301282549077868,5.838599999999777,0.8118785000001125,5.838599999999807,0.8118785000001125,5.838599999999777,5.0906617135651135,3.019806626980426e-14,0.0,8.978646855466414,0.0,5.0906617135651135,0.9829472533837754,0.0017577125795005988,1.1297924874463092e-87,0.0,0.0,0.0,0.0,0.0,-0.009777288367136237,1.0024726470308758,0.00015416964183756257,2.254296195486515e-05
11.29871,3.3,0.1606071,0.008845688,-0.007345691,0.9559107309102604,3.3,-0.007634619937801984,-0.007766006565285297,1.0021935014035737,3.3,-0.007548200821340199,-0.0077660065652857295,1.002193501403575,-0.0077660065652857295,1.002193501403575,0.0,0.0,0.0,-0.0077660065652857295,1.002193501403575,0.0,0.0,3.3,1.5309567496681658,0.9929299282087201,0.0008838121432845551,-0.007766055638629743,1.0021936142396086,1.445056869860609,0.01944963181635275,6.794365650928904,3.92220235712349,0.6301282549078535,3.92220235712349,0.6301282549078535,3.92220235712349,3.419773574852019,0.0,0.0,8.97868500674016,2.310024993259843,5.729798568111862,0.9927331480258732,0.0008837147135388238,0.9999999999999958,0.0,0.0,0.0,0.0,0.0,0.9927331480258732,0.0008837147135388238,0.00019678018284683725,9.742974573136207e-08,3.3,-0.007876808573519226,-0.008242535730415312,1.002265718398854,-0.0077660219074056035,1.0021935366802406,1.4450568698606632,0.04878612789678298,6.794365650929039,3.9222023571239255,0.6301282549077962,3.9222023571239255,0.6301282549077962,5.838599999999777,0.8118785000001125,5.838599999999807,0.8118785000001125,5.838599999999777,5.090661713565079,3.019806626980426e-14,0.0,8.978646855466366,0.0,5.090661713565079,0.9829472533837805,0.0017577125795006038,2.2907091107786786e-88,0.0,0.0,0.0,0.0,0.0,-0.0077660219074056035,1.0021935366802406,0.0004765138230097101,7.218171861279955e-05
11.31577,3.3,0.146051,0.009149577,0.004436631,0.9698471485846004,3.3,-0.006424089342955229,-0.0037286208887601846,1.004545689749607,3.3,-0.006309028817267412,-0.003715085472940308,1.0045289165445541,-0.003715085472940308,1.0045289165445541,0.0,0.0,0.0,-0.003715085472940308,1.0045289165445541,0.0,0.0,3.3,1.5311625784509157,0.9922305333136706,0.0008834658591094435,-0.0037277297449353998,1.0045445854364257,1.445056869860584,0.01273186228532578,6.7943656509287855,3.922202357123292,0.6301282549078796,3.922202357123292,0.6301282549078796,3.922202357123292,3.419773574851955,0.0,0.0,8.978685006740015,2.327084993259985,5.74685856811194,0.9920226464689628,0.0008833629302368701,0.9999999999999957,0.0,0.0,0.0,0.0,0.0,0.9920226464689628,0.0008833629302368701,0.0002078868447079006,1.0292887257338882e-07,3.3,-0.0067458397582320796,-0.004604761461785619,1.0043431588955005,-0.0037283756900149123,1.004545385897189,1.4450568698606394,0.06529554892117738,6.794365650928934,3.9222023571237363,0.6301282549078211,3.9222023571237363,0.6301282549078211,5.838599999999777,0.8118785000001125,5.838599999999807,0.8118785000001125,5.838599999999777,5.090661713565,3.019806626980426e-14,0.0,8.97864685546623,0.0,5.090661713565,0.9829472533837923,0.0017577125795006157,6.894855449019525e-90,0.0,0.0,0.0,0.0,0.0,-0.0037283756900149123,1.004545385897189,0.0008763857717707069,0.00020222700168888655
11.32823,3.3,0.1359178,0.005081918,0.009451336,0.979883690700857,3.3,-0.005419745694019298,-0.0019450449225983167,1.002843298123541,3.3,-0.005302970253864105,-0.001945044922598838,1.002843298123541,-0.001945044922598838,1.002843298123541,0.0,0.0,0.0,-0.001945044922598838,1.002843298123541,0.0,0.0,3.3,1.5312273979866158,0.9917119319515247,0.0008832090893700976,-0.0019448488997392934,1.0028431622063705,1.4450568698605657,0.006997570899427445,6.794365650928707,3.922202357123145,0.6301282549078989,3.922202357123145,0.6301282549078989,3.922202357123145,3.419773574851913,0.0,0.0,8.978685006739914,2.3395449932600867,5.759318568112,0.9915037221196601,0.0008831060005802263,0.9999999999999954,0.0,0.0,0.0,0.0,0.0,0.9915037221196601,0.0008831060005802263,0.00020820983186472768,1.0308878987128803e-07,3.3,-0.0057697793358188355,-0.0024529505271352896,1.0032487669731103,-0.001945077998982174,1.0028433210578482,1.4450568698606212,0.07517912269551456,6.794365650928852,3.922202357123591,0.6301282549078402,3.922202357123591,0.6301282549078402,5.838599999999777,0.8118785000001125,5.838599999999807,0.8118785000001125,5.838599999999777,5.090661713564939,3.019806626980426e-14,0.0,8.978646855466138,0.0,5.090661713564939,0.9829472533838012,0.0017577125795006246,5.224346702659678e-91,0.0,0.0,0.0,0.0,0.0,-0.001945077998982174,1.0028433210578482,0.0005078725281531152,0.0004054459152621073
11.35373,3.3,0.1160309,-0.002600467,-0.001612839,1.0004239654973717,3.3,-0.0031163066765333702,0.0038882489489773186,1.0023899977288198,3.3,-0.002969853537041428,0.003736211244595706,1.0025061413293894,0.003736211244595706,1.0025061413293894,0.0,0.0,0.0,0.003736211244595706,1.0025061413293894,0.0,0.0,3.3,1.531541447409664,0.9962292439047157,0.0008854456994090071,0.003919960717325759,1.0023657726921984,1.4450568698605293,0.023355505151276,6.794365650928543,3.922202357122853,0.6301282549079372,3.922202357122853,0.6301282549079372,3.922202357122853,3.4197735748518245,0.0,0.0,8.978685006739667,2.365044993260335,5.7848185681121596,0.996903770235605,0.0008857796706636476,0.9999999999999958,0.0,0.0,0.0,0.0,0.0,0.996903770235605,0.0008857796706636476,0.0006745263308892104,3.3397125464055973e-07,3.3,-0.0035167988759698494,0.0025596069565953896,1.0028591616653075,0.003921739372306204,1.002364413954283,1.4450568698605868,0.08962858250754759,6.7943656509287,3.9222023571233144,0.6301282549078765,3.9222023571233144,0.6301282549078765,5.838599999999777,0.8118785000001125,5.838599999999807,0.8118785000001125,5.838599999999777,5.090661713564819,3.019806626980426e-14,0.0,8.978646855465959,0.0,5.090661713564819,0.982947253383819,0.0017577125795006422,2.67626034449244e-93,0.0,0.0,0.0,0.0,0.0,0.003921739372306204,1.002364413954283,0.001362132415710814,0.00049474771102502
11.37986,3.3,0.09853386,0.002232976,-0.002852365,1.0214717059065055,3.3,-0.0005051158449522004,0.007702891030046542,1.002797734614018,3.3,-0.0003689688867024276,0.007702891030046674,1.002797734614018,0.007702891030046674,1.002797734614018,0.0,0.0,0.0,0.007702891030046674,1.002797734614018,0.0,0.0,3.3,1.5324708964543472,0.9952831225506035,0.0008849772561089754,0.007702817907757637,1.0027977365758192,1.4450568698604873,0.030388996737440443,6.794365650928363,3.9222023571225164,0.6301282549079816,3.9222023571225164,0.6301282549079816,3.9222023571225164,3.4197735748517304,0.0,0.0,8.978685006739438,2.3911749932605666,5.810948568112297,0.9949054365248327,0.0008847902563205777,0.9999999999999956,0.0,0.0,0.0,0.0,0.0,0.9949054365248327,0.0008847902563205777,0.00037768602577088604,1.8699978839771259e-07,3.3,-0.0009368061607440073,0.007329600915106784,1.0027980900574671,0.0077028902943355754,1.0027977346337558,1.4450568698605533,0.09935762340521208,6.794365650928536,3.922202357123045,0.6301282549079121,3.922202357123045,0.6301282549079121,5.838599999999777,0.8118785000001125,5.838599999999807,0.8118785000001125,5.838599999999777,5.090661713564684,3.019806626980426e-14,0.0,8.978646855465751,0.0,5.090661713564684,0.982947253383839,0.0017577125795006617,1.1957385977129642e-95,0.0,0.0,0.0,0.0,0.0,0.0077028902943355754,1.0027977346337558,0.0003732893792287899,3.554237111263543e-07
11.40025,3.3,0.08723782,0.001974609,-0.002142861,1.0378958707339918,3.3,0.0017022201428918621,0.012203093492259062,1.003129831696736,3.3,0.0018510774278814263,0.012203093492259533,1.003129831696736,0.012203093492259533,1.003129831696736,0.0,0.0,0.0,0.012203093492259533,1.003129831696736,0.0,0.0,3.3,1.5327961358843634,0.9937283917812084,0.0008842074783113237,0.012203027595819777,1.0031298262827164,1.4450568698604556,0.013777531658562292,6.794365650928222,3.9222023571222664,0.6301282549080146,3.9222023571222664,0.6301282549080146,3.9222023571222664,3.4197735748516638,0.0,0.0,8.978685006739253,2.411564993260749,5.831338568112414,0.9933460785316192,0.0008840181874933596,0.9999999999999956,0.0,0.0,0.0,0.0,0.0,0.9933460785316192,0.0008840181874933596,0.00038231324958922056,1.8929081796416063e-07,3.3,0.0012319742897722442,0.01177526527500181,1.002998257930557,0.012203093508552742,1.003129831698075,1.4450568698605268,0.10705589559808079,6.7943656509283965,3.9222023571228353,0.6301282549079397,3.9222023571228353,0.6301282549079397,5.838599999999777,0.8118785000001125,5.838599999999807,0.8118785000001125,5.838599999999777,5.09066171356459,3.019806626980426e-14,0.0,8.978646855465533,0.0,5.09066171356459,0.9829472533838527,0.0017577125795006751,1.7698405854155383e-97,0.0,0.0,0.0,0.0,0.0,0.012203093508552742,1.003129831698075,0.000427828233550933,0.00013157376751760043
11.429580000000001,3.3,0.0730049,0.0006136384,0.000658725,1.061521214254846,3.3,0.005154374072166673,0.01866299312604407,1.002942156636961,3.3,0.0053137429728213,0.01866299312604402,1.002942156636961,0.01866299312604402,1.002942156636961,0.0,0.0,0.0,0.01866299312604402,1.002942156636961,0.0,0.0,3.3,1.5328175026527076,0.9943437761179275,0.0008845121672058586,0.01866291347528811,1.0029422016149971,1.4450568698604176,0.0007783021324620873,6.794365650928026,3.922202357121961,0.6301282549080547,3.922202357121961,0.6301282549080547,3.922202357121961,3.4197735748515545,0.0,0.0,8.978685006739008,2.440894993260989,5.860668568112543,0.9960503047019676,0.0008853571030835958,0.9999999999999953,0.0,0.0,0.0,0.0,0.0,0.9960503047019676,0.0008853571030835958,0.0017065285840401367,8.449358777372878e-07,3.3,0.004647872342948454,0.01821596579645472,1.0028839476997748,0.018662991284708105,1.0029421576767459,1.445056869860488,0.11767486170443683,6.794365650928186,3.9222023571225226,0.6301282549079807,3.9222023571225226,0.6301282549079807,5.838599999999777,0.8118785000001125,5.838599999999807,0.8118785000001125,5.838599999999777,5.090661713564434,3.019806626980426e-14,0.0,8.97864685546529,0.0,5.090661713564434,0.9829472533838756,0.0017577125795006981,4.1699336100562753e-100,0.0,0.0,0.0,0.0,0.0,0.018662991284708105,1.0029421576767459,0.0004470254882533848,5.820997697123985e-05
11.46292,3.3,0.05927552,-0.0003112324,-0.000228044,1.0865339911244545,3.3,0.00925698817996752,0.027621848587098603,1.0018558537188338,3.3,0.009446810085762185,0.02744451502874368,1.0020311665550123,0.02744451502874368,1.0020311665550123,0.0,0.0,0.0,0.02744451502874368,1.0020311665550123,0.0,0.0,3.3,1.5336222628117595,0.9954497362712041,0.0008850597498406388,0.02740516446589208,1.0021577076645805,1.44505686986037,0.023082340613121293,6.794365650927795,3.922202357121581,0.6301282549081048,3.922202357121581,0.6301282549081048,3.922202357121581,3.4197735748514506,0.0,0.0,8.978685006738743,2.4742349932612555,5.894008568112706,0.9952486451316703,0.0008849601856554227,0.9999999999999952,0.0,0.0,0.0,0.0,0.0,0.9952486451316703,0.0008849601856554227,0.00020109113953391074,9.956418521606229e-08,3.3,0.00873842281228242,0.025593448457300428,1.0024682818952966,0.027404729396816,1.0021583137418353,1.4450568698604447,0.12358239877115211,6.79436565092797,3.922202357122181,0.6301282549080258,3.922202357122181,0.6301282549080258,5.838599999999777,0.8118785000001125,5.838599999999807,0.8118785000001125,5.838599999999777,5.090661713564278,3.019806626980426e-14,0.0,8.97864685546502,0.0,5.090661713564278,0.9829472533838985,0.001757712579500721,4.293645722352967e-103,0.0,0.0,0.0,0.0,0.0,0.027404729396816,1.0021583137418353,0.0018112809395155673,0.0003099681534617466
11.49625,3.3,0.04813829,0.0005112905,-0.00110735,1.110626080140965,3.3,0.013518006429282877,0.0339242526500284,1.001145773633953,3.3,0.013697984478908166,0.0339339247343132,1.0011390019549038,0.0339339247343132,1.0011390019549038,0.0,0.0,0.0,0.0339339247343132,1.0011390019549038,0.0,0.0,3.3,1.5338740809968228,0.9940940023441593,0.0008843884992954617,0.03392539310375196,1.0011449751724883,1.4450568698603217,0.004404612312328526,6.794365650927546,3.9222023571211913,0.6301282549081559,3.9222023571211913,0.6301282549081559,3.9222023571211913,3.419773574851343,0.0,0.0,8.978685006738456,2.5075649932615414,5.927338568112885,0.9938902211846974,0.0008842876032284441,0.9999999999999957,0.0,0.0,0.0,0.0,0.0,0.9938902211846974,0.0008842876032284441,0.00020378115946197687,1.0089606701767509e-07,3.3,0.012973143051740809,0.03298559610075816,1.0010528576095146,0.03392440975016431,1.001145663644041,1.4450568698604012,0.12755649448670803,6.794365650927762,3.9222023571218316,0.6301282549080718,3.9222023571218316,0.6301282549080718,5.838599999999777,0.8118785000001125,5.838599999999807,0.8118785000001125,5.838599999999777,5.0906617135641365,3.019806626980426e-14,0.0,8.978646855464763,0.0,5.0906617135641365,0.9829472533839193,0.0017577125795007415,4.515942379001629e-106,0.0,0.0,0.0,0.0,0.0,0.03392440975016431,1.001145663644041,0.0009388136494061494,9.280603452613018e-05
11.52958,3.3,0.03921564,0.0003149841,-0.001175827,1.1347181691574757,3.3,0.01781045880812324,0.04036237528492118,0.9994705492915635,3.3,0.01797916498564518,0.040362375284920995,0.9994705492915636,0.040362375284920995,0.9994705492915636,0.0,0.0,0.0,0.040362375284920995,0.9994705492915636,0.0,0.0,3.3,1.5338062560721308,0.9954816800687538,0.0008850755658433925,0.040362295849062625,0.9994705659708436,1.4450568698602706,0.0005798077440393385,6.7943656509273,3.9222023571207814,0.6301282549082101,3.9222023571207814,0.6301282549082101,3.9222023571207814,3.4197735748512352,0.0,0.0,8.978685006738171,2.540894993261829,5.960668568113065,0.9965166386923393,0.0008855879942186688,0.9999999999999953,0.0,0.0,0.0,0.0,0.0,0.9965166386923393,0.0008855879942186688,0.0010349586235855082,5.124283752763479e-07,3.3,0.017271354616529334,0.03991799927997607,0.999541617507156,0.040362373448553104,0.9994705496771488,1.4450568698603519,0.12930943307091755,6.794365650927559,3.922202357121438,0.6301282549081236,3.922202357121438,0.6301282549081236,5.838599999999777,0.8118785000001125,5.838599999999807,0.8118785000001125,5.838599999999777,5.090661713563977,3.019806626980426e-14,0.0,8.978646855464502,0.0,5.090661713563977,0.9829472533839431,0.0017577125795007645,4.496518352017461e-109,0.0,0.0,0.0,0.0,0.0,0.040362373448553104,0.9994705496771488,0.0004443741685770205,7.106783000710924e-05
11.56292,3.3,0.03191262,0.0001689735,-0.0007781001,1.1588174865235272,3.3,0.022128766436808053,0.04923446627713877,0.9948936839865383,3.3,0.02232293791088122,0.04905972620266419,0.9950889665824394,0.04905972620266419,0.9950889665824394,0.0,0.0,0.0,0.04905972620266419,0.9950889665824394,0.0,0.0,3.3,1.5341833545637658,0.9943970649538207,0.0008845385515571161,0.04901908360514294,0.9951343871419304,1.4450568698602255,0.008598242804115358,6.794365650927073,3.922202357120422,0.6301282549082573,3.922202357120422,0.6301282549082573,3.922202357120422,3.4197735748511255,0.0,0.0,8.978685006737885,2.574234993262115,5.99400856811324,0.9941422610184011,0.0008844123931097072,0.9999999999999952,0.0,0.0,0.0,0.0,0.0,0.9941422610184011,0.0008844123931097072,0.0002548039354196151,1.2615844740884154e-07,3.3,0.02159706343460726,0.047230907543455734,0.9968469975565798,0.04901865114917566,0.9951348704376148,1.4450568698603097,0.12979462727558955,6.79436565092733,3.9222023571210953,0.6301282549081687,3.9222023571210953,0.6301282549081687,5.838599999999777,0.8118785000001125,5.838599999999807,0.8118785000001125,5.838599999999777,5.0906617135638195,3.019806626980426e-14,0.0,8.978646855464207,0.0,5.0906617135638195,0.982947253383966,0.0017577125795007872,4.629919464678852e-112,0.0,0.0,0.0,0.0,0.0,0.04901865114917566,0.9951348704376148,0.0017877436057199215,0.0017121271189649457
11.59625,3.3,0.02592608,-4.632505e-06,-0.0003913965,1.1826432674122729,3.3,0.026523227671860557,0.05553157429653444,0.9927188895956245,3.3,0.026704892760960983,0.055541348648505934,0.9927148599654357,0.055541348648505934,0.9927148599654357,0.0,0.0,0.0,0.055541348648505934,0.9927148599654357,0.0,0.0,3.3,1.367359137512312,0.1286530854001995,0.9148466926396189,0.055533846705704853,0.9927179527592367,1.445056869860179,10.661235662474098,6.794365650926849,3.9222023571200486,0.6301282549083064,3.9222023571200486,0.6301282549083064,3.9222023571200486,3.41977357485102,0.0,0.0,8.9786850067376,0.0,3.41977357485102,0.8646653244290627,0.007383084975834188,0.003929651882734026,0.0,0.0,0.0,0.0,0.0,0.055533846705704853,0.9927179527592367,0.0731192386944946,0.07787126011961776,3.3,0.025973286670220117,0.05459502054902174,0.9929208009512404,0.05553173305776843,0.9927188241438111,1.445056869860261,0.13149707525144325,6.794365650927096,3.9222023571207085,0.6301282549082196,3.9222023571207085,0.6301282549082196,5.838599999999777,0.8118785000001125,5.838599999999807,0.8118785000001125,5.838599999999777,5.090661713563645,3.019806626980426e-14,0.0,8.978646855463891,0.0,5.090661713563645,0.9829472533839917,0.0017577125795008126,4.869626157800963e-115,0.0,0.0,0.0,0.0,0.0,0.05553173305776843,0.9927188241438111,0.0009367125087466951,0.00020197680742930406
11.6251,3.3,0.0216172,-0.0001546143,-0.00039132,1.2002824158825969,3.3,0.030300222537603512,0.06117700175551627,0.985077490970186,3.3,0.03047271439127432,0.06118943450292914,0.9849868608166619,0.06118943450292914,0.9849868608166619,0.0,0.0,0.0,0.06118943450292914,0.9849868608166619,0.0,0.0,3.3,0.8848616170709367,0.0605871039089176,0.9874544022162385,0.06117982878736753,0.9850568829483073,1.4450568698601374,15.300104978338723,6.794365650926641,3.922202357119714,0.6301282549083507,3.922202357119714,0.6301282549083507,3.922202357119714,3.4197735748509257,0.0,0.0,8.978685006737336,0.0,3.4197735748509257,0.8646653244290443,0.007383084975834105,1.0435933234314526e-05,0.0,0.0,0.0,0.0,0.0,0.06117982878736753,0.9850568829483073,0.000592724878449932,0.002397519267931177,3.3,0.02976599281661301,0.060396984748102546,0.9876409280736292,0.06117954576738371,0.9850589460598412,1.4450568698602189,0.13115619508981693,6.794365650926926,3.9222023571203692,0.6301282549082644,3.9222023571203692,0.6301282549082644,5.838599999999777,0.8118785000001125,5.838599999999807,0.8118785000001125,5.838599999999777,5.090661713563502,3.019806626980426e-14,0.0,8.978646855463657,0.0,5.090661713563502,0.9829472533840129,0.001757712579500834,1.239984921012974e-117,0.0,0.0,0.0,0.0,0.0,0.06117954576738371,0.9850589460598412,0.0007825610192811591,0.0025819820137880345
11.6293,3.3,0.02104975,-0.0001765312,-0.0003913088,1.2028503335108596,3.3,0.030824980229822583,0.06117935391632418,0.9850603445834659,3.3,0.030984499134797436,0.06117935391632397,0.9850603445834677,0.06117935391632397,0.9850603445834677,0.0,0.0,0.0,0.06117935391632397,0.9850603445834677,0.0,0.0,3.3,0.8283052353546133,0.06093546742955197,0.9860457451432838,0.061179342915160806,0.9850604247778986,1.4450568698601312,14.661094811430083,6.79436565092661,3.9222023571196614,0.6301282549083576,3.9222023571196614,0.6301282549083576,3.9222023571196614,3.4197735748509124,0.0,0.0,8.9786850067373,0.0,3.4197735748509124,0.8646653244290415,0.007383084975834092,4.299998794870952e-06,0.0,0.0,0.0,0.0,0.0,0.061179342915160806,0.9850604247778986,0.0002438754856088438,0.0009853203653852824,3.3,0.03030439631483536,0.0608555636415903,0.9861283645143554,0.061179352925487256,0.9850603518063025,1.4450568698602126,0.1301166822440821,6.794365650926897,3.9222023571203186,0.630128254908271,3.9222023571203186,0.630128254908271,5.838599999999777,0.8118785000001125,5.838599999999807,0.8118785000001125,5.838599999999777,5.090661713563478,3.019806626980426e-14,0.0,8.978646855463616,0.0,5.090661713563478,0.9829472533840162,0.0017577125795008373,5.131693780088139e-118,0.0,0.0,0.0,0.0,0.0,0.061179352925487256,0.9850603518063025,0.0003237892838969419,0.0010680127080529445
11.6303,3.3,0.02651768,0.9914497,-0.000704939,1.2034617424699692,3.3,0.030944488464875443,0.06117935391632408,0.9850603445834667,3.3,0.031100184318249558,0.06117935391632412,0.9850603445834666,0.06117935391632412,0.9850603445834666,0.0,0.0,0.0,0.06117935391632412,0.9850603445834666,0.0,0.0,3.3,0.8153356531761972,0.06098190371474884,0.9858581079742171,0.061179315907169844,0.985060621656214,1.4450568698601296,14.499624666759958,6.794365650926602,3.9222023571196485,0.6301282549083592,3.9222023571196485,0.6301282549083592,3.9222023571196485,3.419773574850909,0.0,0.0,8.978685006737289,0.0,3.419773574850909,0.8646653244290409,0.007383084975834089,3.4813589495027474e-06,0.0,0.0,0.0,0.0,0.0,0.061179315907169844,0.985060621656214,0.00019741219242100556,0.0007974863180030986,3.3,0.030430400712838437,0.060916856203546456,0.9859261929527227,0.06117935392194898,0.9850603445424634,1.4450568698602106,0.12972705058307113,6.794365650926889,3.922202357120305,0.6301282549082727,3.922202357120305,0.6301282549082727,5.838599999999777,0.8118785000001125,5.838599999999807,0.8118785000001125,5.838599999999777,5.090661713563473,3.019806626980426e-14,0.0,8.978646855463605,0.0,5.090661713563473,0.9829472533840171,0.0017577125795008382,4.160272961043238e-118,0.0,0.0,0.0,0.0,0.0,0.06117935392194898,0.9850603445424634,0.000262497718402524,0.0008658484102592341
11.63058,3.3,0.0296452,0.9911838,-0.0007936449,1.20363293697852,3.3,0.030977913399606764,0.06117935391632404,0.9850603445834669,3.3,0.031132576169616177,0.06117935391632416,0.9850603445834663,0.06117935391632416,0.9850603445834663,0.0,0.0,0.0,0.06117935391632416,0.9850603445834663,0.0,0.0,3.3,0.811749054128031,0.06099269122681971,0.9858145207656992,0.06117932761179648,0.9850605363337931,1.4450568698601292,14.453638745688957,6.7943656509266,3.922202357119645,0.6301282549083597,3.922202357119645,0.6301282549083597,3.922202357119645,3.4197735748509075,0.0,0.0,8.978685006737287,0.0,3.4197735748509075,0.8646653244290406,0.007383084975834089,3.291169638604552e-06,0.0,0.0,0.0,0.0,0.0,0.06117932761179648,0.9850605363337931,0.00018663638497676637,0.0007539844319061729,3.3,0.030465044402648238,0.06093090519416981,0.9858798525542354,0.06117935392021687,0.9850603445550898,1.4450568698602102,0.12956628683183147,6.794365650926887,3.9222023571203004,0.6301282549082733,3.9222023571203004,0.6301282549082733,5.838599999999777,0.8118785000001125,5.838599999999807,0.8118785000001125,5.838599999999777,5.090661713563471,3.019806626980426e-14,0.0,8.978646855463602,0.0,5.090661713563471,0.9829472533840173,0.0017577125795008384,3.937612649552991e-118,0.0,0.0,0.0,0.0,0.0,0.06117935392021687,0.9850603445550898,0.0002484487260470547,0.0008195079991455437
11.63067,3.3,0.0306351,0.9910995,-0.0008217604,1.2036879637848399,3.3,0.030988493854489863,0.061179353916324314,0.9850603445834649,3.3,0.03114298783612689,0.061179353916324175,0.9850603445834661,0.061179353916324175,0.9850603445834661,0.0,0.0,0.0,0.061179353916324175,0.9850603445834661,0.0,0.0,3.3,0.8105962187196902,0.060996158641413924,0.9858005105915327,0.0611793313739979,0.9850605089087292,1.445056869860129,14.438857556773257,6.794365650926599,3.9222023571196436,0.6301282549083598,3.9222023571196436,0.6301282549083598,3.9222023571196436,3.419773574850907,0.0,0.0,8.978685006737285,0.0,3.419773574850907,0.8646653244290405,0.007383084975834088,3.230037360101475e-06,0.0,0.0,0.0,0.0,0.0,0.0611793313739979,0.9850605089087292,0.00018317273258397032,0.00074000168280357,3.3,0.030476179874372834,0.06093542094115589,0.9858649574261502,0.06117935391966012,0.9850603445591484,1.44505686986021,0.12951461276893295,6.794365650926886,3.922202357120299,0.6301282549082735,3.922202357120299,0.6301282549082735,5.838599999999777,0.8118785000001125,5.838599999999807,0.8118785000001125,5.838599999999777,5.09066171356347,3.019806626980426e-14,0.0,8.978646855463602,0.0,5.09066171356347,0.9829472533840174,0.0017577125795008386,3.866043263716739e-118,0.0,0.0,0.0,0.0,0.0,0.06117935391966012,0.9850603445591484,0.0002439329785042189,0.0008046128670018364
11.63092,3.3,0.03331743,0.9908709,-0.0008980383,1.2038408160246172,3.3,0.031017690183655203,0.061179353916325376,0.9850603445834571,3.3,0.031172007638832867,0.06132988505790608,0.9842478743542012,0.06132988505790608,0.9842478743542012,0.0,0.0,0.0,0.06132988505790608,0.9842478743542012,0.0,0.0,3.3,0.8073938981409786,0.06100579034862003,0.9857615934410704,0.06117934182455739,0.9850604327279961,1.4450568698601285,14.397798698674254,6.794365650926597,3.9222023571196405,0.6301282549083602,3.9222023571196405,0.6301282549083602,3.9222023571196405,3.419773574850906,0.0,0.0,8.978685006737283,0.0,3.419773574850906,0.8646653244290404,0.007383084975834088,3.0602254753713745e-06,0.0,0.0,0.0,0.0,0.0,0.06117934182455739,0.9850604327279961,0.0001735514759373526,0.0007011607130742706,3.3,0.030507111740274366,0.06094796468278386,0.9858235820703581,0.061179353918113584,0.985060344570422,1.4450568698602095,0.12937107370532647,6.794365650926884,3.922202357120295,0.6301282549082741,3.922202357120295,0.6301282549082741,5.838599999999777,0.8118785000001125,5.838599999999807,0.8118785000001125,5.838599999999777,5.090661713563469,3.019806626980426e-14,0.0,8.9786468554636,0.0,5.090661713563469,0.9829472533840177,0.0017577125795008388,3.6672394141723804e-118,0.0,0.0,0.0,0.0,0.0,0.061179353918113584,0.985060344570422,0.00023138923532972457,0.0007632374999361462
11.63169,3.3,0.04186848,0.9901392,-0.001142128,1.2043116009231325,3.3,0.031107614877484785,0.06117935391632865,0.9850603445834333,3.3,0.03126662999945265,0.06241473510968052,0.9817296380953716,0.06241473510968052,0.9817296380953716,0.0,0.0,0.0,0.06241473510968052,0.9817296380953716,0.0,0.0,3.3,0.7976136918838008,0.061095175968905555,0.985458002079074,0.0620548689983486,0.9824061871195168,1.445056869860128,14.269907520993087,6.794365650926591,3.922202357119641,0.6301282549083602,3.922202357119641,0.6301282549083602,3.922202357119641,3.419773574850907,0.0,0.0,8.978685006737273,0.0,3.419773574850907,0.8646653244290406,0.007383084975834089,2.601583322212293e-06,0.0,0.0,0.0,0.0,0.0,0.0620548689983486,0.9824061871195168,0.0009596930294430438,0.0030518149595571403,3.3,0.030601807075272786,0.061045057622811975,0.9855129417187024,0.06205360708791948,0.9824085595137003,1.445056869860208,0.12889197286863893,6.79436565092688,3.9222023571202826,0.6301282549082756,3.9222023571202826,0.6301282549082756,5.838599999999777,0.8118785000001125,5.838599999999807,0.8118785000001125,5.838599999999777,5.090661713563465,3.019806626980426e-14,0.0,8.978646855463595,0.0,5.090661713563465,0.9829472533840182,0.001757712579500839,3.12253103558864e-118,0.0,0.0,0.0,0.0,0.0,0.06205360708791948,0.9824085595137003,0.0010085494651075047,0.003104382205002111
11.634179999999999,3.3,0.06892435,0.9893158,-0.001508733,1.2058340092313153,3.3,0.031408894599705,0.06205422255476589,0.9824074024347723,3.3,0.03156996083304386,0.06199935452130294,0.9825105544497222,0.06199935452130294,0.9825105544497222,0.0,0.0,0.0,0.06199935452130294,0.9825105544497222,0.0,0.0,3.3,0.7668994171645465,0.06147467116407536,0.984260094364757,0.06207245619295763,0.982373123157739,1.4450568698601247,13.844728316413168,6.794365650926577,3.922202357119616,0.6301282549083635,3.922202357119616,0.6301282549083635,3.922202357119616,3.4197735748508973,0.0,0.0,8.978685006737242,0.0,3.4197735748508973,0.8646653244290387,0.007383084975834082,1.591353621157879e-06,0.0,0.0,0.0,0.0,0.0,0.06207245619295763,0.982373123157739,0.000597785028882269,0.001886971207018077,3.3,0.0309071671621695,0.06144227965772296,0.9842986985439033,0.06207287416783083,0.9823723373641239,1.4450568698602062,0.12752728769419996,6.794365650926865,3.922202357120268,0.6301282549082775,3.922202357120268,0.6301282549082775,5.838599999999777,0.8118785000001125,5.838599999999807,0.8118785000001125,5.838599999999777,5.090661713563454,3.019806626980426e-14,0.0,8.978646855463579,0.0,5.090661713563454,0.9829472533840198,0.0017577125795008404,1.914498975446772e-118,0.0,0.0,0.0,0.0,0.0,0.06207287416783083,0.9823723373641239,0.0006305945101078733,0.0019263611797794124
11.639529999999999,3.3,0.1255303,0.9893312,-0.001497526,1.2091050471625537,3.3,0.03202308771103889,0.062073133874073004,0.9823718491158583,3.3,0.03216834951588632,0.06207313387407272,0.9823718491158587,0.06207313387407272,0.9823718491158587,0.0,0.0,0.0,0.06207313387407272,0.9823718491158587,0.0,0.0,3.3,0.7045224714079291,0.061878240176410096,0.9829871054667939,0.06207308927316022,0.9823719329656654,1.4450568698601167,12.921395472896105,6.79436565092654,3.922202357119548,0.6301282549083723,3.922202357119548,0.6301282549083723,3.922202357119548,3.4197735748508795,0.0,0.0,8.978685006737193,0.0,3.4197735748508795,0.8646653244290352,0.007383084975834064,5.189357466893046e-07,0.0,0.0,0.0,0.0,0.0,0.06207308927316022,0.9823719329656654,0.0001948490967501248,0.0006151725011285331,3.3,0.0315455977087785,0.061868350718657886,0.9829973180924813,0.06207313263535202,0.9823718514446562,1.4450568698601987,0.12402537677904427,6.794365650926828,3.9222023571202036,0.630128254908286,3.9222023571202036,0.630128254908286,5.838599999999777,0.8118785000001125,5.838599999999807,0.8118785000001125,5.838599999999777,5.090661713563427,3.019806626980426e-14,0.0,8.978646855463532,0.0,5.090661713563427,0.9829472533840238,0.0017577125795008445,6.21443379820374e-119,0.0,0.0,0.0,0.0,0.0,0.06207313263535202,0.9823718514446562,0.0002047819166941356,0.0006254666478250503
11.64739,3.3,0.2053637,0.9913891,1.357831e-06,1.213910721581159,3.3,0.032906670994851825,0.06345991817904714,0.9797738761233288,3.3,0.03305192151347486,0.06345991817904642,0.9797738761233301,0.06345991817904642,0.9797738761233301,0.0,0.0,0.0,0.06345991817904642,0.9797738761233301,0.0,0.0,3.3,0.621781951981837,0.0630122256836714,0.9806629642290199,0.06346081933660573,0.9797721909584785,1.445056869860104,11.575574647464236,6.794365650926489,3.922202357119446,0.6301282549083859,3.922202357119446,0.6301282549083859,3.922202357119446,3.4197735748508515,0.0,0.0,8.978685006737138,0.0,3.4197735748508515,0.8646653244290298,0.00738308497583404,1.0456213888118359e-07,0.0,0.0,0.0,0.0,0.0,0.06346081933660573,0.9797721909584785,0.0004485936529343319,0.0008907732705413486,3.3,0.03244220815183724,0.06301243071499298,0.9806607349734916,0.06345986980347315,0.9797739665856635,1.4450568698601864,0.11857851188296241,6.79436565092677,3.9222023571201077,0.6301282549082986,3.9222023571201077,0.6301282549082986,5.838599999999777,0.8118785000001125,5.838599999999807,0.8118785000001125,5.838599999999777,5.0906617135634,3.019806626980426e-14,0.0,8.97864685546347,0.0,5.0906617135634,0.9829472533840278,0.0017577125795008484,1.2478537841185696e-119,0.0,0.0,0.0,0.0,0.0,0.06345986980347315,0.9797739665856635,0.000447439088480173,0.0008867683878280466
11.66509,3.3,0.3712169,0.9918614,1.358199e-06,1.224732660157406,3.3,0.034801231585918656,0.06624898329209677,0.975367217659006,3.3,0.03494388809735043,0.06627125926948008,0.9753344041022867,0.06627125926948008,0.9753344041022867,0.0,0.0,0.0,0.06627125926948008,0.9753344041022867,0.0,0.0,3.3,0.46921695332558666,0.06549630798539031,0.976499684817926,0.06625414861218232,0.9753596089008948,1.4450568698600754,8.836238697912842,6.794365650926356,3.9222023571192186,0.6301282549084158,3.9222023571192186,0.6301282549084158,3.9222023571192186,3.419773574850794,0.0,0.0,8.978685006736987,0.0,3.419773574850794,0.8646653244290184,0.007383084975833991,2.696827123614403e-09,0.0,0.0,0.0,0.0,0.0,0.06625414861218232,0.9753596089008948,0.0007578406267919925,0.001140075917031286,3.3,0.034367398139657564,0.06550237242551263,0.976490549559479,0.06625365283909203,0.9753603391978483,1.445056869860164,0.1097990099777363,6.794365650926655,3.9222023571199243,0.6301282549083228,3.9222023571199243,0.6301282549083228,5.838599999999777,0.8118785000001125,5.838599999999807,0.8118785000001125,5.838599999999777,5.090661713563331,3.019806626980426e-14,0.0,8.978646855463326,0.0,5.090661713563331,0.982947253384038,0.001757712579500859,3.2156167378586428e-121,0.0,0.0,0.0,0.0,0.0,0.06625365283909203,0.9753603391978483,0.0007512804135794001,0.0011302103616307917
11.68301,3.3,0.5207705,0.9937302,1.359655e-06,1.2356891087046575,3.3,0.036627491868224366,0.06914623358565808,0.9694837792339476,3.3,0.0367705168588327,0.06897221144705482,0.9697921662821385,0.06897221144705482,0.9697921662821385,0.0,0.0,0.0,0.06897221144705482,0.9697921662821385,0.0,0.0,3.3,0.35411897721984775,0.06786947660547159,0.9720594964950904,0.06898361318472877,0.9697719611044885,1.4450568698600494,6.594479617348634,6.79436565092624,3.92220235711901,0.6301282549084433,3.92220235711901,0.6301282549084433,3.92220235711901,3.4197735748507316,0.0,0.0,8.978685006736846,0.0,3.4197735748507316,0.8646653244290062,0.007383084975833935,6.544404792897224e-11,0.0,0.0,0.0,0.0,0.0,0.06898361318472877,0.9697719611044885,0.00111413657925719,0.002287535390601989,3.3,0.03622377133211349,0.067867821176182,0.9720626824721258,0.0689836431517324,0.9697719079995452,1.4450568698601336,0.10396633155924308,6.794365650926543,3.922202357119689,0.6301282549083538,3.922202357119689,0.6301282549083538,5.838599999999777,0.8118785000001125,5.838599999999807,0.8118785000001125,5.838599999999777,5.0906617135632395,3.019806626980426e-14,0.0,8.978646855463158,0.0,5.0906617135632395,0.9829472533840514,0.001757712579500872,7.893253094318441e-123,0.0,0.0,0.0,0.0,0.0,0.0689836431517324,0.9697719079995452,0.0011158219755504032,0.0022907744725806623
11.70301,3.3,0.6680276,0.9923437,1.358575e-06,1.2479172878868585,3.3,0.038598641938194976,0.06981405989142668,0.9564758319615259,3.3,0.03870594141340781,0.07015429178270106,0.9573356585285333,0.07015429178270106,0.9573356585285333,0.0,0.0,0.0,0.07015429178270106,0.9573356585285333,0.0,0.0,3.3,0.26140522241623637,0.07006850216601399,0.9624319409190357,0.07023686231890172,0.957395002777699,1.445056869860018,4.681498425799571,6.794365650926086,3.9222023571187585,0.6301282549084763,3.9222023571187585,0.6301282549084763,3.9222023571187585,3.419773574850673,0.0,0.0,8.978685006736669,0.0,3.419773574850673,0.8646653244289949,0.007383084975833886,1.0510796701367007e-12,0.0,0.0,0.0,0.0,0.0,0.07023686231890172,0.957395002777699,0.00016836015288773212,0.005036938141336767,3.3,0.03821822441369442,0.07006899408129062,0.9624394558753018,0.07023678440665006,0.9573948333967701,1.4450568698601047,0.09939802904901429,6.794365650926397,3.922202357119451,0.6301282549083853,3.922202357119451,0.6301282549083853,5.838599999999777,0.8118785000001125,5.838599999999807,0.8118785000001125,5.838599999999777,5.0906617135631285,3.019806626980426e-14,0.0,8.978646855463005,0.0,5.0906617135631285,0.9829472533840679,0.0017577125795008883,1.270005127763051e-124,0.0,0.0,0.0,0.0,0.0,0.07023678440665006,0.9573948333967701,0.0001677903253594319,0.0050446224785316365
11.72301,3.3,0.7965133,0.993678,1.359614e-06,1.2601454670690584,3.3,0.03991399718388418,0.06731861881212269,0.9438539684819632,3.3,0.03995793918280101,0.06739315342845274,0.9446138639128892,0.06739315342845274,0.9446138639128892,0.0,0.0,0.0,0.06739315342845274,0.9446138639128892,0.0,0.0,3.3,0.19619385814175155,0.06800340468735111,0.9495937251417053,0.06738827000298817,0.9445640764063519,1.4450568698599864,3.3023490949322154,6.794365650925955,3.922202357118507,0.6301282549085094,3.922202357118507,0.6301282549085094,3.922202357118507,3.4197735748506033,0.0,0.0,8.978685006736509,0.0,3.4197735748506033,0.8646653244289814,0.007383084975833824,1.6881114600478332e-14,0.0,0.0,0.0,0.0,0.0,0.06738827000298817,0.9445640764063519,0.0006151346843629497,0.00502964873535337,3.3,0.03971472822414056,0.06800434138413376,0.9496010235452249,0.06738825716796018,0.9445639455506555,1.4450568698600776,0.07118938327332407,6.794365650926264,3.9222023571192364,0.6301282549084134,3.9222023571192364,0.6301282549084134,5.838599999999777,0.8118785000001125,5.838599999999807,0.8118785000001125,5.838599999999777,5.090661713563034,3.019806626980426e-14,0.0,8.978646855462836,0.0,5.090661713563034,0.9829472533840816,0.001757712579500902,2.0434072052057257e-126,0.0,0.0,0.0,0.0,0.0,0.06738825716796018,0.9445639455506555,0.0006160842161735888,0.005037077994569369
11.74301,3.3,0.9082138,0.993299,1.359319e-06,1.2723736462512583,3.3,0.040585794246551885,0.0653949612862698,0.9037330643243234,3.3,0.04062541788360751,0.06541404074876449,0.9057222894901908,0.06541404074876449,0.9057222894901908,0.0,0.0,0.0,0.06541404074876449,0.9057222894901908,0.0,0.0,3.3,0.15025616071608539,0.06637268053780124,0.9272569756392286,0.06541279068352525,0.9055919576617368,1.4450568698599555,2.322166710228823,6.794365650925829,3.9222023571182576,0.6301282549085423,3.9222023571182576,0.6301282549085423,3.9222023571182576,3.419773574850538,0.0,0.0,8.978685006736333,0.0,3.419773574850538,0.8646653244289685,0.007383084975833768,2.7112314918231656e-16,0.0,0.0,0.0,0.0,0.0,0.06541279068352525,0.9055919576617368,0.0009598898542759785,0.021665017977491728,3.3,0.04048308641205485,0.06637351581121365,0.9272808813670153,0.0654127873979991,0.9055916151127119,1.4450568698600537,0.0399779453211346,6.794365650926124,3.9222023571190436,0.6301282549084387,3.9222023571190436,0.6301282549084387,5.838599999999777,0.8118785000001125,5.838599999999807,0.8118785000001125,5.838599999999777,5.0906617135629455,3.019806626980426e-14,0.0,8.978646855462674,0.0,5.0906617135629455,0.9829472533840948,0.001757712579500915,3.287792241943778e-128,0.0,0.0,0.0,0.0,0.0,0.0654127873979991,0.9055916151127119,0.0009607284132145383,0.021689266254303362
11.763010000000001,3.3,1.004659,0.993299,1.359319e-06,1.2845887022428477,3.3,0.041758436287669946,0.07444349160514643,0.8864558225452452,3.3,0.04191294152990009,0.07413553499229758,0.8876278915632854,0.07413553499229758,0.8876278915632854,0.0,0.0,0.0,0.07413553499229758,0.8876278915632854,0.0,0.0,3.3,0.11894789630105845,0.0715483568401078,0.8955879502505162,0.07415354727977501,0.8875008318007899,1.4450568698599249,1.5799454298615063,6.7943656509256884,3.9222023571180125,0.6301282549085747,3.9222023571180125,0.6301282549085747,3.9222023571180125,3.419773574850478,0.0,0.0,8.978685006736148,0.0,3.419773574850478,0.8646653244289568,0.007383084975833716,4.354437712008883e-18,0.0,0.0,0.0,0.0,0.0,0.07415354727977501,0.8875008318007899,0.0026051904396672118,0.008087118449726335,3.3,0.04145293334825901,0.07154482846158085,0.8956001672223347,0.0741536007094917,0.8875006392308944,1.4450568698600277,0.056965714292211325,6.79436565092598,3.9222023571188367,0.6301282549084661,3.9222023571188367,0.6301282549084661,5.838599999999777,0.8118785000001125,5.838599999999807,0.8118785000001125,5.838599999999777,5.090661713562845,3.019806626980426e-14,0.0,8.978646855462518,0.0,5.090661713562845,0.9829472533841095,0.0017577125795009293,5.289977346974459e-130,0.0,0.0,0.0,0.0,0.0,0.0741536007094917,0.8875006392308944,0.0026087722479108504,0.008099527991440354
11.78301,3.3,1.087858,0.9967856,1.362035e-06,1.2951764825986092,3.3,0.04404181832728779,0.07741365749894348,0.8331689879439176,3.3,0.04422750617280505,0.07717551774516095,0.8356779520341528,0.07717551774516095,0.8356779520341528,0.0,0.0,0.0,0.07717551774516095,0.8356779520341528,0.0,0.0,3.3,0.09848884019347426,0.07624824857760498,0.8623269775494153,0.07719112039792815,0.8355135674873334,1.4450568698598965,1.0400373511678949,6.794365650925568,3.922202357117788,0.6301282549086041,3.922202357117788,0.6301282549086041,3.922202357117788,3.4197735748504154,0.0,0.0,8.97868500673598,0.0,3.4197735748504154,0.8646653244289446,0.007383084975833661,6.993548077599569e-20,0.0,0.0,0.0,0.0,0.0,0.07719112039792815,0.8355135674873334,0.0009428718203231755,0.026813410062081974,3.3,0.043586618029216886,0.07624619483517199,0.8623551596008293,0.07719116140612509,0.8355131354381186,1.4450568698599997,0.103841801933707,6.79436565092584,3.9222023571186115,0.6301282549084957,3.9222023571186115,0.6301282549084957,5.838599999999777,0.8118785000001125,5.838599999999807,0.8118785000001125,5.838599999999777,5.090661713562759,3.019806626980426e-14,0.0,8.978646855462356,0.0,5.090661713562759,0.9829472533841224,0.0017577125795009423,8.511444237415881e-132,0.0,0.0,0.0,0.0,0.0,0.07719116140612509,0.8355131354381186,0.0009449665709530978,0.026842024162710695
11.80301,3.3,1.159044,0.9942548,1.360064e-06,1.305669186754754,3.3,0.04681418538664412,0.08235672662929536,0.799665306375423,3.3,0.04703747222941989,0.08208124963722825,0.8016729993945566,0.08208124963722825,0.8016729993945566,0.0,0.0,0.0,0.08208124963722825,0.8016729993945566,0.0,0.0,3.3,0.08555498110674338,0.08022872982161637,0.8155784788890335,0.08209747147286262,0.801513873385544,1.4450568698598705,0.6581815081998832,6.794365650925449,3.9222023571175764,0.6301282549086319,3.9222023571175764,0.6301282549086319,3.9222023571175764,3.4197735748503497,0.0,0.0,8.978685006735803,0.0,3.4197735748503497,0.8646653244289317,0.007383084975833604,1.1232153941646904e-21,0.0,0.0,0.0,0.0,0.0,0.08209747147286262,0.801513873385544,0.001868741651246255,0.014064605503489386,3.3,0.046250937008460793,0.0802259868254866,0.815598746807103,0.08209751924730642,0.8015135327394332,1.4450568698599717,0.13265081548618451,6.794365650925719,3.9222023571183855,0.6301282549085254,3.9222023571183855,0.6301282549085254,5.838599999999777,0.8118785000001125,5.838599999999807,0.8118785000001125,5.838599999999777,5.090661713562679,3.019806626980426e-14,0.0,8.978646855462177,0.0,5.090661713562679,0.982947253384134,0.001757712579500954,1.3694705715151732e-133,0.0,0.0,0.0,0.0,0.0,0.08209751924730642,0.8015135327394332,0.0018715324218198308,0.014085214067669759
11.83208,3.3,1.243896,0.9948258,1.360508e-06,1.3190411057041573,3.3,0.05154803355878809,0.08409195942681846,0.7255072537691655,3.3,0.05179605762346017,0.08681326903962074,0.6966277257375323,0.08681326903962074,0.6966277257375323,0.0,0.0,0.0,0.08681326903962074,0.6966277257375323,0.0,0.0,3.3,0.0755409782367122,0.08410865981745412,0.7333503659080696,0.08591936536441355,0.7040852486198418,1.445056869859823,0.30526672148259104,6.794365650925251,3.9222023571172,0.6301282549086815,3.9222023571172,0.6301282549086815,3.9222023571172,3.419773574850259,0.0,0.0,8.978685006735564,0.0,3.419773574850259,0.864665324428914,0.007383084975833525,2.747945365964071e-24,0.0,0.0,0.0,0.0,0.0,0.08591936536441355,0.7040852486198418,0.0018107055469594247,0.02926511728822778,3.3,0.050899730210493585,0.08410649779017258,0.733380287941381,0.08591942235360649,0.7040848041210949,1.445056869859932,0.16180366020185924,6.794365650925539,3.922202357118069,0.6301282549085672,3.922202357118069,0.6301282549085672,5.838599999999777,0.8118785000001125,5.838599999999807,0.8118785000001125,5.838599999999777,5.090661713562555,3.019806626980426e-14,0.0,8.978646855461955,0.0,5.090661713562555,0.9829472533841523,0.001757712579500972,3.358315103624494e-136,0.0,0.0,0.0,0.0,0.0,0.08591942235360649,0.7040848041210949,0.001812924563433895,0.02929548382028613
11.860719999999999,3.3,1.309818,0.9952112,1.360809e-06,1.332215228810828,3.3,0.05710757939855168,0.08948148628790863,0.6470275382228594,3.3,0.0573615390569962,0.08947954642817903,0.6467131744984235,0.08947954642817903,0.6467131744984235,0.0,0.0,0.0,0.08947954642817903,0.6467131744984235,0.0,0.0,3.3,0.07235597469789648,0.08927518541572377,0.6524073721153,0.08948149454057072,0.6470288756069786,1.4450568698597739,0.08702077867057836,6.794365650925087,3.922202357116805,0.6301282549087336,3.922202357116805,0.6301282549087336,3.922202357116805,3.41977357485015,0.0,0.0,8.978685006735303,0.0,3.41977357485015,0.8646653244288928,0.00738308497583343,7.428822883180061e-27,0.0,0.0,0.0,0.0,0.0,0.08948149454057072,0.6470288756069786,0.0002063091248469473,0.005378496508321409,3.3,0.05630488924767797,0.08927539686091562,0.6524133477569087,0.08948148628668755,0.6470275380249795,1.4450568698598898,0.1939225237427899,6.794365650925343,3.922202357117733,0.6301282549086114,3.922202357117733,0.6301282549086114,5.838599999999777,0.8118785000001125,5.838599999999807,0.8118785000001125,5.838599999999777,5.090661713562406,3.019806626980426e-14,0.0,8.978646855461706,0.0,5.090661713562406,0.9829472533841742,0.0017577125795009937,9.080205115917621e-139,0.0,0.0,0.0,0.0,0.0,0.08948148628668755,0.6470275380249795,0.00020608942577192478,0.005385809731929209
11.89405,3.3,1.368987,0.9952112,1.360809e-06,1.347546706574283,3.3,0.06425235408780597,0.09314551508281013,0.5224348175575343,3.3,0.06455890504491939,0.09312938804041362,0.5241865062997617,0.09312938804041362,0.5241865062997617,0.0,0.0,0.0,0.09312938804041362,0.5241865062997617,0.0,0.0,3.3,0.07350462805041112,0.09263092872437598,0.5418853128135643,0.09315002186872096,0.5219452990240356,1.4450568698597204,0.0557711920381865,6.794365650924845,3.922202357116377,0.6301282549087899,3.922202357116377,0.6301282549087899,3.922202357116377,3.419773574850044,0.0,0.0,8.978685006735033,0.0,3.419773574850044,0.8646653244288721,0.007383084975833338,7.732582602987092e-30,0.0,0.0,0.0,0.0,0.0,0.09315002186872096,0.5219452990240356,0.0005190931443449744,0.019940013789528734,3.3,0.06336424612923545,0.09262989461327051,0.5419308732166664,0.09315017463496753,0.5219287058442247,1.4450568698598494,0.21546672251914095,6.7943656509251396,3.922202357117408,0.6301282549086541,3.922202357117408,0.6301282549086541,5.838599999999777,0.8118785000001125,5.838599999999807,0.8118785000001125,5.838599999999777,5.090661713562247,3.019806626980426e-14,0.0,8.97864685546144,0.0,5.090661713562247,0.9829472533841976,0.0017577125795010167,9.511854517045286e-142,0.0,0.0,0.0,0.0,0.0,0.09315017463496753,0.5219287058442247,0.0005202800216970098,0.02000216737244176
11.92738,3.3,1.413425,0.9961682,1.361554e-06,1.362736220172448,3.3,0.07194355341368462,0.09662346581224007,0.4414242782896994,3.3,0.07226902433231573,0.09662346581223956,0.4414242782897091,0.09662346581223956,0.4414242782897091,0.0,0.0,0.0,0.09662346581223956,0.4414242782897091,0.0,0.0,3.3,0.07760780250232545,0.09596258826341322,0.4496587586151439,0.09662450984732214,0.4414062812583564,1.445056869859673,0.13681255876056655,6.794365650924635,3.9222023571159927,0.6301282549088405,3.9222023571159927,0.6301282549088405,3.9222023571159927,3.4197735748499487,0.0,0.0,8.978685006734747,0.0,3.4197735748499487,0.8646653244288535,0.007383084975833255,7.9605564655701e-33,0.0,0.0,0.0,0.0,0.0,0.09662450984732214,0.4414062812583564,0.000661921583908913,0.008252477356787545,3.3,0.07096465448878655,0.09596611372030292,0.44961935682170273,0.09662340984545335,0.44142524304273517,1.4450568698598025,0.2319980544171877,6.794365650924906,3.9222023571170324,0.6301282549087036,3.9222023571170324,0.6301282549087036,5.838599999999777,0.8118785000001125,5.838599999999807,0.8118785000001125,5.838599999999777,5.0906617135620955,3.019806626980426e-14,0.0,8.978646855461202,0.0,5.0906617135620955,0.9829472533842201,0.0017577125795010392,9.742234123341487e-145,0.0,0.0,0.0,0.0,0.0,0.09662340984545335,0.44142524304273517,0.0006572961251504358,0.008194113778967515
11.96072,3.3,1.446668,0.9961682,1.361554e-06,1.375150640264688,3.3,0.08042910461391424,0.09940795382115028,0.3692644846563112,3.3,0.08075408739874257,0.09941320436138101,0.3691290995141634,0.09941320436138101,0.3691290995141634,0.0,0.0,0.0,0.09941320436138101,0.3691290995141634,0.0,0.0,3.3,0.08387853380503266,0.09926956870580468,0.37310705987332904,0.09940793148400245,0.3692650606195079,1.4450568698596198,0.19655160157249751,6.79436565092442,3.9222023571155713,0.630128254908896,3.9222023571155713,0.630128254908896,3.9222023571155713,3.41977357484984,0.0,0.0,8.978685006734446,0.0,3.41977357484984,0.8646653244288321,0.007383084975833159,7.938663877387738e-36,0.0,0.0,0.0,0.0,0.0,0.09940793148400245,0.3692650606195079,0.00013836277819777597,0.003841999253821125,3.3,0.0793969302010176,0.09926950023210701,0.373108448489191,0.09940795382445548,0.369264484571087,1.4450568698597555,0.2560039705430488,6.794365650924674,3.9222023571166567,0.6301282549087531,3.9222023571166567,0.6301282549087531,5.838599999999777,0.8118785000001125,5.838599999999807,0.8118785000001125,5.838599999999777,5.090661713561943,3.019806626980426e-14,0.0,8.978646855460967,0.0,5.090661713561943,0.9829472533842426,0.0017577125795010615,9.791357072278581e-148,0.0,0.0,0.0,0.0,0.0,0.09940795382445548,0.369264484571087,0.00013845359234847818,0.0038439639181040387
11.994050000000001,3.3,1.471859,0.9998899,1.364454e-06,1.387561336775617,3.3,0.08972176548601793,0.106979836511588,0.2867984328785998,3.3,0.09015474129262331,0.10690821521774121,0.28782520861793254,0.10690821521774121,0.28782520861793254,0.0,0.0,0.0,0.10690821521774121,0.28782520861793254,0.0,0.0,3.3,0.09160392042224139,0.10549239702611012,0.3000953202313981,0.10699985145481768,0.28651149505566104,1.445056869859577,0.24668644882640842,6.794365650924204,3.9222023571152236,0.6301282549089419,3.9222023571152236,0.6301282549089419,3.9222023571152236,3.4197735748497338,0.0,0.0,8.978685006734159,0.0,3.4197735748497338,0.8646653244288116,0.007383084975833069,8.263270662204257e-39,0.0,0.0,0.0,0.0,0.0,0.10699985145481768,0.28651149505566104,0.0015074544287075995,0.013583825175737045,3.3,0.08850447831867009,0.10548888424361295,0.30012445754511125,0.10700052990012433,0.28650176874182426,1.445056869859708,0.2848249108081838,6.794365650924456,3.922202357116276,0.6301282549088033,3.922202357116276,0.6301282549088033,5.838599999999777,0.8118785000001125,5.838599999999807,0.8118785000001125,5.838599999999777,5.090661713561764,3.019806626980426e-14,0.0,8.978646855460708,0.0,5.090661713561764,0.9829472533842687,0.0017577125795010873,1.0256812793008966e-150,0.0,0.0,0.0,0.0,0.0,0.10700052990012433,0.28650176874182426,0.0015116456565113729,0.013622688803286952
12.027379999999999,3.3,1.490681,0.9971258,1.3623e-06,1.3998633508795129,3.3,0.10070834198695333,0.1132044587041414,0.24856004779608395,3.3,0.10114794594876797,0.1132044587041412,0.2485600477960928,0.1132044587041412,0.2485600477960928,0.0,0.0,0.0,0.1132044587041412,0.2485600477960928,0.0,0.0,3.3,0.1015142239438184,0.11271053978097675,0.2538478081446572,0.11320483150091737,0.2485427591543286,1.445056869859522,0.3043542468986935,6.794365650923983,3.922202357114787,0.6301282549089992,3.922202357114787,0.6301282549089992,3.922202357114787,3.419773574849618,0.0,0.0,8.978685006733878,0.0,3.419773574849618,0.8646653244287889,0.007383084975832966,8.50689039795183e-42,0.0,0.0,0.0,0.0,0.0,0.11320483150091737,0.2485427591543286,0.0004942917199406233,0.005305048990328601,3.3,0.09935223404421381,0.11271334634677779,0.2538263359278814,0.11320443871991094,0.2485609745750263,1.4450568698596646,0.3305429860515449,6.7943656509242345,3.9222023571159235,0.6301282549088495,3.9222023571159235,0.6301282549088495,5.838599999999777,0.8118785000001125,5.838599999999807,0.8118785000001125,5.838599999999777,5.090661713561614,3.019806626980426e-14,0.0,8.978646855460397,0.0,5.090661713561614,0.9829472533842908,0.0017577125795011095,1.0505235483751975e-153,0.0,0.0,0.0,0.0,0.0,0.11320443871991094,0.2485609745750263,0.0004910923731330895,0.005265361352855178
12.06072,3.3,1.504312,0.9977339,1.362774e-06,1.410350392540669,3.3,0.11228648907374648,0.11857934229504706,0.21023981695606767,3.3,0.11272764075731641,0.1186024257363377,0.21024929915320237,0.1186024257363377,0.21024929915320237,0.0,0.0,0.0,0.1186024257363377,0.21024929915320237,0.0,0.0,3.3,0.11239897283198597,0.11809623724087726,0.2108259498114077,0.1185792440921554,0.21023977661636406,1.4450568698594748,0.331264865362817,6.794365650923762,3.922202357114405,0.6301282549090494,3.922202357114405,0.6301282549090494,3.922202357114405,3.4197735748495077,0.0,0.0,8.978685006733578,0.0,3.4197735748495077,0.8646653244287673,0.007383084975832871,8.483495319529815e-45,0.0,0.0,0.0,0.0,0.0,0.1185792440921554,0.21023977661636406,0.00048300685127816695,0.0005861731950436297,3.3,0.11088845503800164,0.11809590954693704,0.21082569392206713,0.11857934230957799,0.2102398169620367,1.445056869859615,0.3498269309594894,6.794365650924009,3.9222023571155273,0.6301282549089018,3.9222023571155273,0.6301282549089018,5.838599999999777,0.8118785000001125,5.838599999999807,0.8118785000001125,5.838599999999777,5.090661713561462,3.019806626980426e-14,0.0,8.978646855460102,0.0,5.090661713561462,0.9829472533843131,0.0017577125795011316,1.0558205690566701e-156,0.0,0.0,0.0,0.0,0.0,0.11857934230957799,0.2102398169620367,0.0004834327626409245,0.0005858769600304512
12.09405,3.3,1.514492,0.998084,1.363047e-06,1.420834288718423,3.3,0.12455246369767652,0.1315535860288137,0.1634032949181228,3.3,0.1251482772437757,0.1308992688755152,0.16422002934031482,0.1308992688755152,0.16422002934031482,0.0,0.0,0.0,0.1308992688755152,0.16422002934031482,0.0,0.0,3.3,0.12406019769688578,0.12681415520327502,0.17242156418044233,0.13171018455421546,0.16332908819982342,1.4450568698594228,0.35570551991742594,6.794365650923559,3.9222023571139957,0.6301282549091034,3.9222023571139957,0.6301282549091034,3.9222023571139957,3.4197735748494043,0.0,0.0,8.978685006733299,0.0,3.4197735748494043,0.8646653244287473,0.0073830849758327825,8.830379906427567e-48,0.0,0.0,0.0,0.0,0.0,0.13171018455421546,0.16332908819982342,0.004896029350940504,0.009092475980618927,3.3,0.12301930334984522,0.126802520144691,0.17244081083598664,0.13171549276485003,0.16332657281923318,1.4450568698595703,0.36886141759760677,6.7943656509238055,3.9222023571151747,0.6301282549089482,3.9222023571151747,0.6301282549089482,5.838599999999777,0.8118785000001125,5.838599999999807,0.8118785000001125,5.838599999999777,5.090661713561307,3.019806626980426e-14,0.0,8.978646855459829,0.0,5.090661713561307,0.9829472533843362,0.0017577125795011533,1.1060115405728553e-159,0.0,0.0,0.0,0.0,0.0,0.13171549276485003,0.16332657281923318,0.004912972620158997,0.009114238016753443
12.12738,3.3,1.522011,0.998084,1.363047e-06,1.4303037432048042,3.3,0.14136784794432028,0.148189055656142,0.14386587407598886,3.3,0.14206273773754893,0.1481890556561409,0.14386587407599488,0.1481890556561409,0.14386587407599488,0.0,0.0,0.0,0.1481890556561409,0.14386587407599488,0.0,0.0,3.3,0.1399109198895057,0.14674197228290783,0.1456047868962388,0.1481910958868609,0.14385575355705846,1.445056869859375,0.5004207431620287,6.794365650923349,3.922202357113608,0.6301282549091545,3.922202357113608,0.6301282549091545,3.922202357113608,3.4197735748493,0.0,0.0,8.978685006733002,0.0,3.4197735748493,0.8646653244287268,0.00738308497583269,9.090719293493732e-51,0.0,0.0,0.0,0.0,0.0,0.1481910958868609,0.14385575355705846,0.0014491236039530801,0.0017490333391803558,3.3,0.13923116693600257,0.1467494948738513,0.145599084462492,0.14818894628706056,0.14386641659887647,1.4450568698595236,0.5107672529133167,6.794365650923601,3.922202357114796,0.630128254908998,3.922202357114796,0.630128254908998,5.838599999999777,0.8118785000001125,5.838599999999807,0.8118785000001125,5.838599999999777,5.090661713561162,3.019806626980426e-14,0.0,8.97864685545958,0.0,5.090661713561162,0.9829472533843574,0.0017577125795011752,1.1327994296042183e-162,0.0,0.0,0.0,0.0,0.0,0.14818894628706056,0.14386641659887647,0.0014394514132092886,0.0017326678636155862
12.160720000000001,3.3,1.527663,0.9990427,1.363794e-06,1.439503328223768,3.3,0.1601825371379902,0.159771016418992,0.11896917153398492,3.3,0.16090593398558495,0.15979531275339187,0.11893246214125604,0.15979531275339187,0.11893246214125604,0.0,0.0,0.0,0.15979531275339187,0.11893246214125604,0.0,0.0,3.3,0.1582837655356277,0.15899349076475774,0.11947336099842501,0.1597709130561415,0.11896932770517553,1.4450568698593238,0.5607957033918798,6.794365650923109,3.9222023571131963,0.6301282549092085,3.9222023571131963,0.6301282549092085,3.9222023571131963,3.419773574849177,0.0,0.0,8.97868500673271,0.0,3.419773574849177,0.8646653244287027,0.007383084975832583,9.065718608760162e-54,0.0,0.0,0.0,0.0,0.0,0.1597709130561415,0.11896932770517553,0.0007774222913837247,0.0005040332932495381,3.3,0.1578917682406704,0.15899328534460383,0.1194741136966845,0.15977101643428637,0.11896917151087655,1.445056869859474,0.5694118402197391,6.794365650923379,3.9222023571144016,0.63012825490905,3.9222023571144016,0.63012825490905,5.838599999999777,0.8118785000001125,5.838599999999807,0.8118785000001125,5.838599999999777,5.090661713560992,3.019806626980426e-14,0.0,8.97864685545928,0.0,5.090661713560992,0.9829472533843825,0.0017577125795011997,1.1385113073443865e-165,0.0,0.0,0.0,0.0,0.0,0.15977101643428637,0.11896917151087655,0.0007777310896825544,0.0005049421858079792
12.194049999999999,3.3,1.531944,0.9990427,1.363794e-06,1.4478934710204079,3.3,0.180281500700602,0.17256539870365042,0.08573379360768812,3.3,0.18109016327748811,0.1724451373418857,0.08620366832060665,0.1724451373418857,0.08620366832060665,0.0,0.0,0.0,0.1724451373418857,0.08620366832060665,0.0,0.0,3.3,0.1780333741546139,0.17047108367656955,0.09074195720687231,0.17259900636694622,0.08560248467428433,1.4450568698592774,0.59805114749265,6.79436565092292,3.922202357112826,0.6301282549092574,3.922202357112826,0.6301282549092574,3.922202357112826,3.419773574849082,0.0,0.0,8.978685006732407,0.0,3.419773574849082,0.8646653244286842,0.007383084975832501,9.436409927445327e-57,0.0,0.0,0.0,0.0,0.0,0.17259900636694622,0.08560248467428433,0.0021279226903766373,0.005139472532587985,3.3,0.1778650956373571,0.17046678765651474,0.09075426549307675,0.1726001455638515,0.08559803370340732,1.4450568698594277,0.6043761368812984,6.794365650923142,3.9222023571140316,0.6301282549090987,3.9222023571140316,0.6301282549090987,5.838599999999777,0.8118785000001125,5.838599999999807,0.8118785000001125,5.838599999999777,5.090661713560823,3.019806626980426e-14,0.0,8.978646855458997,0.0,5.090661713560823,0.9829472533844075,0.0017577125795012244,1.1926331823445235e-168,0.0,0.0,0.0,0.0,0.0,0.1726001455638515,0.08559803370340732,0.0021333579073368044,0.005156231789669416
12.22738,3.3,1.535086,0.9990427,1.363794e-06,1.45586103539823,3.3,0.20757626377137903,0.22571495070254927,0.0784159333729877,3.3,0.2088897635607074,0.22571495070254483,0.0784159333729903,0.22571495070254483,0.0784159333729903,0.0,0.0,0.0,0.22571495070254483,0.0784159333729903,0.0,0.0,3.3,0.20345781670434937,0.22150618333855587,0.0798044203423345,0.2257223071946892,0.07841212685330816,1.445056869859229,0.8817345161225519,6.794365650922682,3.922202357112441,0.630128254909308,3.922202357112441,0.630128254909308,3.922202357112441,3.41977357484895,0.0,0.0,8.978685006732144,0.0,3.41977357484895,0.8646653244286584,0.007383084975832385,9.714616441239682e-60,0.0,0.0,0.0,0.0,0.0,0.2257223071946892,0.07841212685330816,0.004216123856133331,0.0013922934890263385,3.3,0.20349017291215787,0.22152624471689042,0.07979751220189765,0.22571455634872364,0.07841613742616546,1.4450568698593835,0.8877549034043231,6.794365650922927,3.92220235711368,0.630128254909145,3.92220235711368,0.630128254909145,5.838599999999777,0.8118785000001125,5.838599999999807,0.8118785000001125,5.838599999999777,5.09066171356067,3.019806626980426e-14,0.0,8.978646855458765,0.0,5.09066171356067,0.9829472533844301,0.0017577125795012472,1.2215190706849423e-171,0.0,0.0,0.0,0.0,0.0,0.22571455634872364,0.07841613742616546,0.004188311631833264,0.0013813747757321843
12.26072,3.3,1.537525,1.000002,1.364541e-06,1.463384663716814,3.3,0.24501647050621345,0.2530961190626706,0.05859333018514869,3.3,0.2464614786384854,0.2531474514798219,0.05854602857460062,0.2531474514798219,0.05854602857460062,0.0,0.0,0.0,0.2531474514798219,0.05854602857460062,0.0,0.0,3.3,0.2401381448335768,0.2516360666279797,0.05966910950965827,0.2530959006813756,0.05859353141835647,1.445056869859178,1.1253417034251145,6.794365650922474,3.9222023571120284,0.6301282549093623,3.9222023571120284,0.6301282549093623,3.9222023571120284,3.419773574848833,0.0,0.0,8.978685006731888,0.0,3.419773574848833,0.8646653244286358,0.007383084975832285,9.687899960633548e-63,0.0,0.0,0.0,0.0,0.0,0.2530959006813756,0.05859353141835647,0.0014598340533959308,0.0010755780913017994,3.3,0.24036211532868282,0.2516355402379135,0.05966989288859038,0.2530961190949834,0.05859333015537344,1.4450568698593393,1.1315601759717373,6.794365650922704,3.9222023571133233,0.6301282549091919,3.9222023571133233,0.6301282549091919,5.838599999999777,0.8118785000001125,5.838599999999807,0.8118785000001125,5.838599999999777,5.090661713560527,3.019806626980426e-14,0.0,8.978646855458514,0.0,5.090661713560527,0.982947253384451,0.0017577125795012675,1.2276782971263324e-174,0.0,0.0,0.0,0.0,0.0,0.2530961190949834,0.05859333015537344,0.001460578857069922,0.0010765627332169376
12.29405,3.3,1.539448,1.0,0.0,1.4704038080357145,3.3,0.28749172680606455,0.2952538852521649,0.05312076398739197,3.3,0.2892048330365674,0.2947809443629357,0.05331811023753804,0.2947809443629357,0.05331811023753804,0.0,0.0,0.0,0.2947809443629357,0.05331811023753804,0.0,0.0,3.3,0.2818915463658254,0.289431252902305,0.0555032126471721,0.2953860510444929,0.05306561455094548,1.4450568698591288,1.2745797874344105,6.794365650922236,3.9222023571116345,0.6301282549094142,3.9222023571116345,0.6301282549094142,3.9222023571116345,3.419773574848729,0.0,0.0,8.978685006731613,0.0,3.419773574848729,0.8646653244286152,0.0073830849758321935,1.0084031870538708e-65,0.0,0.0,0.0,0.0,0.0,0.2953860510444929,0.05306561455094548,0.005954798142187892,0.0024375980962266248,3.3,0.2822823032653233,0.28941799134367413,0.05550850472537783,0.29539053106025975,0.05306374515387637,1.4450568698592883,1.2793478286886215,6.7943656509225026,3.922202357112916,0.6301282549092456,3.922202357112916,0.6301282549092456,5.838599999999777,0.8118785000001125,5.838599999999807,0.8118785000001125,5.838599999999777,5.090661713560341,3.019806626980426e-14,0.0,8.978646855458244,0.0,5.090661713560341,0.9829472533844784,0.0017577125795012946,1.2860389397403223e-177,0.0,0.0,0.0,0.0,0.0,0.29539053106025975,0.05306374515387637,0.00597253971658563,0.00244475957150145
12.32738,3.3,1.540859,1.0,0.0,1.4771192462557603,3.3,0.3334624622029285,0.33515343209879317,0.04231015733495614,3.3,0.33540630236838487,0.335153432098786,0.04231015733495788,0.335153432098786,0.04231015733495788,0.0,0.0,0.0,0.335153432098786,0.04231015733495788,0.0,0.0,3.3,0.3269460146129441,0.32893136098722336,0.04336730361813894,0.3351626351555661,0.04230804769955203,1.445056869859079,1.3888888099463892,6.794365650921996,3.922202357111241,0.6301282549094662,3.922202357111241,0.6301282549094662,3.922202357111241,3.4197735748486147,0.0,0.0,8.978685006731292,0.0,3.4197735748486147,0.8646653244285931,0.007383084975832094,1.0381331730308598e-68,0.0,0.0,0.0,0.0,0.0,0.3351626351555661,0.04230804769955203,0.00623127416834271,0.0010592559185869097,3.3,0.32752610733992693,0.32896505778153573,0.043362168294949564,0.33515293875759544,0.042310270424561286,1.4450568698592445,1.394577919691933,6.794365650922284,3.9222023571125617,0.6301282549092923,3.9222023571125617,0.6301282549092923,5.838599999999777,0.8118785000001125,5.838599999999807,0.8118785000001125,5.838599999999777,5.090661713560197,3.019806626980426e-14,0.0,8.978646855457987,0.0,5.090661713560197,0.9829472533844996,0.0017577125795013163,1.3171871399450432e-180,0.0,0.0,0.0,0.0,0.0,0.33515293875759544,0.042310270424561286,0.006187880976059725,0.0010518978703882764
12.36072,3.3,1.541894,1.0,0.0,1.4834718222891567,3.3,0.38625016917817145,0.3685091990434897,0.029499283877898304,3.3,0.38827372505366997,0.36857411881723084,0.029472787849040765,0.36857411881723084,0.029472787849040765,0.0,0.0,0.0,0.36857411881723084,0.029472787849040765,0.0,0.0,3.3,0.378996158475835,0.36674797964672307,0.030209531870681577,0.3685089228580892,0.029499396598814193,1.445056869859031,1.585256439056409,6.794365650921763,3.922202357110852,0.6301282549095172,3.922202357110852,0.6301282549095172,3.922202357110852,3.4197735748485107,0.0,0.0,8.978685006731025,0.0,3.4197735748485107,0.8646653244285728,0.0073830849758320044,1.0352781694586682e-71,0.0,0.0,0.0,0.0,0.0,0.3685089228580892,0.029499396598814193,0.001760943211366127,0.000710135271867386,3.3,0.37977834840502356,0.3667472235658706,0.030209846819763898,0.36850919908435587,0.029499283861219642,1.4450568698592,1.5921734654256487,6.7943656509220585,3.922202357112202,0.6301282549093395,3.922202357112202,0.6301282549093395,5.838599999999777,0.8118785000001125,5.838599999999807,0.8118785000001125,5.838599999999777,5.090661713560046,3.019806626980426e-14,0.0,8.978646855457718,0.0,5.090661713560046,0.982947253384522,0.0017577125795013376,1.3238287504403676e-183,0.0,0.0,0.0,0.0,0.0,0.36850919908435587,0.029499283861219642,0.0017619755184853116,0.0007105629585442534
12.39405,3.3,1.542654,1.0,0.0,1.4895116298945783,3.3,0.4427690863785627,0.4209623695470998,0.031742879714700835,3.3,0.4450382510689032,0.42028537339370703,0.03175744198228641,0.42028537339370703,0.03175744198228641,0.0,0.0,0.0,0.42028537339370703,0.03175744198228641,0.0,0.0,3.3,0.4348884174962649,0.41284196968876835,0.03232571550379898,0.42114643115700306,0.0317381382119846,1.445056869858981,1.699168628486929,6.7943656509215415,3.9222023571104505,0.6301282549095701,3.9222023571104505,0.6301282549095701,3.9222023571104505,3.419773574848406,0.0,0.0,8.97868500673071,0.0,3.419773574848406,0.8646653244285523,0.0073830849758319125,1.0776100185894793e-74,0.0,0.0,0.0,0.0,0.0,0.42114643115700306,0.0317381382119846,0.008304461468234657,0.0005875772918143829,3.3,0.4358497272343874,0.41282318585772293,0.032326593844466546,0.42115267028210973,0.03173797748955771,1.4450568698591584,1.7042179467838647,6.794365650921866,3.922202357111871,0.6301282549093831,3.922202357111871,0.6301282549093831,5.838599999999777,0.8118785000001125,5.838599999999807,0.8118785000001125,5.838599999999777,5.090661713559885,3.019806626980426e-14,0.0,8.978646855457447,0.0,5.090661713559885,0.9829472533845458,0.0017577125795013614,1.3867601364026227e-186,0.0,0.0,0.0,0.0,0.0,0.42115267028210973,0.03173797748955771,0.00832948442438684,0.0005886163549088491
12.42738,3.3,1.543211,1.0,0.0,1.4951334165792234,3.3,0.49595091770644756,0.4247025344249837,0.026751603502769894,3.3,0.49779715996596735,0.4247025344249791,0.02675160350277073,0.4247025344249791,0.02675160350277073,0.0,0.0,0.0,0.4247025344249791,0.02675160350277073,0.0,0.0,3.3,0.4887742242134967,0.42233533254781563,0.027240796915613437,0.42470833904374933,0.026750577023342062,1.4450568698589323,1.5547343520479209,6.7943656509213195,3.922202357110064,0.6301282549096211,3.922202357110064,0.6301282549096211,3.922202357110064,3.4197735748482936,0.0,0.0,8.978685006730414,0.0,3.4197735748482936,0.8646653244285304,0.007383084975831815,1.1093803766841267e-77,0.0,0.0,0.0,0.0,0.0,0.42470833904374933,0.026750577023342062,0.002373006495933628,0.0004902198922713783,3.3,0.4899596981055439,0.42234682547391755,0.027238428929029928,0.42470222326124285,0.026751658528464416,1.4450568698591115,1.561319271496549,6.794365650921648,3.922202357111499,0.6301282549094321,3.922202357111499,0.6301282549094321,5.838599999999777,0.8118785000001125,5.838599999999807,0.8118785000001125,5.838599999999777,5.090661713559718,3.019806626980426e-14,0.0,8.97864685545716,0.0,5.090661713559718,0.9829472533845703,0.0017577125795013855,1.420347829916033e-189,0.0,0.0,0.0,0.0,0.0,0.42470222326124285,0.026751658528464416,0.002355397787325314,0.00048677040056550923
12.46072,3.3,1.54362,1.0,0.0,1.5004893467505243,3.3,0.5456659272305662,0.4473838096537946,0.02202671053101517,3.3,0.5474069746730562,0.44742992592910286,0.022018525331081076,0.44742992592910286,0.022018525331081076,0.0,0.0,0.0,0.44742992592910286,0.022018525331081076,0.0,0.0,3.3,0.5385137871725194,0.44611096419588536,0.02226589392478558,0.44738359408078254,0.02202672574972613,1.4450568698588788,1.4889350602067755,6.794365650921115,3.9222023571096356,0.6301282549096774,3.9222023571096356,0.6301282549096774,3.9222023571096356,3.419773574848183,0.0,0.0,8.978685006730128,0.0,3.419773574848183,0.8646653244285089,0.007383084975831719,1.1063294333076817e-80,0.0,0.0,0.0,0.0,0.0,0.44738359408078254,0.02202672574972613,0.0012726298848971928,0.0002391681750594455,3.3,0.5399274260887879,0.4461102853206098,0.022265796361297822,0.4473838096856913,0.0220267105287634,1.445056869859069,1.4969436236561162,6.79436565092142,3.9222023571111553,0.6301282549094774,3.9222023571111553,0.6301282549094774,5.838599999999777,0.8118785000001125,5.838599999999807,0.8118785000001125,5.838599999999777,5.090661713559568,3.019806626980426e-14,0.0,8.978646855456844,0.0,5.090661713559568,0.9829472533845923,0.0017577125795014076,1.4275096034688263e-192,0.0,0.0,0.0,0.0,0.0,0.4473838096856913,0.0220267105287634,0.0012735243650814003,0.00023908583253441914
12.49405,3.3,1.54392,1.0,0.0,1.5055351956268221,3.3,0.5946782509010641,0.46835768395329236,0.02003113080637461,3.3,0.5962704520941213,0.46855655488653547,0.020055917649714747,0.46855655488653547,0.020055917649714747,0.0,0.0,0.0,0.46855655488653547,0.020055917649714747,0.0,0.0,3.3,0.587612997494991,0.4696941175325707,0.020285616534261825,0.46830210843621967,0.020024203994030706,1.445056869858834,1.4660395060658866,6.794365650920899,3.9222023571092755,0.6301282549097247,3.9222023571092755,0.6301282549097247,3.9222023571092755,3.4197735748480693,0.0,0.0,8.978685006729853,0.0,3.4197735748480693,0.8646653244284865,0.0073830849758316185,1.1515665217938176e-83,0.0,0.0,0.0,0.0,0.0,0.46830210843621967,0.020024203994030706,0.0013920090963510721,0.0002614125402311256,3.3,0.5892116934281371,0.46969553391216373,0.020286311242991968,0.4683002245963264,0.020023969196297568,1.4450568698590203,1.4711390616196856,6.794365650921195,3.922202357110764,0.6301282549095287,3.922202357110764,0.6301282549095287,5.838599999999777,0.8118785000001125,5.838599999999807,0.8118785000001125,5.838599999999777,5.090661713559392,3.019806626980426e-14,0.0,8.978646855456596,0.0,5.090661713559392,0.9829472533846181,0.0017577125795014334,1.495369707682367e-195,0.0,0.0,0.0,0.0,0.0,0.4683002245963264,0.020023969196297568,0.0013953093158372827,0.0002623420466943971
12.52738,3.3,1.54414,1.0,0.0,1.5103489468042877,3.3,0.6380009818211623,0.4827723661363174,0.017680738842074,3.3,0.6394189750219239,0.4827723661363151,0.0176807388420743,0.4827723661363151,0.0176807388420743,0.0,0.0,0.0,0.4827723661363151,0.0176807388420743,0.0,0.0,3.3,0.6314604811961787,0.4808535337056287,0.01780413914404269,0.48277643490063765,0.017680185805101598,1.445056869858783,1.2935203718483235,6.7943656509206525,3.922202357108863,0.6301282549097792,3.922202357108863,0.6301282549097792,3.922202357108863,3.419773574847949,0.0,0.0,8.97868500672955,0.0,3.419773574847949,0.864665324428463,0.007383084975831514,1.1855172833272807e-86,0.0,0.0,0.0,0.0,0.0,0.48277643490063765,0.017680185805101598,0.0019229011950089362,0.00012395333894108757,3.3,0.6332898345444146,0.48086295859898526,0.017803895975040222,0.4827721480251938,0.01768076848830217,1.4450568698589756,1.3001983818115608,6.794365650920956,3.922202357110409,0.6301282549095756,3.922202357110409,0.6301282549095756,5.838599999999777,0.8118785000001125,5.838599999999807,0.8118785000001125,5.838599999999777,5.090661713559222,3.019806626980426e-14,0.0,8.978646855456327,0.0,5.090661713559222,0.9829472533846433,0.0017577125795014581,1.5315879534421249e-198,0.0,0.0,0.0,0.0,0.0,0.4827721480251938,0.01768076848830217,0.0019091894262085777,0.00012312748673804963
12.56072,3.3,1.544301,1.0,0.0,1.5148645517938353,3.3,0.6789781507123721,0.49740846381288106,0.015136038683869932,3.3,0.6802228977076323,0.4974240187319533,0.015130862998140246,0.4974240187319533,0.015130862998140246,0.0,0.0,0.0,0.4974240187319533,0.015130862998140246,0.0,0.0,3.3,0.6726800443355648,0.4967949394684345,0.015267458675888329,0.49740839763825784,0.01513606070256711,1.445056869858735,1.221679909329491,6.79436565092041,3.9222023571084836,0.6301282549098292,3.9222023571084836,0.6301282549098292,3.9222023571084836,3.419773574847831,0.0,0.0,8.978685006729268,0.0,3.419773574847831,0.86466532442844,0.007383084975831412,1.182256953252466e-89,0.0,0.0,0.0,0.0,0.0,0.49740839763825784,0.01513606070256711,0.0006134581698233981,0.00013139797332121782,3.3,0.6747357857438817,0.49679488059281474,0.015267521133194214,0.4974084638226728,0.015136038680611858,1.4450568698589283,1.229875255812339,6.79436565092073,3.922202357110032,0.6301282549096253,3.922202357110032,0.6301282549096253,5.838599999999777,0.8118785000001125,5.838599999999807,0.8118785000001125,5.838599999999777,5.09066171355906,3.019806626980426e-14,0.0,8.978646855456029,0.0,5.09066171355906,0.9829472533846672,0.0017577125795014816,1.5393106293568823e-201,0.0,0.0,0.0,0.0,0.0,0.4974084638226728,0.015136038680611858,0.0006135832298580596,0.00013148245258235672
12.59405,3.3,1.54442,1.0,0.0,1.5191686048858204,3.3,0.7176766555336084,0.5209056218505359,0.016256224245646916,3.3,0.718920262287444,0.5205873354375006,0.016252283507044638,0.5205873354375006,0.016252283507044638,0.0,0.0,0.0,0.5205873354375006,0.016252283507044638,0.0,0.0,3.3,0.7115311232355165,0.5168665166718014,0.015983736099096296,0.5209945686447858,0.016257325505554008,1.4450568698586839,1.1572489168441726,6.794365650920198,3.9222023571080755,0.6301282549098829,3.9222023571080755,0.6301282549098829,3.9222023571080755,3.4197735748477243,0.0,0.0,8.978685006728982,0.0,3.4197735748477243,0.8646653244284193,0.00738308497583132,1.2305986684772053e-92,0.0,0.0,0.0,0.0,0.0,0.5209945686447858,0.016257325505554008,0.004128051972984418,0.0002735894064577173,3.3,0.7137504282931173,0.5168573319997111,0.01598322893500846,0.5209975836688117,0.016257362834893496,1.4450568698588824,1.1615153746886544,6.794365650920529,3.9222023571096627,0.6301282549096738,3.9222023571096627,0.6301282549096738,5.838599999999777,0.8118785000001125,5.838599999999807,0.8118785000001125,5.838599999999777,5.090661713558888,3.019806626980426e-14,0.0,8.978646855455764,0.0,5.090661713558888,0.9829472533846925,0.0017577125795015063,1.6124854643789447e-204,0.0,0.0,0.0,0.0,0.0,0.5209975836688117,0.016257362834893496,0.004140251669100546,0.00027413389988503636
12.62738,3.3,1.544506,1.0,0.0,1.5232189667507092,3.3,0.7550808808160316,0.5380426502577575,0.01646839965310039,3.3,0.7562032056873521,0.5380426502577559,0.01646839965310037,0.5380426502577559,0.01646839965310037,0.0,0.0,0.0,0.5380426502577559,0.01646839965310037,0.0,0.0,3.3,0.7489796910484364,0.5362486992205495,0.016445959511992455,0.5380456941593301,0.016468437339975914,1.445056869858639,1.115694856824638,6.79436565091996,3.922202357107715,0.6301282549099302,3.922202357107715,0.6301282549099302,3.922202357107715,3.419773574847616,0.0,0.0,8.978685006728705,0.0,3.419773574847616,0.864665324428398,0.0073830849758312255,1.2668794747932205e-95,0.0,0.0,0.0,0.0,0.0,0.5380456941593301,0.016468437339975914,0.0017969949387805855,2.2477827983460628e-05,3.3,0.7514080456291338,0.536257838501525,0.016446073434127146,0.5380424870856632,0.016468397632848995,1.4450568698588326,1.1217103049336474,6.794365650920303,3.922202357109263,0.6301282549097263,3.922202357109263,0.6301282549097263,5.838599999999777,0.8118785000001125,5.838599999999807,0.8118785000001125,5.838599999999777,5.09066171355873,3.019806626980426e-14,0.0,8.978646855455507,0.0,5.09066171355873,0.9829472533847156,0.0017577125795015295,1.651540284421661e-207,0.0,0.0,0.0,0.0,0.0,0.5380424870856632,0.016468397632848995,0.00178464858413823,2.2324198721853123e-05
12.66072,3.3,1.54457,1.0,0.0,1.5270588983611721,3.3,0.7883943074105247,0.5441311994464407,0.016543782640991392,3.3,0.7892690525088062,0.5441572302130313,0.016544104930735947,0.5441572302130313,0.016544104930735947,0.0,0.0,0.0,0.5441572302130313,0.016544104930735947,0.0,0.0,3.3,0.7828576095138512,0.5434499912122689,0.01653534829955392,0.5441310887048697,0.016543781269887994,1.4450568698585888,0.9869094320289635,6.794365650919757,3.9222023571073104,0.6301282549099836,3.9222023571073104,0.6301282549099836,3.9222023571073104,3.419773574847497,0.0,0.0,8.978685006728387,0.0,3.419773574847497,0.8646653244283747,0.0073830849758311215,1.2633953878786709e-98,0.0,0.0,0.0,0.0,0.0,0.5441310887048697,0.016543781269887994,0.0006810974926008234,8.432970334073515e-06,3.3,0.7854893780700843,0.5434497518942003,0.016535345335517766,0.5441311994628268,0.01654378264119427,1.4450568698587838,0.9946046006029258,6.794365650920094,3.922202357108876,0.6301282549097774,3.922202357108876,0.6301282549097774,5.838599999999777,0.8118785000001125,5.838599999999807,0.8118785000001125,5.838599999999777,5.090661713558565,3.019806626980426e-14,0.0,8.978646855455235,0.0,5.090661713558565,0.98294725338474,0.0017577125795015535,1.6598677920602876e-210,0.0,0.0,0.0,0.0,0.0,0.5441311994628268,0.01654378264119427,0.0006814475686265158,8.437305676504112e-06
12.69405,3.3,1.544617,1.0,0.0,1.5307171832302058,3.3,0.8191723233362617,0.5600047023120777,0.015251375677772095,3.3,0.820019053972541,0.5596685766739331,0.015108514148278927,0.5596685766739331,0.015108514148278927,0.0,0.0,0.0,0.5596685766739331,0.015108514148278927,0.0,0.0,3.3,0.8138408424253535,0.5566759392636456,0.01460879291091283,0.5600986343706074,0.015291299075535076,1.445056869858546,0.9194812656782244,6.794365650919509,3.9222023571069666,0.6301282549100288,3.9222023571069666,0.6301282549100288,3.9222023571069666,3.4197735748474085,0.0,0.0,8.978685006728115,0.0,3.4197735748474085,0.8646653244283574,0.007383084975831045,1.3150548007416386e-101,0.0,0.0,0.0,0.0,0.0,0.5600986343706074,0.015291299075535076,0.003422695106961748,0.0006825061646222458,3.3,0.8165978637467847,0.5566680045894343,0.014606843346689631,0.5601018183798272,0.015292652356497538,1.4450568698587374,0.9224851312203989,6.794365650919873,3.922202357108504,0.6301282549098265,3.922202357108504,0.6301282549098265,5.838599999999777,0.8118785000001125,5.838599999999807,0.8118785000001125,5.838599999999777,5.090661713558423,3.019806626980426e-14,0.0,8.978646855454963,0.0,5.090661713558423,0.9829472533847609,0.0017577125795015744,1.7387736019246905e-213,0.0,0.0,0.0,0.0,0.0,0.5601018183798272,0.015292652356497538,0.003433813790392837,0.0006858090098079022
12.72738,3.3,1.544651,1.0,0.0,1.5341478288925368,3.3,0.8487004214938778,0.5757480266928486,0.01490248469248582,3.3,0.8494755884472345,0.5757480266928467,0.01490248469248579,0.5757480266928467,0.01490248469248579,0.0,0.0,0.0,0.5757480266928467,0.01490248469248579,0.0,0.0,3.3,0.8433522810765258,0.5737643051927583,0.014831368996066756,0.57575170104294,0.014902524724503255,1.445056869858497,0.8841137741193835,6.794365650919261,3.922202357106575,0.6301282549100803,3.922202357106575,0.6301282549100803,3.922202357106575,3.419773574847291,0.0,0.0,8.97868500672784,0.0,3.419773574847291,0.8646653244283344,0.007383084975830943,1.3538255630891533e-104,0.0,0.0,0.0,0.0,0.0,0.57575170104294,0.014902524724503255,0.0019873958501816485,7.115572843650157e-05,3.3,0.8462861823529321,0.5737743081300511,0.014831793630263426,0.5757478297247849,0.014902482546520194,1.4450568698586925,0.8891156012141546,6.794365650919646,3.922202357108138,0.6301282549098747,3.922202357108138,0.6301282549098747,5.838599999999777,0.8118785000001125,5.838599999999807,0.8118785000001125,5.838599999999777,5.090661713558264,3.019806626980426e-14,0.0,8.978646855454688,0.0,5.090661713558264,0.9829472533847845,0.0017577125795015982,1.7808871537172272e-216,0.0,0.0,0.0,0.0,0.0,0.5757478297247849,0.014902482546520194,0.001973521594733834,7.068891625676814e-05
12.76072,3.3,1.544676,1.0,0.0,1.537546025453413,3.3,0.8776938060075701,0.5897331812459328,0.014370374111217282,3.3,0.8783661077825591,0.5897633804126492,0.014370688171803335,0.5897633804126492,0.014370688171803335,0.0,0.0,0.0,0.5897633804126492,0.014370688171803335,0.0,0.0,3.3,0.8724428905120659,0.5887784214525302,0.014201869462144124,0.5897330586563535,0.014370372836329286,1.445056869858449,0.8664954166127594,6.794365650919044,3.9222023571061873,0.6301282549101314,3.9222023571061873,0.6301282549101314,3.9222023571061873,3.419773574847184,0.0,0.0,8.978685006727538,0.0,3.419773574847184,0.8646653244283137,0.007383084975830849,1.3501023628775491e-107,0.0,0.0,0.0,0.0,0.0,0.5897330586563535,0.014370372836329286,0.0009546372038232574,0.00016850337418516226,3.3,0.8755475553336795,0.588778297481983,0.014202066050548797,0.5897331812640723,0.014370374111405924,1.445056869858646,0.8734250977923327,6.794365650919432,3.922202357107768,0.6301282549099233,3.922202357107768,0.6301282549099233,5.838599999999777,0.8118785000001125,5.838599999999807,0.8118785000001125,5.838599999999777,5.090661713558095,3.019806626980426e-14,0.0,8.978646855454409,0.0,5.090661713558095,0.982947253384809,0.0017577125795016225,1.789866862850604e-219,0.0,0.0,0.0,0.0,0.0,0.5897331812640723,0.014370374111405924,0.000954883782089309,0.00016830806085712526
12.79405,3.3,1.544695,1.0,0.0,1.5404740427337122,3.3,0.9047931435311068,0.6036719232174236,0.014515332066962974,3.3,0.9054275126419566,0.6034560127439499,0.01451308667488076,0.6034560127439499,0.01451308667488076,0.0,0.0,0.0,0.6034560127439499,0.01451308667488076,0.0,0.0,3.3,0.8998149159545182,0.6006015889421367,0.014483236623692804,0.6037322605226751,0.01451595955346372,1.4450568698583974,0.8056037323724398,6.794365650918803,3.9222023571057782,0.6301282549101853,3.9222023571057782,0.6301282549101853,3.9222023571057782,3.4197735748470683,0.0,0.0,8.978685006727241,0.0,3.4197735748470683,0.864665324428291,0.007383084975830749,1.4053071673575047e-110,0.0,0.0,0.0,0.0,0.0,0.6037322605226751,0.01451595955346372,0.0031306715805384565,3.2722929770916694e-05,3.3,0.9030117499061894,0.6005950487450338,0.014483167761035656,0.6037343057726041,0.01451598082333508,1.4450568698586033,0.8076217460690625,6.794365650919225,3.9222023571074263,0.6301282549099684,3.9222023571074263,0.6301282549099684,5.838599999999777,0.8118785000001125,5.838599999999807,0.8118785000001125,5.838599999999777,5.090661713557932,3.019806626980426e-14,0.0,8.978646855454185,0.0,5.090661713557932,0.9829472533848335,0.0017577125795016464,1.8749524913788834e-222,0.0,0.0,0.0,0.0,0.0,0.6037343057726041,0.01451598082333508,0.003139257027570356,3.2813062299427226e-05
12.82738,3.3,1.544708,1.0,0.0,1.543402060014011,3.3,0.930609957944778,0.615612538685885,0.0139422285873456,3.3,0.9311483258496243,0.6156125386858835,0.01394222858734559,0.6156125386858835,0.01394222858734559,0.0,0.0,0.0,0.6156125386858835,0.01394222858734559,0.0,0.0,3.3,0.9256708012230583,0.6141381877673547,0.013852454457351544,0.6156157132537888,0.013942260029241222,1.445056869858353,0.7697926946863417,6.7943656509185715,3.922202357105422,0.6301282549102322,3.922202357105422,0.6301282549102322,3.922202357105422,3.4197735748469613,0.0,0.0,8.97868500672694,0.0,3.4197735748469613,0.8646653244282702,0.007383084975830655,1.4467298918069954e-113,0.0,0.0,0.0,0.0,0.0,0.6156157132537888,0.013942260029241222,0.00147752548643405,8.98055718896717e-05,3.3,0.9287700953784911,0.6141448843302457,0.013852707002074862,0.615612443863073,0.013942227648191342,1.4450568698585595,0.7660003778318228,6.794365650919005,3.922202357107073,0.630128254910015,3.922202357107073,0.630128254910015,5.838599999999777,0.8118785000001125,5.838599999999807,0.8118785000001125,5.838599999999777,5.090661713557764,3.019806626980426e-14,0.0,8.97864685545391,0.0,5.090661713557764,0.9829472533848579,0.0017577125795016704,1.920340759774524e-225,0.0,0.0,0.0,0.0,0.0,0.615612443863073,0.013942227648191342,0.0014675595328272864,8.952064611648328e-05
12.86072,3.3,1.544718,1.0,0.0,1.5463309557873435,3.3,0.9552579520534261,0.6259942734568392,0.011926088027352327,3.3,0.9557001118958813,0.6260305045591675,0.01194702564577055,0.6260305045591675,0.01194702564577055,0.0,0.0,0.0,0.6260305045591675,0.01194702564577055,0.0,0.0,3.3,0.9504534948529343,0.6255409937233983,0.012228011180414299,0.6259941193204188,0.011925998953342724,1.4450568698583068,0.7369925312306842,6.794365650918344,3.9222023571050473,0.6301282549102815,3.9222023571050473,0.6301282549102815,3.9222023571050473,3.419773574846843,0.0,0.0,8.978685006726616,0.0,3.419773574846843,0.8646653244282472,0.007383084975830553,1.4427511923475532e-116,0.0,0.0,0.0,0.0,0.0,0.6259941193204188,0.011925998953342724,0.00045312559702040915,0.0003020122270715744,3.3,0.9537447538465301,0.6255397809146804,0.012226502925851021,0.6259942738707691,0.011926088266558551,1.4450568698585144,0.7443380813641519,6.794365650918815,3.9222023571067135,0.6301282549100621,3.9222023571067135,0.6301282549100621,5.838599999999777,0.8118785000001125,5.838599999999807,0.8118785000001125,5.838599999999777,5.090661713557608,3.019806626980426e-14,0.0,8.978646855453652,0.0,5.090661713557608,0.9829472533848808,0.0017577125795016936,1.930023631268767e-228,0.0,0.0,0.0,0.0,0.0,0.6259942738707691,0.011926088266558551,0.0004544929560886689,0.0003004146592924684
12.89405,3.3,1.544726,1.0,0.0,1.5491377326321094,3.3,0.9794016341922354,0.6441760696865423,0.013513717112067941,3.3,0.9798761581078557,0.643877342412046,0.013510906392557582,0.643877342412046,0.013510906392557582,0.0,0.0,0.0,0.643877342412046,0.013510906392557582,0.0,0.0,3.3,0.974658779728762,0.6416041384561831,0.013488162508279868,0.6442595505777576,0.013514502582260033,1.445056869858256,0.7229311498932807,6.794365650918114,3.922202357104646,0.6301282549103343,3.922202357104646,0.6301282549103343,3.922202357104646,3.419773574846724,0.0,0.0,8.978685006726304,0.0,3.419773574846724,0.864665324428224,0.00738308497583045,1.5017443469970783e-119,0.0,0.0,0.0,0.0,0.0,0.6442595505777576,0.013514502582260033,0.0026554121215744057,2.6340073980161073e-05,3.3,0.9780492863913516,0.641597063442413,0.013488089827788667,0.6442616315255677,0.01351452216186025,1.4450568698584723,0.7250975281716036,6.794365650918609,3.922202357106378,0.6301282549101063,3.922202357106378,0.6301282549101063,5.838599999999777,0.8118785000001125,5.838599999999807,0.8118785000001125,5.838599999999777,5.090661713557451,3.019806626980426e-14,0.0,8.978646855453407,0.0,5.090661713557451,0.982947253384904,0.0017577125795017164,2.0217719490648516e-231,0.0,0.0,0.0,0.0,0.0,0.6442616315255677,0.01351452216186025,0.0026645680831546793,2.643233407158617e-05
12.92738,3.3,1.544731,1.0,0.0,1.5514949951502173,3.3,1.0024844222971365,0.6543255801927358,0.0128927897642885,3.3,1.0028687148837996,0.6543255801927333,0.01289278976428847,0.6543255801927333,0.01289278976428847,0.0,0.0,0.0,0.6543255801927333,0.01289278976428847,0.0,0.0,3.3,0.9978004325732253,0.6527034158745705,0.012630664681626547,0.65432852112306,0.012892815978765727,1.445056869858209,0.686298031873105,6.7943656509179124,3.9222023571042652,0.6301282549103845,3.9222023571042652,0.6301282549103845,3.9222023571042652,3.419773574846611,0.0,0.0,8.978685006726012,0.0,3.419773574846611,0.8646653244282018,0.007383084975830351,1.54601913550865e-122,0.0,0.0,0.0,0.0,0.0,0.65432852112306,0.012892815978765727,0.0016251052484895084,0.00026215129713917624,3.3,1.0013568083339175,0.6527115447143128,0.012632174692832626,0.654325492348562,0.012892788981274673,1.4450568698584276,0.6908819151192308,6.794365650918392,3.9222023571060154,0.630128254910154,3.9222023571060154,0.630128254910154,5.838599999999777,0.8118785000001125,5.838599999999807,0.8118785000001125,5.838599999999777,5.090661713557285,3.019806626980426e-14,0.0,8.978646855453157,0.0,5.090661713557285,0.9829472533849284,0.0017577125795017405,2.070739794904809e-234,0.0,0.0,0.0,0.0,0.0,0.654325492348562,0.012892788981274673,0.0016139476342491746,0.0002606142884420513
12.96072,3.3,1.544735,1.0,0.0,1.5538529649178057,3.3,1.02451468707275,0.6663162198741333,0.012999670348419883,3.3,1.0248055012209267,0.6663308440315515,0.012999800703307429,0.6663308440315515,0.012999800703307429,0.0,0.0,0.0,0.6663308440315515,0.012999800703307429,0.0,0.0,3.3,1.0199467920788579,0.6655562119462166,0.012992648905359323,0.6663161576592094,0.012999669793856689,1.445056869858159,0.6597015275081006,6.7943656509176815,3.922202357103867,0.6301282549104368,3.922202357103867,0.6301282549104368,3.922202357103867,3.419773574846501,0.0,0.0,8.978685006725735,0.0,3.419773574846501,0.8646653244281803,0.007383084975830255,1.541767377432499e-125,0.0,0.0,0.0,0.0,0.0,0.6663161576592094,0.012999669793856689,0.0007599457129926716,7.020888497364831e-06,3.3,1.0236375385389969,0.6655563618461667,0.01299264975640985,0.6663162200412098,0.012999670349909146,1.4450568698583839,0.6658524942861528,6.794365650918176,3.9222023571056712,0.6301282549101994,3.9222023571056712,0.6301282549101994,5.838599999999777,0.8118785000001125,5.838599999999807,0.8118785000001125,5.838599999999777,5.0906617135571235,3.019806626980426e-14,0.0,8.978646855452888,0.0,5.0906617135571235,0.9829472533849523,0.0017577125795017645,2.0811810185396976e-237,0.0,0.0,0.0,0.0,0.0,0.6663162200412098,0.012999670349909146,0.0007598581950430524,7.020593499295844e-06
12.99405,3.3,1.544738,1.0,0.0,1.5562102274359135,3.3,1.0461392769681457,0.6818200022765795,0.012407840831919365,3.3,1.046474783393306,0.6816065735644945,0.012406044110848674,0.6816065735644945,0.012406044110848674,0.0,0.0,0.0,0.6816065735644945,0.012406044110848674,0.0,0.0,3.3,1.0416524503735263,0.6786695060797621,0.012295166664294754,0.6818796460406982,0.01240834293497139,1.445056869858109,0.6455664693510654,6.794365650917445,3.922202357103467,0.6301282549104895,3.922202357103467,0.6301282549104895,3.922202357103467,3.4197735748463973,0.0,0.0,8.97868500672547,0.0,3.4197735748463973,0.8646653244281601,0.007383084975830165,1.6048092392695508e-128,0.0,0.0,0.0,0.0,0.0,0.6818796460406982,0.01240834293497139,0.0032101399609361595,0.00011317627067663851,3.3,1.0453880871699741,0.6786624215237321,0.012294880440800293,0.6818811327948359,0.012408355451012274,1.4450568698583424,0.6461361456720888,6.794365650917962,3.9222023571053337,0.6301282549102436,3.9222023571053337,0.6301282549102436,5.838599999999777,0.8118785000001125,5.838599999999807,0.8118785000001125,5.838599999999777,5.090661713556953,3.019806626980426e-14,0.0,8.978646855452633,0.0,5.090661713556953,0.9829472533849773,0.001757712579501789,2.180114966489341e-240,0.0,0.0,0.0,0.0,0.0,0.6818811327948359,0.012408355451012274,0.003218711271103695,0.00011347501021198196
13.02738,3.3,1.54474,1.0,0.0,1.5585674899540216,3.3,1.0669735762616295,0.6924237317388575,0.01249710691035249,3.3,1.0672213825179842,0.6924237317388537,0.01249710691035246,0.6924237317388537,0.01249710691035246,0.0,0.0,0.0,0.6924237317388537,0.01249710691035246,0.0,0.0,3.3,1.06250819832595,0.690767493699992,0.012483075399822526,0.6924284595775051,0.01249714671102989,1.44505686985806,0.617469920221145,6.794365650917214,3.922202357103076,0.6301282549105411,3.922202357103076,0.6301282549105411,3.922202357103076,3.4197735748462796,0.0,0.0,8.97868500672516,0.0,3.4197735748462796,0.8646653244281371,0.007383084975830063,1.6521226117562914e-131,0.0,0.0,0.0,0.0,0.0,0.6924284595775051,0.01249714671102989,0.001660965877513097,1.4071311207363847e-05,3.3,1.066367358886146,0.6907747701415639,0.012483136876832555,0.6924235905205857,0.012497105721525353,1.4450568698582966,0.6207922288915567,6.79436565091774,3.9222023571049696,0.6301282549102917,3.9222023571049696,0.6301282549102917,5.838599999999777,0.8118785000001125,5.838599999999807,0.8118785000001125,5.838599999999777,5.0906617135568135,3.019806626980426e-14,0.0,8.978646855452347,0.0,5.0906617135568135,0.9829472533849979,0.0017577125795018094,2.232917921659896e-243,0.0,0.0,0.0,0.0,0.0,0.6924235905205857,0.012497105721525353,0.0016488203790217294,1.3968844692802577e-05
13.06072,3.3,1.544741,1.0,0.0,1.56068530782241,3.3,1.086784769728823,0.7012791764925567,0.011663185134234724,3.3,1.086931454362801,0.7013136761275437,0.011674080711070763,0.7013136761275437,0.011674080711070763,0.0,0.0,0.0,0.7013136761275437,0.011674080711070763,0.0,0.0,3.3,1.0824553175845215,0.7003884855472838,0.011406630125192696,0.7012790185599477,0.011663129250128584,1.4450568698580148,0.5911881226216894,6.79436565091699,3.9222023571027154,0.6301282549105885,3.9222023571027154,0.6301282549105885,3.9222023571027154,3.419773574846182,0.0,0.0,8.978685006724852,0.0,3.419773574846182,0.8646653244281179,0.007383084975829978,1.6475727021383653e-134,0.0,0.0,0.0,0.0,0.0,0.7012790185599477,0.011663129250128584,0.0008905330126638368,0.0002564991249358895,3.3,1.0863002455968933,0.7003878853857491,0.011406423935545803,0.7012791768373152,0.011663185256226763,1.445056869858244,0.5940108978373777,6.794365650917538,3.9222023571045472,0.6301282549103473,3.9222023571045472,0.6301282549103473,5.838599999999777,0.8118785000001125,5.838599999999807,0.8118785000001125,5.838599999999777,5.090661713556644,3.019806626980426e-14,0.0,8.978646855452077,0.0,5.090661713556644,0.982947253385023,0.0017577125795018335,2.2440607986383965e-246,0.0,0.0,0.0,0.0,0.0,0.7012791768373152,0.011663185256226763,0.0008912914515660986,0.00025676132068095753
13.094050000000001,3.3,1.544743,1.0,0.0,1.5625082403805497,3.3,1.106218870428863,0.7165266032134697,0.011952815958059193,3.3,1.106421691414811,0.7163251392429594,0.011951219743719139,0.7163251392429594,0.011951219743719139,0.0,0.0,0.0,0.7163251392429594,0.011951219743719139,0.0,0.0,3.3,1.10194433019962,0.7140166251511549,0.01193247339522004,0.7165829033682996,0.01195326202846205,1.445056869857963,0.582392864103662,6.794365650916779,3.9222023571022993,0.6301282549106433,3.9222023571022993,0.6301282549106433,3.9222023571022993,3.419773574846076,0.0,0.0,8.978685006724591,0.0,3.419773574846076,0.8646653244280972,0.0073830849758298855,1.7149408746504487e-137,0.0,0.0,0.0,0.0,0.0,0.7165829033682996,0.01195326202846205,0.002566278217144619,2.0788633242013647e-05,3.3,1.1051842316917064,0.7140183436112723,0.011932503321552625,0.7165842482342725,0.011953272683937302,1.4450568698582005,0.5649199232078482,6.7943656509173325,3.922202357104203,0.6301282549103926,3.922202357104203,0.6301282549103926,5.838599999999777,0.8118785000001125,5.838599999999807,0.8118785000001125,5.838599999999777,5.090661713556514,3.019806626980426e-14,0.0,8.978646855451837,0.0,5.090661713556514,0.982947253385042,0.0017577125795018532,2.2536565068629127e-249,0.0,0.0,0.0,0.0,0.0,0.7165842482342725,0.011953272683937302,0.0025659046230002954,2.076936238467753e-05
13.127379999999999,3.3,1.544743,1.0,0.0,1.564331172938689,3.3,1.1254478805221806,0.7267192862970134,0.011035198082430248,3.3,1.1255820650301969,0.7267192862970107,0.011035198082429802,0.7267192862970107,0.011035198082429802,0.0,0.0,0.0,0.7267192862970107,0.011035198082429802,0.0,0.0,3.3,1.1211253399122039,0.7256276629435564,0.010587805686207256,0.726722535157589,0.011035775948638298,1.445056869857917,0.5768965781283146,6.794365650916535,3.9222023571019324,0.6301282549106915,3.9222023571019324,0.6301282549106915,3.9222023571019324,3.4197735748459603,0.0,0.0,8.978685006724271,0.0,3.4197735748459603,0.8646653244280749,0.007383084975829785,1.7655009191524404e-140,0.0,0.0,0.0,0.0,0.0,0.726722535157589,0.011035775948638298,0.0010948722140326874,0.0004479702624310483,3.3,1.1239160909343502,0.7256439999497151,0.010593601998494859,0.7267193003824951,0.011035200587777518,1.445056869858157,0.5610174368707828,6.794365650917099,3.9222023571038536,0.6301282549104387,3.9222023571038536,0.6301282549104387,5.838599999999777,0.8118785000001125,5.838599999999807,0.8118785000001125,5.838599999999777,5.090661713556352,3.019806626980426e-14,0.0,8.97864685545157,0.0,5.090661713556352,0.9829472533850659,0.001757712579501877,2.198809226835646e-252,0.0,0.0,0.0,0.0,0.0,0.7267193003824951,0.011035200587777518,0.001075300432780011,0.0004415985892826589
13.16072,3.3,1.544744,1.0,0.0,1.5661546524312897,3.3,1.1434600684734413,0.73570115864977,0.011348060500619235,3.3,1.1434936025668976,0.7357209646911398,0.011348207615879674,0.7357209646911398,0.011348207615879674,0.0,0.0,0.0,0.7357209646911398,0.011348207615879674,0.0,0.0,3.3,1.1393387567379354,0.7351977698782507,0.011343318130422176,0.7357010743897804,0.011348059874753109,1.445056869857867,0.5367773823563894,6.794365650916323,3.9222023571015274,0.6301282549107449,3.9222023571015274,0.6301282549107449,3.9222023571015274,3.4197735748458564,0.0,0.0,8.978685006724007,0.0,3.4197735748458564,0.8646653244280545,0.007383084975829695,1.7606455570018685e-143,0.0,0.0,0.0,0.0,0.0,0.7357010743897804,0.011348059874753109,0.0005033045115296831,4.741744330931516e-06,3.3,1.141900915106883,0.7351978265682437,0.011343348523772792,0.7357011455323579,0.011348060403185752,1.4450568698581188,0.5328531198075457,6.79436565091689,3.9222023571035436,0.6301282549104793,3.9222023571035436,0.6301282549104793,5.838599999999777,0.8118785000001125,5.838599999999807,0.8118785000001125,5.838599999999777,5.0906617135562,3.019806626980426e-14,0.0,8.978646855451316,0.0,5.0906617135562,0.9829472533850884,0.0017577125795018988,2.1432340766577567e-255,0.0,0.0,0.0,0.0,0.0,0.7357011455323579,0.011348060403185752,0.0005033189641141256,4.711879412963738e-06
13.19405,3.3,1.544744,1.0,0.0,1.5679775849894293,3.3,1.1607310932587729,0.7465692913288047,0.009874269591020663,3.3,1.1608145755154113,0.7464326909220423,0.010001916220825234,0.7464326909220423,0.010001916220825234,0.0,0.0,0.0,0.7464326909220423,0.010001916220825234,0.0,0.0,3.3,1.1566904226086192,0.7460049351653983,0.01076504771590435,0.7466210698481621,0.009837366763398187,1.445056869857816,0.5192669892508776,6.794365650916119,3.9222023571011193,0.6301282549107986,3.9222023571011193,0.6301282549107986,3.9222023571011193,3.4197735748457516,0.0,0.0,8.978685006723717,0.0,3.4197735748457516,0.8646653244280341,0.0073830849758296044,1.8326372047500964e-146,0.0,0.0,0.0,0.0,0.0,0.7466210698481621,0.009837366763398187,0.0006161346827638267,0.0009276809525061616,3.3,1.1589297100141465,0.7460080635201016,0.010766425525763302,0.7466223067038849,0.009836485249710699,1.4450568698580764,0.509306369055802,6.794365650916662,3.9222023571032043,0.630128254910524,3.9222023571032043,0.630128254910524,5.838599999999777,0.8118785000001125,5.838599999999807,0.8118785000001125,5.838599999999777,5.090661713556065,3.019806626980426e-14,0.0,8.978646855450988,0.0,5.090661713556065,0.9829472533851081,0.0017577125795019185,2.1218546262947354e-258,0.0,0.0,0.0,0.0,0.0,0.7466223067038849,0.009836485249710699,0.0006142431837832241,0.0009299402760526046
13.22738,3.3,1.544745,1.0,0.0,1.5698005175475687,3.3,1.177441993169063,0.7579008731894223,0.01074530158449203,3.3,1.1774745529900625,0.7579008731894216,0.01074530158449202,0.7579008731894216,0.01074530158449202,0.0,0.0,0.0,0.7579008731894216,0.01074530158449202,0.0,0.0,3.3,1.1733874938132403,0.7566578135544809,0.010723570411402606,0.7579022481634468,0.010745311116541091,1.445056869857771,0.49809464630012257,6.794365650915874,3.922202357100759,0.630128254910846,3.922202357100759,0.630128254910846,3.922202357100759,3.419773574845639,0.0,0.0,8.978685006723437,0.0,3.419773574845639,0.864665324428012,0.007383084975829505,1.886667456184249e-149,0.0,0.0,0.0,0.0,0.0,0.7579022481634468,0.010745311116541091,0.001244434608965858,2.1740705138484917e-05,3.3,1.1754168660194528,0.7566776223278142,0.010724052327212312,0.7579008791506419,0.010745301625818363,1.445056869858026,0.48874817438545465,6.794365650916444,3.9222023571027984,0.6301282549105774,3.9222023571027984,0.6301282549105774,5.838599999999777,0.8118785000001125,5.838599999999807,0.8118785000001125,5.838599999999777,5.09066171355589,3.019806626980426e-14,0.0,8.978646855450723,0.0,5.09066171355589,0.9829472533851341,0.001757712579501944,2.070215011068058e-261,0.0,0.0,0.0,0.0,0.0,0.7579008791506419,0.010745301625818363,0.0012232568228277196,2.124929860605621e-05
13.260720000000001,3.3,1.544745,1.0,0.0,1.5712606000721892,3.3,1.1936939840836542,0.7679174179212073,0.010814741584210722,3.3,1.193655805820441,0.767933614395664,0.01081485386676043,0.767933614395664,0.01081485386676043,0.0,0.0,0.0,0.767933614395664,0.01081485386676043,0.0,0.0,3.3,1.189704128177074,0.7673596448099503,0.010810861727668616,0.7679173490172425,0.010814741106531904,1.4450568698577209,0.4872179247194716,6.7943656509156805,3.9222023571003564,0.6301282549108992,3.9222023571003564,0.6301282549108992,3.9222023571003564,3.419773574845536,0.0,0.0,8.978685006723152,0.0,3.419773574845536,0.8646653244279919,0.007383084975829415,1.8814788699566132e-152,0.0,0.0,0.0,0.0,0.0,0.7679173490172425,0.010814741106531904,0.0005577042072922564,3.87937886328481e-06,3.3,1.1916907028880281,0.7673601435560765,0.010810865816506678,0.7679174071943884,0.010814741509846734,1.4450568698579818,0.4886849750812299,6.794365650916234,3.922202357102446,0.6301282549106239,3.922202357102446,0.6301282549106239,5.838599999999777,0.8118785000001125,5.838599999999807,0.8118785000001125,5.838599999999777,5.0906617135557335,3.019806626980426e-14,0.0,8.978646855450446,0.0,5.0906617135557335,0.9829472533851571,0.0017577125795019668,2.017890094137112e-264,0.0,0.0,0.0,0.0,0.0,0.7679174071943884,0.010814741509846734,0.0005572636383118993,3.875693340052815e-06
13.294049999999999,3.3,1.544745,1.0,0.0,1.5726137102508573,3.3,1.2101731433683478,0.7804085558256096,0.010122553895239191,3.3,1.2101846635676854,0.7803631445245117,0.010122261570208816,0.7803631445245117,0.010122261570208816,0.0,0.0,0.0,0.7803631445245117,0.010122261570208816,0.0,0.0,3.3,1.2061983910468157,0.7785589536246813,0.009439858653394936,0.7804212462499888,0.01012263558698998,1.445056869857669,0.49680116312792866,6.794365650915449,3.922202357099944,0.6301282549109534,3.922202357099944,0.6301282549109534,3.922202357099944,3.419773574845427,0.0,0.0,8.97868500672285,0.0,3.419773574845427,0.8646653244279705,0.007383084975829321,1.958411313010456e-155,0.0,0.0,0.0,0.0,0.0,0.7804212462499888,0.01012263558698998,0.001862292625307475,0.0006827769335950405,3.3,1.2079943471338996,0.7785610738428848,0.009438610583054405,0.7804215493916039,0.0101226375383959,1.4450568698579382,0.4904771794937496,6.794365650916014,3.9222023571021016,0.6301282549106693,3.9222023571021016,0.6301282549106693,5.838599999999777,0.8118785000001125,5.838599999999807,0.8118785000001125,5.838599999999777,5.090661713555567,3.019806626980426e-14,0.0,8.978646855450144,0.0,5.090661713555567,0.9829472533851815,0.0017577125795019911,1.9977609903782585e-267,0.0,0.0,0.0,0.0,0.0,0.7804215493916039,0.0101226375383959,0.0018604755487190568,0.0006840269553414926
13.32738,3.3,1.544745,1.0,0.0,1.5739668204295254,3.3,1.2250275544112,0.7859186042844705,0.01015802359208063,3.3,1.2249422948787436,0.7859186042844695,0.01015802359208063,0.7859186042844695,0.01015802359208063,0.0,0.0,0.0,0.7859186042844695,0.01015802359208063,0.0,0.0,3.3,1.2212294229577516,0.7850744565297486,0.010151899015699477,0.7859205140516555,0.010158035885777067,1.445056869857615,0.4391421909956938,6.794365650915232,3.9222023570995086,0.6301282549110108,3.9222023570995086,0.6301282549110108,3.9222023570995086,3.4197735748453217,0.0,0.0,8.978685006722555,0.0,3.4197735748453217,0.8646653244279501,0.007383084975829229,2.016149666995213e-158,0.0,0.0,0.0,0.0,0.0,0.7859205140516555,0.010158035885777067,0.0008460575219069044,6.1368700775865706e-06,3.3,1.2229141582592544,0.7850871817589573,0.010152015801844957,0.7859186125642941,0.010158023645380132,1.445056869857893,0.4324424134258189,6.794365650915793,3.9222023571017375,0.6301282549107173,3.9222023571017375,0.6301282549107173,5.838599999999777,0.8118785000001125,5.838599999999807,0.8118785000001125,5.838599999999777,5.090661713555412,3.019806626980426e-14,0.0,8.978646855449849,0.0,5.090661713555412,0.9829472533852045,0.001757712579502014,1.9491414442636104e-270,0.0,0.0,0.0,0.0,0.0,0.7859186125642941,0.010158023645380132,0.0008314308053367914,6.007843535179517e-06
13.36072,3.3,1.544745,1.0,0.0,1.5753203365818444,3.3,1.238841640445001,0.7941349670417623,0.01021091457812482,3.3,1.2386789477741422,0.794151977408162,0.0102110240785301,0.794151977408162,0.0102110240785301,0.0,0.0,0.0,0.794151977408162,0.0102110240785301,0.0,0.0,3.3,1.235154394422631,0.7936761724258565,0.0102079605023819,0.7941348946752923,0.010210914112281956,1.4450568698575679,0.41320758653959894,6.794365650915035,3.9222023570991293,0.6301282549110606,3.9222023570991293,0.6301282549110606,3.9222023570991293,3.419773574845212,0.0,0.0,8.978685006722289,0.0,3.419773574845212,0.8646653244279286,0.007383084975829134,2.0106049874792074e-161,0.0,0.0,0.0,0.0,0.0,0.7941348946752923,0.010210914112281956,0.0004587222494357153,2.9536099000547644e-06,3.3,1.2368774574737214,0.7936763143028402,0.010207961465227006,0.7941349557759086,0.01021091450560342,1.4450568698578408,0.41709117820538083,6.794365650915577,3.9222023571013187,0.6301282549107724,3.9222023571013187,0.6301282549107724,5.838599999999777,0.8118785000001125,5.838599999999807,0.8118785000001125,5.838599999999777,5.090661713555249,3.019806626980426e-14,0.0,8.978646855449522,0.0,5.090661713555249,0.9829472533852283,0.0017577125795020375,1.8998766753286582e-273,0.0,0.0,0.0,0.0,0.0,0.7941349557759086,0.01021091450560342,0.0004586414730684336,2.9530403764142375e-06
13.39405,3.3,1.544746,1.0,0.0,1.5766734467605126,3.3,1.252262782168764,0.8038122138274613,0.009482854608209709,3.3,1.25214378388002,0.8036792906038306,0.009482064774262297,0.8036792906038306,0.009482064774262297,0.0,0.0,0.0,0.8036792906038306,0.009482064774262297,0.0,0.0,3.3,1.248674772334688,0.8020657469247312,0.009359169132904674,0.8038493599139399,0.009483075331416032,1.4450568698575204,0.4035282399555211,6.79436565091482,3.922202357098754,0.63012825491111,3.922202357098754,0.63012825491111,3.922202357098754,3.4197735748451055,0.0,0.0,8.978685006721982,0.0,3.4197735748451055,0.8646653244279078,0.007383084975829041,2.092811203663071e-164,0.0,0.0,0.0,0.0,0.0,0.8038493599139399,0.009483075331416032,0.0017836129892087754,0.00012390619851135806,3.3,1.2505231349292478,0.8020664434226423,0.009359760745179668,0.8038472247554499,0.00948306264423758,1.4450568698577984,0.40211367589868807,6.794365650915332,3.9222023571009816,0.6301282549108168,3.9222023571009816,0.6301282549108168,5.838599999999777,0.8118785000001125,5.838599999999807,0.8118785000001125,5.838599999999777,5.090661713555066,3.019806626980426e-14,0.0,8.978646855449247,0.0,5.090661713555066,0.9829472533852553,0.0017577125795020644,1.9068177058705305e-276,0.0,0.0,0.0,0.0,0.0,0.8038472247554499,0.00948306264423758,0.0017807813328075113,0.0001233018990579113
13.427380000000001,3.3,1.544746,1.0,0.0,1.5780265569391807,3.3,1.2652104555311097,0.8118203640682038,0.009530439287119472,3.3,1.2650477335532049,0.8118203640682027,0.009530439287119465,0.8118203640682027,0.009530439287119465,0.0,0.0,0.0,0.8118203640682027,0.009530439287119465,0.0,0.0,3.3,1.2615936564099006,0.8109623256618379,0.009525224147622562,0.8118223199476609,0.00953045090901631,1.445056869857471,0.38550755932359854,6.794365650914575,3.9222023570983566,0.6301282549111623,3.9222023570983566,0.6301282549111623,3.9222023570983566,3.419773574844991,0.0,0.0,8.978685006721728,0.0,3.419773574844991,0.8646653244278854,0.00738308497582894,2.154511967591548e-167,0.0,0.0,0.0,0.0,0.0,0.8118223199476609,0.00953045090901631,0.0008599942858229723,5.226761393746364e-06,3.3,1.2633257810496967,0.8109753797550098,0.009525308386776347,0.8118209713607093,0.009530442895670512,1.445056869857754,0.3787586736205256,6.79436565091511,3.9222023571006206,0.6301282549108643,3.9222023571006206,0.6301282549108643,5.838599999999777,0.8118785000001125,5.838599999999807,0.8118785000001125,5.838599999999777,5.090661713554919,3.019806626980426e-14,0.0,8.97864685544896,0.0,5.090661713554919,0.9829472533852771,0.001757712579502086,1.8604114481485323e-279,0.0,0.0,0.0,0.0,0.0,0.8118209713607093,0.009530442895670512,0.0008455916056994551,5.134508894164874e-06
13.46072,3.3,1.544746,1.0,0.0,1.5793308333333334,3.3,1.277848459602807,0.8208293166283344,0.009431443477494885,3.3,1.2776318056243923,0.8208379386576277,0.009428179780917532,0.8208379386576277,0.009428179780917532,0.0,0.0,0.0,0.8208379386576277,0.009428179780917532,0.0,0.0,3.3,1.2742659879859992,0.8202874936530583,0.009450243554660325,0.8208292799480059,0.009431457362098888,1.445056869857422,0.3791991581322822,6.794365650914346,3.9222023570979654,0.6301282549112139,3.9222023570979654,0.6301282549112139,3.9222023570979654,3.4197735748448714,0.0,0.0,8.978685006721404,0.0,3.4197735748448714,0.8646653244278621,0.007383084975828838,2.148586773360954e-170,0.0,0.0,0.0,0.0,0.0,0.8208292799480059,0.009431457362098888,0.0005417862949476188,1.8786192561435743e-05,3.3,1.2760368581100616,0.8202881308508705,0.009450434807940606,0.8208292986748638,0.009431450273421736,1.4450568698577064,0.383175828010637,6.79436565091488,3.9222023571002405,0.6301282549109143,3.9222023571002405,0.6301282549109143,5.838599999999777,0.8118785000001125,5.838599999999807,0.8118785000001125,5.838599999999777,5.0906617135547885,3.019806626980426e-14,0.0,8.978646855448702,0.0,5.0906617135547885,0.9829472533852962,0.0017577125795021048,1.813389339833571e-282,0.0,0.0,0.0,0.0,0.0,0.8208292986748638,0.009431450273421736,0.0005411678239933067,1.8984534518870744e-05
13.49405,3.3,1.544746,1.0,0.0,1.580287527777778,3.3,1.290308653353708,0.8304948876449646,0.008837853305381565,3.3,1.2901487917669405,0.830356149699165,0.008837097627649483,0.830356149699165,0.008837097627649483,0.0,0.0,0.0,0.830356149699165,0.008837097627649483,0.0,0.0,3.3,1.2867974171627812,0.8286352135958517,0.008793612465787968,0.8305336292786318,0.008838064323280798,1.445056869857377,0.3752169283165472,6.794365650914115,3.9222023570976035,0.6301282549112616,3.9222023570976035,0.6301282549112616,3.9222023570976035,3.4197735748447573,0.0,0.0,8.978685006721138,0.0,3.4197735748447573,0.8646653244278398,0.007383084975828738,2.2364358055257503e-173,0.0,0.0,0.0,0.0,0.0,0.8305336292786318,0.008838064323280798,0.0018984156827802092,4.445185749282982e-05,3.3,1.2884622526917586,0.8286359955144715,0.00879389730037114,0.8305279390233121,0.00883803332960268,1.4450568698576616,0.37015830158108565,6.7943656509146475,3.922202357099886,0.6301282549109609,3.922202357099886,0.6301282549109609,5.838599999999777,0.8118785000001125,5.838599999999807,0.8118785000001125,5.838599999999777,5.090661713554621,3.019806626980426e-14,0.0,8.978646855448439,0.0,5.090661713554621,0.9829472533853209,0.0017577125795021293,1.7900134912097244e-285,0.0,0.0,0.0,0.0,0.0,0.8305279390233121,0.00883803332960268,0.001891943508840612,4.413602923154059e-05
13.527379999999999,3.3,1.544746,1.0,0.0,1.5812442222222223,3.3,1.3023062099690388,0.8340090718897055,0.008856994361311675,3.3,1.302034980259617,0.8340090718897045,0.00885699436131167,0.8340090718897045,0.00885699436131167,0.0,0.0,0.0,0.8340090718897045,0.00885699436131167,0.0,0.0,3.3,1.298882376922748,0.8338815309283039,0.008856264554056276,0.8340103147044698,0.008857001130674136,1.445056869857323,0.3500260244905699,6.794365650913896,3.922202357097169,0.6301282549113186,3.922202357097169,0.6301282549113186,3.922202357097169,3.4197735748446263,0.0,0.0,8.978685006720836,0.0,3.4197735748446263,0.8646653244278143,0.007383084975828624,2.3023709445575784e-176,0.0,0.0,0.0,0.0,0.0,0.8340103147044698,0.008857001130674136,0.00012878377616594395,7.365766178611268e-07,3.3,1.3004815901691664,0.8338822049559051,0.008856270334955866,0.8340100434002121,0.008856999652934324,1.445056869857622,0.3443907616964872,6.794365650914421,3.9222023570995703,0.6301282549110024,3.9222023570995703,0.6301282549110024,5.838599999999777,0.8118785000001125,5.838599999999807,0.8118785000001125,5.838599999999777,5.090661713554461,3.019806626980426e-14,0.0,8.978646855448192,0.0,5.090661713554461,0.9829472533853444,0.001757712579502152,1.7464498998148925e-288,0.0,0.0,0.0,0.0,0.0,0.8340100434002121,0.008856999652934324,0.00012783844430699573,7.293179784577829e-07
13.56072,3.3,1.544746,1.0,0.0,1.5822012037037037,3.3,1.3125558228800893,0.8397053437774386,0.008888020810468224,3.3,1.3122092294563,0.8397170715159643,0.008888084689105036,0.8397170715159643,0.008888084689105036,0.0,0.0,0.0,0.8397170715159643,0.008888084689105036,0.0,0.0,3.3,1.3092907319807277,0.8393876545914253,0.008886290386248556,0.8397052938846251,0.008888020538712089,1.445056869857273,0.3067562806529937,6.794365650913675,3.922202357096769,0.6301282549113713,3.922202357096769,0.6301282549113713,3.922202357096769,3.4197735748445157,0.0,0.0,8.978685006720548,0.0,3.4197735748445157,0.8646653244277928,0.007383084975828528,2.2960391184904277e-179,0.0,0.0,0.0,0.0,0.0,0.8397052938846251,0.008888020538712089,0.0003176392931998337,1.7301524635324174e-06,3.3,1.310959692380378,0.8393875674497364,0.008886289914452563,0.839705310746947,0.008888020630557771,1.4450568698575745,0.3117045812870813,6.794365650914195,3.9222023570991857,0.6301282549110532,3.9222023570991857,0.6301282549110532,5.838599999999777,0.8118785000001125,5.838599999999807,0.8118785000001125,5.838599999999777,5.090661713554296,3.019806626980426e-14,0.0,8.978646855447908,0.0,5.090661713554296,0.9829472533853687,0.0017577125795021765,1.7023081824361127e-291,0.0,0.0,0.0,0.0,0.0,0.839705310746947,0.008888020630557771,0.00031774329721062357,1.7307161052071223e-06
13.66738,3.3,1.544746,1.0,0.0,1.5852627407407407,3.3,1.3423687952429395,0.8599096524393601,0.008179971156442627,3.3,1.3420112306538672,0.8599096524393592,0.00817997115644262,0.8599096524393592,0.00817997115644262,0.0,0.0,0.0,0.8599096524393592,0.00817997115644262,0.0,0.0,3.3,1.3392394506758634,0.8590914679609553,0.008175919841013972,0.8599108486232376,0.00817997707944137,1.445056869857116,0.2603388982854177,6.794365650912986,3.9222023570955096,0.630128254911537,3.9222023570955096,0.630128254911537,3.9222023570955096,3.4197735748441525,0.0,0.0,8.97868500671965,0.0,3.4197735748441525,0.8646653244277218,0.0073830849758282115,6.3464823125204916e-189,0.0,0.0,0.0,0.0,0.0,0.8599108486232376,0.00817997707944137,0.0008193806622824192,4.057238427396806e-06,3.3,1.3407596914256963,0.8591038203382673,0.008175981005964263,0.8599110059736305,0.008179977858574241,1.445056869857429,0.2551632209880119,6.794365650913493,3.9222023570980196,0.6301282549112067,3.9222023570980196,0.6301282549112067,5.838599999999777,0.8118785000001125,5.838599999999807,0.8118785000001125,5.838599999999777,5.090661713553798,3.019806626980426e-14,0.0,8.978646855446963,0.0,5.090661713553798,0.982947253385442,0.001757712579502249,4.027028127967505e-301,0.0,0.0,0.0,0.0,0.0,0.8599110059736305,0.008179977858574241,0.0008071856353631967,3.9968526099790195e-06
14.00872,3.3,1.544746,1.0,0.0,1.5923910666158325,3.3,1.4148931380076624,0.9079616678268254,0.0058923389506921825,3.3,1.4144112070534258,0.9079616678268251,0.005892338950692182,0.9079616678268251,0.005892338950692182,0.0,0.0,0.0,0.9079616678268251,0.005892338950692182,0.0,0.0,3.3,1.4122112876486583,0.9076296635396531,0.005891176491645297,0.9079617100771602,0.0058923390971313185,1.445056869856624,0.16780532295701567,6.794365650910755,3.9222023570915687,0.6301282549120559,3.9222023570915687,0.6301282549120559,3.9222023570915687,3.419773574843015,0.0,0.0,8.978685006716695,0.0,3.419773574843015,0.8646653244274997,0.007383084975827221,1.475390037554808e-219,0.0,0.0,0.0,0.0,0.0,0.9079617100771602,0.0058923390971313185,0.000332046537507092,1.1626054860211634e-06,3.3,1.413723066372568,0.9076233979335183,0.005891155265867606,0.9079619027583625,0.0058923397649619695,1.4450568698569677,0.16601681259427079,6.794365650911185,3.922202357094325,0.630128254911693,3.922202357094325,0.630128254911693,5.838599999999777,0.8118785000001125,5.838599999999807,0.8118785000001125,5.838599999999777,5.090661713552155,3.019806626980426e-14,0.0,8.978646855444108,0.0,5.090661713552155,0.982947253385684,0.0017577125795024886,3.703856675384e-312,0.0,0.0,0.0,0.0,0.0,0.9079619027583625,0.0058923397649619695,0.0003385048248442783,1.184499094364122e-06
15.100980000000002,3.3,1.544746,1.0,0.0,1.601222764409977,3.3,1.5101828875947345,0.9741988325543892,0.0005636383191854511,3.3,1.509476072027088,0.9753194102486323,0.0013794989743860116,0.9753194102486323,0.0013794989743860116,0.0,0.0,0.0,0.9753194102486323,0.0013794989743860116,0.0,0.0,3.3,1.5079848777248002,0.9740708989897237,0.0007671094881406133,0.9741987534896202,0.0005635868827652762,1.4450568698551405,0.03665780396936685,6.794365650904021,3.9222023570796862,0.6301282549136205,3.9222023570796862,0.6301282549136205,3.9222023570796862,3.41977357483957,0.0,0.0,8.978685006707785,0.0,3.41977357483957,0.8646653244268271,0.007383084975824226,4.07581302322e-312,0.0,0.0,0.0,0.0,0.0,0.9741987534896202,0.0005635868827652762,0.00012785449989651795,0.00020352260537533713,3.3,1.5096148293588683,0.974068607337178,0.0007638997787714227,0.9741987836171516,0.0005636064825488575,1.4450568698554715,0.044336377477618136,6.79436565090382,3.9222023570823406,0.6301282549132708,3.9222023570823406,0.6301282549132708,5.838599999999777,0.8118785000001125,5.838599999999807,0.8118785000001125,5.838599999999777,5.090661713547001,3.019806626980426e-14,0.0,8.978646855435072,0.0,5.090661713547001,0.9829472533864431,0.0017577125795032408,3.695535846937e-312,0.0,0.0,0.0,0.0,0.0,0.9741987836171516,0.0005636064825488575,0.0001301762799736188,0.00020029329622256524
16.20098,3.3,1.544746,1.0,0.0,1.6031409990063508,3.3,1.5358843659555015,0.9941893176941741,0.0008844356917958556,3.3,1.5350960551327069,0.9940750859329431,0.000884379133403037,0.9940750859329431,0.000884379133403037,0.0,0.0,0.0,0.9940750859329431,0.000884379133403037,0.0,0.0,3.3,1.5338570807789276,0.9942529959055738,0.0008844672201363664,0.9941893226383984,0.0008844356942438381,1.4450568698540875,0.004510797255788517,6.794365650899127,3.9222023570712548,0.6301282549147302,3.9222023570712548,0.6301282549147302,3.9222023570712548,3.419773574837116,0.0,0.0,8.978685006701555,0.0,3.419773574837116,0.8646653244263479,0.007383084975822089,4.075813023205e-312,0.0,0.0,0.0,0.0,0.0,0.9941893226383984,0.0008844356942438381,6.367326717537218e-05,3.152589252816798e-08,3.3,1.5354996968368124,0.9942526408395972,0.0008844670443362144,0.994189320754408,0.0008844356933110376,1.4450568698538855,0.012405205560771132,6.794365650896252,3.922202357069638,0.6301282549149433,3.922202357069638,0.6301282549149433,5.838599999999777,0.8118785000001125,5.838599999999807,0.8118785000001125,5.838599999999777,5.090661713541895,3.019806626980426e-14,0.0,8.978646855425417,0.0,5.090661713541895,0.9829472533871952,0.0017577125795039848,3.695535846937e-312,0.0,0.0,0.0,0.0,0.0,0.994189320754408,0.0008844356933110376,6.332008518911654e-05,3.1351025176788176e-08
17.30098,3.3,1.544746,1.0,0.0,1.603539365999592,3.3,1.5357234017409935,0.993836573934458,0.0008842610414191893,3.3,1.534929884382291,0.993836573934458,0.0008842610414191893,0.993836573934458,0.0008842610414191893,0.0,0.0,0.0,0.993836573934458,0.0008842610414191893,0.0,0.0,3.3,1.5337103163436945,0.9938365739344535,0.0008842610414241855,0.993836573934458,0.0008842610414191893,1.4450568698530515,0.0021034761399982786,6.7943656508945285,3.9222023570629503,0.6301282549158237,3.9222023570629503,0.6301282549158237,3.9222023570629503,3.419773574834701,0.0,0.0,8.97868500669525,0.0,3.419773574834701,0.8646653244258764,0.007383084975819988,4.090605523546e-312,0.0,0.0,0.0,0.0,0.0,0.993836573934458,0.0008842610414191893,4.602084260490011e-15,4.996191265982192e-15,3.3,1.5353542836068503,0.9938365739344527,0.000884261041424184,0.993836573934458,0.0008842610414191893,1.4450568698523434,0.0057735659963477825,6.794365650888723,3.92220235705728,0.6301282549165702,3.92220235705728,0.6301282549165702,5.838599999999777,0.8118785000001125,5.838599999999807,0.8118785000001125,5.838599999999777,5.090661713536616,3.019806626980426e-14,0.0,8.978646855415805,0.0,5.090661713536616,0.9829472533879725,0.0017577125795047548,3.693488308117e-312,0.0,0.0,0.0,0.0,0.0,0.993836573934458,0.0008842610414191893,5.356025510815989e-15,4.994702568206222e-15
18.40098,3.3,1.544746,1.0,0.0,1.6036365364727272,3.3,1.5357233675121191,0.993836573934458,0.0008842610414191893,3.3,1.5349298509162346,0.993836573934458,0.0008842610414191893,0.993836573934458,0.0008842610414191893,0.0,0.0,0.0,0.993836573934458,0.0008842610414191893,0.0,0.0,3.3,1.5337102800021534,0.9938365739344535,0.0008842610414241855,0.993836573934458,0.0008842610414191893,1.4450568698520365,0.002103108193917817,6.794365650889749,3.922202357054819,0.6301282549168941,3.922202357054819,0.6301282549168941,3.922202357054819,3.419773574832294,0.0,0.0,8.978685006688819,0.0,3.419773574832294,0.8646653244254064,0.0073830849758178925,4.090605523536e-312,0.0,0.0,0.0,0.0,0.0,0.993836573934458,0.0008842610414191893,4.6020842604511764e-15,4.9961912659822425e-15,3.3,1.5353542469456052,0.9938365739344527,0.000884261041424184,0.993836573934458,0.0008842610414191893,1.4450568698508084,0.005773936562712717,6.794365650881023,3.922202357044985,0.6301282549181889,3.922202357044985,0.6301282549181889,5.838599999999777,0.8118785000001125,5.838599999999807,0.8118785000001125,5.838599999999777,5.090661713531338,3.019806626980426e-14,0.0,8.9786468554063,0.0,5.090661713531338,0.98294725338875,0.0017577125795055248,3.693488308117e-312,0.0,0.0,0.0,0.0,0.0,0.993836573934458,0.0008842610414191893,5.3560255108333176e-15,4.994702568206222e-15
19.500980000000002,3.3,1.544746,1.0,0.0,1.6036567027636364,3.3,1.5357233675107638,0.993836573934458,0.0008842610414191893,3.3,1.5349298509148988,0.993836573934458,0.0008842610414191893,0.993836573934458,0.0008842610414191893,0.0,0.0,0.0,0.993836573934458,0.0008842610414191893,0.0,0.0,3.3,1.533710280000689,0.9938365739344535,0.0008842610414241855,0.993836573934458,0.0008842610414191893,1.4450568698510244,0.00210310817896005,6.794365650885122,3.922202357046712,0.6301282549179614,3.922202357046712,0.6301282549179614,3.922202357046712,3.419773574829812,0.0,0.0,8.978685006682284,0.0,3.419773574829812,0.8646653244249219,0.0073830849758157345,4.090605523526e-312,0.0,0.0,0.0,0.0,0.0,0.993836573934458,0.0008842610414191893,4.602084260409685e-15,4.996191265982297e-15,3.3,1.5353542469440913,0.9938365739344527,0.000884261041424184,0.993836573934458,0.0008842610414191893,1.4450568698492694,0.005773936577726527,6.794365650873475,3.9222023570326585,0.6301282549198116,3.9222023570326585,0.6301282549198116,5.838599999999777,0.8118785000001125,5.838599999999807,0.8118785000001125,5.838599999999777,5.090661713526103,3.019806626980426e-14,0.0,8.978646855396596,0.0,5.090661713526103,0.9829472533895214,0.0017577125795062887,3.69348830811e-312,0.0,0.0,0.0,0.0,0.0,0.993836573934458,0.0008842610414191893,5.356025510851595e-15,4.994702568206222e-15
20.60098,3.3,1.544746,1.0,0.0,1.6036602342545454,3.3,1.5357233675107589,0.993836573934458,0.0008842610414191893,3.3,1.5349298509148899,0.993836573934458,0.0008842610414191893,0.993836573934458,0.0008842610414191893,0.0,0.0,0.0,0.993836573934458,0.0008842610414191893,0.0,0.0,3.3,1.5337102800006897,0.9938365739344535,0.0008842610414241855,0.993836573934458,0.0008842610414191893,1.4450568698499935,0.0021031081789236582,6.794365650880444,3.922202357038457,0.6301282549190481,3.922202357038457,0.6301282549190481,3.922202357038457,3.419773574827456,0.0,0.0,8.978685006675867,0.0,3.419773574827456,0.8646653244244619,0.007383084975813684,4.09060552352e-312,0.0,0.0,0.0,0.0,0.0,0.993836573934458,0.0008842610414191893,4.602084260367848e-15,4.996191265982351e-15,3.3,1.5353542469440864,0.9938365739344527,0.000884261041424184,0.993836573934458,0.0008842610414191893,1.4450568698477344,0.005773936577308167,6.794365650866072,3.922202357020358,0.6301282549214311,3.922202357020358,0.6301282549214311,5.838599999999777,0.8118785000001125,5.838599999999807,0.8118785000001125,5.838599999999777,5.090661713520758,3.019806626980426e-14,0.0,8.978646855387014,0.0,5.090661713520758,0.9829472533903086,0.0017577125795070678,3.69348830811e-312,0.0,0.0,0.0,0.0,0.0,0.993836573934458,0.0008842610414191893,5.356025510870025e-15,4.994702568206222e-15
21.70098,3.3,1.544746,1.0,0.0,1.603661,3.3,1.5357233675107542,0.993836573934458,0.0008842610414191893,3.3,1.5349298509148839,0.993836573934458,0.0008842610414191893,0.993836573934458,0.0008842610414191893,0.0,0.0,0.0,0.993836573934458,0.0008842610414191893,0.0,0.0,3.3,1.5337102800006903,0.9938365739344535,0.0008842610414241855,0.993836573934458,0.0008842610414191893,1.4450568698489454,0.0021031081788878657,6.794365650875579,3.922202357030062,0.6301282549201535,3.922202357030062,0.6301282549201535,3.922202357030062,3.419773574825058,0.0,0.0,8.978685006669558,0.0,3.419773574825058,0.8646653244239938,0.007383084975811599,4.09060552351e-312,0.0,0.0,0.0,0.0,0.0,0.993836573934458,0.0008842610414191893,4.602084260326701e-15,4.996191265982405e-15,3.3,1.5353542469440817,0.9938365739344527,0.000884261041424184,0.993836573934458,0.0008842610414191893,1.4450568698461654,0.005773936576893259,6.794365650858518,3.922202357007797,0.6301282549230849,3.922202357007797,0.6301282549230849,5.838599999999777,0.8118785000001125,5.838599999999807,0.8118785000001125,5.838599999999777,5.090661713515342,3.019806626980426e-14,0.0,8.978646855377374,0.0,5.090661713515342,0.9829472533911063,0.0017577125795078577,3.69348830811e-312,0.0,0.0,0.0,0.0,0.0,0.993836573934458,0.0008842610414191893,5.356025510888302e-15,4.994702568206222e-15
22.0,3.3,1.544746,1.0,0.0,1.603661,3.3,1.53579717331399,0.993836573934458,0.0008842610414191893,3.3,1.535084258545895,0.993836573934458,0.0008842610414191893,0.993836573934458,0.0008842610414191893,0.0,0.0,0.0,0.993836573934458,0.0008842610414191893,0.0,0.0,3.3,1.533729635978573,0.9938365739344531,0.0008842610414241857,0.993836573934458,0.0008842610414191893,1.445056869848674,0.0005729464226931213,6.794365650874296,3.922202357027889,0.6301282549204397,3.922202357027889,0.6301282549204397,3.922202357027889,3.419773574824397,0.0,0.0,8.978685006667838,0.0,3.419773574824397,0.8646653244238647,0.007383084975811023,3.85230614643e-312,0.0,0.0,0.0,0.0,0.0,0.993836573934458,0.0008842610414191893,4.884981308350689e-15,4.996437291682199e-15,3.3,1.535422541607589,0.9938365739344528,0.0008842610414241843,0.993836573934458,0.0008842610414191893,1.445056869845746,0.01215066168253998,6.79436565085647,3.922202357004434,0.6301282549235276,3.922202357004434,0.6301282549235276,5.838599999999777,0.8118785000001125,5.838599999999807,0.8118785000001125,5.838599999999777,5.090661713513853,3.019806626980426e-14,0.0,8.978646855374757,0.0,5.090661713513853,0.9829472533913253,0.001757712579508075,4.08409618749e-312,0.0,0.0,0.0,0.0,0.0,0.993836573934458,0.0008842610414191893,5.218048215738236e-15,4.995027828857967e-15
